ClkCycle:          5, pc_rdata: 00000000, pc_wdata: 00000004, insn: 7d5c0837, mode: 3, rs1_addr: 24, rs1_rdata: 00000000, rs2_addr: 21, rs2_rdata: 00000000, rd_addr: 16, rd_wdata: 7d5c0000, mem_addr: 7d5c0000, mem_rdata: 00000000, mem_wdata: 00000000
ClkCycle:          6, pc_rdata: 00000004, pc_wdata: 00000008, insn: ddb80813, mode: 3, rs1_addr: 16, rs1_rdata: 00000000, rs2_addr: 27, rs2_rdata: 00000000, rd_addr: 16, rd_wdata: 7d5bfddb, mem_addr: 7d5bfddb, mem_rdata: 00000000, mem_wdata: 00000000
ClkCycle:          7, pc_rdata: 00000008, pc_wdata: 0000000c, insn: 00b81813, mode: 3, rs1_addr: 16, rs1_rdata: 00000000, rs2_addr: 11, rs2_rdata: 00000000, rd_addr: 16, rd_wdata: dfeed800, mem_addr: dfeed800, mem_rdata: 00000000, mem_wdata: 00000000
ClkCycle:          8, pc_rdata: 0000000c, pc_wdata: 00000010, insn: 3ea80813, mode: 3, rs1_addr: 16, rs1_rdata: 7d5c0000, rs2_addr: 10, rs2_rdata: 00000000, rd_addr: 16, rd_wdata: dfeedbea, mem_addr: dfeedbea, mem_rdata: 00000000, mem_wdata: 00000000
ClkCycle:          9, pc_rdata: 00000010, pc_wdata: 00000014, insn: 00b81813, mode: 3, rs1_addr: 16, rs1_rdata: 7d5bfddb, rs2_addr: 11, rs2_rdata: 00000000, rd_addr: 16, rd_wdata: 76df5000, mem_addr: 76df5000, mem_rdata: 00000000, mem_wdata: 00000000
ClkCycle:         10, pc_rdata: 00000014, pc_wdata: 00000018, insn: 6ff80813, mode: 3, rs1_addr: 16, rs1_rdata: dfeed800, rs2_addr: 31, rs2_rdata: 00000000, rd_addr: 16, rd_wdata: 76df56ff, mem_addr: 76df56ff, mem_rdata: 00000000, mem_wdata: 00000000
ClkCycle:         11, pc_rdata: 00000018, pc_wdata: 0000001c, insn: 00a81813, mode: 3, rs1_addr: 16, rs1_rdata: dfeedbea, rs2_addr: 10, rs2_rdata: 00000000, rd_addr: 16, rd_wdata: 7d5bfc00, mem_addr: 7d5bfc00, mem_rdata: 00000000, mem_wdata: 00000000
ClkCycle:         12, pc_rdata: 0000001c, pc_wdata: 00000020, insn: 1db80813, mode: 3, rs1_addr: 16, rs1_rdata: 76df5000, rs2_addr: 27, rs2_rdata: 00000000, rd_addr: 16, rd_wdata: 7d5bfddb, mem_addr: 7d5bfddb, mem_rdata: 00000000, mem_wdata: 00000000
ClkCycle:         13, pc_rdata: 00000020, pc_wdata: 00000024, insn: 00785893, mode: 3, rs1_addr: 16, rs1_rdata: 76df56ff, rs2_addr:  7, rs2_rdata: 00000000, rd_addr: 17, rd_wdata: b6fab7fb, mem_addr: b6fab7fb, mem_rdata: 00000000, mem_wdata: 00000000
ClkCycle:         14, pc_rdata: 00000024, pc_wdata: 00000028, insn: 03985793, mode: 3, rs1_addr: 16, rs1_rdata: 7d5bfc00, rs2_addr: 25, rs2_rdata: 00000000, rd_addr: 15, rd_wdata: adfeedbe, mem_addr: adfeedbe, mem_rdata: 00000000, mem_wdata: 00000000
ClkCycle:         15, pc_rdata: 00000028, pc_wdata: 0000002c, insn: 00f8e8b3, mode: 3, rs1_addr: 17, rs1_rdata: 00000000, rs2_addr: 15, rs2_rdata: 00000000, rd_addr: 17, rd_wdata: bffeffff, mem_addr: bffeffff, mem_rdata: 00000000, mem_wdata: adfeedbe
ClkCycle:         16, pc_rdata: 0000002c, pc_wdata: 00000030, insn: 0078d913, mode: 3, rs1_addr: 17, rs1_rdata: b6fab7fb, rs2_addr:  7, rs2_rdata: 00000000, rd_addr: 18, rd_wdata: ff7ffdff, mem_addr: ff7ffdff, mem_rdata: 00000000, mem_wdata: 00000000
ClkCycle:         17, pc_rdata: 00000030, pc_wdata: 00000034, insn: 0398d793, mode: 3, rs1_addr: 17, rs1_rdata: b6fab7fb, rs2_addr: 25, rs2_rdata: 00000000, rd_addr: 15, rd_wdata: 7d5bffdf, mem_addr: 7d5bffdf, mem_rdata: 00000000, mem_wdata: 00000000
ClkCycle:         18, pc_rdata: 00000034, pc_wdata: 00000038, insn: 00f96933, mode: 3, rs1_addr: 18, rs1_rdata: 00000000, rs2_addr: 15, rs2_rdata: adfeedbe, rd_addr: 18, rd_wdata: ff7fffff, mem_addr: ff7fffff, mem_rdata: 00000000, mem_wdata: 7d5bffdf
ClkCycle:         19, pc_rdata: 00000038, pc_wdata: 0000003c, insn: 00795993, mode: 3, rs1_addr: 18, rs1_rdata: ff7ffdff, rs2_addr:  7, rs2_rdata: 00000000, rd_addr: 19, rd_wdata: dffeffff, mem_addr: dffeffff, mem_rdata: 00000000, mem_wdata: 00000000
ClkCycle:         20, pc_rdata: 0000003c, pc_wdata: 00000040, insn: 03995793, mode: 3, rs1_addr: 18, rs1_rdata: ff7ffdff, rs2_addr: 25, rs2_rdata: 00000000, rd_addr: 15, rd_wdata: 00fab7ff, mem_addr: 00fab7ff, mem_rdata: 00000000, mem_wdata: 00000000
ClkCycle:         21, pc_rdata: 00000040, pc_wdata: 00000044, insn: 00f9e9b3, mode: 3, rs1_addr: 19, rs1_rdata: 00000000, rs2_addr: 15, rs2_rdata: 7d5bffdf, rd_addr: 19, rd_wdata: dffeffff, mem_addr: dffeffff, mem_rdata: 00000000, mem_wdata: 00fab7ff
ClkCycle:         22, pc_rdata: 00000044, pc_wdata: 00000048, insn: 0079da13, mode: 3, rs1_addr: 19, rs1_rdata: dffeffff, rs2_addr:  7, rs2_rdata: 00000000, rd_addr: 20, rd_wdata: d5bffdff, mem_addr: d5bffdff, mem_rdata: 00000000, mem_wdata: 00000000
ClkCycle:         23, pc_rdata: 00000048, pc_wdata: 0000004c, insn: 0399d793, mode: 3, rs1_addr: 19, rs1_rdata: dffeffff, rs2_addr: 25, rs2_rdata: 00000000, rd_addr: 15, rd_wdata: 0001f56f, mem_addr: 0001f56f, mem_rdata: 00000000, mem_wdata: 00000000
ClkCycle:         24, pc_rdata: 0000004c, pc_wdata: 00000050, insn: 00fa6a33, mode: 3, rs1_addr: 20, rs1_rdata: 00000000, rs2_addr: 15, rs2_rdata: 00fab7ff, rd_addr: 20, rd_wdata: d5bffdff, mem_addr: d5bffdff, mem_rdata: 00000000, mem_wdata: 0001f56f
ClkCycle:         25, pc_rdata: 00000050, pc_wdata: 00000054, insn: 007a5a93, mode: 3, rs1_addr: 20, rs1_rdata: d5bffdff, rs2_addr:  7, rs2_rdata: 00000000, rd_addr: 21, rd_wdata: 0fab7ffb, mem_addr: 0fab7ffb, mem_rdata: 00000000, mem_wdata: 00000000
ClkCycle:         26, pc_rdata: 00000054, pc_wdata: 00000058, insn: 039a5793, mode: 3, rs1_addr: 20, rs1_rdata: d5bffdff, rs2_addr: 25, rs2_rdata: 00000000, rd_addr: 15, rd_wdata: 000003ea, mem_addr: 000003ea, mem_rdata: 00000000, mem_wdata: 00000000
ClkCycle:         27, pc_rdata: 00000058, pc_wdata: 0000005c, insn: 00faeab3, mode: 3, rs1_addr: 21, rs1_rdata: 00000000, rs2_addr: 15, rs2_rdata: 0001f56f, rd_addr: 21, rd_wdata: 0fab7ffb, mem_addr: 0fab7ffb, mem_rdata: 00000000, mem_wdata: 000003ea
ClkCycle:         28, pc_rdata: 0000005c, pc_wdata: 00000060, insn: 007adb13, mode: 3, rs1_addr: 21, rs1_rdata: 0fab7ffb, rs2_addr:  7, rs2_rdata: 00000000, rd_addr: 22, rd_wdata: 001f56ff, mem_addr: 001f56ff, mem_rdata: 00000000, mem_wdata: 00000000
ClkCycle:         29, pc_rdata: 00000060, pc_wdata: 00000064, insn: 039ad793, mode: 3, rs1_addr: 21, rs1_rdata: 0fab7ffb, rs2_addr: 25, rs2_rdata: 00000000, rd_addr: 15, rd_wdata: 00000007, mem_addr: 00000007, mem_rdata: 00000000, mem_wdata: 00000000
ClkCycle:         30, pc_rdata: 00000064, pc_wdata: 00000068, insn: 00fb6b33, mode: 3, rs1_addr: 22, rs1_rdata: 00000000, rs2_addr: 15, rs2_rdata: 000003ea, rd_addr: 22, rd_wdata: 001f56ff, mem_addr: 001f56ff, mem_rdata: 00000000, mem_wdata: 00000007
ClkCycle:         31, pc_rdata: 00000068, pc_wdata: 0000006c, insn: 007b5b93, mode: 3, rs1_addr: 22, rs1_rdata: 001f56ff, rs2_addr:  7, rs2_rdata: 00000000, rd_addr: 23, rd_wdata: 00003ead, mem_addr: 00003ead, mem_rdata: 00000000, mem_wdata: 00000000
ClkCycle:         32, pc_rdata: 0000006c, pc_wdata: 00000070, insn: 039b5793, mode: 3, rs1_addr: 22, rs1_rdata: 001f56ff, rs2_addr: 25, rs2_rdata: 00000000, rd_addr: 15, rd_wdata: 00000000, mem_addr: 00000000, mem_rdata: 00000000, mem_wdata: 00000000
ClkCycle:         33, pc_rdata: 00000070, pc_wdata: 00000074, insn: 00fbebb3, mode: 3, rs1_addr: 23, rs1_rdata: 00000000, rs2_addr: 15, rs2_rdata: 00000007, rd_addr: 23, rd_wdata: 00003ead, mem_addr: 00003ead, mem_rdata: 00000000, mem_wdata: 00000000
ClkCycle:         34, pc_rdata: 00000074, pc_wdata: 00000078, insn: 007bdc13, mode: 3, rs1_addr: 23, rs1_rdata: 00003ead, rs2_addr:  7, rs2_rdata: 00000000, rd_addr: 24, rd_wdata: 0000007d, mem_addr: 0000007d, mem_rdata: 00000000, mem_wdata: 00000000
ClkCycle:         35, pc_rdata: 00000078, pc_wdata: 0000007c, insn: 039bd793, mode: 3, rs1_addr: 23, rs1_rdata: 00003ead, rs2_addr: 25, rs2_rdata: 00000000, rd_addr: 15, rd_wdata: 00000000, mem_addr: 00000000, mem_rdata: 00000000, mem_wdata: 00000000
ClkCycle:         36, pc_rdata: 0000007c, pc_wdata: 00000080, insn: 00fc6c33, mode: 3, rs1_addr: 24, rs1_rdata: 00000000, rs2_addr: 15, rs2_rdata: 00000000, rd_addr: 24, rd_wdata: 0000007d, mem_addr: 0000007d, mem_rdata: 00000000, mem_wdata: 00000000
ClkCycle:         37, pc_rdata: 00000080, pc_wdata: 00000084, insn: 007c5c93, mode: 3, rs1_addr: 24, rs1_rdata: 0000007d, rs2_addr:  7, rs2_rdata: 00000000, rd_addr: 25, rd_wdata: 00000000, mem_addr: 00000000, mem_rdata: 00000000, mem_wdata: 00000000
ClkCycle:         38, pc_rdata: 00000084, pc_wdata: 00000088, insn: 039c5793, mode: 3, rs1_addr: 24, rs1_rdata: 0000007d, rs2_addr: 25, rs2_rdata: 00000000, rd_addr: 15, rd_wdata: 00000000, mem_addr: 00000000, mem_rdata: 00000000, mem_wdata: 00000000
ClkCycle:         39, pc_rdata: 00000088, pc_wdata: 0000008c, insn: 00fcecb3, mode: 3, rs1_addr: 25, rs1_rdata: 00000000, rs2_addr: 15, rs2_rdata: 00000000, rd_addr: 25, rd_wdata: 00000000, mem_addr: 00000000, mem_rdata: 00000000, mem_wdata: 00000000
ClkCycle:         40, pc_rdata: 0000008c, pc_wdata: 00000090, insn: 007cdd13, mode: 3, rs1_addr: 25, rs1_rdata: 00000000, rs2_addr:  7, rs2_rdata: 00000000, rd_addr: 26, rd_wdata: 00000000, mem_addr: 00000000, mem_rdata: 00000000, mem_wdata: 00000000
ClkCycle:         41, pc_rdata: 00000090, pc_wdata: 00000094, insn: 039cd793, mode: 3, rs1_addr: 25, rs1_rdata: 00000000, rs2_addr: 25, rs2_rdata: 00000000, rd_addr: 15, rd_wdata: 00000000, mem_addr: 00000000, mem_rdata: 00000000, mem_wdata: 00000000
ClkCycle:         42, pc_rdata: 00000094, pc_wdata: 00000098, insn: 00fd6d33, mode: 3, rs1_addr: 26, rs1_rdata: 00000000, rs2_addr: 15, rs2_rdata: 00000000, rd_addr: 26, rd_wdata: 00000000, mem_addr: 00000000, mem_rdata: 00000000, mem_wdata: 00000000
ClkCycle:         43, pc_rdata: 00000098, pc_wdata: 0000009c, insn: 007d5d93, mode: 3, rs1_addr: 26, rs1_rdata: 00000000, rs2_addr:  7, rs2_rdata: 00000000, rd_addr: 27, rd_wdata: 00000000, mem_addr: 00000000, mem_rdata: 00000000, mem_wdata: 00000000
ClkCycle:         44, pc_rdata: 0000009c, pc_wdata: 000000a0, insn: 039d5793, mode: 3, rs1_addr: 26, rs1_rdata: 00000000, rs2_addr: 25, rs2_rdata: 00000000, rd_addr: 15, rd_wdata: 00000000, mem_addr: 00000000, mem_rdata: 00000000, mem_wdata: 00000000
ClkCycle:         45, pc_rdata: 000000a0, pc_wdata: 000000a4, insn: 00fdedb3, mode: 3, rs1_addr: 27, rs1_rdata: 00000000, rs2_addr: 15, rs2_rdata: 00000000, rd_addr: 27, rd_wdata: 00000000, mem_addr: 00000000, mem_rdata: 00000000, mem_wdata: 00000000
ClkCycle:         46, pc_rdata: 000000a4, pc_wdata: 000000a8, insn: 007dde13, mode: 3, rs1_addr: 27, rs1_rdata: 00000000, rs2_addr:  7, rs2_rdata: 00000000, rd_addr: 28, rd_wdata: 00000000, mem_addr: 00000000, mem_rdata: 00000000, mem_wdata: 00000000
ClkCycle:         47, pc_rdata: 000000a8, pc_wdata: 000000ac, insn: 039dd793, mode: 3, rs1_addr: 27, rs1_rdata: 00000000, rs2_addr: 25, rs2_rdata: 00000000, rd_addr: 15, rd_wdata: 00000000, mem_addr: 00000000, mem_rdata: 00000000, mem_wdata: 00000000
ClkCycle:         48, pc_rdata: 000000ac, pc_wdata: 000000b0, insn: 00fe6e33, mode: 3, rs1_addr: 28, rs1_rdata: 00000000, rs2_addr: 15, rs2_rdata: 00000000, rd_addr: 28, rd_wdata: 00000000, mem_addr: 00000000, mem_rdata: 00000000, mem_wdata: 00000000
ClkCycle:         49, pc_rdata: 000000b0, pc_wdata: 000000b4, insn: 007e5e93, mode: 3, rs1_addr: 28, rs1_rdata: 00000000, rs2_addr:  7, rs2_rdata: 00000000, rd_addr: 29, rd_wdata: 00000000, mem_addr: 00000000, mem_rdata: 00000000, mem_wdata: 00000000
ClkCycle:         50, pc_rdata: 000000b4, pc_wdata: 000000b8, insn: 039e5793, mode: 3, rs1_addr: 28, rs1_rdata: 00000000, rs2_addr: 25, rs2_rdata: 00000000, rd_addr: 15, rd_wdata: 00000000, mem_addr: 00000000, mem_rdata: 00000000, mem_wdata: 00000000
ClkCycle:         51, pc_rdata: 000000b8, pc_wdata: 000000bc, insn: 00feeeb3, mode: 3, rs1_addr: 29, rs1_rdata: 00000000, rs2_addr: 15, rs2_rdata: 00000000, rd_addr: 29, rd_wdata: 00000000, mem_addr: 00000000, mem_rdata: 00000000, mem_wdata: 00000000
ClkCycle:         52, pc_rdata: 000000bc, pc_wdata: 000000c0, insn: 007edf13, mode: 3, rs1_addr: 29, rs1_rdata: 00000000, rs2_addr:  7, rs2_rdata: 00000000, rd_addr: 30, rd_wdata: 00000000, mem_addr: 00000000, mem_rdata: 00000000, mem_wdata: 00000000
ClkCycle:         53, pc_rdata: 000000c0, pc_wdata: 000000c4, insn: 039ed793, mode: 3, rs1_addr: 29, rs1_rdata: 00000000, rs2_addr: 25, rs2_rdata: 00000000, rd_addr: 15, rd_wdata: 00000000, mem_addr: 00000000, mem_rdata: 00000000, mem_wdata: 00000000
ClkCycle:         54, pc_rdata: 000000c4, pc_wdata: 000000c8, insn: 00ff6f33, mode: 3, rs1_addr: 30, rs1_rdata: 00000000, rs2_addr: 15, rs2_rdata: 00000000, rd_addr: 30, rd_wdata: 00000000, mem_addr: 00000000, mem_rdata: 00000000, mem_wdata: 00000000
ClkCycle:         55, pc_rdata: 000000c8, pc_wdata: 000000cc, insn: feedc0b7, mode: 3, rs1_addr: 27, rs1_rdata: 00000000, rs2_addr: 14, rs2_rdata: 00000000, rd_addr:  1, rd_wdata: feedc000, mem_addr: feedc000, mem_rdata: 00000000, mem_wdata: 00000000
ClkCycle:         56, pc_rdata: 000000cc, pc_wdata: 000000d0, insn: ead08093, mode: 3, rs1_addr:  1, rs1_rdata: 00000000, rs2_addr: 13, rs2_rdata: 00000000, rd_addr:  1, rd_wdata: feedbead, mem_addr: feedbead, mem_rdata: 00000000, mem_wdata: 00000000
ClkCycle:         57, pc_rdata: 000000d0, pc_wdata: 000000d4, insn: 00b09093, mode: 3, rs1_addr:  1, rs1_rdata: 00000000, rs2_addr: 11, rs2_rdata: 00000000, rd_addr:  1, rd_wdata: 6df56800, mem_addr: 6df56800, mem_rdata: 00000000, mem_wdata: 00000000
ClkCycle:         58, pc_rdata: 000000d4, pc_wdata: 000000d8, insn: 7f708093, mode: 3, rs1_addr:  1, rs1_rdata: feedc000, rs2_addr: 23, rs2_rdata: 00003ead, rd_addr:  1, rd_wdata: 6df56ff7, mem_addr: 6df56ff7, mem_rdata: 00000000, mem_wdata: 00003ead
ClkCycle:         59, pc_rdata: 000000d8, pc_wdata: 000000dc, insn: 00b09093, mode: 3, rs1_addr:  1, rs1_rdata: feedbead, rs2_addr: 11, rs2_rdata: 00000000, rd_addr:  1, rd_wdata: ab7fb800, mem_addr: ab7fb800, mem_rdata: 00000000, mem_wdata: 00000000
ClkCycle:         60, pc_rdata: 000000dc, pc_wdata: 000000e0, insn: 36f08093, mode: 3, rs1_addr:  1, rs1_rdata: 6df56800, rs2_addr: 15, rs2_rdata: 00000000, rd_addr:  1, rd_wdata: ab7fbb6f, mem_addr: ab7fbb6f, mem_rdata: 00000000, mem_wdata: 00000000
ClkCycle:         61, pc_rdata: 000000e0, pc_wdata: 000000e4, insn: 00a09093, mode: 3, rs1_addr:  1, rs1_rdata: 6df56ff7, rs2_addr: 10, rs2_rdata: 00000000, rd_addr:  1, rd_wdata: feedbc00, mem_addr: feedbc00, mem_rdata: 00000000, mem_wdata: 00000000
ClkCycle:         62, pc_rdata: 000000e4, pc_wdata: 000000e8, insn: 2ad08093, mode: 3, rs1_addr:  1, rs1_rdata: ab7fb800, rs2_addr: 13, rs2_rdata: 00000000, rd_addr:  1, rd_wdata: feedbead, mem_addr: feedbead, mem_rdata: 00000000, mem_wdata: 00000000
ClkCycle:         63, pc_rdata: 000000e8, pc_wdata: 000000ec, insn: 0070d113, mode: 3, rs1_addr:  1, rs1_rdata: ab7fbb6f, rs2_addr:  7, rs2_rdata: 00000000, rd_addr:  2, rd_wdata: 5bfddb7d, mem_addr: 5bfddb7d, mem_rdata: 00000000, mem_wdata: 00000000
ClkCycle:         64, pc_rdata: 000000ec, pc_wdata: 000000f0, insn: 0390d793, mode: 3, rs1_addr:  1, rs1_rdata: feedbc00, rs2_addr: 25, rs2_rdata: 00000000, rd_addr: 15, rd_wdata: 76df56ff, mem_addr: 76df56ff, mem_rdata: 00000000, mem_wdata: 00000000
ClkCycle:         65, pc_rdata: 000000f0, pc_wdata: 000000f4, insn: 00f16133, mode: 3, rs1_addr:  2, rs1_rdata: 00000000, rs2_addr: 15, rs2_rdata: 00000000, rd_addr:  2, rd_wdata: 7fffdfff, mem_addr: 7fffdfff, mem_rdata: 00000000, mem_wdata: 76df56ff
ClkCycle:         66, pc_rdata: 000000f4, pc_wdata: 000000f8, insn: 00715193, mode: 3, rs1_addr:  2, rs1_rdata: 5bfddb7d, rs2_addr:  7, rs2_rdata: 00000000, rd_addr:  3, rd_wdata: feffffbf, mem_addr: feffffbf, mem_rdata: 00000000, mem_wdata: 00000000
ClkCycle:         67, pc_rdata: 000000f8, pc_wdata: 000000fc, insn: 03915793, mode: 3, rs1_addr:  2, rs1_rdata: 5bfddb7d, rs2_addr: 25, rs2_rdata: 00000000, rd_addr: 15, rd_wdata: feedbfbf, mem_addr: feedbfbf, mem_rdata: 00000000, mem_wdata: 00000000
ClkCycle:         68, pc_rdata: 000000fc, pc_wdata: 00000100, insn: 00f1e1b3, mode: 3, rs1_addr:  3, rs1_rdata: 00000000, rs2_addr: 15, rs2_rdata: 76df56ff, rd_addr:  3, rd_wdata: feffffbf, mem_addr: feffffbf, mem_rdata: 00000000, mem_wdata: feedbfbf
ClkCycle:         69, pc_rdata: 00000100, pc_wdata: 00000104, insn: 0071d213, mode: 3, rs1_addr:  3, rs1_rdata: feffffbf, rs2_addr:  7, rs2_rdata: 00000000, rd_addr:  4, rd_wdata: 6dfdffff, mem_addr: 6dfdffff, mem_rdata: 00000000, mem_wdata: 00000000
ClkCycle:         70, pc_rdata: 00000104, pc_wdata: 00000108, insn: 0391d793, mode: 3, rs1_addr:  3, rs1_rdata: feffffbf, rs2_addr: 25, rs2_rdata: 00000000, rd_addr: 15, rd_wdata: 01fddb7f, mem_addr: 01fddb7f, mem_rdata: 00000000, mem_wdata: 00000000
ClkCycle:         71, pc_rdata: 00000108, pc_wdata: 0000010c, insn: 00f26233, mode: 3, rs1_addr:  4, rs1_rdata: 00000000, rs2_addr: 15, rs2_rdata: feedbfbf, rd_addr:  4, rd_wdata: 6dfdffff, mem_addr: 6dfdffff, mem_rdata: 00000000, mem_wdata: 01fddb7f
ClkCycle:         72, pc_rdata: 0000010c, pc_wdata: 00000110, insn: 00725293, mode: 3, rs1_addr:  4, rs1_rdata: 6dfdffff, rs2_addr:  7, rs2_rdata: 00000000, rd_addr:  5, rd_wdata: eedbfbff, mem_addr: eedbfbff, mem_rdata: 00000000, mem_wdata: 00000000
ClkCycle:         73, pc_rdata: 00000110, pc_wdata: 00000114, insn: 03925793, mode: 3, rs1_addr:  4, rs1_rdata: 6dfdffff, rs2_addr: 25, rs2_rdata: 00000000, rd_addr: 15, rd_wdata: 0003fbb6, mem_addr: 0003fbb6, mem_rdata: 00000000, mem_wdata: 00000000
ClkCycle:         74, pc_rdata: 00000114, pc_wdata: 00000118, insn: 00f2e2b3, mode: 3, rs1_addr:  5, rs1_rdata: 00000000, rs2_addr: 15, rs2_rdata: 01fddb7f, rd_addr:  5, rd_wdata: eedbfbff, mem_addr: eedbfbff, mem_rdata: 00000000, mem_wdata: 0003fbb6
ClkCycle:         75, pc_rdata: 00000118, pc_wdata: 0000011c, insn: 0072d313, mode: 3, rs1_addr:  5, rs1_rdata: eedbfbff, rs2_addr:  7, rs2_rdata: 00000000, rd_addr:  6, rd_wdata: 1fddb7f7, mem_addr: 1fddb7f7, mem_rdata: 00000000, mem_wdata: 00000000
ClkCycle:         76, pc_rdata: 0000011c, pc_wdata: 00000120, insn: 0392d793, mode: 3, rs1_addr:  5, rs1_rdata: eedbfbff, rs2_addr: 25, rs2_rdata: 00000000, rd_addr: 15, rd_wdata: 000007f7, mem_addr: 000007f7, mem_rdata: 00000000, mem_wdata: 00000000
ClkCycle:         77, pc_rdata: 00000120, pc_wdata: 00000124, insn: 00f36333, mode: 3, rs1_addr:  6, rs1_rdata: 00000000, rs2_addr: 15, rs2_rdata: 0003fbb6, rd_addr:  6, rd_wdata: 1fddb7f7, mem_addr: 1fddb7f7, mem_rdata: 00000000, mem_wdata: 000007f7
ClkCycle:         78, pc_rdata: 00000124, pc_wdata: 00000128, insn: 00735393, mode: 3, rs1_addr:  6, rs1_rdata: 1fddb7f7, rs2_addr:  7, rs2_rdata: 00000000, rd_addr:  7, rd_wdata: 003fbb6f, mem_addr: 003fbb6f, mem_rdata: 00000000, mem_wdata: 00000000
ClkCycle:         79, pc_rdata: 00000128, pc_wdata: 0000012c, insn: 03935793, mode: 3, rs1_addr:  6, rs1_rdata: 1fddb7f7, rs2_addr: 25, rs2_rdata: 00000000, rd_addr: 15, rd_wdata: 0000000f, mem_addr: 0000000f, mem_rdata: 00000000, mem_wdata: 00000000
ClkCycle:         80, pc_rdata: 0000012c, pc_wdata: 00000130, insn: 00f3e3b3, mode: 3, rs1_addr:  7, rs1_rdata: 00000000, rs2_addr: 15, rs2_rdata: 000007f7, rd_addr:  7, rd_wdata: 003fbb6f, mem_addr: 003fbb6f, mem_rdata: 00000000, mem_wdata: 0000000f
ClkCycle:         81, pc_rdata: 00000130, pc_wdata: 00000134, insn: 0073d413, mode: 3, rs1_addr:  7, rs1_rdata: 003fbb6f, rs2_addr:  7, rs2_rdata: 003fbb6f, rd_addr:  8, rd_wdata: 00007f76, mem_addr: 00007f76, mem_rdata: 00000000, mem_wdata: 003fbb6f
ClkCycle:         82, pc_rdata: 00000134, pc_wdata: 00000138, insn: 0393d793, mode: 3, rs1_addr:  7, rs1_rdata: 003fbb6f, rs2_addr: 25, rs2_rdata: 00000000, rd_addr: 15, rd_wdata: 00000000, mem_addr: 00000000, mem_rdata: 00000000, mem_wdata: 00000000
ClkCycle:         83, pc_rdata: 00000138, pc_wdata: 0000013c, insn: 00f46433, mode: 3, rs1_addr:  8, rs1_rdata: 00000000, rs2_addr: 15, rs2_rdata: 0000000f, rd_addr:  8, rd_wdata: 00007f76, mem_addr: 00007f76, mem_rdata: 00000000, mem_wdata: 00000000
ClkCycle:         84, pc_rdata: 0000013c, pc_wdata: 00000140, insn: 00745493, mode: 3, rs1_addr:  8, rs1_rdata: 00007f76, rs2_addr:  7, rs2_rdata: 003fbb6f, rd_addr:  9, rd_wdata: 000000fe, mem_addr: 000000fe, mem_rdata: 00000000, mem_wdata: 003fbb6f
ClkCycle:         85, pc_rdata: 00000140, pc_wdata: 00000144, insn: 03945793, mode: 3, rs1_addr:  8, rs1_rdata: 00007f76, rs2_addr: 25, rs2_rdata: 00000000, rd_addr: 15, rd_wdata: 00000000, mem_addr: 00000000, mem_rdata: 00000000, mem_wdata: 00000000
ClkCycle:         86, pc_rdata: 00000144, pc_wdata: 00000148, insn: 00f4e4b3, mode: 3, rs1_addr:  9, rs1_rdata: 00000000, rs2_addr: 15, rs2_rdata: 00000000, rd_addr:  9, rd_wdata: 000000fe, mem_addr: 000000fe, mem_rdata: 00000000, mem_wdata: 00000000
ClkCycle:         87, pc_rdata: 00000148, pc_wdata: 0000014c, insn: 0074d513, mode: 3, rs1_addr:  9, rs1_rdata: 000000fe, rs2_addr:  7, rs2_rdata: 003fbb6f, rd_addr: 10, rd_wdata: 00000001, mem_addr: 00000001, mem_rdata: 00000000, mem_wdata: 003fbb6f
ClkCycle:         88, pc_rdata: 0000014c, pc_wdata: 00000150, insn: 0394d793, mode: 3, rs1_addr:  9, rs1_rdata: 000000fe, rs2_addr: 25, rs2_rdata: 00000000, rd_addr: 15, rd_wdata: 00000000, mem_addr: 00000000, mem_rdata: 00000000, mem_wdata: 00000000
ClkCycle:         89, pc_rdata: 00000150, pc_wdata: 00000154, insn: 00f56533, mode: 3, rs1_addr: 10, rs1_rdata: 00000000, rs2_addr: 15, rs2_rdata: 00000000, rd_addr: 10, rd_wdata: 00000001, mem_addr: 00000001, mem_rdata: 00000000, mem_wdata: 00000000
ClkCycle:         90, pc_rdata: 00000154, pc_wdata: 00000158, insn: 00755593, mode: 3, rs1_addr: 10, rs1_rdata: 00000001, rs2_addr:  7, rs2_rdata: 003fbb6f, rd_addr: 11, rd_wdata: 00000000, mem_addr: 00000000, mem_rdata: 00000000, mem_wdata: 003fbb6f
ClkCycle:         91, pc_rdata: 00000158, pc_wdata: 0000015c, insn: 03955793, mode: 3, rs1_addr: 10, rs1_rdata: 00000001, rs2_addr: 25, rs2_rdata: 00000000, rd_addr: 15, rd_wdata: 00000000, mem_addr: 00000000, mem_rdata: 00000000, mem_wdata: 00000000
ClkCycle:         92, pc_rdata: 0000015c, pc_wdata: 00000160, insn: 00f5e5b3, mode: 3, rs1_addr: 11, rs1_rdata: 00000000, rs2_addr: 15, rs2_rdata: 00000000, rd_addr: 11, rd_wdata: 00000000, mem_addr: 00000000, mem_rdata: 00000000, mem_wdata: 00000000
ClkCycle:         93, pc_rdata: 00000160, pc_wdata: 00000164, insn: 0075d613, mode: 3, rs1_addr: 11, rs1_rdata: 00000000, rs2_addr:  7, rs2_rdata: 003fbb6f, rd_addr: 12, rd_wdata: 00000000, mem_addr: 00000000, mem_rdata: 00000000, mem_wdata: 003fbb6f
ClkCycle:         94, pc_rdata: 00000164, pc_wdata: 00000168, insn: 0395d793, mode: 3, rs1_addr: 11, rs1_rdata: 00000000, rs2_addr: 25, rs2_rdata: 00000000, rd_addr: 15, rd_wdata: 00000000, mem_addr: 00000000, mem_rdata: 00000000, mem_wdata: 00000000
ClkCycle:         95, pc_rdata: 00000168, pc_wdata: 0000016c, insn: 00f66633, mode: 3, rs1_addr: 12, rs1_rdata: 00000000, rs2_addr: 15, rs2_rdata: 00000000, rd_addr: 12, rd_wdata: 00000000, mem_addr: 00000000, mem_rdata: 00000000, mem_wdata: 00000000
ClkCycle:         96, pc_rdata: 0000016c, pc_wdata: 00000170, insn: 00765693, mode: 3, rs1_addr: 12, rs1_rdata: 00000000, rs2_addr:  7, rs2_rdata: 003fbb6f, rd_addr: 13, rd_wdata: 00000000, mem_addr: 00000000, mem_rdata: 00000000, mem_wdata: 003fbb6f
ClkCycle:         97, pc_rdata: 00000170, pc_wdata: 00000174, insn: 03965793, mode: 3, rs1_addr: 12, rs1_rdata: 00000000, rs2_addr: 25, rs2_rdata: 00000000, rd_addr: 15, rd_wdata: 00000000, mem_addr: 00000000, mem_rdata: 00000000, mem_wdata: 00000000
ClkCycle:         98, pc_rdata: 00000174, pc_wdata: 00000178, insn: 00f6e6b3, mode: 3, rs1_addr: 13, rs1_rdata: 00000000, rs2_addr: 15, rs2_rdata: 00000000, rd_addr: 13, rd_wdata: 00000000, mem_addr: 00000000, mem_rdata: 00000000, mem_wdata: 00000000
ClkCycle:         99, pc_rdata: 00000178, pc_wdata: 0000017c, insn: 00000013, mode: 3, rs1_addr:  0, rs1_rdata: 00000000, rs2_addr:  0, rs2_rdata: 00000000, rd_addr:  0, rd_wdata: 00000000, mem_addr: 00000000, mem_rdata: 00000000, mem_wdata: 00000000
ClkCycle:        100, pc_rdata: 0000017c, pc_wdata: 00000180, insn: 00000013, mode: 3, rs1_addr:  0, rs1_rdata: 00000000, rs2_addr:  0, rs2_rdata: 00000000, rd_addr:  0, rd_wdata: 00000000, mem_addr: 00000000, mem_rdata: 00000000, mem_wdata: 00000000
ClkCycle:        101, pc_rdata: 00000180, pc_wdata: 00000184, insn: 00003697, mode: 3, rs1_addr:  0, rs1_rdata: 00000000, rs2_addr:  0, rs2_rdata: 00000000, rd_addr: 13, rd_wdata: 00003180, mem_addr: 00003180, mem_rdata: 00000000, mem_wdata: 00000000
ClkCycle:        102, pc_rdata: 00000184, pc_wdata: 00000188, insn: f9868693, mode: 3, rs1_addr: 13, rs1_rdata: 00000000, rs2_addr: 24, rs2_rdata: 0000007d, rd_addr: 13, rd_wdata: 00003118, mem_addr: 00003118, mem_rdata: 00000000, mem_wdata: 0000007d
ClkCycle:        103, pc_rdata: 00000188, pc_wdata: 0000018c, insn: 00000013, mode: 3, rs1_addr:  0, rs1_rdata: 00000000, rs2_addr:  0, rs2_rdata: 00000000, rd_addr:  0, rd_wdata: 00000000, mem_addr: 00000000, mem_rdata: 00000000, mem_wdata: 00000000
ClkCycle:        104, pc_rdata: 0000018c, pc_wdata: 00000190, insn: 00000013, mode: 3, rs1_addr:  0, rs1_rdata: 00000000, rs2_addr:  0, rs2_rdata: 00000000, rd_addr:  0, rd_wdata: 00000000, mem_addr: 00000000, mem_rdata: 00000000, mem_wdata: 00000000
ClkCycle:        105, pc_rdata: 00000190, pc_wdata: 00000194, insn: 00000013, mode: 3, rs1_addr:  0, rs1_rdata: 00000000, rs2_addr:  0, rs2_rdata: 00000000, rd_addr:  0, rd_wdata: 00000000, mem_addr: 00000000, mem_rdata: 00000000, mem_wdata: 00000000
ClkCycle:        106, pc_rdata: 00000194, pc_wdata: 00000198, insn: 00000013, mode: 3, rs1_addr:  0, rs1_rdata: 00000000, rs2_addr:  0, rs2_rdata: 00000000, rd_addr:  0, rd_wdata: 00000000, mem_addr: 00000000, mem_rdata: 00000000, mem_wdata: 00000000
ClkCycle:        107, pc_rdata: 00000198, pc_wdata: 0000019c, insn: 00000013, mode: 3, rs1_addr:  0, rs1_rdata: 00000000, rs2_addr:  0, rs2_rdata: 00000000, rd_addr:  0, rd_wdata: 00000000, mem_addr: 00000000, mem_rdata: 00000000, mem_wdata: 00000000
ClkCycle:        108, pc_rdata: 0000019c, pc_wdata: 000001a0, insn: 00000013, mode: 3, rs1_addr:  0, rs1_rdata: 00000000, rs2_addr:  0, rs2_rdata: 00000000, rd_addr:  0, rd_wdata: 00000000, mem_addr: 00000000, mem_rdata: 00000000, mem_wdata: 00000000
ClkCycle:        109, pc_rdata: 000001a0, pc_wdata: 000001a4, insn: fff00613, mode: 3, rs1_addr:  0, rs1_rdata: 00000000, rs2_addr: 31, rs2_rdata: 00000000, rd_addr: 12, rd_wdata: ffffffff, mem_addr: ffffffff, mem_rdata: 00000000, mem_wdata: 00000000
ClkCycle:        110, pc_rdata: 000001a4, pc_wdata: 000001a8, insn: 03f61613, mode: 3, rs1_addr: 12, rs1_rdata: 00000000, rs2_addr: 31, rs2_rdata: 00000000, rd_addr: 12, rd_wdata: 80000000, mem_addr: 80000000, mem_rdata: 00000000, mem_wdata: 00000000
ClkCycle:        111, pc_rdata: 000001a8, pc_wdata: 000001aa, insn: e28c85b2, mode: 3, rs1_addr:  0, rs1_rdata: 00000000, rs2_addr: 12, rs2_rdata: 00000000, rd_addr: 11, rd_wdata: 80000000, mem_addr: 80000000, mem_rdata: 00000000, mem_wdata: 80000000
ClkCycle:        112, pc_rdata: 000001aa, pc_wdata: 000001ae, insn: e28c85b2, mode: 3, rs1_addr:  0, rs1_rdata: 00000000, rs2_addr:  0, rs2_rdata: 00000000, rd_addr:  0, rd_wdata: 00000000, mem_addr: 00000000, mem_rdata: 00000000, mem_wdata: 00000000
7fffffff80000000
ClkCycle:        113, pc_rdata: 000001ae, pc_wdata: 000001b0, insn: b423810a, mode: 3, rs1_addr: 13, rs1_rdata: 00003118, rs2_addr: 11, rs2_rdata: 00000000, rd_addr:  0, rd_wdata: 00003118, mem_addr: 00003118, mem_rdata: 00000000, mem_wdata: 80000000
ClkCycle:        114, pc_rdata: 000001b0, pc_wdata: 000001b2, insn: b423810a, mode: 3, rs1_addr:  0, rs1_rdata: 00000000, rs2_addr:  2, rs2_rdata: 7fffdfff, rd_addr:  2, rd_wdata: 7fffdfff, mem_addr: 7fffdfff, mem_rdata: 00000000, mem_wdata: 7fffdfff
ClkCycle:        115, pc_rdata: 000001b2, pc_wdata: 000001b6, insn: b423810a, mode: 3, rs1_addr:  0, rs1_rdata: 00000000, rs2_addr:  0, rs2_rdata: 00000000, rd_addr:  0, rd_wdata: 00000000, mem_addr: 00000000, mem_rdata: 00000000, mem_wdata: 00000000
0000000000000000
ClkCycle:        116, pc_rdata: 000001b6, pc_wdata: 000001ba, insn: d393fff0, mode: 3, rs1_addr:  1, rs1_rdata: feedbead, rs2_addr: 31, rs2_rdata: 00000000, rd_addr:  8, rd_wdata: feedbe95, mem_addr: feedbe95, mem_rdata: 00000000, mem_wdata: 00000000
ClkCycle:        117, pc_rdata: 000001ba, pc_wdata: 000001be, insn: d393fff0, mode: 3, rs1_addr:  0, rs1_rdata: 00000000, rs2_addr:  0, rs2_rdata: 00000000, rd_addr:  0, rd_wdata: 00000000, mem_addr: 00000000, mem_rdata: 00000000, mem_wdata: 00000000
ClkCycle:        118, pc_rdata: 000001be, pc_wdata: 000001c2, insn: 0136b823, mode: 3, rs1_addr:  7, rs1_rdata: 003fbb6f, rs2_addr:  2, rs2_rdata: 7fffdfff, rd_addr:  7, rd_wdata: 000feedb, mem_addr: 000feedb, mem_rdata: 00000000, mem_wdata: 7fffdfff
ClkCycle:        119, pc_rdata: 000001c2, pc_wdata: 000001c6, insn: 0136b823, mode: 3, rs1_addr:  0, rs1_rdata: 00000000, rs2_addr:  0, rs2_rdata: 00000000, rd_addr:  0, rd_wdata: 00000000, mem_addr: 00000000, mem_rdata: 00000000, mem_wdata: 00000000
ClkCycle:        120, pc_rdata: 000001c6, pc_wdata: 000001c8, insn: bc238346, mode: 3, rs1_addr:  2, rs1_rdata: 7fffdfff, rs2_addr: 13, rs2_rdata: 00003118, rd_addr:  2, rd_wdata: fbffe000, mem_addr: fbffe000, mem_rdata: 00000000, mem_wdata: 00003118
ClkCycle:        121, pc_rdata: 000001c8, pc_wdata: 000001ca, insn: bc238346, mode: 3, rs1_addr:  0, rs1_rdata: 00000000, rs2_addr: 17, rs2_rdata: bffeffff, rd_addr:  6, rd_wdata: bffeffff, mem_addr: bffeffff, mem_rdata: 00000000, mem_wdata: bffeffff
ClkCycle:        122, pc_rdata: 000001ca, pc_wdata: 000001ce, insn: bc238346, mode: 3, rs1_addr:  0, rs1_rdata: 00000000, rs2_addr:  0, rs2_rdata: 00000000, rd_addr:  0, rd_wdata: 00000000, mem_addr: 00000000, mem_rdata: 00000000, mem_wdata: 00000000
bb6feffffbffe000
ClkCycle:        123, pc_rdata: 000001ce, pc_wdata: 000001d2, insn: 876a0020, mode: 3, rs1_addr:  1, rs1_rdata: feedbead, rs2_addr:  2, rs2_rdata: fbffe000, rd_addr: 24, rd_wdata: feedbec5, mem_addr: feedbec5, mem_rdata: 00000000, mem_wdata: fbffe000
ClkCycle:        124, pc_rdata: 000001d2, pc_wdata: 000001d6, insn: 876a0020, mode: 3, rs1_addr:  0, rs1_rdata: 00000000, rs2_addr:  0, rs2_rdata: 00000000, rd_addr:  0, rd_wdata: 00000000, mem_addr: 00000000, mem_rdata: 00000000, mem_wdata: 00000000
ClkCycle:        125, pc_rdata: 000001d6, pc_wdata: 000001d8, insn: 8a960040, mode: 3, rs1_addr:  0, rs1_rdata: 00000000, rs2_addr: 26, rs2_rdata: 00000000, rd_addr: 14, rd_wdata: 00000000, mem_addr: 00000000, mem_rdata: 00000000, mem_wdata: 00000000
ClkCycle:        126, pc_rdata: 000001d8, pc_wdata: 000001da, insn: 8a960040, mode: 3, rs1_addr:  2, rs1_rdata: fbffe000, rs2_addr:  4, rs2_rdata: 6dfdffff, rd_addr:  8, rd_wdata: fbffe004, mem_addr: fbffe004, mem_rdata: 00000000, mem_wdata: 6dfdffff
ClkCycle:        127, pc_rdata: 000001da, pc_wdata: 000001de, insn: 8a960040, mode: 3, rs1_addr:  0, rs1_rdata: 00000000, rs2_addr:  0, rs2_rdata: 00000000, rd_addr:  0, rd_wdata: 00000000, mem_addr: 00000000, mem_rdata: 00000000, mem_wdata: 00000000
ClkCycle:        128, pc_rdata: 000001de, pc_wdata: 000001e0, insn: 00800093, mode: 3, rs1_addr:  0, rs1_rdata: 00000000, rs2_addr:  5, rs2_rdata: eedbfbff, rd_addr: 21, rd_wdata: eedbfbff, mem_addr: eedbfbff, mem_rdata: 00000000, mem_wdata: eedbfbff
ClkCycle:        129, pc_rdata: 000001e0, pc_wdata: 000001e4, insn: 00800093, mode: 3, rs1_addr:  0, rs1_rdata: 00000000, rs2_addr:  8, rs2_rdata: fbffe004, rd_addr:  1, rd_wdata: 00000008, mem_addr: 00000008, mem_rdata: 00000000, mem_wdata: fbffe004
ClkCycle:        130, pc_rdata: 000001e4, pc_wdata: 000001e6, insn: b8238d86, mode: 3, rs1_addr:  0, rs1_rdata: 00000000, rs2_addr:  1, rs2_rdata: feedbead, rd_addr: 27, rd_wdata: 00000008, mem_addr: 00000008, mem_rdata: 00000000, mem_wdata: 00000008
ClkCycle:        131, pc_rdata: 000001e6, pc_wdata: 000001ea, insn: b8238d86, mode: 3, rs1_addr:  0, rs1_rdata: 00000000, rs2_addr:  0, rs2_rdata: 00000000, rd_addr:  0, rd_wdata: 00000000, mem_addr: 00000000, mem_rdata: 00000000, mem_wdata: 00000000
7d5bfddb7d5bfddb
ClkCycle:        132, pc_rdata: 000001ea, pc_wdata: 000001ee, insn: 88a60100, mode: 3, rs1_addr:  1, rs1_rdata: 00000008, rs2_addr: 16, rs2_rdata: 7d5bfddb, rd_addr: 16, rd_wdata: 00000018, mem_addr: 00000018, mem_rdata: 00000000, mem_wdata: 7d5bfddb
ClkCycle:        133, pc_rdata: 000001ee, pc_wdata: 000001f2, insn: 88a60100, mode: 3, rs1_addr:  0, rs1_rdata: 00000000, rs2_addr:  0, rs2_rdata: 00000000, rd_addr:  0, rd_wdata: 00000000, mem_addr: 00000000, mem_rdata: 00000000, mem_wdata: 00000000
ClkCycle:        134, pc_rdata: 000001f2, pc_wdata: 000001f4, insn: 02000913, mode: 3, rs1_addr:  0, rs1_rdata: 00000000, rs2_addr:  9, rs2_rdata: 000000fe, rd_addr: 17, rd_wdata: 000000fe, mem_addr: 000000fe, mem_rdata: 00000000, mem_wdata: 000000fe
ClkCycle:        135, pc_rdata: 000001f4, pc_wdata: 000001f8, insn: 02000913, mode: 3, rs1_addr:  0, rs1_rdata: 00000000, rs2_addr:  0, rs2_rdata: 00000000, rd_addr: 18, rd_wdata: 00000020, mem_addr: 00000020, mem_rdata: 00000000, mem_wdata: 00000000
ClkCycle:        136, pc_rdata: 000001f8, pc_wdata: 000001fa, insn: b023804a, mode: 3, rs1_addr:  0, rs1_rdata: 00000000, rs2_addr: 18, rs2_rdata: ff7fffff, rd_addr:  0, rd_wdata: 00000020, mem_addr: 00000020, mem_rdata: 00000000, mem_wdata: 00000020
ClkCycle:        137, pc_rdata: 000001fa, pc_wdata: 000001fe, insn: b023804a, mode: 3, rs1_addr:  0, rs1_rdata: 00000000, rs2_addr:  0, rs2_rdata: 00000000, rd_addr:  0, rd_wdata: 00000000, mem_addr: 00000000, mem_rdata: 00000000, mem_wdata: 00000000
0000000000000000
ClkCycle:        138, pc_rdata: 000001fe, pc_wdata: 00000202, insn: 84da0400, mode: 3, rs1_addr:  1, rs1_rdata: 00000008, rs2_addr:  0, rs2_rdata: 00000000, rd_addr:  0, rd_wdata: 00000048, mem_addr: 00000048, mem_rdata: 00000000, mem_wdata: 00000000
ClkCycle:        139, pc_rdata: 00000202, pc_wdata: 00000206, insn: 84da0400, mode: 3, rs1_addr:  0, rs1_rdata: 00000000, rs2_addr:  0, rs2_rdata: 00000000, rd_addr:  0, rd_wdata: 00000000, mem_addr: 00000000, mem_rdata: 00000000, mem_wdata: 00000000
ClkCycle:        140, pc_rdata: 00000206, pc_wdata: 00000208, insn: 82220800, mode: 3, rs1_addr:  0, rs1_rdata: 00000000, rs2_addr: 22, rs2_rdata: 001f56ff, rd_addr:  9, rd_wdata: 001f56ff, mem_addr: 001f56ff, mem_rdata: 00000000, mem_wdata: 001f56ff
ClkCycle:        141, pc_rdata: 00000208, pc_wdata: 0000020a, insn: 82220800, mode: 3, rs1_addr:  2, rs1_rdata: fbffe000, rs2_addr: 16, rs2_rdata: 7d5bfddb, rd_addr:  8, rd_wdata: fbffe010, mem_addr: fbffe010, mem_rdata: 00000000, mem_wdata: 7d5bfddb
ClkCycle:        142, pc_rdata: 0000020a, pc_wdata: 0000020e, insn: 82220800, mode: 3, rs1_addr:  0, rs1_rdata: 00000000, rs2_addr:  0, rs2_rdata: 00000000, rd_addr:  0, rd_wdata: 00000000, mem_addr: 00000000, mem_rdata: 00000000, mem_wdata: 00000000
ClkCycle:        143, pc_rdata: 0000020e, pc_wdata: 00000210, insn: 10000c13, mode: 3, rs1_addr:  0, rs1_rdata: 00000000, rs2_addr:  8, rs2_rdata: fbffe004, rd_addr:  4, rd_wdata: fbffe010, mem_addr: fbffe010, mem_rdata: 00000000, mem_wdata: fbffe010
ClkCycle:        144, pc_rdata: 00000210, pc_wdata: 00000214, insn: 10000c13, mode: 3, rs1_addr:  0, rs1_rdata: 00000000, rs2_addr:  0, rs2_rdata: 00000000, rd_addr: 24, rd_wdata: 00000100, mem_addr: 00000100, mem_rdata: 00000000, mem_wdata: 00000000
ClkCycle:        145, pc_rdata: 00000214, pc_wdata: 00000216, insn: bc2381e2, mode: 3, rs1_addr:  0, rs1_rdata: 00000000, rs2_addr: 24, rs2_rdata: 0000007d, rd_addr:  3, rd_wdata: 00000100, mem_addr: 00000100, mem_rdata: 00000000, mem_wdata: 00000100
ClkCycle:        146, pc_rdata: 00000216, pc_wdata: 0000021a, insn: bc2381e2, mode: 3, rs1_addr:  0, rs1_rdata: 00000000, rs2_addr:  0, rs2_rdata: 00000000, rd_addr:  0, rd_wdata: 00000000, mem_addr: 00000000, mem_rdata: 00000000, mem_wdata: 00000000
0000000000000000
ClkCycle:        147, pc_rdata: 0000021a, pc_wdata: 0000021e, insn: 8a562000, mode: 3, rs1_addr:  1, rs1_rdata: 00000008, rs2_addr:  0, rs2_rdata: 00000000, rd_addr: 24, rd_wdata: 00000220, mem_addr: 00000220, mem_rdata: 00000000, mem_wdata: 00000000
ClkCycle:        148, pc_rdata: 0000021e, pc_wdata: 00000222, insn: 8a562000, mode: 3, rs1_addr:  0, rs1_rdata: 00000000, rs2_addr:  0, rs2_rdata: 00000000, rd_addr:  0, rd_wdata: 00000000, mem_addr: 00000000, mem_rdata: 00000000, mem_wdata: 00000000
ClkCycle:        149, pc_rdata: 00000222, pc_wdata: 00000224, insn: 40000b93, mode: 3, rs1_addr:  0, rs1_rdata: 00000000, rs2_addr: 21, rs2_rdata: eedbfbff, rd_addr: 20, rd_wdata: eedbfbff, mem_addr: eedbfbff, mem_rdata: 00000000, mem_wdata: eedbfbff
ClkCycle:        150, pc_rdata: 00000224, pc_wdata: 00000228, insn: 40000b93, mode: 3, rs1_addr:  0, rs1_rdata: 00000000, rs2_addr:  0, rs2_rdata: 00000000, rd_addr: 23, rd_wdata: 00000400, mem_addr: 00000400, mem_rdata: 00000000, mem_wdata: 00000000
ClkCycle:        151, pc_rdata: 00000228, pc_wdata: 0000022a, insn: f6b0865e, mode: 3, rs1_addr:  0, rs1_rdata: 00000000, rs2_addr: 23, rs2_rdata: 00003ead, rd_addr: 12, rd_wdata: 00000400, mem_addr: 00000400, mem_rdata: 00000000, mem_wdata: 00000400
ClkCycle:        152, pc_rdata: 0000022a, pc_wdata: 0000022e, insn: f6b0865e, mode: 3, rs1_addr:  0, rs1_rdata: 00000000, rs2_addr:  0, rs2_rdata: 00000000, rd_addr:  0, rd_wdata: 00000000, mem_addr: 00000000, mem_rdata: 00000000, mem_wdata: 00000000
0000000000000400
ClkCycle:        153, pc_rdata: 0000022e, pc_wdata: 00000230, insn: 00bf9f93, mode: 3, rs1_addr: 13, rs1_rdata: 00003118, rs2_addr: 12, rs2_rdata: 80000000, rd_addr:  8, rd_wdata: 00003180, mem_addr: 00003180, mem_rdata: 00000000, mem_wdata: 00000400
ClkCycle:        154, pc_rdata: 00000230, pc_wdata: 00000234, insn: 00bf9f93, mode: 3, rs1_addr: 31, rs1_rdata: 00000000, rs2_addr: 11, rs2_rdata: 80000000, rd_addr: 31, rd_wdata: 00000000, mem_addr: 00000000, mem_rdata: 00000000, mem_wdata: 80000000
ClkCycle:        155, pc_rdata: 00000234, pc_wdata: 00000236, insn: b8238b7e, mode: 3, rs1_addr:  0, rs1_rdata: 00000000, rs2_addr: 31, rs2_rdata: 00000000, rd_addr: 22, rd_wdata: 00000000, mem_addr: 00000000, mem_rdata: 00000000, mem_wdata: 00000000
ClkCycle:        156, pc_rdata: 00000236, pc_wdata: 0000023a, insn: b8238b7e, mode: 3, rs1_addr:  0, rs1_rdata: 00000000, rs2_addr:  0, rs2_rdata: 00000000, rd_addr:  0, rd_wdata: 00000000, mem_addr: 00000000, mem_rdata: 00000000, mem_wdata: 00000000
0000000000000008
ClkCycle:        157, pc_rdata: 0000023a, pc_wdata: 0000023e, insn: 91930010, mode: 3, rs1_addr:  1, rs1_rdata: 00000008, rs2_addr:  1, rs2_rdata: 00000008, rd_addr: 16, rd_wdata: 00000018, mem_addr: 00000018, mem_rdata: 00000000, mem_wdata: 00000008
ClkCycle:        158, pc_rdata: 0000023e, pc_wdata: 00000242, insn: 91930010, mode: 3, rs1_addr:  0, rs1_rdata: 00000000, rs2_addr:  0, rs2_rdata: 00000000, rd_addr:  0, rd_wdata: 00000000, mem_addr: 00000000, mem_rdata: 00000000, mem_wdata: 00000000
ClkCycle:        159, pc_rdata: 00000242, pc_wdata: 00000246, insn: 0726bc23, mode: 3, rs1_addr:  7, rs1_rdata: 000feedb, rs2_addr:  2, rs2_rdata: fbffe000, rd_addr:  3, rd_wdata: 003fbb6c, mem_addr: 003fbb6c, mem_rdata: 00000000, mem_wdata: fbffe000
ClkCycle:        160, pc_rdata: 00000246, pc_wdata: 0000024a, insn: 0726bc23, mode: 3, rs1_addr:  0, rs1_rdata: 00000000, rs2_addr:  0, rs2_rdata: 00000000, rd_addr:  0, rd_wdata: 00000000, mem_addr: 00000000, mem_rdata: 00000000, mem_wdata: 00000000
ClkCycle:        161, pc_rdata: 0000024a, pc_wdata: 0000024c, insn: 00d21213, mode: 3, rs1_addr: 14, rs1_rdata: 00000000, rs2_addr:  9, rs2_rdata: 001f56ff, rd_addr: 14, rd_wdata: 00000000, mem_addr: 00000000, mem_rdata: 00000000, mem_wdata: 001f56ff
ClkCycle:        162, pc_rdata: 0000024c, pc_wdata: 00000250, insn: 00d21213, mode: 3, rs1_addr:  4, rs1_rdata: fbffe010, rs2_addr: 13, rs2_rdata: 00003118, rd_addr:  4, rd_wdata: fc020000, mem_addr: fc020000, mem_rdata: 00000000, mem_wdata: 00003118
ClkCycle:        163, pc_rdata: 00000250, pc_wdata: 00000252, insn: b0238392, mode: 3, rs1_addr:  0, rs1_rdata: 00000000, rs2_addr:  4, rs2_rdata: fbffe010, rd_addr:  7, rd_wdata: fc020000, mem_addr: fc020000, mem_rdata: 00000000, mem_wdata: fc020000
ClkCycle:        164, pc_rdata: 00000252, pc_wdata: 00000256, insn: b0238392, mode: 3, rs1_addr:  0, rs1_rdata: 00000000, rs2_addr:  0, rs2_rdata: 00000000, rd_addr:  0, rd_wdata: 00000000, mem_addr: 00000000, mem_rdata: 00000000, mem_wdata: 00000000
0000000000000008
ClkCycle:        165, pc_rdata: 00000256, pc_wdata: 0000025a, insn: 9c930010, mode: 3, rs1_addr:  1, rs1_rdata: 00000008, rs2_addr:  1, rs2_rdata: 00000008, rd_addr:  0, rd_wdata: 00000008, mem_addr: 00000008, mem_rdata: 00000000, mem_wdata: 00000008
ClkCycle:        166, pc_rdata: 0000025a, pc_wdata: 0000025e, insn: 9c930010, mode: 3, rs1_addr:  0, rs1_rdata: 00000000, rs2_addr:  0, rs2_rdata: 00000000, rd_addr:  0, rd_wdata: 00000000, mem_addr: 00000000, mem_rdata: 00000000, mem_wdata: 00000000
ClkCycle:        167, pc_rdata: 0000025e, pc_wdata: 00000262, insn: 0713e6c0, mode: 3, rs1_addr:  1, rs1_rdata: 00000008, rs2_addr: 12, rs2_rdata: 00000400, rd_addr: 25, rd_wdata: 00008000, mem_addr: 00008000, mem_rdata: 00000000, mem_wdata: 00000400
ClkCycle:        168, pc_rdata: 00000262, pc_wdata: 00000266, insn: 0713e6c0, mode: 3, rs1_addr:  0, rs1_rdata: 00000000, rs2_addr:  0, rs2_rdata: 00000000, rd_addr:  0, rd_wdata: 00000000, mem_addr: 00000000, mem_rdata: 00000000, mem_wdata: 00000000
ClkCycle:        169, pc_rdata: 00000266, pc_wdata: 0000026a, insn: 87ba00f7, mode: 3, rs1_addr: 14, rs1_rdata: 00000000, rs2_addr: 15, rs2_rdata: 00000000, rd_addr: 14, rd_wdata: 0000000f, mem_addr: 0000000f, mem_rdata: 00000000, mem_wdata: 00000000
ClkCycle:        170, pc_rdata: 0000026a, pc_wdata: 0000026e, insn: 87ba00f7, mode: 3, rs1_addr:  0, rs1_rdata: 00000000, rs2_addr:  0, rs2_rdata: 00000000, rd_addr:  0, rd_wdata: 00000000, mem_addr: 00000000, mem_rdata: 00000000, mem_wdata: 00000000
ClkCycle:        171, pc_rdata: 0000026e, pc_wdata: 00000270, insn: 9e930010, mode: 3, rs1_addr:  0, rs1_rdata: 00000000, rs2_addr: 14, rs2_rdata: 00000000, rd_addr: 15, rd_wdata: 0000000f, mem_addr: 0000000f, mem_rdata: 00000000, mem_wdata: 0000000f
ClkCycle:        172, pc_rdata: 00000270, pc_wdata: 00000272, insn: 9e930010, mode: 3, rs1_addr:  2, rs1_rdata: fbffe000, rs2_addr:  0, rs2_rdata: 00000000, rd_addr: 12, rd_wdata: fbffe000, mem_addr: fbffe000, mem_rdata: 00000000, mem_wdata: 00000000
ClkCycle:        173, pc_rdata: 00000272, pc_wdata: 00000276, insn: 9e930010, mode: 3, rs1_addr:  0, rs1_rdata: 00000000, rs2_addr:  0, rs2_rdata: 00000000, rd_addr:  0, rd_wdata: 00000000, mem_addr: 00000000, mem_rdata: 00000000, mem_wdata: 00000000
ClkCycle:        174, pc_rdata: 00000276, pc_wdata: 0000027a, insn: 09f6bc23, mode: 3, rs1_addr:  7, rs1_rdata: fc020000, rs2_addr:  2, rs2_rdata: fbffe000, rd_addr: 29, rd_wdata: f0080000, mem_addr: f0080000, mem_rdata: 00000000, mem_wdata: fbffe000
ClkCycle:        175, pc_rdata: 0000027a, pc_wdata: 0000027e, insn: 09f6bc23, mode: 3, rs1_addr:  0, rs1_rdata: 00000000, rs2_addr:  0, rs2_rdata: 00000000, rd_addr:  0, rd_wdata: 00000000, mem_addr: 00000000, mem_rdata: 00000000, mem_wdata: 00000000
ClkCycle:        176, pc_rdata: 0000027e, pc_wdata: 00000280, insn: 011e1e13, mode: 3, rs1_addr: 19, rs1_rdata: dffeffff, rs2_addr: 29, rs2_rdata: 00000000, rd_addr: 19, rd_wdata: e0000000, mem_addr: e0000000, mem_rdata: 00000000, mem_wdata: f0080000
ClkCycle:        177, pc_rdata: 00000280, pc_wdata: 00000284, insn: 011e1e13, mode: 3, rs1_addr: 28, rs1_rdata: 00000000, rs2_addr: 17, rs2_rdata: 000000fe, rd_addr: 28, rd_wdata: 00000000, mem_addr: 00000000, mem_rdata: 00000000, mem_wdata: 000000fe
ClkCycle:        178, pc_rdata: 00000284, pc_wdata: 00000286, insn: b0238ef2, mode: 3, rs1_addr:  0, rs1_rdata: 00000000, rs2_addr: 28, rs2_rdata: 00000000, rd_addr: 29, rd_wdata: 00000000, mem_addr: 00000000, mem_rdata: 00000000, mem_wdata: 00000000
ClkCycle:        179, pc_rdata: 00000286, pc_wdata: 0000028a, insn: b0238ef2, mode: 3, rs1_addr:  0, rs1_rdata: 00000000, rs2_addr:  0, rs2_rdata: 00000000, rd_addr:  0, rd_wdata: 00000000, mem_addr: 00000000, mem_rdata: 00000000, mem_wdata: 00000000
0000000000000008
ClkCycle:        180, pc_rdata: 0000028a, pc_wdata: 0000028e, insn: 18130010, mode: 3, rs1_addr:  1, rs1_rdata: 00000008, rs2_addr:  1, rs2_rdata: 00000008, rd_addr:  0, rd_wdata: 00000008, mem_addr: 00000008, mem_rdata: 00000000, mem_wdata: 00000008
ClkCycle:        181, pc_rdata: 0000028e, pc_wdata: 00000292, insn: 18130010, mode: 3, rs1_addr:  0, rs1_rdata: 00000000, rs2_addr:  0, rs2_rdata: 00000000, rd_addr:  0, rd_wdata: 00000000, mem_addr: 00000000, mem_rdata: 00000000, mem_wdata: 00000000
ClkCycle:        182, pc_rdata: 00000292, pc_wdata: 00000296, insn: 0013f6c8, mode: 3, rs1_addr: 16, rs1_rdata: 7d5bfddb, rs2_addr: 12, rs2_rdata: fbffe000, rd_addr: 16, rd_wdata: bfddb000, mem_addr: bfddb000, mem_rdata: 00000000, mem_wdata: fbffe000
ClkCycle:        183, pc_rdata: 00000296, pc_wdata: 0000029a, insn: 0013f6c8, mode: 3, rs1_addr:  0, rs1_rdata: 00000000, rs2_addr:  0, rs2_rdata: 00000000, rd_addr:  0, rd_wdata: 00000000, mem_addr: 00000000, mem_rdata: 00000000, mem_wdata: 00000000
ClkCycle:        184, pc_rdata: 0000029a, pc_wdata: 0000029e, insn: 00010000, mode: 3, rs1_addr:  0, rs1_rdata: 00000000, rs2_addr:  0, rs2_rdata: 00000000, rd_addr:  0, rd_wdata: 00000000, mem_addr: 00000000, mem_rdata: 00000000, mem_wdata: 00000000
ClkCycle:        185, pc_rdata: 0000029e, pc_wdata: 000002a2, insn: 00010000, mode: 3, rs1_addr:  0, rs1_rdata: 00000000, rs2_addr:  0, rs2_rdata: 00000000, rd_addr:  0, rd_wdata: 00000000, mem_addr: 00000000, mem_rdata: 00000000, mem_wdata: 00000000
ClkCycle:        186, pc_rdata: 000002a2, pc_wdata: 000002a4, insn: f2810113, mode: 3, rs1_addr:  0, rs1_rdata: 00000000, rs2_addr:  0, rs2_rdata: 00000000, rd_addr:  0, rd_wdata: 00000000, mem_addr: 00000000, mem_rdata: 00000000, mem_wdata: 00000000
ClkCycle:        187, pc_rdata: 000002a4, pc_wdata: 000002a8, insn: f2810113, mode: 3, rs1_addr:  2, rs1_rdata: fbffe000, rs2_addr:  8, rs2_rdata: fbffe010, rd_addr:  2, rd_wdata: fbffdf28, mem_addr: fbffdf28, mem_rdata: 00000000, mem_wdata: fbffe010
ClkCycle:        188, pc_rdata: 000002a8, pc_wdata: 000002ac, insn: 00000013, mode: 3, rs1_addr:  0, rs1_rdata: 00000000, rs2_addr:  0, rs2_rdata: 00000000, rd_addr:  0, rd_wdata: 00000000, mem_addr: 00000000, mem_rdata: 00000000, mem_wdata: 00000000
ClkCycle:        189, pc_rdata: 000002ac, pc_wdata: 000002b0, insn: 00000013, mode: 3, rs1_addr:  0, rs1_rdata: 00000000, rs2_addr:  0, rs2_rdata: 00000000, rd_addr:  0, rd_wdata: 00000000, mem_addr: 00000000, mem_rdata: 00000000, mem_wdata: 00000000
ClkCycle:        190, pc_rdata: 000002b0, pc_wdata: 000002b4, insn: 00000013, mode: 3, rs1_addr:  0, rs1_rdata: 00000000, rs2_addr:  0, rs2_rdata: 00000000, rd_addr:  0, rd_wdata: 00000000, mem_addr: 00000000, mem_rdata: 00000000, mem_wdata: 00000000
ClkCycle:        191, pc_rdata: 000002b4, pc_wdata: 000002b8, insn: 00000013, mode: 3, rs1_addr:  0, rs1_rdata: 00000000, rs2_addr:  0, rs2_rdata: 00000000, rd_addr:  0, rd_wdata: 00000000, mem_addr: 00000000, mem_rdata: 00000000, mem_wdata: 00000000
ClkCycle:        192, pc_rdata: 000002b8, pc_wdata: 000002bc, insn: 00000013, mode: 3, rs1_addr:  0, rs1_rdata: 00000000, rs2_addr:  0, rs2_rdata: 00000000, rd_addr:  0, rd_wdata: 00000000, mem_addr: 00000000, mem_rdata: 00000000, mem_wdata: 00000000
ClkCycle:        193, pc_rdata: 000002bc, pc_wdata: 000002c0, insn: 00000013, mode: 3, rs1_addr:  0, rs1_rdata: 00000000, rs2_addr:  0, rs2_rdata: 00000000, rd_addr:  0, rd_wdata: 00000000, mem_addr: 00000000, mem_rdata: 00000000, mem_wdata: 00000000
ClkCycle:        194, pc_rdata: 000002c0, pc_wdata: 000002c4, insn: 00100a13, mode: 3, rs1_addr:  0, rs1_rdata: 00000000, rs2_addr:  1, rs2_rdata: 00000008, rd_addr: 20, rd_wdata: 00000001, mem_addr: 00000001, mem_rdata: 00000000, mem_wdata: 00000008
ClkCycle:        195, pc_rdata: 000002c4, pc_wdata: 000002c8, insn: 013a1a13, mode: 3, rs1_addr: 20, rs1_rdata: eedbfbff, rs2_addr: 19, rs2_rdata: e0000000, rd_addr: 20, rd_wdata: 00080000, mem_addr: 00080000, mem_rdata: 00000000, mem_wdata: e0000000
ClkCycle:        196, pc_rdata: 000002c8, pc_wdata: 000002ca, insn: e0668cd2, mode: 3, rs1_addr:  0, rs1_rdata: 00000000, rs2_addr: 20, rs2_rdata: eedbfbff, rd_addr: 25, rd_wdata: 00080000, mem_addr: 00080000, mem_rdata: 00000000, mem_wdata: 00080000
ClkCycle:        197, pc_rdata: 000002ca, pc_wdata: 000002ce, insn: e0668cd2, mode: 3, rs1_addr:  0, rs1_rdata: 00000000, rs2_addr:  0, rs2_rdata: 00000000, rd_addr:  0, rd_wdata: 00000000, mem_addr: 00000000, mem_rdata: 00000000, mem_wdata: 00000000
0000000000080000
ClkCycle:        198, pc_rdata: 000002ce, pc_wdata: 000002d0, insn: 01469693, mode: 3, rs1_addr:  2, rs1_rdata: fbffdf28, rs2_addr: 25, rs2_rdata: 00008000, rd_addr:  0, rd_wdata: fbffdf28, mem_addr: fbffdf28, mem_rdata: 00000000, mem_wdata: 00080000
ClkCycle:        199, pc_rdata: 000002d0, pc_wdata: 000002d4, insn: 01469693, mode: 3, rs1_addr: 13, rs1_rdata: 00003118, rs2_addr: 20, rs2_rdata: 00080000, rd_addr: 13, rd_wdata: 11800000, mem_addr: 11800000, mem_rdata: 00000000, mem_wdata: 00080000
ClkCycle:        200, pc_rdata: 000002d4, pc_wdata: 000002d6, insn: e41682b6, mode: 3, rs1_addr:  0, rs1_rdata: 00000000, rs2_addr: 13, rs2_rdata: 00003118, rd_addr:  5, rd_wdata: 11800000, mem_addr: 11800000, mem_rdata: 00000000, mem_wdata: 11800000
ClkCycle:        201, pc_rdata: 000002d6, pc_wdata: 000002da, insn: e41682b6, mode: 3, rs1_addr:  0, rs1_rdata: 00000000, rs2_addr:  0, rs2_rdata: 00000000, rd_addr:  0, rd_wdata: 00000000, mem_addr: 00000000, mem_rdata: 00000000, mem_wdata: 00000000
0010000311800000
ClkCycle:        202, pc_rdata: 000002da, pc_wdata: 000002dc, insn: 01531313, mode: 3, rs1_addr:  2, rs1_rdata: fbffdf28, rs2_addr:  5, rs2_rdata: eedbfbff, rd_addr:  8, rd_wdata: fbffdf30, mem_addr: fbffdf30, mem_rdata: 00000000, mem_wdata: 11800000
ClkCycle:        203, pc_rdata: 000002dc, pc_wdata: 000002e0, insn: 01531313, mode: 3, rs1_addr:  6, rs1_rdata: bffeffff, rs2_addr: 21, rs2_rdata: eedbfbff, rd_addr:  6, rd_wdata: ffe00000, mem_addr: ffe00000, mem_rdata: 00000000, mem_wdata: eedbfbff
ClkCycle:        204, pc_rdata: 000002e0, pc_wdata: 000002e2, insn: e806809a, mode: 3, rs1_addr:  0, rs1_rdata: 00000000, rs2_addr:  6, rs2_rdata: bffeffff, rd_addr:  1, rd_wdata: ffe00000, mem_addr: ffe00000, mem_rdata: 00000000, mem_wdata: ffe00000
ClkCycle:        205, pc_rdata: 000002e2, pc_wdata: 000002e6, insn: e806809a, mode: 3, rs1_addr:  0, rs1_rdata: 00000000, rs2_addr:  0, rs2_rdata: 00000000, rd_addr:  0, rd_wdata: 00000000, mem_addr: 00000000, mem_rdata: 00000000, mem_wdata: 00000000
fff7ffdfffe00000
ClkCycle:        206, pc_rdata: 000002e6, pc_wdata: 000002e8, insn: 01679793, mode: 3, rs1_addr:  2, rs1_rdata: fbffdf28, rs2_addr:  1, rs2_rdata: 00000008, rd_addr: 16, rd_wdata: fbffdf38, mem_addr: fbffdf38, mem_rdata: 00000000, mem_wdata: ffe00000
ClkCycle:        207, pc_rdata: 000002e8, pc_wdata: 000002ec, insn: 01679793, mode: 3, rs1_addr: 15, rs1_rdata: 0000000f, rs2_addr: 22, rs2_rdata: 00000000, rd_addr: 15, rd_wdata: 03c00000, mem_addr: 03c00000, mem_rdata: 00000000, mem_wdata: 00000000
ClkCycle:        208, pc_rdata: 000002ec, pc_wdata: 000002ee, insn: ec6a8d3e, mode: 3, rs1_addr:  0, rs1_rdata: 00000000, rs2_addr: 15, rs2_rdata: 0000000f, rd_addr: 26, rd_wdata: 03c00000, mem_addr: 03c00000, mem_rdata: 00000000, mem_wdata: 03c00000
ClkCycle:        209, pc_rdata: 000002ee, pc_wdata: 000002f2, insn: ec6a8d3e, mode: 3, rs1_addr:  0, rs1_rdata: 00000000, rs2_addr:  0, rs2_rdata: 00000000, rd_addr:  0, rd_wdata: 00000000, mem_addr: 00000000, mem_rdata: 00000000, mem_wdata: 00000000
0000000003c00000
ClkCycle:        210, pc_rdata: 000002f2, pc_wdata: 000002f4, insn: 01751513, mode: 3, rs1_addr:  2, rs1_rdata: fbffdf28, rs2_addr: 26, rs2_rdata: 00000000, rd_addr: 24, rd_wdata: fbffdf40, mem_addr: fbffdf40, mem_rdata: 00000000, mem_wdata: 03c00000
ClkCycle:        211, pc_rdata: 000002f4, pc_wdata: 000002f8, insn: 01751513, mode: 3, rs1_addr: 10, rs1_rdata: 00000001, rs2_addr: 23, rs2_rdata: 00000400, rd_addr: 10, rd_wdata: 00800000, mem_addr: 00800000, mem_rdata: 00000000, mem_wdata: 00000400
ClkCycle:        212, pc_rdata: 000002f8, pc_wdata: 000002fa, insn: f0628c2a, mode: 3, rs1_addr:  0, rs1_rdata: 00000000, rs2_addr: 10, rs2_rdata: 00000001, rd_addr: 24, rd_wdata: 00800000, mem_addr: 00800000, mem_rdata: 00000000, mem_wdata: 00800000
ClkCycle:        213, pc_rdata: 000002fa, pc_wdata: 000002fe, insn: f0628c2a, mode: 3, rs1_addr:  0, rs1_rdata: 00000000, rs2_addr:  0, rs2_rdata: 00000000, rd_addr:  0, rd_wdata: 00000000, mem_addr: 00000000, mem_rdata: 00000000, mem_wdata: 00000000
0000000000800000
ClkCycle:        214, pc_rdata: 000002fe, pc_wdata: 00000300, insn: 018f1f13, mode: 3, rs1_addr:  2, rs1_rdata: fbffdf28, rs2_addr: 24, rs2_rdata: 00000100, rd_addr:  0, rd_wdata: fbffdf48, mem_addr: fbffdf48, mem_rdata: 00000000, mem_wdata: 00800000
ClkCycle:        215, pc_rdata: 00000300, pc_wdata: 00000304, insn: 018f1f13, mode: 3, rs1_addr: 30, rs1_rdata: 00000000, rs2_addr: 24, rs2_rdata: 00800000, rd_addr: 30, rd_wdata: 00000000, mem_addr: 00000000, mem_rdata: 00000000, mem_wdata: 00800000
ClkCycle:        216, pc_rdata: 00000304, pc_wdata: 00000306, insn: f4728e7a, mode: 3, rs1_addr:  0, rs1_rdata: 00000000, rs2_addr: 30, rs2_rdata: 00000000, rd_addr: 28, rd_wdata: 00000000, mem_addr: 00000000, mem_rdata: 00000000, mem_wdata: 00000000
ClkCycle:        217, pc_rdata: 00000306, pc_wdata: 0000030a, insn: f4728e7a, mode: 3, rs1_addr:  0, rs1_rdata: 00000000, rs2_addr:  0, rs2_rdata: 00000000, rd_addr:  0, rd_wdata: 00000000, mem_addr: 00000000, mem_rdata: 00000000, mem_wdata: 00000000
0000000000000000
ClkCycle:        218, pc_rdata: 0000030a, pc_wdata: 0000030c, insn: 01999993, mode: 3, rs1_addr:  2, rs1_rdata: fbffdf28, rs2_addr: 28, rs2_rdata: 00000000, rd_addr:  8, rd_wdata: fbffdf50, mem_addr: fbffdf50, mem_rdata: 00000000, mem_wdata: 00000000
ClkCycle:        219, pc_rdata: 0000030c, pc_wdata: 00000310, insn: 01999993, mode: 3, rs1_addr: 19, rs1_rdata: e0000000, rs2_addr: 25, rs2_rdata: 00080000, rd_addr: 19, rd_wdata: 00000000, mem_addr: 00000000, mem_rdata: 00000000, mem_wdata: 00080000
ClkCycle:        220, pc_rdata: 00000310, pc_wdata: 00000312, insn: f85e8bce, mode: 3, rs1_addr:  0, rs1_rdata: 00000000, rs2_addr: 19, rs2_rdata: e0000000, rd_addr: 23, rd_wdata: 00000000, mem_addr: 00000000, mem_rdata: 00000000, mem_wdata: 00000000
ClkCycle:        221, pc_rdata: 00000312, pc_wdata: 00000316, insn: f85e8bce, mode: 3, rs1_addr:  0, rs1_rdata: 00000000, rs2_addr:  0, rs2_rdata: 00000000, rd_addr:  0, rd_wdata: 00000000, mem_addr: 00000000, mem_rdata: 00000000, mem_wdata: 00000000
ffc0000000000000
ClkCycle:        222, pc_rdata: 00000316, pc_wdata: 00000318, insn: 01a59593, mode: 3, rs1_addr:  2, rs1_rdata: fbffdf28, rs2_addr: 23, rs2_rdata: 00000400, rd_addr: 16, rd_wdata: fbffdf58, mem_addr: fbffdf58, mem_rdata: 00000000, mem_wdata: 00000000
ClkCycle:        223, pc_rdata: 00000318, pc_wdata: 0000031c, insn: 01a59593, mode: 3, rs1_addr: 11, rs1_rdata: 80000000, rs2_addr: 26, rs2_rdata: 03c00000, rd_addr: 11, rd_wdata: 00000000, mem_addr: 00000000, mem_rdata: 00000000, mem_wdata: 03c00000
ClkCycle:        224, pc_rdata: 0000031c, pc_wdata: 0000031e, insn: fc7a8f2e, mode: 3, rs1_addr:  0, rs1_rdata: 00000000, rs2_addr: 11, rs2_rdata: 80000000, rd_addr: 30, rd_wdata: 00000000, mem_addr: 00000000, mem_rdata: 00000000, mem_wdata: 00000000
ClkCycle:        225, pc_rdata: 0000031e, pc_wdata: 00000322, insn: fc7a8f2e, mode: 3, rs1_addr:  0, rs1_rdata: 00000000, rs2_addr:  0, rs2_rdata: 00000000, rd_addr:  0, rd_wdata: 00000000, mem_addr: 00000000, mem_rdata: 00000000, mem_wdata: 00000000
fe00000000000000
ClkCycle:        226, pc_rdata: 00000322, pc_wdata: 00000324, insn: 01bd9d93, mode: 3, rs1_addr:  2, rs1_rdata: fbffdf28, rs2_addr: 30, rs2_rdata: 00000000, rd_addr: 24, rd_wdata: fbffdf60, mem_addr: fbffdf60, mem_rdata: 00000000, mem_wdata: 00000000
ClkCycle:        227, pc_rdata: 00000324, pc_wdata: 00000328, insn: 01bd9d93, mode: 3, rs1_addr: 27, rs1_rdata: 00000008, rs2_addr: 27, rs2_rdata: 00000008, rd_addr: 27, rd_wdata: 40000000, mem_addr: 40000000, mem_rdata: 00000000, mem_wdata: 00000008
ClkCycle:        228, pc_rdata: 00000328, pc_wdata: 0000032a, insn: e0b686ee, mode: 3, rs1_addr:  0, rs1_rdata: 00000000, rs2_addr: 27, rs2_rdata: 00000008, rd_addr: 13, rd_wdata: 40000000, mem_addr: 40000000, mem_rdata: 00000000, mem_wdata: 40000000
ClkCycle:        229, pc_rdata: 0000032a, pc_wdata: 0000032e, insn: e0b686ee, mode: 3, rs1_addr:  0, rs1_rdata: 00000000, rs2_addr:  0, rs2_rdata: 00000000, rd_addr:  0, rd_wdata: 00000000, mem_addr: 00000000, mem_rdata: 00000000, mem_wdata: 00000000
0000000040000000
ClkCycle:        230, pc_rdata: 0000032e, pc_wdata: 00000330, insn: 01ce1e13, mode: 3, rs1_addr:  2, rs1_rdata: fbffdf28, rs2_addr: 13, rs2_rdata: 11800000, rd_addr:  0, rd_wdata: fbffdf68, mem_addr: fbffdf68, mem_rdata: 00000000, mem_wdata: 40000000
ClkCycle:        231, pc_rdata: 00000330, pc_wdata: 00000334, insn: 01ce1e13, mode: 3, rs1_addr: 28, rs1_rdata: 00000000, rs2_addr: 28, rs2_rdata: 00000000, rd_addr: 28, rd_wdata: 00000000, mem_addr: 00000000, mem_rdata: 00000000, mem_wdata: 00000000
ClkCycle:        232, pc_rdata: 00000334, pc_wdata: 00000336, insn: e4c28872, mode: 3, rs1_addr:  0, rs1_rdata: 00000000, rs2_addr: 28, rs2_rdata: 00000000, rd_addr: 16, rd_wdata: 00000000, mem_addr: 00000000, mem_rdata: 00000000, mem_wdata: 00000000
ClkCycle:        233, pc_rdata: 00000336, pc_wdata: 0000033a, insn: e4c28872, mode: 3, rs1_addr:  0, rs1_rdata: 00000000, rs2_addr:  0, rs2_rdata: 00000000, rd_addr:  0, rd_wdata: 00000000, mem_addr: 00000000, mem_rdata: 00000000, mem_wdata: 00000000
0000000000000000
ClkCycle:        234, pc_rdata: 0000033a, pc_wdata: 0000033c, insn: 01d59593, mode: 3, rs1_addr:  2, rs1_rdata: fbffdf28, rs2_addr: 16, rs2_rdata: bfddb000, rd_addr:  8, rd_wdata: fbffdf70, mem_addr: fbffdf70, mem_rdata: 00000000, mem_wdata: 00000000
ClkCycle:        235, pc_rdata: 0000033c, pc_wdata: 00000340, insn: 01d59593, mode: 3, rs1_addr: 11, rs1_rdata: 00000000, rs2_addr: 29, rs2_rdata: 00000000, rd_addr: 11, rd_wdata: 00000000, mem_addr: 00000000, mem_rdata: 00000000, mem_wdata: 00000000
ClkCycle:        236, pc_rdata: 00000340, pc_wdata: 00000342, insn: e8aa852e, mode: 3, rs1_addr:  0, rs1_rdata: 00000000, rs2_addr: 11, rs2_rdata: 00000000, rd_addr: 10, rd_wdata: 00000000, mem_addr: 00000000, mem_rdata: 00000000, mem_wdata: 00000000
ClkCycle:        237, pc_rdata: 00000342, pc_wdata: 00000346, insn: e8aa852e, mode: 3, rs1_addr:  0, rs1_rdata: 00000000, rs2_addr:  0, rs2_rdata: 00000000, rd_addr:  0, rd_wdata: 00000000, mem_addr: 00000000, mem_rdata: 00000000, mem_wdata: 00000000
0000000000000000
ClkCycle:        238, pc_rdata: 00000346, pc_wdata: 00000348, insn: 01e59593, mode: 3, rs1_addr:  2, rs1_rdata: fbffdf28, rs2_addr: 10, rs2_rdata: 00800000, rd_addr: 16, rd_wdata: fbffdf78, mem_addr: fbffdf78, mem_rdata: 00000000, mem_wdata: 00000000
ClkCycle:        239, pc_rdata: 00000348, pc_wdata: 0000034c, insn: 01e59593, mode: 3, rs1_addr: 11, rs1_rdata: 00000000, rs2_addr: 30, rs2_rdata: 00000000, rd_addr: 11, rd_wdata: 00000000, mem_addr: 00000000, mem_rdata: 00000000, mem_wdata: 00000000
ClkCycle:        240, pc_rdata: 0000034c, pc_wdata: 0000034e, insn: ecaa852e, mode: 3, rs1_addr:  0, rs1_rdata: 00000000, rs2_addr: 11, rs2_rdata: 00000000, rd_addr: 10, rd_wdata: 00000000, mem_addr: 00000000, mem_rdata: 00000000, mem_wdata: 00000000
ClkCycle:        241, pc_rdata: 0000034e, pc_wdata: 00000352, insn: ecaa852e, mode: 3, rs1_addr:  0, rs1_rdata: 00000000, rs2_addr:  0, rs2_rdata: 00000000, rd_addr:  0, rd_wdata: 00000000, mem_addr: 00000000, mem_rdata: 00000000, mem_wdata: 00000000
0000000000000000
ClkCycle:        242, pc_rdata: 00000352, pc_wdata: 00000354, insn: 01f59593, mode: 3, rs1_addr:  2, rs1_rdata: fbffdf28, rs2_addr: 10, rs2_rdata: 00000000, rd_addr: 24, rd_wdata: fbffdf80, mem_addr: fbffdf80, mem_rdata: 00000000, mem_wdata: 00000000
ClkCycle:        243, pc_rdata: 00000354, pc_wdata: 00000358, insn: 01f59593, mode: 3, rs1_addr: 11, rs1_rdata: 00000000, rs2_addr: 31, rs2_rdata: 00000000, rd_addr: 11, rd_wdata: 00000000, mem_addr: 00000000, mem_rdata: 00000000, mem_wdata: 00000000
ClkCycle:        244, pc_rdata: 00000358, pc_wdata: 0000035a, insn: f0aa852e, mode: 3, rs1_addr:  0, rs1_rdata: 00000000, rs2_addr: 11, rs2_rdata: 00000000, rd_addr: 10, rd_wdata: 00000000, mem_addr: 00000000, mem_rdata: 00000000, mem_wdata: 00000000
ClkCycle:        245, pc_rdata: 0000035a, pc_wdata: 0000035e, insn: f0aa852e, mode: 3, rs1_addr:  0, rs1_rdata: 00000000, rs2_addr:  0, rs2_rdata: 00000000, rd_addr:  0, rd_wdata: 00000000, mem_addr: 00000000, mem_rdata: 00000000, mem_wdata: 00000000
0000000000000000
ClkCycle:        246, pc_rdata: 0000035e, pc_wdata: 00000360, insn: 02059593, mode: 3, rs1_addr:  2, rs1_rdata: fbffdf28, rs2_addr: 10, rs2_rdata: 00000000, rd_addr:  0, rd_wdata: fbffdf88, mem_addr: fbffdf88, mem_rdata: 00000000, mem_wdata: 00000000
ClkCycle:        247, pc_rdata: 00000360, pc_wdata: 00000364, insn: 02059593, mode: 3, rs1_addr: 11, rs1_rdata: 00000000, rs2_addr:  0, rs2_rdata: 00000000, rd_addr: 11, rd_wdata: 00000000, mem_addr: 00000000, mem_rdata: 00000000, mem_wdata: 00000000
ClkCycle:        248, pc_rdata: 00000364, pc_wdata: 00000366, insn: f4aa852e, mode: 3, rs1_addr:  0, rs1_rdata: 00000000, rs2_addr: 11, rs2_rdata: 00000000, rd_addr: 10, rd_wdata: 00000000, mem_addr: 00000000, mem_rdata: 00000000, mem_wdata: 00000000
ClkCycle:        249, pc_rdata: 00000366, pc_wdata: 0000036a, insn: f4aa852e, mode: 3, rs1_addr:  0, rs1_rdata: 00000000, rs2_addr:  0, rs2_rdata: 00000000, rd_addr:  0, rd_wdata: 00000000, mem_addr: 00000000, mem_rdata: 00000000, mem_wdata: 00000000
0000000000000000
ClkCycle:        250, pc_rdata: 0000036a, pc_wdata: 0000036c, insn: 02159593, mode: 3, rs1_addr:  2, rs1_rdata: fbffdf28, rs2_addr: 10, rs2_rdata: 00000000, rd_addr:  8, rd_wdata: fbffdf90, mem_addr: fbffdf90, mem_rdata: 00000000, mem_wdata: 00000000
ClkCycle:        251, pc_rdata: 0000036c, pc_wdata: 00000370, insn: 02159593, mode: 3, rs1_addr: 11, rs1_rdata: 00000000, rs2_addr:  1, rs2_rdata: ffe00000, rd_addr: 11, rd_wdata: 00000000, mem_addr: 00000000, mem_rdata: 00000000, mem_wdata: ffe00000
ClkCycle:        252, pc_rdata: 00000370, pc_wdata: 00000372, insn: f8aa852e, mode: 3, rs1_addr:  0, rs1_rdata: 00000000, rs2_addr: 11, rs2_rdata: 00000000, rd_addr: 10, rd_wdata: 00000000, mem_addr: 00000000, mem_rdata: 00000000, mem_wdata: 00000000
ClkCycle:        253, pc_rdata: 00000372, pc_wdata: 00000376, insn: f8aa852e, mode: 3, rs1_addr:  0, rs1_rdata: 00000000, rs2_addr:  0, rs2_rdata: 00000000, rd_addr:  0, rd_wdata: 00000000, mem_addr: 00000000, mem_rdata: 00000000, mem_wdata: 00000000
0000000000000000
ClkCycle:        254, pc_rdata: 00000376, pc_wdata: 00000378, insn: 02259593, mode: 3, rs1_addr:  2, rs1_rdata: fbffdf28, rs2_addr: 10, rs2_rdata: 00000000, rd_addr: 16, rd_wdata: fbffdf98, mem_addr: fbffdf98, mem_rdata: 00000000, mem_wdata: 00000000
ClkCycle:        255, pc_rdata: 00000378, pc_wdata: 0000037c, insn: 02259593, mode: 3, rs1_addr: 11, rs1_rdata: 00000000, rs2_addr:  2, rs2_rdata: fbffdf28, rd_addr: 11, rd_wdata: 00000000, mem_addr: 00000000, mem_rdata: 00000000, mem_wdata: fbffdf28
ClkCycle:        256, pc_rdata: 0000037c, pc_wdata: 0000037e, insn: fcaa852e, mode: 3, rs1_addr:  0, rs1_rdata: 00000000, rs2_addr: 11, rs2_rdata: 00000000, rd_addr: 10, rd_wdata: 00000000, mem_addr: 00000000, mem_rdata: 00000000, mem_wdata: 00000000
ClkCycle:        257, pc_rdata: 0000037e, pc_wdata: 00000382, insn: fcaa852e, mode: 3, rs1_addr:  0, rs1_rdata: 00000000, rs2_addr:  0, rs2_rdata: 00000000, rd_addr:  0, rd_wdata: 00000000, mem_addr: 00000000, mem_rdata: 00000000, mem_wdata: 00000000
0000000000000000
ClkCycle:        258, pc_rdata: 00000382, pc_wdata: 00000384, insn: 02359593, mode: 3, rs1_addr:  2, rs1_rdata: fbffdf28, rs2_addr: 10, rs2_rdata: 00000000, rd_addr: 24, rd_wdata: fbffdfa0, mem_addr: fbffdfa0, mem_rdata: 00000000, mem_wdata: 00000000
ClkCycle:        259, pc_rdata: 00000384, pc_wdata: 00000388, insn: 02359593, mode: 3, rs1_addr: 11, rs1_rdata: 00000000, rs2_addr:  3, rs2_rdata: 003fbb6c, rd_addr: 11, rd_wdata: 00000000, mem_addr: 00000000, mem_rdata: 00000000, mem_wdata: 003fbb6c
ClkCycle:        260, pc_rdata: 00000388, pc_wdata: 0000038a, insn: e12a852e, mode: 3, rs1_addr:  0, rs1_rdata: 00000000, rs2_addr: 11, rs2_rdata: 00000000, rd_addr: 10, rd_wdata: 00000000, mem_addr: 00000000, mem_rdata: 00000000, mem_wdata: 00000000
ClkCycle:        261, pc_rdata: 0000038a, pc_wdata: 0000038e, insn: e12a852e, mode: 3, rs1_addr:  0, rs1_rdata: 00000000, rs2_addr:  0, rs2_rdata: 00000000, rd_addr:  0, rd_wdata: 00000000, mem_addr: 00000000, mem_rdata: 00000000, mem_wdata: 00000000
0000000000000000
ClkCycle:        262, pc_rdata: 0000038e, pc_wdata: 00000390, insn: 02459593, mode: 3, rs1_addr:  2, rs1_rdata: fbffdf28, rs2_addr: 10, rs2_rdata: 00000000, rd_addr:  0, rd_wdata: fbffdfa8, mem_addr: fbffdfa8, mem_rdata: 00000000, mem_wdata: 00000000
ClkCycle:        263, pc_rdata: 00000390, pc_wdata: 00000394, insn: 02459593, mode: 3, rs1_addr: 11, rs1_rdata: 00000000, rs2_addr:  4, rs2_rdata: fc020000, rd_addr: 11, rd_wdata: 00000000, mem_addr: 00000000, mem_rdata: 00000000, mem_wdata: fc020000
ClkCycle:        264, pc_rdata: 00000394, pc_wdata: 00000396, insn: e52a852e, mode: 3, rs1_addr:  0, rs1_rdata: 00000000, rs2_addr: 11, rs2_rdata: 00000000, rd_addr: 10, rd_wdata: 00000000, mem_addr: 00000000, mem_rdata: 00000000, mem_wdata: 00000000
ClkCycle:        265, pc_rdata: 00000396, pc_wdata: 0000039a, insn: e52a852e, mode: 3, rs1_addr:  0, rs1_rdata: 00000000, rs2_addr:  0, rs2_rdata: 00000000, rd_addr:  0, rd_wdata: 00000000, mem_addr: 00000000, mem_rdata: 00000000, mem_wdata: 00000000
0000000000000000
ClkCycle:        266, pc_rdata: 0000039a, pc_wdata: 0000039c, insn: 02559593, mode: 3, rs1_addr:  2, rs1_rdata: fbffdf28, rs2_addr: 10, rs2_rdata: 00000000, rd_addr:  8, rd_wdata: fbffdfb0, mem_addr: fbffdfb0, mem_rdata: 00000000, mem_wdata: 00000000
ClkCycle:        267, pc_rdata: 0000039c, pc_wdata: 000003a0, insn: 02559593, mode: 3, rs1_addr: 11, rs1_rdata: 00000000, rs2_addr:  5, rs2_rdata: 11800000, rd_addr: 11, rd_wdata: 00000000, mem_addr: 00000000, mem_rdata: 00000000, mem_wdata: 11800000
ClkCycle:        268, pc_rdata: 000003a0, pc_wdata: 000003a2, insn: e92a852e, mode: 3, rs1_addr:  0, rs1_rdata: 00000000, rs2_addr: 11, rs2_rdata: 00000000, rd_addr: 10, rd_wdata: 00000000, mem_addr: 00000000, mem_rdata: 00000000, mem_wdata: 00000000
ClkCycle:        269, pc_rdata: 000003a2, pc_wdata: 000003a6, insn: e92a852e, mode: 3, rs1_addr:  0, rs1_rdata: 00000000, rs2_addr:  0, rs2_rdata: 00000000, rd_addr:  0, rd_wdata: 00000000, mem_addr: 00000000, mem_rdata: 00000000, mem_wdata: 00000000
0000000000000000
ClkCycle:        270, pc_rdata: 000003a6, pc_wdata: 000003a8, insn: 02659593, mode: 3, rs1_addr:  2, rs1_rdata: fbffdf28, rs2_addr: 10, rs2_rdata: 00000000, rd_addr: 16, rd_wdata: fbffdfb8, mem_addr: fbffdfb8, mem_rdata: 00000000, mem_wdata: 00000000
ClkCycle:        271, pc_rdata: 000003a8, pc_wdata: 000003ac, insn: 02659593, mode: 3, rs1_addr: 11, rs1_rdata: 00000000, rs2_addr:  6, rs2_rdata: ffe00000, rd_addr: 11, rd_wdata: 00000000, mem_addr: 00000000, mem_rdata: 00000000, mem_wdata: ffe00000
ClkCycle:        272, pc_rdata: 000003ac, pc_wdata: 000003ae, insn: ed2a852e, mode: 3, rs1_addr:  0, rs1_rdata: 00000000, rs2_addr: 11, rs2_rdata: 00000000, rd_addr: 10, rd_wdata: 00000000, mem_addr: 00000000, mem_rdata: 00000000, mem_wdata: 00000000
ClkCycle:        273, pc_rdata: 000003ae, pc_wdata: 000003b2, insn: ed2a852e, mode: 3, rs1_addr:  0, rs1_rdata: 00000000, rs2_addr:  0, rs2_rdata: 00000000, rd_addr:  0, rd_wdata: 00000000, mem_addr: 00000000, mem_rdata: 00000000, mem_wdata: 00000000
0000000000000000
ClkCycle:        274, pc_rdata: 000003b2, pc_wdata: 000003b4, insn: 02759593, mode: 3, rs1_addr:  2, rs1_rdata: fbffdf28, rs2_addr: 10, rs2_rdata: 00000000, rd_addr: 24, rd_wdata: fbffdfc0, mem_addr: fbffdfc0, mem_rdata: 00000000, mem_wdata: 00000000
ClkCycle:        275, pc_rdata: 000003b4, pc_wdata: 000003b8, insn: 02759593, mode: 3, rs1_addr: 11, rs1_rdata: 00000000, rs2_addr:  7, rs2_rdata: fc020000, rd_addr: 11, rd_wdata: 00000000, mem_addr: 00000000, mem_rdata: 00000000, mem_wdata: fc020000
ClkCycle:        276, pc_rdata: 000003b8, pc_wdata: 000003ba, insn: f12a852e, mode: 3, rs1_addr:  0, rs1_rdata: 00000000, rs2_addr: 11, rs2_rdata: 00000000, rd_addr: 10, rd_wdata: 00000000, mem_addr: 00000000, mem_rdata: 00000000, mem_wdata: 00000000
ClkCycle:        277, pc_rdata: 000003ba, pc_wdata: 000003be, insn: f12a852e, mode: 3, rs1_addr:  0, rs1_rdata: 00000000, rs2_addr:  0, rs2_rdata: 00000000, rd_addr:  0, rd_wdata: 00000000, mem_addr: 00000000, mem_rdata: 00000000, mem_wdata: 00000000
0000000000000000
ClkCycle:        278, pc_rdata: 000003be, pc_wdata: 000003c0, insn: 02859593, mode: 3, rs1_addr:  2, rs1_rdata: fbffdf28, rs2_addr: 10, rs2_rdata: 00000000, rd_addr:  0, rd_wdata: fbffdfc8, mem_addr: fbffdfc8, mem_rdata: 00000000, mem_wdata: 00000000
ClkCycle:        279, pc_rdata: 000003c0, pc_wdata: 000003c4, insn: 02859593, mode: 3, rs1_addr: 11, rs1_rdata: 00000000, rs2_addr:  8, rs2_rdata: fbffe010, rd_addr: 11, rd_wdata: 00000000, mem_addr: 00000000, mem_rdata: 00000000, mem_wdata: fbffe010
ClkCycle:        280, pc_rdata: 000003c4, pc_wdata: 000003c6, insn: f52a852e, mode: 3, rs1_addr:  0, rs1_rdata: 00000000, rs2_addr: 11, rs2_rdata: 00000000, rd_addr: 10, rd_wdata: 00000000, mem_addr: 00000000, mem_rdata: 00000000, mem_wdata: 00000000
ClkCycle:        281, pc_rdata: 000003c6, pc_wdata: 000003ca, insn: f52a852e, mode: 3, rs1_addr:  0, rs1_rdata: 00000000, rs2_addr:  0, rs2_rdata: 00000000, rd_addr:  0, rd_wdata: 00000000, mem_addr: 00000000, mem_rdata: 00000000, mem_wdata: 00000000
0000000000000000
ClkCycle:        282, pc_rdata: 000003ca, pc_wdata: 000003cc, insn: 02959593, mode: 3, rs1_addr:  2, rs1_rdata: fbffdf28, rs2_addr: 10, rs2_rdata: 00000000, rd_addr:  8, rd_wdata: fbffdfd0, mem_addr: fbffdfd0, mem_rdata: 00000000, mem_wdata: 00000000
ClkCycle:        283, pc_rdata: 000003cc, pc_wdata: 000003d0, insn: 02959593, mode: 3, rs1_addr: 11, rs1_rdata: 00000000, rs2_addr:  9, rs2_rdata: 001f56ff, rd_addr: 11, rd_wdata: 00000000, mem_addr: 00000000, mem_rdata: 00000000, mem_wdata: 001f56ff
ClkCycle:        284, pc_rdata: 000003d0, pc_wdata: 000003d2, insn: f92a852e, mode: 3, rs1_addr:  0, rs1_rdata: 00000000, rs2_addr: 11, rs2_rdata: 00000000, rd_addr: 10, rd_wdata: 00000000, mem_addr: 00000000, mem_rdata: 00000000, mem_wdata: 00000000
ClkCycle:        285, pc_rdata: 000003d2, pc_wdata: 000003d6, insn: f92a852e, mode: 3, rs1_addr:  0, rs1_rdata: 00000000, rs2_addr:  0, rs2_rdata: 00000000, rd_addr:  0, rd_wdata: 00000000, mem_addr: 00000000, mem_rdata: 00000000, mem_wdata: 00000000
0000000000000000
ClkCycle:        286, pc_rdata: 000003d6, pc_wdata: 000003d8, insn: 02a59593, mode: 3, rs1_addr:  2, rs1_rdata: fbffdf28, rs2_addr: 10, rs2_rdata: 00000000, rd_addr: 16, rd_wdata: fbffdfd8, mem_addr: fbffdfd8, mem_rdata: 00000000, mem_wdata: 00000000
ClkCycle:        287, pc_rdata: 000003d8, pc_wdata: 000003dc, insn: 02a59593, mode: 3, rs1_addr: 11, rs1_rdata: 00000000, rs2_addr: 10, rs2_rdata: 00000000, rd_addr: 11, rd_wdata: 00000000, mem_addr: 00000000, mem_rdata: 00000000, mem_wdata: 00000000
ClkCycle:        288, pc_rdata: 000003dc, pc_wdata: 000003de, insn: fd2a852e, mode: 3, rs1_addr:  0, rs1_rdata: 00000000, rs2_addr: 11, rs2_rdata: 00000000, rd_addr: 10, rd_wdata: 00000000, mem_addr: 00000000, mem_rdata: 00000000, mem_wdata: 00000000
ClkCycle:        289, pc_rdata: 000003de, pc_wdata: 000003e2, insn: fd2a852e, mode: 3, rs1_addr:  0, rs1_rdata: 00000000, rs2_addr:  0, rs2_rdata: 00000000, rd_addr:  0, rd_wdata: 00000000, mem_addr: 00000000, mem_rdata: 00000000, mem_wdata: 00000000
0000000000000000
ClkCycle:        290, pc_rdata: 000003e2, pc_wdata: 000003e4, insn: 02b59593, mode: 3, rs1_addr:  2, rs1_rdata: fbffdf28, rs2_addr: 10, rs2_rdata: 00000000, rd_addr: 24, rd_wdata: fbffdfe0, mem_addr: fbffdfe0, mem_rdata: 00000000, mem_wdata: 00000000
ClkCycle:        291, pc_rdata: 000003e4, pc_wdata: 000003e8, insn: 02b59593, mode: 3, rs1_addr: 11, rs1_rdata: 00000000, rs2_addr: 11, rs2_rdata: 00000000, rd_addr: 11, rd_wdata: 00000000, mem_addr: 00000000, mem_rdata: 00000000, mem_wdata: 00000000
ClkCycle:        292, pc_rdata: 000003e8, pc_wdata: 000003ea, insn: e1aa852e, mode: 3, rs1_addr:  0, rs1_rdata: 00000000, rs2_addr: 11, rs2_rdata: 00000000, rd_addr: 10, rd_wdata: 00000000, mem_addr: 00000000, mem_rdata: 00000000, mem_wdata: 00000000
ClkCycle:        293, pc_rdata: 000003ea, pc_wdata: 000003ee, insn: e1aa852e, mode: 3, rs1_addr:  0, rs1_rdata: 00000000, rs2_addr:  0, rs2_rdata: 00000000, rd_addr:  0, rd_wdata: 00000000, mem_addr: 00000000, mem_rdata: 00000000, mem_wdata: 00000000
0000000000000000
ClkCycle:        294, pc_rdata: 000003ee, pc_wdata: 000003f0, insn: 02c59593, mode: 3, rs1_addr:  2, rs1_rdata: fbffdf28, rs2_addr: 10, rs2_rdata: 00000000, rd_addr:  0, rd_wdata: fbffdfe8, mem_addr: fbffdfe8, mem_rdata: 00000000, mem_wdata: 00000000
ClkCycle:        295, pc_rdata: 000003f0, pc_wdata: 000003f4, insn: 02c59593, mode: 3, rs1_addr: 11, rs1_rdata: 00000000, rs2_addr: 12, rs2_rdata: fbffe000, rd_addr: 11, rd_wdata: 00000000, mem_addr: 00000000, mem_rdata: 00000000, mem_wdata: fbffe000
ClkCycle:        296, pc_rdata: 000003f4, pc_wdata: 000003f6, insn: e5aa852e, mode: 3, rs1_addr:  0, rs1_rdata: 00000000, rs2_addr: 11, rs2_rdata: 00000000, rd_addr: 10, rd_wdata: 00000000, mem_addr: 00000000, mem_rdata: 00000000, mem_wdata: 00000000
ClkCycle:        297, pc_rdata: 000003f6, pc_wdata: 000003fa, insn: e5aa852e, mode: 3, rs1_addr:  0, rs1_rdata: 00000000, rs2_addr:  0, rs2_rdata: 00000000, rd_addr:  0, rd_wdata: 00000000, mem_addr: 00000000, mem_rdata: 00000000, mem_wdata: 00000000
0000000000000000
ClkCycle:        298, pc_rdata: 000003fa, pc_wdata: 000003fc, insn: 02d59593, mode: 3, rs1_addr:  2, rs1_rdata: fbffdf28, rs2_addr: 10, rs2_rdata: 00000000, rd_addr:  8, rd_wdata: fbffdff0, mem_addr: fbffdff0, mem_rdata: 00000000, mem_wdata: 00000000
ClkCycle:        299, pc_rdata: 000003fc, pc_wdata: 00000400, insn: 02d59593, mode: 3, rs1_addr: 11, rs1_rdata: 00000000, rs2_addr: 13, rs2_rdata: 40000000, rd_addr: 11, rd_wdata: 00000000, mem_addr: 00000000, mem_rdata: 00000000, mem_wdata: 40000000
ClkCycle:        300, pc_rdata: 00000400, pc_wdata: 00000402, insn: e9aa852e, mode: 3, rs1_addr:  0, rs1_rdata: 00000000, rs2_addr: 11, rs2_rdata: 00000000, rd_addr: 10, rd_wdata: 00000000, mem_addr: 00000000, mem_rdata: 00000000, mem_wdata: 00000000
ClkCycle:        301, pc_rdata: 00000402, pc_wdata: 00000406, insn: e9aa852e, mode: 3, rs1_addr:  0, rs1_rdata: 00000000, rs2_addr:  0, rs2_rdata: 00000000, rd_addr:  0, rd_wdata: 00000000, mem_addr: 00000000, mem_rdata: 00000000, mem_wdata: 00000000
0000000000000000
ClkCycle:        302, pc_rdata: 00000406, pc_wdata: 00000408, insn: 02e59593, mode: 3, rs1_addr:  2, rs1_rdata: fbffdf28, rs2_addr: 10, rs2_rdata: 00000000, rd_addr: 16, rd_wdata: fbffdff8, mem_addr: fbffdff8, mem_rdata: 00000000, mem_wdata: 00000000
ClkCycle:        303, pc_rdata: 00000408, pc_wdata: 0000040c, insn: 02e59593, mode: 3, rs1_addr: 11, rs1_rdata: 00000000, rs2_addr: 14, rs2_rdata: 0000000f, rd_addr: 11, rd_wdata: 00000000, mem_addr: 00000000, mem_rdata: 00000000, mem_wdata: 0000000f
ClkCycle:        304, pc_rdata: 0000040c, pc_wdata: 0000040e, insn: edaa852e, mode: 3, rs1_addr:  0, rs1_rdata: 00000000, rs2_addr: 11, rs2_rdata: 00000000, rd_addr: 10, rd_wdata: 00000000, mem_addr: 00000000, mem_rdata: 00000000, mem_wdata: 00000000
ClkCycle:        305, pc_rdata: 0000040e, pc_wdata: 00000412, insn: edaa852e, mode: 3, rs1_addr:  0, rs1_rdata: 00000000, rs2_addr:  0, rs2_rdata: 00000000, rd_addr:  0, rd_wdata: 00000000, mem_addr: 00000000, mem_rdata: 00000000, mem_wdata: 00000000
0000000000000000
ClkCycle:        306, pc_rdata: 00000412, pc_wdata: 00000414, insn: 02f59593, mode: 3, rs1_addr:  2, rs1_rdata: fbffdf28, rs2_addr: 10, rs2_rdata: 00000000, rd_addr: 24, rd_wdata: fbffe000, mem_addr: fbffe000, mem_rdata: 00000000, mem_wdata: 00000000
ClkCycle:        307, pc_rdata: 00000414, pc_wdata: 00000418, insn: 02f59593, mode: 3, rs1_addr: 11, rs1_rdata: 00000000, rs2_addr: 15, rs2_rdata: 03c00000, rd_addr: 11, rd_wdata: 00000000, mem_addr: 00000000, mem_rdata: 00000000, mem_wdata: 03c00000
ClkCycle:        308, pc_rdata: 00000418, pc_wdata: 0000041a, insn: f1aa852e, mode: 3, rs1_addr:  0, rs1_rdata: 00000000, rs2_addr: 11, rs2_rdata: 00000000, rd_addr: 10, rd_wdata: 00000000, mem_addr: 00000000, mem_rdata: 00000000, mem_wdata: 00000000
ClkCycle:        309, pc_rdata: 0000041a, pc_wdata: 0000041e, insn: f1aa852e, mode: 3, rs1_addr:  0, rs1_rdata: 00000000, rs2_addr:  0, rs2_rdata: 00000000, rd_addr:  0, rd_wdata: 00000000, mem_addr: 00000000, mem_rdata: 00000000, mem_wdata: 00000000
0000000000000000
ClkCycle:        310, pc_rdata: 0000041e, pc_wdata: 00000420, insn: 03059593, mode: 3, rs1_addr:  2, rs1_rdata: fbffdf28, rs2_addr: 10, rs2_rdata: 00000000, rd_addr:  0, rd_wdata: fbffe008, mem_addr: fbffe008, mem_rdata: 00000000, mem_wdata: 00000000
ClkCycle:        311, pc_rdata: 00000420, pc_wdata: 00000424, insn: 03059593, mode: 3, rs1_addr: 11, rs1_rdata: 00000000, rs2_addr: 16, rs2_rdata: 00000000, rd_addr: 11, rd_wdata: 00000000, mem_addr: 00000000, mem_rdata: 00000000, mem_wdata: 00000000
ClkCycle:        312, pc_rdata: 00000424, pc_wdata: 00000426, insn: f5aa852e, mode: 3, rs1_addr:  0, rs1_rdata: 00000000, rs2_addr: 11, rs2_rdata: 00000000, rd_addr: 10, rd_wdata: 00000000, mem_addr: 00000000, mem_rdata: 00000000, mem_wdata: 00000000
ClkCycle:        313, pc_rdata: 00000426, pc_wdata: 0000042a, insn: f5aa852e, mode: 3, rs1_addr:  0, rs1_rdata: 00000000, rs2_addr:  0, rs2_rdata: 00000000, rd_addr:  0, rd_wdata: 00000000, mem_addr: 00000000, mem_rdata: 00000000, mem_wdata: 00000000
0000000000000000
ClkCycle:        314, pc_rdata: 0000042a, pc_wdata: 0000042c, insn: 03159593, mode: 3, rs1_addr:  2, rs1_rdata: fbffdf28, rs2_addr: 10, rs2_rdata: 00000000, rd_addr:  8, rd_wdata: fbffe010, mem_addr: fbffe010, mem_rdata: 00000000, mem_wdata: 00000000
ClkCycle:        315, pc_rdata: 0000042c, pc_wdata: 00000430, insn: 03159593, mode: 3, rs1_addr: 11, rs1_rdata: 00000000, rs2_addr: 17, rs2_rdata: 000000fe, rd_addr: 11, rd_wdata: 00000000, mem_addr: 00000000, mem_rdata: 00000000, mem_wdata: 000000fe
ClkCycle:        316, pc_rdata: 00000430, pc_wdata: 00000432, insn: f9aa852e, mode: 3, rs1_addr:  0, rs1_rdata: 00000000, rs2_addr: 11, rs2_rdata: 00000000, rd_addr: 10, rd_wdata: 00000000, mem_addr: 00000000, mem_rdata: 00000000, mem_wdata: 00000000
ClkCycle:        317, pc_rdata: 00000432, pc_wdata: 00000436, insn: f9aa852e, mode: 3, rs1_addr:  0, rs1_rdata: 00000000, rs2_addr:  0, rs2_rdata: 00000000, rd_addr:  0, rd_wdata: 00000000, mem_addr: 00000000, mem_rdata: 00000000, mem_wdata: 00000000
0000000000000000
ClkCycle:        318, pc_rdata: 00000436, pc_wdata: 00000438, insn: 03259593, mode: 3, rs1_addr:  2, rs1_rdata: fbffdf28, rs2_addr: 10, rs2_rdata: 00000000, rd_addr: 16, rd_wdata: fbffe018, mem_addr: fbffe018, mem_rdata: 00000000, mem_wdata: 00000000
ClkCycle:        319, pc_rdata: 00000438, pc_wdata: 0000043c, insn: 03259593, mode: 3, rs1_addr: 11, rs1_rdata: 00000000, rs2_addr: 18, rs2_rdata: 00000020, rd_addr: 11, rd_wdata: 00000000, mem_addr: 00000000, mem_rdata: 00000000, mem_wdata: 00000020
ClkCycle:        320, pc_rdata: 0000043c, pc_wdata: 0000043e, insn: fdaa852e, mode: 3, rs1_addr:  0, rs1_rdata: 00000000, rs2_addr: 11, rs2_rdata: 00000000, rd_addr: 10, rd_wdata: 00000000, mem_addr: 00000000, mem_rdata: 00000000, mem_wdata: 00000000
ClkCycle:        321, pc_rdata: 0000043e, pc_wdata: 00000442, insn: fdaa852e, mode: 3, rs1_addr:  0, rs1_rdata: 00000000, rs2_addr:  0, rs2_rdata: 00000000, rd_addr:  0, rd_wdata: 00000000, mem_addr: 00000000, mem_rdata: 00000000, mem_wdata: 00000000
0000000000000000
ClkCycle:        322, pc_rdata: 00000442, pc_wdata: 00000444, insn: 03359593, mode: 3, rs1_addr:  2, rs1_rdata: fbffdf28, rs2_addr: 10, rs2_rdata: 00000000, rd_addr: 24, rd_wdata: fbffe020, mem_addr: fbffe020, mem_rdata: 00000000, mem_wdata: 00000000
ClkCycle:        323, pc_rdata: 00000444, pc_wdata: 00000448, insn: 03359593, mode: 3, rs1_addr: 11, rs1_rdata: 00000000, rs2_addr: 19, rs2_rdata: 00000000, rd_addr: 11, rd_wdata: 00000000, mem_addr: 00000000, mem_rdata: 00000000, mem_wdata: 00000000
ClkCycle:        324, pc_rdata: 00000448, pc_wdata: 0000044a, insn: e22a852e, mode: 3, rs1_addr:  0, rs1_rdata: 00000000, rs2_addr: 11, rs2_rdata: 00000000, rd_addr: 10, rd_wdata: 00000000, mem_addr: 00000000, mem_rdata: 00000000, mem_wdata: 00000000
ClkCycle:        325, pc_rdata: 0000044a, pc_wdata: 0000044e, insn: e22a852e, mode: 3, rs1_addr:  0, rs1_rdata: 00000000, rs2_addr:  0, rs2_rdata: 00000000, rd_addr:  0, rd_wdata: 00000000, mem_addr: 00000000, mem_rdata: 00000000, mem_wdata: 00000000
0000000000000000
ClkCycle:        326, pc_rdata: 0000044e, pc_wdata: 00000450, insn: 03459593, mode: 3, rs1_addr:  2, rs1_rdata: fbffdf28, rs2_addr: 10, rs2_rdata: 00000000, rd_addr:  4, rd_wdata: fbffdf2c, mem_addr: fbffdf2c, mem_rdata: 00000000, mem_wdata: 00000000
ClkCycle:        327, pc_rdata: 00000450, pc_wdata: 00000454, insn: 03459593, mode: 3, rs1_addr: 11, rs1_rdata: 00000000, rs2_addr: 20, rs2_rdata: 00080000, rd_addr: 11, rd_wdata: 00000000, mem_addr: 00000000, mem_rdata: 00000000, mem_wdata: 00080000
ClkCycle:        328, pc_rdata: 00000454, pc_wdata: 00000456, insn: e62a852e, mode: 3, rs1_addr:  0, rs1_rdata: 00000000, rs2_addr: 11, rs2_rdata: 00000000, rd_addr: 10, rd_wdata: 00000000, mem_addr: 00000000, mem_rdata: 00000000, mem_wdata: 00000000
ClkCycle:        329, pc_rdata: 00000456, pc_wdata: 0000045a, insn: e62a852e, mode: 3, rs1_addr:  0, rs1_rdata: 00000000, rs2_addr:  0, rs2_rdata: 00000000, rd_addr:  0, rd_wdata: 00000000, mem_addr: 00000000, mem_rdata: 00000000, mem_wdata: 00000000
0000000000000000
ClkCycle:        330, pc_rdata: 0000045a, pc_wdata: 0000045c, insn: 03559593, mode: 3, rs1_addr:  2, rs1_rdata: fbffdf28, rs2_addr: 10, rs2_rdata: 00000000, rd_addr: 12, rd_wdata: fbffdf34, mem_addr: fbffdf34, mem_rdata: 00000000, mem_wdata: 00000000
ClkCycle:        331, pc_rdata: 0000045c, pc_wdata: 00000460, insn: 03559593, mode: 3, rs1_addr: 11, rs1_rdata: 00000000, rs2_addr: 21, rs2_rdata: eedbfbff, rd_addr: 11, rd_wdata: 00000000, mem_addr: 00000000, mem_rdata: 00000000, mem_wdata: eedbfbff
ClkCycle:        332, pc_rdata: 00000460, pc_wdata: 00000462, insn: ea2a852e, mode: 3, rs1_addr:  0, rs1_rdata: 00000000, rs2_addr: 11, rs2_rdata: 00000000, rd_addr: 10, rd_wdata: 00000000, mem_addr: 00000000, mem_rdata: 00000000, mem_wdata: 00000000
ClkCycle:        333, pc_rdata: 00000462, pc_wdata: 00000466, insn: ea2a852e, mode: 3, rs1_addr:  0, rs1_rdata: 00000000, rs2_addr:  0, rs2_rdata: 00000000, rd_addr:  0, rd_wdata: 00000000, mem_addr: 00000000, mem_rdata: 00000000, mem_wdata: 00000000
0000000000000000
ClkCycle:        334, pc_rdata: 00000466, pc_wdata: 00000468, insn: 03659593, mode: 3, rs1_addr:  2, rs1_rdata: fbffdf28, rs2_addr: 10, rs2_rdata: 00000000, rd_addr: 20, rd_wdata: fbffdf3c, mem_addr: fbffdf3c, mem_rdata: 00000000, mem_wdata: 00000000
ClkCycle:        335, pc_rdata: 00000468, pc_wdata: 0000046c, insn: 03659593, mode: 3, rs1_addr: 11, rs1_rdata: 00000000, rs2_addr: 22, rs2_rdata: 00000000, rd_addr: 11, rd_wdata: 00000000, mem_addr: 00000000, mem_rdata: 00000000, mem_wdata: 00000000
ClkCycle:        336, pc_rdata: 0000046c, pc_wdata: 0000046e, insn: ee2a852e, mode: 3, rs1_addr:  0, rs1_rdata: 00000000, rs2_addr: 11, rs2_rdata: 00000000, rd_addr: 10, rd_wdata: 00000000, mem_addr: 00000000, mem_rdata: 00000000, mem_wdata: 00000000
ClkCycle:        337, pc_rdata: 0000046e, pc_wdata: 00000472, insn: ee2a852e, mode: 3, rs1_addr:  0, rs1_rdata: 00000000, rs2_addr:  0, rs2_rdata: 00000000, rd_addr:  0, rd_wdata: 00000000, mem_addr: 00000000, mem_rdata: 00000000, mem_wdata: 00000000
0000000000000000
ClkCycle:        338, pc_rdata: 00000472, pc_wdata: 00000474, insn: 03759593, mode: 3, rs1_addr:  2, rs1_rdata: fbffdf28, rs2_addr: 10, rs2_rdata: 00000000, rd_addr: 28, rd_wdata: fbffdf44, mem_addr: fbffdf44, mem_rdata: 00000000, mem_wdata: 00000000
ClkCycle:        339, pc_rdata: 00000474, pc_wdata: 00000478, insn: 03759593, mode: 3, rs1_addr: 11, rs1_rdata: 00000000, rs2_addr: 23, rs2_rdata: 00000000, rd_addr: 11, rd_wdata: 00000000, mem_addr: 00000000, mem_rdata: 00000000, mem_wdata: 00000000
ClkCycle:        340, pc_rdata: 00000478, pc_wdata: 0000047a, insn: f22a852e, mode: 3, rs1_addr:  0, rs1_rdata: 00000000, rs2_addr: 11, rs2_rdata: 00000000, rd_addr: 10, rd_wdata: 00000000, mem_addr: 00000000, mem_rdata: 00000000, mem_wdata: 00000000
ClkCycle:        341, pc_rdata: 0000047a, pc_wdata: 0000047e, insn: f22a852e, mode: 3, rs1_addr:  0, rs1_rdata: 00000000, rs2_addr:  0, rs2_rdata: 00000000, rd_addr:  0, rd_wdata: 00000000, mem_addr: 00000000, mem_rdata: 00000000, mem_wdata: 00000000
0000000000000000
ClkCycle:        342, pc_rdata: 0000047e, pc_wdata: 00000480, insn: 03859593, mode: 3, rs1_addr:  2, rs1_rdata: fbffdf28, rs2_addr: 10, rs2_rdata: 00000000, rd_addr:  4, rd_wdata: fbffdf4c, mem_addr: fbffdf4c, mem_rdata: 00000000, mem_wdata: 00000000
ClkCycle:        343, pc_rdata: 00000480, pc_wdata: 00000484, insn: 03859593, mode: 3, rs1_addr: 11, rs1_rdata: 00000000, rs2_addr: 24, rs2_rdata: 00800000, rd_addr: 11, rd_wdata: 00000000, mem_addr: 00000000, mem_rdata: 00000000, mem_wdata: 00800000
ClkCycle:        344, pc_rdata: 00000484, pc_wdata: 00000486, insn: f62a852e, mode: 3, rs1_addr:  0, rs1_rdata: 00000000, rs2_addr: 11, rs2_rdata: 00000000, rd_addr: 10, rd_wdata: 00000000, mem_addr: 00000000, mem_rdata: 00000000, mem_wdata: 00000000
ClkCycle:        345, pc_rdata: 00000486, pc_wdata: 0000048a, insn: f62a852e, mode: 3, rs1_addr:  0, rs1_rdata: 00000000, rs2_addr:  0, rs2_rdata: 00000000, rd_addr:  0, rd_wdata: 00000000, mem_addr: 00000000, mem_rdata: 00000000, mem_wdata: 00000000
0000000000000000
ClkCycle:        346, pc_rdata: 0000048a, pc_wdata: 0000048c, insn: 03959593, mode: 3, rs1_addr:  2, rs1_rdata: fbffdf28, rs2_addr: 10, rs2_rdata: 00000000, rd_addr: 12, rd_wdata: fbffdf54, mem_addr: fbffdf54, mem_rdata: 00000000, mem_wdata: 00000000
ClkCycle:        347, pc_rdata: 0000048c, pc_wdata: 00000490, insn: 03959593, mode: 3, rs1_addr: 11, rs1_rdata: 00000000, rs2_addr: 25, rs2_rdata: 00080000, rd_addr: 11, rd_wdata: 00000000, mem_addr: 00000000, mem_rdata: 00000000, mem_wdata: 00080000
ClkCycle:        348, pc_rdata: 00000490, pc_wdata: 00000492, insn: fa2a852e, mode: 3, rs1_addr:  0, rs1_rdata: 00000000, rs2_addr: 11, rs2_rdata: 00000000, rd_addr: 10, rd_wdata: 00000000, mem_addr: 00000000, mem_rdata: 00000000, mem_wdata: 00000000
ClkCycle:        349, pc_rdata: 00000492, pc_wdata: 00000496, insn: fa2a852e, mode: 3, rs1_addr:  0, rs1_rdata: 00000000, rs2_addr:  0, rs2_rdata: 00000000, rd_addr:  0, rd_wdata: 00000000, mem_addr: 00000000, mem_rdata: 00000000, mem_wdata: 00000000
0000000000000000
ClkCycle:        350, pc_rdata: 00000496, pc_wdata: 00000498, insn: 03a59593, mode: 3, rs1_addr:  2, rs1_rdata: fbffdf28, rs2_addr: 10, rs2_rdata: 00000000, rd_addr: 20, rd_wdata: fbffdf5c, mem_addr: fbffdf5c, mem_rdata: 00000000, mem_wdata: 00000000
ClkCycle:        351, pc_rdata: 00000498, pc_wdata: 0000049c, insn: 03a59593, mode: 3, rs1_addr: 11, rs1_rdata: 00000000, rs2_addr: 26, rs2_rdata: 03c00000, rd_addr: 11, rd_wdata: 00000000, mem_addr: 00000000, mem_rdata: 00000000, mem_wdata: 03c00000
ClkCycle:        352, pc_rdata: 0000049c, pc_wdata: 0000049e, insn: fe2a852e, mode: 3, rs1_addr:  0, rs1_rdata: 00000000, rs2_addr: 11, rs2_rdata: 00000000, rd_addr: 10, rd_wdata: 00000000, mem_addr: 00000000, mem_rdata: 00000000, mem_wdata: 00000000
ClkCycle:        353, pc_rdata: 0000049e, pc_wdata: 000004a2, insn: fe2a852e, mode: 3, rs1_addr:  0, rs1_rdata: 00000000, rs2_addr:  0, rs2_rdata: 00000000, rd_addr:  0, rd_wdata: 00000000, mem_addr: 00000000, mem_rdata: 00000000, mem_wdata: 00000000
0000000000000000
ClkCycle:        354, pc_rdata: 000004a2, pc_wdata: 000004a4, insn: 03b59593, mode: 3, rs1_addr:  2, rs1_rdata: fbffdf28, rs2_addr: 10, rs2_rdata: 00000000, rd_addr: 28, rd_wdata: fbffdf64, mem_addr: fbffdf64, mem_rdata: 00000000, mem_wdata: 00000000
ClkCycle:        355, pc_rdata: 000004a4, pc_wdata: 000004a8, insn: 03b59593, mode: 3, rs1_addr: 11, rs1_rdata: 00000000, rs2_addr: 27, rs2_rdata: 40000000, rd_addr: 11, rd_wdata: 00000000, mem_addr: 00000000, mem_rdata: 00000000, mem_wdata: 40000000
ClkCycle:        356, pc_rdata: 000004a8, pc_wdata: 000004aa, insn: e2aa852e, mode: 3, rs1_addr:  0, rs1_rdata: 00000000, rs2_addr: 11, rs2_rdata: 00000000, rd_addr: 10, rd_wdata: 00000000, mem_addr: 00000000, mem_rdata: 00000000, mem_wdata: 00000000
ClkCycle:        357, pc_rdata: 000004aa, pc_wdata: 000004ae, insn: e2aa852e, mode: 3, rs1_addr:  0, rs1_rdata: 00000000, rs2_addr:  0, rs2_rdata: 00000000, rd_addr:  0, rd_wdata: 00000000, mem_addr: 00000000, mem_rdata: 00000000, mem_wdata: 00000000
0000000000000000
ClkCycle:        358, pc_rdata: 000004ae, pc_wdata: 000004b0, insn: 03c59593, mode: 3, rs1_addr:  2, rs1_rdata: fbffdf28, rs2_addr: 10, rs2_rdata: 00000000, rd_addr:  4, rd_wdata: fbffdf6c, mem_addr: fbffdf6c, mem_rdata: 00000000, mem_wdata: 00000000
ClkCycle:        359, pc_rdata: 000004b0, pc_wdata: 000004b4, insn: 03c59593, mode: 3, rs1_addr: 11, rs1_rdata: 00000000, rs2_addr: 28, rs2_rdata: 00000000, rd_addr: 11, rd_wdata: 00000000, mem_addr: 00000000, mem_rdata: 00000000, mem_wdata: 00000000
ClkCycle:        360, pc_rdata: 000004b4, pc_wdata: 000004b6, insn: e6aa852e, mode: 3, rs1_addr:  0, rs1_rdata: 00000000, rs2_addr: 11, rs2_rdata: 00000000, rd_addr: 10, rd_wdata: 00000000, mem_addr: 00000000, mem_rdata: 00000000, mem_wdata: 00000000
ClkCycle:        361, pc_rdata: 000004b6, pc_wdata: 000004ba, insn: e6aa852e, mode: 3, rs1_addr:  0, rs1_rdata: 00000000, rs2_addr:  0, rs2_rdata: 00000000, rd_addr:  0, rd_wdata: 00000000, mem_addr: 00000000, mem_rdata: 00000000, mem_wdata: 00000000
0000000000000000
ClkCycle:        362, pc_rdata: 000004ba, pc_wdata: 000004bc, insn: 03d59593, mode: 3, rs1_addr:  2, rs1_rdata: fbffdf28, rs2_addr: 10, rs2_rdata: 00000000, rd_addr: 12, rd_wdata: fbffdf74, mem_addr: fbffdf74, mem_rdata: 00000000, mem_wdata: 00000000
ClkCycle:        363, pc_rdata: 000004bc, pc_wdata: 000004c0, insn: 03d59593, mode: 3, rs1_addr: 11, rs1_rdata: 00000000, rs2_addr: 29, rs2_rdata: 00000000, rd_addr: 11, rd_wdata: 00000000, mem_addr: 00000000, mem_rdata: 00000000, mem_wdata: 00000000
ClkCycle:        364, pc_rdata: 000004c0, pc_wdata: 000004c2, insn: eaaa852e, mode: 3, rs1_addr:  0, rs1_rdata: 00000000, rs2_addr: 11, rs2_rdata: 00000000, rd_addr: 10, rd_wdata: 00000000, mem_addr: 00000000, mem_rdata: 00000000, mem_wdata: 00000000
ClkCycle:        365, pc_rdata: 000004c2, pc_wdata: 000004c6, insn: eaaa852e, mode: 3, rs1_addr:  0, rs1_rdata: 00000000, rs2_addr:  0, rs2_rdata: 00000000, rd_addr:  0, rd_wdata: 00000000, mem_addr: 00000000, mem_rdata: 00000000, mem_wdata: 00000000
0000000000000000
ClkCycle:        366, pc_rdata: 000004c6, pc_wdata: 000004c8, insn: 03e59593, mode: 3, rs1_addr:  2, rs1_rdata: fbffdf28, rs2_addr: 10, rs2_rdata: 00000000, rd_addr: 20, rd_wdata: fbffdf7c, mem_addr: fbffdf7c, mem_rdata: 00000000, mem_wdata: 00000000
ClkCycle:        367, pc_rdata: 000004c8, pc_wdata: 000004cc, insn: 03e59593, mode: 3, rs1_addr: 11, rs1_rdata: 00000000, rs2_addr: 30, rs2_rdata: 00000000, rd_addr: 11, rd_wdata: 00000000, mem_addr: 00000000, mem_rdata: 00000000, mem_wdata: 00000000
ClkCycle:        368, pc_rdata: 000004cc, pc_wdata: 000004ce, insn: eeaa852e, mode: 3, rs1_addr:  0, rs1_rdata: 00000000, rs2_addr: 11, rs2_rdata: 00000000, rd_addr: 10, rd_wdata: 00000000, mem_addr: 00000000, mem_rdata: 00000000, mem_wdata: 00000000
ClkCycle:        369, pc_rdata: 000004ce, pc_wdata: 000004d2, insn: eeaa852e, mode: 3, rs1_addr:  0, rs1_rdata: 00000000, rs2_addr:  0, rs2_rdata: 00000000, rd_addr:  0, rd_wdata: 00000000, mem_addr: 00000000, mem_rdata: 00000000, mem_wdata: 00000000
0000000000000000
ClkCycle:        370, pc_rdata: 000004d2, pc_wdata: 000004d4, insn: f2aa852e, mode: 3, rs1_addr:  2, rs1_rdata: fbffdf28, rs2_addr: 10, rs2_rdata: 00000000, rd_addr: 28, rd_wdata: fbffdf84, mem_addr: fbffdf84, mem_rdata: 00000000, mem_wdata: 00000000
ClkCycle:        371, pc_rdata: 000004d4, pc_wdata: 000004d6, insn: f2aa852e, mode: 3, rs1_addr:  0, rs1_rdata: 00000000, rs2_addr: 11, rs2_rdata: 00000000, rd_addr: 10, rd_wdata: 00000000, mem_addr: 00000000, mem_rdata: 00000000, mem_wdata: 00000000
ClkCycle:        372, pc_rdata: 000004d6, pc_wdata: 000004da, insn: f2aa852e, mode: 3, rs1_addr:  0, rs1_rdata: 00000000, rs2_addr:  0, rs2_rdata: 00000000, rd_addr:  0, rd_wdata: 00000000, mem_addr: 00000000, mem_rdata: 00000000, mem_wdata: 00000000
0000000000000000
ClkCycle:        373, pc_rdata: 000004da, pc_wdata: 000004dc, insn: f6aa852e, mode: 3, rs1_addr:  2, rs1_rdata: fbffdf28, rs2_addr: 10, rs2_rdata: 00000000, rd_addr:  4, rd_wdata: fbffdf8c, mem_addr: fbffdf8c, mem_rdata: 00000000, mem_wdata: 00000000
ClkCycle:        374, pc_rdata: 000004dc, pc_wdata: 000004de, insn: f6aa852e, mode: 3, rs1_addr:  0, rs1_rdata: 00000000, rs2_addr: 11, rs2_rdata: 00000000, rd_addr: 10, rd_wdata: 00000000, mem_addr: 00000000, mem_rdata: 00000000, mem_wdata: 00000000
ClkCycle:        375, pc_rdata: 000004de, pc_wdata: 000004e2, insn: f6aa852e, mode: 3, rs1_addr:  0, rs1_rdata: 00000000, rs2_addr:  0, rs2_rdata: 00000000, rd_addr:  0, rd_wdata: 00000000, mem_addr: 00000000, mem_rdata: 00000000, mem_wdata: 00000000
0000000000000000
ClkCycle:        376, pc_rdata: 000004e2, pc_wdata: 000004e4, insn: faaa852e, mode: 3, rs1_addr:  2, rs1_rdata: fbffdf28, rs2_addr: 10, rs2_rdata: 00000000, rd_addr: 12, rd_wdata: fbffdf94, mem_addr: fbffdf94, mem_rdata: 00000000, mem_wdata: 00000000
ClkCycle:        377, pc_rdata: 000004e4, pc_wdata: 000004e6, insn: faaa852e, mode: 3, rs1_addr:  0, rs1_rdata: 00000000, rs2_addr: 11, rs2_rdata: 00000000, rd_addr: 10, rd_wdata: 00000000, mem_addr: 00000000, mem_rdata: 00000000, mem_wdata: 00000000
ClkCycle:        378, pc_rdata: 000004e6, pc_wdata: 000004ea, insn: faaa852e, mode: 3, rs1_addr:  0, rs1_rdata: 00000000, rs2_addr:  0, rs2_rdata: 00000000, rd_addr:  0, rd_wdata: 00000000, mem_addr: 00000000, mem_rdata: 00000000, mem_wdata: 00000000
0000000000000000
ClkCycle:        379, pc_rdata: 000004ea, pc_wdata: 000004ec, insn: feaa852e, mode: 3, rs1_addr:  2, rs1_rdata: fbffdf28, rs2_addr: 10, rs2_rdata: 00000000, rd_addr: 20, rd_wdata: fbffdf9c, mem_addr: fbffdf9c, mem_rdata: 00000000, mem_wdata: 00000000
ClkCycle:        380, pc_rdata: 000004ec, pc_wdata: 000004ee, insn: feaa852e, mode: 3, rs1_addr:  0, rs1_rdata: 00000000, rs2_addr: 11, rs2_rdata: 00000000, rd_addr: 10, rd_wdata: 00000000, mem_addr: 00000000, mem_rdata: 00000000, mem_wdata: 00000000
ClkCycle:        381, pc_rdata: 000004ee, pc_wdata: 000004f2, insn: feaa852e, mode: 3, rs1_addr:  0, rs1_rdata: 00000000, rs2_addr:  0, rs2_rdata: 00000000, rd_addr:  0, rd_wdata: 00000000, mem_addr: 00000000, mem_rdata: 00000000, mem_wdata: 00000000
0000000000000000
ClkCycle:        382, pc_rdata: 000004f2, pc_wdata: 000004f4, insn: e32a852e, mode: 3, rs1_addr:  2, rs1_rdata: fbffdf28, rs2_addr: 10, rs2_rdata: 00000000, rd_addr: 28, rd_wdata: fbffdfa4, mem_addr: fbffdfa4, mem_rdata: 00000000, mem_wdata: 00000000
ClkCycle:        383, pc_rdata: 000004f4, pc_wdata: 000004f6, insn: e32a852e, mode: 3, rs1_addr:  0, rs1_rdata: 00000000, rs2_addr: 11, rs2_rdata: 00000000, rd_addr: 10, rd_wdata: 00000000, mem_addr: 00000000, mem_rdata: 00000000, mem_wdata: 00000000
ClkCycle:        384, pc_rdata: 000004f6, pc_wdata: 000004fa, insn: e32a852e, mode: 3, rs1_addr:  0, rs1_rdata: 00000000, rs2_addr:  0, rs2_rdata: 00000000, rd_addr:  0, rd_wdata: 00000000, mem_addr: 00000000, mem_rdata: 00000000, mem_wdata: 00000000
0000000000000000
ClkCycle:        385, pc_rdata: 000004fa, pc_wdata: 000004fc, insn: e72a852e, mode: 3, rs1_addr:  2, rs1_rdata: fbffdf28, rs2_addr: 10, rs2_rdata: 00000000, rd_addr:  4, rd_wdata: fbffdfac, mem_addr: fbffdfac, mem_rdata: 00000000, mem_wdata: 00000000
ClkCycle:        386, pc_rdata: 000004fc, pc_wdata: 000004fe, insn: e72a852e, mode: 3, rs1_addr:  0, rs1_rdata: 00000000, rs2_addr: 11, rs2_rdata: 00000000, rd_addr: 10, rd_wdata: 00000000, mem_addr: 00000000, mem_rdata: 00000000, mem_wdata: 00000000
ClkCycle:        387, pc_rdata: 000004fe, pc_wdata: 00000502, insn: e72a852e, mode: 3, rs1_addr:  0, rs1_rdata: 00000000, rs2_addr:  0, rs2_rdata: 00000000, rd_addr:  0, rd_wdata: 00000000, mem_addr: 00000000, mem_rdata: 00000000, mem_wdata: 00000000
0000000000000000
ClkCycle:        388, pc_rdata: 00000502, pc_wdata: 00000504, insn: eb2a852e, mode: 3, rs1_addr:  2, rs1_rdata: fbffdf28, rs2_addr: 10, rs2_rdata: 00000000, rd_addr: 12, rd_wdata: fbffdfb4, mem_addr: fbffdfb4, mem_rdata: 00000000, mem_wdata: 00000000
ClkCycle:        389, pc_rdata: 00000504, pc_wdata: 00000506, insn: eb2a852e, mode: 3, rs1_addr:  0, rs1_rdata: 00000000, rs2_addr: 11, rs2_rdata: 00000000, rd_addr: 10, rd_wdata: 00000000, mem_addr: 00000000, mem_rdata: 00000000, mem_wdata: 00000000
ClkCycle:        390, pc_rdata: 00000506, pc_wdata: 0000050a, insn: eb2a852e, mode: 3, rs1_addr:  0, rs1_rdata: 00000000, rs2_addr:  0, rs2_rdata: 00000000, rd_addr:  0, rd_wdata: 00000000, mem_addr: 00000000, mem_rdata: 00000000, mem_wdata: 00000000
0000000000000000
ClkCycle:        391, pc_rdata: 0000050a, pc_wdata: 0000050c, insn: ef2a852e, mode: 3, rs1_addr:  2, rs1_rdata: fbffdf28, rs2_addr: 10, rs2_rdata: 00000000, rd_addr: 20, rd_wdata: fbffdfbc, mem_addr: fbffdfbc, mem_rdata: 00000000, mem_wdata: 00000000
ClkCycle:        392, pc_rdata: 0000050c, pc_wdata: 0000050e, insn: ef2a852e, mode: 3, rs1_addr:  0, rs1_rdata: 00000000, rs2_addr: 11, rs2_rdata: 00000000, rd_addr: 10, rd_wdata: 00000000, mem_addr: 00000000, mem_rdata: 00000000, mem_wdata: 00000000
ClkCycle:        393, pc_rdata: 0000050e, pc_wdata: 00000512, insn: ef2a852e, mode: 3, rs1_addr:  0, rs1_rdata: 00000000, rs2_addr:  0, rs2_rdata: 00000000, rd_addr:  0, rd_wdata: 00000000, mem_addr: 00000000, mem_rdata: 00000000, mem_wdata: 00000000
0000000000000000
ClkCycle:        394, pc_rdata: 00000512, pc_wdata: 00000514, insn: f32a852e, mode: 3, rs1_addr:  2, rs1_rdata: fbffdf28, rs2_addr: 10, rs2_rdata: 00000000, rd_addr: 28, rd_wdata: fbffdfc4, mem_addr: fbffdfc4, mem_rdata: 00000000, mem_wdata: 00000000
ClkCycle:        395, pc_rdata: 00000514, pc_wdata: 00000516, insn: f32a852e, mode: 3, rs1_addr:  0, rs1_rdata: 00000000, rs2_addr: 11, rs2_rdata: 00000000, rd_addr: 10, rd_wdata: 00000000, mem_addr: 00000000, mem_rdata: 00000000, mem_wdata: 00000000
ClkCycle:        396, pc_rdata: 00000516, pc_wdata: 0000051a, insn: f32a852e, mode: 3, rs1_addr:  0, rs1_rdata: 00000000, rs2_addr:  0, rs2_rdata: 00000000, rd_addr:  0, rd_wdata: 00000000, mem_addr: 00000000, mem_rdata: 00000000, mem_wdata: 00000000
0000000000000000
ClkCycle:        397, pc_rdata: 0000051a, pc_wdata: 0000051c, insn: f72a852e, mode: 3, rs1_addr:  2, rs1_rdata: fbffdf28, rs2_addr: 10, rs2_rdata: 00000000, rd_addr:  4, rd_wdata: fbffdfcc, mem_addr: fbffdfcc, mem_rdata: 00000000, mem_wdata: 00000000
ClkCycle:        398, pc_rdata: 0000051c, pc_wdata: 0000051e, insn: f72a852e, mode: 3, rs1_addr:  0, rs1_rdata: 00000000, rs2_addr: 11, rs2_rdata: 00000000, rd_addr: 10, rd_wdata: 00000000, mem_addr: 00000000, mem_rdata: 00000000, mem_wdata: 00000000
ClkCycle:        399, pc_rdata: 0000051e, pc_wdata: 00000522, insn: f72a852e, mode: 3, rs1_addr:  0, rs1_rdata: 00000000, rs2_addr:  0, rs2_rdata: 00000000, rd_addr:  0, rd_wdata: 00000000, mem_addr: 00000000, mem_rdata: 00000000, mem_wdata: 00000000
0000000000000000
ClkCycle:        400, pc_rdata: 00000522, pc_wdata: 00000524, insn: fb2a852e, mode: 3, rs1_addr:  2, rs1_rdata: fbffdf28, rs2_addr: 10, rs2_rdata: 00000000, rd_addr: 12, rd_wdata: fbffdfd4, mem_addr: fbffdfd4, mem_rdata: 00000000, mem_wdata: 00000000
ClkCycle:        401, pc_rdata: 00000524, pc_wdata: 00000526, insn: fb2a852e, mode: 3, rs1_addr:  0, rs1_rdata: 00000000, rs2_addr: 11, rs2_rdata: 00000000, rd_addr: 10, rd_wdata: 00000000, mem_addr: 00000000, mem_rdata: 00000000, mem_wdata: 00000000
ClkCycle:        402, pc_rdata: 00000526, pc_wdata: 0000052a, insn: fb2a852e, mode: 3, rs1_addr:  0, rs1_rdata: 00000000, rs2_addr:  0, rs2_rdata: 00000000, rd_addr:  0, rd_wdata: 00000000, mem_addr: 00000000, mem_rdata: 00000000, mem_wdata: 00000000
0000000000000000
ClkCycle:        403, pc_rdata: 0000052a, pc_wdata: 0000052c, insn: 00b59593, mode: 3, rs1_addr:  2, rs1_rdata: fbffdf28, rs2_addr: 10, rs2_rdata: 00000000, rd_addr: 20, rd_wdata: fbffdfdc, mem_addr: fbffdfdc, mem_rdata: 00000000, mem_wdata: 00000000
ClkCycle:        404, pc_rdata: 0000052c, pc_wdata: 00000530, insn: 00b59593, mode: 3, rs1_addr: 11, rs1_rdata: 00000000, rs2_addr: 11, rs2_rdata: 00000000, rd_addr: 11, rd_wdata: 00000000, mem_addr: 00000000, mem_rdata: 00000000, mem_wdata: 00000000
ClkCycle:        405, pc_rdata: 00000530, pc_wdata: 00000534, insn: fff5c593, mode: 3, rs1_addr: 11, rs1_rdata: 00000000, rs2_addr: 31, rs2_rdata: 00000000, rd_addr: 11, rd_wdata: ffffffff, mem_addr: ffffffff, mem_rdata: 00000000, mem_wdata: 00000000
ClkCycle:        406, pc_rdata: 00000534, pc_wdata: 00000536, insn: ff2a852e, mode: 3, rs1_addr:  0, rs1_rdata: 00000000, rs2_addr: 11, rs2_rdata: 00000000, rd_addr: 10, rd_wdata: ffffffff, mem_addr: ffffffff, mem_rdata: 00000000, mem_wdata: ffffffff
ClkCycle:        407, pc_rdata: 00000536, pc_wdata: 0000053a, insn: ff2a852e, mode: 3, rs1_addr:  0, rs1_rdata: 00000000, rs2_addr:  0, rs2_rdata: 00000000, rd_addr:  0, rd_wdata: 00000000, mem_addr: 00000000, mem_rdata: 00000000, mem_wdata: 00000000
00000000ffffffff
ClkCycle:        408, pc_rdata: 0000053a, pc_wdata: 0000053c, insn: 00c59593, mode: 3, rs1_addr:  2, rs1_rdata: fbffdf28, rs2_addr: 10, rs2_rdata: 00000000, rd_addr: 28, rd_wdata: fbffdfe4, mem_addr: fbffdfe4, mem_rdata: 00000000, mem_wdata: ffffffff
ClkCycle:        409, pc_rdata: 0000053c, pc_wdata: 00000540, insn: 00c59593, mode: 3, rs1_addr: 11, rs1_rdata: ffffffff, rs2_addr: 12, rs2_rdata: fbffe000, rd_addr: 11, rd_wdata: fffff000, mem_addr: fffff000, mem_rdata: 00000000, mem_wdata: fbffe000
ClkCycle:        410, pc_rdata: 00000540, pc_wdata: 00000544, insn: fff5c593, mode: 3, rs1_addr: 11, rs1_rdata: ffffffff, rs2_addr: 31, rs2_rdata: 00000000, rd_addr: 11, rd_wdata: 00000fff, mem_addr: 00000fff, mem_rdata: 00000000, mem_wdata: 00000000
ClkCycle:        411, pc_rdata: 00000544, pc_wdata: 00000546, insn: e3aa852e, mode: 3, rs1_addr:  0, rs1_rdata: 00000000, rs2_addr: 11, rs2_rdata: ffffffff, rd_addr: 10, rd_wdata: 00000fff, mem_addr: 00000fff, mem_rdata: 00000000, mem_wdata: 00000fff
ClkCycle:        412, pc_rdata: 00000546, pc_wdata: 0000054a, insn: e3aa852e, mode: 3, rs1_addr:  0, rs1_rdata: 00000000, rs2_addr:  0, rs2_rdata: 00000000, rd_addr:  0, rd_wdata: 00000000, mem_addr: 00000000, mem_rdata: 00000000, mem_wdata: 00000000
00000fff00000fff
ClkCycle:        413, pc_rdata: 0000054a, pc_wdata: 0000054c, insn: 00d59593, mode: 3, rs1_addr:  2, rs1_rdata: fbffdf28, rs2_addr: 10, rs2_rdata: ffffffff, rd_addr:  4, rd_wdata: fbffdfec, mem_addr: fbffdfec, mem_rdata: 00000000, mem_wdata: 00000fff
ClkCycle:        414, pc_rdata: 0000054c, pc_wdata: 00000550, insn: 00d59593, mode: 3, rs1_addr: 11, rs1_rdata: 00000fff, rs2_addr: 13, rs2_rdata: 40000000, rd_addr: 11, rd_wdata: 01ffe000, mem_addr: 01ffe000, mem_rdata: 00000000, mem_wdata: 40000000
ClkCycle:        415, pc_rdata: 00000550, pc_wdata: 00000554, insn: fff5c593, mode: 3, rs1_addr: 11, rs1_rdata: 00000fff, rs2_addr: 31, rs2_rdata: 00000000, rd_addr: 11, rd_wdata: fe001fff, mem_addr: fe001fff, mem_rdata: 00000000, mem_wdata: 00000000
ClkCycle:        416, pc_rdata: 00000554, pc_wdata: 00000556, insn: e7aa852e, mode: 3, rs1_addr:  0, rs1_rdata: 00000000, rs2_addr: 11, rs2_rdata: 00000fff, rd_addr: 10, rd_wdata: fe001fff, mem_addr: fe001fff, mem_rdata: 00000000, mem_wdata: fe001fff
ClkCycle:        417, pc_rdata: 00000556, pc_wdata: 0000055a, insn: e7aa852e, mode: 3, rs1_addr:  0, rs1_rdata: 00000000, rs2_addr:  0, rs2_rdata: 00000000, rd_addr:  0, rd_wdata: 00000000, mem_addr: 00000000, mem_rdata: 00000000, mem_wdata: 00000000
01ffe000fe001fff
ClkCycle:        418, pc_rdata: 0000055a, pc_wdata: 0000055c, insn: 00e59593, mode: 3, rs1_addr:  2, rs1_rdata: fbffdf28, rs2_addr: 10, rs2_rdata: 00000fff, rd_addr: 12, rd_wdata: fbffdff4, mem_addr: fbffdff4, mem_rdata: 00000000, mem_wdata: fe001fff
ClkCycle:        419, pc_rdata: 0000055c, pc_wdata: 00000560, insn: 00e59593, mode: 3, rs1_addr: 11, rs1_rdata: fe001fff, rs2_addr: 14, rs2_rdata: 0000000f, rd_addr: 11, rd_wdata: 07ffc000, mem_addr: 07ffc000, mem_rdata: 00000000, mem_wdata: 0000000f
ClkCycle:        420, pc_rdata: 00000560, pc_wdata: 00000564, insn: fff5c593, mode: 3, rs1_addr: 11, rs1_rdata: fe001fff, rs2_addr: 31, rs2_rdata: 00000000, rd_addr: 11, rd_wdata: f8003fff, mem_addr: f8003fff, mem_rdata: 00000000, mem_wdata: 00000000
ClkCycle:        421, pc_rdata: 00000564, pc_wdata: 00000566, insn: ebaa852e, mode: 3, rs1_addr:  0, rs1_rdata: 00000000, rs2_addr: 11, rs2_rdata: fe001fff, rd_addr: 10, rd_wdata: f8003fff, mem_addr: f8003fff, mem_rdata: 00000000, mem_wdata: f8003fff
ClkCycle:        422, pc_rdata: 00000566, pc_wdata: 0000056a, insn: ebaa852e, mode: 3, rs1_addr:  0, rs1_rdata: 00000000, rs2_addr:  0, rs2_rdata: 00000000, rd_addr:  0, rd_wdata: 00000000, mem_addr: 00000000, mem_rdata: 00000000, mem_wdata: 00000000
f8003f80f8003fff
ClkCycle:        423, pc_rdata: 0000056a, pc_wdata: 0000056c, insn: 00f59593, mode: 3, rs1_addr:  2, rs1_rdata: fbffdf28, rs2_addr: 10, rs2_rdata: fe001fff, rd_addr: 20, rd_wdata: fbffdffc, mem_addr: fbffdffc, mem_rdata: 00000000, mem_wdata: f8003fff
ClkCycle:        424, pc_rdata: 0000056c, pc_wdata: 00000570, insn: 00f59593, mode: 3, rs1_addr: 11, rs1_rdata: f8003fff, rs2_addr: 15, rs2_rdata: 03c00000, rd_addr: 11, rd_wdata: 1fff8000, mem_addr: 1fff8000, mem_rdata: 00000000, mem_wdata: 03c00000
ClkCycle:        425, pc_rdata: 00000570, pc_wdata: 00000574, insn: fff5c593, mode: 3, rs1_addr: 11, rs1_rdata: f8003fff, rs2_addr: 31, rs2_rdata: 00000000, rd_addr: 11, rd_wdata: e0007fff, mem_addr: e0007fff, mem_rdata: 00000000, mem_wdata: 00000000
ClkCycle:        426, pc_rdata: 00000574, pc_wdata: 00000576, insn: efaa852e, mode: 3, rs1_addr:  0, rs1_rdata: 00000000, rs2_addr: 11, rs2_rdata: f8003fff, rd_addr: 10, rd_wdata: e0007fff, mem_addr: e0007fff, mem_rdata: 00000000, mem_wdata: e0007fff
ClkCycle:        427, pc_rdata: 00000576, pc_wdata: 0000057a, insn: efaa852e, mode: 3, rs1_addr:  0, rs1_rdata: 00000000, rs2_addr:  0, rs2_rdata: 00000000, rd_addr:  0, rd_wdata: 00000000, mem_addr: 00000000, mem_rdata: 00000000, mem_wdata: 00000000
1fc07c00e0007fff
ClkCycle:        428, pc_rdata: 0000057a, pc_wdata: 0000057c, insn: 01059593, mode: 3, rs1_addr:  2, rs1_rdata: fbffdf28, rs2_addr: 10, rs2_rdata: f8003fff, rd_addr: 28, rd_wdata: fbffe004, mem_addr: fbffe004, mem_rdata: 00000000, mem_wdata: e0007fff
ClkCycle:        429, pc_rdata: 0000057c, pc_wdata: 00000580, insn: 01059593, mode: 3, rs1_addr: 11, rs1_rdata: e0007fff, rs2_addr: 16, rs2_rdata: 00000000, rd_addr: 11, rd_wdata: 7fff0000, mem_addr: 7fff0000, mem_rdata: 00000000, mem_wdata: 00000000
ClkCycle:        430, pc_rdata: 00000580, pc_wdata: 00000584, insn: fff5c593, mode: 3, rs1_addr: 11, rs1_rdata: e0007fff, rs2_addr: 31, rs2_rdata: 00000000, rd_addr: 11, rd_wdata: 8000ffff, mem_addr: 8000ffff, mem_rdata: 00000000, mem_wdata: 00000000
ClkCycle:        431, pc_rdata: 00000584, pc_wdata: 00000586, insn: f3aa852e, mode: 3, rs1_addr:  0, rs1_rdata: 00000000, rs2_addr: 11, rs2_rdata: e0007fff, rd_addr: 10, rd_wdata: 8000ffff, mem_addr: 8000ffff, mem_rdata: 00000000, mem_wdata: 8000ffff
ClkCycle:        432, pc_rdata: 00000586, pc_wdata: 0000058a, insn: f3aa852e, mode: 3, rs1_addr:  0, rs1_rdata: 00000000, rs2_addr:  0, rs2_rdata: 00000000, rd_addr:  0, rd_wdata: 00000000, mem_addr: 00000000, mem_rdata: 00000000, mem_wdata: 00000000
7c00e0008000ffff
ClkCycle:        433, pc_rdata: 0000058a, pc_wdata: 0000058c, insn: 01159593, mode: 3, rs1_addr:  2, rs1_rdata: fbffdf28, rs2_addr: 10, rs2_rdata: e0007fff, rd_addr:  4, rd_wdata: fbffe00c, mem_addr: fbffe00c, mem_rdata: 00000000, mem_wdata: 8000ffff
ClkCycle:        434, pc_rdata: 0000058c, pc_wdata: 00000590, insn: 01159593, mode: 3, rs1_addr: 11, rs1_rdata: 8000ffff, rs2_addr: 17, rs2_rdata: 000000fe, rd_addr: 11, rd_wdata: fffe0000, mem_addr: fffe0000, mem_rdata: 00000000, mem_wdata: 000000fe
ClkCycle:        435, pc_rdata: 00000590, pc_wdata: 00000594, insn: fff5c593, mode: 3, rs1_addr: 11, rs1_rdata: 8000ffff, rs2_addr: 31, rs2_rdata: 00000000, rd_addr: 11, rd_wdata: 0001ffff, mem_addr: 0001ffff, mem_rdata: 00000000, mem_wdata: 00000000
ClkCycle:        436, pc_rdata: 00000594, pc_wdata: 00000596, insn: f7aa852e, mode: 3, rs1_addr:  0, rs1_rdata: 00000000, rs2_addr: 11, rs2_rdata: 8000ffff, rd_addr: 10, rd_wdata: 0001ffff, mem_addr: 0001ffff, mem_rdata: 00000000, mem_wdata: 0001ffff
ClkCycle:        437, pc_rdata: 00000596, pc_wdata: 0000059a, insn: f7aa852e, mode: 3, rs1_addr:  0, rs1_rdata: 00000000, rs2_addr:  0, rs2_rdata: 00000000, rd_addr:  0, rd_wdata: 00000000, mem_addr: 00000000, mem_rdata: 00000000, mem_wdata: 00000000
c00100010001ffff
ClkCycle:        438, pc_rdata: 0000059a, pc_wdata: 0000059c, insn: 01259593, mode: 3, rs1_addr:  2, rs1_rdata: fbffdf28, rs2_addr: 10, rs2_rdata: 8000ffff, rd_addr: 12, rd_wdata: fbffe014, mem_addr: fbffe014, mem_rdata: 00000000, mem_wdata: 0001ffff
ClkCycle:        439, pc_rdata: 0000059c, pc_wdata: 000005a0, insn: 01259593, mode: 3, rs1_addr: 11, rs1_rdata: 0001ffff, rs2_addr: 18, rs2_rdata: 00000020, rd_addr: 11, rd_wdata: fffc0000, mem_addr: fffc0000, mem_rdata: 00000000, mem_wdata: 00000020
ClkCycle:        440, pc_rdata: 000005a0, pc_wdata: 000005a4, insn: fff5c593, mode: 3, rs1_addr: 11, rs1_rdata: 0001ffff, rs2_addr: 31, rs2_rdata: 00000000, rd_addr: 11, rd_wdata: 0003ffff, mem_addr: 0003ffff, mem_rdata: 00000000, mem_wdata: 00000000
ClkCycle:        441, pc_rdata: 000005a4, pc_wdata: 000005a6, insn: fbaa852e, mode: 3, rs1_addr:  0, rs1_rdata: 00000000, rs2_addr: 11, rs2_rdata: 0001ffff, rd_addr: 10, rd_wdata: 0003ffff, mem_addr: 0003ffff, mem_rdata: 00000000, mem_wdata: 0003ffff
ClkCycle:        442, pc_rdata: 000005a6, pc_wdata: 000005aa, insn: fbaa852e, mode: 3, rs1_addr:  0, rs1_rdata: 00000000, rs2_addr:  0, rs2_rdata: 00000000, rd_addr:  0, rd_wdata: 00000000, mem_addr: 00000000, mem_rdata: 00000000, mem_wdata: 00000000
000400070003ffff
ClkCycle:        443, pc_rdata: 000005aa, pc_wdata: 000005ac, insn: 01359593, mode: 3, rs1_addr:  2, rs1_rdata: fbffdf28, rs2_addr: 10, rs2_rdata: 0001ffff, rd_addr: 20, rd_wdata: fbffe01c, mem_addr: fbffe01c, mem_rdata: 00000000, mem_wdata: 0003ffff
ClkCycle:        444, pc_rdata: 000005ac, pc_wdata: 000005b0, insn: 01359593, mode: 3, rs1_addr: 11, rs1_rdata: 0003ffff, rs2_addr: 19, rs2_rdata: 00000000, rd_addr: 11, rd_wdata: fff80000, mem_addr: fff80000, mem_rdata: 00000000, mem_wdata: 00000000
ClkCycle:        445, pc_rdata: 000005b0, pc_wdata: 000005b4, insn: fff5c593, mode: 3, rs1_addr: 11, rs1_rdata: 0003ffff, rs2_addr: 31, rs2_rdata: 00000000, rd_addr: 11, rd_wdata: 0007ffff, mem_addr: 0007ffff, mem_rdata: 00000000, mem_wdata: 00000000
ClkCycle:        446, pc_rdata: 000005b4, pc_wdata: 000005b6, insn: ffaa852e, mode: 3, rs1_addr:  0, rs1_rdata: 00000000, rs2_addr: 11, rs2_rdata: 0003ffff, rd_addr: 10, rd_wdata: 0007ffff, mem_addr: 0007ffff, mem_rdata: 00000000, mem_wdata: 0007ffff
ClkCycle:        447, pc_rdata: 000005b6, pc_wdata: 000005ba, insn: ffaa852e, mode: 3, rs1_addr:  0, rs1_rdata: 00000000, rs2_addr:  0, rs2_rdata: 00000000, rd_addr:  0, rd_wdata: 00000000, mem_addr: 00000000, mem_rdata: 00000000, mem_wdata: 00000000
0038001f0007ffff
ClkCycle:        448, pc_rdata: 000005ba, pc_wdata: 000005bc, insn: 01459593, mode: 3, rs1_addr:  2, rs1_rdata: fbffdf28, rs2_addr: 10, rs2_rdata: 0003ffff, rd_addr: 28, rd_wdata: fbffe024, mem_addr: fbffe024, mem_rdata: 00000000, mem_wdata: 0007ffff
ClkCycle:        449, pc_rdata: 000005bc, pc_wdata: 000005c0, insn: 01459593, mode: 3, rs1_addr: 11, rs1_rdata: 0007ffff, rs2_addr: 20, rs2_rdata: 00080000, rd_addr: 11, rd_wdata: fff00000, mem_addr: fff00000, mem_rdata: 00000000, mem_wdata: 00080000
ClkCycle:        450, pc_rdata: 000005c0, pc_wdata: 000005c4, insn: fff5c593, mode: 3, rs1_addr: 11, rs1_rdata: 0007ffff, rs2_addr: 31, rs2_rdata: 00000000, rd_addr: 11, rd_wdata: 000fffff, mem_addr: 000fffff, mem_rdata: 00000000, mem_wdata: 00000000
ClkCycle:        451, pc_rdata: 000005c4, pc_wdata: 000005c6, insn: 3023852e, mode: 3, rs1_addr:  0, rs1_rdata: 00000000, rs2_addr: 11, rs2_rdata: 0007ffff, rd_addr: 10, rd_wdata: 000fffff, mem_addr: 000fffff, mem_rdata: 00000000, mem_wdata: 000fffff
ClkCycle:        452, pc_rdata: 000005c6, pc_wdata: 000005ca, insn: 3023852e, mode: 3, rs1_addr:  0, rs1_rdata: 00000000, rs2_addr:  0, rs2_rdata: 00000000, rd_addr:  0, rd_wdata: 00000000, mem_addr: 00000000, mem_rdata: 00000000, mem_wdata: 00000000
fff7ffdfffe00000
ClkCycle:        453, pc_rdata: 000005ca, pc_wdata: 000005ce, insn: 95930010, mode: 3, rs1_addr:  0, rs1_rdata: 00000000, rs2_addr:  1, rs2_rdata: ffe00000, rd_addr:  0, rd_wdata: 00000000, mem_addr: 00000000, mem_rdata: 00000000, mem_wdata: ffe00000
ClkCycle:        454, pc_rdata: 000005ce, pc_wdata: 000005d2, insn: 95930010, mode: 3, rs1_addr:  0, rs1_rdata: 00000000, rs2_addr:  0, rs2_rdata: 00000000, rd_addr:  0, rd_wdata: 00000000, mem_addr: 00000000, mem_rdata: 00000000, mem_wdata: 00000000
ClkCycle:        455, pc_rdata: 000005d2, pc_wdata: 000005d6, insn: 852efff5, mode: 3, rs1_addr: 11, rs1_rdata: 000fffff, rs2_addr: 31, rs2_rdata: 00000000, rd_addr: 11, rd_wdata: 80000000, mem_addr: 80000000, mem_rdata: 00000000, mem_wdata: 00000000
ClkCycle:        456, pc_rdata: 000005d6, pc_wdata: 000005da, insn: 852efff5, mode: 3, rs1_addr:  0, rs1_rdata: 00000000, rs2_addr:  0, rs2_rdata: 00000000, rd_addr:  0, rd_wdata: 00000000, mem_addr: 00000000, mem_rdata: 00000000, mem_wdata: 00000000
ClkCycle:        457, pc_rdata: 000005da, pc_wdata: 000005dc, insn: 00100593, mode: 3, rs1_addr:  0, rs1_rdata: 00000000, rs2_addr: 11, rs2_rdata: 000fffff, rd_addr: 10, rd_wdata: 80000000, mem_addr: 80000000, mem_rdata: 00000000, mem_wdata: 80000000
ClkCycle:        458, pc_rdata: 000005dc, pc_wdata: 000005e0, insn: 00100593, mode: 3, rs1_addr:  0, rs1_rdata: 00000000, rs2_addr:  1, rs2_rdata: ffe00000, rd_addr: 11, rd_wdata: 00000001, mem_addr: 00000001, mem_rdata: 00000000, mem_wdata: ffe00000
ClkCycle:        459, pc_rdata: 000005e0, pc_wdata: 000005e4, insn: 03e59593, mode: 3, rs1_addr: 11, rs1_rdata: 80000000, rs2_addr: 30, rs2_rdata: 00000000, rd_addr: 11, rd_wdata: 40000000, mem_addr: 40000000, mem_rdata: 00000000, mem_wdata: 00000000
ClkCycle:        460, pc_rdata: 000005e4, pc_wdata: 000005e8, insn: fff5c593, mode: 3, rs1_addr: 11, rs1_rdata: 80000000, rs2_addr: 31, rs2_rdata: 00000000, rd_addr: 11, rd_wdata: bfffffff, mem_addr: bfffffff, mem_rdata: 00000000, mem_wdata: 00000000
ClkCycle:        461, pc_rdata: 000005e8, pc_wdata: 000005ea, insn: 3823852e, mode: 3, rs1_addr:  0, rs1_rdata: 00000000, rs2_addr: 11, rs2_rdata: 00000001, rd_addr: 10, rd_wdata: bfffffff, mem_addr: bfffffff, mem_rdata: 00000000, mem_wdata: bfffffff
ClkCycle:        462, pc_rdata: 000005ea, pc_wdata: 000005ee, insn: 3823852e, mode: 3, rs1_addr:  0, rs1_rdata: 00000000, rs2_addr:  0, rs2_rdata: 00000000, rd_addr:  0, rd_wdata: 00000000, mem_addr: 00000000, mem_rdata: 00000000, mem_wdata: 00000000
0000000feedbfbff
ClkCycle:        463, pc_rdata: 000005ee, pc_wdata: 000005f2, insn: 85935555, mode: 3, rs1_addr: 10, rs1_rdata: 80000000, rs2_addr: 21, rs2_rdata: eedbfbff, rd_addr: 16, rd_wdata: c000054f, mem_addr: c000054f, mem_rdata: 00000000, mem_wdata: eedbfbff
ClkCycle:        464, pc_rdata: 000005f2, pc_wdata: 000005f6, insn: 85935555, mode: 3, rs1_addr:  0, rs1_rdata: 00000000, rs2_addr:  0, rs2_rdata: 00000000, rd_addr:  0, rd_wdata: 00000000, mem_addr: 00000000, mem_rdata: 00000000, mem_wdata: 00000000
ClkCycle:        465, pc_rdata: 000005f6, pc_wdata: 000005fa, insn: 859300b5, mode: 3, rs1_addr: 11, rs1_rdata: bfffffff, rs2_addr: 11, rs2_rdata: bfffffff, rd_addr: 11, rd_wdata: c000000a, mem_addr: c000000a, mem_rdata: 00000000, mem_wdata: bfffffff
ClkCycle:        466, pc_rdata: 000005fa, pc_wdata: 000005fe, insn: 859300b5, mode: 3, rs1_addr:  0, rs1_rdata: 00000000, rs2_addr:  0, rs2_rdata: 00000000, rd_addr:  0, rd_wdata: 00000000, mem_addr: 00000000, mem_rdata: 00000000, mem_wdata: 00000000
ClkCycle:        467, pc_rdata: 000005fe, pc_wdata: 00000602, insn: 859300b5, mode: 3, rs1_addr: 11, rs1_rdata: bfffffff, rs2_addr: 11, rs2_rdata: bfffffff, rd_addr: 11, rd_wdata: c0000015, mem_addr: c0000015, mem_rdata: 00000000, mem_wdata: c000000a
ClkCycle:        468, pc_rdata: 00000602, pc_wdata: 00000606, insn: 859300b5, mode: 3, rs1_addr:  0, rs1_rdata: 00000000, rs2_addr:  0, rs2_rdata: 00000000, rd_addr:  0, rd_wdata: 00000000, mem_addr: 00000000, mem_rdata: 00000000, mem_wdata: 00000000
ClkCycle:        469, pc_rdata: 00000606, pc_wdata: 0000060a, insn: 859300a5, mode: 3, rs1_addr: 11, rs1_rdata: c000000a, rs2_addr: 10, rs2_rdata: bfffffff, rd_addr: 11, rd_wdata: c000001f, mem_addr: c000001f, mem_rdata: 00000000, mem_wdata: bfffffff
ClkCycle:        470, pc_rdata: 0000060a, pc_wdata: 0000060e, insn: 859300a5, mode: 3, rs1_addr:  0, rs1_rdata: 00000000, rs2_addr:  0, rs2_rdata: 00000000, rd_addr:  0, rd_wdata: 00000000, mem_addr: 00000000, mem_rdata: 00000000, mem_wdata: 00000000
ClkCycle:        471, pc_rdata: 0000060e, pc_wdata: 00000612, insn: 20a13c23, mode: 3, rs1_addr:  7, rs1_rdata: fc020000, rs2_addr:  2, rs2_rdata: fbffdf28, rd_addr: 11, rd_wdata: fc0203c2, mem_addr: fc0203c2, mem_rdata: 00000000, mem_wdata: fbffdf28
ClkCycle:        472, pc_rdata: 00000612, pc_wdata: 00000616, insn: 20a13c23, mode: 3, rs1_addr:  0, rs1_rdata: 00000000, rs2_addr:  0, rs2_rdata: 00000000, rd_addr:  0, rd_wdata: 00000000, mem_addr: 00000000, mem_rdata: 00000000, mem_wdata: 00000000
ClkCycle:        473, pc_rdata: 00000616, pc_wdata: 00000618, insn: aaa58593, mode: 3, rs1_addr:  0, rs1_rdata: 00000000, rs2_addr:  8, rs2_rdata: fbffe010, rd_addr:  1, rd_wdata: 0000061a, mem_addr: 00000048, mem_rdata: 00000000, mem_wdata: fbffe010
ClkCycle:        474, pc_rdata: 00000618, pc_wdata: 0000065e, insn: aaa58593, mode: 3, rs1_addr:  0, rs1_rdata: 00000000, rs2_addr:  0, rs2_rdata: 00000000, rd_addr:  0, rd_wdata: 00000000, mem_addr: 00000000, mem_rdata: 00000000, mem_wdata: 00000000
ClkCycle:        475, pc_rdata: 0000065e, pc_wdata: 00000662, insn: 95931995, mode: 3, rs1_addr:  0, rs1_rdata: 00000000, rs2_addr:  0, rs2_rdata: 00000000, rd_addr:  0, rd_wdata: 00000000, mem_addr: 00000000, mem_rdata: 00000000, mem_wdata: 00000000
ClkCycle:        476, pc_rdata: 00000662, pc_wdata: 00000666, insn: 95934cc5, mode: 3, rs1_addr: 11, rs1_rdata: fc0203c2, rs2_addr: 12, rs2_rdata: fbffe000, rd_addr: 11, rd_wdata: 203c2000, mem_addr: 203c2000, mem_rdata: 00000000, mem_wdata: fbffe000
ClkCycle:        477, pc_rdata: 00000666, pc_wdata: 0000066a, insn: 95934cc5, mode: 3, rs1_addr:  0, rs1_rdata: 00000000, rs2_addr:  0, rs2_rdata: 00000000, rd_addr:  0, rd_wdata: 00000000, mem_addr: 00000000, mem_rdata: 00000000, mem_wdata: 00000000
ClkCycle:        478, pc_rdata: 0000066a, pc_wdata: 0000066e, insn: 852e3335, mode: 3, rs1_addr: 11, rs1_rdata: fc0203c2, rs2_addr: 19, rs2_rdata: 00000000, rd_addr: 11, rd_wdata: 00000000, mem_addr: 00000000, mem_rdata: 00000000, mem_wdata: 00000000
ClkCycle:        479, pc_rdata: 0000066e, pc_wdata: 00000672, insn: 852e3335, mode: 3, rs1_addr:  0, rs1_rdata: 00000000, rs2_addr:  0, rs2_rdata: 00000000, rd_addr:  0, rd_wdata: 00000000, mem_addr: 00000000, mem_rdata: 00000000, mem_wdata: 00000000
ClkCycle:        480, pc_rdata: 00000672, pc_wdata: 00000674, insn: 666665b7, mode: 3, rs1_addr:  0, rs1_rdata: 00000000, rs2_addr: 11, rs2_rdata: 203c2000, rd_addr: 10, rd_wdata: 00000000, mem_addr: 00000000, mem_rdata: 00000000, mem_wdata: 00000000
ClkCycle:        481, pc_rdata: 00000674, pc_wdata: 00000678, insn: 666665b7, mode: 3, rs1_addr: 12, rs1_rdata: fbffe000, rs2_addr:  6, rs2_rdata: ffe00000, rd_addr: 11, rd_wdata: 66666000, mem_addr: 66666000, mem_rdata: 00000000, mem_wdata: ffe00000
ClkCycle:        482, pc_rdata: 00000678, pc_wdata: 0000067c, insn: 66658593, mode: 3, rs1_addr: 11, rs1_rdata: 00000000, rs2_addr:  6, rs2_rdata: ffe00000, rd_addr: 11, rd_wdata: 66666666, mem_addr: 66666666, mem_rdata: 00000000, mem_wdata: ffe00000
ClkCycle:        483, pc_rdata: 0000067c, pc_wdata: 00000680, insn: 00b59593, mode: 3, rs1_addr: 11, rs1_rdata: 00000000, rs2_addr: 11, rs2_rdata: 00000000, rd_addr: 11, rd_wdata: 33333000, mem_addr: 33333000, mem_rdata: 00000000, mem_wdata: 66666666
ClkCycle:        484, pc_rdata: 00000680, pc_wdata: 00000684, insn: 33358593, mode: 3, rs1_addr: 11, rs1_rdata: 66666000, rs2_addr: 19, rs2_rdata: 00000000, rd_addr: 11, rd_wdata: 33333333, mem_addr: 33333333, mem_rdata: 00000000, mem_wdata: 00000000
ClkCycle:        485, pc_rdata: 00000684, pc_wdata: 00000688, insn: 00b59593, mode: 3, rs1_addr: 11, rs1_rdata: 66666666, rs2_addr: 11, rs2_rdata: 66666666, rd_addr: 11, rd_wdata: 99999800, mem_addr: 99999800, mem_rdata: 00000000, mem_wdata: 33333333
ClkCycle:        486, pc_rdata: 00000688, pc_wdata: 0000068c, insn: 19958593, mode: 3, rs1_addr: 11, rs1_rdata: 33333000, rs2_addr: 25, rs2_rdata: 00080000, rd_addr: 11, rd_wdata: 99999999, mem_addr: 99999999, mem_rdata: 00000000, mem_wdata: 00080000
ClkCycle:        487, pc_rdata: 0000068c, pc_wdata: 00000690, insn: 00a59593, mode: 3, rs1_addr: 11, rs1_rdata: 33333333, rs2_addr: 10, rs2_rdata: 00000000, rd_addr: 11, rd_wdata: 66666400, mem_addr: 66666400, mem_rdata: 00000000, mem_wdata: 00000000
ClkCycle:        488, pc_rdata: 00000690, pc_wdata: 00000694, insn: 26658593, mode: 3, rs1_addr: 11, rs1_rdata: 99999800, rs2_addr:  6, rs2_rdata: ffe00000, rd_addr: 11, rd_wdata: 66666666, mem_addr: 66666666, mem_rdata: 00000000, mem_wdata: ffe00000
ClkCycle:        489, pc_rdata: 00000694, pc_wdata: 00000696, insn: 3023852e, mode: 3, rs1_addr:  0, rs1_rdata: 00000000, rs2_addr: 11, rs2_rdata: 99999999, rd_addr: 10, rd_wdata: 66666666, mem_addr: 66666666, mem_rdata: 00000000, mem_wdata: 66666666
ClkCycle:        490, pc_rdata: 00000696, pc_wdata: 0000069a, insn: 3023852e, mode: 3, rs1_addr:  0, rs1_rdata: 00000000, rs2_addr:  0, rs2_rdata: 00000000, rd_addr:  0, rd_wdata: 00000000, mem_addr: 00000000, mem_rdata: 00000000, mem_wdata: 00000000
0000000000000000
ClkCycle:        491, pc_rdata: 0000069a, pc_wdata: 0000069e, insn: 85930000, mode: 3, rs1_addr:  0, rs1_rdata: 00000000, rs2_addr:  0, rs2_rdata: 00000000, rd_addr:  0, rd_wdata: 00000000, mem_addr: 00000000, mem_rdata: 00000000, mem_wdata: 00000000
ClkCycle:        492, pc_rdata: 0000069e, pc_wdata: 000006a2, insn: 85930000, mode: 3, rs1_addr:  0, rs1_rdata: 00000000, rs2_addr:  0, rs2_rdata: 00000000, rd_addr:  0, rd_wdata: 00000000, mem_addr: 00000000, mem_rdata: 00000000, mem_wdata: 00000000
ClkCycle:        493, pc_rdata: 000006a2, pc_wdata: 000006a6, insn: 859300b5, mode: 3, rs1_addr: 11, rs1_rdata: 66666666, rs2_addr: 11, rs2_rdata: 66666666, rd_addr: 11, rd_wdata: 66666671, mem_addr: 66666671, mem_rdata: 00000000, mem_wdata: 66666666
ClkCycle:        494, pc_rdata: 000006a6, pc_wdata: 000006aa, insn: 859300b5, mode: 3, rs1_addr:  0, rs1_rdata: 00000000, rs2_addr:  0, rs2_rdata: 00000000, rd_addr:  0, rd_wdata: 00000000, mem_addr: 00000000, mem_rdata: 00000000, mem_wdata: 00000000
ClkCycle:        495, pc_rdata: 000006aa, pc_wdata: 000006ae, insn: 859300b5, mode: 3, rs1_addr: 11, rs1_rdata: 66666666, rs2_addr: 11, rs2_rdata: 66666666, rd_addr: 11, rd_wdata: 6666667c, mem_addr: 6666667c, mem_rdata: 00000000, mem_wdata: 66666671
ClkCycle:        496, pc_rdata: 000006ae, pc_wdata: 000006b2, insn: 859300b5, mode: 3, rs1_addr:  0, rs1_rdata: 00000000, rs2_addr:  0, rs2_rdata: 00000000, rd_addr:  0, rd_wdata: 00000000, mem_addr: 00000000, mem_rdata: 00000000, mem_wdata: 00000000
ClkCycle:        497, pc_rdata: 000006b2, pc_wdata: 000006b6, insn: 859300a5, mode: 3, rs1_addr: 11, rs1_rdata: 66666671, rs2_addr: 10, rs2_rdata: 66666666, rd_addr: 11, rd_wdata: 66666686, mem_addr: 66666686, mem_rdata: 00000000, mem_wdata: 66666666
ClkCycle:        498, pc_rdata: 000006b6, pc_wdata: 000006ba, insn: 859300a5, mode: 3, rs1_addr:  0, rs1_rdata: 00000000, rs2_addr:  0, rs2_rdata: 00000000, rd_addr:  0, rd_wdata: 00000000, mem_addr: 00000000, mem_rdata: 00000000, mem_wdata: 00000000
ClkCycle:        499, pc_rdata: 000006ba, pc_wdata: 000006be, insn: 24a13423, mode: 3, rs1_addr:  7, rs1_rdata: fc020000, rs2_addr:  2, rs2_rdata: fbffdf28, rd_addr: 11, rd_wdata: fc020342, mem_addr: fc020342, mem_rdata: 00000000, mem_wdata: fbffdf28
ClkCycle:        500, pc_rdata: 000006be, pc_wdata: 000006c2, insn: 24a13423, mode: 3, rs1_addr:  0, rs1_rdata: 00000000, rs2_addr:  0, rs2_rdata: 00000000, rd_addr:  0, rd_wdata: 00000000, mem_addr: 00000000, mem_rdata: 00000000, mem_wdata: 00000000
ClkCycle:        501, pc_rdata: 000006c2, pc_wdata: 000006c4, insn: 00058593, mode: 3, rs1_addr:  0, rs1_rdata: 00000000, rs2_addr:  8, rs2_rdata: fbffe010, rd_addr:  1, rd_wdata: 000006c6, mem_addr: 00000248, mem_rdata: 00000000, mem_wdata: fbffe010
ClkCycle:        502, pc_rdata: 000006c4, pc_wdata: 0000090a, insn: 00058593, mode: 3, rs1_addr:  0, rs1_rdata: 00000000, rs2_addr:  0, rs2_rdata: 00000000, rd_addr:  0, rd_wdata: 00000000, mem_addr: 00000000, mem_rdata: 00000000, mem_wdata: 00000000
ClkCycle:        503, pc_rdata: 0000090a, pc_wdata: 0000090e, insn: 3823852e, mode: 3, rs1_addr:  0, rs1_rdata: 00000000, rs2_addr:  0, rs2_rdata: 00000000, rd_addr:  0, rd_wdata: 00000000, mem_addr: 00000000, mem_rdata: 00000000, mem_wdata: 00000000
00000000000006c6
ClkCycle:        504, pc_rdata: 0000090e, pc_wdata: 00000912, insn: 95930010, mode: 3, rs1_addr:  0, rs1_rdata: 00000000, rs2_addr:  1, rs2_rdata: 000006c6, rd_addr: 16, rd_wdata: 00000010, mem_addr: 00000010, mem_rdata: 00000000, mem_wdata: 000006c6
ClkCycle:        505, pc_rdata: 00000912, pc_wdata: 00000916, insn: 95930010, mode: 3, rs1_addr:  0, rs1_rdata: 00000000, rs2_addr:  0, rs2_rdata: 00000000, rd_addr:  0, rd_wdata: 00000000, mem_addr: 00000000, mem_rdata: 00000000, mem_wdata: 00000000
ClkCycle:        506, pc_rdata: 00000916, pc_wdata: 0000091a, insn: 852efff5, mode: 3, rs1_addr: 11, rs1_rdata: fc020342, rs2_addr: 31, rs2_rdata: 00000000, rd_addr: 11, rd_wdata: 00000000, mem_addr: 00000000, mem_rdata: 00000000, mem_wdata: 00000000
ClkCycle:        507, pc_rdata: 0000091a, pc_wdata: 0000091e, insn: 852efff5, mode: 3, rs1_addr:  0, rs1_rdata: 00000000, rs2_addr:  0, rs2_rdata: 00000000, rd_addr:  0, rd_wdata: 00000000, mem_addr: 00000000, mem_rdata: 00000000, mem_wdata: 00000000
ClkCycle:        508, pc_rdata: 0000091e, pc_wdata: 00000920, insn: 00100593, mode: 3, rs1_addr:  0, rs1_rdata: 00000000, rs2_addr: 11, rs2_rdata: fc020342, rd_addr: 10, rd_wdata: 00000000, mem_addr: 00000000, mem_rdata: 00000000, mem_wdata: 00000000
ClkCycle:        509, pc_rdata: 00000920, pc_wdata: 00000924, insn: 00100593, mode: 3, rs1_addr:  0, rs1_rdata: 00000000, rs2_addr:  1, rs2_rdata: 000006c6, rd_addr: 11, rd_wdata: 00000001, mem_addr: 00000001, mem_rdata: 00000000, mem_wdata: 000006c6
ClkCycle:        510, pc_rdata: 00000924, pc_wdata: 00000928, insn: 01f59593, mode: 3, rs1_addr: 11, rs1_rdata: 00000000, rs2_addr: 31, rs2_rdata: 00000000, rd_addr: 11, rd_wdata: 80000000, mem_addr: 80000000, mem_rdata: 00000000, mem_wdata: 00000000
ClkCycle:        511, pc_rdata: 00000928, pc_wdata: 0000092c, insn: fff5c593, mode: 3, rs1_addr: 11, rs1_rdata: 00000000, rs2_addr: 31, rs2_rdata: 00000000, rd_addr: 11, rd_wdata: 7fffffff, mem_addr: 7fffffff, mem_rdata: 00000000, mem_wdata: 00000000
ClkCycle:        512, pc_rdata: 0000092c, pc_wdata: 0000092e, insn: 3023852e, mode: 3, rs1_addr:  0, rs1_rdata: 00000000, rs2_addr: 11, rs2_rdata: 00000001, rd_addr: 10, rd_wdata: 7fffffff, mem_addr: 7fffffff, mem_rdata: 00000000, mem_wdata: 7fffffff
ClkCycle:        513, pc_rdata: 0000092e, pc_wdata: 00000932, insn: 3023852e, mode: 3, rs1_addr:  0, rs1_rdata: 00000000, rs2_addr:  0, rs2_rdata: 00000000, rd_addr:  0, rd_wdata: 00000000, mem_addr: 00000000, mem_rdata: 00000000, mem_wdata: 00000000
00000000000006c6
ClkCycle:        514, pc_rdata: 00000932, pc_wdata: 00000936, insn: 95930010, mode: 3, rs1_addr:  0, rs1_rdata: 00000000, rs2_addr:  1, rs2_rdata: 000006c6, rd_addr:  0, rd_wdata: 00000000, mem_addr: 00000000, mem_rdata: 00000000, mem_wdata: 000006c6
ClkCycle:        515, pc_rdata: 00000936, pc_wdata: 0000093a, insn: 95930010, mode: 3, rs1_addr:  0, rs1_rdata: 00000000, rs2_addr:  0, rs2_rdata: 00000000, rd_addr:  0, rd_wdata: 00000000, mem_addr: 00000000, mem_rdata: 00000000, mem_wdata: 00000000
ClkCycle:        516, pc_rdata: 0000093a, pc_wdata: 0000093e, insn: 852efff5, mode: 3, rs1_addr: 11, rs1_rdata: 7fffffff, rs2_addr: 31, rs2_rdata: 00000000, rd_addr: 11, rd_wdata: 80000000, mem_addr: 80000000, mem_rdata: 00000000, mem_wdata: 00000000
ClkCycle:        517, pc_rdata: 0000093e, pc_wdata: 00000942, insn: 852efff5, mode: 3, rs1_addr:  0, rs1_rdata: 00000000, rs2_addr:  0, rs2_rdata: 00000000, rd_addr:  0, rd_wdata: 00000000, mem_addr: 00000000, mem_rdata: 00000000, mem_wdata: 00000000
ClkCycle:        518, pc_rdata: 00000942, pc_wdata: 00000944, insn: 00100593, mode: 3, rs1_addr:  0, rs1_rdata: 00000000, rs2_addr: 11, rs2_rdata: 7fffffff, rd_addr: 10, rd_wdata: 80000000, mem_addr: 80000000, mem_rdata: 00000000, mem_wdata: 80000000
ClkCycle:        519, pc_rdata: 00000944, pc_wdata: 00000948, insn: 00100593, mode: 3, rs1_addr:  0, rs1_rdata: 00000000, rs2_addr:  1, rs2_rdata: 000006c6, rd_addr: 11, rd_wdata: 00000001, mem_addr: 00000001, mem_rdata: 00000000, mem_wdata: 000006c6
ClkCycle:        520, pc_rdata: 00000948, pc_wdata: 0000094c, insn: 02159593, mode: 3, rs1_addr: 11, rs1_rdata: 80000000, rs2_addr:  1, rs2_rdata: 000006c6, rd_addr: 11, rd_wdata: 00000002, mem_addr: 00000002, mem_rdata: 00000000, mem_wdata: 000006c6
ClkCycle:        521, pc_rdata: 0000094c, pc_wdata: 00000950, insn: fff5c593, mode: 3, rs1_addr: 11, rs1_rdata: 80000000, rs2_addr: 31, rs2_rdata: 00000000, rd_addr: 11, rd_wdata: fffffffd, mem_addr: fffffffd, mem_rdata: 00000000, mem_wdata: 00000000
ClkCycle:        522, pc_rdata: 00000950, pc_wdata: 00000952, insn: 3823852e, mode: 3, rs1_addr:  0, rs1_rdata: 00000000, rs2_addr: 11, rs2_rdata: 00000001, rd_addr: 10, rd_wdata: fffffffd, mem_addr: fffffffd, mem_rdata: 00000000, mem_wdata: fffffffd
ClkCycle:        523, pc_rdata: 00000952, pc_wdata: 00000956, insn: 3823852e, mode: 3, rs1_addr:  0, rs1_rdata: 00000000, rs2_addr:  0, rs2_rdata: 00000000, rd_addr:  0, rd_wdata: 00000000, mem_addr: 00000000, mem_rdata: 00000000, mem_wdata: 00000000
00000000000006c6
ClkCycle:        524, pc_rdata: 00000956, pc_wdata: 0000095a, insn: 95930010, mode: 3, rs1_addr:  0, rs1_rdata: 00000000, rs2_addr:  1, rs2_rdata: 000006c6, rd_addr: 16, rd_wdata: 00000010, mem_addr: 00000010, mem_rdata: 00000000, mem_wdata: 000006c6
ClkCycle:        525, pc_rdata: 0000095a, pc_wdata: 0000095e, insn: 95930010, mode: 3, rs1_addr:  0, rs1_rdata: 00000000, rs2_addr:  0, rs2_rdata: 00000000, rd_addr:  0, rd_wdata: 00000000, mem_addr: 00000000, mem_rdata: 00000000, mem_wdata: 00000000
ClkCycle:        526, pc_rdata: 0000095e, pc_wdata: 00000962, insn: 852efff5, mode: 3, rs1_addr: 11, rs1_rdata: fffffffd, rs2_addr: 31, rs2_rdata: 00000000, rd_addr: 11, rd_wdata: 80000000, mem_addr: 80000000, mem_rdata: 00000000, mem_wdata: 00000000
ClkCycle:        527, pc_rdata: 00000962, pc_wdata: 00000966, insn: 852efff5, mode: 3, rs1_addr:  0, rs1_rdata: 00000000, rs2_addr:  0, rs2_rdata: 00000000, rd_addr:  0, rd_wdata: 00000000, mem_addr: 00000000, mem_rdata: 00000000, mem_wdata: 00000000
ClkCycle:        528, pc_rdata: 00000966, pc_wdata: 00000968, insn: 00100593, mode: 3, rs1_addr:  0, rs1_rdata: 00000000, rs2_addr: 11, rs2_rdata: fffffffd, rd_addr: 10, rd_wdata: 80000000, mem_addr: 80000000, mem_rdata: 00000000, mem_wdata: 80000000
ClkCycle:        529, pc_rdata: 00000968, pc_wdata: 0000096c, insn: 00100593, mode: 3, rs1_addr:  0, rs1_rdata: 00000000, rs2_addr:  1, rs2_rdata: 000006c6, rd_addr: 11, rd_wdata: 00000001, mem_addr: 00000001, mem_rdata: 00000000, mem_wdata: 000006c6
ClkCycle:        530, pc_rdata: 0000096c, pc_wdata: 00000970, insn: 02359593, mode: 3, rs1_addr: 11, rs1_rdata: 80000000, rs2_addr:  3, rs2_rdata: 003fbb6c, rd_addr: 11, rd_wdata: 00000008, mem_addr: 00000008, mem_rdata: 00000000, mem_wdata: 003fbb6c
ClkCycle:        531, pc_rdata: 00000970, pc_wdata: 00000974, insn: fff5c593, mode: 3, rs1_addr: 11, rs1_rdata: 80000000, rs2_addr: 31, rs2_rdata: 00000000, rd_addr: 11, rd_wdata: fffffff7, mem_addr: fffffff7, mem_rdata: 00000000, mem_wdata: 00000000
ClkCycle:        532, pc_rdata: 00000974, pc_wdata: 00000976, insn: 3023852e, mode: 3, rs1_addr:  0, rs1_rdata: 00000000, rs2_addr: 11, rs2_rdata: 00000001, rd_addr: 10, rd_wdata: fffffff7, mem_addr: fffffff7, mem_rdata: 00000000, mem_wdata: fffffff7
ClkCycle:        533, pc_rdata: 00000976, pc_wdata: 0000097a, insn: 3023852e, mode: 3, rs1_addr:  0, rs1_rdata: 00000000, rs2_addr:  0, rs2_rdata: 00000000, rd_addr:  0, rd_wdata: 00000000, mem_addr: 00000000, mem_rdata: 00000000, mem_wdata: 00000000
00000000000006c6
ClkCycle:        534, pc_rdata: 0000097a, pc_wdata: 0000097e, insn: 95930010, mode: 3, rs1_addr:  0, rs1_rdata: 00000000, rs2_addr:  1, rs2_rdata: 000006c6, rd_addr:  0, rd_wdata: 00000000, mem_addr: 00000000, mem_rdata: 00000000, mem_wdata: 000006c6
ClkCycle:        535, pc_rdata: 0000097e, pc_wdata: 00000982, insn: 95930010, mode: 3, rs1_addr:  0, rs1_rdata: 00000000, rs2_addr:  0, rs2_rdata: 00000000, rd_addr:  0, rd_wdata: 00000000, mem_addr: 00000000, mem_rdata: 00000000, mem_wdata: 00000000
ClkCycle:        536, pc_rdata: 00000982, pc_wdata: 00000986, insn: 852efff5, mode: 3, rs1_addr: 11, rs1_rdata: fffffff7, rs2_addr: 31, rs2_rdata: 00000000, rd_addr: 11, rd_wdata: 80000000, mem_addr: 80000000, mem_rdata: 00000000, mem_wdata: 00000000
ClkCycle:        537, pc_rdata: 00000986, pc_wdata: 0000098a, insn: 852efff5, mode: 3, rs1_addr:  0, rs1_rdata: 00000000, rs2_addr:  0, rs2_rdata: 00000000, rd_addr:  0, rd_wdata: 00000000, mem_addr: 00000000, mem_rdata: 00000000, mem_wdata: 00000000
ClkCycle:        538, pc_rdata: 0000098a, pc_wdata: 0000098c, insn: 00100593, mode: 3, rs1_addr:  0, rs1_rdata: 00000000, rs2_addr: 11, rs2_rdata: fffffff7, rd_addr: 10, rd_wdata: 80000000, mem_addr: 80000000, mem_rdata: 00000000, mem_wdata: 80000000
ClkCycle:        539, pc_rdata: 0000098c, pc_wdata: 00000990, insn: 00100593, mode: 3, rs1_addr:  0, rs1_rdata: 00000000, rs2_addr:  1, rs2_rdata: 000006c6, rd_addr: 11, rd_wdata: 00000001, mem_addr: 00000001, mem_rdata: 00000000, mem_wdata: 000006c6
ClkCycle:        540, pc_rdata: 00000990, pc_wdata: 00000994, insn: 02559593, mode: 3, rs1_addr: 11, rs1_rdata: 80000000, rs2_addr:  5, rs2_rdata: 11800000, rd_addr: 11, rd_wdata: 00000020, mem_addr: 00000020, mem_rdata: 00000000, mem_wdata: 11800000
ClkCycle:        541, pc_rdata: 00000994, pc_wdata: 00000998, insn: fff5c593, mode: 3, rs1_addr: 11, rs1_rdata: 80000000, rs2_addr: 31, rs2_rdata: 00000000, rd_addr: 11, rd_wdata: ffffffdf, mem_addr: ffffffdf, mem_rdata: 00000000, mem_wdata: 00000000
ClkCycle:        542, pc_rdata: 00000998, pc_wdata: 0000099a, insn: 3823852e, mode: 3, rs1_addr:  0, rs1_rdata: 00000000, rs2_addr: 11, rs2_rdata: 00000001, rd_addr: 10, rd_wdata: ffffffdf, mem_addr: ffffffdf, mem_rdata: 00000000, mem_wdata: ffffffdf
ClkCycle:        543, pc_rdata: 0000099a, pc_wdata: 0000099e, insn: 3823852e, mode: 3, rs1_addr:  0, rs1_rdata: 00000000, rs2_addr:  0, rs2_rdata: 00000000, rd_addr:  0, rd_wdata: 00000000, mem_addr: 00000000, mem_rdata: 00000000, mem_wdata: 00000000
00000000000006c6
ClkCycle:        544, pc_rdata: 0000099e, pc_wdata: 000009a2, insn: 95930010, mode: 3, rs1_addr:  0, rs1_rdata: 00000000, rs2_addr:  1, rs2_rdata: 000006c6, rd_addr: 16, rd_wdata: 00000010, mem_addr: 00000010, mem_rdata: 00000000, mem_wdata: 000006c6
ClkCycle:        545, pc_rdata: 000009a2, pc_wdata: 000009a6, insn: 95930010, mode: 3, rs1_addr:  0, rs1_rdata: 00000000, rs2_addr:  0, rs2_rdata: 00000000, rd_addr:  0, rd_wdata: 00000000, mem_addr: 00000000, mem_rdata: 00000000, mem_wdata: 00000000
ClkCycle:        546, pc_rdata: 000009a6, pc_wdata: 000009aa, insn: 852efff5, mode: 3, rs1_addr: 11, rs1_rdata: ffffffdf, rs2_addr: 31, rs2_rdata: 00000000, rd_addr: 11, rd_wdata: 80000000, mem_addr: 80000000, mem_rdata: 00000000, mem_wdata: 00000000
ClkCycle:        547, pc_rdata: 000009aa, pc_wdata: 000009ae, insn: 852efff5, mode: 3, rs1_addr:  0, rs1_rdata: 00000000, rs2_addr:  0, rs2_rdata: 00000000, rd_addr:  0, rd_wdata: 00000000, mem_addr: 00000000, mem_rdata: 00000000, mem_wdata: 00000000
ClkCycle:        548, pc_rdata: 000009ae, pc_wdata: 000009b0, insn: 00100593, mode: 3, rs1_addr:  0, rs1_rdata: 00000000, rs2_addr: 11, rs2_rdata: ffffffdf, rd_addr: 10, rd_wdata: 80000000, mem_addr: 80000000, mem_rdata: 00000000, mem_wdata: 80000000
ClkCycle:        549, pc_rdata: 000009b0, pc_wdata: 000009b4, insn: 00100593, mode: 3, rs1_addr:  0, rs1_rdata: 00000000, rs2_addr:  1, rs2_rdata: 000006c6, rd_addr: 11, rd_wdata: 00000001, mem_addr: 00000001, mem_rdata: 00000000, mem_wdata: 000006c6
ClkCycle:        550, pc_rdata: 000009b4, pc_wdata: 000009b8, insn: 02759593, mode: 3, rs1_addr: 11, rs1_rdata: 80000000, rs2_addr:  7, rs2_rdata: fc020000, rd_addr: 11, rd_wdata: 00000080, mem_addr: 00000080, mem_rdata: 00000000, mem_wdata: fc020000
ClkCycle:        551, pc_rdata: 000009b8, pc_wdata: 000009bc, insn: fff5c593, mode: 3, rs1_addr: 11, rs1_rdata: 80000000, rs2_addr: 31, rs2_rdata: 00000000, rd_addr: 11, rd_wdata: ffffff7f, mem_addr: ffffff7f, mem_rdata: 00000000, mem_wdata: 00000000
ClkCycle:        552, pc_rdata: 000009bc, pc_wdata: 000009be, insn: 3023852e, mode: 3, rs1_addr:  0, rs1_rdata: 00000000, rs2_addr: 11, rs2_rdata: 00000001, rd_addr: 10, rd_wdata: ffffff7f, mem_addr: ffffff7f, mem_rdata: 00000000, mem_wdata: ffffff7f
ClkCycle:        553, pc_rdata: 000009be, pc_wdata: 000009c2, insn: 3023852e, mode: 3, rs1_addr:  0, rs1_rdata: 00000000, rs2_addr:  0, rs2_rdata: 00000000, rd_addr:  0, rd_wdata: 00000000, mem_addr: 00000000, mem_rdata: 00000000, mem_wdata: 00000000
00000000000006c6
ClkCycle:        554, pc_rdata: 000009c2, pc_wdata: 000009c6, insn: 95930010, mode: 3, rs1_addr:  0, rs1_rdata: 00000000, rs2_addr:  1, rs2_rdata: 000006c6, rd_addr:  0, rd_wdata: 00000000, mem_addr: 00000000, mem_rdata: 00000000, mem_wdata: 000006c6
ClkCycle:        555, pc_rdata: 000009c6, pc_wdata: 000009ca, insn: 95930010, mode: 3, rs1_addr:  0, rs1_rdata: 00000000, rs2_addr:  0, rs2_rdata: 00000000, rd_addr:  0, rd_wdata: 00000000, mem_addr: 00000000, mem_rdata: 00000000, mem_wdata: 00000000
ClkCycle:        556, pc_rdata: 000009ca, pc_wdata: 000009ce, insn: 852efff5, mode: 3, rs1_addr: 11, rs1_rdata: ffffff7f, rs2_addr: 31, rs2_rdata: 00000000, rd_addr: 11, rd_wdata: 80000000, mem_addr: 80000000, mem_rdata: 00000000, mem_wdata: 00000000
ClkCycle:        557, pc_rdata: 000009ce, pc_wdata: 000009d2, insn: 852efff5, mode: 3, rs1_addr:  0, rs1_rdata: 00000000, rs2_addr:  0, rs2_rdata: 00000000, rd_addr:  0, rd_wdata: 00000000, mem_addr: 00000000, mem_rdata: 00000000, mem_wdata: 00000000
ClkCycle:        558, pc_rdata: 000009d2, pc_wdata: 000009d4, insn: 00100593, mode: 3, rs1_addr:  0, rs1_rdata: 00000000, rs2_addr: 11, rs2_rdata: ffffff7f, rd_addr: 10, rd_wdata: 80000000, mem_addr: 80000000, mem_rdata: 00000000, mem_wdata: 80000000
ClkCycle:        559, pc_rdata: 000009d4, pc_wdata: 000009d8, insn: 00100593, mode: 3, rs1_addr:  0, rs1_rdata: 00000000, rs2_addr:  1, rs2_rdata: 000006c6, rd_addr: 11, rd_wdata: 00000001, mem_addr: 00000001, mem_rdata: 00000000, mem_wdata: 000006c6
ClkCycle:        560, pc_rdata: 000009d8, pc_wdata: 000009dc, insn: 02959593, mode: 3, rs1_addr: 11, rs1_rdata: 80000000, rs2_addr:  9, rs2_rdata: 001f56ff, rd_addr: 11, rd_wdata: 00000200, mem_addr: 00000200, mem_rdata: 00000000, mem_wdata: 001f56ff
ClkCycle:        561, pc_rdata: 000009dc, pc_wdata: 000009e0, insn: fff5c593, mode: 3, rs1_addr: 11, rs1_rdata: 80000000, rs2_addr: 31, rs2_rdata: 00000000, rd_addr: 11, rd_wdata: fffffdff, mem_addr: fffffdff, mem_rdata: 00000000, mem_wdata: 00000000
ClkCycle:        562, pc_rdata: 000009e0, pc_wdata: 000009e2, insn: 3823852e, mode: 3, rs1_addr:  0, rs1_rdata: 00000000, rs2_addr: 11, rs2_rdata: 00000001, rd_addr: 10, rd_wdata: fffffdff, mem_addr: fffffdff, mem_rdata: 00000000, mem_wdata: fffffdff
ClkCycle:        563, pc_rdata: 000009e2, pc_wdata: 000009e6, insn: 3823852e, mode: 3, rs1_addr:  0, rs1_rdata: 00000000, rs2_addr:  0, rs2_rdata: 00000000, rd_addr:  0, rd_wdata: 00000000, mem_addr: 00000000, mem_rdata: 00000000, mem_wdata: 00000000
00000000000006c6
ClkCycle:        564, pc_rdata: 000009e6, pc_wdata: 000009ea, insn: 95930010, mode: 3, rs1_addr:  0, rs1_rdata: 00000000, rs2_addr:  1, rs2_rdata: 000006c6, rd_addr: 16, rd_wdata: 00000010, mem_addr: 00000010, mem_rdata: 00000000, mem_wdata: 000006c6
ClkCycle:        565, pc_rdata: 000009ea, pc_wdata: 000009ee, insn: 95930010, mode: 3, rs1_addr:  0, rs1_rdata: 00000000, rs2_addr:  0, rs2_rdata: 00000000, rd_addr:  0, rd_wdata: 00000000, mem_addr: 00000000, mem_rdata: 00000000, mem_wdata: 00000000
ClkCycle:        566, pc_rdata: 000009ee, pc_wdata: 000009f2, insn: 852efff5, mode: 3, rs1_addr: 11, rs1_rdata: fffffdff, rs2_addr: 31, rs2_rdata: 00000000, rd_addr: 11, rd_wdata: 80000000, mem_addr: 80000000, mem_rdata: 00000000, mem_wdata: 00000000
ClkCycle:        567, pc_rdata: 000009f2, pc_wdata: 000009f6, insn: 852efff5, mode: 3, rs1_addr:  0, rs1_rdata: 00000000, rs2_addr:  0, rs2_rdata: 00000000, rd_addr:  0, rd_wdata: 00000000, mem_addr: 00000000, mem_rdata: 00000000, mem_wdata: 00000000
ClkCycle:        568, pc_rdata: 000009f6, pc_wdata: 000009f8, insn: 00100593, mode: 3, rs1_addr:  0, rs1_rdata: 00000000, rs2_addr: 11, rs2_rdata: fffffdff, rd_addr: 10, rd_wdata: 80000000, mem_addr: 80000000, mem_rdata: 00000000, mem_wdata: 80000000
ClkCycle:        569, pc_rdata: 000009f8, pc_wdata: 000009fc, insn: 00100593, mode: 3, rs1_addr:  0, rs1_rdata: 00000000, rs2_addr:  1, rs2_rdata: 000006c6, rd_addr: 11, rd_wdata: 00000001, mem_addr: 00000001, mem_rdata: 00000000, mem_wdata: 000006c6
ClkCycle:        570, pc_rdata: 000009fc, pc_wdata: 00000a00, insn: 02b59593, mode: 3, rs1_addr: 11, rs1_rdata: 80000000, rs2_addr: 11, rs2_rdata: 80000000, rd_addr: 11, rd_wdata: 00000800, mem_addr: 00000800, mem_rdata: 00000000, mem_wdata: 00000001
ClkCycle:        571, pc_rdata: 00000a00, pc_wdata: 00000a04, insn: fff5c593, mode: 3, rs1_addr: 11, rs1_rdata: 80000000, rs2_addr: 31, rs2_rdata: 00000000, rd_addr: 11, rd_wdata: fffff7ff, mem_addr: fffff7ff, mem_rdata: 00000000, mem_wdata: 00000000
ClkCycle:        572, pc_rdata: 00000a04, pc_wdata: 00000a06, insn: 3023852e, mode: 3, rs1_addr:  0, rs1_rdata: 00000000, rs2_addr: 11, rs2_rdata: 00000001, rd_addr: 10, rd_wdata: fffff7ff, mem_addr: fffff7ff, mem_rdata: 00000000, mem_wdata: fffff7ff
ClkCycle:        573, pc_rdata: 00000a06, pc_wdata: 00000a0a, insn: 3023852e, mode: 3, rs1_addr:  0, rs1_rdata: 00000000, rs2_addr:  0, rs2_rdata: 00000000, rd_addr:  0, rd_wdata: 00000000, mem_addr: 00000000, mem_rdata: 00000000, mem_wdata: 00000000
00000000000006c6
ClkCycle:        574, pc_rdata: 00000a0a, pc_wdata: 00000a0e, insn: 95930010, mode: 3, rs1_addr:  0, rs1_rdata: 00000000, rs2_addr:  1, rs2_rdata: 000006c6, rd_addr:  0, rd_wdata: 00000000, mem_addr: 00000000, mem_rdata: 00000000, mem_wdata: 000006c6
ClkCycle:        575, pc_rdata: 00000a0e, pc_wdata: 00000a12, insn: 95930010, mode: 3, rs1_addr:  0, rs1_rdata: 00000000, rs2_addr:  0, rs2_rdata: 00000000, rd_addr:  0, rd_wdata: 00000000, mem_addr: 00000000, mem_rdata: 00000000, mem_wdata: 00000000
ClkCycle:        576, pc_rdata: 00000a12, pc_wdata: 00000a16, insn: 852efff5, mode: 3, rs1_addr: 11, rs1_rdata: fffff7ff, rs2_addr: 31, rs2_rdata: 00000000, rd_addr: 11, rd_wdata: 80000000, mem_addr: 80000000, mem_rdata: 00000000, mem_wdata: 00000000
ClkCycle:        577, pc_rdata: 00000a16, pc_wdata: 00000a1a, insn: 852efff5, mode: 3, rs1_addr:  0, rs1_rdata: 00000000, rs2_addr:  0, rs2_rdata: 00000000, rd_addr:  0, rd_wdata: 00000000, mem_addr: 00000000, mem_rdata: 00000000, mem_wdata: 00000000
ClkCycle:        578, pc_rdata: 00000a1a, pc_wdata: 00000a1c, insn: 00100593, mode: 3, rs1_addr:  0, rs1_rdata: 00000000, rs2_addr: 11, rs2_rdata: fffff7ff, rd_addr: 10, rd_wdata: 80000000, mem_addr: 80000000, mem_rdata: 00000000, mem_wdata: 80000000
ClkCycle:        579, pc_rdata: 00000a1c, pc_wdata: 00000a20, insn: 00100593, mode: 3, rs1_addr:  0, rs1_rdata: 00000000, rs2_addr:  1, rs2_rdata: 000006c6, rd_addr: 11, rd_wdata: 00000001, mem_addr: 00000001, mem_rdata: 00000000, mem_wdata: 000006c6
ClkCycle:        580, pc_rdata: 00000a20, pc_wdata: 00000a24, insn: 02d59593, mode: 3, rs1_addr: 11, rs1_rdata: 80000000, rs2_addr: 13, rs2_rdata: 40000000, rd_addr: 11, rd_wdata: 00002000, mem_addr: 00002000, mem_rdata: 00000000, mem_wdata: 40000000
ClkCycle:        581, pc_rdata: 00000a24, pc_wdata: 00000a28, insn: fff5c593, mode: 3, rs1_addr: 11, rs1_rdata: 80000000, rs2_addr: 31, rs2_rdata: 00000000, rd_addr: 11, rd_wdata: ffffdfff, mem_addr: ffffdfff, mem_rdata: 00000000, mem_wdata: 00000000
ClkCycle:        582, pc_rdata: 00000a28, pc_wdata: 00000a2a, insn: 3823852e, mode: 3, rs1_addr:  0, rs1_rdata: 00000000, rs2_addr: 11, rs2_rdata: 00000001, rd_addr: 10, rd_wdata: ffffdfff, mem_addr: ffffdfff, mem_rdata: 00000000, mem_wdata: ffffdfff
ClkCycle:        583, pc_rdata: 00000a2a, pc_wdata: 00000a2e, insn: 3823852e, mode: 3, rs1_addr:  0, rs1_rdata: 00000000, rs2_addr:  0, rs2_rdata: 00000000, rd_addr:  0, rd_wdata: 00000000, mem_addr: 00000000, mem_rdata: 00000000, mem_wdata: 00000000
00000000000006c6
ClkCycle:        584, pc_rdata: 00000a2e, pc_wdata: 00000a32, insn: 95930010, mode: 3, rs1_addr:  0, rs1_rdata: 00000000, rs2_addr:  1, rs2_rdata: 000006c6, rd_addr: 16, rd_wdata: 00000010, mem_addr: 00000010, mem_rdata: 00000000, mem_wdata: 000006c6
ClkCycle:        585, pc_rdata: 00000a32, pc_wdata: 00000a36, insn: 95930010, mode: 3, rs1_addr:  0, rs1_rdata: 00000000, rs2_addr:  0, rs2_rdata: 00000000, rd_addr:  0, rd_wdata: 00000000, mem_addr: 00000000, mem_rdata: 00000000, mem_wdata: 00000000
ClkCycle:        586, pc_rdata: 00000a36, pc_wdata: 00000a3a, insn: 852efff5, mode: 3, rs1_addr: 11, rs1_rdata: ffffdfff, rs2_addr: 31, rs2_rdata: 00000000, rd_addr: 11, rd_wdata: 80000000, mem_addr: 80000000, mem_rdata: 00000000, mem_wdata: 00000000
ClkCycle:        587, pc_rdata: 00000a3a, pc_wdata: 00000a3e, insn: 852efff5, mode: 3, rs1_addr:  0, rs1_rdata: 00000000, rs2_addr:  0, rs2_rdata: 00000000, rd_addr:  0, rd_wdata: 00000000, mem_addr: 00000000, mem_rdata: 00000000, mem_wdata: 00000000
ClkCycle:        588, pc_rdata: 00000a3e, pc_wdata: 00000a40, insn: 00100593, mode: 3, rs1_addr:  0, rs1_rdata: 00000000, rs2_addr: 11, rs2_rdata: ffffdfff, rd_addr: 10, rd_wdata: 80000000, mem_addr: 80000000, mem_rdata: 00000000, mem_wdata: 80000000
ClkCycle:        589, pc_rdata: 00000a40, pc_wdata: 00000a44, insn: 00100593, mode: 3, rs1_addr:  0, rs1_rdata: 00000000, rs2_addr:  1, rs2_rdata: 000006c6, rd_addr: 11, rd_wdata: 00000001, mem_addr: 00000001, mem_rdata: 00000000, mem_wdata: 000006c6
ClkCycle:        590, pc_rdata: 00000a44, pc_wdata: 00000a48, insn: 02f59593, mode: 3, rs1_addr: 11, rs1_rdata: 80000000, rs2_addr: 15, rs2_rdata: 03c00000, rd_addr: 11, rd_wdata: 00008000, mem_addr: 00008000, mem_rdata: 00000000, mem_wdata: 03c00000
ClkCycle:        591, pc_rdata: 00000a48, pc_wdata: 00000a4c, insn: fff5c593, mode: 3, rs1_addr: 11, rs1_rdata: 80000000, rs2_addr: 31, rs2_rdata: 00000000, rd_addr: 11, rd_wdata: ffff7fff, mem_addr: ffff7fff, mem_rdata: 00000000, mem_wdata: 00000000
ClkCycle:        592, pc_rdata: 00000a4c, pc_wdata: 00000a4e, insn: 3023852e, mode: 3, rs1_addr:  0, rs1_rdata: 00000000, rs2_addr: 11, rs2_rdata: 00000001, rd_addr: 10, rd_wdata: ffff7fff, mem_addr: ffff7fff, mem_rdata: 00000000, mem_wdata: ffff7fff
ClkCycle:        593, pc_rdata: 00000a4e, pc_wdata: 00000a52, insn: 3023852e, mode: 3, rs1_addr:  0, rs1_rdata: 00000000, rs2_addr:  0, rs2_rdata: 00000000, rd_addr:  0, rd_wdata: 00000000, mem_addr: 00000000, mem_rdata: 00000000, mem_wdata: 00000000
00000000000006c6
ClkCycle:        594, pc_rdata: 00000a52, pc_wdata: 00000a56, insn: 95930010, mode: 3, rs1_addr:  0, rs1_rdata: 00000000, rs2_addr:  1, rs2_rdata: 000006c6, rd_addr:  0, rd_wdata: 00000000, mem_addr: 00000000, mem_rdata: 00000000, mem_wdata: 000006c6
ClkCycle:        595, pc_rdata: 00000a56, pc_wdata: 00000a5a, insn: 95930010, mode: 3, rs1_addr:  0, rs1_rdata: 00000000, rs2_addr:  0, rs2_rdata: 00000000, rd_addr:  0, rd_wdata: 00000000, mem_addr: 00000000, mem_rdata: 00000000, mem_wdata: 00000000
ClkCycle:        596, pc_rdata: 00000a5a, pc_wdata: 00000a5e, insn: 852efff5, mode: 3, rs1_addr: 11, rs1_rdata: ffff7fff, rs2_addr: 31, rs2_rdata: 00000000, rd_addr: 11, rd_wdata: 80000000, mem_addr: 80000000, mem_rdata: 00000000, mem_wdata: 00000000
ClkCycle:        597, pc_rdata: 00000a5e, pc_wdata: 00000a62, insn: 852efff5, mode: 3, rs1_addr:  0, rs1_rdata: 00000000, rs2_addr:  0, rs2_rdata: 00000000, rd_addr:  0, rd_wdata: 00000000, mem_addr: 00000000, mem_rdata: 00000000, mem_wdata: 00000000
ClkCycle:        598, pc_rdata: 00000a62, pc_wdata: 00000a64, insn: 00100593, mode: 3, rs1_addr:  0, rs1_rdata: 00000000, rs2_addr: 11, rs2_rdata: ffff7fff, rd_addr: 10, rd_wdata: 80000000, mem_addr: 80000000, mem_rdata: 00000000, mem_wdata: 80000000
ClkCycle:        599, pc_rdata: 00000a64, pc_wdata: 00000a68, insn: 00100593, mode: 3, rs1_addr:  0, rs1_rdata: 00000000, rs2_addr:  1, rs2_rdata: 000006c6, rd_addr: 11, rd_wdata: 00000001, mem_addr: 00000001, mem_rdata: 00000000, mem_wdata: 000006c6
ClkCycle:        600, pc_rdata: 00000a68, pc_wdata: 00000a6c, insn: 03159593, mode: 3, rs1_addr: 11, rs1_rdata: 80000000, rs2_addr: 17, rs2_rdata: 000000fe, rd_addr: 11, rd_wdata: 00020000, mem_addr: 00020000, mem_rdata: 00000000, mem_wdata: 000000fe
ClkCycle:        601, pc_rdata: 00000a6c, pc_wdata: 00000a70, insn: fff5c593, mode: 3, rs1_addr: 11, rs1_rdata: 80000000, rs2_addr: 31, rs2_rdata: 00000000, rd_addr: 11, rd_wdata: fffdffff, mem_addr: fffdffff, mem_rdata: 00000000, mem_wdata: 00000000
ClkCycle:        602, pc_rdata: 00000a70, pc_wdata: 00000a72, insn: 3823852e, mode: 3, rs1_addr:  0, rs1_rdata: 00000000, rs2_addr: 11, rs2_rdata: 00000001, rd_addr: 10, rd_wdata: fffdffff, mem_addr: fffdffff, mem_rdata: 00000000, mem_wdata: fffdffff
ClkCycle:        603, pc_rdata: 00000a72, pc_wdata: 00000a76, insn: 3823852e, mode: 3, rs1_addr:  0, rs1_rdata: 00000000, rs2_addr:  0, rs2_rdata: 00000000, rd_addr:  0, rd_wdata: 00000000, mem_addr: 00000000, mem_rdata: 00000000, mem_wdata: 00000000
00000000000006c6
ClkCycle:        604, pc_rdata: 00000a76, pc_wdata: 00000a7a, insn: 95930010, mode: 3, rs1_addr:  0, rs1_rdata: 00000000, rs2_addr:  1, rs2_rdata: 000006c6, rd_addr: 16, rd_wdata: 00000010, mem_addr: 00000010, mem_rdata: 00000000, mem_wdata: 000006c6
ClkCycle:        605, pc_rdata: 00000a7a, pc_wdata: 00000a7e, insn: 95930010, mode: 3, rs1_addr:  0, rs1_rdata: 00000000, rs2_addr:  0, rs2_rdata: 00000000, rd_addr:  0, rd_wdata: 00000000, mem_addr: 00000000, mem_rdata: 00000000, mem_wdata: 00000000
ClkCycle:        606, pc_rdata: 00000a7e, pc_wdata: 00000a82, insn: 852efff5, mode: 3, rs1_addr: 11, rs1_rdata: fffdffff, rs2_addr: 31, rs2_rdata: 00000000, rd_addr: 11, rd_wdata: 80000000, mem_addr: 80000000, mem_rdata: 00000000, mem_wdata: 00000000
ClkCycle:        607, pc_rdata: 00000a82, pc_wdata: 00000a86, insn: 852efff5, mode: 3, rs1_addr:  0, rs1_rdata: 00000000, rs2_addr:  0, rs2_rdata: 00000000, rd_addr:  0, rd_wdata: 00000000, mem_addr: 00000000, mem_rdata: 00000000, mem_wdata: 00000000
ClkCycle:        608, pc_rdata: 00000a86, pc_wdata: 00000a88, insn: 00100593, mode: 3, rs1_addr:  0, rs1_rdata: 00000000, rs2_addr: 11, rs2_rdata: fffdffff, rd_addr: 10, rd_wdata: 80000000, mem_addr: 80000000, mem_rdata: 00000000, mem_wdata: 80000000
ClkCycle:        609, pc_rdata: 00000a88, pc_wdata: 00000a8c, insn: 00100593, mode: 3, rs1_addr:  0, rs1_rdata: 00000000, rs2_addr:  1, rs2_rdata: 000006c6, rd_addr: 11, rd_wdata: 00000001, mem_addr: 00000001, mem_rdata: 00000000, mem_wdata: 000006c6
ClkCycle:        610, pc_rdata: 00000a8c, pc_wdata: 00000a90, insn: 03359593, mode: 3, rs1_addr: 11, rs1_rdata: 80000000, rs2_addr: 19, rs2_rdata: 00000000, rd_addr: 11, rd_wdata: 00080000, mem_addr: 00080000, mem_rdata: 00000000, mem_wdata: 00000000
ClkCycle:        611, pc_rdata: 00000a90, pc_wdata: 00000a94, insn: fff5c593, mode: 3, rs1_addr: 11, rs1_rdata: 80000000, rs2_addr: 31, rs2_rdata: 00000000, rd_addr: 11, rd_wdata: fff7ffff, mem_addr: fff7ffff, mem_rdata: 00000000, mem_wdata: 00000000
ClkCycle:        612, pc_rdata: 00000a94, pc_wdata: 00000a96, insn: 3023852e, mode: 3, rs1_addr:  0, rs1_rdata: 00000000, rs2_addr: 11, rs2_rdata: 00000001, rd_addr: 10, rd_wdata: fff7ffff, mem_addr: fff7ffff, mem_rdata: 00000000, mem_wdata: fff7ffff
ClkCycle:        613, pc_rdata: 00000a96, pc_wdata: 00000a9a, insn: 3023852e, mode: 3, rs1_addr:  0, rs1_rdata: 00000000, rs2_addr:  0, rs2_rdata: 00000000, rd_addr:  0, rd_wdata: 00000000, mem_addr: 00000000, mem_rdata: 00000000, mem_wdata: 00000000
00000000000006c6
ClkCycle:        614, pc_rdata: 00000a9a, pc_wdata: 00000a9e, insn: 95930010, mode: 3, rs1_addr:  0, rs1_rdata: 00000000, rs2_addr:  1, rs2_rdata: 000006c6, rd_addr:  0, rd_wdata: 00000000, mem_addr: 00000000, mem_rdata: 00000000, mem_wdata: 000006c6
ClkCycle:        615, pc_rdata: 00000a9e, pc_wdata: 00000aa2, insn: 95930010, mode: 3, rs1_addr:  0, rs1_rdata: 00000000, rs2_addr:  0, rs2_rdata: 00000000, rd_addr:  0, rd_wdata: 00000000, mem_addr: 00000000, mem_rdata: 00000000, mem_wdata: 00000000
ClkCycle:        616, pc_rdata: 00000aa2, pc_wdata: 00000aa6, insn: 852efff5, mode: 3, rs1_addr: 11, rs1_rdata: fff7ffff, rs2_addr: 31, rs2_rdata: 00000000, rd_addr: 11, rd_wdata: 80000000, mem_addr: 80000000, mem_rdata: 00000000, mem_wdata: 00000000
ClkCycle:        617, pc_rdata: 00000aa6, pc_wdata: 00000aaa, insn: 852efff5, mode: 3, rs1_addr:  0, rs1_rdata: 00000000, rs2_addr:  0, rs2_rdata: 00000000, rd_addr:  0, rd_wdata: 00000000, mem_addr: 00000000, mem_rdata: 00000000, mem_wdata: 00000000
ClkCycle:        618, pc_rdata: 00000aaa, pc_wdata: 00000aac, insn: 00100593, mode: 3, rs1_addr:  0, rs1_rdata: 00000000, rs2_addr: 11, rs2_rdata: fff7ffff, rd_addr: 10, rd_wdata: 80000000, mem_addr: 80000000, mem_rdata: 00000000, mem_wdata: 80000000
ClkCycle:        619, pc_rdata: 00000aac, pc_wdata: 00000ab0, insn: 00100593, mode: 3, rs1_addr:  0, rs1_rdata: 00000000, rs2_addr:  1, rs2_rdata: 000006c6, rd_addr: 11, rd_wdata: 00000001, mem_addr: 00000001, mem_rdata: 00000000, mem_wdata: 000006c6
ClkCycle:        620, pc_rdata: 00000ab0, pc_wdata: 00000ab4, insn: 03559593, mode: 3, rs1_addr: 11, rs1_rdata: 80000000, rs2_addr: 21, rs2_rdata: eedbfbff, rd_addr: 11, rd_wdata: 00200000, mem_addr: 00200000, mem_rdata: 00000000, mem_wdata: eedbfbff
ClkCycle:        621, pc_rdata: 00000ab4, pc_wdata: 00000ab8, insn: fff5c593, mode: 3, rs1_addr: 11, rs1_rdata: 80000000, rs2_addr: 31, rs2_rdata: 00000000, rd_addr: 11, rd_wdata: ffdfffff, mem_addr: ffdfffff, mem_rdata: 00000000, mem_wdata: 00000000
ClkCycle:        622, pc_rdata: 00000ab8, pc_wdata: 00000aba, insn: 3823852e, mode: 3, rs1_addr:  0, rs1_rdata: 00000000, rs2_addr: 11, rs2_rdata: 00000001, rd_addr: 10, rd_wdata: ffdfffff, mem_addr: ffdfffff, mem_rdata: 00000000, mem_wdata: ffdfffff
ClkCycle:        623, pc_rdata: 00000aba, pc_wdata: 00000abe, insn: 3823852e, mode: 3, rs1_addr:  0, rs1_rdata: 00000000, rs2_addr:  0, rs2_rdata: 00000000, rd_addr:  0, rd_wdata: 00000000, mem_addr: 00000000, mem_rdata: 00000000, mem_wdata: 00000000
00000000000006c6
ClkCycle:        624, pc_rdata: 00000abe, pc_wdata: 00000ac2, insn: 95930010, mode: 3, rs1_addr:  0, rs1_rdata: 00000000, rs2_addr:  1, rs2_rdata: 000006c6, rd_addr: 16, rd_wdata: 00000010, mem_addr: 00000010, mem_rdata: 00000000, mem_wdata: 000006c6
ClkCycle:        625, pc_rdata: 00000ac2, pc_wdata: 00000ac6, insn: 95930010, mode: 3, rs1_addr:  0, rs1_rdata: 00000000, rs2_addr:  0, rs2_rdata: 00000000, rd_addr:  0, rd_wdata: 00000000, mem_addr: 00000000, mem_rdata: 00000000, mem_wdata: 00000000
ClkCycle:        626, pc_rdata: 00000ac6, pc_wdata: 00000aca, insn: 852efff5, mode: 3, rs1_addr: 11, rs1_rdata: ffdfffff, rs2_addr: 31, rs2_rdata: 00000000, rd_addr: 11, rd_wdata: 80000000, mem_addr: 80000000, mem_rdata: 00000000, mem_wdata: 00000000
ClkCycle:        627, pc_rdata: 00000aca, pc_wdata: 00000ace, insn: 852efff5, mode: 3, rs1_addr:  0, rs1_rdata: 00000000, rs2_addr:  0, rs2_rdata: 00000000, rd_addr:  0, rd_wdata: 00000000, mem_addr: 00000000, mem_rdata: 00000000, mem_wdata: 00000000
ClkCycle:        628, pc_rdata: 00000ace, pc_wdata: 00000ad0, insn: 00100593, mode: 3, rs1_addr:  0, rs1_rdata: 00000000, rs2_addr: 11, rs2_rdata: ffdfffff, rd_addr: 10, rd_wdata: 80000000, mem_addr: 80000000, mem_rdata: 00000000, mem_wdata: 80000000
ClkCycle:        629, pc_rdata: 00000ad0, pc_wdata: 00000ad4, insn: 00100593, mode: 3, rs1_addr:  0, rs1_rdata: 00000000, rs2_addr:  1, rs2_rdata: 000006c6, rd_addr: 11, rd_wdata: 00000001, mem_addr: 00000001, mem_rdata: 00000000, mem_wdata: 000006c6
ClkCycle:        630, pc_rdata: 00000ad4, pc_wdata: 00000ad8, insn: 03759593, mode: 3, rs1_addr: 11, rs1_rdata: 80000000, rs2_addr: 23, rs2_rdata: 00000000, rd_addr: 11, rd_wdata: 00800000, mem_addr: 00800000, mem_rdata: 00000000, mem_wdata: 00000000
ClkCycle:        631, pc_rdata: 00000ad8, pc_wdata: 00000adc, insn: fff5c593, mode: 3, rs1_addr: 11, rs1_rdata: 80000000, rs2_addr: 31, rs2_rdata: 00000000, rd_addr: 11, rd_wdata: ff7fffff, mem_addr: ff7fffff, mem_rdata: 00000000, mem_wdata: 00000000
ClkCycle:        632, pc_rdata: 00000adc, pc_wdata: 00000ade, insn: 3023852e, mode: 3, rs1_addr:  0, rs1_rdata: 00000000, rs2_addr: 11, rs2_rdata: 00000001, rd_addr: 10, rd_wdata: ff7fffff, mem_addr: ff7fffff, mem_rdata: 00000000, mem_wdata: ff7fffff
ClkCycle:        633, pc_rdata: 00000ade, pc_wdata: 00000ae2, insn: 3023852e, mode: 3, rs1_addr:  0, rs1_rdata: 00000000, rs2_addr:  0, rs2_rdata: 00000000, rd_addr:  0, rd_wdata: 00000000, mem_addr: 00000000, mem_rdata: 00000000, mem_wdata: 00000000
00000000000006c6
ClkCycle:        634, pc_rdata: 00000ae2, pc_wdata: 00000ae6, insn: 95930010, mode: 3, rs1_addr:  0, rs1_rdata: 00000000, rs2_addr:  1, rs2_rdata: 000006c6, rd_addr:  0, rd_wdata: 00000000, mem_addr: 00000000, mem_rdata: 00000000, mem_wdata: 000006c6
ClkCycle:        635, pc_rdata: 00000ae6, pc_wdata: 00000aea, insn: 95930010, mode: 3, rs1_addr:  0, rs1_rdata: 00000000, rs2_addr:  0, rs2_rdata: 00000000, rd_addr:  0, rd_wdata: 00000000, mem_addr: 00000000, mem_rdata: 00000000, mem_wdata: 00000000
ClkCycle:        636, pc_rdata: 00000aea, pc_wdata: 00000aee, insn: 852efff5, mode: 3, rs1_addr: 11, rs1_rdata: ff7fffff, rs2_addr: 31, rs2_rdata: 00000000, rd_addr: 11, rd_wdata: 80000000, mem_addr: 80000000, mem_rdata: 00000000, mem_wdata: 00000000
ClkCycle:        637, pc_rdata: 00000aee, pc_wdata: 00000af2, insn: 852efff5, mode: 3, rs1_addr:  0, rs1_rdata: 00000000, rs2_addr:  0, rs2_rdata: 00000000, rd_addr:  0, rd_wdata: 00000000, mem_addr: 00000000, mem_rdata: 00000000, mem_wdata: 00000000
ClkCycle:        638, pc_rdata: 00000af2, pc_wdata: 00000af4, insn: 00100593, mode: 3, rs1_addr:  0, rs1_rdata: 00000000, rs2_addr: 11, rs2_rdata: ff7fffff, rd_addr: 10, rd_wdata: 80000000, mem_addr: 80000000, mem_rdata: 00000000, mem_wdata: 80000000
ClkCycle:        639, pc_rdata: 00000af4, pc_wdata: 00000af8, insn: 00100593, mode: 3, rs1_addr:  0, rs1_rdata: 00000000, rs2_addr:  1, rs2_rdata: 000006c6, rd_addr: 11, rd_wdata: 00000001, mem_addr: 00000001, mem_rdata: 00000000, mem_wdata: 000006c6
ClkCycle:        640, pc_rdata: 00000af8, pc_wdata: 00000afc, insn: 03959593, mode: 3, rs1_addr: 11, rs1_rdata: 80000000, rs2_addr: 25, rs2_rdata: 00080000, rd_addr: 11, rd_wdata: 02000000, mem_addr: 02000000, mem_rdata: 00000000, mem_wdata: 00080000
ClkCycle:        641, pc_rdata: 00000afc, pc_wdata: 00000b00, insn: fff5c593, mode: 3, rs1_addr: 11, rs1_rdata: 80000000, rs2_addr: 31, rs2_rdata: 00000000, rd_addr: 11, rd_wdata: fdffffff, mem_addr: fdffffff, mem_rdata: 00000000, mem_wdata: 00000000
ClkCycle:        642, pc_rdata: 00000b00, pc_wdata: 00000b02, insn: 3823852e, mode: 3, rs1_addr:  0, rs1_rdata: 00000000, rs2_addr: 11, rs2_rdata: 00000001, rd_addr: 10, rd_wdata: fdffffff, mem_addr: fdffffff, mem_rdata: 00000000, mem_wdata: fdffffff
ClkCycle:        643, pc_rdata: 00000b02, pc_wdata: 00000b06, insn: 3823852e, mode: 3, rs1_addr:  0, rs1_rdata: 00000000, rs2_addr:  0, rs2_rdata: 00000000, rd_addr:  0, rd_wdata: 00000000, mem_addr: 00000000, mem_rdata: 00000000, mem_wdata: 00000000
00000000000006c6
ClkCycle:        644, pc_rdata: 00000b06, pc_wdata: 00000b0a, insn: 95930010, mode: 3, rs1_addr:  0, rs1_rdata: 00000000, rs2_addr:  1, rs2_rdata: 000006c6, rd_addr: 16, rd_wdata: 00000010, mem_addr: 00000010, mem_rdata: 00000000, mem_wdata: 000006c6
ClkCycle:        645, pc_rdata: 00000b0a, pc_wdata: 00000b0e, insn: 95930010, mode: 3, rs1_addr:  0, rs1_rdata: 00000000, rs2_addr:  0, rs2_rdata: 00000000, rd_addr:  0, rd_wdata: 00000000, mem_addr: 00000000, mem_rdata: 00000000, mem_wdata: 00000000
ClkCycle:        646, pc_rdata: 00000b0e, pc_wdata: 00000b12, insn: 852efff5, mode: 3, rs1_addr: 11, rs1_rdata: fdffffff, rs2_addr: 31, rs2_rdata: 00000000, rd_addr: 11, rd_wdata: 80000000, mem_addr: 80000000, mem_rdata: 00000000, mem_wdata: 00000000
ClkCycle:        647, pc_rdata: 00000b12, pc_wdata: 00000b16, insn: 852efff5, mode: 3, rs1_addr:  0, rs1_rdata: 00000000, rs2_addr:  0, rs2_rdata: 00000000, rd_addr:  0, rd_wdata: 00000000, mem_addr: 00000000, mem_rdata: 00000000, mem_wdata: 00000000
ClkCycle:        648, pc_rdata: 00000b16, pc_wdata: 00000b18, insn: 00100593, mode: 3, rs1_addr:  0, rs1_rdata: 00000000, rs2_addr: 11, rs2_rdata: fdffffff, rd_addr: 10, rd_wdata: 80000000, mem_addr: 80000000, mem_rdata: 00000000, mem_wdata: 80000000
ClkCycle:        649, pc_rdata: 00000b18, pc_wdata: 00000b1c, insn: 00100593, mode: 3, rs1_addr:  0, rs1_rdata: 00000000, rs2_addr:  1, rs2_rdata: 000006c6, rd_addr: 11, rd_wdata: 00000001, mem_addr: 00000001, mem_rdata: 00000000, mem_wdata: 000006c6
ClkCycle:        650, pc_rdata: 00000b1c, pc_wdata: 00000b20, insn: 03b59593, mode: 3, rs1_addr: 11, rs1_rdata: 80000000, rs2_addr: 27, rs2_rdata: 40000000, rd_addr: 11, rd_wdata: 08000000, mem_addr: 08000000, mem_rdata: 00000000, mem_wdata: 40000000
ClkCycle:        651, pc_rdata: 00000b20, pc_wdata: 00000b24, insn: fff5c593, mode: 3, rs1_addr: 11, rs1_rdata: 80000000, rs2_addr: 31, rs2_rdata: 00000000, rd_addr: 11, rd_wdata: f7ffffff, mem_addr: f7ffffff, mem_rdata: 00000000, mem_wdata: 00000000
ClkCycle:        652, pc_rdata: 00000b24, pc_wdata: 00000b26, insn: 3023852e, mode: 3, rs1_addr:  0, rs1_rdata: 00000000, rs2_addr: 11, rs2_rdata: 00000001, rd_addr: 10, rd_wdata: f7ffffff, mem_addr: f7ffffff, mem_rdata: 00000000, mem_wdata: f7ffffff
ClkCycle:        653, pc_rdata: 00000b26, pc_wdata: 00000b2a, insn: 3023852e, mode: 3, rs1_addr:  0, rs1_rdata: 00000000, rs2_addr:  0, rs2_rdata: 00000000, rd_addr:  0, rd_wdata: 00000000, mem_addr: 00000000, mem_rdata: 00000000, mem_wdata: 00000000
00000000000006c6
ClkCycle:        654, pc_rdata: 00000b2a, pc_wdata: 00000b2e, insn: 95930010, mode: 3, rs1_addr:  0, rs1_rdata: 00000000, rs2_addr:  1, rs2_rdata: 000006c6, rd_addr:  0, rd_wdata: 00000000, mem_addr: 00000000, mem_rdata: 00000000, mem_wdata: 000006c6
ClkCycle:        655, pc_rdata: 00000b2e, pc_wdata: 00000b32, insn: 95930010, mode: 3, rs1_addr:  0, rs1_rdata: 00000000, rs2_addr:  0, rs2_rdata: 00000000, rd_addr:  0, rd_wdata: 00000000, mem_addr: 00000000, mem_rdata: 00000000, mem_wdata: 00000000
ClkCycle:        656, pc_rdata: 00000b32, pc_wdata: 00000b36, insn: 852efff5, mode: 3, rs1_addr: 11, rs1_rdata: f7ffffff, rs2_addr: 31, rs2_rdata: 00000000, rd_addr: 11, rd_wdata: 80000000, mem_addr: 80000000, mem_rdata: 00000000, mem_wdata: 00000000
ClkCycle:        657, pc_rdata: 00000b36, pc_wdata: 00000b3a, insn: 852efff5, mode: 3, rs1_addr:  0, rs1_rdata: 00000000, rs2_addr:  0, rs2_rdata: 00000000, rd_addr:  0, rd_wdata: 00000000, mem_addr: 00000000, mem_rdata: 00000000, mem_wdata: 00000000
ClkCycle:        658, pc_rdata: 00000b3a, pc_wdata: 00000b3c, insn: 02000593, mode: 3, rs1_addr:  0, rs1_rdata: 00000000, rs2_addr: 11, rs2_rdata: f7ffffff, rd_addr: 10, rd_wdata: 80000000, mem_addr: 80000000, mem_rdata: 00000000, mem_wdata: 80000000
ClkCycle:        659, pc_rdata: 00000b3c, pc_wdata: 00000b40, insn: 02000593, mode: 3, rs1_addr:  0, rs1_rdata: 00000000, rs2_addr:  0, rs2_rdata: 00000000, rd_addr: 11, rd_wdata: 00000020, mem_addr: 00000020, mem_rdata: 00000000, mem_wdata: 00000000
ClkCycle:        660, pc_rdata: 00000b40, pc_wdata: 00000b42, insn: 3823852e, mode: 3, rs1_addr:  0, rs1_rdata: 00000000, rs2_addr: 11, rs2_rdata: 80000000, rd_addr: 10, rd_wdata: 00000020, mem_addr: 00000020, mem_rdata: 00000000, mem_wdata: 00000020
ClkCycle:        661, pc_rdata: 00000b42, pc_wdata: 00000b46, insn: 3823852e, mode: 3, rs1_addr:  0, rs1_rdata: 00000000, rs2_addr:  0, rs2_rdata: 00000000, rd_addr:  0, rd_wdata: 00000000, mem_addr: 00000000, mem_rdata: 00000000, mem_wdata: 00000000
0000000000800000
ClkCycle:        662, pc_rdata: 00000b46, pc_wdata: 00000b4a, insn: 34830380, mode: 3, rs1_addr:  0, rs1_rdata: 00000000, rs2_addr: 24, rs2_rdata: 00800000, rd_addr: 16, rd_wdata: 00000030, mem_addr: 00000030, mem_rdata: 00000000, mem_wdata: 00800000
ClkCycle:        663, pc_rdata: 00000b4a, pc_wdata: 00000b4e, insn: 34830380, mode: 3, rs1_addr:  0, rs1_rdata: 00000000, rs2_addr:  0, rs2_rdata: 00000000, rd_addr:  0, rd_wdata: 00000000, mem_addr: 00000000, mem_rdata: 00000000, mem_wdata: 00000000
ClkCycle:        664, pc_rdata: 00000b4e, pc_wdata: 00000b52, insn: 03332001, mode: 3, rs1_addr:  2, rs1_rdata: fbffdf28, rs2_addr:  0, rs2_rdata: 00000000, rd_addr:  9, rd_wdata: 00000000, mem_addr: fbffe128, mem_rdata: 00000000, mem_wdata: 00000000
ClkCycle:        665, pc_rdata: 00000b52, pc_wdata: 00000b56, insn: 03332001, mode: 3, rs1_addr:  0, rs1_rdata: 00000000, rs2_addr:  0, rs2_rdata: 00000000, rd_addr:  0, rd_wdata: 00000000, mem_addr: 00000000, mem_rdata: 00000000, mem_wdata: 00000000
ClkCycle:        666, pc_rdata: 00000b56, pc_wdata: 00000b5a, insn: 03130000, mode: 3, rs1_addr:  0, rs1_rdata: 00000000, rs2_addr:  0, rs2_rdata: 00000000, rd_addr:  6, rd_wdata: 00000000, mem_addr: 00000000, mem_rdata: 00000000, mem_wdata: 00000000
ClkCycle:        667, pc_rdata: 00000b5a, pc_wdata: 00000b5e, insn: 03130000, mode: 3, rs1_addr:  0, rs1_rdata: 00000000, rs2_addr:  0, rs2_rdata: 00000000, rd_addr:  0, rd_wdata: 00000000, mem_addr: 00000000, mem_rdata: 00000000, mem_wdata: 00000000
ClkCycle:        668, pc_rdata: 00000b5e, pc_wdata: 00000b62, insn: 031300b3, mode: 3, rs1_addr:  6, rs1_rdata: ffe00000, rs2_addr: 11, rs2_rdata: 00000020, rd_addr:  6, rd_wdata: 0000000b, mem_addr: 0000000b, mem_rdata: 00000000, mem_wdata: 00000020
ClkCycle:        669, pc_rdata: 00000b62, pc_wdata: 00000b66, insn: 031300b3, mode: 3, rs1_addr:  0, rs1_rdata: 00000000, rs2_addr:  0, rs2_rdata: 00000000, rd_addr:  0, rd_wdata: 00000000, mem_addr: 00000000, mem_rdata: 00000000, mem_wdata: 00000000
ClkCycle:        670, pc_rdata: 00000b66, pc_wdata: 00000b6a, insn: 031300b3, mode: 3, rs1_addr:  6, rs1_rdata: 00000000, rs2_addr: 11, rs2_rdata: 00000020, rd_addr:  6, rd_wdata: 00000016, mem_addr: 00000016, mem_rdata: 00000000, mem_wdata: 00000020
ClkCycle:        671, pc_rdata: 00000b6a, pc_wdata: 00000b6e, insn: 031300b3, mode: 3, rs1_addr:  0, rs1_rdata: 00000000, rs2_addr:  0, rs2_rdata: 00000000, rd_addr:  0, rd_wdata: 00000000, mem_addr: 00000000, mem_rdata: 00000000, mem_wdata: 00000000
ClkCycle:        672, pc_rdata: 00000b6e, pc_wdata: 00000b72, insn: 031300a3, mode: 3, rs1_addr:  6, rs1_rdata: 0000000b, rs2_addr: 10, rs2_rdata: 00000020, rd_addr:  6, rd_wdata: 00000020, mem_addr: 00000020, mem_rdata: 00000000, mem_wdata: 00000020
ClkCycle:        673, pc_rdata: 00000b72, pc_wdata: 00000b76, insn: 031300a3, mode: 3, rs1_addr:  0, rs1_rdata: 00000000, rs2_addr:  0, rs2_rdata: 00000000, rd_addr:  0, rd_wdata: 00000000, mem_addr: 00000000, mem_rdata: 00000000, mem_wdata: 00000000
ClkCycle:        674, pc_rdata: 00000b76, pc_wdata: 00000b7a, insn: 006ffe64, mode: 3, rs1_addr:  8, rs1_rdata: fbffe010, rs2_addr:  6, rs2_rdata: 00000016, rd_addr:  6, rd_wdata: fbffdff6, mem_addr: fbffdff6, mem_rdata: 00000000, mem_wdata: 00000020
ClkCycle:        675, pc_rdata: 00000b7a, pc_wdata: 00000b7e, insn: 006ffe64, mode: 3, rs1_addr:  0, rs1_rdata: 00000000, rs2_addr:  0, rs2_rdata: 00000000, rd_addr:  0, rd_wdata: 00000000, mem_addr: 00000000, mem_rdata: 00000000, mem_wdata: 00000000
ClkCycle:        676, pc_rdata: 00000b7e, pc_wdata: 00000b82, insn: 00000f17, mode: 3, rs1_addr: 14, rs1_rdata: 0000000f, rs2_addr: 17, rs2_rdata: 000000fe, rd_addr:  0, rd_wdata: 00000b82, mem_addr: 000708ff, mem_rdata: 00000000, mem_wdata: 000000fe
ClkCycle:        677, pc_rdata: 00000b82, pc_wdata: 0007146e, insn: 00000f17, mode: 3, rs1_addr:  0, rs1_rdata: 00000000, rs2_addr:  0, rs2_rdata: 00000000, rd_addr:  0, rd_wdata: 00000000, mem_addr: 00000000, mem_rdata: 00000000, mem_wdata: 00000000
ClkCycle:       3467, pc_rdata: 00074002, pc_wdata: 00074004, insn: ddb80813, mode: 3, rs1_addr:  2, rs1_rdata: fbffdf28, rs2_addr:  0, rs2_rdata: 00000000, rd_addr:  8, rd_wdata: fbffdf28, mem_addr: fbffdf28, mem_rdata: 00000000, mem_wdata: 00000000
ClkCycle:       3468, pc_rdata: 00074004, pc_wdata: 00074008, insn: ddb80813, mode: 3, rs1_addr: 16, rs1_rdata: 00000000, rs2_addr: 27, rs2_rdata: 40000000, rd_addr: 16, rd_wdata: fffffddb, mem_addr: fffffddb, mem_rdata: 00000000, mem_wdata: 40000000
ClkCycle:       3469, pc_rdata: 00074008, pc_wdata: 0007400c, insn: 00b81813, mode: 3, rs1_addr: 16, rs1_rdata: 00000000, rs2_addr: 11, rs2_rdata: 00000020, rd_addr: 16, rd_wdata: ffeed800, mem_addr: ffeed800, mem_rdata: 00000000, mem_wdata: 00000020
ClkCycle:       3470, pc_rdata: 0007400c, pc_wdata: 00074010, insn: 3ea80813, mode: 3, rs1_addr: 16, rs1_rdata: 00000000, rs2_addr: 10, rs2_rdata: 00000020, rd_addr: 16, rd_wdata: ffeedbea, mem_addr: ffeedbea, mem_rdata: 00000000, mem_wdata: 00000020
ClkCycle:       3471, pc_rdata: 00074010, pc_wdata: 00074014, insn: 00b81813, mode: 3, rs1_addr: 16, rs1_rdata: fffffddb, rs2_addr: 11, rs2_rdata: 00000020, rd_addr: 16, rd_wdata: 76df5000, mem_addr: 76df5000, mem_rdata: 00000000, mem_wdata: 00000020
ClkCycle:       3472, pc_rdata: 00074014, pc_wdata: 00074018, insn: 6ff80813, mode: 3, rs1_addr: 16, rs1_rdata: ffeed800, rs2_addr: 31, rs2_rdata: 00000000, rd_addr: 16, rd_wdata: 76df56ff, mem_addr: 76df56ff, mem_rdata: 00000000, mem_wdata: 00000000
ClkCycle:       3473, pc_rdata: 00074018, pc_wdata: 0007401c, insn: 00a81813, mode: 3, rs1_addr: 16, rs1_rdata: ffeedbea, rs2_addr: 10, rs2_rdata: 00000020, rd_addr: 16, rd_wdata: 7d5bfc00, mem_addr: 7d5bfc00, mem_rdata: 00000000, mem_wdata: 00000020
ClkCycle:       3474, pc_rdata: 0007401c, pc_wdata: 00074020, insn: 1db80813, mode: 3, rs1_addr: 16, rs1_rdata: 76df5000, rs2_addr: 27, rs2_rdata: 40000000, rd_addr: 16, rd_wdata: 7d5bfddb, mem_addr: 7d5bfddb, mem_rdata: 00000000, mem_wdata: 40000000
ClkCycle:       3475, pc_rdata: 00074020, pc_wdata: 00074024, insn: 00785893, mode: 3, rs1_addr: 16, rs1_rdata: 76df56ff, rs2_addr:  7, rs2_rdata: fc020000, rd_addr: 17, rd_wdata: b6fab7fb, mem_addr: b6fab7fb, mem_rdata: 00000000, mem_wdata: fc020000
ClkCycle:       3476, pc_rdata: 00074024, pc_wdata: 00074028, insn: 03985793, mode: 3, rs1_addr: 16, rs1_rdata: 7d5bfc00, rs2_addr: 25, rs2_rdata: 00080000, rd_addr: 15, rd_wdata: fffeedbe, mem_addr: fffeedbe, mem_rdata: 00000000, mem_wdata: 00080000
ClkCycle:       3477, pc_rdata: 00074028, pc_wdata: 0007402c, insn: 00f8e8b3, mode: 3, rs1_addr: 17, rs1_rdata: 000000fe, rs2_addr: 15, rs2_rdata: 03c00000, rd_addr: 17, rd_wdata: fffeffff, mem_addr: fffeffff, mem_rdata: 00000000, mem_wdata: fffeedbe
ClkCycle:       3478, pc_rdata: 0007402c, pc_wdata: 00074030, insn: 0078d913, mode: 3, rs1_addr: 17, rs1_rdata: b6fab7fb, rs2_addr:  7, rs2_rdata: fc020000, rd_addr: 18, rd_wdata: fffffdff, mem_addr: fffffdff, mem_rdata: 00000000, mem_wdata: fc020000
ClkCycle:       3479, pc_rdata: 00074030, pc_wdata: 00074034, insn: 0398d793, mode: 3, rs1_addr: 17, rs1_rdata: b6fab7fb, rs2_addr: 25, rs2_rdata: 00080000, rd_addr: 15, rd_wdata: ffffffff, mem_addr: ffffffff, mem_rdata: 00000000, mem_wdata: 00080000
ClkCycle:       3480, pc_rdata: 00074034, pc_wdata: 00074038, insn: 00f96933, mode: 3, rs1_addr: 18, rs1_rdata: 00000020, rs2_addr: 15, rs2_rdata: fffeedbe, rd_addr: 18, rd_wdata: ffffffff, mem_addr: ffffffff, mem_rdata: 00000000, mem_wdata: ffffffff
ClkCycle:       3481, pc_rdata: 00074038, pc_wdata: 0007403c, insn: 00795993, mode: 3, rs1_addr: 18, rs1_rdata: fffffdff, rs2_addr:  7, rs2_rdata: fc020000, rd_addr: 19, rd_wdata: ffffffff, mem_addr: ffffffff, mem_rdata: 00000000, mem_wdata: fc020000
ClkCycle:       3482, pc_rdata: 0007403c, pc_wdata: 00074040, insn: 03995793, mode: 3, rs1_addr: 18, rs1_rdata: fffffdff, rs2_addr: 25, rs2_rdata: 00080000, rd_addr: 15, rd_wdata: 01ffffff, mem_addr: 01ffffff, mem_rdata: 00000000, mem_wdata: 00080000
ClkCycle:       3483, pc_rdata: 00074040, pc_wdata: 00074044, insn: 00f9e9b3, mode: 3, rs1_addr: 19, rs1_rdata: 00000000, rs2_addr: 15, rs2_rdata: ffffffff, rd_addr: 19, rd_wdata: ffffffff, mem_addr: ffffffff, mem_rdata: 00000000, mem_wdata: 01ffffff
ClkCycle:       3484, pc_rdata: 00074044, pc_wdata: 00074048, insn: 0079da13, mode: 3, rs1_addr: 19, rs1_rdata: ffffffff, rs2_addr:  7, rs2_rdata: fc020000, rd_addr: 20, rd_wdata: ffffffff, mem_addr: ffffffff, mem_rdata: 00000000, mem_wdata: fc020000
ClkCycle:       3485, pc_rdata: 00074048, pc_wdata: 0007404c, insn: 0399d793, mode: 3, rs1_addr: 19, rs1_rdata: ffffffff, rs2_addr: 25, rs2_rdata: 00080000, rd_addr: 15, rd_wdata: 0003ffff, mem_addr: 0003ffff, mem_rdata: 00000000, mem_wdata: 00080000
ClkCycle:       3486, pc_rdata: 0007404c, pc_wdata: 00074050, insn: 00fa6a33, mode: 3, rs1_addr: 20, rs1_rdata: 00080000, rs2_addr: 15, rs2_rdata: 01ffffff, rd_addr: 20, rd_wdata: ffffffff, mem_addr: ffffffff, mem_rdata: 00000000, mem_wdata: 0003ffff
ClkCycle:       3487, pc_rdata: 00074050, pc_wdata: 00074054, insn: 007a5a93, mode: 3, rs1_addr: 20, rs1_rdata: ffffffff, rs2_addr:  7, rs2_rdata: fc020000, rd_addr: 21, rd_wdata: 1fffffff, mem_addr: 1fffffff, mem_rdata: 00000000, mem_wdata: fc020000
ClkCycle:       3488, pc_rdata: 00074054, pc_wdata: 00074058, insn: 039a5793, mode: 3, rs1_addr: 20, rs1_rdata: ffffffff, rs2_addr: 25, rs2_rdata: 00080000, rd_addr: 15, rd_wdata: 000007ff, mem_addr: 000007ff, mem_rdata: 00000000, mem_wdata: 00080000
ClkCycle:       3489, pc_rdata: 00074058, pc_wdata: 0007405c, insn: 00faeab3, mode: 3, rs1_addr: 21, rs1_rdata: eedbfbff, rs2_addr: 15, rs2_rdata: 0003ffff, rd_addr: 21, rd_wdata: 1fffffff, mem_addr: 1fffffff, mem_rdata: 00000000, mem_wdata: 000007ff
ClkCycle:       3490, pc_rdata: 0007405c, pc_wdata: 00074060, insn: 007adb13, mode: 3, rs1_addr: 21, rs1_rdata: 1fffffff, rs2_addr:  7, rs2_rdata: fc020000, rd_addr: 22, rd_wdata: 003fffff, mem_addr: 003fffff, mem_rdata: 00000000, mem_wdata: fc020000
ClkCycle:       3491, pc_rdata: 00074060, pc_wdata: 00074064, insn: 039ad793, mode: 3, rs1_addr: 21, rs1_rdata: 1fffffff, rs2_addr: 25, rs2_rdata: 00080000, rd_addr: 15, rd_wdata: 0000000f, mem_addr: 0000000f, mem_rdata: 00000000, mem_wdata: 00080000
ClkCycle:       3492, pc_rdata: 00074064, pc_wdata: 00074068, insn: 00fb6b33, mode: 3, rs1_addr: 22, rs1_rdata: 00000000, rs2_addr: 15, rs2_rdata: 000007ff, rd_addr: 22, rd_wdata: 003fffff, mem_addr: 003fffff, mem_rdata: 00000000, mem_wdata: 0000000f
ClkCycle:       3493, pc_rdata: 00074068, pc_wdata: 0007406c, insn: 007b5b93, mode: 3, rs1_addr: 22, rs1_rdata: 003fffff, rs2_addr:  7, rs2_rdata: fc020000, rd_addr: 23, rd_wdata: 00007fff, mem_addr: 00007fff, mem_rdata: 00000000, mem_wdata: fc020000
ClkCycle:       3494, pc_rdata: 0007406c, pc_wdata: 00074070, insn: 039b5793, mode: 3, rs1_addr: 22, rs1_rdata: 003fffff, rs2_addr: 25, rs2_rdata: 00080000, rd_addr: 15, rd_wdata: 00000000, mem_addr: 00000000, mem_rdata: 00000000, mem_wdata: 00080000
ClkCycle:       3495, pc_rdata: 00074070, pc_wdata: 00074074, insn: 00fbebb3, mode: 3, rs1_addr: 23, rs1_rdata: 00000000, rs2_addr: 15, rs2_rdata: 0000000f, rd_addr: 23, rd_wdata: 00007fff, mem_addr: 00007fff, mem_rdata: 00000000, mem_wdata: 00000000
ClkCycle:       3496, pc_rdata: 00074074, pc_wdata: 00074078, insn: 007bdc13, mode: 3, rs1_addr: 23, rs1_rdata: 00007fff, rs2_addr:  7, rs2_rdata: fc020000, rd_addr: 24, rd_wdata: 000000ff, mem_addr: 000000ff, mem_rdata: 00000000, mem_wdata: fc020000
ClkCycle:       3497, pc_rdata: 00074078, pc_wdata: 0007407c, insn: 039bd793, mode: 3, rs1_addr: 23, rs1_rdata: 00007fff, rs2_addr: 25, rs2_rdata: 00080000, rd_addr: 15, rd_wdata: 00000000, mem_addr: 00000000, mem_rdata: 00000000, mem_wdata: 00080000
ClkCycle:       3498, pc_rdata: 0007407c, pc_wdata: 00074080, insn: 00fc6c33, mode: 3, rs1_addr: 24, rs1_rdata: 00800000, rs2_addr: 15, rs2_rdata: 00000000, rd_addr: 24, rd_wdata: 000000ff, mem_addr: 000000ff, mem_rdata: 00000000, mem_wdata: 00000000
ClkCycle:       3499, pc_rdata: 00074080, pc_wdata: 00074084, insn: 007c5c93, mode: 3, rs1_addr: 24, rs1_rdata: 000000ff, rs2_addr:  7, rs2_rdata: fc020000, rd_addr: 25, rd_wdata: 00000001, mem_addr: 00000001, mem_rdata: 00000000, mem_wdata: fc020000
ClkCycle:       3500, pc_rdata: 00074084, pc_wdata: 00074088, insn: 039c5793, mode: 3, rs1_addr: 24, rs1_rdata: 000000ff, rs2_addr: 25, rs2_rdata: 00080000, rd_addr: 15, rd_wdata: 00000000, mem_addr: 00000000, mem_rdata: 00000000, mem_wdata: 00000001
ClkCycle:       3501, pc_rdata: 00074088, pc_wdata: 0007408c, insn: 00fcecb3, mode: 3, rs1_addr: 25, rs1_rdata: 00080000, rs2_addr: 15, rs2_rdata: 00000000, rd_addr: 25, rd_wdata: 00000001, mem_addr: 00000001, mem_rdata: 00000000, mem_wdata: 00000000
ClkCycle:       3502, pc_rdata: 0007408c, pc_wdata: 00074090, insn: 007cdd13, mode: 3, rs1_addr: 25, rs1_rdata: 00000001, rs2_addr:  7, rs2_rdata: fc020000, rd_addr: 26, rd_wdata: 00000000, mem_addr: 00000000, mem_rdata: 00000000, mem_wdata: fc020000
ClkCycle:       3503, pc_rdata: 00074090, pc_wdata: 00074094, insn: 039cd793, mode: 3, rs1_addr: 25, rs1_rdata: 00000001, rs2_addr: 25, rs2_rdata: 00000001, rd_addr: 15, rd_wdata: 00000000, mem_addr: 00000000, mem_rdata: 00000000, mem_wdata: 00000001
ClkCycle:       3504, pc_rdata: 00074094, pc_wdata: 00074098, insn: 00fd6d33, mode: 3, rs1_addr: 26, rs1_rdata: 03c00000, rs2_addr: 15, rs2_rdata: 00000000, rd_addr: 26, rd_wdata: 00000000, mem_addr: 00000000, mem_rdata: 00000000, mem_wdata: 00000000
ClkCycle:       3505, pc_rdata: 00074098, pc_wdata: 0007409c, insn: 007d5d93, mode: 3, rs1_addr: 26, rs1_rdata: 00000000, rs2_addr:  7, rs2_rdata: fc020000, rd_addr: 27, rd_wdata: 00000000, mem_addr: 00000000, mem_rdata: 00000000, mem_wdata: fc020000
ClkCycle:       3506, pc_rdata: 0007409c, pc_wdata: 000740a0, insn: 039d5793, mode: 3, rs1_addr: 26, rs1_rdata: 00000000, rs2_addr: 25, rs2_rdata: 00000001, rd_addr: 15, rd_wdata: 00000000, mem_addr: 00000000, mem_rdata: 00000000, mem_wdata: 00000001
ClkCycle:       3507, pc_rdata: 000740a0, pc_wdata: 000740a4, insn: 00fdedb3, mode: 3, rs1_addr: 27, rs1_rdata: 40000000, rs2_addr: 15, rs2_rdata: 00000000, rd_addr: 27, rd_wdata: 00000000, mem_addr: 00000000, mem_rdata: 00000000, mem_wdata: 00000000
ClkCycle:       3508, pc_rdata: 000740a4, pc_wdata: 000740a8, insn: 007dde13, mode: 3, rs1_addr: 27, rs1_rdata: 00000000, rs2_addr:  7, rs2_rdata: fc020000, rd_addr: 28, rd_wdata: 00000000, mem_addr: 00000000, mem_rdata: 00000000, mem_wdata: fc020000
ClkCycle:       3509, pc_rdata: 000740a8, pc_wdata: 000740ac, insn: 039dd793, mode: 3, rs1_addr: 27, rs1_rdata: 00000000, rs2_addr: 25, rs2_rdata: 00000001, rd_addr: 15, rd_wdata: 00000000, mem_addr: 00000000, mem_rdata: 00000000, mem_wdata: 00000001
ClkCycle:       3510, pc_rdata: 000740ac, pc_wdata: 000740b0, insn: 00fe6e33, mode: 3, rs1_addr: 28, rs1_rdata: 00000000, rs2_addr: 15, rs2_rdata: 00000000, rd_addr: 28, rd_wdata: 00000000, mem_addr: 00000000, mem_rdata: 00000000, mem_wdata: 00000000
ClkCycle:       3511, pc_rdata: 000740b0, pc_wdata: 000740b4, insn: 007e5e93, mode: 3, rs1_addr: 28, rs1_rdata: 00000000, rs2_addr:  7, rs2_rdata: fc020000, rd_addr: 29, rd_wdata: 00000000, mem_addr: 00000000, mem_rdata: 00000000, mem_wdata: fc020000
ClkCycle:       3512, pc_rdata: 000740b4, pc_wdata: 000740b8, insn: 039e5793, mode: 3, rs1_addr: 28, rs1_rdata: 00000000, rs2_addr: 25, rs2_rdata: 00000001, rd_addr: 15, rd_wdata: 00000000, mem_addr: 00000000, mem_rdata: 00000000, mem_wdata: 00000001
ClkCycle:       3513, pc_rdata: 000740b8, pc_wdata: 000740bc, insn: 00feeeb3, mode: 3, rs1_addr: 29, rs1_rdata: 00000000, rs2_addr: 15, rs2_rdata: 00000000, rd_addr: 29, rd_wdata: 00000000, mem_addr: 00000000, mem_rdata: 00000000, mem_wdata: 00000000
ClkCycle:       3514, pc_rdata: 000740bc, pc_wdata: 000740c0, insn: 007edf13, mode: 3, rs1_addr: 29, rs1_rdata: 00000000, rs2_addr:  7, rs2_rdata: fc020000, rd_addr: 30, rd_wdata: 00000000, mem_addr: 00000000, mem_rdata: 00000000, mem_wdata: fc020000
ClkCycle:       3515, pc_rdata: 000740c0, pc_wdata: 000740c4, insn: 039ed793, mode: 3, rs1_addr: 29, rs1_rdata: 00000000, rs2_addr: 25, rs2_rdata: 00000001, rd_addr: 15, rd_wdata: 00000000, mem_addr: 00000000, mem_rdata: 00000000, mem_wdata: 00000001
ClkCycle:       3516, pc_rdata: 000740c4, pc_wdata: 000740c8, insn: 00ff6f33, mode: 3, rs1_addr: 30, rs1_rdata: 00000000, rs2_addr: 15, rs2_rdata: 00000000, rd_addr: 30, rd_wdata: 00000000, mem_addr: 00000000, mem_rdata: 00000000, mem_wdata: 00000000
ClkCycle:       3517, pc_rdata: 000740c8, pc_wdata: 000740cc, insn: feedc0b7, mode: 3, rs1_addr: 27, rs1_rdata: 00000000, rs2_addr: 14, rs2_rdata: 0000000f, rd_addr:  1, rd_wdata: feedc000, mem_addr: feedc000, mem_rdata: 00000000, mem_wdata: 0000000f
ClkCycle:       3518, pc_rdata: 000740cc, pc_wdata: 000740d0, insn: ead08093, mode: 3, rs1_addr:  1, rs1_rdata: 000006c6, rs2_addr: 13, rs2_rdata: 40000000, rd_addr:  1, rd_wdata: feedbead, mem_addr: feedbead, mem_rdata: 00000000, mem_wdata: 40000000
ClkCycle:       3519, pc_rdata: 000740d0, pc_wdata: 000740d4, insn: 00b09093, mode: 3, rs1_addr:  1, rs1_rdata: 000006c6, rs2_addr: 11, rs2_rdata: 00000020, rd_addr:  1, rd_wdata: 6df56800, mem_addr: 6df56800, mem_rdata: 00000000, mem_wdata: 00000020
ClkCycle:       3520, pc_rdata: 000740d4, pc_wdata: 000740d8, insn: 7f708093, mode: 3, rs1_addr:  1, rs1_rdata: feedc000, rs2_addr: 23, rs2_rdata: 00007fff, rd_addr:  1, rd_wdata: 6df56ff7, mem_addr: 6df56ff7, mem_rdata: 00000000, mem_wdata: 00007fff
ClkCycle:       3521, pc_rdata: 000740d8, pc_wdata: 000740dc, insn: 00b09093, mode: 3, rs1_addr:  1, rs1_rdata: feedbead, rs2_addr: 11, rs2_rdata: 00000020, rd_addr:  1, rd_wdata: ab7fb800, mem_addr: ab7fb800, mem_rdata: 00000000, mem_wdata: 00000020
ClkCycle:       3522, pc_rdata: 000740dc, pc_wdata: 000740e0, insn: 36f08093, mode: 3, rs1_addr:  1, rs1_rdata: 6df56800, rs2_addr: 15, rs2_rdata: 00000000, rd_addr:  1, rd_wdata: ab7fbb6f, mem_addr: ab7fbb6f, mem_rdata: 00000000, mem_wdata: 00000000
ClkCycle:       3523, pc_rdata: 000740e0, pc_wdata: 000740e4, insn: 00a09093, mode: 3, rs1_addr:  1, rs1_rdata: 6df56ff7, rs2_addr: 10, rs2_rdata: 00000020, rd_addr:  1, rd_wdata: feedbc00, mem_addr: feedbc00, mem_rdata: 00000000, mem_wdata: 00000020
ClkCycle:       3524, pc_rdata: 000740e4, pc_wdata: 000740e8, insn: 2ad08093, mode: 3, rs1_addr:  1, rs1_rdata: ab7fb800, rs2_addr: 13, rs2_rdata: 40000000, rd_addr:  1, rd_wdata: feedbead, mem_addr: feedbead, mem_rdata: 00000000, mem_wdata: 40000000
ClkCycle:       3525, pc_rdata: 000740e8, pc_wdata: 000740ec, insn: 0070d113, mode: 3, rs1_addr:  1, rs1_rdata: ab7fbb6f, rs2_addr:  7, rs2_rdata: fc020000, rd_addr:  2, rd_wdata: 5bfddb7d, mem_addr: 5bfddb7d, mem_rdata: 00000000, mem_wdata: fc020000
ClkCycle:       3526, pc_rdata: 000740ec, pc_wdata: 000740f0, insn: 0390d793, mode: 3, rs1_addr:  1, rs1_rdata: feedbc00, rs2_addr: 25, rs2_rdata: 00000001, rd_addr: 15, rd_wdata: 76df56ff, mem_addr: 76df56ff, mem_rdata: 00000000, mem_wdata: 00000001
ClkCycle:       3527, pc_rdata: 000740f0, pc_wdata: 000740f4, insn: 00f16133, mode: 3, rs1_addr:  2, rs1_rdata: fbffdf28, rs2_addr: 15, rs2_rdata: 00000000, rd_addr:  2, rd_wdata: 7fffdfff, mem_addr: 7fffdfff, mem_rdata: 00000000, mem_wdata: 76df56ff
ClkCycle:       3528, pc_rdata: 000740f4, pc_wdata: 000740f8, insn: 00715193, mode: 3, rs1_addr:  2, rs1_rdata: 5bfddb7d, rs2_addr:  7, rs2_rdata: fc020000, rd_addr:  3, rd_wdata: feffffbf, mem_addr: feffffbf, mem_rdata: 00000000, mem_wdata: fc020000
ClkCycle:       3529, pc_rdata: 000740f8, pc_wdata: 000740fc, insn: 03915793, mode: 3, rs1_addr:  2, rs1_rdata: 5bfddb7d, rs2_addr: 25, rs2_rdata: 00000001, rd_addr: 15, rd_wdata: feedbfbf, mem_addr: feedbfbf, mem_rdata: 00000000, mem_wdata: 00000001
ClkCycle:       3530, pc_rdata: 000740fc, pc_wdata: 00074100, insn: 00f1e1b3, mode: 3, rs1_addr:  3, rs1_rdata: 003fbb6c, rs2_addr: 15, rs2_rdata: 76df56ff, rd_addr:  3, rd_wdata: feffffbf, mem_addr: feffffbf, mem_rdata: 00000000, mem_wdata: feedbfbf
ClkCycle:       3531, pc_rdata: 00074100, pc_wdata: 00074104, insn: 0071d213, mode: 3, rs1_addr:  3, rs1_rdata: feffffbf, rs2_addr:  7, rs2_rdata: fc020000, rd_addr:  4, rd_wdata: 6dfdffff, mem_addr: 6dfdffff, mem_rdata: 00000000, mem_wdata: fc020000
ClkCycle:       3532, pc_rdata: 00074104, pc_wdata: 00074108, insn: 0391d793, mode: 3, rs1_addr:  3, rs1_rdata: feffffbf, rs2_addr: 25, rs2_rdata: 00000001, rd_addr: 15, rd_wdata: 01fddb7f, mem_addr: 01fddb7f, mem_rdata: 00000000, mem_wdata: 00000001
ClkCycle:       3533, pc_rdata: 00074108, pc_wdata: 0007410c, insn: 00f26233, mode: 3, rs1_addr:  4, rs1_rdata: fc020000, rs2_addr: 15, rs2_rdata: feedbfbf, rd_addr:  4, rd_wdata: 6dfdffff, mem_addr: 6dfdffff, mem_rdata: 00000000, mem_wdata: 01fddb7f
ClkCycle:       3534, pc_rdata: 0007410c, pc_wdata: 00074110, insn: 00725293, mode: 3, rs1_addr:  4, rs1_rdata: 6dfdffff, rs2_addr:  7, rs2_rdata: fc020000, rd_addr:  5, rd_wdata: eedbfbff, mem_addr: eedbfbff, mem_rdata: 00000000, mem_wdata: fc020000
ClkCycle:       3535, pc_rdata: 00074110, pc_wdata: 00074114, insn: 03925793, mode: 3, rs1_addr:  4, rs1_rdata: 6dfdffff, rs2_addr: 25, rs2_rdata: 00000001, rd_addr: 15, rd_wdata: 0003fbb6, mem_addr: 0003fbb6, mem_rdata: 00000000, mem_wdata: 00000001
ClkCycle:       3536, pc_rdata: 00074114, pc_wdata: 00074118, insn: 00f2e2b3, mode: 3, rs1_addr:  5, rs1_rdata: 11800000, rs2_addr: 15, rs2_rdata: 01fddb7f, rd_addr:  5, rd_wdata: eedbfbff, mem_addr: eedbfbff, mem_rdata: 00000000, mem_wdata: 0003fbb6
ClkCycle:       3537, pc_rdata: 00074118, pc_wdata: 0007411c, insn: 0072d313, mode: 3, rs1_addr:  5, rs1_rdata: eedbfbff, rs2_addr:  7, rs2_rdata: fc020000, rd_addr:  6, rd_wdata: 1fddb7f7, mem_addr: 1fddb7f7, mem_rdata: 00000000, mem_wdata: fc020000
ClkCycle:       3538, pc_rdata: 0007411c, pc_wdata: 00074120, insn: 0392d793, mode: 3, rs1_addr:  5, rs1_rdata: eedbfbff, rs2_addr: 25, rs2_rdata: 00000001, rd_addr: 15, rd_wdata: 000007f7, mem_addr: 000007f7, mem_rdata: 00000000, mem_wdata: 00000001
ClkCycle:       3539, pc_rdata: 00074120, pc_wdata: 00074124, insn: 00f36333, mode: 3, rs1_addr:  6, rs1_rdata: fbffdff6, rs2_addr: 15, rs2_rdata: 0003fbb6, rd_addr:  6, rd_wdata: 1fddb7f7, mem_addr: 1fddb7f7, mem_rdata: 00000000, mem_wdata: 000007f7
ClkCycle:       3540, pc_rdata: 00074124, pc_wdata: 00074128, insn: 00735393, mode: 3, rs1_addr:  6, rs1_rdata: 1fddb7f7, rs2_addr:  7, rs2_rdata: fc020000, rd_addr:  7, rd_wdata: 003fbb6f, mem_addr: 003fbb6f, mem_rdata: 00000000, mem_wdata: fc020000
ClkCycle:       3541, pc_rdata: 00074128, pc_wdata: 0007412c, insn: 03935793, mode: 3, rs1_addr:  6, rs1_rdata: 1fddb7f7, rs2_addr: 25, rs2_rdata: 00000001, rd_addr: 15, rd_wdata: 0000000f, mem_addr: 0000000f, mem_rdata: 00000000, mem_wdata: 00000001
ClkCycle:       3542, pc_rdata: 0007412c, pc_wdata: 00074130, insn: 00f3e3b3, mode: 3, rs1_addr:  7, rs1_rdata: fc020000, rs2_addr: 15, rs2_rdata: 000007f7, rd_addr:  7, rd_wdata: 003fbb6f, mem_addr: 003fbb6f, mem_rdata: 00000000, mem_wdata: 0000000f
ClkCycle:       3543, pc_rdata: 00074130, pc_wdata: 00074134, insn: 0073d413, mode: 3, rs1_addr:  7, rs1_rdata: 003fbb6f, rs2_addr:  7, rs2_rdata: 003fbb6f, rd_addr:  8, rd_wdata: 00007f76, mem_addr: 00007f76, mem_rdata: 00000000, mem_wdata: 003fbb6f
ClkCycle:       3544, pc_rdata: 00074134, pc_wdata: 00074138, insn: 0393d793, mode: 3, rs1_addr:  7, rs1_rdata: 003fbb6f, rs2_addr: 25, rs2_rdata: 00000001, rd_addr: 15, rd_wdata: 00000000, mem_addr: 00000000, mem_rdata: 00000000, mem_wdata: 00000001
ClkCycle:       3545, pc_rdata: 00074138, pc_wdata: 0007413c, insn: 00f46433, mode: 3, rs1_addr:  8, rs1_rdata: fbffdf28, rs2_addr: 15, rs2_rdata: 0000000f, rd_addr:  8, rd_wdata: 00007f76, mem_addr: 00007f76, mem_rdata: 00000000, mem_wdata: 00000000
ClkCycle:       3546, pc_rdata: 0007413c, pc_wdata: 00074140, insn: 00745493, mode: 3, rs1_addr:  8, rs1_rdata: 00007f76, rs2_addr:  7, rs2_rdata: 003fbb6f, rd_addr:  9, rd_wdata: 000000fe, mem_addr: 000000fe, mem_rdata: 00000000, mem_wdata: 003fbb6f
ClkCycle:       3547, pc_rdata: 00074140, pc_wdata: 00074144, insn: 03945793, mode: 3, rs1_addr:  8, rs1_rdata: 00007f76, rs2_addr: 25, rs2_rdata: 00000001, rd_addr: 15, rd_wdata: 00000000, mem_addr: 00000000, mem_rdata: 00000000, mem_wdata: 00000001
ClkCycle:       3548, pc_rdata: 00074144, pc_wdata: 00074148, insn: 00f4e4b3, mode: 3, rs1_addr:  9, rs1_rdata: 00000000, rs2_addr: 15, rs2_rdata: 00000000, rd_addr:  9, rd_wdata: 000000fe, mem_addr: 000000fe, mem_rdata: 00000000, mem_wdata: 00000000
ClkCycle:       3549, pc_rdata: 00074148, pc_wdata: 0007414c, insn: 0074d513, mode: 3, rs1_addr:  9, rs1_rdata: 000000fe, rs2_addr:  7, rs2_rdata: 003fbb6f, rd_addr: 10, rd_wdata: 00000001, mem_addr: 00000001, mem_rdata: 00000000, mem_wdata: 003fbb6f
ClkCycle:       3550, pc_rdata: 0007414c, pc_wdata: 00074150, insn: 0394d793, mode: 3, rs1_addr:  9, rs1_rdata: 000000fe, rs2_addr: 25, rs2_rdata: 00000001, rd_addr: 15, rd_wdata: 00000000, mem_addr: 00000000, mem_rdata: 00000000, mem_wdata: 00000001
ClkCycle:       3551, pc_rdata: 00074150, pc_wdata: 00074154, insn: 00f56533, mode: 3, rs1_addr: 10, rs1_rdata: 00000020, rs2_addr: 15, rs2_rdata: 00000000, rd_addr: 10, rd_wdata: 00000001, mem_addr: 00000001, mem_rdata: 00000000, mem_wdata: 00000000
ClkCycle:       3552, pc_rdata: 00074154, pc_wdata: 00074158, insn: 00755593, mode: 3, rs1_addr: 10, rs1_rdata: 00000001, rs2_addr:  7, rs2_rdata: 003fbb6f, rd_addr: 11, rd_wdata: 00000000, mem_addr: 00000000, mem_rdata: 00000000, mem_wdata: 003fbb6f
ClkCycle:       3553, pc_rdata: 00074158, pc_wdata: 0007415c, insn: 03955793, mode: 3, rs1_addr: 10, rs1_rdata: 00000001, rs2_addr: 25, rs2_rdata: 00000001, rd_addr: 15, rd_wdata: 00000000, mem_addr: 00000000, mem_rdata: 00000000, mem_wdata: 00000001
ClkCycle:       3554, pc_rdata: 0007415c, pc_wdata: 00074160, insn: 00f5e5b3, mode: 3, rs1_addr: 11, rs1_rdata: 00000020, rs2_addr: 15, rs2_rdata: 00000000, rd_addr: 11, rd_wdata: 00000000, mem_addr: 00000000, mem_rdata: 00000000, mem_wdata: 00000000
ClkCycle:       3555, pc_rdata: 00074160, pc_wdata: 00074164, insn: 0075d613, mode: 3, rs1_addr: 11, rs1_rdata: 00000000, rs2_addr:  7, rs2_rdata: 003fbb6f, rd_addr: 12, rd_wdata: 00000000, mem_addr: 00000000, mem_rdata: 00000000, mem_wdata: 003fbb6f
ClkCycle:       3556, pc_rdata: 00074164, pc_wdata: 00074168, insn: 0395d793, mode: 3, rs1_addr: 11, rs1_rdata: 00000000, rs2_addr: 25, rs2_rdata: 00000001, rd_addr: 15, rd_wdata: 00000000, mem_addr: 00000000, mem_rdata: 00000000, mem_wdata: 00000001
ClkCycle:       3557, pc_rdata: 00074168, pc_wdata: 0007416c, insn: 00f66633, mode: 3, rs1_addr: 12, rs1_rdata: fbffe000, rs2_addr: 15, rs2_rdata: 00000000, rd_addr: 12, rd_wdata: 00000000, mem_addr: 00000000, mem_rdata: 00000000, mem_wdata: 00000000
ClkCycle:       3558, pc_rdata: 0007416c, pc_wdata: 00074170, insn: 00765693, mode: 3, rs1_addr: 12, rs1_rdata: 00000000, rs2_addr:  7, rs2_rdata: 003fbb6f, rd_addr: 13, rd_wdata: 00000000, mem_addr: 00000000, mem_rdata: 00000000, mem_wdata: 003fbb6f
ClkCycle:       3559, pc_rdata: 00074170, pc_wdata: 00074174, insn: 03965793, mode: 3, rs1_addr: 12, rs1_rdata: 00000000, rs2_addr: 25, rs2_rdata: 00000001, rd_addr: 15, rd_wdata: 00000000, mem_addr: 00000000, mem_rdata: 00000000, mem_wdata: 00000001
ClkCycle:       3560, pc_rdata: 00074174, pc_wdata: 00074178, insn: 00f6e6b3, mode: 3, rs1_addr: 13, rs1_rdata: 40000000, rs2_addr: 15, rs2_rdata: 00000000, rd_addr: 13, rd_wdata: 00000000, mem_addr: 00000000, mem_rdata: 00000000, mem_wdata: 00000000
ClkCycle:       3561, pc_rdata: 00074178, pc_wdata: 0007417c, insn: 00000013, mode: 3, rs1_addr:  0, rs1_rdata: 00000000, rs2_addr:  0, rs2_rdata: 00000000, rd_addr:  0, rd_wdata: 00000000, mem_addr: 00000000, mem_rdata: 00000000, mem_wdata: 00000000
ClkCycle:       3562, pc_rdata: 0007417c, pc_wdata: 00074180, insn: 00000013, mode: 3, rs1_addr:  0, rs1_rdata: 00000000, rs2_addr:  0, rs2_rdata: 00000000, rd_addr:  0, rd_wdata: 00000000, mem_addr: 00000000, mem_rdata: 00000000, mem_wdata: 00000000
ClkCycle:       3563, pc_rdata: 00074180, pc_wdata: 00074184, insn: 00003697, mode: 3, rs1_addr:  0, rs1_rdata: 00000000, rs2_addr:  0, rs2_rdata: 00000000, rd_addr: 13, rd_wdata: 00077180, mem_addr: 00077180, mem_rdata: 00000000, mem_wdata: 00000000
ClkCycle:       3564, pc_rdata: 00074184, pc_wdata: 00074188, insn: f9868693, mode: 3, rs1_addr: 13, rs1_rdata: 00000000, rs2_addr: 24, rs2_rdata: 000000ff, rd_addr: 13, rd_wdata: 00077118, mem_addr: 00077118, mem_rdata: 00000000, mem_wdata: 000000ff
ClkCycle:       3565, pc_rdata: 00074188, pc_wdata: 0007418c, insn: 00000013, mode: 3, rs1_addr:  0, rs1_rdata: 00000000, rs2_addr:  0, rs2_rdata: 00000000, rd_addr:  0, rd_wdata: 00000000, mem_addr: 00000000, mem_rdata: 00000000, mem_wdata: 00000000
ClkCycle:       3566, pc_rdata: 0007418c, pc_wdata: 00074190, insn: 00000013, mode: 3, rs1_addr:  0, rs1_rdata: 00000000, rs2_addr:  0, rs2_rdata: 00000000, rd_addr:  0, rd_wdata: 00000000, mem_addr: 00000000, mem_rdata: 00000000, mem_wdata: 00000000
ClkCycle:       3567, pc_rdata: 00074190, pc_wdata: 00074194, insn: 00000013, mode: 3, rs1_addr:  0, rs1_rdata: 00000000, rs2_addr:  0, rs2_rdata: 00000000, rd_addr:  0, rd_wdata: 00000000, mem_addr: 00000000, mem_rdata: 00000000, mem_wdata: 00000000
ClkCycle:       3568, pc_rdata: 00074194, pc_wdata: 00074198, insn: 00000013, mode: 3, rs1_addr:  0, rs1_rdata: 00000000, rs2_addr:  0, rs2_rdata: 00000000, rd_addr:  0, rd_wdata: 00000000, mem_addr: 00000000, mem_rdata: 00000000, mem_wdata: 00000000
ClkCycle:       3569, pc_rdata: 00074198, pc_wdata: 0007419c, insn: 00000013, mode: 3, rs1_addr:  0, rs1_rdata: 00000000, rs2_addr:  0, rs2_rdata: 00000000, rd_addr:  0, rd_wdata: 00000000, mem_addr: 00000000, mem_rdata: 00000000, mem_wdata: 00000000
ClkCycle:       3570, pc_rdata: 0007419c, pc_wdata: 000741a0, insn: 00000013, mode: 3, rs1_addr:  0, rs1_rdata: 00000000, rs2_addr:  0, rs2_rdata: 00000000, rd_addr:  0, rd_wdata: 00000000, mem_addr: 00000000, mem_rdata: 00000000, mem_wdata: 00000000
ClkCycle:       3571, pc_rdata: 000741a0, pc_wdata: 000741a4, insn: fff00613, mode: 3, rs1_addr:  0, rs1_rdata: 00000000, rs2_addr: 31, rs2_rdata: 00000000, rd_addr: 12, rd_wdata: ffffffff, mem_addr: ffffffff, mem_rdata: 00000000, mem_wdata: 00000000
ClkCycle:       3572, pc_rdata: 000741a4, pc_wdata: 000741a8, insn: 03f61613, mode: 3, rs1_addr: 12, rs1_rdata: 00000000, rs2_addr: 31, rs2_rdata: 00000000, rd_addr: 12, rd_wdata: 80000000, mem_addr: 80000000, mem_rdata: 00000000, mem_wdata: 00000000
ClkCycle:       3573, pc_rdata: 000741a8, pc_wdata: 000741aa, insn: e28c85b2, mode: 3, rs1_addr:  0, rs1_rdata: 00000000, rs2_addr: 12, rs2_rdata: 00000000, rd_addr: 11, rd_wdata: 80000000, mem_addr: 80000000, mem_rdata: 00000000, mem_wdata: 80000000
ClkCycle:       3574, pc_rdata: 000741aa, pc_wdata: 000741ae, insn: e28c85b2, mode: 3, rs1_addr:  0, rs1_rdata: 00000000, rs2_addr:  0, rs2_rdata: 00000000, rd_addr:  0, rd_wdata: 00000000, mem_addr: 00000000, mem_rdata: 00000000, mem_wdata: 00000000
7fffffff80000000
ClkCycle:       3575, pc_rdata: 000741ae, pc_wdata: 000741b0, insn: b423810a, mode: 3, rs1_addr: 13, rs1_rdata: 00077118, rs2_addr: 11, rs2_rdata: 00000000, rd_addr:  0, rd_wdata: 00077118, mem_addr: 00077118, mem_rdata: 00000000, mem_wdata: 80000000
ClkCycle:       3576, pc_rdata: 000741b0, pc_wdata: 000741b2, insn: b423810a, mode: 3, rs1_addr:  0, rs1_rdata: 00000000, rs2_addr:  2, rs2_rdata: 7fffdfff, rd_addr:  2, rd_wdata: 7fffdfff, mem_addr: 7fffdfff, mem_rdata: 00000000, mem_wdata: 7fffdfff
ClkCycle:       3577, pc_rdata: 000741b2, pc_wdata: 000741b6, insn: b423810a, mode: 3, rs1_addr:  0, rs1_rdata: 00000000, rs2_addr:  0, rs2_rdata: 00000000, rd_addr:  0, rd_wdata: 00000000, mem_addr: 00000000, mem_rdata: 00000000, mem_wdata: 00000000
0000000000000000
ClkCycle:       3578, pc_rdata: 000741b6, pc_wdata: 000741ba, insn: d393fff0, mode: 3, rs1_addr:  1, rs1_rdata: feedbead, rs2_addr: 31, rs2_rdata: 00000000, rd_addr:  8, rd_wdata: feedbe95, mem_addr: feedbe95, mem_rdata: 00000000, mem_wdata: 00000000
ClkCycle:       3579, pc_rdata: 000741ba, pc_wdata: 000741be, insn: d393fff0, mode: 3, rs1_addr:  0, rs1_rdata: 00000000, rs2_addr:  0, rs2_rdata: 00000000, rd_addr:  0, rd_wdata: 00000000, mem_addr: 00000000, mem_rdata: 00000000, mem_wdata: 00000000
ClkCycle:       3580, pc_rdata: 000741be, pc_wdata: 000741c2, insn: 0136b823, mode: 3, rs1_addr:  7, rs1_rdata: 003fbb6f, rs2_addr:  2, rs2_rdata: 7fffdfff, rd_addr:  7, rd_wdata: 000feedb, mem_addr: 000feedb, mem_rdata: 00000000, mem_wdata: 7fffdfff
ClkCycle:       3581, pc_rdata: 000741c2, pc_wdata: 000741c6, insn: 0136b823, mode: 3, rs1_addr:  0, rs1_rdata: 00000000, rs2_addr:  0, rs2_rdata: 00000000, rd_addr:  0, rd_wdata: 00000000, mem_addr: 00000000, mem_rdata: 00000000, mem_wdata: 00000000
ClkCycle:       3582, pc_rdata: 000741c6, pc_wdata: 000741c8, insn: bc238346, mode: 3, rs1_addr:  2, rs1_rdata: 7fffdfff, rs2_addr: 13, rs2_rdata: 00077118, rd_addr:  2, rd_wdata: fbffe000, mem_addr: fbffe000, mem_rdata: 00000000, mem_wdata: 00077118
ClkCycle:       3583, pc_rdata: 000741c8, pc_wdata: 000741ca, insn: bc238346, mode: 3, rs1_addr:  0, rs1_rdata: 00000000, rs2_addr: 17, rs2_rdata: fffeffff, rd_addr:  6, rd_wdata: fffeffff, mem_addr: fffeffff, mem_rdata: 00000000, mem_wdata: fffeffff
ClkCycle:       3584, pc_rdata: 000741ca, pc_wdata: 000741ce, insn: bc238346, mode: 3, rs1_addr:  0, rs1_rdata: 00000000, rs2_addr:  0, rs2_rdata: 00000000, rd_addr:  0, rd_wdata: 00000000, mem_addr: 00000000, mem_rdata: 00000000, mem_wdata: 00000000
bb6feffffbffe000
ClkCycle:       3585, pc_rdata: 000741ce, pc_wdata: 000741d2, insn: 876a0020, mode: 3, rs1_addr:  1, rs1_rdata: feedbead, rs2_addr:  2, rs2_rdata: fbffe000, rd_addr: 24, rd_wdata: feedbec5, mem_addr: feedbec5, mem_rdata: 00000000, mem_wdata: fbffe000
ClkCycle:       3586, pc_rdata: 000741d2, pc_wdata: 000741d6, insn: 876a0020, mode: 3, rs1_addr:  0, rs1_rdata: 00000000, rs2_addr:  0, rs2_rdata: 00000000, rd_addr:  0, rd_wdata: 00000000, mem_addr: 00000000, mem_rdata: 00000000, mem_wdata: 00000000
ClkCycle:       3587, pc_rdata: 000741d6, pc_wdata: 000741d8, insn: 8a960040, mode: 3, rs1_addr:  0, rs1_rdata: 00000000, rs2_addr: 26, rs2_rdata: 00000000, rd_addr: 14, rd_wdata: 00000000, mem_addr: 00000000, mem_rdata: 00000000, mem_wdata: 00000000
ClkCycle:       3588, pc_rdata: 000741d8, pc_wdata: 000741da, insn: 8a960040, mode: 3, rs1_addr:  2, rs1_rdata: fbffe000, rs2_addr:  4, rs2_rdata: 6dfdffff, rd_addr:  8, rd_wdata: fbffe004, mem_addr: fbffe004, mem_rdata: 00000000, mem_wdata: 6dfdffff
ClkCycle:       3589, pc_rdata: 000741da, pc_wdata: 000741de, insn: 8a960040, mode: 3, rs1_addr:  0, rs1_rdata: 00000000, rs2_addr:  0, rs2_rdata: 00000000, rd_addr:  0, rd_wdata: 00000000, mem_addr: 00000000, mem_rdata: 00000000, mem_wdata: 00000000
ClkCycle:       3590, pc_rdata: 000741de, pc_wdata: 000741e0, insn: 00800093, mode: 3, rs1_addr:  0, rs1_rdata: 00000000, rs2_addr:  5, rs2_rdata: eedbfbff, rd_addr: 21, rd_wdata: eedbfbff, mem_addr: eedbfbff, mem_rdata: 00000000, mem_wdata: eedbfbff
ClkCycle:       3591, pc_rdata: 000741e0, pc_wdata: 000741e4, insn: 00800093, mode: 3, rs1_addr:  0, rs1_rdata: 00000000, rs2_addr:  8, rs2_rdata: fbffe004, rd_addr:  1, rd_wdata: 00000008, mem_addr: 00000008, mem_rdata: 00000000, mem_wdata: fbffe004
ClkCycle:       3592, pc_rdata: 000741e4, pc_wdata: 000741e6, insn: b8238d86, mode: 3, rs1_addr:  0, rs1_rdata: 00000000, rs2_addr:  1, rs2_rdata: feedbead, rd_addr: 27, rd_wdata: 00000008, mem_addr: 00000008, mem_rdata: 00000000, mem_wdata: 00000008
ClkCycle:       3593, pc_rdata: 000741e6, pc_wdata: 000741ea, insn: b8238d86, mode: 3, rs1_addr:  0, rs1_rdata: 00000000, rs2_addr:  0, rs2_rdata: 00000000, rd_addr:  0, rd_wdata: 00000000, mem_addr: 00000000, mem_rdata: 00000000, mem_wdata: 00000000
fffffddb7d5bfddb
ClkCycle:       3594, pc_rdata: 000741ea, pc_wdata: 000741ee, insn: 88a60100, mode: 3, rs1_addr:  1, rs1_rdata: 00000008, rs2_addr: 16, rs2_rdata: 7d5bfddb, rd_addr: 16, rd_wdata: 00000018, mem_addr: 00000018, mem_rdata: 00000000, mem_wdata: 7d5bfddb
ClkCycle:       3595, pc_rdata: 000741ee, pc_wdata: 000741f2, insn: 88a60100, mode: 3, rs1_addr:  0, rs1_rdata: 00000000, rs2_addr:  0, rs2_rdata: 00000000, rd_addr:  0, rd_wdata: 00000000, mem_addr: 00000000, mem_rdata: 00000000, mem_wdata: 00000000
ClkCycle:       3596, pc_rdata: 000741f2, pc_wdata: 000741f4, insn: 02000913, mode: 3, rs1_addr:  0, rs1_rdata: 00000000, rs2_addr:  9, rs2_rdata: 000000fe, rd_addr: 17, rd_wdata: 000000fe, mem_addr: 000000fe, mem_rdata: 00000000, mem_wdata: 000000fe
ClkCycle:       3597, pc_rdata: 000741f4, pc_wdata: 000741f8, insn: 02000913, mode: 3, rs1_addr:  0, rs1_rdata: 00000000, rs2_addr:  0, rs2_rdata: 00000000, rd_addr: 18, rd_wdata: 00000020, mem_addr: 00000020, mem_rdata: 00000000, mem_wdata: 00000000
ClkCycle:       3598, pc_rdata: 000741f8, pc_wdata: 000741fa, insn: b023804a, mode: 3, rs1_addr:  0, rs1_rdata: 00000000, rs2_addr: 18, rs2_rdata: ffffffff, rd_addr:  0, rd_wdata: 00000020, mem_addr: 00000020, mem_rdata: 00000000, mem_wdata: 00000020
ClkCycle:       3599, pc_rdata: 000741fa, pc_wdata: 000741fe, insn: b023804a, mode: 3, rs1_addr:  0, rs1_rdata: 00000000, rs2_addr:  0, rs2_rdata: 00000000, rd_addr:  0, rd_wdata: 00000000, mem_addr: 00000000, mem_rdata: 00000000, mem_wdata: 00000000
0000000000000000
ClkCycle:       3600, pc_rdata: 000741fe, pc_wdata: 00074202, insn: 84da0400, mode: 3, rs1_addr:  1, rs1_rdata: 00000008, rs2_addr:  0, rs2_rdata: 00000000, rd_addr:  0, rd_wdata: 00000048, mem_addr: 00000048, mem_rdata: 00000000, mem_wdata: 00000000
ClkCycle:       3601, pc_rdata: 00074202, pc_wdata: 00074206, insn: 84da0400, mode: 3, rs1_addr:  0, rs1_rdata: 00000000, rs2_addr:  0, rs2_rdata: 00000000, rd_addr:  0, rd_wdata: 00000000, mem_addr: 00000000, mem_rdata: 00000000, mem_wdata: 00000000
ClkCycle:       3602, pc_rdata: 00074206, pc_wdata: 00074208, insn: 82220800, mode: 3, rs1_addr:  0, rs1_rdata: 00000000, rs2_addr: 22, rs2_rdata: 003fffff, rd_addr:  9, rd_wdata: 003fffff, mem_addr: 003fffff, mem_rdata: 00000000, mem_wdata: 003fffff
ClkCycle:       3603, pc_rdata: 00074208, pc_wdata: 0007420a, insn: 82220800, mode: 3, rs1_addr:  2, rs1_rdata: fbffe000, rs2_addr: 16, rs2_rdata: 7d5bfddb, rd_addr:  8, rd_wdata: fbffe010, mem_addr: fbffe010, mem_rdata: 00000000, mem_wdata: 7d5bfddb
ClkCycle:       3604, pc_rdata: 0007420a, pc_wdata: 0007420e, insn: 82220800, mode: 3, rs1_addr:  0, rs1_rdata: 00000000, rs2_addr:  0, rs2_rdata: 00000000, rd_addr:  0, rd_wdata: 00000000, mem_addr: 00000000, mem_rdata: 00000000, mem_wdata: 00000000
ClkCycle:       3605, pc_rdata: 0007420e, pc_wdata: 00074210, insn: 10000c13, mode: 3, rs1_addr:  0, rs1_rdata: 00000000, rs2_addr:  8, rs2_rdata: fbffe004, rd_addr:  4, rd_wdata: fbffe010, mem_addr: fbffe010, mem_rdata: 00000000, mem_wdata: fbffe010
ClkCycle:       3606, pc_rdata: 00074210, pc_wdata: 00074214, insn: 10000c13, mode: 3, rs1_addr:  0, rs1_rdata: 00000000, rs2_addr:  0, rs2_rdata: 00000000, rd_addr: 24, rd_wdata: 00000100, mem_addr: 00000100, mem_rdata: 00000000, mem_wdata: 00000000
ClkCycle:       3607, pc_rdata: 00074214, pc_wdata: 00074216, insn: bc2381e2, mode: 3, rs1_addr:  0, rs1_rdata: 00000000, rs2_addr: 24, rs2_rdata: 000000ff, rd_addr:  3, rd_wdata: 00000100, mem_addr: 00000100, mem_rdata: 00000000, mem_wdata: 00000100
ClkCycle:       3608, pc_rdata: 00074216, pc_wdata: 0007421a, insn: bc2381e2, mode: 3, rs1_addr:  0, rs1_rdata: 00000000, rs2_addr:  0, rs2_rdata: 00000000, rd_addr:  0, rd_wdata: 00000000, mem_addr: 00000000, mem_rdata: 00000000, mem_wdata: 00000000
0000000000000000
ClkCycle:       3609, pc_rdata: 0007421a, pc_wdata: 0007421e, insn: 8a562000, mode: 3, rs1_addr:  1, rs1_rdata: 00000008, rs2_addr:  0, rs2_rdata: 00000000, rd_addr: 24, rd_wdata: 00000220, mem_addr: 00000220, mem_rdata: 00000000, mem_wdata: 00000000
ClkCycle:       3610, pc_rdata: 0007421e, pc_wdata: 00074222, insn: 8a562000, mode: 3, rs1_addr:  0, rs1_rdata: 00000000, rs2_addr:  0, rs2_rdata: 00000000, rd_addr:  0, rd_wdata: 00000000, mem_addr: 00000000, mem_rdata: 00000000, mem_wdata: 00000000
ClkCycle:       3611, pc_rdata: 00074222, pc_wdata: 00074224, insn: 40000b93, mode: 3, rs1_addr:  0, rs1_rdata: 00000000, rs2_addr: 21, rs2_rdata: eedbfbff, rd_addr: 20, rd_wdata: eedbfbff, mem_addr: eedbfbff, mem_rdata: 00000000, mem_wdata: eedbfbff
ClkCycle:       3612, pc_rdata: 00074224, pc_wdata: 00074228, insn: 40000b93, mode: 3, rs1_addr:  0, rs1_rdata: 00000000, rs2_addr:  0, rs2_rdata: 00000000, rd_addr: 23, rd_wdata: 00000400, mem_addr: 00000400, mem_rdata: 00000000, mem_wdata: 00000000
ClkCycle:       3613, pc_rdata: 00074228, pc_wdata: 0007422a, insn: f6b0865e, mode: 3, rs1_addr:  0, rs1_rdata: 00000000, rs2_addr: 23, rs2_rdata: 00007fff, rd_addr: 12, rd_wdata: 00000400, mem_addr: 00000400, mem_rdata: 00000000, mem_wdata: 00000400
ClkCycle:       3614, pc_rdata: 0007422a, pc_wdata: 0007422e, insn: f6b0865e, mode: 3, rs1_addr:  0, rs1_rdata: 00000000, rs2_addr:  0, rs2_rdata: 00000000, rd_addr:  0, rd_wdata: 00000000, mem_addr: 00000000, mem_rdata: 00000000, mem_wdata: 00000000
0000000000000400
ClkCycle:       3615, pc_rdata: 0007422e, pc_wdata: 00074230, insn: 00bf9f93, mode: 3, rs1_addr: 13, rs1_rdata: 00077118, rs2_addr: 12, rs2_rdata: 80000000, rd_addr:  8, rd_wdata: 00077180, mem_addr: 00077180, mem_rdata: 00000000, mem_wdata: 00000400
ClkCycle:       3616, pc_rdata: 00074230, pc_wdata: 00074234, insn: 00bf9f93, mode: 3, rs1_addr: 31, rs1_rdata: 00000000, rs2_addr: 11, rs2_rdata: 80000000, rd_addr: 31, rd_wdata: 00000000, mem_addr: 00000000, mem_rdata: 00000000, mem_wdata: 80000000
ClkCycle:       3617, pc_rdata: 00074234, pc_wdata: 00074236, insn: b8238b7e, mode: 3, rs1_addr:  0, rs1_rdata: 00000000, rs2_addr: 31, rs2_rdata: 00000000, rd_addr: 22, rd_wdata: 00000000, mem_addr: 00000000, mem_rdata: 00000000, mem_wdata: 00000000
ClkCycle:       3618, pc_rdata: 00074236, pc_wdata: 0007423a, insn: b8238b7e, mode: 3, rs1_addr:  0, rs1_rdata: 00000000, rs2_addr:  0, rs2_rdata: 00000000, rd_addr:  0, rd_wdata: 00000000, mem_addr: 00000000, mem_rdata: 00000000, mem_wdata: 00000000
0000000000000008
ClkCycle:       3619, pc_rdata: 0007423a, pc_wdata: 0007423e, insn: 91930010, mode: 3, rs1_addr:  1, rs1_rdata: 00000008, rs2_addr:  1, rs2_rdata: 00000008, rd_addr: 16, rd_wdata: 00000018, mem_addr: 00000018, mem_rdata: 00000000, mem_wdata: 00000008
ClkCycle:       3620, pc_rdata: 0007423e, pc_wdata: 00074242, insn: 91930010, mode: 3, rs1_addr:  0, rs1_rdata: 00000000, rs2_addr:  0, rs2_rdata: 00000000, rd_addr:  0, rd_wdata: 00000000, mem_addr: 00000000, mem_rdata: 00000000, mem_wdata: 00000000
ClkCycle:       3621, pc_rdata: 00074242, pc_wdata: 00074246, insn: 0726bc23, mode: 3, rs1_addr:  7, rs1_rdata: 000feedb, rs2_addr:  2, rs2_rdata: fbffe000, rd_addr:  3, rd_wdata: 003fbb6c, mem_addr: 003fbb6c, mem_rdata: 00000000, mem_wdata: fbffe000
ClkCycle:       3622, pc_rdata: 00074246, pc_wdata: 0007424a, insn: 0726bc23, mode: 3, rs1_addr:  0, rs1_rdata: 00000000, rs2_addr:  0, rs2_rdata: 00000000, rd_addr:  0, rd_wdata: 00000000, mem_addr: 00000000, mem_rdata: 00000000, mem_wdata: 00000000
ClkCycle:       3623, pc_rdata: 0007424a, pc_wdata: 0007424c, insn: 00d21213, mode: 3, rs1_addr: 14, rs1_rdata: 00000000, rs2_addr:  9, rs2_rdata: 003fffff, rd_addr: 14, rd_wdata: 00000000, mem_addr: 00000000, mem_rdata: 00000000, mem_wdata: 003fffff
ClkCycle:       3624, pc_rdata: 0007424c, pc_wdata: 00074250, insn: 00d21213, mode: 3, rs1_addr:  4, rs1_rdata: fbffe010, rs2_addr: 13, rs2_rdata: 00077118, rd_addr:  4, rd_wdata: fc020000, mem_addr: fc020000, mem_rdata: 00000000, mem_wdata: 00077118
ClkCycle:       3625, pc_rdata: 00074250, pc_wdata: 00074252, insn: b0238392, mode: 3, rs1_addr:  0, rs1_rdata: 00000000, rs2_addr:  4, rs2_rdata: fbffe010, rd_addr:  7, rd_wdata: fc020000, mem_addr: fc020000, mem_rdata: 00000000, mem_wdata: fc020000
ClkCycle:       3626, pc_rdata: 00074252, pc_wdata: 00074256, insn: b0238392, mode: 3, rs1_addr:  0, rs1_rdata: 00000000, rs2_addr:  0, rs2_rdata: 00000000, rd_addr:  0, rd_wdata: 00000000, mem_addr: 00000000, mem_rdata: 00000000, mem_wdata: 00000000
0000000000000008
ClkCycle:       3627, pc_rdata: 00074256, pc_wdata: 0007425a, insn: 9c930010, mode: 3, rs1_addr:  1, rs1_rdata: 00000008, rs2_addr:  1, rs2_rdata: 00000008, rd_addr:  0, rd_wdata: 00000008, mem_addr: 00000008, mem_rdata: 00000000, mem_wdata: 00000008
ClkCycle:       3628, pc_rdata: 0007425a, pc_wdata: 0007425e, insn: 9c930010, mode: 3, rs1_addr:  0, rs1_rdata: 00000000, rs2_addr:  0, rs2_rdata: 00000000, rd_addr:  0, rd_wdata: 00000000, mem_addr: 00000000, mem_rdata: 00000000, mem_wdata: 00000000
ClkCycle:       3629, pc_rdata: 0007425e, pc_wdata: 00074262, insn: 0713e6c0, mode: 3, rs1_addr:  1, rs1_rdata: 00000008, rs2_addr: 12, rs2_rdata: 00000400, rd_addr: 25, rd_wdata: 00008000, mem_addr: 00008000, mem_rdata: 00000000, mem_wdata: 00000400
ClkCycle:       3630, pc_rdata: 00074262, pc_wdata: 00074266, insn: 0713e6c0, mode: 3, rs1_addr:  0, rs1_rdata: 00000000, rs2_addr:  0, rs2_rdata: 00000000, rd_addr:  0, rd_wdata: 00000000, mem_addr: 00000000, mem_rdata: 00000000, mem_wdata: 00000000
ClkCycle:       3631, pc_rdata: 00074266, pc_wdata: 0007426a, insn: 87ba00f7, mode: 3, rs1_addr: 14, rs1_rdata: 00000000, rs2_addr: 15, rs2_rdata: 00000000, rd_addr: 14, rd_wdata: 0000000f, mem_addr: 0000000f, mem_rdata: 00000000, mem_wdata: 00000000
ClkCycle:       3632, pc_rdata: 0007426a, pc_wdata: 0007426e, insn: 87ba00f7, mode: 3, rs1_addr:  0, rs1_rdata: 00000000, rs2_addr:  0, rs2_rdata: 00000000, rd_addr:  0, rd_wdata: 00000000, mem_addr: 00000000, mem_rdata: 00000000, mem_wdata: 00000000
ClkCycle:       3633, pc_rdata: 0007426e, pc_wdata: 00074270, insn: 9e930010, mode: 3, rs1_addr:  0, rs1_rdata: 00000000, rs2_addr: 14, rs2_rdata: 00000000, rd_addr: 15, rd_wdata: 0000000f, mem_addr: 0000000f, mem_rdata: 00000000, mem_wdata: 0000000f
ClkCycle:       3634, pc_rdata: 00074270, pc_wdata: 00074272, insn: 9e930010, mode: 3, rs1_addr:  2, rs1_rdata: fbffe000, rs2_addr:  0, rs2_rdata: 00000000, rd_addr: 12, rd_wdata: fbffe000, mem_addr: fbffe000, mem_rdata: 00000000, mem_wdata: 00000000
ClkCycle:       3635, pc_rdata: 00074272, pc_wdata: 00074276, insn: 9e930010, mode: 3, rs1_addr:  0, rs1_rdata: 00000000, rs2_addr:  0, rs2_rdata: 00000000, rd_addr:  0, rd_wdata: 00000000, mem_addr: 00000000, mem_rdata: 00000000, mem_wdata: 00000000
ClkCycle:       3636, pc_rdata: 00074276, pc_wdata: 0007427a, insn: 09f6bc23, mode: 3, rs1_addr:  7, rs1_rdata: fc020000, rs2_addr:  2, rs2_rdata: fbffe000, rd_addr: 29, rd_wdata: f0080000, mem_addr: f0080000, mem_rdata: 00000000, mem_wdata: fbffe000
ClkCycle:       3637, pc_rdata: 0007427a, pc_wdata: 0007427e, insn: 09f6bc23, mode: 3, rs1_addr:  0, rs1_rdata: 00000000, rs2_addr:  0, rs2_rdata: 00000000, rd_addr:  0, rd_wdata: 00000000, mem_addr: 00000000, mem_rdata: 00000000, mem_wdata: 00000000
ClkCycle:       3638, pc_rdata: 0007427e, pc_wdata: 00074280, insn: 011e1e13, mode: 3, rs1_addr: 19, rs1_rdata: ffffffff, rs2_addr: 29, rs2_rdata: 00000000, rd_addr: 19, rd_wdata: e0000000, mem_addr: e0000000, mem_rdata: 00000000, mem_wdata: f0080000
ClkCycle:       3639, pc_rdata: 00074280, pc_wdata: 00074284, insn: 011e1e13, mode: 3, rs1_addr: 28, rs1_rdata: 00000000, rs2_addr: 17, rs2_rdata: 000000fe, rd_addr: 28, rd_wdata: 00000000, mem_addr: 00000000, mem_rdata: 00000000, mem_wdata: 000000fe
ClkCycle:       3640, pc_rdata: 00074284, pc_wdata: 00074286, insn: b0238ef2, mode: 3, rs1_addr:  0, rs1_rdata: 00000000, rs2_addr: 28, rs2_rdata: 00000000, rd_addr: 29, rd_wdata: 00000000, mem_addr: 00000000, mem_rdata: 00000000, mem_wdata: 00000000
ClkCycle:       3641, pc_rdata: 00074286, pc_wdata: 0007428a, insn: b0238ef2, mode: 3, rs1_addr:  0, rs1_rdata: 00000000, rs2_addr:  0, rs2_rdata: 00000000, rd_addr:  0, rd_wdata: 00000000, mem_addr: 00000000, mem_rdata: 00000000, mem_wdata: 00000000
0000000000000008
ClkCycle:       3642, pc_rdata: 0007428a, pc_wdata: 0007428e, insn: 18130010, mode: 3, rs1_addr:  1, rs1_rdata: 00000008, rs2_addr:  1, rs2_rdata: 00000008, rd_addr:  0, rd_wdata: 00000008, mem_addr: 00000008, mem_rdata: 00000000, mem_wdata: 00000008
ClkCycle:       3643, pc_rdata: 0007428e, pc_wdata: 00074292, insn: 18130010, mode: 3, rs1_addr:  0, rs1_rdata: 00000000, rs2_addr:  0, rs2_rdata: 00000000, rd_addr:  0, rd_wdata: 00000000, mem_addr: 00000000, mem_rdata: 00000000, mem_wdata: 00000000
ClkCycle:       3644, pc_rdata: 00074292, pc_wdata: 00074296, insn: 0013f6c8, mode: 3, rs1_addr: 16, rs1_rdata: 7d5bfddb, rs2_addr: 12, rs2_rdata: fbffe000, rd_addr: 16, rd_wdata: bfddb000, mem_addr: bfddb000, mem_rdata: 00000000, mem_wdata: fbffe000
ClkCycle:       3645, pc_rdata: 00074296, pc_wdata: 0007429a, insn: 0013f6c8, mode: 3, rs1_addr:  0, rs1_rdata: 00000000, rs2_addr:  0, rs2_rdata: 00000000, rd_addr:  0, rd_wdata: 00000000, mem_addr: 00000000, mem_rdata: 00000000, mem_wdata: 00000000
ClkCycle:       3646, pc_rdata: 0007429a, pc_wdata: 0007429e, insn: 00010000, mode: 3, rs1_addr:  0, rs1_rdata: 00000000, rs2_addr:  0, rs2_rdata: 00000000, rd_addr:  0, rd_wdata: 00000000, mem_addr: 00000000, mem_rdata: 00000000, mem_wdata: 00000000
ClkCycle:       3647, pc_rdata: 0007429e, pc_wdata: 000742a2, insn: 00010000, mode: 3, rs1_addr:  0, rs1_rdata: 00000000, rs2_addr:  0, rs2_rdata: 00000000, rd_addr:  0, rd_wdata: 00000000, mem_addr: 00000000, mem_rdata: 00000000, mem_wdata: 00000000
ClkCycle:       3648, pc_rdata: 000742a2, pc_wdata: 000742a4, insn: f2810113, mode: 3, rs1_addr:  0, rs1_rdata: 00000000, rs2_addr:  0, rs2_rdata: 00000000, rd_addr:  0, rd_wdata: 00000000, mem_addr: 00000000, mem_rdata: 00000000, mem_wdata: 00000000
ClkCycle:       3649, pc_rdata: 000742a4, pc_wdata: 000742a8, insn: f2810113, mode: 3, rs1_addr:  2, rs1_rdata: fbffe000, rs2_addr:  8, rs2_rdata: fbffe010, rd_addr:  2, rd_wdata: fbffdf28, mem_addr: fbffdf28, mem_rdata: 00000000, mem_wdata: fbffe010
ClkCycle:       3650, pc_rdata: 000742a8, pc_wdata: 000742ac, insn: 00000013, mode: 3, rs1_addr:  0, rs1_rdata: 00000000, rs2_addr:  0, rs2_rdata: 00000000, rd_addr:  0, rd_wdata: 00000000, mem_addr: 00000000, mem_rdata: 00000000, mem_wdata: 00000000
ClkCycle:       3651, pc_rdata: 000742ac, pc_wdata: 000742b0, insn: 00000013, mode: 3, rs1_addr:  0, rs1_rdata: 00000000, rs2_addr:  0, rs2_rdata: 00000000, rd_addr:  0, rd_wdata: 00000000, mem_addr: 00000000, mem_rdata: 00000000, mem_wdata: 00000000
ClkCycle:       3652, pc_rdata: 000742b0, pc_wdata: 000742b4, insn: 00000013, mode: 3, rs1_addr:  0, rs1_rdata: 00000000, rs2_addr:  0, rs2_rdata: 00000000, rd_addr:  0, rd_wdata: 00000000, mem_addr: 00000000, mem_rdata: 00000000, mem_wdata: 00000000
ClkCycle:       3653, pc_rdata: 000742b4, pc_wdata: 000742b8, insn: 00000013, mode: 3, rs1_addr:  0, rs1_rdata: 00000000, rs2_addr:  0, rs2_rdata: 00000000, rd_addr:  0, rd_wdata: 00000000, mem_addr: 00000000, mem_rdata: 00000000, mem_wdata: 00000000
ClkCycle:       3654, pc_rdata: 000742b8, pc_wdata: 000742bc, insn: 00000013, mode: 3, rs1_addr:  0, rs1_rdata: 00000000, rs2_addr:  0, rs2_rdata: 00000000, rd_addr:  0, rd_wdata: 00000000, mem_addr: 00000000, mem_rdata: 00000000, mem_wdata: 00000000
ClkCycle:       3655, pc_rdata: 000742bc, pc_wdata: 000742c0, insn: 00000013, mode: 3, rs1_addr:  0, rs1_rdata: 00000000, rs2_addr:  0, rs2_rdata: 00000000, rd_addr:  0, rd_wdata: 00000000, mem_addr: 00000000, mem_rdata: 00000000, mem_wdata: 00000000
ClkCycle:       3656, pc_rdata: 000742c0, pc_wdata: 000742c4, insn: 00100a13, mode: 3, rs1_addr:  0, rs1_rdata: 00000000, rs2_addr:  1, rs2_rdata: 00000008, rd_addr: 20, rd_wdata: 00000001, mem_addr: 00000001, mem_rdata: 00000000, mem_wdata: 00000008
ClkCycle:       3657, pc_rdata: 000742c4, pc_wdata: 000742c8, insn: 013a1a13, mode: 3, rs1_addr: 20, rs1_rdata: eedbfbff, rs2_addr: 19, rs2_rdata: e0000000, rd_addr: 20, rd_wdata: 00080000, mem_addr: 00080000, mem_rdata: 00000000, mem_wdata: e0000000
ClkCycle:       3658, pc_rdata: 000742c8, pc_wdata: 000742ca, insn: e0668cd2, mode: 3, rs1_addr:  0, rs1_rdata: 00000000, rs2_addr: 20, rs2_rdata: eedbfbff, rd_addr: 25, rd_wdata: 00080000, mem_addr: 00080000, mem_rdata: 00000000, mem_wdata: 00080000
ClkCycle:       3659, pc_rdata: 000742ca, pc_wdata: 000742ce, insn: e0668cd2, mode: 3, rs1_addr:  0, rs1_rdata: 00000000, rs2_addr:  0, rs2_rdata: 00000000, rd_addr:  0, rd_wdata: 00000000, mem_addr: 00000000, mem_rdata: 00000000, mem_wdata: 00000000
0000000000080000
ClkCycle:       3660, pc_rdata: 000742ce, pc_wdata: 000742d0, insn: 01469693, mode: 3, rs1_addr:  2, rs1_rdata: fbffdf28, rs2_addr: 25, rs2_rdata: 00008000, rd_addr:  0, rd_wdata: fbffdf28, mem_addr: fbffdf28, mem_rdata: 00000000, mem_wdata: 00080000
ClkCycle:       3661, pc_rdata: 000742d0, pc_wdata: 000742d4, insn: 01469693, mode: 3, rs1_addr: 13, rs1_rdata: 00077118, rs2_addr: 20, rs2_rdata: 00080000, rd_addr: 13, rd_wdata: 11800000, mem_addr: 11800000, mem_rdata: 00000000, mem_wdata: 00080000
ClkCycle:       3662, pc_rdata: 000742d4, pc_wdata: 000742d6, insn: e41682b6, mode: 3, rs1_addr:  0, rs1_rdata: 00000000, rs2_addr: 13, rs2_rdata: 00077118, rd_addr:  5, rd_wdata: 11800000, mem_addr: 11800000, mem_rdata: 00000000, mem_wdata: 11800000
ClkCycle:       3663, pc_rdata: 000742d6, pc_wdata: 000742da, insn: e41682b6, mode: 3, rs1_addr:  0, rs1_rdata: 00000000, rs2_addr:  0, rs2_rdata: 00000000, rd_addr:  0, rd_wdata: 00000000, mem_addr: 00000000, mem_rdata: 00000000, mem_wdata: 00000000
0010007711800000
ClkCycle:       3664, pc_rdata: 000742da, pc_wdata: 000742dc, insn: 01531313, mode: 3, rs1_addr:  2, rs1_rdata: fbffdf28, rs2_addr:  5, rs2_rdata: eedbfbff, rd_addr:  8, rd_wdata: fbffdf30, mem_addr: fbffdf30, mem_rdata: 00000000, mem_wdata: 11800000
ClkCycle:       3665, pc_rdata: 000742dc, pc_wdata: 000742e0, insn: 01531313, mode: 3, rs1_addr:  6, rs1_rdata: fffeffff, rs2_addr: 21, rs2_rdata: eedbfbff, rd_addr:  6, rd_wdata: ffe00000, mem_addr: ffe00000, mem_rdata: 00000000, mem_wdata: eedbfbff
ClkCycle:       3666, pc_rdata: 000742e0, pc_wdata: 000742e2, insn: e806809a, mode: 3, rs1_addr:  0, rs1_rdata: 00000000, rs2_addr:  6, rs2_rdata: fffeffff, rd_addr:  1, rd_wdata: ffe00000, mem_addr: ffe00000, mem_rdata: 00000000, mem_wdata: ffe00000
ClkCycle:       3667, pc_rdata: 000742e2, pc_wdata: 000742e6, insn: e806809a, mode: 3, rs1_addr:  0, rs1_rdata: 00000000, rs2_addr:  0, rs2_rdata: 00000000, rd_addr:  0, rd_wdata: 00000000, mem_addr: 00000000, mem_rdata: 00000000, mem_wdata: 00000000
ffffffdfffe00000
ClkCycle:       3668, pc_rdata: 000742e6, pc_wdata: 000742e8, insn: 01679793, mode: 3, rs1_addr:  2, rs1_rdata: fbffdf28, rs2_addr:  1, rs2_rdata: 00000008, rd_addr: 16, rd_wdata: fbffdf38, mem_addr: fbffdf38, mem_rdata: 00000000, mem_wdata: ffe00000
ClkCycle:       3669, pc_rdata: 000742e8, pc_wdata: 000742ec, insn: 01679793, mode: 3, rs1_addr: 15, rs1_rdata: 0000000f, rs2_addr: 22, rs2_rdata: 00000000, rd_addr: 15, rd_wdata: 03c00000, mem_addr: 03c00000, mem_rdata: 00000000, mem_wdata: 00000000
ClkCycle:       3670, pc_rdata: 000742ec, pc_wdata: 000742ee, insn: ec6a8d3e, mode: 3, rs1_addr:  0, rs1_rdata: 00000000, rs2_addr: 15, rs2_rdata: 0000000f, rd_addr: 26, rd_wdata: 03c00000, mem_addr: 03c00000, mem_rdata: 00000000, mem_wdata: 03c00000
ClkCycle:       3671, pc_rdata: 000742ee, pc_wdata: 000742f2, insn: ec6a8d3e, mode: 3, rs1_addr:  0, rs1_rdata: 00000000, rs2_addr:  0, rs2_rdata: 00000000, rd_addr:  0, rd_wdata: 00000000, mem_addr: 00000000, mem_rdata: 00000000, mem_wdata: 00000000
0000000003c00000
ClkCycle:       3672, pc_rdata: 000742f2, pc_wdata: 000742f4, insn: 01751513, mode: 3, rs1_addr:  2, rs1_rdata: fbffdf28, rs2_addr: 26, rs2_rdata: 00000000, rd_addr: 24, rd_wdata: fbffdf40, mem_addr: fbffdf40, mem_rdata: 00000000, mem_wdata: 03c00000
ClkCycle:       3673, pc_rdata: 000742f4, pc_wdata: 000742f8, insn: 01751513, mode: 3, rs1_addr: 10, rs1_rdata: 00000001, rs2_addr: 23, rs2_rdata: 00000400, rd_addr: 10, rd_wdata: 00800000, mem_addr: 00800000, mem_rdata: 00000000, mem_wdata: 00000400
ClkCycle:       3674, pc_rdata: 000742f8, pc_wdata: 000742fa, insn: f0628c2a, mode: 3, rs1_addr:  0, rs1_rdata: 00000000, rs2_addr: 10, rs2_rdata: 00000001, rd_addr: 24, rd_wdata: 00800000, mem_addr: 00800000, mem_rdata: 00000000, mem_wdata: 00800000
ClkCycle:       3675, pc_rdata: 000742fa, pc_wdata: 000742fe, insn: f0628c2a, mode: 3, rs1_addr:  0, rs1_rdata: 00000000, rs2_addr:  0, rs2_rdata: 00000000, rd_addr:  0, rd_wdata: 00000000, mem_addr: 00000000, mem_rdata: 00000000, mem_wdata: 00000000
0000000000800000
ClkCycle:       3676, pc_rdata: 000742fe, pc_wdata: 00074300, insn: 018f1f13, mode: 3, rs1_addr:  2, rs1_rdata: fbffdf28, rs2_addr: 24, rs2_rdata: 00000100, rd_addr:  0, rd_wdata: fbffdf48, mem_addr: fbffdf48, mem_rdata: 00000000, mem_wdata: 00800000
ClkCycle:       3677, pc_rdata: 00074300, pc_wdata: 00074304, insn: 018f1f13, mode: 3, rs1_addr: 30, rs1_rdata: 00000000, rs2_addr: 24, rs2_rdata: 00800000, rd_addr: 30, rd_wdata: 00000000, mem_addr: 00000000, mem_rdata: 00000000, mem_wdata: 00800000
ClkCycle:       3678, pc_rdata: 00074304, pc_wdata: 00074306, insn: f4728e7a, mode: 3, rs1_addr:  0, rs1_rdata: 00000000, rs2_addr: 30, rs2_rdata: 00000000, rd_addr: 28, rd_wdata: 00000000, mem_addr: 00000000, mem_rdata: 00000000, mem_wdata: 00000000
ClkCycle:       3679, pc_rdata: 00074306, pc_wdata: 0007430a, insn: f4728e7a, mode: 3, rs1_addr:  0, rs1_rdata: 00000000, rs2_addr:  0, rs2_rdata: 00000000, rd_addr:  0, rd_wdata: 00000000, mem_addr: 00000000, mem_rdata: 00000000, mem_wdata: 00000000
0000000000000000
ClkCycle:       3680, pc_rdata: 0007430a, pc_wdata: 0007430c, insn: 01999993, mode: 3, rs1_addr:  2, rs1_rdata: fbffdf28, rs2_addr: 28, rs2_rdata: 00000000, rd_addr:  8, rd_wdata: fbffdf50, mem_addr: fbffdf50, mem_rdata: 00000000, mem_wdata: 00000000
ClkCycle:       3681, pc_rdata: 0007430c, pc_wdata: 00074310, insn: 01999993, mode: 3, rs1_addr: 19, rs1_rdata: e0000000, rs2_addr: 25, rs2_rdata: 00080000, rd_addr: 19, rd_wdata: 00000000, mem_addr: 00000000, mem_rdata: 00000000, mem_wdata: 00080000
ClkCycle:       3682, pc_rdata: 00074310, pc_wdata: 00074312, insn: f85e8bce, mode: 3, rs1_addr:  0, rs1_rdata: 00000000, rs2_addr: 19, rs2_rdata: e0000000, rd_addr: 23, rd_wdata: 00000000, mem_addr: 00000000, mem_rdata: 00000000, mem_wdata: 00000000
ClkCycle:       3683, pc_rdata: 00074312, pc_wdata: 00074316, insn: f85e8bce, mode: 3, rs1_addr:  0, rs1_rdata: 00000000, rs2_addr:  0, rs2_rdata: 00000000, rd_addr:  0, rd_wdata: 00000000, mem_addr: 00000000, mem_rdata: 00000000, mem_wdata: 00000000
ffc0000000000000
ClkCycle:       3684, pc_rdata: 00074316, pc_wdata: 00074318, insn: 01a59593, mode: 3, rs1_addr:  2, rs1_rdata: fbffdf28, rs2_addr: 23, rs2_rdata: 00000400, rd_addr: 16, rd_wdata: fbffdf58, mem_addr: fbffdf58, mem_rdata: 00000000, mem_wdata: 00000000
ClkCycle:       3685, pc_rdata: 00074318, pc_wdata: 0007431c, insn: 01a59593, mode: 3, rs1_addr: 11, rs1_rdata: 80000000, rs2_addr: 26, rs2_rdata: 03c00000, rd_addr: 11, rd_wdata: 00000000, mem_addr: 00000000, mem_rdata: 00000000, mem_wdata: 03c00000
ClkCycle:       3686, pc_rdata: 0007431c, pc_wdata: 0007431e, insn: fc7a8f2e, mode: 3, rs1_addr:  0, rs1_rdata: 00000000, rs2_addr: 11, rs2_rdata: 80000000, rd_addr: 30, rd_wdata: 00000000, mem_addr: 00000000, mem_rdata: 00000000, mem_wdata: 00000000
ClkCycle:       3687, pc_rdata: 0007431e, pc_wdata: 00074322, insn: fc7a8f2e, mode: 3, rs1_addr:  0, rs1_rdata: 00000000, rs2_addr:  0, rs2_rdata: 00000000, rd_addr:  0, rd_wdata: 00000000, mem_addr: 00000000, mem_rdata: 00000000, mem_wdata: 00000000
fe00000000000000
ClkCycle:       3688, pc_rdata: 00074322, pc_wdata: 00074324, insn: 01bd9d93, mode: 3, rs1_addr:  2, rs1_rdata: fbffdf28, rs2_addr: 30, rs2_rdata: 00000000, rd_addr: 24, rd_wdata: fbffdf60, mem_addr: fbffdf60, mem_rdata: 00000000, mem_wdata: 00000000
ClkCycle:       3689, pc_rdata: 00074324, pc_wdata: 00074328, insn: 01bd9d93, mode: 3, rs1_addr: 27, rs1_rdata: 00000008, rs2_addr: 27, rs2_rdata: 00000008, rd_addr: 27, rd_wdata: 40000000, mem_addr: 40000000, mem_rdata: 00000000, mem_wdata: 00000008
ClkCycle:       3690, pc_rdata: 00074328, pc_wdata: 0007432a, insn: e0b686ee, mode: 3, rs1_addr:  0, rs1_rdata: 00000000, rs2_addr: 27, rs2_rdata: 00000008, rd_addr: 13, rd_wdata: 40000000, mem_addr: 40000000, mem_rdata: 00000000, mem_wdata: 40000000
ClkCycle:       3691, pc_rdata: 0007432a, pc_wdata: 0007432e, insn: e0b686ee, mode: 3, rs1_addr:  0, rs1_rdata: 00000000, rs2_addr:  0, rs2_rdata: 00000000, rd_addr:  0, rd_wdata: 00000000, mem_addr: 00000000, mem_rdata: 00000000, mem_wdata: 00000000
0000000040000000
ClkCycle:       3692, pc_rdata: 0007432e, pc_wdata: 00074330, insn: 01ce1e13, mode: 3, rs1_addr:  2, rs1_rdata: fbffdf28, rs2_addr: 13, rs2_rdata: 11800000, rd_addr:  0, rd_wdata: fbffdf68, mem_addr: fbffdf68, mem_rdata: 00000000, mem_wdata: 40000000
ClkCycle:       3693, pc_rdata: 00074330, pc_wdata: 00074334, insn: 01ce1e13, mode: 3, rs1_addr: 28, rs1_rdata: 00000000, rs2_addr: 28, rs2_rdata: 00000000, rd_addr: 28, rd_wdata: 00000000, mem_addr: 00000000, mem_rdata: 00000000, mem_wdata: 00000000
ClkCycle:       3694, pc_rdata: 00074334, pc_wdata: 00074336, insn: e4c28872, mode: 3, rs1_addr:  0, rs1_rdata: 00000000, rs2_addr: 28, rs2_rdata: 00000000, rd_addr: 16, rd_wdata: 00000000, mem_addr: 00000000, mem_rdata: 00000000, mem_wdata: 00000000
ClkCycle:       3695, pc_rdata: 00074336, pc_wdata: 0007433a, insn: e4c28872, mode: 3, rs1_addr:  0, rs1_rdata: 00000000, rs2_addr:  0, rs2_rdata: 00000000, rd_addr:  0, rd_wdata: 00000000, mem_addr: 00000000, mem_rdata: 00000000, mem_wdata: 00000000
0000000000000000
ClkCycle:       3696, pc_rdata: 0007433a, pc_wdata: 0007433c, insn: 01d59593, mode: 3, rs1_addr:  2, rs1_rdata: fbffdf28, rs2_addr: 16, rs2_rdata: bfddb000, rd_addr:  8, rd_wdata: fbffdf70, mem_addr: fbffdf70, mem_rdata: 00000000, mem_wdata: 00000000
ClkCycle:       3697, pc_rdata: 0007433c, pc_wdata: 00074340, insn: 01d59593, mode: 3, rs1_addr: 11, rs1_rdata: 00000000, rs2_addr: 29, rs2_rdata: 00000000, rd_addr: 11, rd_wdata: 00000000, mem_addr: 00000000, mem_rdata: 00000000, mem_wdata: 00000000
ClkCycle:       3698, pc_rdata: 00074340, pc_wdata: 00074342, insn: e8aa852e, mode: 3, rs1_addr:  0, rs1_rdata: 00000000, rs2_addr: 11, rs2_rdata: 00000000, rd_addr: 10, rd_wdata: 00000000, mem_addr: 00000000, mem_rdata: 00000000, mem_wdata: 00000000
ClkCycle:       3699, pc_rdata: 00074342, pc_wdata: 00074346, insn: e8aa852e, mode: 3, rs1_addr:  0, rs1_rdata: 00000000, rs2_addr:  0, rs2_rdata: 00000000, rd_addr:  0, rd_wdata: 00000000, mem_addr: 00000000, mem_rdata: 00000000, mem_wdata: 00000000
0000000000000000
ClkCycle:       3700, pc_rdata: 00074346, pc_wdata: 00074348, insn: 01e59593, mode: 3, rs1_addr:  2, rs1_rdata: fbffdf28, rs2_addr: 10, rs2_rdata: 00800000, rd_addr: 16, rd_wdata: fbffdf78, mem_addr: fbffdf78, mem_rdata: 00000000, mem_wdata: 00000000
ClkCycle:       3701, pc_rdata: 00074348, pc_wdata: 0007434c, insn: 01e59593, mode: 3, rs1_addr: 11, rs1_rdata: 00000000, rs2_addr: 30, rs2_rdata: 00000000, rd_addr: 11, rd_wdata: 00000000, mem_addr: 00000000, mem_rdata: 00000000, mem_wdata: 00000000
ClkCycle:       3702, pc_rdata: 0007434c, pc_wdata: 0007434e, insn: ecaa852e, mode: 3, rs1_addr:  0, rs1_rdata: 00000000, rs2_addr: 11, rs2_rdata: 00000000, rd_addr: 10, rd_wdata: 00000000, mem_addr: 00000000, mem_rdata: 00000000, mem_wdata: 00000000
ClkCycle:       3703, pc_rdata: 0007434e, pc_wdata: 00074352, insn: ecaa852e, mode: 3, rs1_addr:  0, rs1_rdata: 00000000, rs2_addr:  0, rs2_rdata: 00000000, rd_addr:  0, rd_wdata: 00000000, mem_addr: 00000000, mem_rdata: 00000000, mem_wdata: 00000000
0000000000000000
ClkCycle:       3704, pc_rdata: 00074352, pc_wdata: 00074354, insn: 01f59593, mode: 3, rs1_addr:  2, rs1_rdata: fbffdf28, rs2_addr: 10, rs2_rdata: 00000000, rd_addr: 24, rd_wdata: fbffdf80, mem_addr: fbffdf80, mem_rdata: 00000000, mem_wdata: 00000000
ClkCycle:       3705, pc_rdata: 00074354, pc_wdata: 00074358, insn: 01f59593, mode: 3, rs1_addr: 11, rs1_rdata: 00000000, rs2_addr: 31, rs2_rdata: 00000000, rd_addr: 11, rd_wdata: 00000000, mem_addr: 00000000, mem_rdata: 00000000, mem_wdata: 00000000
ClkCycle:       3706, pc_rdata: 00074358, pc_wdata: 0007435a, insn: f0aa852e, mode: 3, rs1_addr:  0, rs1_rdata: 00000000, rs2_addr: 11, rs2_rdata: 00000000, rd_addr: 10, rd_wdata: 00000000, mem_addr: 00000000, mem_rdata: 00000000, mem_wdata: 00000000
ClkCycle:       3707, pc_rdata: 0007435a, pc_wdata: 0007435e, insn: f0aa852e, mode: 3, rs1_addr:  0, rs1_rdata: 00000000, rs2_addr:  0, rs2_rdata: 00000000, rd_addr:  0, rd_wdata: 00000000, mem_addr: 00000000, mem_rdata: 00000000, mem_wdata: 00000000
0000000000000000
ClkCycle:       3708, pc_rdata: 0007435e, pc_wdata: 00074360, insn: 02059593, mode: 3, rs1_addr:  2, rs1_rdata: fbffdf28, rs2_addr: 10, rs2_rdata: 00000000, rd_addr:  0, rd_wdata: fbffdf88, mem_addr: fbffdf88, mem_rdata: 00000000, mem_wdata: 00000000
ClkCycle:       3709, pc_rdata: 00074360, pc_wdata: 00074364, insn: 02059593, mode: 3, rs1_addr: 11, rs1_rdata: 00000000, rs2_addr:  0, rs2_rdata: 00000000, rd_addr: 11, rd_wdata: 00000000, mem_addr: 00000000, mem_rdata: 00000000, mem_wdata: 00000000
ClkCycle:       3710, pc_rdata: 00074364, pc_wdata: 00074366, insn: f4aa852e, mode: 3, rs1_addr:  0, rs1_rdata: 00000000, rs2_addr: 11, rs2_rdata: 00000000, rd_addr: 10, rd_wdata: 00000000, mem_addr: 00000000, mem_rdata: 00000000, mem_wdata: 00000000
ClkCycle:       3711, pc_rdata: 00074366, pc_wdata: 0007436a, insn: f4aa852e, mode: 3, rs1_addr:  0, rs1_rdata: 00000000, rs2_addr:  0, rs2_rdata: 00000000, rd_addr:  0, rd_wdata: 00000000, mem_addr: 00000000, mem_rdata: 00000000, mem_wdata: 00000000
0000000000000000
ClkCycle:       3712, pc_rdata: 0007436a, pc_wdata: 0007436c, insn: 02159593, mode: 3, rs1_addr:  2, rs1_rdata: fbffdf28, rs2_addr: 10, rs2_rdata: 00000000, rd_addr:  8, rd_wdata: fbffdf90, mem_addr: fbffdf90, mem_rdata: 00000000, mem_wdata: 00000000
ClkCycle:       3713, pc_rdata: 0007436c, pc_wdata: 00074370, insn: 02159593, mode: 3, rs1_addr: 11, rs1_rdata: 00000000, rs2_addr:  1, rs2_rdata: ffe00000, rd_addr: 11, rd_wdata: 00000000, mem_addr: 00000000, mem_rdata: 00000000, mem_wdata: ffe00000
ClkCycle:       3714, pc_rdata: 00074370, pc_wdata: 00074372, insn: f8aa852e, mode: 3, rs1_addr:  0, rs1_rdata: 00000000, rs2_addr: 11, rs2_rdata: 00000000, rd_addr: 10, rd_wdata: 00000000, mem_addr: 00000000, mem_rdata: 00000000, mem_wdata: 00000000
ClkCycle:       3715, pc_rdata: 00074372, pc_wdata: 00074376, insn: f8aa852e, mode: 3, rs1_addr:  0, rs1_rdata: 00000000, rs2_addr:  0, rs2_rdata: 00000000, rd_addr:  0, rd_wdata: 00000000, mem_addr: 00000000, mem_rdata: 00000000, mem_wdata: 00000000
0000000000000000
ClkCycle:       3716, pc_rdata: 00074376, pc_wdata: 00074378, insn: 02259593, mode: 3, rs1_addr:  2, rs1_rdata: fbffdf28, rs2_addr: 10, rs2_rdata: 00000000, rd_addr: 16, rd_wdata: fbffdf98, mem_addr: fbffdf98, mem_rdata: 00000000, mem_wdata: 00000000
ClkCycle:       3717, pc_rdata: 00074378, pc_wdata: 0007437c, insn: 02259593, mode: 3, rs1_addr: 11, rs1_rdata: 00000000, rs2_addr:  2, rs2_rdata: fbffdf28, rd_addr: 11, rd_wdata: 00000000, mem_addr: 00000000, mem_rdata: 00000000, mem_wdata: fbffdf28
ClkCycle:       3718, pc_rdata: 0007437c, pc_wdata: 0007437e, insn: fcaa852e, mode: 3, rs1_addr:  0, rs1_rdata: 00000000, rs2_addr: 11, rs2_rdata: 00000000, rd_addr: 10, rd_wdata: 00000000, mem_addr: 00000000, mem_rdata: 00000000, mem_wdata: 00000000
ClkCycle:       3719, pc_rdata: 0007437e, pc_wdata: 00074382, insn: fcaa852e, mode: 3, rs1_addr:  0, rs1_rdata: 00000000, rs2_addr:  0, rs2_rdata: 00000000, rd_addr:  0, rd_wdata: 00000000, mem_addr: 00000000, mem_rdata: 00000000, mem_wdata: 00000000
0000000000000000
ClkCycle:       3720, pc_rdata: 00074382, pc_wdata: 00074384, insn: 02359593, mode: 3, rs1_addr:  2, rs1_rdata: fbffdf28, rs2_addr: 10, rs2_rdata: 00000000, rd_addr: 24, rd_wdata: fbffdfa0, mem_addr: fbffdfa0, mem_rdata: 00000000, mem_wdata: 00000000
ClkCycle:       3721, pc_rdata: 00074384, pc_wdata: 00074388, insn: 02359593, mode: 3, rs1_addr: 11, rs1_rdata: 00000000, rs2_addr:  3, rs2_rdata: 003fbb6c, rd_addr: 11, rd_wdata: 00000000, mem_addr: 00000000, mem_rdata: 00000000, mem_wdata: 003fbb6c
ClkCycle:       3722, pc_rdata: 00074388, pc_wdata: 0007438a, insn: e12a852e, mode: 3, rs1_addr:  0, rs1_rdata: 00000000, rs2_addr: 11, rs2_rdata: 00000000, rd_addr: 10, rd_wdata: 00000000, mem_addr: 00000000, mem_rdata: 00000000, mem_wdata: 00000000
ClkCycle:       3723, pc_rdata: 0007438a, pc_wdata: 0007438e, insn: e12a852e, mode: 3, rs1_addr:  0, rs1_rdata: 00000000, rs2_addr:  0, rs2_rdata: 00000000, rd_addr:  0, rd_wdata: 00000000, mem_addr: 00000000, mem_rdata: 00000000, mem_wdata: 00000000
0000000000000000
ClkCycle:       3724, pc_rdata: 0007438e, pc_wdata: 00074390, insn: 02459593, mode: 3, rs1_addr:  2, rs1_rdata: fbffdf28, rs2_addr: 10, rs2_rdata: 00000000, rd_addr:  0, rd_wdata: fbffdfa8, mem_addr: fbffdfa8, mem_rdata: 00000000, mem_wdata: 00000000
ClkCycle:       3725, pc_rdata: 00074390, pc_wdata: 00074394, insn: 02459593, mode: 3, rs1_addr: 11, rs1_rdata: 00000000, rs2_addr:  4, rs2_rdata: fc020000, rd_addr: 11, rd_wdata: 00000000, mem_addr: 00000000, mem_rdata: 00000000, mem_wdata: fc020000
ClkCycle:       3726, pc_rdata: 00074394, pc_wdata: 00074396, insn: e52a852e, mode: 3, rs1_addr:  0, rs1_rdata: 00000000, rs2_addr: 11, rs2_rdata: 00000000, rd_addr: 10, rd_wdata: 00000000, mem_addr: 00000000, mem_rdata: 00000000, mem_wdata: 00000000
ClkCycle:       3727, pc_rdata: 00074396, pc_wdata: 0007439a, insn: e52a852e, mode: 3, rs1_addr:  0, rs1_rdata: 00000000, rs2_addr:  0, rs2_rdata: 00000000, rd_addr:  0, rd_wdata: 00000000, mem_addr: 00000000, mem_rdata: 00000000, mem_wdata: 00000000
0000000000000000
ClkCycle:       3728, pc_rdata: 0007439a, pc_wdata: 0007439c, insn: 02559593, mode: 3, rs1_addr:  2, rs1_rdata: fbffdf28, rs2_addr: 10, rs2_rdata: 00000000, rd_addr:  8, rd_wdata: fbffdfb0, mem_addr: fbffdfb0, mem_rdata: 00000000, mem_wdata: 00000000
ClkCycle:       3729, pc_rdata: 0007439c, pc_wdata: 000743a0, insn: 02559593, mode: 3, rs1_addr: 11, rs1_rdata: 00000000, rs2_addr:  5, rs2_rdata: 11800000, rd_addr: 11, rd_wdata: 00000000, mem_addr: 00000000, mem_rdata: 00000000, mem_wdata: 11800000
ClkCycle:       3730, pc_rdata: 000743a0, pc_wdata: 000743a2, insn: e92a852e, mode: 3, rs1_addr:  0, rs1_rdata: 00000000, rs2_addr: 11, rs2_rdata: 00000000, rd_addr: 10, rd_wdata: 00000000, mem_addr: 00000000, mem_rdata: 00000000, mem_wdata: 00000000
ClkCycle:       3731, pc_rdata: 000743a2, pc_wdata: 000743a6, insn: e92a852e, mode: 3, rs1_addr:  0, rs1_rdata: 00000000, rs2_addr:  0, rs2_rdata: 00000000, rd_addr:  0, rd_wdata: 00000000, mem_addr: 00000000, mem_rdata: 00000000, mem_wdata: 00000000
0000000000000000
ClkCycle:       3732, pc_rdata: 000743a6, pc_wdata: 000743a8, insn: 02659593, mode: 3, rs1_addr:  2, rs1_rdata: fbffdf28, rs2_addr: 10, rs2_rdata: 00000000, rd_addr: 16, rd_wdata: fbffdfb8, mem_addr: fbffdfb8, mem_rdata: 00000000, mem_wdata: 00000000
ClkCycle:       3733, pc_rdata: 000743a8, pc_wdata: 000743ac, insn: 02659593, mode: 3, rs1_addr: 11, rs1_rdata: 00000000, rs2_addr:  6, rs2_rdata: ffe00000, rd_addr: 11, rd_wdata: 00000000, mem_addr: 00000000, mem_rdata: 00000000, mem_wdata: ffe00000
ClkCycle:       3734, pc_rdata: 000743ac, pc_wdata: 000743ae, insn: ed2a852e, mode: 3, rs1_addr:  0, rs1_rdata: 00000000, rs2_addr: 11, rs2_rdata: 00000000, rd_addr: 10, rd_wdata: 00000000, mem_addr: 00000000, mem_rdata: 00000000, mem_wdata: 00000000
ClkCycle:       3735, pc_rdata: 000743ae, pc_wdata: 000743b2, insn: ed2a852e, mode: 3, rs1_addr:  0, rs1_rdata: 00000000, rs2_addr:  0, rs2_rdata: 00000000, rd_addr:  0, rd_wdata: 00000000, mem_addr: 00000000, mem_rdata: 00000000, mem_wdata: 00000000
0000000000000000
ClkCycle:       3736, pc_rdata: 000743b2, pc_wdata: 000743b4, insn: 02759593, mode: 3, rs1_addr:  2, rs1_rdata: fbffdf28, rs2_addr: 10, rs2_rdata: 00000000, rd_addr: 24, rd_wdata: fbffdfc0, mem_addr: fbffdfc0, mem_rdata: 00000000, mem_wdata: 00000000
ClkCycle:       3737, pc_rdata: 000743b4, pc_wdata: 000743b8, insn: 02759593, mode: 3, rs1_addr: 11, rs1_rdata: 00000000, rs2_addr:  7, rs2_rdata: fc020000, rd_addr: 11, rd_wdata: 00000000, mem_addr: 00000000, mem_rdata: 00000000, mem_wdata: fc020000
ClkCycle:       3738, pc_rdata: 000743b8, pc_wdata: 000743ba, insn: f12a852e, mode: 3, rs1_addr:  0, rs1_rdata: 00000000, rs2_addr: 11, rs2_rdata: 00000000, rd_addr: 10, rd_wdata: 00000000, mem_addr: 00000000, mem_rdata: 00000000, mem_wdata: 00000000
ClkCycle:       3739, pc_rdata: 000743ba, pc_wdata: 000743be, insn: f12a852e, mode: 3, rs1_addr:  0, rs1_rdata: 00000000, rs2_addr:  0, rs2_rdata: 00000000, rd_addr:  0, rd_wdata: 00000000, mem_addr: 00000000, mem_rdata: 00000000, mem_wdata: 00000000
0000000000000000
ClkCycle:       3740, pc_rdata: 000743be, pc_wdata: 000743c0, insn: 02859593, mode: 3, rs1_addr:  2, rs1_rdata: fbffdf28, rs2_addr: 10, rs2_rdata: 00000000, rd_addr:  0, rd_wdata: fbffdfc8, mem_addr: fbffdfc8, mem_rdata: 00000000, mem_wdata: 00000000
ClkCycle:       3741, pc_rdata: 000743c0, pc_wdata: 000743c4, insn: 02859593, mode: 3, rs1_addr: 11, rs1_rdata: 00000000, rs2_addr:  8, rs2_rdata: fbffe010, rd_addr: 11, rd_wdata: 00000000, mem_addr: 00000000, mem_rdata: 00000000, mem_wdata: fbffe010
ClkCycle:       3742, pc_rdata: 000743c4, pc_wdata: 000743c6, insn: f52a852e, mode: 3, rs1_addr:  0, rs1_rdata: 00000000, rs2_addr: 11, rs2_rdata: 00000000, rd_addr: 10, rd_wdata: 00000000, mem_addr: 00000000, mem_rdata: 00000000, mem_wdata: 00000000
ClkCycle:       3743, pc_rdata: 000743c6, pc_wdata: 000743ca, insn: f52a852e, mode: 3, rs1_addr:  0, rs1_rdata: 00000000, rs2_addr:  0, rs2_rdata: 00000000, rd_addr:  0, rd_wdata: 00000000, mem_addr: 00000000, mem_rdata: 00000000, mem_wdata: 00000000
0000000000000000
ClkCycle:       3744, pc_rdata: 000743ca, pc_wdata: 000743cc, insn: 02959593, mode: 3, rs1_addr:  2, rs1_rdata: fbffdf28, rs2_addr: 10, rs2_rdata: 00000000, rd_addr:  8, rd_wdata: fbffdfd0, mem_addr: fbffdfd0, mem_rdata: 00000000, mem_wdata: 00000000
ClkCycle:       3745, pc_rdata: 000743cc, pc_wdata: 000743d0, insn: 02959593, mode: 3, rs1_addr: 11, rs1_rdata: 00000000, rs2_addr:  9, rs2_rdata: 003fffff, rd_addr: 11, rd_wdata: 00000000, mem_addr: 00000000, mem_rdata: 00000000, mem_wdata: 003fffff
ClkCycle:       3746, pc_rdata: 000743d0, pc_wdata: 000743d2, insn: f92a852e, mode: 3, rs1_addr:  0, rs1_rdata: 00000000, rs2_addr: 11, rs2_rdata: 00000000, rd_addr: 10, rd_wdata: 00000000, mem_addr: 00000000, mem_rdata: 00000000, mem_wdata: 00000000
ClkCycle:       3747, pc_rdata: 000743d2, pc_wdata: 000743d6, insn: f92a852e, mode: 3, rs1_addr:  0, rs1_rdata: 00000000, rs2_addr:  0, rs2_rdata: 00000000, rd_addr:  0, rd_wdata: 00000000, mem_addr: 00000000, mem_rdata: 00000000, mem_wdata: 00000000
0000000000000000
ClkCycle:       3748, pc_rdata: 000743d6, pc_wdata: 000743d8, insn: 02a59593, mode: 3, rs1_addr:  2, rs1_rdata: fbffdf28, rs2_addr: 10, rs2_rdata: 00000000, rd_addr: 16, rd_wdata: fbffdfd8, mem_addr: fbffdfd8, mem_rdata: 00000000, mem_wdata: 00000000
ClkCycle:       3749, pc_rdata: 000743d8, pc_wdata: 000743dc, insn: 02a59593, mode: 3, rs1_addr: 11, rs1_rdata: 00000000, rs2_addr: 10, rs2_rdata: 00000000, rd_addr: 11, rd_wdata: 00000000, mem_addr: 00000000, mem_rdata: 00000000, mem_wdata: 00000000
ClkCycle:       3750, pc_rdata: 000743dc, pc_wdata: 000743de, insn: fd2a852e, mode: 3, rs1_addr:  0, rs1_rdata: 00000000, rs2_addr: 11, rs2_rdata: 00000000, rd_addr: 10, rd_wdata: 00000000, mem_addr: 00000000, mem_rdata: 00000000, mem_wdata: 00000000
ClkCycle:       3751, pc_rdata: 000743de, pc_wdata: 000743e2, insn: fd2a852e, mode: 3, rs1_addr:  0, rs1_rdata: 00000000, rs2_addr:  0, rs2_rdata: 00000000, rd_addr:  0, rd_wdata: 00000000, mem_addr: 00000000, mem_rdata: 00000000, mem_wdata: 00000000
0000000000000000
ClkCycle:       3752, pc_rdata: 000743e2, pc_wdata: 000743e4, insn: 02b59593, mode: 3, rs1_addr:  2, rs1_rdata: fbffdf28, rs2_addr: 10, rs2_rdata: 00000000, rd_addr: 24, rd_wdata: fbffdfe0, mem_addr: fbffdfe0, mem_rdata: 00000000, mem_wdata: 00000000
ClkCycle:       3753, pc_rdata: 000743e4, pc_wdata: 000743e8, insn: 02b59593, mode: 3, rs1_addr: 11, rs1_rdata: 00000000, rs2_addr: 11, rs2_rdata: 00000000, rd_addr: 11, rd_wdata: 00000000, mem_addr: 00000000, mem_rdata: 00000000, mem_wdata: 00000000
ClkCycle:       3754, pc_rdata: 000743e8, pc_wdata: 000743ea, insn: e1aa852e, mode: 3, rs1_addr:  0, rs1_rdata: 00000000, rs2_addr: 11, rs2_rdata: 00000000, rd_addr: 10, rd_wdata: 00000000, mem_addr: 00000000, mem_rdata: 00000000, mem_wdata: 00000000
ClkCycle:       3755, pc_rdata: 000743ea, pc_wdata: 000743ee, insn: e1aa852e, mode: 3, rs1_addr:  0, rs1_rdata: 00000000, rs2_addr:  0, rs2_rdata: 00000000, rd_addr:  0, rd_wdata: 00000000, mem_addr: 00000000, mem_rdata: 00000000, mem_wdata: 00000000
0000000000000000
ClkCycle:       3756, pc_rdata: 000743ee, pc_wdata: 000743f0, insn: 02c59593, mode: 3, rs1_addr:  2, rs1_rdata: fbffdf28, rs2_addr: 10, rs2_rdata: 00000000, rd_addr:  0, rd_wdata: fbffdfe8, mem_addr: fbffdfe8, mem_rdata: 00000000, mem_wdata: 00000000
ClkCycle:       3757, pc_rdata: 000743f0, pc_wdata: 000743f4, insn: 02c59593, mode: 3, rs1_addr: 11, rs1_rdata: 00000000, rs2_addr: 12, rs2_rdata: fbffe000, rd_addr: 11, rd_wdata: 00000000, mem_addr: 00000000, mem_rdata: 00000000, mem_wdata: fbffe000
ClkCycle:       3758, pc_rdata: 000743f4, pc_wdata: 000743f6, insn: e5aa852e, mode: 3, rs1_addr:  0, rs1_rdata: 00000000, rs2_addr: 11, rs2_rdata: 00000000, rd_addr: 10, rd_wdata: 00000000, mem_addr: 00000000, mem_rdata: 00000000, mem_wdata: 00000000
ClkCycle:       3759, pc_rdata: 000743f6, pc_wdata: 000743fa, insn: e5aa852e, mode: 3, rs1_addr:  0, rs1_rdata: 00000000, rs2_addr:  0, rs2_rdata: 00000000, rd_addr:  0, rd_wdata: 00000000, mem_addr: 00000000, mem_rdata: 00000000, mem_wdata: 00000000
0000000000000000
ClkCycle:       3760, pc_rdata: 000743fa, pc_wdata: 000743fc, insn: 02d59593, mode: 3, rs1_addr:  2, rs1_rdata: fbffdf28, rs2_addr: 10, rs2_rdata: 00000000, rd_addr:  8, rd_wdata: fbffdff0, mem_addr: fbffdff0, mem_rdata: 00000000, mem_wdata: 00000000
ClkCycle:       3761, pc_rdata: 000743fc, pc_wdata: 00074400, insn: 02d59593, mode: 3, rs1_addr: 11, rs1_rdata: 00000000, rs2_addr: 13, rs2_rdata: 40000000, rd_addr: 11, rd_wdata: 00000000, mem_addr: 00000000, mem_rdata: 00000000, mem_wdata: 40000000
ClkCycle:       3762, pc_rdata: 00074400, pc_wdata: 00074402, insn: e9aa852e, mode: 3, rs1_addr:  0, rs1_rdata: 00000000, rs2_addr: 11, rs2_rdata: 00000000, rd_addr: 10, rd_wdata: 00000000, mem_addr: 00000000, mem_rdata: 00000000, mem_wdata: 00000000
ClkCycle:       3763, pc_rdata: 00074402, pc_wdata: 00074406, insn: e9aa852e, mode: 3, rs1_addr:  0, rs1_rdata: 00000000, rs2_addr:  0, rs2_rdata: 00000000, rd_addr:  0, rd_wdata: 00000000, mem_addr: 00000000, mem_rdata: 00000000, mem_wdata: 00000000
0000000000000000
ClkCycle:       3764, pc_rdata: 00074406, pc_wdata: 00074408, insn: 02e59593, mode: 3, rs1_addr:  2, rs1_rdata: fbffdf28, rs2_addr: 10, rs2_rdata: 00000000, rd_addr: 16, rd_wdata: fbffdff8, mem_addr: fbffdff8, mem_rdata: 00000000, mem_wdata: 00000000
ClkCycle:       3765, pc_rdata: 00074408, pc_wdata: 0007440c, insn: 02e59593, mode: 3, rs1_addr: 11, rs1_rdata: 00000000, rs2_addr: 14, rs2_rdata: 0000000f, rd_addr: 11, rd_wdata: 00000000, mem_addr: 00000000, mem_rdata: 00000000, mem_wdata: 0000000f
ClkCycle:       3766, pc_rdata: 0007440c, pc_wdata: 0007440e, insn: edaa852e, mode: 3, rs1_addr:  0, rs1_rdata: 00000000, rs2_addr: 11, rs2_rdata: 00000000, rd_addr: 10, rd_wdata: 00000000, mem_addr: 00000000, mem_rdata: 00000000, mem_wdata: 00000000
ClkCycle:       3767, pc_rdata: 0007440e, pc_wdata: 00074412, insn: edaa852e, mode: 3, rs1_addr:  0, rs1_rdata: 00000000, rs2_addr:  0, rs2_rdata: 00000000, rd_addr:  0, rd_wdata: 00000000, mem_addr: 00000000, mem_rdata: 00000000, mem_wdata: 00000000
0000000000000000
ClkCycle:       3768, pc_rdata: 00074412, pc_wdata: 00074414, insn: 02f59593, mode: 3, rs1_addr:  2, rs1_rdata: fbffdf28, rs2_addr: 10, rs2_rdata: 00000000, rd_addr: 24, rd_wdata: fbffe000, mem_addr: fbffe000, mem_rdata: 00000000, mem_wdata: 00000000
ClkCycle:       3769, pc_rdata: 00074414, pc_wdata: 00074418, insn: 02f59593, mode: 3, rs1_addr: 11, rs1_rdata: 00000000, rs2_addr: 15, rs2_rdata: 03c00000, rd_addr: 11, rd_wdata: 00000000, mem_addr: 00000000, mem_rdata: 00000000, mem_wdata: 03c00000
ClkCycle:       3770, pc_rdata: 00074418, pc_wdata: 0007441a, insn: f1aa852e, mode: 3, rs1_addr:  0, rs1_rdata: 00000000, rs2_addr: 11, rs2_rdata: 00000000, rd_addr: 10, rd_wdata: 00000000, mem_addr: 00000000, mem_rdata: 00000000, mem_wdata: 00000000
ClkCycle:       3771, pc_rdata: 0007441a, pc_wdata: 0007441e, insn: f1aa852e, mode: 3, rs1_addr:  0, rs1_rdata: 00000000, rs2_addr:  0, rs2_rdata: 00000000, rd_addr:  0, rd_wdata: 00000000, mem_addr: 00000000, mem_rdata: 00000000, mem_wdata: 00000000
0000000000000000
ClkCycle:       3772, pc_rdata: 0007441e, pc_wdata: 00074420, insn: 03059593, mode: 3, rs1_addr:  2, rs1_rdata: fbffdf28, rs2_addr: 10, rs2_rdata: 00000000, rd_addr:  0, rd_wdata: fbffe008, mem_addr: fbffe008, mem_rdata: 00000000, mem_wdata: 00000000
ClkCycle:       3773, pc_rdata: 00074420, pc_wdata: 00074424, insn: 03059593, mode: 3, rs1_addr: 11, rs1_rdata: 00000000, rs2_addr: 16, rs2_rdata: 00000000, rd_addr: 11, rd_wdata: 00000000, mem_addr: 00000000, mem_rdata: 00000000, mem_wdata: 00000000
ClkCycle:       3774, pc_rdata: 00074424, pc_wdata: 00074426, insn: f5aa852e, mode: 3, rs1_addr:  0, rs1_rdata: 00000000, rs2_addr: 11, rs2_rdata: 00000000, rd_addr: 10, rd_wdata: 00000000, mem_addr: 00000000, mem_rdata: 00000000, mem_wdata: 00000000
ClkCycle:       3775, pc_rdata: 00074426, pc_wdata: 0007442a, insn: f5aa852e, mode: 3, rs1_addr:  0, rs1_rdata: 00000000, rs2_addr:  0, rs2_rdata: 00000000, rd_addr:  0, rd_wdata: 00000000, mem_addr: 00000000, mem_rdata: 00000000, mem_wdata: 00000000
0000000000000000
ClkCycle:       3776, pc_rdata: 0007442a, pc_wdata: 0007442c, insn: 03159593, mode: 3, rs1_addr:  2, rs1_rdata: fbffdf28, rs2_addr: 10, rs2_rdata: 00000000, rd_addr:  8, rd_wdata: fbffe010, mem_addr: fbffe010, mem_rdata: 00000000, mem_wdata: 00000000
ClkCycle:       3777, pc_rdata: 0007442c, pc_wdata: 00074430, insn: 03159593, mode: 3, rs1_addr: 11, rs1_rdata: 00000000, rs2_addr: 17, rs2_rdata: 000000fe, rd_addr: 11, rd_wdata: 00000000, mem_addr: 00000000, mem_rdata: 00000000, mem_wdata: 000000fe
ClkCycle:       3778, pc_rdata: 00074430, pc_wdata: 00074432, insn: f9aa852e, mode: 3, rs1_addr:  0, rs1_rdata: 00000000, rs2_addr: 11, rs2_rdata: 00000000, rd_addr: 10, rd_wdata: 00000000, mem_addr: 00000000, mem_rdata: 00000000, mem_wdata: 00000000
ClkCycle:       3779, pc_rdata: 00074432, pc_wdata: 00074436, insn: f9aa852e, mode: 3, rs1_addr:  0, rs1_rdata: 00000000, rs2_addr:  0, rs2_rdata: 00000000, rd_addr:  0, rd_wdata: 00000000, mem_addr: 00000000, mem_rdata: 00000000, mem_wdata: 00000000
0000000000000000
ClkCycle:       3780, pc_rdata: 00074436, pc_wdata: 00074438, insn: 03259593, mode: 3, rs1_addr:  2, rs1_rdata: fbffdf28, rs2_addr: 10, rs2_rdata: 00000000, rd_addr: 16, rd_wdata: fbffe018, mem_addr: fbffe018, mem_rdata: 00000000, mem_wdata: 00000000
ClkCycle:       3781, pc_rdata: 00074438, pc_wdata: 0007443c, insn: 03259593, mode: 3, rs1_addr: 11, rs1_rdata: 00000000, rs2_addr: 18, rs2_rdata: 00000020, rd_addr: 11, rd_wdata: 00000000, mem_addr: 00000000, mem_rdata: 00000000, mem_wdata: 00000020
ClkCycle:       3782, pc_rdata: 0007443c, pc_wdata: 0007443e, insn: fdaa852e, mode: 3, rs1_addr:  0, rs1_rdata: 00000000, rs2_addr: 11, rs2_rdata: 00000000, rd_addr: 10, rd_wdata: 00000000, mem_addr: 00000000, mem_rdata: 00000000, mem_wdata: 00000000
ClkCycle:       3783, pc_rdata: 0007443e, pc_wdata: 00074442, insn: fdaa852e, mode: 3, rs1_addr:  0, rs1_rdata: 00000000, rs2_addr:  0, rs2_rdata: 00000000, rd_addr:  0, rd_wdata: 00000000, mem_addr: 00000000, mem_rdata: 00000000, mem_wdata: 00000000
0000000000000000
ClkCycle:       3784, pc_rdata: 00074442, pc_wdata: 00074444, insn: 03359593, mode: 3, rs1_addr:  2, rs1_rdata: fbffdf28, rs2_addr: 10, rs2_rdata: 00000000, rd_addr: 24, rd_wdata: fbffe020, mem_addr: fbffe020, mem_rdata: 00000000, mem_wdata: 00000000
ClkCycle:       3785, pc_rdata: 00074444, pc_wdata: 00074448, insn: 03359593, mode: 3, rs1_addr: 11, rs1_rdata: 00000000, rs2_addr: 19, rs2_rdata: 00000000, rd_addr: 11, rd_wdata: 00000000, mem_addr: 00000000, mem_rdata: 00000000, mem_wdata: 00000000
ClkCycle:       3786, pc_rdata: 00074448, pc_wdata: 0007444a, insn: e22a852e, mode: 3, rs1_addr:  0, rs1_rdata: 00000000, rs2_addr: 11, rs2_rdata: 00000000, rd_addr: 10, rd_wdata: 00000000, mem_addr: 00000000, mem_rdata: 00000000, mem_wdata: 00000000
ClkCycle:       3787, pc_rdata: 0007444a, pc_wdata: 0007444e, insn: e22a852e, mode: 3, rs1_addr:  0, rs1_rdata: 00000000, rs2_addr:  0, rs2_rdata: 00000000, rd_addr:  0, rd_wdata: 00000000, mem_addr: 00000000, mem_rdata: 00000000, mem_wdata: 00000000
0000000000000000
ClkCycle:       3788, pc_rdata: 0007444e, pc_wdata: 00074450, insn: 03459593, mode: 3, rs1_addr:  2, rs1_rdata: fbffdf28, rs2_addr: 10, rs2_rdata: 00000000, rd_addr:  4, rd_wdata: fbffdf2c, mem_addr: fbffdf2c, mem_rdata: 00000000, mem_wdata: 00000000
ClkCycle:       3789, pc_rdata: 00074450, pc_wdata: 00074454, insn: 03459593, mode: 3, rs1_addr: 11, rs1_rdata: 00000000, rs2_addr: 20, rs2_rdata: 00080000, rd_addr: 11, rd_wdata: 00000000, mem_addr: 00000000, mem_rdata: 00000000, mem_wdata: 00080000
ClkCycle:       3790, pc_rdata: 00074454, pc_wdata: 00074456, insn: e62a852e, mode: 3, rs1_addr:  0, rs1_rdata: 00000000, rs2_addr: 11, rs2_rdata: 00000000, rd_addr: 10, rd_wdata: 00000000, mem_addr: 00000000, mem_rdata: 00000000, mem_wdata: 00000000
ClkCycle:       3791, pc_rdata: 00074456, pc_wdata: 0007445a, insn: e62a852e, mode: 3, rs1_addr:  0, rs1_rdata: 00000000, rs2_addr:  0, rs2_rdata: 00000000, rd_addr:  0, rd_wdata: 00000000, mem_addr: 00000000, mem_rdata: 00000000, mem_wdata: 00000000
0000000000000000
ClkCycle:       3792, pc_rdata: 0007445a, pc_wdata: 0007445c, insn: 03559593, mode: 3, rs1_addr:  2, rs1_rdata: fbffdf28, rs2_addr: 10, rs2_rdata: 00000000, rd_addr: 12, rd_wdata: fbffdf34, mem_addr: fbffdf34, mem_rdata: 00000000, mem_wdata: 00000000
ClkCycle:       3793, pc_rdata: 0007445c, pc_wdata: 00074460, insn: 03559593, mode: 3, rs1_addr: 11, rs1_rdata: 00000000, rs2_addr: 21, rs2_rdata: eedbfbff, rd_addr: 11, rd_wdata: 00000000, mem_addr: 00000000, mem_rdata: 00000000, mem_wdata: eedbfbff
ClkCycle:       3794, pc_rdata: 00074460, pc_wdata: 00074462, insn: ea2a852e, mode: 3, rs1_addr:  0, rs1_rdata: 00000000, rs2_addr: 11, rs2_rdata: 00000000, rd_addr: 10, rd_wdata: 00000000, mem_addr: 00000000, mem_rdata: 00000000, mem_wdata: 00000000
ClkCycle:       3795, pc_rdata: 00074462, pc_wdata: 00074466, insn: ea2a852e, mode: 3, rs1_addr:  0, rs1_rdata: 00000000, rs2_addr:  0, rs2_rdata: 00000000, rd_addr:  0, rd_wdata: 00000000, mem_addr: 00000000, mem_rdata: 00000000, mem_wdata: 00000000
0000000000000000
ClkCycle:       3796, pc_rdata: 00074466, pc_wdata: 00074468, insn: 03659593, mode: 3, rs1_addr:  2, rs1_rdata: fbffdf28, rs2_addr: 10, rs2_rdata: 00000000, rd_addr: 20, rd_wdata: fbffdf3c, mem_addr: fbffdf3c, mem_rdata: 00000000, mem_wdata: 00000000
ClkCycle:       3797, pc_rdata: 00074468, pc_wdata: 0007446c, insn: 03659593, mode: 3, rs1_addr: 11, rs1_rdata: 00000000, rs2_addr: 22, rs2_rdata: 00000000, rd_addr: 11, rd_wdata: 00000000, mem_addr: 00000000, mem_rdata: 00000000, mem_wdata: 00000000
ClkCycle:       3798, pc_rdata: 0007446c, pc_wdata: 0007446e, insn: ee2a852e, mode: 3, rs1_addr:  0, rs1_rdata: 00000000, rs2_addr: 11, rs2_rdata: 00000000, rd_addr: 10, rd_wdata: 00000000, mem_addr: 00000000, mem_rdata: 00000000, mem_wdata: 00000000
ClkCycle:       3799, pc_rdata: 0007446e, pc_wdata: 00074472, insn: ee2a852e, mode: 3, rs1_addr:  0, rs1_rdata: 00000000, rs2_addr:  0, rs2_rdata: 00000000, rd_addr:  0, rd_wdata: 00000000, mem_addr: 00000000, mem_rdata: 00000000, mem_wdata: 00000000
0000000000000000
ClkCycle:       3800, pc_rdata: 00074472, pc_wdata: 00074474, insn: 03759593, mode: 3, rs1_addr:  2, rs1_rdata: fbffdf28, rs2_addr: 10, rs2_rdata: 00000000, rd_addr: 28, rd_wdata: fbffdf44, mem_addr: fbffdf44, mem_rdata: 00000000, mem_wdata: 00000000
ClkCycle:       3801, pc_rdata: 00074474, pc_wdata: 00074478, insn: 03759593, mode: 3, rs1_addr: 11, rs1_rdata: 00000000, rs2_addr: 23, rs2_rdata: 00000000, rd_addr: 11, rd_wdata: 00000000, mem_addr: 00000000, mem_rdata: 00000000, mem_wdata: 00000000
ClkCycle:       3802, pc_rdata: 00074478, pc_wdata: 0007447a, insn: f22a852e, mode: 3, rs1_addr:  0, rs1_rdata: 00000000, rs2_addr: 11, rs2_rdata: 00000000, rd_addr: 10, rd_wdata: 00000000, mem_addr: 00000000, mem_rdata: 00000000, mem_wdata: 00000000
ClkCycle:       3803, pc_rdata: 0007447a, pc_wdata: 0007447e, insn: f22a852e, mode: 3, rs1_addr:  0, rs1_rdata: 00000000, rs2_addr:  0, rs2_rdata: 00000000, rd_addr:  0, rd_wdata: 00000000, mem_addr: 00000000, mem_rdata: 00000000, mem_wdata: 00000000
0000000000000000
ClkCycle:       3804, pc_rdata: 0007447e, pc_wdata: 00074480, insn: 03859593, mode: 3, rs1_addr:  2, rs1_rdata: fbffdf28, rs2_addr: 10, rs2_rdata: 00000000, rd_addr:  4, rd_wdata: fbffdf4c, mem_addr: fbffdf4c, mem_rdata: 00000000, mem_wdata: 00000000
ClkCycle:       3805, pc_rdata: 00074480, pc_wdata: 00074484, insn: 03859593, mode: 3, rs1_addr: 11, rs1_rdata: 00000000, rs2_addr: 24, rs2_rdata: 00800000, rd_addr: 11, rd_wdata: 00000000, mem_addr: 00000000, mem_rdata: 00000000, mem_wdata: 00800000
ClkCycle:       3806, pc_rdata: 00074484, pc_wdata: 00074486, insn: f62a852e, mode: 3, rs1_addr:  0, rs1_rdata: 00000000, rs2_addr: 11, rs2_rdata: 00000000, rd_addr: 10, rd_wdata: 00000000, mem_addr: 00000000, mem_rdata: 00000000, mem_wdata: 00000000
ClkCycle:       3807, pc_rdata: 00074486, pc_wdata: 0007448a, insn: f62a852e, mode: 3, rs1_addr:  0, rs1_rdata: 00000000, rs2_addr:  0, rs2_rdata: 00000000, rd_addr:  0, rd_wdata: 00000000, mem_addr: 00000000, mem_rdata: 00000000, mem_wdata: 00000000
0000000000000000
ClkCycle:       3808, pc_rdata: 0007448a, pc_wdata: 0007448c, insn: 03959593, mode: 3, rs1_addr:  2, rs1_rdata: fbffdf28, rs2_addr: 10, rs2_rdata: 00000000, rd_addr: 12, rd_wdata: fbffdf54, mem_addr: fbffdf54, mem_rdata: 00000000, mem_wdata: 00000000
ClkCycle:       3809, pc_rdata: 0007448c, pc_wdata: 00074490, insn: 03959593, mode: 3, rs1_addr: 11, rs1_rdata: 00000000, rs2_addr: 25, rs2_rdata: 00080000, rd_addr: 11, rd_wdata: 00000000, mem_addr: 00000000, mem_rdata: 00000000, mem_wdata: 00080000
ClkCycle:       3810, pc_rdata: 00074490, pc_wdata: 00074492, insn: fa2a852e, mode: 3, rs1_addr:  0, rs1_rdata: 00000000, rs2_addr: 11, rs2_rdata: 00000000, rd_addr: 10, rd_wdata: 00000000, mem_addr: 00000000, mem_rdata: 00000000, mem_wdata: 00000000
ClkCycle:       3811, pc_rdata: 00074492, pc_wdata: 00074496, insn: fa2a852e, mode: 3, rs1_addr:  0, rs1_rdata: 00000000, rs2_addr:  0, rs2_rdata: 00000000, rd_addr:  0, rd_wdata: 00000000, mem_addr: 00000000, mem_rdata: 00000000, mem_wdata: 00000000
0000000000000000
ClkCycle:       3812, pc_rdata: 00074496, pc_wdata: 00074498, insn: 03a59593, mode: 3, rs1_addr:  2, rs1_rdata: fbffdf28, rs2_addr: 10, rs2_rdata: 00000000, rd_addr: 20, rd_wdata: fbffdf5c, mem_addr: fbffdf5c, mem_rdata: 00000000, mem_wdata: 00000000
ClkCycle:       3813, pc_rdata: 00074498, pc_wdata: 0007449c, insn: 03a59593, mode: 3, rs1_addr: 11, rs1_rdata: 00000000, rs2_addr: 26, rs2_rdata: 03c00000, rd_addr: 11, rd_wdata: 00000000, mem_addr: 00000000, mem_rdata: 00000000, mem_wdata: 03c00000
ClkCycle:       3814, pc_rdata: 0007449c, pc_wdata: 0007449e, insn: fe2a852e, mode: 3, rs1_addr:  0, rs1_rdata: 00000000, rs2_addr: 11, rs2_rdata: 00000000, rd_addr: 10, rd_wdata: 00000000, mem_addr: 00000000, mem_rdata: 00000000, mem_wdata: 00000000
ClkCycle:       3815, pc_rdata: 0007449e, pc_wdata: 000744a2, insn: fe2a852e, mode: 3, rs1_addr:  0, rs1_rdata: 00000000, rs2_addr:  0, rs2_rdata: 00000000, rd_addr:  0, rd_wdata: 00000000, mem_addr: 00000000, mem_rdata: 00000000, mem_wdata: 00000000
0000000000000000
ClkCycle:       3816, pc_rdata: 000744a2, pc_wdata: 000744a4, insn: 03b59593, mode: 3, rs1_addr:  2, rs1_rdata: fbffdf28, rs2_addr: 10, rs2_rdata: 00000000, rd_addr: 28, rd_wdata: fbffdf64, mem_addr: fbffdf64, mem_rdata: 00000000, mem_wdata: 00000000
ClkCycle:       3817, pc_rdata: 000744a4, pc_wdata: 000744a8, insn: 03b59593, mode: 3, rs1_addr: 11, rs1_rdata: 00000000, rs2_addr: 27, rs2_rdata: 40000000, rd_addr: 11, rd_wdata: 00000000, mem_addr: 00000000, mem_rdata: 00000000, mem_wdata: 40000000
ClkCycle:       3818, pc_rdata: 000744a8, pc_wdata: 000744aa, insn: e2aa852e, mode: 3, rs1_addr:  0, rs1_rdata: 00000000, rs2_addr: 11, rs2_rdata: 00000000, rd_addr: 10, rd_wdata: 00000000, mem_addr: 00000000, mem_rdata: 00000000, mem_wdata: 00000000
ClkCycle:       3819, pc_rdata: 000744aa, pc_wdata: 000744ae, insn: e2aa852e, mode: 3, rs1_addr:  0, rs1_rdata: 00000000, rs2_addr:  0, rs2_rdata: 00000000, rd_addr:  0, rd_wdata: 00000000, mem_addr: 00000000, mem_rdata: 00000000, mem_wdata: 00000000
0000000000000000
ClkCycle:       3820, pc_rdata: 000744ae, pc_wdata: 000744b0, insn: 03c59593, mode: 3, rs1_addr:  2, rs1_rdata: fbffdf28, rs2_addr: 10, rs2_rdata: 00000000, rd_addr:  4, rd_wdata: fbffdf6c, mem_addr: fbffdf6c, mem_rdata: 00000000, mem_wdata: 00000000
ClkCycle:       3821, pc_rdata: 000744b0, pc_wdata: 000744b4, insn: 03c59593, mode: 3, rs1_addr: 11, rs1_rdata: 00000000, rs2_addr: 28, rs2_rdata: 00000000, rd_addr: 11, rd_wdata: 00000000, mem_addr: 00000000, mem_rdata: 00000000, mem_wdata: 00000000
ClkCycle:       3822, pc_rdata: 000744b4, pc_wdata: 000744b6, insn: e6aa852e, mode: 3, rs1_addr:  0, rs1_rdata: 00000000, rs2_addr: 11, rs2_rdata: 00000000, rd_addr: 10, rd_wdata: 00000000, mem_addr: 00000000, mem_rdata: 00000000, mem_wdata: 00000000
ClkCycle:       3823, pc_rdata: 000744b6, pc_wdata: 000744ba, insn: e6aa852e, mode: 3, rs1_addr:  0, rs1_rdata: 00000000, rs2_addr:  0, rs2_rdata: 00000000, rd_addr:  0, rd_wdata: 00000000, mem_addr: 00000000, mem_rdata: 00000000, mem_wdata: 00000000
0000000000000000
ClkCycle:       3824, pc_rdata: 000744ba, pc_wdata: 000744bc, insn: 03d59593, mode: 3, rs1_addr:  2, rs1_rdata: fbffdf28, rs2_addr: 10, rs2_rdata: 00000000, rd_addr: 12, rd_wdata: fbffdf74, mem_addr: fbffdf74, mem_rdata: 00000000, mem_wdata: 00000000
ClkCycle:       3825, pc_rdata: 000744bc, pc_wdata: 000744c0, insn: 03d59593, mode: 3, rs1_addr: 11, rs1_rdata: 00000000, rs2_addr: 29, rs2_rdata: 00000000, rd_addr: 11, rd_wdata: 00000000, mem_addr: 00000000, mem_rdata: 00000000, mem_wdata: 00000000
ClkCycle:       3826, pc_rdata: 000744c0, pc_wdata: 000744c2, insn: eaaa852e, mode: 3, rs1_addr:  0, rs1_rdata: 00000000, rs2_addr: 11, rs2_rdata: 00000000, rd_addr: 10, rd_wdata: 00000000, mem_addr: 00000000, mem_rdata: 00000000, mem_wdata: 00000000
ClkCycle:       3827, pc_rdata: 000744c2, pc_wdata: 000744c6, insn: eaaa852e, mode: 3, rs1_addr:  0, rs1_rdata: 00000000, rs2_addr:  0, rs2_rdata: 00000000, rd_addr:  0, rd_wdata: 00000000, mem_addr: 00000000, mem_rdata: 00000000, mem_wdata: 00000000
0000000000000000
ClkCycle:       3828, pc_rdata: 000744c6, pc_wdata: 000744c8, insn: 03e59593, mode: 3, rs1_addr:  2, rs1_rdata: fbffdf28, rs2_addr: 10, rs2_rdata: 00000000, rd_addr: 20, rd_wdata: fbffdf7c, mem_addr: fbffdf7c, mem_rdata: 00000000, mem_wdata: 00000000
ClkCycle:       3829, pc_rdata: 000744c8, pc_wdata: 000744cc, insn: 03e59593, mode: 3, rs1_addr: 11, rs1_rdata: 00000000, rs2_addr: 30, rs2_rdata: 00000000, rd_addr: 11, rd_wdata: 00000000, mem_addr: 00000000, mem_rdata: 00000000, mem_wdata: 00000000
ClkCycle:       3830, pc_rdata: 000744cc, pc_wdata: 000744ce, insn: eeaa852e, mode: 3, rs1_addr:  0, rs1_rdata: 00000000, rs2_addr: 11, rs2_rdata: 00000000, rd_addr: 10, rd_wdata: 00000000, mem_addr: 00000000, mem_rdata: 00000000, mem_wdata: 00000000
ClkCycle:       3831, pc_rdata: 000744ce, pc_wdata: 000744d2, insn: eeaa852e, mode: 3, rs1_addr:  0, rs1_rdata: 00000000, rs2_addr:  0, rs2_rdata: 00000000, rd_addr:  0, rd_wdata: 00000000, mem_addr: 00000000, mem_rdata: 00000000, mem_wdata: 00000000
0000000000000000
ClkCycle:       3832, pc_rdata: 000744d2, pc_wdata: 000744d4, insn: f2aa852e, mode: 3, rs1_addr:  2, rs1_rdata: fbffdf28, rs2_addr: 10, rs2_rdata: 00000000, rd_addr: 28, rd_wdata: fbffdf84, mem_addr: fbffdf84, mem_rdata: 00000000, mem_wdata: 00000000
ClkCycle:       3833, pc_rdata: 000744d4, pc_wdata: 000744d6, insn: f2aa852e, mode: 3, rs1_addr:  0, rs1_rdata: 00000000, rs2_addr: 11, rs2_rdata: 00000000, rd_addr: 10, rd_wdata: 00000000, mem_addr: 00000000, mem_rdata: 00000000, mem_wdata: 00000000
ClkCycle:       3834, pc_rdata: 000744d6, pc_wdata: 000744da, insn: f2aa852e, mode: 3, rs1_addr:  0, rs1_rdata: 00000000, rs2_addr:  0, rs2_rdata: 00000000, rd_addr:  0, rd_wdata: 00000000, mem_addr: 00000000, mem_rdata: 00000000, mem_wdata: 00000000
0000000000000000
ClkCycle:       3835, pc_rdata: 000744da, pc_wdata: 000744dc, insn: f6aa852e, mode: 3, rs1_addr:  2, rs1_rdata: fbffdf28, rs2_addr: 10, rs2_rdata: 00000000, rd_addr:  4, rd_wdata: fbffdf8c, mem_addr: fbffdf8c, mem_rdata: 00000000, mem_wdata: 00000000
ClkCycle:       3836, pc_rdata: 000744dc, pc_wdata: 000744de, insn: f6aa852e, mode: 3, rs1_addr:  0, rs1_rdata: 00000000, rs2_addr: 11, rs2_rdata: 00000000, rd_addr: 10, rd_wdata: 00000000, mem_addr: 00000000, mem_rdata: 00000000, mem_wdata: 00000000
ClkCycle:       3837, pc_rdata: 000744de, pc_wdata: 000744e2, insn: f6aa852e, mode: 3, rs1_addr:  0, rs1_rdata: 00000000, rs2_addr:  0, rs2_rdata: 00000000, rd_addr:  0, rd_wdata: 00000000, mem_addr: 00000000, mem_rdata: 00000000, mem_wdata: 00000000
0000000000000000
ClkCycle:       3838, pc_rdata: 000744e2, pc_wdata: 000744e4, insn: faaa852e, mode: 3, rs1_addr:  2, rs1_rdata: fbffdf28, rs2_addr: 10, rs2_rdata: 00000000, rd_addr: 12, rd_wdata: fbffdf94, mem_addr: fbffdf94, mem_rdata: 00000000, mem_wdata: 00000000
ClkCycle:       3839, pc_rdata: 000744e4, pc_wdata: 000744e6, insn: faaa852e, mode: 3, rs1_addr:  0, rs1_rdata: 00000000, rs2_addr: 11, rs2_rdata: 00000000, rd_addr: 10, rd_wdata: 00000000, mem_addr: 00000000, mem_rdata: 00000000, mem_wdata: 00000000
ClkCycle:       3840, pc_rdata: 000744e6, pc_wdata: 000744ea, insn: faaa852e, mode: 3, rs1_addr:  0, rs1_rdata: 00000000, rs2_addr:  0, rs2_rdata: 00000000, rd_addr:  0, rd_wdata: 00000000, mem_addr: 00000000, mem_rdata: 00000000, mem_wdata: 00000000
0000000000000000
ClkCycle:       3841, pc_rdata: 000744ea, pc_wdata: 000744ec, insn: feaa852e, mode: 3, rs1_addr:  2, rs1_rdata: fbffdf28, rs2_addr: 10, rs2_rdata: 00000000, rd_addr: 20, rd_wdata: fbffdf9c, mem_addr: fbffdf9c, mem_rdata: 00000000, mem_wdata: 00000000
ClkCycle:       3842, pc_rdata: 000744ec, pc_wdata: 000744ee, insn: feaa852e, mode: 3, rs1_addr:  0, rs1_rdata: 00000000, rs2_addr: 11, rs2_rdata: 00000000, rd_addr: 10, rd_wdata: 00000000, mem_addr: 00000000, mem_rdata: 00000000, mem_wdata: 00000000
ClkCycle:       3843, pc_rdata: 000744ee, pc_wdata: 000744f2, insn: feaa852e, mode: 3, rs1_addr:  0, rs1_rdata: 00000000, rs2_addr:  0, rs2_rdata: 00000000, rd_addr:  0, rd_wdata: 00000000, mem_addr: 00000000, mem_rdata: 00000000, mem_wdata: 00000000
0000000000000000
ClkCycle:       3844, pc_rdata: 000744f2, pc_wdata: 000744f4, insn: e32a852e, mode: 3, rs1_addr:  2, rs1_rdata: fbffdf28, rs2_addr: 10, rs2_rdata: 00000000, rd_addr: 28, rd_wdata: fbffdfa4, mem_addr: fbffdfa4, mem_rdata: 00000000, mem_wdata: 00000000
ClkCycle:       3845, pc_rdata: 000744f4, pc_wdata: 000744f6, insn: e32a852e, mode: 3, rs1_addr:  0, rs1_rdata: 00000000, rs2_addr: 11, rs2_rdata: 00000000, rd_addr: 10, rd_wdata: 00000000, mem_addr: 00000000, mem_rdata: 00000000, mem_wdata: 00000000
ClkCycle:       3846, pc_rdata: 000744f6, pc_wdata: 000744fa, insn: e32a852e, mode: 3, rs1_addr:  0, rs1_rdata: 00000000, rs2_addr:  0, rs2_rdata: 00000000, rd_addr:  0, rd_wdata: 00000000, mem_addr: 00000000, mem_rdata: 00000000, mem_wdata: 00000000
0000000000000000
ClkCycle:       3847, pc_rdata: 000744fa, pc_wdata: 000744fc, insn: e72a852e, mode: 3, rs1_addr:  2, rs1_rdata: fbffdf28, rs2_addr: 10, rs2_rdata: 00000000, rd_addr:  4, rd_wdata: fbffdfac, mem_addr: fbffdfac, mem_rdata: 00000000, mem_wdata: 00000000
ClkCycle:       3848, pc_rdata: 000744fc, pc_wdata: 000744fe, insn: e72a852e, mode: 3, rs1_addr:  0, rs1_rdata: 00000000, rs2_addr: 11, rs2_rdata: 00000000, rd_addr: 10, rd_wdata: 00000000, mem_addr: 00000000, mem_rdata: 00000000, mem_wdata: 00000000
ClkCycle:       3849, pc_rdata: 000744fe, pc_wdata: 00074502, insn: e72a852e, mode: 3, rs1_addr:  0, rs1_rdata: 00000000, rs2_addr:  0, rs2_rdata: 00000000, rd_addr:  0, rd_wdata: 00000000, mem_addr: 00000000, mem_rdata: 00000000, mem_wdata: 00000000
0000000000000000
ClkCycle:       3850, pc_rdata: 00074502, pc_wdata: 00074504, insn: eb2a852e, mode: 3, rs1_addr:  2, rs1_rdata: fbffdf28, rs2_addr: 10, rs2_rdata: 00000000, rd_addr: 12, rd_wdata: fbffdfb4, mem_addr: fbffdfb4, mem_rdata: 00000000, mem_wdata: 00000000
ClkCycle:       3851, pc_rdata: 00074504, pc_wdata: 00074506, insn: eb2a852e, mode: 3, rs1_addr:  0, rs1_rdata: 00000000, rs2_addr: 11, rs2_rdata: 00000000, rd_addr: 10, rd_wdata: 00000000, mem_addr: 00000000, mem_rdata: 00000000, mem_wdata: 00000000
ClkCycle:       3852, pc_rdata: 00074506, pc_wdata: 0007450a, insn: eb2a852e, mode: 3, rs1_addr:  0, rs1_rdata: 00000000, rs2_addr:  0, rs2_rdata: 00000000, rd_addr:  0, rd_wdata: 00000000, mem_addr: 00000000, mem_rdata: 00000000, mem_wdata: 00000000
0000000000000000
ClkCycle:       3853, pc_rdata: 0007450a, pc_wdata: 0007450c, insn: ef2a852e, mode: 3, rs1_addr:  2, rs1_rdata: fbffdf28, rs2_addr: 10, rs2_rdata: 00000000, rd_addr: 20, rd_wdata: fbffdfbc, mem_addr: fbffdfbc, mem_rdata: 00000000, mem_wdata: 00000000
ClkCycle:       3854, pc_rdata: 0007450c, pc_wdata: 0007450e, insn: ef2a852e, mode: 3, rs1_addr:  0, rs1_rdata: 00000000, rs2_addr: 11, rs2_rdata: 00000000, rd_addr: 10, rd_wdata: 00000000, mem_addr: 00000000, mem_rdata: 00000000, mem_wdata: 00000000
ClkCycle:       3855, pc_rdata: 0007450e, pc_wdata: 00074512, insn: ef2a852e, mode: 3, rs1_addr:  0, rs1_rdata: 00000000, rs2_addr:  0, rs2_rdata: 00000000, rd_addr:  0, rd_wdata: 00000000, mem_addr: 00000000, mem_rdata: 00000000, mem_wdata: 00000000
0000000000000000
ClkCycle:       3856, pc_rdata: 00074512, pc_wdata: 00074514, insn: f32a852e, mode: 3, rs1_addr:  2, rs1_rdata: fbffdf28, rs2_addr: 10, rs2_rdata: 00000000, rd_addr: 28, rd_wdata: fbffdfc4, mem_addr: fbffdfc4, mem_rdata: 00000000, mem_wdata: 00000000
ClkCycle:       3857, pc_rdata: 00074514, pc_wdata: 00074516, insn: f32a852e, mode: 3, rs1_addr:  0, rs1_rdata: 00000000, rs2_addr: 11, rs2_rdata: 00000000, rd_addr: 10, rd_wdata: 00000000, mem_addr: 00000000, mem_rdata: 00000000, mem_wdata: 00000000
ClkCycle:       3858, pc_rdata: 00074516, pc_wdata: 0007451a, insn: f32a852e, mode: 3, rs1_addr:  0, rs1_rdata: 00000000, rs2_addr:  0, rs2_rdata: 00000000, rd_addr:  0, rd_wdata: 00000000, mem_addr: 00000000, mem_rdata: 00000000, mem_wdata: 00000000
0000000000000000
ClkCycle:       3859, pc_rdata: 0007451a, pc_wdata: 0007451c, insn: f72a852e, mode: 3, rs1_addr:  2, rs1_rdata: fbffdf28, rs2_addr: 10, rs2_rdata: 00000000, rd_addr:  4, rd_wdata: fbffdfcc, mem_addr: fbffdfcc, mem_rdata: 00000000, mem_wdata: 00000000
ClkCycle:       3860, pc_rdata: 0007451c, pc_wdata: 0007451e, insn: f72a852e, mode: 3, rs1_addr:  0, rs1_rdata: 00000000, rs2_addr: 11, rs2_rdata: 00000000, rd_addr: 10, rd_wdata: 00000000, mem_addr: 00000000, mem_rdata: 00000000, mem_wdata: 00000000
ClkCycle:       3861, pc_rdata: 0007451e, pc_wdata: 00074522, insn: f72a852e, mode: 3, rs1_addr:  0, rs1_rdata: 00000000, rs2_addr:  0, rs2_rdata: 00000000, rd_addr:  0, rd_wdata: 00000000, mem_addr: 00000000, mem_rdata: 00000000, mem_wdata: 00000000
0000000000000000
ClkCycle:       3862, pc_rdata: 00074522, pc_wdata: 00074524, insn: fb2a852e, mode: 3, rs1_addr:  2, rs1_rdata: fbffdf28, rs2_addr: 10, rs2_rdata: 00000000, rd_addr: 12, rd_wdata: fbffdfd4, mem_addr: fbffdfd4, mem_rdata: 00000000, mem_wdata: 00000000
ClkCycle:       3863, pc_rdata: 00074524, pc_wdata: 00074526, insn: fb2a852e, mode: 3, rs1_addr:  0, rs1_rdata: 00000000, rs2_addr: 11, rs2_rdata: 00000000, rd_addr: 10, rd_wdata: 00000000, mem_addr: 00000000, mem_rdata: 00000000, mem_wdata: 00000000
ClkCycle:       3864, pc_rdata: 00074526, pc_wdata: 0007452a, insn: fb2a852e, mode: 3, rs1_addr:  0, rs1_rdata: 00000000, rs2_addr:  0, rs2_rdata: 00000000, rd_addr:  0, rd_wdata: 00000000, mem_addr: 00000000, mem_rdata: 00000000, mem_wdata: 00000000
0000000000000000
ClkCycle:       3865, pc_rdata: 0007452a, pc_wdata: 0007452c, insn: 00b59593, mode: 3, rs1_addr:  2, rs1_rdata: fbffdf28, rs2_addr: 10, rs2_rdata: 00000000, rd_addr: 20, rd_wdata: fbffdfdc, mem_addr: fbffdfdc, mem_rdata: 00000000, mem_wdata: 00000000
ClkCycle:       3866, pc_rdata: 0007452c, pc_wdata: 00074530, insn: 00b59593, mode: 3, rs1_addr: 11, rs1_rdata: 00000000, rs2_addr: 11, rs2_rdata: 00000000, rd_addr: 11, rd_wdata: 00000000, mem_addr: 00000000, mem_rdata: 00000000, mem_wdata: 00000000
ClkCycle:       3867, pc_rdata: 00074530, pc_wdata: 00074534, insn: fff5c593, mode: 3, rs1_addr: 11, rs1_rdata: 00000000, rs2_addr: 31, rs2_rdata: 00000000, rd_addr: 11, rd_wdata: ffffffff, mem_addr: ffffffff, mem_rdata: 00000000, mem_wdata: 00000000
ClkCycle:       3868, pc_rdata: 00074534, pc_wdata: 00074536, insn: ff2a852e, mode: 3, rs1_addr:  0, rs1_rdata: 00000000, rs2_addr: 11, rs2_rdata: 00000000, rd_addr: 10, rd_wdata: ffffffff, mem_addr: ffffffff, mem_rdata: 00000000, mem_wdata: ffffffff
ClkCycle:       3869, pc_rdata: 00074536, pc_wdata: 0007453a, insn: ff2a852e, mode: 3, rs1_addr:  0, rs1_rdata: 00000000, rs2_addr:  0, rs2_rdata: 00000000, rd_addr:  0, rd_wdata: 00000000, mem_addr: 00000000, mem_rdata: 00000000, mem_wdata: 00000000
00000000ffffffff
ClkCycle:       3870, pc_rdata: 0007453a, pc_wdata: 0007453c, insn: 00c59593, mode: 3, rs1_addr:  2, rs1_rdata: fbffdf28, rs2_addr: 10, rs2_rdata: 00000000, rd_addr: 28, rd_wdata: fbffdfe4, mem_addr: fbffdfe4, mem_rdata: 00000000, mem_wdata: ffffffff
ClkCycle:       3871, pc_rdata: 0007453c, pc_wdata: 00074540, insn: 00c59593, mode: 3, rs1_addr: 11, rs1_rdata: ffffffff, rs2_addr: 12, rs2_rdata: fbffe000, rd_addr: 11, rd_wdata: fffff000, mem_addr: fffff000, mem_rdata: 00000000, mem_wdata: fbffe000
ClkCycle:       3872, pc_rdata: 00074540, pc_wdata: 00074544, insn: fff5c593, mode: 3, rs1_addr: 11, rs1_rdata: ffffffff, rs2_addr: 31, rs2_rdata: 00000000, rd_addr: 11, rd_wdata: 00000fff, mem_addr: 00000fff, mem_rdata: 00000000, mem_wdata: 00000000
ClkCycle:       3873, pc_rdata: 00074544, pc_wdata: 00074546, insn: e3aa852e, mode: 3, rs1_addr:  0, rs1_rdata: 00000000, rs2_addr: 11, rs2_rdata: ffffffff, rd_addr: 10, rd_wdata: 00000fff, mem_addr: 00000fff, mem_rdata: 00000000, mem_wdata: 00000fff
ClkCycle:       3874, pc_rdata: 00074546, pc_wdata: 0007454a, insn: e3aa852e, mode: 3, rs1_addr:  0, rs1_rdata: 00000000, rs2_addr:  0, rs2_rdata: 00000000, rd_addr:  0, rd_wdata: 00000000, mem_addr: 00000000, mem_rdata: 00000000, mem_wdata: 00000000
00000fff00000fff
ClkCycle:       3875, pc_rdata: 0007454a, pc_wdata: 0007454c, insn: 00d59593, mode: 3, rs1_addr:  2, rs1_rdata: fbffdf28, rs2_addr: 10, rs2_rdata: ffffffff, rd_addr:  4, rd_wdata: fbffdfec, mem_addr: fbffdfec, mem_rdata: 00000000, mem_wdata: 00000fff
ClkCycle:       3876, pc_rdata: 0007454c, pc_wdata: 00074550, insn: 00d59593, mode: 3, rs1_addr: 11, rs1_rdata: 00000fff, rs2_addr: 13, rs2_rdata: 40000000, rd_addr: 11, rd_wdata: 01ffe000, mem_addr: 01ffe000, mem_rdata: 00000000, mem_wdata: 40000000
ClkCycle:       3877, pc_rdata: 00074550, pc_wdata: 00074554, insn: fff5c593, mode: 3, rs1_addr: 11, rs1_rdata: 00000fff, rs2_addr: 31, rs2_rdata: 00000000, rd_addr: 11, rd_wdata: fe001fff, mem_addr: fe001fff, mem_rdata: 00000000, mem_wdata: 00000000
ClkCycle:       3878, pc_rdata: 00074554, pc_wdata: 00074556, insn: e7aa852e, mode: 3, rs1_addr:  0, rs1_rdata: 00000000, rs2_addr: 11, rs2_rdata: 00000fff, rd_addr: 10, rd_wdata: fe001fff, mem_addr: fe001fff, mem_rdata: 00000000, mem_wdata: fe001fff
ClkCycle:       3879, pc_rdata: 00074556, pc_wdata: 0007455a, insn: e7aa852e, mode: 3, rs1_addr:  0, rs1_rdata: 00000000, rs2_addr:  0, rs2_rdata: 00000000, rd_addr:  0, rd_wdata: 00000000, mem_addr: 00000000, mem_rdata: 00000000, mem_wdata: 00000000
01ffe000fe001fff
ClkCycle:       3880, pc_rdata: 0007455a, pc_wdata: 0007455c, insn: 00e59593, mode: 3, rs1_addr:  2, rs1_rdata: fbffdf28, rs2_addr: 10, rs2_rdata: 00000fff, rd_addr: 12, rd_wdata: fbffdff4, mem_addr: fbffdff4, mem_rdata: 00000000, mem_wdata: fe001fff
ClkCycle:       3881, pc_rdata: 0007455c, pc_wdata: 00074560, insn: 00e59593, mode: 3, rs1_addr: 11, rs1_rdata: fe001fff, rs2_addr: 14, rs2_rdata: 0000000f, rd_addr: 11, rd_wdata: 07ffc000, mem_addr: 07ffc000, mem_rdata: 00000000, mem_wdata: 0000000f
ClkCycle:       3882, pc_rdata: 00074560, pc_wdata: 00074564, insn: fff5c593, mode: 3, rs1_addr: 11, rs1_rdata: fe001fff, rs2_addr: 31, rs2_rdata: 00000000, rd_addr: 11, rd_wdata: f8003fff, mem_addr: f8003fff, mem_rdata: 00000000, mem_wdata: 00000000
ClkCycle:       3883, pc_rdata: 00074564, pc_wdata: 00074566, insn: ebaa852e, mode: 3, rs1_addr:  0, rs1_rdata: 00000000, rs2_addr: 11, rs2_rdata: fe001fff, rd_addr: 10, rd_wdata: f8003fff, mem_addr: f8003fff, mem_rdata: 00000000, mem_wdata: f8003fff
ClkCycle:       3884, pc_rdata: 00074566, pc_wdata: 0007456a, insn: ebaa852e, mode: 3, rs1_addr:  0, rs1_rdata: 00000000, rs2_addr:  0, rs2_rdata: 00000000, rd_addr:  0, rd_wdata: 00000000, mem_addr: 00000000, mem_rdata: 00000000, mem_wdata: 00000000
f8003f80f8003fff
ClkCycle:       3885, pc_rdata: 0007456a, pc_wdata: 0007456c, insn: 00f59593, mode: 3, rs1_addr:  2, rs1_rdata: fbffdf28, rs2_addr: 10, rs2_rdata: fe001fff, rd_addr: 20, rd_wdata: fbffdffc, mem_addr: fbffdffc, mem_rdata: 00000000, mem_wdata: f8003fff
ClkCycle:       3886, pc_rdata: 0007456c, pc_wdata: 00074570, insn: 00f59593, mode: 3, rs1_addr: 11, rs1_rdata: f8003fff, rs2_addr: 15, rs2_rdata: 03c00000, rd_addr: 11, rd_wdata: 1fff8000, mem_addr: 1fff8000, mem_rdata: 00000000, mem_wdata: 03c00000
ClkCycle:       3887, pc_rdata: 00074570, pc_wdata: 00074574, insn: fff5c593, mode: 3, rs1_addr: 11, rs1_rdata: f8003fff, rs2_addr: 31, rs2_rdata: 00000000, rd_addr: 11, rd_wdata: e0007fff, mem_addr: e0007fff, mem_rdata: 00000000, mem_wdata: 00000000
ClkCycle:       3888, pc_rdata: 00074574, pc_wdata: 00074576, insn: efaa852e, mode: 3, rs1_addr:  0, rs1_rdata: 00000000, rs2_addr: 11, rs2_rdata: f8003fff, rd_addr: 10, rd_wdata: e0007fff, mem_addr: e0007fff, mem_rdata: 00000000, mem_wdata: e0007fff
ClkCycle:       3889, pc_rdata: 00074576, pc_wdata: 0007457a, insn: efaa852e, mode: 3, rs1_addr:  0, rs1_rdata: 00000000, rs2_addr:  0, rs2_rdata: 00000000, rd_addr:  0, rd_wdata: 00000000, mem_addr: 00000000, mem_rdata: 00000000, mem_wdata: 00000000
1fc07c00e0007fff
ClkCycle:       3890, pc_rdata: 0007457a, pc_wdata: 0007457c, insn: 01059593, mode: 3, rs1_addr:  2, rs1_rdata: fbffdf28, rs2_addr: 10, rs2_rdata: f8003fff, rd_addr: 28, rd_wdata: fbffe004, mem_addr: fbffe004, mem_rdata: 00000000, mem_wdata: e0007fff
ClkCycle:       3891, pc_rdata: 0007457c, pc_wdata: 00074580, insn: 01059593, mode: 3, rs1_addr: 11, rs1_rdata: e0007fff, rs2_addr: 16, rs2_rdata: 00000000, rd_addr: 11, rd_wdata: 7fff0000, mem_addr: 7fff0000, mem_rdata: 00000000, mem_wdata: 00000000
ClkCycle:       3892, pc_rdata: 00074580, pc_wdata: 00074584, insn: fff5c593, mode: 3, rs1_addr: 11, rs1_rdata: e0007fff, rs2_addr: 31, rs2_rdata: 00000000, rd_addr: 11, rd_wdata: 8000ffff, mem_addr: 8000ffff, mem_rdata: 00000000, mem_wdata: 00000000
ClkCycle:       3893, pc_rdata: 00074584, pc_wdata: 00074586, insn: f3aa852e, mode: 3, rs1_addr:  0, rs1_rdata: 00000000, rs2_addr: 11, rs2_rdata: e0007fff, rd_addr: 10, rd_wdata: 8000ffff, mem_addr: 8000ffff, mem_rdata: 00000000, mem_wdata: 8000ffff
ClkCycle:       3894, pc_rdata: 00074586, pc_wdata: 0007458a, insn: f3aa852e, mode: 3, rs1_addr:  0, rs1_rdata: 00000000, rs2_addr:  0, rs2_rdata: 00000000, rd_addr:  0, rd_wdata: 00000000, mem_addr: 00000000, mem_rdata: 00000000, mem_wdata: 00000000
7c00e0008000ffff
ClkCycle:       3895, pc_rdata: 0007458a, pc_wdata: 0007458c, insn: 01159593, mode: 3, rs1_addr:  2, rs1_rdata: fbffdf28, rs2_addr: 10, rs2_rdata: e0007fff, rd_addr:  4, rd_wdata: fbffe00c, mem_addr: fbffe00c, mem_rdata: 00000000, mem_wdata: 8000ffff
ClkCycle:       3896, pc_rdata: 0007458c, pc_wdata: 00074590, insn: 01159593, mode: 3, rs1_addr: 11, rs1_rdata: 8000ffff, rs2_addr: 17, rs2_rdata: 000000fe, rd_addr: 11, rd_wdata: fffe0000, mem_addr: fffe0000, mem_rdata: 00000000, mem_wdata: 000000fe
ClkCycle:       3897, pc_rdata: 00074590, pc_wdata: 00074594, insn: fff5c593, mode: 3, rs1_addr: 11, rs1_rdata: 8000ffff, rs2_addr: 31, rs2_rdata: 00000000, rd_addr: 11, rd_wdata: 0001ffff, mem_addr: 0001ffff, mem_rdata: 00000000, mem_wdata: 00000000
ClkCycle:       3898, pc_rdata: 00074594, pc_wdata: 00074596, insn: f7aa852e, mode: 3, rs1_addr:  0, rs1_rdata: 00000000, rs2_addr: 11, rs2_rdata: 8000ffff, rd_addr: 10, rd_wdata: 0001ffff, mem_addr: 0001ffff, mem_rdata: 00000000, mem_wdata: 0001ffff
ClkCycle:       3899, pc_rdata: 00074596, pc_wdata: 0007459a, insn: f7aa852e, mode: 3, rs1_addr:  0, rs1_rdata: 00000000, rs2_addr:  0, rs2_rdata: 00000000, rd_addr:  0, rd_wdata: 00000000, mem_addr: 00000000, mem_rdata: 00000000, mem_wdata: 00000000
c00100010001ffff
ClkCycle:       3900, pc_rdata: 0007459a, pc_wdata: 0007459c, insn: 01259593, mode: 3, rs1_addr:  2, rs1_rdata: fbffdf28, rs2_addr: 10, rs2_rdata: 8000ffff, rd_addr: 12, rd_wdata: fbffe014, mem_addr: fbffe014, mem_rdata: 00000000, mem_wdata: 0001ffff
ClkCycle:       3901, pc_rdata: 0007459c, pc_wdata: 000745a0, insn: 01259593, mode: 3, rs1_addr: 11, rs1_rdata: 0001ffff, rs2_addr: 18, rs2_rdata: 00000020, rd_addr: 11, rd_wdata: fffc0000, mem_addr: fffc0000, mem_rdata: 00000000, mem_wdata: 00000020
ClkCycle:       3902, pc_rdata: 000745a0, pc_wdata: 000745a4, insn: fff5c593, mode: 3, rs1_addr: 11, rs1_rdata: 0001ffff, rs2_addr: 31, rs2_rdata: 00000000, rd_addr: 11, rd_wdata: 0003ffff, mem_addr: 0003ffff, mem_rdata: 00000000, mem_wdata: 00000000
ClkCycle:       3903, pc_rdata: 000745a4, pc_wdata: 000745a6, insn: fbaa852e, mode: 3, rs1_addr:  0, rs1_rdata: 00000000, rs2_addr: 11, rs2_rdata: 0001ffff, rd_addr: 10, rd_wdata: 0003ffff, mem_addr: 0003ffff, mem_rdata: 00000000, mem_wdata: 0003ffff
ClkCycle:       3904, pc_rdata: 000745a6, pc_wdata: 000745aa, insn: fbaa852e, mode: 3, rs1_addr:  0, rs1_rdata: 00000000, rs2_addr:  0, rs2_rdata: 00000000, rd_addr:  0, rd_wdata: 00000000, mem_addr: 00000000, mem_rdata: 00000000, mem_wdata: 00000000
000400070003ffff
ClkCycle:       3905, pc_rdata: 000745aa, pc_wdata: 000745ac, insn: 01359593, mode: 3, rs1_addr:  2, rs1_rdata: fbffdf28, rs2_addr: 10, rs2_rdata: 0001ffff, rd_addr: 20, rd_wdata: fbffe01c, mem_addr: fbffe01c, mem_rdata: 00000000, mem_wdata: 0003ffff
ClkCycle:       3906, pc_rdata: 000745ac, pc_wdata: 000745b0, insn: 01359593, mode: 3, rs1_addr: 11, rs1_rdata: 0003ffff, rs2_addr: 19, rs2_rdata: 00000000, rd_addr: 11, rd_wdata: fff80000, mem_addr: fff80000, mem_rdata: 00000000, mem_wdata: 00000000
ClkCycle:       3907, pc_rdata: 000745b0, pc_wdata: 000745b4, insn: fff5c593, mode: 3, rs1_addr: 11, rs1_rdata: 0003ffff, rs2_addr: 31, rs2_rdata: 00000000, rd_addr: 11, rd_wdata: 0007ffff, mem_addr: 0007ffff, mem_rdata: 00000000, mem_wdata: 00000000
ClkCycle:       3908, pc_rdata: 000745b4, pc_wdata: 000745b6, insn: ffaa852e, mode: 3, rs1_addr:  0, rs1_rdata: 00000000, rs2_addr: 11, rs2_rdata: 0003ffff, rd_addr: 10, rd_wdata: 0007ffff, mem_addr: 0007ffff, mem_rdata: 00000000, mem_wdata: 0007ffff
ClkCycle:       3909, pc_rdata: 000745b6, pc_wdata: 000745ba, insn: ffaa852e, mode: 3, rs1_addr:  0, rs1_rdata: 00000000, rs2_addr:  0, rs2_rdata: 00000000, rd_addr:  0, rd_wdata: 00000000, mem_addr: 00000000, mem_rdata: 00000000, mem_wdata: 00000000
0038001f0007ffff
ClkCycle:       3910, pc_rdata: 000745ba, pc_wdata: 000745bc, insn: 01459593, mode: 3, rs1_addr:  2, rs1_rdata: fbffdf28, rs2_addr: 10, rs2_rdata: 0003ffff, rd_addr: 28, rd_wdata: fbffe024, mem_addr: fbffe024, mem_rdata: 00000000, mem_wdata: 0007ffff
ClkCycle:       3911, pc_rdata: 000745bc, pc_wdata: 000745c0, insn: 01459593, mode: 3, rs1_addr: 11, rs1_rdata: 0007ffff, rs2_addr: 20, rs2_rdata: 00080000, rd_addr: 11, rd_wdata: fff00000, mem_addr: fff00000, mem_rdata: 00000000, mem_wdata: 00080000
ClkCycle:       3912, pc_rdata: 000745c0, pc_wdata: 000745c4, insn: fff5c593, mode: 3, rs1_addr: 11, rs1_rdata: 0007ffff, rs2_addr: 31, rs2_rdata: 00000000, rd_addr: 11, rd_wdata: 000fffff, mem_addr: 000fffff, mem_rdata: 00000000, mem_wdata: 00000000
ClkCycle:       3913, pc_rdata: 000745c4, pc_wdata: 000745c6, insn: 3023852e, mode: 3, rs1_addr:  0, rs1_rdata: 00000000, rs2_addr: 11, rs2_rdata: 0007ffff, rd_addr: 10, rd_wdata: 000fffff, mem_addr: 000fffff, mem_rdata: 00000000, mem_wdata: 000fffff
ClkCycle:       3914, pc_rdata: 000745c6, pc_wdata: 000745ca, insn: 3023852e, mode: 3, rs1_addr:  0, rs1_rdata: 00000000, rs2_addr:  0, rs2_rdata: 00000000, rd_addr:  0, rd_wdata: 00000000, mem_addr: 00000000, mem_rdata: 00000000, mem_wdata: 00000000
ffffffdfffe00000
ClkCycle:       3915, pc_rdata: 000745ca, pc_wdata: 000745ce, insn: 95930010, mode: 3, rs1_addr:  0, rs1_rdata: 00000000, rs2_addr:  1, rs2_rdata: ffe00000, rd_addr:  0, rd_wdata: 00000000, mem_addr: 00000000, mem_rdata: 00000000, mem_wdata: ffe00000
ClkCycle:       3916, pc_rdata: 000745ce, pc_wdata: 000745d2, insn: 95930010, mode: 3, rs1_addr:  0, rs1_rdata: 00000000, rs2_addr:  0, rs2_rdata: 00000000, rd_addr:  0, rd_wdata: 00000000, mem_addr: 00000000, mem_rdata: 00000000, mem_wdata: 00000000
ClkCycle:       3917, pc_rdata: 000745d2, pc_wdata: 000745d6, insn: 852efff5, mode: 3, rs1_addr: 11, rs1_rdata: 000fffff, rs2_addr: 31, rs2_rdata: 00000000, rd_addr: 11, rd_wdata: 80000000, mem_addr: 80000000, mem_rdata: 00000000, mem_wdata: 00000000
ClkCycle:       3918, pc_rdata: 000745d6, pc_wdata: 000745da, insn: 852efff5, mode: 3, rs1_addr:  0, rs1_rdata: 00000000, rs2_addr:  0, rs2_rdata: 00000000, rd_addr:  0, rd_wdata: 00000000, mem_addr: 00000000, mem_rdata: 00000000, mem_wdata: 00000000
ClkCycle:       3919, pc_rdata: 000745da, pc_wdata: 000745dc, insn: 00100593, mode: 3, rs1_addr:  0, rs1_rdata: 00000000, rs2_addr: 11, rs2_rdata: 000fffff, rd_addr: 10, rd_wdata: 80000000, mem_addr: 80000000, mem_rdata: 00000000, mem_wdata: 80000000
ClkCycle:       3920, pc_rdata: 000745dc, pc_wdata: 000745e0, insn: 00100593, mode: 3, rs1_addr:  0, rs1_rdata: 00000000, rs2_addr:  1, rs2_rdata: ffe00000, rd_addr: 11, rd_wdata: 00000001, mem_addr: 00000001, mem_rdata: 00000000, mem_wdata: ffe00000
ClkCycle:       3921, pc_rdata: 000745e0, pc_wdata: 000745e4, insn: 03e59593, mode: 3, rs1_addr: 11, rs1_rdata: 80000000, rs2_addr: 30, rs2_rdata: 00000000, rd_addr: 11, rd_wdata: 40000000, mem_addr: 40000000, mem_rdata: 00000000, mem_wdata: 00000000
ClkCycle:       3922, pc_rdata: 000745e4, pc_wdata: 000745e8, insn: fff5c593, mode: 3, rs1_addr: 11, rs1_rdata: 80000000, rs2_addr: 31, rs2_rdata: 00000000, rd_addr: 11, rd_wdata: bfffffff, mem_addr: bfffffff, mem_rdata: 00000000, mem_wdata: 00000000
ClkCycle:       3923, pc_rdata: 000745e8, pc_wdata: 000745ea, insn: 3823852e, mode: 3, rs1_addr:  0, rs1_rdata: 00000000, rs2_addr: 11, rs2_rdata: 00000001, rd_addr: 10, rd_wdata: bfffffff, mem_addr: bfffffff, mem_rdata: 00000000, mem_wdata: bfffffff
ClkCycle:       3924, pc_rdata: 000745ea, pc_wdata: 000745ee, insn: 3823852e, mode: 3, rs1_addr:  0, rs1_rdata: 00000000, rs2_addr:  0, rs2_rdata: 00000000, rd_addr:  0, rd_wdata: 00000000, mem_addr: 00000000, mem_rdata: 00000000, mem_wdata: 00000000
0000000feedbfbff
ClkCycle:       3925, pc_rdata: 000745ee, pc_wdata: 000745f2, insn: 85935555, mode: 3, rs1_addr: 10, rs1_rdata: 80000000, rs2_addr: 21, rs2_rdata: eedbfbff, rd_addr: 16, rd_wdata: c000054f, mem_addr: c000054f, mem_rdata: 00000000, mem_wdata: eedbfbff
ClkCycle:       3926, pc_rdata: 000745f2, pc_wdata: 000745f6, insn: 85935555, mode: 3, rs1_addr:  0, rs1_rdata: 00000000, rs2_addr:  0, rs2_rdata: 00000000, rd_addr:  0, rd_wdata: 00000000, mem_addr: 00000000, mem_rdata: 00000000, mem_wdata: 00000000
ClkCycle:       3927, pc_rdata: 000745f6, pc_wdata: 000745fa, insn: 859300b5, mode: 3, rs1_addr: 11, rs1_rdata: bfffffff, rs2_addr: 11, rs2_rdata: bfffffff, rd_addr: 11, rd_wdata: c000000a, mem_addr: c000000a, mem_rdata: 00000000, mem_wdata: bfffffff
ClkCycle:       3928, pc_rdata: 000745fa, pc_wdata: 000745fe, insn: 859300b5, mode: 3, rs1_addr:  0, rs1_rdata: 00000000, rs2_addr:  0, rs2_rdata: 00000000, rd_addr:  0, rd_wdata: 00000000, mem_addr: 00000000, mem_rdata: 00000000, mem_wdata: 00000000
ClkCycle:       3929, pc_rdata: 000745fe, pc_wdata: 00074602, insn: 859300b5, mode: 3, rs1_addr: 11, rs1_rdata: bfffffff, rs2_addr: 11, rs2_rdata: bfffffff, rd_addr: 11, rd_wdata: c0000015, mem_addr: c0000015, mem_rdata: 00000000, mem_wdata: c000000a
ClkCycle:       3930, pc_rdata: 00074602, pc_wdata: 00074606, insn: 859300b5, mode: 3, rs1_addr:  0, rs1_rdata: 00000000, rs2_addr:  0, rs2_rdata: 00000000, rd_addr:  0, rd_wdata: 00000000, mem_addr: 00000000, mem_rdata: 00000000, mem_wdata: 00000000
ClkCycle:       3931, pc_rdata: 00074606, pc_wdata: 0007460a, insn: 859300a5, mode: 3, rs1_addr: 11, rs1_rdata: c000000a, rs2_addr: 10, rs2_rdata: bfffffff, rd_addr: 11, rd_wdata: c000001f, mem_addr: c000001f, mem_rdata: 00000000, mem_wdata: bfffffff
ClkCycle:       3932, pc_rdata: 0007460a, pc_wdata: 0007460e, insn: 859300a5, mode: 3, rs1_addr:  0, rs1_rdata: 00000000, rs2_addr:  0, rs2_rdata: 00000000, rd_addr:  0, rd_wdata: 00000000, mem_addr: 00000000, mem_rdata: 00000000, mem_wdata: 00000000
ClkCycle:       3933, pc_rdata: 0007460e, pc_wdata: 00074612, insn: 20a13c23, mode: 3, rs1_addr:  7, rs1_rdata: fc020000, rs2_addr:  2, rs2_rdata: fbffdf28, rd_addr: 11, rd_wdata: fc0203c2, mem_addr: fc0203c2, mem_rdata: 00000000, mem_wdata: fbffdf28
ClkCycle:       3934, pc_rdata: 00074612, pc_wdata: 00074616, insn: 20a13c23, mode: 3, rs1_addr:  0, rs1_rdata: 00000000, rs2_addr:  0, rs2_rdata: 00000000, rd_addr:  0, rd_wdata: 00000000, mem_addr: 00000000, mem_rdata: 00000000, mem_wdata: 00000000
ClkCycle:       3935, pc_rdata: 00074616, pc_wdata: 00074618, insn: aaa58593, mode: 3, rs1_addr:  0, rs1_rdata: 00000000, rs2_addr:  8, rs2_rdata: fbffe010, rd_addr:  1, rd_wdata: 0007461a, mem_addr: 00000048, mem_rdata: 00000000, mem_wdata: fbffe010
ClkCycle:       3936, pc_rdata: 00074618, pc_wdata: 0007465e, insn: aaa58593, mode: 3, rs1_addr:  0, rs1_rdata: 00000000, rs2_addr:  0, rs2_rdata: 00000000, rd_addr:  0, rd_wdata: 00000000, mem_addr: 00000000, mem_rdata: 00000000, mem_wdata: 00000000
ClkCycle:       3937, pc_rdata: 0007465e, pc_wdata: 00074662, insn: 95931995, mode: 3, rs1_addr:  0, rs1_rdata: 00000000, rs2_addr:  0, rs2_rdata: 00000000, rd_addr:  0, rd_wdata: 00000000, mem_addr: 00000000, mem_rdata: 00000000, mem_wdata: 00000000
ClkCycle:       3938, pc_rdata: 00074662, pc_wdata: 00074666, insn: 95934cc5, mode: 3, rs1_addr: 11, rs1_rdata: fc0203c2, rs2_addr: 12, rs2_rdata: fbffe000, rd_addr: 11, rd_wdata: 203c2000, mem_addr: 203c2000, mem_rdata: 00000000, mem_wdata: fbffe000
ClkCycle:       3939, pc_rdata: 00074666, pc_wdata: 0007466a, insn: 95934cc5, mode: 3, rs1_addr:  0, rs1_rdata: 00000000, rs2_addr:  0, rs2_rdata: 00000000, rd_addr:  0, rd_wdata: 00000000, mem_addr: 00000000, mem_rdata: 00000000, mem_wdata: 00000000
ClkCycle:       3940, pc_rdata: 0007466a, pc_wdata: 0007466e, insn: 852e3335, mode: 3, rs1_addr: 11, rs1_rdata: fc0203c2, rs2_addr: 19, rs2_rdata: 00000000, rd_addr: 11, rd_wdata: 00000000, mem_addr: 00000000, mem_rdata: 00000000, mem_wdata: 00000000
ClkCycle:       3941, pc_rdata: 0007466e, pc_wdata: 00074672, insn: 852e3335, mode: 3, rs1_addr:  0, rs1_rdata: 00000000, rs2_addr:  0, rs2_rdata: 00000000, rd_addr:  0, rd_wdata: 00000000, mem_addr: 00000000, mem_rdata: 00000000, mem_wdata: 00000000
ClkCycle:       3942, pc_rdata: 00074672, pc_wdata: 00074674, insn: 666665b7, mode: 3, rs1_addr:  0, rs1_rdata: 00000000, rs2_addr: 11, rs2_rdata: 203c2000, rd_addr: 10, rd_wdata: 00000000, mem_addr: 00000000, mem_rdata: 00000000, mem_wdata: 00000000
ClkCycle:       3943, pc_rdata: 00074674, pc_wdata: 00074678, insn: 666665b7, mode: 3, rs1_addr: 12, rs1_rdata: fbffe000, rs2_addr:  6, rs2_rdata: ffe00000, rd_addr: 11, rd_wdata: 66666000, mem_addr: 66666000, mem_rdata: 00000000, mem_wdata: ffe00000
ClkCycle:       3944, pc_rdata: 00074678, pc_wdata: 0007467c, insn: 66658593, mode: 3, rs1_addr: 11, rs1_rdata: 00000000, rs2_addr:  6, rs2_rdata: ffe00000, rd_addr: 11, rd_wdata: 66666666, mem_addr: 66666666, mem_rdata: 00000000, mem_wdata: ffe00000
ClkCycle:       3945, pc_rdata: 0007467c, pc_wdata: 00074680, insn: 00b59593, mode: 3, rs1_addr: 11, rs1_rdata: 00000000, rs2_addr: 11, rs2_rdata: 00000000, rd_addr: 11, rd_wdata: 33333000, mem_addr: 33333000, mem_rdata: 00000000, mem_wdata: 66666666
ClkCycle:       3946, pc_rdata: 00074680, pc_wdata: 00074684, insn: 33358593, mode: 3, rs1_addr: 11, rs1_rdata: 66666000, rs2_addr: 19, rs2_rdata: 00000000, rd_addr: 11, rd_wdata: 33333333, mem_addr: 33333333, mem_rdata: 00000000, mem_wdata: 00000000
ClkCycle:       3947, pc_rdata: 00074684, pc_wdata: 00074688, insn: 00b59593, mode: 3, rs1_addr: 11, rs1_rdata: 66666666, rs2_addr: 11, rs2_rdata: 66666666, rd_addr: 11, rd_wdata: 99999800, mem_addr: 99999800, mem_rdata: 00000000, mem_wdata: 33333333
ClkCycle:       3948, pc_rdata: 00074688, pc_wdata: 0007468c, insn: 19958593, mode: 3, rs1_addr: 11, rs1_rdata: 33333000, rs2_addr: 25, rs2_rdata: 00080000, rd_addr: 11, rd_wdata: 99999999, mem_addr: 99999999, mem_rdata: 00000000, mem_wdata: 00080000
ClkCycle:       3949, pc_rdata: 0007468c, pc_wdata: 00074690, insn: 00a59593, mode: 3, rs1_addr: 11, rs1_rdata: 33333333, rs2_addr: 10, rs2_rdata: 00000000, rd_addr: 11, rd_wdata: 66666400, mem_addr: 66666400, mem_rdata: 00000000, mem_wdata: 00000000
ClkCycle:       3950, pc_rdata: 00074690, pc_wdata: 00074694, insn: 26658593, mode: 3, rs1_addr: 11, rs1_rdata: 99999800, rs2_addr:  6, rs2_rdata: ffe00000, rd_addr: 11, rd_wdata: 66666666, mem_addr: 66666666, mem_rdata: 00000000, mem_wdata: ffe00000
ClkCycle:       3951, pc_rdata: 00074694, pc_wdata: 00074696, insn: 3023852e, mode: 3, rs1_addr:  0, rs1_rdata: 00000000, rs2_addr: 11, rs2_rdata: 99999999, rd_addr: 10, rd_wdata: 66666666, mem_addr: 66666666, mem_rdata: 00000000, mem_wdata: 66666666
ClkCycle:       3952, pc_rdata: 00074696, pc_wdata: 0007469a, insn: 3023852e, mode: 3, rs1_addr:  0, rs1_rdata: 00000000, rs2_addr:  0, rs2_rdata: 00000000, rd_addr:  0, rd_wdata: 00000000, mem_addr: 00000000, mem_rdata: 00000000, mem_wdata: 00000000
0000000000000000
ClkCycle:       3953, pc_rdata: 0007469a, pc_wdata: 0007469e, insn: 85930000, mode: 3, rs1_addr:  0, rs1_rdata: 00000000, rs2_addr:  0, rs2_rdata: 00000000, rd_addr:  0, rd_wdata: 00000000, mem_addr: 00000000, mem_rdata: 00000000, mem_wdata: 00000000
ClkCycle:       3954, pc_rdata: 0007469e, pc_wdata: 000746a2, insn: 85930000, mode: 3, rs1_addr:  0, rs1_rdata: 00000000, rs2_addr:  0, rs2_rdata: 00000000, rd_addr:  0, rd_wdata: 00000000, mem_addr: 00000000, mem_rdata: 00000000, mem_wdata: 00000000
ClkCycle:       3955, pc_rdata: 000746a2, pc_wdata: 000746a6, insn: 859300b5, mode: 3, rs1_addr: 11, rs1_rdata: 66666666, rs2_addr: 11, rs2_rdata: 66666666, rd_addr: 11, rd_wdata: 66666671, mem_addr: 66666671, mem_rdata: 00000000, mem_wdata: 66666666
ClkCycle:       3956, pc_rdata: 000746a6, pc_wdata: 000746aa, insn: 859300b5, mode: 3, rs1_addr:  0, rs1_rdata: 00000000, rs2_addr:  0, rs2_rdata: 00000000, rd_addr:  0, rd_wdata: 00000000, mem_addr: 00000000, mem_rdata: 00000000, mem_wdata: 00000000
ClkCycle:       3957, pc_rdata: 000746aa, pc_wdata: 000746ae, insn: 859300b5, mode: 3, rs1_addr: 11, rs1_rdata: 66666666, rs2_addr: 11, rs2_rdata: 66666666, rd_addr: 11, rd_wdata: 6666667c, mem_addr: 6666667c, mem_rdata: 00000000, mem_wdata: 66666671
ClkCycle:       3958, pc_rdata: 000746ae, pc_wdata: 000746b2, insn: 859300b5, mode: 3, rs1_addr:  0, rs1_rdata: 00000000, rs2_addr:  0, rs2_rdata: 00000000, rd_addr:  0, rd_wdata: 00000000, mem_addr: 00000000, mem_rdata: 00000000, mem_wdata: 00000000
ClkCycle:       3959, pc_rdata: 000746b2, pc_wdata: 000746b6, insn: 859300a5, mode: 3, rs1_addr: 11, rs1_rdata: 66666671, rs2_addr: 10, rs2_rdata: 66666666, rd_addr: 11, rd_wdata: 66666686, mem_addr: 66666686, mem_rdata: 00000000, mem_wdata: 66666666
ClkCycle:       3960, pc_rdata: 000746b6, pc_wdata: 000746ba, insn: 859300a5, mode: 3, rs1_addr:  0, rs1_rdata: 00000000, rs2_addr:  0, rs2_rdata: 00000000, rd_addr:  0, rd_wdata: 00000000, mem_addr: 00000000, mem_rdata: 00000000, mem_wdata: 00000000
ClkCycle:       3961, pc_rdata: 000746ba, pc_wdata: 000746be, insn: 24a13423, mode: 3, rs1_addr:  7, rs1_rdata: fc020000, rs2_addr:  2, rs2_rdata: fbffdf28, rd_addr: 11, rd_wdata: fc020342, mem_addr: fc020342, mem_rdata: 00000000, mem_wdata: fbffdf28
ClkCycle:       3962, pc_rdata: 000746be, pc_wdata: 000746c2, insn: 24a13423, mode: 3, rs1_addr:  0, rs1_rdata: 00000000, rs2_addr:  0, rs2_rdata: 00000000, rd_addr:  0, rd_wdata: 00000000, mem_addr: 00000000, mem_rdata: 00000000, mem_wdata: 00000000
ClkCycle:       3963, pc_rdata: 000746c2, pc_wdata: 000746c4, insn: 00058593, mode: 3, rs1_addr:  0, rs1_rdata: 00000000, rs2_addr:  8, rs2_rdata: fbffe010, rd_addr:  1, rd_wdata: 000746c6, mem_addr: 00000248, mem_rdata: 00000000, mem_wdata: fbffe010
ClkCycle:       3964, pc_rdata: 000746c4, pc_wdata: 0007490a, insn: 00058593, mode: 3, rs1_addr:  0, rs1_rdata: 00000000, rs2_addr:  0, rs2_rdata: 00000000, rd_addr:  0, rd_wdata: 00000000, mem_addr: 00000000, mem_rdata: 00000000, mem_wdata: 00000000
ClkCycle:       3965, pc_rdata: 0007490a, pc_wdata: 0007490e, insn: 3823852e, mode: 3, rs1_addr:  0, rs1_rdata: 00000000, rs2_addr:  0, rs2_rdata: 00000000, rd_addr:  0, rd_wdata: 00000000, mem_addr: 00000000, mem_rdata: 00000000, mem_wdata: 00000000
00000000000746c6
ClkCycle:       3966, pc_rdata: 0007490e, pc_wdata: 00074912, insn: 95930010, mode: 3, rs1_addr:  0, rs1_rdata: 00000000, rs2_addr:  1, rs2_rdata: 000746c6, rd_addr: 16, rd_wdata: 00000010, mem_addr: 00000010, mem_rdata: 00000000, mem_wdata: 000746c6
ClkCycle:       3967, pc_rdata: 00074912, pc_wdata: 00074916, insn: 95930010, mode: 3, rs1_addr:  0, rs1_rdata: 00000000, rs2_addr:  0, rs2_rdata: 00000000, rd_addr:  0, rd_wdata: 00000000, mem_addr: 00000000, mem_rdata: 00000000, mem_wdata: 00000000
ClkCycle:       3968, pc_rdata: 00074916, pc_wdata: 0007491a, insn: 852efff5, mode: 3, rs1_addr: 11, rs1_rdata: fc020342, rs2_addr: 31, rs2_rdata: 00000000, rd_addr: 11, rd_wdata: 00000000, mem_addr: 00000000, mem_rdata: 00000000, mem_wdata: 00000000
ClkCycle:       3969, pc_rdata: 0007491a, pc_wdata: 0007491e, insn: 852efff5, mode: 3, rs1_addr:  0, rs1_rdata: 00000000, rs2_addr:  0, rs2_rdata: 00000000, rd_addr:  0, rd_wdata: 00000000, mem_addr: 00000000, mem_rdata: 00000000, mem_wdata: 00000000
ClkCycle:       3970, pc_rdata: 0007491e, pc_wdata: 00074920, insn: 00100593, mode: 3, rs1_addr:  0, rs1_rdata: 00000000, rs2_addr: 11, rs2_rdata: fc020342, rd_addr: 10, rd_wdata: 00000000, mem_addr: 00000000, mem_rdata: 00000000, mem_wdata: 00000000
ClkCycle:       3971, pc_rdata: 00074920, pc_wdata: 00074924, insn: 00100593, mode: 3, rs1_addr:  0, rs1_rdata: 00000000, rs2_addr:  1, rs2_rdata: 000746c6, rd_addr: 11, rd_wdata: 00000001, mem_addr: 00000001, mem_rdata: 00000000, mem_wdata: 000746c6
ClkCycle:       3972, pc_rdata: 00074924, pc_wdata: 00074928, insn: 01f59593, mode: 3, rs1_addr: 11, rs1_rdata: 00000000, rs2_addr: 31, rs2_rdata: 00000000, rd_addr: 11, rd_wdata: 80000000, mem_addr: 80000000, mem_rdata: 00000000, mem_wdata: 00000000
ClkCycle:       3973, pc_rdata: 00074928, pc_wdata: 0007492c, insn: fff5c593, mode: 3, rs1_addr: 11, rs1_rdata: 00000000, rs2_addr: 31, rs2_rdata: 00000000, rd_addr: 11, rd_wdata: 7fffffff, mem_addr: 7fffffff, mem_rdata: 00000000, mem_wdata: 00000000
ClkCycle:       3974, pc_rdata: 0007492c, pc_wdata: 0007492e, insn: 3023852e, mode: 3, rs1_addr:  0, rs1_rdata: 00000000, rs2_addr: 11, rs2_rdata: 00000001, rd_addr: 10, rd_wdata: 7fffffff, mem_addr: 7fffffff, mem_rdata: 00000000, mem_wdata: 7fffffff
ClkCycle:       3975, pc_rdata: 0007492e, pc_wdata: 00074932, insn: 3023852e, mode: 3, rs1_addr:  0, rs1_rdata: 00000000, rs2_addr:  0, rs2_rdata: 00000000, rd_addr:  0, rd_wdata: 00000000, mem_addr: 00000000, mem_rdata: 00000000, mem_wdata: 00000000
00000000000746c6
ClkCycle:       3976, pc_rdata: 00074932, pc_wdata: 00074936, insn: 95930010, mode: 3, rs1_addr:  0, rs1_rdata: 00000000, rs2_addr:  1, rs2_rdata: 000746c6, rd_addr:  0, rd_wdata: 00000000, mem_addr: 00000000, mem_rdata: 00000000, mem_wdata: 000746c6
ClkCycle:       3977, pc_rdata: 00074936, pc_wdata: 0007493a, insn: 95930010, mode: 3, rs1_addr:  0, rs1_rdata: 00000000, rs2_addr:  0, rs2_rdata: 00000000, rd_addr:  0, rd_wdata: 00000000, mem_addr: 00000000, mem_rdata: 00000000, mem_wdata: 00000000
ClkCycle:       3978, pc_rdata: 0007493a, pc_wdata: 0007493e, insn: 852efff5, mode: 3, rs1_addr: 11, rs1_rdata: 7fffffff, rs2_addr: 31, rs2_rdata: 00000000, rd_addr: 11, rd_wdata: 80000000, mem_addr: 80000000, mem_rdata: 00000000, mem_wdata: 00000000
ClkCycle:       3979, pc_rdata: 0007493e, pc_wdata: 00074942, insn: 852efff5, mode: 3, rs1_addr:  0, rs1_rdata: 00000000, rs2_addr:  0, rs2_rdata: 00000000, rd_addr:  0, rd_wdata: 00000000, mem_addr: 00000000, mem_rdata: 00000000, mem_wdata: 00000000
ClkCycle:       3980, pc_rdata: 00074942, pc_wdata: 00074944, insn: 00100593, mode: 3, rs1_addr:  0, rs1_rdata: 00000000, rs2_addr: 11, rs2_rdata: 7fffffff, rd_addr: 10, rd_wdata: 80000000, mem_addr: 80000000, mem_rdata: 00000000, mem_wdata: 80000000
ClkCycle:       3981, pc_rdata: 00074944, pc_wdata: 00074948, insn: 00100593, mode: 3, rs1_addr:  0, rs1_rdata: 00000000, rs2_addr:  1, rs2_rdata: 000746c6, rd_addr: 11, rd_wdata: 00000001, mem_addr: 00000001, mem_rdata: 00000000, mem_wdata: 000746c6
ClkCycle:       3982, pc_rdata: 00074948, pc_wdata: 0007494c, insn: 02159593, mode: 3, rs1_addr: 11, rs1_rdata: 80000000, rs2_addr:  1, rs2_rdata: 000746c6, rd_addr: 11, rd_wdata: 00000002, mem_addr: 00000002, mem_rdata: 00000000, mem_wdata: 000746c6
ClkCycle:       3983, pc_rdata: 0007494c, pc_wdata: 00074950, insn: fff5c593, mode: 3, rs1_addr: 11, rs1_rdata: 80000000, rs2_addr: 31, rs2_rdata: 00000000, rd_addr: 11, rd_wdata: fffffffd, mem_addr: fffffffd, mem_rdata: 00000000, mem_wdata: 00000000
ClkCycle:       3984, pc_rdata: 00074950, pc_wdata: 00074952, insn: 3823852e, mode: 3, rs1_addr:  0, rs1_rdata: 00000000, rs2_addr: 11, rs2_rdata: 00000001, rd_addr: 10, rd_wdata: fffffffd, mem_addr: fffffffd, mem_rdata: 00000000, mem_wdata: fffffffd
ClkCycle:       3985, pc_rdata: 00074952, pc_wdata: 00074956, insn: 3823852e, mode: 3, rs1_addr:  0, rs1_rdata: 00000000, rs2_addr:  0, rs2_rdata: 00000000, rd_addr:  0, rd_wdata: 00000000, mem_addr: 00000000, mem_rdata: 00000000, mem_wdata: 00000000
00000000000746c6
ClkCycle:       3986, pc_rdata: 00074956, pc_wdata: 0007495a, insn: 95930010, mode: 3, rs1_addr:  0, rs1_rdata: 00000000, rs2_addr:  1, rs2_rdata: 000746c6, rd_addr: 16, rd_wdata: 00000010, mem_addr: 00000010, mem_rdata: 00000000, mem_wdata: 000746c6
ClkCycle:       3987, pc_rdata: 0007495a, pc_wdata: 0007495e, insn: 95930010, mode: 3, rs1_addr:  0, rs1_rdata: 00000000, rs2_addr:  0, rs2_rdata: 00000000, rd_addr:  0, rd_wdata: 00000000, mem_addr: 00000000, mem_rdata: 00000000, mem_wdata: 00000000
ClkCycle:       3988, pc_rdata: 0007495e, pc_wdata: 00074962, insn: 852efff5, mode: 3, rs1_addr: 11, rs1_rdata: fffffffd, rs2_addr: 31, rs2_rdata: 00000000, rd_addr: 11, rd_wdata: 80000000, mem_addr: 80000000, mem_rdata: 00000000, mem_wdata: 00000000
ClkCycle:       3989, pc_rdata: 00074962, pc_wdata: 00074966, insn: 852efff5, mode: 3, rs1_addr:  0, rs1_rdata: 00000000, rs2_addr:  0, rs2_rdata: 00000000, rd_addr:  0, rd_wdata: 00000000, mem_addr: 00000000, mem_rdata: 00000000, mem_wdata: 00000000
ClkCycle:       3990, pc_rdata: 00074966, pc_wdata: 00074968, insn: 00100593, mode: 3, rs1_addr:  0, rs1_rdata: 00000000, rs2_addr: 11, rs2_rdata: fffffffd, rd_addr: 10, rd_wdata: 80000000, mem_addr: 80000000, mem_rdata: 00000000, mem_wdata: 80000000
ClkCycle:       3991, pc_rdata: 00074968, pc_wdata: 0007496c, insn: 00100593, mode: 3, rs1_addr:  0, rs1_rdata: 00000000, rs2_addr:  1, rs2_rdata: 000746c6, rd_addr: 11, rd_wdata: 00000001, mem_addr: 00000001, mem_rdata: 00000000, mem_wdata: 000746c6
ClkCycle:       3992, pc_rdata: 0007496c, pc_wdata: 00074970, insn: 02359593, mode: 3, rs1_addr: 11, rs1_rdata: 80000000, rs2_addr:  3, rs2_rdata: 003fbb6c, rd_addr: 11, rd_wdata: 00000008, mem_addr: 00000008, mem_rdata: 00000000, mem_wdata: 003fbb6c
ClkCycle:       3993, pc_rdata: 00074970, pc_wdata: 00074974, insn: fff5c593, mode: 3, rs1_addr: 11, rs1_rdata: 80000000, rs2_addr: 31, rs2_rdata: 00000000, rd_addr: 11, rd_wdata: fffffff7, mem_addr: fffffff7, mem_rdata: 00000000, mem_wdata: 00000000
ClkCycle:       3994, pc_rdata: 00074974, pc_wdata: 00074976, insn: 3023852e, mode: 3, rs1_addr:  0, rs1_rdata: 00000000, rs2_addr: 11, rs2_rdata: 00000001, rd_addr: 10, rd_wdata: fffffff7, mem_addr: fffffff7, mem_rdata: 00000000, mem_wdata: fffffff7
ClkCycle:       3995, pc_rdata: 00074976, pc_wdata: 0007497a, insn: 3023852e, mode: 3, rs1_addr:  0, rs1_rdata: 00000000, rs2_addr:  0, rs2_rdata: 00000000, rd_addr:  0, rd_wdata: 00000000, mem_addr: 00000000, mem_rdata: 00000000, mem_wdata: 00000000
00000000000746c6
ClkCycle:       3996, pc_rdata: 0007497a, pc_wdata: 0007497e, insn: 95930010, mode: 3, rs1_addr:  0, rs1_rdata: 00000000, rs2_addr:  1, rs2_rdata: 000746c6, rd_addr:  0, rd_wdata: 00000000, mem_addr: 00000000, mem_rdata: 00000000, mem_wdata: 000746c6
ClkCycle:       3997, pc_rdata: 0007497e, pc_wdata: 00074982, insn: 95930010, mode: 3, rs1_addr:  0, rs1_rdata: 00000000, rs2_addr:  0, rs2_rdata: 00000000, rd_addr:  0, rd_wdata: 00000000, mem_addr: 00000000, mem_rdata: 00000000, mem_wdata: 00000000
ClkCycle:       3998, pc_rdata: 00074982, pc_wdata: 00074986, insn: 852efff5, mode: 3, rs1_addr: 11, rs1_rdata: fffffff7, rs2_addr: 31, rs2_rdata: 00000000, rd_addr: 11, rd_wdata: 80000000, mem_addr: 80000000, mem_rdata: 00000000, mem_wdata: 00000000
ClkCycle:       3999, pc_rdata: 00074986, pc_wdata: 0007498a, insn: 852efff5, mode: 3, rs1_addr:  0, rs1_rdata: 00000000, rs2_addr:  0, rs2_rdata: 00000000, rd_addr:  0, rd_wdata: 00000000, mem_addr: 00000000, mem_rdata: 00000000, mem_wdata: 00000000
ClkCycle:       4000, pc_rdata: 0007498a, pc_wdata: 0007498c, insn: 00100593, mode: 3, rs1_addr:  0, rs1_rdata: 00000000, rs2_addr: 11, rs2_rdata: fffffff7, rd_addr: 10, rd_wdata: 80000000, mem_addr: 80000000, mem_rdata: 00000000, mem_wdata: 80000000
ClkCycle:       4001, pc_rdata: 0007498c, pc_wdata: 00074990, insn: 00100593, mode: 3, rs1_addr:  0, rs1_rdata: 00000000, rs2_addr:  1, rs2_rdata: 000746c6, rd_addr: 11, rd_wdata: 00000001, mem_addr: 00000001, mem_rdata: 00000000, mem_wdata: 000746c6
ClkCycle:       4002, pc_rdata: 00074990, pc_wdata: 00074994, insn: 02559593, mode: 3, rs1_addr: 11, rs1_rdata: 80000000, rs2_addr:  5, rs2_rdata: 11800000, rd_addr: 11, rd_wdata: 00000020, mem_addr: 00000020, mem_rdata: 00000000, mem_wdata: 11800000
ClkCycle:       4003, pc_rdata: 00074994, pc_wdata: 00074998, insn: fff5c593, mode: 3, rs1_addr: 11, rs1_rdata: 80000000, rs2_addr: 31, rs2_rdata: 00000000, rd_addr: 11, rd_wdata: ffffffdf, mem_addr: ffffffdf, mem_rdata: 00000000, mem_wdata: 00000000
ClkCycle:       4004, pc_rdata: 00074998, pc_wdata: 0007499a, insn: 3823852e, mode: 3, rs1_addr:  0, rs1_rdata: 00000000, rs2_addr: 11, rs2_rdata: 00000001, rd_addr: 10, rd_wdata: ffffffdf, mem_addr: ffffffdf, mem_rdata: 00000000, mem_wdata: ffffffdf
ClkCycle:       4005, pc_rdata: 0007499a, pc_wdata: 0007499e, insn: 3823852e, mode: 3, rs1_addr:  0, rs1_rdata: 00000000, rs2_addr:  0, rs2_rdata: 00000000, rd_addr:  0, rd_wdata: 00000000, mem_addr: 00000000, mem_rdata: 00000000, mem_wdata: 00000000
00000000000746c6
ClkCycle:       4006, pc_rdata: 0007499e, pc_wdata: 000749a2, insn: 95930010, mode: 3, rs1_addr:  0, rs1_rdata: 00000000, rs2_addr:  1, rs2_rdata: 000746c6, rd_addr: 16, rd_wdata: 00000010, mem_addr: 00000010, mem_rdata: 00000000, mem_wdata: 000746c6
ClkCycle:       4007, pc_rdata: 000749a2, pc_wdata: 000749a6, insn: 95930010, mode: 3, rs1_addr:  0, rs1_rdata: 00000000, rs2_addr:  0, rs2_rdata: 00000000, rd_addr:  0, rd_wdata: 00000000, mem_addr: 00000000, mem_rdata: 00000000, mem_wdata: 00000000
ClkCycle:       4008, pc_rdata: 000749a6, pc_wdata: 000749aa, insn: 852efff5, mode: 3, rs1_addr: 11, rs1_rdata: ffffffdf, rs2_addr: 31, rs2_rdata: 00000000, rd_addr: 11, rd_wdata: 80000000, mem_addr: 80000000, mem_rdata: 00000000, mem_wdata: 00000000
ClkCycle:       4009, pc_rdata: 000749aa, pc_wdata: 000749ae, insn: 852efff5, mode: 3, rs1_addr:  0, rs1_rdata: 00000000, rs2_addr:  0, rs2_rdata: 00000000, rd_addr:  0, rd_wdata: 00000000, mem_addr: 00000000, mem_rdata: 00000000, mem_wdata: 00000000
ClkCycle:       4010, pc_rdata: 000749ae, pc_wdata: 000749b0, insn: 00100593, mode: 3, rs1_addr:  0, rs1_rdata: 00000000, rs2_addr: 11, rs2_rdata: ffffffdf, rd_addr: 10, rd_wdata: 80000000, mem_addr: 80000000, mem_rdata: 00000000, mem_wdata: 80000000
ClkCycle:       4011, pc_rdata: 000749b0, pc_wdata: 000749b4, insn: 00100593, mode: 3, rs1_addr:  0, rs1_rdata: 00000000, rs2_addr:  1, rs2_rdata: 000746c6, rd_addr: 11, rd_wdata: 00000001, mem_addr: 00000001, mem_rdata: 00000000, mem_wdata: 000746c6
ClkCycle:       4012, pc_rdata: 000749b4, pc_wdata: 000749b8, insn: 02759593, mode: 3, rs1_addr: 11, rs1_rdata: 80000000, rs2_addr:  7, rs2_rdata: fc020000, rd_addr: 11, rd_wdata: 00000080, mem_addr: 00000080, mem_rdata: 00000000, mem_wdata: fc020000
ClkCycle:       4013, pc_rdata: 000749b8, pc_wdata: 000749bc, insn: fff5c593, mode: 3, rs1_addr: 11, rs1_rdata: 80000000, rs2_addr: 31, rs2_rdata: 00000000, rd_addr: 11, rd_wdata: ffffff7f, mem_addr: ffffff7f, mem_rdata: 00000000, mem_wdata: 00000000
ClkCycle:       4014, pc_rdata: 000749bc, pc_wdata: 000749be, insn: 3023852e, mode: 3, rs1_addr:  0, rs1_rdata: 00000000, rs2_addr: 11, rs2_rdata: 00000001, rd_addr: 10, rd_wdata: ffffff7f, mem_addr: ffffff7f, mem_rdata: 00000000, mem_wdata: ffffff7f
ClkCycle:       4015, pc_rdata: 000749be, pc_wdata: 000749c2, insn: 3023852e, mode: 3, rs1_addr:  0, rs1_rdata: 00000000, rs2_addr:  0, rs2_rdata: 00000000, rd_addr:  0, rd_wdata: 00000000, mem_addr: 00000000, mem_rdata: 00000000, mem_wdata: 00000000
00000000000746c6
ClkCycle:       4016, pc_rdata: 000749c2, pc_wdata: 000749c6, insn: 95930010, mode: 3, rs1_addr:  0, rs1_rdata: 00000000, rs2_addr:  1, rs2_rdata: 000746c6, rd_addr:  0, rd_wdata: 00000000, mem_addr: 00000000, mem_rdata: 00000000, mem_wdata: 000746c6
ClkCycle:       4017, pc_rdata: 000749c6, pc_wdata: 000749ca, insn: 95930010, mode: 3, rs1_addr:  0, rs1_rdata: 00000000, rs2_addr:  0, rs2_rdata: 00000000, rd_addr:  0, rd_wdata: 00000000, mem_addr: 00000000, mem_rdata: 00000000, mem_wdata: 00000000
ClkCycle:       4018, pc_rdata: 000749ca, pc_wdata: 000749ce, insn: 852efff5, mode: 3, rs1_addr: 11, rs1_rdata: ffffff7f, rs2_addr: 31, rs2_rdata: 00000000, rd_addr: 11, rd_wdata: 80000000, mem_addr: 80000000, mem_rdata: 00000000, mem_wdata: 00000000
ClkCycle:       4019, pc_rdata: 000749ce, pc_wdata: 000749d2, insn: 852efff5, mode: 3, rs1_addr:  0, rs1_rdata: 00000000, rs2_addr:  0, rs2_rdata: 00000000, rd_addr:  0, rd_wdata: 00000000, mem_addr: 00000000, mem_rdata: 00000000, mem_wdata: 00000000
ClkCycle:       4020, pc_rdata: 000749d2, pc_wdata: 000749d4, insn: 00100593, mode: 3, rs1_addr:  0, rs1_rdata: 00000000, rs2_addr: 11, rs2_rdata: ffffff7f, rd_addr: 10, rd_wdata: 80000000, mem_addr: 80000000, mem_rdata: 00000000, mem_wdata: 80000000
ClkCycle:       4021, pc_rdata: 000749d4, pc_wdata: 000749d8, insn: 00100593, mode: 3, rs1_addr:  0, rs1_rdata: 00000000, rs2_addr:  1, rs2_rdata: 000746c6, rd_addr: 11, rd_wdata: 00000001, mem_addr: 00000001, mem_rdata: 00000000, mem_wdata: 000746c6
ClkCycle:       4022, pc_rdata: 000749d8, pc_wdata: 000749dc, insn: 02959593, mode: 3, rs1_addr: 11, rs1_rdata: 80000000, rs2_addr:  9, rs2_rdata: 003fffff, rd_addr: 11, rd_wdata: 00000200, mem_addr: 00000200, mem_rdata: 00000000, mem_wdata: 003fffff
ClkCycle:       4023, pc_rdata: 000749dc, pc_wdata: 000749e0, insn: fff5c593, mode: 3, rs1_addr: 11, rs1_rdata: 80000000, rs2_addr: 31, rs2_rdata: 00000000, rd_addr: 11, rd_wdata: fffffdff, mem_addr: fffffdff, mem_rdata: 00000000, mem_wdata: 00000000
ClkCycle:       4024, pc_rdata: 000749e0, pc_wdata: 000749e2, insn: 3823852e, mode: 3, rs1_addr:  0, rs1_rdata: 00000000, rs2_addr: 11, rs2_rdata: 00000001, rd_addr: 10, rd_wdata: fffffdff, mem_addr: fffffdff, mem_rdata: 00000000, mem_wdata: fffffdff
ClkCycle:       4025, pc_rdata: 000749e2, pc_wdata: 000749e6, insn: 3823852e, mode: 3, rs1_addr:  0, rs1_rdata: 00000000, rs2_addr:  0, rs2_rdata: 00000000, rd_addr:  0, rd_wdata: 00000000, mem_addr: 00000000, mem_rdata: 00000000, mem_wdata: 00000000
00000000000746c6
ClkCycle:       4026, pc_rdata: 000749e6, pc_wdata: 000749ea, insn: 95930010, mode: 3, rs1_addr:  0, rs1_rdata: 00000000, rs2_addr:  1, rs2_rdata: 000746c6, rd_addr: 16, rd_wdata: 00000010, mem_addr: 00000010, mem_rdata: 00000000, mem_wdata: 000746c6
ClkCycle:       4027, pc_rdata: 000749ea, pc_wdata: 000749ee, insn: 95930010, mode: 3, rs1_addr:  0, rs1_rdata: 00000000, rs2_addr:  0, rs2_rdata: 00000000, rd_addr:  0, rd_wdata: 00000000, mem_addr: 00000000, mem_rdata: 00000000, mem_wdata: 00000000
ClkCycle:       4028, pc_rdata: 000749ee, pc_wdata: 000749f2, insn: 852efff5, mode: 3, rs1_addr: 11, rs1_rdata: fffffdff, rs2_addr: 31, rs2_rdata: 00000000, rd_addr: 11, rd_wdata: 80000000, mem_addr: 80000000, mem_rdata: 00000000, mem_wdata: 00000000
ClkCycle:       4029, pc_rdata: 000749f2, pc_wdata: 000749f6, insn: 852efff5, mode: 3, rs1_addr:  0, rs1_rdata: 00000000, rs2_addr:  0, rs2_rdata: 00000000, rd_addr:  0, rd_wdata: 00000000, mem_addr: 00000000, mem_rdata: 00000000, mem_wdata: 00000000
ClkCycle:       4030, pc_rdata: 000749f6, pc_wdata: 000749f8, insn: 00100593, mode: 3, rs1_addr:  0, rs1_rdata: 00000000, rs2_addr: 11, rs2_rdata: fffffdff, rd_addr: 10, rd_wdata: 80000000, mem_addr: 80000000, mem_rdata: 00000000, mem_wdata: 80000000
ClkCycle:       4031, pc_rdata: 000749f8, pc_wdata: 000749fc, insn: 00100593, mode: 3, rs1_addr:  0, rs1_rdata: 00000000, rs2_addr:  1, rs2_rdata: 000746c6, rd_addr: 11, rd_wdata: 00000001, mem_addr: 00000001, mem_rdata: 00000000, mem_wdata: 000746c6
ClkCycle:       4032, pc_rdata: 000749fc, pc_wdata: 00074a00, insn: 02b59593, mode: 3, rs1_addr: 11, rs1_rdata: 80000000, rs2_addr: 11, rs2_rdata: 80000000, rd_addr: 11, rd_wdata: 00000800, mem_addr: 00000800, mem_rdata: 00000000, mem_wdata: 00000001
ClkCycle:       4033, pc_rdata: 00074a00, pc_wdata: 00074a04, insn: fff5c593, mode: 3, rs1_addr: 11, rs1_rdata: 80000000, rs2_addr: 31, rs2_rdata: 00000000, rd_addr: 11, rd_wdata: fffff7ff, mem_addr: fffff7ff, mem_rdata: 00000000, mem_wdata: 00000000
ClkCycle:       4034, pc_rdata: 00074a04, pc_wdata: 00074a06, insn: 3023852e, mode: 3, rs1_addr:  0, rs1_rdata: 00000000, rs2_addr: 11, rs2_rdata: 00000001, rd_addr: 10, rd_wdata: fffff7ff, mem_addr: fffff7ff, mem_rdata: 00000000, mem_wdata: fffff7ff
ClkCycle:       4035, pc_rdata: 00074a06, pc_wdata: 00074a0a, insn: 3023852e, mode: 3, rs1_addr:  0, rs1_rdata: 00000000, rs2_addr:  0, rs2_rdata: 00000000, rd_addr:  0, rd_wdata: 00000000, mem_addr: 00000000, mem_rdata: 00000000, mem_wdata: 00000000
00000000000746c6
ClkCycle:       4036, pc_rdata: 00074a0a, pc_wdata: 00074a0e, insn: 95930010, mode: 3, rs1_addr:  0, rs1_rdata: 00000000, rs2_addr:  1, rs2_rdata: 000746c6, rd_addr:  0, rd_wdata: 00000000, mem_addr: 00000000, mem_rdata: 00000000, mem_wdata: 000746c6
ClkCycle:       4037, pc_rdata: 00074a0e, pc_wdata: 00074a12, insn: 95930010, mode: 3, rs1_addr:  0, rs1_rdata: 00000000, rs2_addr:  0, rs2_rdata: 00000000, rd_addr:  0, rd_wdata: 00000000, mem_addr: 00000000, mem_rdata: 00000000, mem_wdata: 00000000
ClkCycle:       4038, pc_rdata: 00074a12, pc_wdata: 00074a16, insn: 852efff5, mode: 3, rs1_addr: 11, rs1_rdata: fffff7ff, rs2_addr: 31, rs2_rdata: 00000000, rd_addr: 11, rd_wdata: 80000000, mem_addr: 80000000, mem_rdata: 00000000, mem_wdata: 00000000
ClkCycle:       4039, pc_rdata: 00074a16, pc_wdata: 00074a1a, insn: 852efff5, mode: 3, rs1_addr:  0, rs1_rdata: 00000000, rs2_addr:  0, rs2_rdata: 00000000, rd_addr:  0, rd_wdata: 00000000, mem_addr: 00000000, mem_rdata: 00000000, mem_wdata: 00000000
ClkCycle:       4040, pc_rdata: 00074a1a, pc_wdata: 00074a1c, insn: 00100593, mode: 3, rs1_addr:  0, rs1_rdata: 00000000, rs2_addr: 11, rs2_rdata: fffff7ff, rd_addr: 10, rd_wdata: 80000000, mem_addr: 80000000, mem_rdata: 00000000, mem_wdata: 80000000
ClkCycle:       4041, pc_rdata: 00074a1c, pc_wdata: 00074a20, insn: 00100593, mode: 3, rs1_addr:  0, rs1_rdata: 00000000, rs2_addr:  1, rs2_rdata: 000746c6, rd_addr: 11, rd_wdata: 00000001, mem_addr: 00000001, mem_rdata: 00000000, mem_wdata: 000746c6
ClkCycle:       4042, pc_rdata: 00074a20, pc_wdata: 00074a24, insn: 02d59593, mode: 3, rs1_addr: 11, rs1_rdata: 80000000, rs2_addr: 13, rs2_rdata: 40000000, rd_addr: 11, rd_wdata: 00002000, mem_addr: 00002000, mem_rdata: 00000000, mem_wdata: 40000000
ClkCycle:       4043, pc_rdata: 00074a24, pc_wdata: 00074a28, insn: fff5c593, mode: 3, rs1_addr: 11, rs1_rdata: 80000000, rs2_addr: 31, rs2_rdata: 00000000, rd_addr: 11, rd_wdata: ffffdfff, mem_addr: ffffdfff, mem_rdata: 00000000, mem_wdata: 00000000
ClkCycle:       4044, pc_rdata: 00074a28, pc_wdata: 00074a2a, insn: 3823852e, mode: 3, rs1_addr:  0, rs1_rdata: 00000000, rs2_addr: 11, rs2_rdata: 00000001, rd_addr: 10, rd_wdata: ffffdfff, mem_addr: ffffdfff, mem_rdata: 00000000, mem_wdata: ffffdfff
ClkCycle:       4045, pc_rdata: 00074a2a, pc_wdata: 00074a2e, insn: 3823852e, mode: 3, rs1_addr:  0, rs1_rdata: 00000000, rs2_addr:  0, rs2_rdata: 00000000, rd_addr:  0, rd_wdata: 00000000, mem_addr: 00000000, mem_rdata: 00000000, mem_wdata: 00000000
00000000000746c6
ClkCycle:       4046, pc_rdata: 00074a2e, pc_wdata: 00074a32, insn: 95930010, mode: 3, rs1_addr:  0, rs1_rdata: 00000000, rs2_addr:  1, rs2_rdata: 000746c6, rd_addr: 16, rd_wdata: 00000010, mem_addr: 00000010, mem_rdata: 00000000, mem_wdata: 000746c6
ClkCycle:       4047, pc_rdata: 00074a32, pc_wdata: 00074a36, insn: 95930010, mode: 3, rs1_addr:  0, rs1_rdata: 00000000, rs2_addr:  0, rs2_rdata: 00000000, rd_addr:  0, rd_wdata: 00000000, mem_addr: 00000000, mem_rdata: 00000000, mem_wdata: 00000000
ClkCycle:       4048, pc_rdata: 00074a36, pc_wdata: 00074a3a, insn: 852efff5, mode: 3, rs1_addr: 11, rs1_rdata: ffffdfff, rs2_addr: 31, rs2_rdata: 00000000, rd_addr: 11, rd_wdata: 80000000, mem_addr: 80000000, mem_rdata: 00000000, mem_wdata: 00000000
ClkCycle:       4049, pc_rdata: 00074a3a, pc_wdata: 00074a3e, insn: 852efff5, mode: 3, rs1_addr:  0, rs1_rdata: 00000000, rs2_addr:  0, rs2_rdata: 00000000, rd_addr:  0, rd_wdata: 00000000, mem_addr: 00000000, mem_rdata: 00000000, mem_wdata: 00000000
ClkCycle:       4050, pc_rdata: 00074a3e, pc_wdata: 00074a40, insn: 00100593, mode: 3, rs1_addr:  0, rs1_rdata: 00000000, rs2_addr: 11, rs2_rdata: ffffdfff, rd_addr: 10, rd_wdata: 80000000, mem_addr: 80000000, mem_rdata: 00000000, mem_wdata: 80000000
ClkCycle:       4051, pc_rdata: 00074a40, pc_wdata: 00074a44, insn: 00100593, mode: 3, rs1_addr:  0, rs1_rdata: 00000000, rs2_addr:  1, rs2_rdata: 000746c6, rd_addr: 11, rd_wdata: 00000001, mem_addr: 00000001, mem_rdata: 00000000, mem_wdata: 000746c6
ClkCycle:       4052, pc_rdata: 00074a44, pc_wdata: 00074a48, insn: 02f59593, mode: 3, rs1_addr: 11, rs1_rdata: 80000000, rs2_addr: 15, rs2_rdata: 03c00000, rd_addr: 11, rd_wdata: 00008000, mem_addr: 00008000, mem_rdata: 00000000, mem_wdata: 03c00000
ClkCycle:       4053, pc_rdata: 00074a48, pc_wdata: 00074a4c, insn: fff5c593, mode: 3, rs1_addr: 11, rs1_rdata: 80000000, rs2_addr: 31, rs2_rdata: 00000000, rd_addr: 11, rd_wdata: ffff7fff, mem_addr: ffff7fff, mem_rdata: 00000000, mem_wdata: 00000000
ClkCycle:       4054, pc_rdata: 00074a4c, pc_wdata: 00074a4e, insn: 3023852e, mode: 3, rs1_addr:  0, rs1_rdata: 00000000, rs2_addr: 11, rs2_rdata: 00000001, rd_addr: 10, rd_wdata: ffff7fff, mem_addr: ffff7fff, mem_rdata: 00000000, mem_wdata: ffff7fff
ClkCycle:       4055, pc_rdata: 00074a4e, pc_wdata: 00074a52, insn: 3023852e, mode: 3, rs1_addr:  0, rs1_rdata: 00000000, rs2_addr:  0, rs2_rdata: 00000000, rd_addr:  0, rd_wdata: 00000000, mem_addr: 00000000, mem_rdata: 00000000, mem_wdata: 00000000
00000000000746c6
ClkCycle:       4056, pc_rdata: 00074a52, pc_wdata: 00074a56, insn: 95930010, mode: 3, rs1_addr:  0, rs1_rdata: 00000000, rs2_addr:  1, rs2_rdata: 000746c6, rd_addr:  0, rd_wdata: 00000000, mem_addr: 00000000, mem_rdata: 00000000, mem_wdata: 000746c6
ClkCycle:       4057, pc_rdata: 00074a56, pc_wdata: 00074a5a, insn: 95930010, mode: 3, rs1_addr:  0, rs1_rdata: 00000000, rs2_addr:  0, rs2_rdata: 00000000, rd_addr:  0, rd_wdata: 00000000, mem_addr: 00000000, mem_rdata: 00000000, mem_wdata: 00000000
ClkCycle:       4058, pc_rdata: 00074a5a, pc_wdata: 00074a5e, insn: 852efff5, mode: 3, rs1_addr: 11, rs1_rdata: ffff7fff, rs2_addr: 31, rs2_rdata: 00000000, rd_addr: 11, rd_wdata: 80000000, mem_addr: 80000000, mem_rdata: 00000000, mem_wdata: 00000000
ClkCycle:       4059, pc_rdata: 00074a5e, pc_wdata: 00074a62, insn: 852efff5, mode: 3, rs1_addr:  0, rs1_rdata: 00000000, rs2_addr:  0, rs2_rdata: 00000000, rd_addr:  0, rd_wdata: 00000000, mem_addr: 00000000, mem_rdata: 00000000, mem_wdata: 00000000
ClkCycle:       4060, pc_rdata: 00074a62, pc_wdata: 00074a64, insn: 00100593, mode: 3, rs1_addr:  0, rs1_rdata: 00000000, rs2_addr: 11, rs2_rdata: ffff7fff, rd_addr: 10, rd_wdata: 80000000, mem_addr: 80000000, mem_rdata: 00000000, mem_wdata: 80000000
ClkCycle:       4061, pc_rdata: 00074a64, pc_wdata: 00074a68, insn: 00100593, mode: 3, rs1_addr:  0, rs1_rdata: 00000000, rs2_addr:  1, rs2_rdata: 000746c6, rd_addr: 11, rd_wdata: 00000001, mem_addr: 00000001, mem_rdata: 00000000, mem_wdata: 000746c6
ClkCycle:       4062, pc_rdata: 00074a68, pc_wdata: 00074a6c, insn: 03159593, mode: 3, rs1_addr: 11, rs1_rdata: 80000000, rs2_addr: 17, rs2_rdata: 000000fe, rd_addr: 11, rd_wdata: 00020000, mem_addr: 00020000, mem_rdata: 00000000, mem_wdata: 000000fe
ClkCycle:       4063, pc_rdata: 00074a6c, pc_wdata: 00074a70, insn: fff5c593, mode: 3, rs1_addr: 11, rs1_rdata: 80000000, rs2_addr: 31, rs2_rdata: 00000000, rd_addr: 11, rd_wdata: fffdffff, mem_addr: fffdffff, mem_rdata: 00000000, mem_wdata: 00000000
ClkCycle:       4064, pc_rdata: 00074a70, pc_wdata: 00074a72, insn: 3823852e, mode: 3, rs1_addr:  0, rs1_rdata: 00000000, rs2_addr: 11, rs2_rdata: 00000001, rd_addr: 10, rd_wdata: fffdffff, mem_addr: fffdffff, mem_rdata: 00000000, mem_wdata: fffdffff
ClkCycle:       4065, pc_rdata: 00074a72, pc_wdata: 00074a76, insn: 3823852e, mode: 3, rs1_addr:  0, rs1_rdata: 00000000, rs2_addr:  0, rs2_rdata: 00000000, rd_addr:  0, rd_wdata: 00000000, mem_addr: 00000000, mem_rdata: 00000000, mem_wdata: 00000000
00000000000746c6
ClkCycle:       4066, pc_rdata: 00074a76, pc_wdata: 00074a7a, insn: 95930010, mode: 3, rs1_addr:  0, rs1_rdata: 00000000, rs2_addr:  1, rs2_rdata: 000746c6, rd_addr: 16, rd_wdata: 00000010, mem_addr: 00000010, mem_rdata: 00000000, mem_wdata: 000746c6
ClkCycle:       4067, pc_rdata: 00074a7a, pc_wdata: 00074a7e, insn: 95930010, mode: 3, rs1_addr:  0, rs1_rdata: 00000000, rs2_addr:  0, rs2_rdata: 00000000, rd_addr:  0, rd_wdata: 00000000, mem_addr: 00000000, mem_rdata: 00000000, mem_wdata: 00000000
ClkCycle:       4068, pc_rdata: 00074a7e, pc_wdata: 00074a82, insn: 852efff5, mode: 3, rs1_addr: 11, rs1_rdata: fffdffff, rs2_addr: 31, rs2_rdata: 00000000, rd_addr: 11, rd_wdata: 80000000, mem_addr: 80000000, mem_rdata: 00000000, mem_wdata: 00000000
ClkCycle:       4069, pc_rdata: 00074a82, pc_wdata: 00074a86, insn: 852efff5, mode: 3, rs1_addr:  0, rs1_rdata: 00000000, rs2_addr:  0, rs2_rdata: 00000000, rd_addr:  0, rd_wdata: 00000000, mem_addr: 00000000, mem_rdata: 00000000, mem_wdata: 00000000
ClkCycle:       4070, pc_rdata: 00074a86, pc_wdata: 00074a88, insn: 00100593, mode: 3, rs1_addr:  0, rs1_rdata: 00000000, rs2_addr: 11, rs2_rdata: fffdffff, rd_addr: 10, rd_wdata: 80000000, mem_addr: 80000000, mem_rdata: 00000000, mem_wdata: 80000000
ClkCycle:       4071, pc_rdata: 00074a88, pc_wdata: 00074a8c, insn: 00100593, mode: 3, rs1_addr:  0, rs1_rdata: 00000000, rs2_addr:  1, rs2_rdata: 000746c6, rd_addr: 11, rd_wdata: 00000001, mem_addr: 00000001, mem_rdata: 00000000, mem_wdata: 000746c6
ClkCycle:       4072, pc_rdata: 00074a8c, pc_wdata: 00074a90, insn: 03359593, mode: 3, rs1_addr: 11, rs1_rdata: 80000000, rs2_addr: 19, rs2_rdata: 00000000, rd_addr: 11, rd_wdata: 00080000, mem_addr: 00080000, mem_rdata: 00000000, mem_wdata: 00000000
ClkCycle:       4073, pc_rdata: 00074a90, pc_wdata: 00074a94, insn: fff5c593, mode: 3, rs1_addr: 11, rs1_rdata: 80000000, rs2_addr: 31, rs2_rdata: 00000000, rd_addr: 11, rd_wdata: fff7ffff, mem_addr: fff7ffff, mem_rdata: 00000000, mem_wdata: 00000000
ClkCycle:       4074, pc_rdata: 00074a94, pc_wdata: 00074a96, insn: 3023852e, mode: 3, rs1_addr:  0, rs1_rdata: 00000000, rs2_addr: 11, rs2_rdata: 00000001, rd_addr: 10, rd_wdata: fff7ffff, mem_addr: fff7ffff, mem_rdata: 00000000, mem_wdata: fff7ffff
ClkCycle:       4075, pc_rdata: 00074a96, pc_wdata: 00074a9a, insn: 3023852e, mode: 3, rs1_addr:  0, rs1_rdata: 00000000, rs2_addr:  0, rs2_rdata: 00000000, rd_addr:  0, rd_wdata: 00000000, mem_addr: 00000000, mem_rdata: 00000000, mem_wdata: 00000000
00000000000746c6
ClkCycle:       4076, pc_rdata: 00074a9a, pc_wdata: 00074a9e, insn: 95930010, mode: 3, rs1_addr:  0, rs1_rdata: 00000000, rs2_addr:  1, rs2_rdata: 000746c6, rd_addr:  0, rd_wdata: 00000000, mem_addr: 00000000, mem_rdata: 00000000, mem_wdata: 000746c6
ClkCycle:       4077, pc_rdata: 00074a9e, pc_wdata: 00074aa2, insn: 95930010, mode: 3, rs1_addr:  0, rs1_rdata: 00000000, rs2_addr:  0, rs2_rdata: 00000000, rd_addr:  0, rd_wdata: 00000000, mem_addr: 00000000, mem_rdata: 00000000, mem_wdata: 00000000
ClkCycle:       4078, pc_rdata: 00074aa2, pc_wdata: 00074aa6, insn: 852efff5, mode: 3, rs1_addr: 11, rs1_rdata: fff7ffff, rs2_addr: 31, rs2_rdata: 00000000, rd_addr: 11, rd_wdata: 80000000, mem_addr: 80000000, mem_rdata: 00000000, mem_wdata: 00000000
ClkCycle:       4079, pc_rdata: 00074aa6, pc_wdata: 00074aaa, insn: 852efff5, mode: 3, rs1_addr:  0, rs1_rdata: 00000000, rs2_addr:  0, rs2_rdata: 00000000, rd_addr:  0, rd_wdata: 00000000, mem_addr: 00000000, mem_rdata: 00000000, mem_wdata: 00000000
ClkCycle:       4080, pc_rdata: 00074aaa, pc_wdata: 00074aac, insn: 00100593, mode: 3, rs1_addr:  0, rs1_rdata: 00000000, rs2_addr: 11, rs2_rdata: fff7ffff, rd_addr: 10, rd_wdata: 80000000, mem_addr: 80000000, mem_rdata: 00000000, mem_wdata: 80000000
ClkCycle:       4081, pc_rdata: 00074aac, pc_wdata: 00074ab0, insn: 00100593, mode: 3, rs1_addr:  0, rs1_rdata: 00000000, rs2_addr:  1, rs2_rdata: 000746c6, rd_addr: 11, rd_wdata: 00000001, mem_addr: 00000001, mem_rdata: 00000000, mem_wdata: 000746c6
ClkCycle:       4082, pc_rdata: 00074ab0, pc_wdata: 00074ab4, insn: 03559593, mode: 3, rs1_addr: 11, rs1_rdata: 80000000, rs2_addr: 21, rs2_rdata: eedbfbff, rd_addr: 11, rd_wdata: 00200000, mem_addr: 00200000, mem_rdata: 00000000, mem_wdata: eedbfbff
ClkCycle:       4083, pc_rdata: 00074ab4, pc_wdata: 00074ab8, insn: fff5c593, mode: 3, rs1_addr: 11, rs1_rdata: 80000000, rs2_addr: 31, rs2_rdata: 00000000, rd_addr: 11, rd_wdata: ffdfffff, mem_addr: ffdfffff, mem_rdata: 00000000, mem_wdata: 00000000
ClkCycle:       4084, pc_rdata: 00074ab8, pc_wdata: 00074aba, insn: 3823852e, mode: 3, rs1_addr:  0, rs1_rdata: 00000000, rs2_addr: 11, rs2_rdata: 00000001, rd_addr: 10, rd_wdata: ffdfffff, mem_addr: ffdfffff, mem_rdata: 00000000, mem_wdata: ffdfffff
ClkCycle:       4085, pc_rdata: 00074aba, pc_wdata: 00074abe, insn: 3823852e, mode: 3, rs1_addr:  0, rs1_rdata: 00000000, rs2_addr:  0, rs2_rdata: 00000000, rd_addr:  0, rd_wdata: 00000000, mem_addr: 00000000, mem_rdata: 00000000, mem_wdata: 00000000
00000000000746c6
ClkCycle:       4086, pc_rdata: 00074abe, pc_wdata: 00074ac2, insn: 95930010, mode: 3, rs1_addr:  0, rs1_rdata: 00000000, rs2_addr:  1, rs2_rdata: 000746c6, rd_addr: 16, rd_wdata: 00000010, mem_addr: 00000010, mem_rdata: 00000000, mem_wdata: 000746c6
ClkCycle:       4087, pc_rdata: 00074ac2, pc_wdata: 00074ac6, insn: 95930010, mode: 3, rs1_addr:  0, rs1_rdata: 00000000, rs2_addr:  0, rs2_rdata: 00000000, rd_addr:  0, rd_wdata: 00000000, mem_addr: 00000000, mem_rdata: 00000000, mem_wdata: 00000000
ClkCycle:       4088, pc_rdata: 00074ac6, pc_wdata: 00074aca, insn: 852efff5, mode: 3, rs1_addr: 11, rs1_rdata: ffdfffff, rs2_addr: 31, rs2_rdata: 00000000, rd_addr: 11, rd_wdata: 80000000, mem_addr: 80000000, mem_rdata: 00000000, mem_wdata: 00000000
ClkCycle:       4089, pc_rdata: 00074aca, pc_wdata: 00074ace, insn: 852efff5, mode: 3, rs1_addr:  0, rs1_rdata: 00000000, rs2_addr:  0, rs2_rdata: 00000000, rd_addr:  0, rd_wdata: 00000000, mem_addr: 00000000, mem_rdata: 00000000, mem_wdata: 00000000
ClkCycle:       4090, pc_rdata: 00074ace, pc_wdata: 00074ad0, insn: 00100593, mode: 3, rs1_addr:  0, rs1_rdata: 00000000, rs2_addr: 11, rs2_rdata: ffdfffff, rd_addr: 10, rd_wdata: 80000000, mem_addr: 80000000, mem_rdata: 00000000, mem_wdata: 80000000
ClkCycle:       4091, pc_rdata: 00074ad0, pc_wdata: 00074ad4, insn: 00100593, mode: 3, rs1_addr:  0, rs1_rdata: 00000000, rs2_addr:  1, rs2_rdata: 000746c6, rd_addr: 11, rd_wdata: 00000001, mem_addr: 00000001, mem_rdata: 00000000, mem_wdata: 000746c6
ClkCycle:       4092, pc_rdata: 00074ad4, pc_wdata: 00074ad8, insn: 03759593, mode: 3, rs1_addr: 11, rs1_rdata: 80000000, rs2_addr: 23, rs2_rdata: 00000000, rd_addr: 11, rd_wdata: 00800000, mem_addr: 00800000, mem_rdata: 00000000, mem_wdata: 00000000
ClkCycle:       4093, pc_rdata: 00074ad8, pc_wdata: 00074adc, insn: fff5c593, mode: 3, rs1_addr: 11, rs1_rdata: 80000000, rs2_addr: 31, rs2_rdata: 00000000, rd_addr: 11, rd_wdata: ff7fffff, mem_addr: ff7fffff, mem_rdata: 00000000, mem_wdata: 00000000
ClkCycle:       4094, pc_rdata: 00074adc, pc_wdata: 00074ade, insn: 3023852e, mode: 3, rs1_addr:  0, rs1_rdata: 00000000, rs2_addr: 11, rs2_rdata: 00000001, rd_addr: 10, rd_wdata: ff7fffff, mem_addr: ff7fffff, mem_rdata: 00000000, mem_wdata: ff7fffff
ClkCycle:       4095, pc_rdata: 00074ade, pc_wdata: 00074ae2, insn: 3023852e, mode: 3, rs1_addr:  0, rs1_rdata: 00000000, rs2_addr:  0, rs2_rdata: 00000000, rd_addr:  0, rd_wdata: 00000000, mem_addr: 00000000, mem_rdata: 00000000, mem_wdata: 00000000
00000000000746c6
ClkCycle:       4096, pc_rdata: 00074ae2, pc_wdata: 00074ae6, insn: 95930010, mode: 3, rs1_addr:  0, rs1_rdata: 00000000, rs2_addr:  1, rs2_rdata: 000746c6, rd_addr:  0, rd_wdata: 00000000, mem_addr: 00000000, mem_rdata: 00000000, mem_wdata: 000746c6
ClkCycle:       4097, pc_rdata: 00074ae6, pc_wdata: 00074aea, insn: 95930010, mode: 3, rs1_addr:  0, rs1_rdata: 00000000, rs2_addr:  0, rs2_rdata: 00000000, rd_addr:  0, rd_wdata: 00000000, mem_addr: 00000000, mem_rdata: 00000000, mem_wdata: 00000000
ClkCycle:       4098, pc_rdata: 00074aea, pc_wdata: 00074aee, insn: 852efff5, mode: 3, rs1_addr: 11, rs1_rdata: ff7fffff, rs2_addr: 31, rs2_rdata: 00000000, rd_addr: 11, rd_wdata: 80000000, mem_addr: 80000000, mem_rdata: 00000000, mem_wdata: 00000000
ClkCycle:       4099, pc_rdata: 00074aee, pc_wdata: 00074af2, insn: 852efff5, mode: 3, rs1_addr:  0, rs1_rdata: 00000000, rs2_addr:  0, rs2_rdata: 00000000, rd_addr:  0, rd_wdata: 00000000, mem_addr: 00000000, mem_rdata: 00000000, mem_wdata: 00000000
ClkCycle:       4100, pc_rdata: 00074af2, pc_wdata: 00074af4, insn: 00100593, mode: 3, rs1_addr:  0, rs1_rdata: 00000000, rs2_addr: 11, rs2_rdata: ff7fffff, rd_addr: 10, rd_wdata: 80000000, mem_addr: 80000000, mem_rdata: 00000000, mem_wdata: 80000000
ClkCycle:       4101, pc_rdata: 00074af4, pc_wdata: 00074af8, insn: 00100593, mode: 3, rs1_addr:  0, rs1_rdata: 00000000, rs2_addr:  1, rs2_rdata: 000746c6, rd_addr: 11, rd_wdata: 00000001, mem_addr: 00000001, mem_rdata: 00000000, mem_wdata: 000746c6
ClkCycle:       4102, pc_rdata: 00074af8, pc_wdata: 00074afc, insn: 03959593, mode: 3, rs1_addr: 11, rs1_rdata: 80000000, rs2_addr: 25, rs2_rdata: 00080000, rd_addr: 11, rd_wdata: 02000000, mem_addr: 02000000, mem_rdata: 00000000, mem_wdata: 00080000
ClkCycle:       4103, pc_rdata: 00074afc, pc_wdata: 00074b00, insn: fff5c593, mode: 3, rs1_addr: 11, rs1_rdata: 80000000, rs2_addr: 31, rs2_rdata: 00000000, rd_addr: 11, rd_wdata: fdffffff, mem_addr: fdffffff, mem_rdata: 00000000, mem_wdata: 00000000
ClkCycle:       4104, pc_rdata: 00074b00, pc_wdata: 00074b02, insn: 3823852e, mode: 3, rs1_addr:  0, rs1_rdata: 00000000, rs2_addr: 11, rs2_rdata: 00000001, rd_addr: 10, rd_wdata: fdffffff, mem_addr: fdffffff, mem_rdata: 00000000, mem_wdata: fdffffff
ClkCycle:       4105, pc_rdata: 00074b02, pc_wdata: 00074b06, insn: 3823852e, mode: 3, rs1_addr:  0, rs1_rdata: 00000000, rs2_addr:  0, rs2_rdata: 00000000, rd_addr:  0, rd_wdata: 00000000, mem_addr: 00000000, mem_rdata: 00000000, mem_wdata: 00000000
00000000000746c6
ClkCycle:       4106, pc_rdata: 00074b06, pc_wdata: 00074b0a, insn: 95930010, mode: 3, rs1_addr:  0, rs1_rdata: 00000000, rs2_addr:  1, rs2_rdata: 000746c6, rd_addr: 16, rd_wdata: 00000010, mem_addr: 00000010, mem_rdata: 00000000, mem_wdata: 000746c6
ClkCycle:       4107, pc_rdata: 00074b0a, pc_wdata: 00074b0e, insn: 95930010, mode: 3, rs1_addr:  0, rs1_rdata: 00000000, rs2_addr:  0, rs2_rdata: 00000000, rd_addr:  0, rd_wdata: 00000000, mem_addr: 00000000, mem_rdata: 00000000, mem_wdata: 00000000
ClkCycle:       4108, pc_rdata: 00074b0e, pc_wdata: 00074b12, insn: 852efff5, mode: 3, rs1_addr: 11, rs1_rdata: fdffffff, rs2_addr: 31, rs2_rdata: 00000000, rd_addr: 11, rd_wdata: 80000000, mem_addr: 80000000, mem_rdata: 00000000, mem_wdata: 00000000
ClkCycle:       4109, pc_rdata: 00074b12, pc_wdata: 00074b16, insn: 852efff5, mode: 3, rs1_addr:  0, rs1_rdata: 00000000, rs2_addr:  0, rs2_rdata: 00000000, rd_addr:  0, rd_wdata: 00000000, mem_addr: 00000000, mem_rdata: 00000000, mem_wdata: 00000000
ClkCycle:       4110, pc_rdata: 00074b16, pc_wdata: 00074b18, insn: 00100593, mode: 3, rs1_addr:  0, rs1_rdata: 00000000, rs2_addr: 11, rs2_rdata: fdffffff, rd_addr: 10, rd_wdata: 80000000, mem_addr: 80000000, mem_rdata: 00000000, mem_wdata: 80000000
ClkCycle:       4111, pc_rdata: 00074b18, pc_wdata: 00074b1c, insn: 00100593, mode: 3, rs1_addr:  0, rs1_rdata: 00000000, rs2_addr:  1, rs2_rdata: 000746c6, rd_addr: 11, rd_wdata: 00000001, mem_addr: 00000001, mem_rdata: 00000000, mem_wdata: 000746c6
ClkCycle:       4112, pc_rdata: 00074b1c, pc_wdata: 00074b20, insn: 03b59593, mode: 3, rs1_addr: 11, rs1_rdata: 80000000, rs2_addr: 27, rs2_rdata: 40000000, rd_addr: 11, rd_wdata: 08000000, mem_addr: 08000000, mem_rdata: 00000000, mem_wdata: 40000000
ClkCycle:       4113, pc_rdata: 00074b20, pc_wdata: 00074b24, insn: fff5c593, mode: 3, rs1_addr: 11, rs1_rdata: 80000000, rs2_addr: 31, rs2_rdata: 00000000, rd_addr: 11, rd_wdata: f7ffffff, mem_addr: f7ffffff, mem_rdata: 00000000, mem_wdata: 00000000
ClkCycle:       4114, pc_rdata: 00074b24, pc_wdata: 00074b26, insn: 3023852e, mode: 3, rs1_addr:  0, rs1_rdata: 00000000, rs2_addr: 11, rs2_rdata: 00000001, rd_addr: 10, rd_wdata: f7ffffff, mem_addr: f7ffffff, mem_rdata: 00000000, mem_wdata: f7ffffff
ClkCycle:       4115, pc_rdata: 00074b26, pc_wdata: 00074b2a, insn: 3023852e, mode: 3, rs1_addr:  0, rs1_rdata: 00000000, rs2_addr:  0, rs2_rdata: 00000000, rd_addr:  0, rd_wdata: 00000000, mem_addr: 00000000, mem_rdata: 00000000, mem_wdata: 00000000
00000000000746c6
ClkCycle:       4116, pc_rdata: 00074b2a, pc_wdata: 00074b2e, insn: 95930010, mode: 3, rs1_addr:  0, rs1_rdata: 00000000, rs2_addr:  1, rs2_rdata: 000746c6, rd_addr:  0, rd_wdata: 00000000, mem_addr: 00000000, mem_rdata: 00000000, mem_wdata: 000746c6
ClkCycle:       4117, pc_rdata: 00074b2e, pc_wdata: 00074b32, insn: 95930010, mode: 3, rs1_addr:  0, rs1_rdata: 00000000, rs2_addr:  0, rs2_rdata: 00000000, rd_addr:  0, rd_wdata: 00000000, mem_addr: 00000000, mem_rdata: 00000000, mem_wdata: 00000000
ClkCycle:       4118, pc_rdata: 00074b32, pc_wdata: 00074b36, insn: 852efff5, mode: 3, rs1_addr: 11, rs1_rdata: f7ffffff, rs2_addr: 31, rs2_rdata: 00000000, rd_addr: 11, rd_wdata: 80000000, mem_addr: 80000000, mem_rdata: 00000000, mem_wdata: 00000000
ClkCycle:       4119, pc_rdata: 00074b36, pc_wdata: 00074b3a, insn: 852efff5, mode: 3, rs1_addr:  0, rs1_rdata: 00000000, rs2_addr:  0, rs2_rdata: 00000000, rd_addr:  0, rd_wdata: 00000000, mem_addr: 00000000, mem_rdata: 00000000, mem_wdata: 00000000
ClkCycle:       4120, pc_rdata: 00074b3a, pc_wdata: 00074b3c, insn: 02000593, mode: 3, rs1_addr:  0, rs1_rdata: 00000000, rs2_addr: 11, rs2_rdata: f7ffffff, rd_addr: 10, rd_wdata: 80000000, mem_addr: 80000000, mem_rdata: 00000000, mem_wdata: 80000000
ClkCycle:       4121, pc_rdata: 00074b3c, pc_wdata: 00074b40, insn: 02000593, mode: 3, rs1_addr:  0, rs1_rdata: 00000000, rs2_addr:  0, rs2_rdata: 00000000, rd_addr: 11, rd_wdata: 00000020, mem_addr: 00000020, mem_rdata: 00000000, mem_wdata: 00000000
ClkCycle:       4122, pc_rdata: 00074b40, pc_wdata: 00074b42, insn: 3823852e, mode: 3, rs1_addr:  0, rs1_rdata: 00000000, rs2_addr: 11, rs2_rdata: 80000000, rd_addr: 10, rd_wdata: 00000020, mem_addr: 00000020, mem_rdata: 00000000, mem_wdata: 00000020
ClkCycle:       4123, pc_rdata: 00074b42, pc_wdata: 00074b46, insn: 3823852e, mode: 3, rs1_addr:  0, rs1_rdata: 00000000, rs2_addr:  0, rs2_rdata: 00000000, rd_addr:  0, rd_wdata: 00000000, mem_addr: 00000000, mem_rdata: 00000000, mem_wdata: 00000000
0000000000800000
ClkCycle:       4124, pc_rdata: 00074b46, pc_wdata: 00074b4a, insn: 34830380, mode: 3, rs1_addr:  0, rs1_rdata: 00000000, rs2_addr: 24, rs2_rdata: 00800000, rd_addr: 16, rd_wdata: 00000030, mem_addr: 00000030, mem_rdata: 00000000, mem_wdata: 00800000
ClkCycle:       4125, pc_rdata: 00074b4a, pc_wdata: 00074b4e, insn: 34830380, mode: 3, rs1_addr:  0, rs1_rdata: 00000000, rs2_addr:  0, rs2_rdata: 00000000, rd_addr:  0, rd_wdata: 00000000, mem_addr: 00000000, mem_rdata: 00000000, mem_wdata: 00000000
ClkCycle:       4126, pc_rdata: 00074b4e, pc_wdata: 00074b52, insn: 03332001, mode: 3, rs1_addr:  2, rs1_rdata: fbffdf28, rs2_addr:  0, rs2_rdata: 00000000, rd_addr:  9, rd_wdata: 00000000, mem_addr: fbffe128, mem_rdata: 00000000, mem_wdata: 00000000
ClkCycle:       4127, pc_rdata: 00074b52, pc_wdata: 00074b56, insn: 03332001, mode: 3, rs1_addr:  0, rs1_rdata: 00000000, rs2_addr:  0, rs2_rdata: 00000000, rd_addr:  0, rd_wdata: 00000000, mem_addr: 00000000, mem_rdata: 00000000, mem_wdata: 00000000
ClkCycle:       4128, pc_rdata: 00074b56, pc_wdata: 00074b5a, insn: 03130000, mode: 3, rs1_addr:  0, rs1_rdata: 00000000, rs2_addr:  0, rs2_rdata: 00000000, rd_addr:  6, rd_wdata: 00000000, mem_addr: 00000000, mem_rdata: 00000000, mem_wdata: 00000000
ClkCycle:       4129, pc_rdata: 00074b5a, pc_wdata: 00074b5e, insn: 03130000, mode: 3, rs1_addr:  0, rs1_rdata: 00000000, rs2_addr:  0, rs2_rdata: 00000000, rd_addr:  0, rd_wdata: 00000000, mem_addr: 00000000, mem_rdata: 00000000, mem_wdata: 00000000
ClkCycle:       4130, pc_rdata: 00074b5e, pc_wdata: 00074b62, insn: 031300b3, mode: 3, rs1_addr:  6, rs1_rdata: ffe00000, rs2_addr: 11, rs2_rdata: 00000020, rd_addr:  6, rd_wdata: 0000000b, mem_addr: 0000000b, mem_rdata: 00000000, mem_wdata: 00000020
ClkCycle:       4131, pc_rdata: 00074b62, pc_wdata: 00074b66, insn: 031300b3, mode: 3, rs1_addr:  0, rs1_rdata: 00000000, rs2_addr:  0, rs2_rdata: 00000000, rd_addr:  0, rd_wdata: 00000000, mem_addr: 00000000, mem_rdata: 00000000, mem_wdata: 00000000
ClkCycle:       4132, pc_rdata: 00074b66, pc_wdata: 00074b6a, insn: 031300b3, mode: 3, rs1_addr:  6, rs1_rdata: 00000000, rs2_addr: 11, rs2_rdata: 00000020, rd_addr:  6, rd_wdata: 00000016, mem_addr: 00000016, mem_rdata: 00000000, mem_wdata: 00000020
ClkCycle:       4133, pc_rdata: 00074b6a, pc_wdata: 00074b6e, insn: 031300b3, mode: 3, rs1_addr:  0, rs1_rdata: 00000000, rs2_addr:  0, rs2_rdata: 00000000, rd_addr:  0, rd_wdata: 00000000, mem_addr: 00000000, mem_rdata: 00000000, mem_wdata: 00000000
ClkCycle:       4134, pc_rdata: 00074b6e, pc_wdata: 00074b72, insn: 031300a3, mode: 3, rs1_addr:  6, rs1_rdata: 0000000b, rs2_addr: 10, rs2_rdata: 00000020, rd_addr:  6, rd_wdata: 00000020, mem_addr: 00000020, mem_rdata: 00000000, mem_wdata: 00000020
ClkCycle:       4135, pc_rdata: 00074b72, pc_wdata: 00074b76, insn: 031300a3, mode: 3, rs1_addr:  0, rs1_rdata: 00000000, rs2_addr:  0, rs2_rdata: 00000000, rd_addr:  0, rd_wdata: 00000000, mem_addr: 00000000, mem_rdata: 00000000, mem_wdata: 00000000
ClkCycle:       4136, pc_rdata: 00074b76, pc_wdata: 00074b7a, insn: 006ffe64, mode: 3, rs1_addr:  8, rs1_rdata: fbffe010, rs2_addr:  6, rs2_rdata: 00000016, rd_addr:  6, rd_wdata: fbffdff6, mem_addr: fbffdff6, mem_rdata: 00000000, mem_wdata: 00000020
ClkCycle:       4137, pc_rdata: 00074b7a, pc_wdata: 00074b7e, insn: 006ffe64, mode: 3, rs1_addr:  0, rs1_rdata: 00000000, rs2_addr:  0, rs2_rdata: 00000000, rd_addr:  0, rd_wdata: 00000000, mem_addr: 00000000, mem_rdata: 00000000, mem_wdata: 00000000
ClkCycle:       4138, pc_rdata: 00074b7e, pc_wdata: 00074b82, insn: 00000f17, mode: 3, rs1_addr: 14, rs1_rdata: 0000000f, rs2_addr: 17, rs2_rdata: 000000fe, rd_addr:  0, rd_wdata: 00074b82, mem_addr: 000708ff, mem_rdata: 00000000, mem_wdata: 000000fe
ClkCycle:       4139, pc_rdata: 00074b82, pc_wdata: 000e546e, insn: 00000f17, mode: 3, rs1_addr:  0, rs1_rdata: 00000000, rs2_addr:  0, rs2_rdata: 00000000, rd_addr:  0, rd_wdata: 00000000, mem_addr: 00000000, mem_rdata: 00000000, mem_wdata: 00000000
ClkCycle:       6929, pc_rdata: 000e8002, pc_wdata: 000e8004, insn: ddb80813, mode: 3, rs1_addr:  2, rs1_rdata: fbffdf28, rs2_addr:  0, rs2_rdata: 00000000, rd_addr:  8, rd_wdata: fbffdf28, mem_addr: fbffdf28, mem_rdata: 00000000, mem_wdata: 00000000
ClkCycle:       6930, pc_rdata: 000e8004, pc_wdata: 000e8008, insn: ddb80813, mode: 3, rs1_addr: 16, rs1_rdata: 00000000, rs2_addr: 27, rs2_rdata: 40000000, rd_addr: 16, rd_wdata: fffffddb, mem_addr: fffffddb, mem_rdata: 00000000, mem_wdata: 40000000
ClkCycle:       6931, pc_rdata: 000e8008, pc_wdata: 000e800c, insn: 00b81813, mode: 3, rs1_addr: 16, rs1_rdata: 00000000, rs2_addr: 11, rs2_rdata: 00000020, rd_addr: 16, rd_wdata: ffeed800, mem_addr: ffeed800, mem_rdata: 00000000, mem_wdata: 00000020
ClkCycle:       6932, pc_rdata: 000e800c, pc_wdata: 000e8010, insn: 3ea80813, mode: 3, rs1_addr: 16, rs1_rdata: 00000000, rs2_addr: 10, rs2_rdata: 00000020, rd_addr: 16, rd_wdata: ffeedbea, mem_addr: ffeedbea, mem_rdata: 00000000, mem_wdata: 00000020
ClkCycle:       6933, pc_rdata: 000e8010, pc_wdata: 000e8014, insn: 00b81813, mode: 3, rs1_addr: 16, rs1_rdata: fffffddb, rs2_addr: 11, rs2_rdata: 00000020, rd_addr: 16, rd_wdata: 76df5000, mem_addr: 76df5000, mem_rdata: 00000000, mem_wdata: 00000020
ClkCycle:       6934, pc_rdata: 000e8014, pc_wdata: 000e8018, insn: 6ff80813, mode: 3, rs1_addr: 16, rs1_rdata: ffeed800, rs2_addr: 31, rs2_rdata: 00000000, rd_addr: 16, rd_wdata: 76df56ff, mem_addr: 76df56ff, mem_rdata: 00000000, mem_wdata: 00000000
ClkCycle:       6935, pc_rdata: 000e8018, pc_wdata: 000e801c, insn: 00a81813, mode: 3, rs1_addr: 16, rs1_rdata: ffeedbea, rs2_addr: 10, rs2_rdata: 00000020, rd_addr: 16, rd_wdata: 7d5bfc00, mem_addr: 7d5bfc00, mem_rdata: 00000000, mem_wdata: 00000020
ClkCycle:       6936, pc_rdata: 000e801c, pc_wdata: 000e8020, insn: 1db80813, mode: 3, rs1_addr: 16, rs1_rdata: 76df5000, rs2_addr: 27, rs2_rdata: 40000000, rd_addr: 16, rd_wdata: 7d5bfddb, mem_addr: 7d5bfddb, mem_rdata: 00000000, mem_wdata: 40000000
ClkCycle:       6937, pc_rdata: 000e8020, pc_wdata: 000e8024, insn: 00785893, mode: 3, rs1_addr: 16, rs1_rdata: 76df56ff, rs2_addr:  7, rs2_rdata: fc020000, rd_addr: 17, rd_wdata: b6fab7fb, mem_addr: b6fab7fb, mem_rdata: 00000000, mem_wdata: fc020000
ClkCycle:       6938, pc_rdata: 000e8024, pc_wdata: 000e8028, insn: 03985793, mode: 3, rs1_addr: 16, rs1_rdata: 7d5bfc00, rs2_addr: 25, rs2_rdata: 00080000, rd_addr: 15, rd_wdata: fffeedbe, mem_addr: fffeedbe, mem_rdata: 00000000, mem_wdata: 00080000
ClkCycle:       6939, pc_rdata: 000e8028, pc_wdata: 000e802c, insn: 00f8e8b3, mode: 3, rs1_addr: 17, rs1_rdata: 000000fe, rs2_addr: 15, rs2_rdata: 03c00000, rd_addr: 17, rd_wdata: fffeffff, mem_addr: fffeffff, mem_rdata: 00000000, mem_wdata: fffeedbe
ClkCycle:       6940, pc_rdata: 000e802c, pc_wdata: 000e8030, insn: 0078d913, mode: 3, rs1_addr: 17, rs1_rdata: b6fab7fb, rs2_addr:  7, rs2_rdata: fc020000, rd_addr: 18, rd_wdata: fffffdff, mem_addr: fffffdff, mem_rdata: 00000000, mem_wdata: fc020000
ClkCycle:       6941, pc_rdata: 000e8030, pc_wdata: 000e8034, insn: 0398d793, mode: 3, rs1_addr: 17, rs1_rdata: b6fab7fb, rs2_addr: 25, rs2_rdata: 00080000, rd_addr: 15, rd_wdata: ffffffff, mem_addr: ffffffff, mem_rdata: 00000000, mem_wdata: 00080000
ClkCycle:       6942, pc_rdata: 000e8034, pc_wdata: 000e8038, insn: 00f96933, mode: 3, rs1_addr: 18, rs1_rdata: 00000020, rs2_addr: 15, rs2_rdata: fffeedbe, rd_addr: 18, rd_wdata: ffffffff, mem_addr: ffffffff, mem_rdata: 00000000, mem_wdata: ffffffff
ClkCycle:       6943, pc_rdata: 000e8038, pc_wdata: 000e803c, insn: 00795993, mode: 3, rs1_addr: 18, rs1_rdata: fffffdff, rs2_addr:  7, rs2_rdata: fc020000, rd_addr: 19, rd_wdata: ffffffff, mem_addr: ffffffff, mem_rdata: 00000000, mem_wdata: fc020000
ClkCycle:       6944, pc_rdata: 000e803c, pc_wdata: 000e8040, insn: 03995793, mode: 3, rs1_addr: 18, rs1_rdata: fffffdff, rs2_addr: 25, rs2_rdata: 00080000, rd_addr: 15, rd_wdata: 01ffffff, mem_addr: 01ffffff, mem_rdata: 00000000, mem_wdata: 00080000
ClkCycle:       6945, pc_rdata: 000e8040, pc_wdata: 000e8044, insn: 00f9e9b3, mode: 3, rs1_addr: 19, rs1_rdata: 00000000, rs2_addr: 15, rs2_rdata: ffffffff, rd_addr: 19, rd_wdata: ffffffff, mem_addr: ffffffff, mem_rdata: 00000000, mem_wdata: 01ffffff
ClkCycle:       6946, pc_rdata: 000e8044, pc_wdata: 000e8048, insn: 0079da13, mode: 3, rs1_addr: 19, rs1_rdata: ffffffff, rs2_addr:  7, rs2_rdata: fc020000, rd_addr: 20, rd_wdata: ffffffff, mem_addr: ffffffff, mem_rdata: 00000000, mem_wdata: fc020000
ClkCycle:       6947, pc_rdata: 000e8048, pc_wdata: 000e804c, insn: 0399d793, mode: 3, rs1_addr: 19, rs1_rdata: ffffffff, rs2_addr: 25, rs2_rdata: 00080000, rd_addr: 15, rd_wdata: 0003ffff, mem_addr: 0003ffff, mem_rdata: 00000000, mem_wdata: 00080000
ClkCycle:       6948, pc_rdata: 000e804c, pc_wdata: 000e8050, insn: 00fa6a33, mode: 3, rs1_addr: 20, rs1_rdata: 00080000, rs2_addr: 15, rs2_rdata: 01ffffff, rd_addr: 20, rd_wdata: ffffffff, mem_addr: ffffffff, mem_rdata: 00000000, mem_wdata: 0003ffff
ClkCycle:       6949, pc_rdata: 000e8050, pc_wdata: 000e8054, insn: 007a5a93, mode: 3, rs1_addr: 20, rs1_rdata: ffffffff, rs2_addr:  7, rs2_rdata: fc020000, rd_addr: 21, rd_wdata: 1fffffff, mem_addr: 1fffffff, mem_rdata: 00000000, mem_wdata: fc020000
ClkCycle:       6950, pc_rdata: 000e8054, pc_wdata: 000e8058, insn: 039a5793, mode: 3, rs1_addr: 20, rs1_rdata: ffffffff, rs2_addr: 25, rs2_rdata: 00080000, rd_addr: 15, rd_wdata: 000007ff, mem_addr: 000007ff, mem_rdata: 00000000, mem_wdata: 00080000
ClkCycle:       6951, pc_rdata: 000e8058, pc_wdata: 000e805c, insn: 00faeab3, mode: 3, rs1_addr: 21, rs1_rdata: eedbfbff, rs2_addr: 15, rs2_rdata: 0003ffff, rd_addr: 21, rd_wdata: 1fffffff, mem_addr: 1fffffff, mem_rdata: 00000000, mem_wdata: 000007ff
ClkCycle:       6952, pc_rdata: 000e805c, pc_wdata: 000e8060, insn: 007adb13, mode: 3, rs1_addr: 21, rs1_rdata: 1fffffff, rs2_addr:  7, rs2_rdata: fc020000, rd_addr: 22, rd_wdata: 003fffff, mem_addr: 003fffff, mem_rdata: 00000000, mem_wdata: fc020000
ClkCycle:       6953, pc_rdata: 000e8060, pc_wdata: 000e8064, insn: 039ad793, mode: 3, rs1_addr: 21, rs1_rdata: 1fffffff, rs2_addr: 25, rs2_rdata: 00080000, rd_addr: 15, rd_wdata: 0000000f, mem_addr: 0000000f, mem_rdata: 00000000, mem_wdata: 00080000
ClkCycle:       6954, pc_rdata: 000e8064, pc_wdata: 000e8068, insn: 00fb6b33, mode: 3, rs1_addr: 22, rs1_rdata: 00000000, rs2_addr: 15, rs2_rdata: 000007ff, rd_addr: 22, rd_wdata: 003fffff, mem_addr: 003fffff, mem_rdata: 00000000, mem_wdata: 0000000f
ClkCycle:       6955, pc_rdata: 000e8068, pc_wdata: 000e806c, insn: 007b5b93, mode: 3, rs1_addr: 22, rs1_rdata: 003fffff, rs2_addr:  7, rs2_rdata: fc020000, rd_addr: 23, rd_wdata: 00007fff, mem_addr: 00007fff, mem_rdata: 00000000, mem_wdata: fc020000
ClkCycle:       6956, pc_rdata: 000e806c, pc_wdata: 000e8070, insn: 039b5793, mode: 3, rs1_addr: 22, rs1_rdata: 003fffff, rs2_addr: 25, rs2_rdata: 00080000, rd_addr: 15, rd_wdata: 00000000, mem_addr: 00000000, mem_rdata: 00000000, mem_wdata: 00080000
ClkCycle:       6957, pc_rdata: 000e8070, pc_wdata: 000e8074, insn: 00fbebb3, mode: 3, rs1_addr: 23, rs1_rdata: 00000000, rs2_addr: 15, rs2_rdata: 0000000f, rd_addr: 23, rd_wdata: 00007fff, mem_addr: 00007fff, mem_rdata: 00000000, mem_wdata: 00000000
ClkCycle:       6958, pc_rdata: 000e8074, pc_wdata: 000e8078, insn: 007bdc13, mode: 3, rs1_addr: 23, rs1_rdata: 00007fff, rs2_addr:  7, rs2_rdata: fc020000, rd_addr: 24, rd_wdata: 000000ff, mem_addr: 000000ff, mem_rdata: 00000000, mem_wdata: fc020000
ClkCycle:       6959, pc_rdata: 000e8078, pc_wdata: 000e807c, insn: 039bd793, mode: 3, rs1_addr: 23, rs1_rdata: 00007fff, rs2_addr: 25, rs2_rdata: 00080000, rd_addr: 15, rd_wdata: 00000000, mem_addr: 00000000, mem_rdata: 00000000, mem_wdata: 00080000
ClkCycle:       6960, pc_rdata: 000e807c, pc_wdata: 000e8080, insn: 00fc6c33, mode: 3, rs1_addr: 24, rs1_rdata: 00800000, rs2_addr: 15, rs2_rdata: 00000000, rd_addr: 24, rd_wdata: 000000ff, mem_addr: 000000ff, mem_rdata: 00000000, mem_wdata: 00000000
ClkCycle:       6961, pc_rdata: 000e8080, pc_wdata: 000e8084, insn: 007c5c93, mode: 3, rs1_addr: 24, rs1_rdata: 000000ff, rs2_addr:  7, rs2_rdata: fc020000, rd_addr: 25, rd_wdata: 00000001, mem_addr: 00000001, mem_rdata: 00000000, mem_wdata: fc020000
ClkCycle:       6962, pc_rdata: 000e8084, pc_wdata: 000e8088, insn: 039c5793, mode: 3, rs1_addr: 24, rs1_rdata: 000000ff, rs2_addr: 25, rs2_rdata: 00080000, rd_addr: 15, rd_wdata: 00000000, mem_addr: 00000000, mem_rdata: 00000000, mem_wdata: 00000001
ClkCycle:       6963, pc_rdata: 000e8088, pc_wdata: 000e808c, insn: 00fcecb3, mode: 3, rs1_addr: 25, rs1_rdata: 00080000, rs2_addr: 15, rs2_rdata: 00000000, rd_addr: 25, rd_wdata: 00000001, mem_addr: 00000001, mem_rdata: 00000000, mem_wdata: 00000000
ClkCycle:       6964, pc_rdata: 000e808c, pc_wdata: 000e8090, insn: 007cdd13, mode: 3, rs1_addr: 25, rs1_rdata: 00000001, rs2_addr:  7, rs2_rdata: fc020000, rd_addr: 26, rd_wdata: 00000000, mem_addr: 00000000, mem_rdata: 00000000, mem_wdata: fc020000
ClkCycle:       6965, pc_rdata: 000e8090, pc_wdata: 000e8094, insn: 039cd793, mode: 3, rs1_addr: 25, rs1_rdata: 00000001, rs2_addr: 25, rs2_rdata: 00000001, rd_addr: 15, rd_wdata: 00000000, mem_addr: 00000000, mem_rdata: 00000000, mem_wdata: 00000001
ClkCycle:       6966, pc_rdata: 000e8094, pc_wdata: 000e8098, insn: 00fd6d33, mode: 3, rs1_addr: 26, rs1_rdata: 03c00000, rs2_addr: 15, rs2_rdata: 00000000, rd_addr: 26, rd_wdata: 00000000, mem_addr: 00000000, mem_rdata: 00000000, mem_wdata: 00000000
ClkCycle:       6967, pc_rdata: 000e8098, pc_wdata: 000e809c, insn: 007d5d93, mode: 3, rs1_addr: 26, rs1_rdata: 00000000, rs2_addr:  7, rs2_rdata: fc020000, rd_addr: 27, rd_wdata: 00000000, mem_addr: 00000000, mem_rdata: 00000000, mem_wdata: fc020000
ClkCycle:       6968, pc_rdata: 000e809c, pc_wdata: 000e80a0, insn: 039d5793, mode: 3, rs1_addr: 26, rs1_rdata: 00000000, rs2_addr: 25, rs2_rdata: 00000001, rd_addr: 15, rd_wdata: 00000000, mem_addr: 00000000, mem_rdata: 00000000, mem_wdata: 00000001
ClkCycle:       6969, pc_rdata: 000e80a0, pc_wdata: 000e80a4, insn: 00fdedb3, mode: 3, rs1_addr: 27, rs1_rdata: 40000000, rs2_addr: 15, rs2_rdata: 00000000, rd_addr: 27, rd_wdata: 00000000, mem_addr: 00000000, mem_rdata: 00000000, mem_wdata: 00000000
ClkCycle:       6970, pc_rdata: 000e80a4, pc_wdata: 000e80a8, insn: 007dde13, mode: 3, rs1_addr: 27, rs1_rdata: 00000000, rs2_addr:  7, rs2_rdata: fc020000, rd_addr: 28, rd_wdata: 00000000, mem_addr: 00000000, mem_rdata: 00000000, mem_wdata: fc020000
ClkCycle:       6971, pc_rdata: 000e80a8, pc_wdata: 000e80ac, insn: 039dd793, mode: 3, rs1_addr: 27, rs1_rdata: 00000000, rs2_addr: 25, rs2_rdata: 00000001, rd_addr: 15, rd_wdata: 00000000, mem_addr: 00000000, mem_rdata: 00000000, mem_wdata: 00000001
ClkCycle:       6972, pc_rdata: 000e80ac, pc_wdata: 000e80b0, insn: 00fe6e33, mode: 3, rs1_addr: 28, rs1_rdata: 00000000, rs2_addr: 15, rs2_rdata: 00000000, rd_addr: 28, rd_wdata: 00000000, mem_addr: 00000000, mem_rdata: 00000000, mem_wdata: 00000000
ClkCycle:       6973, pc_rdata: 000e80b0, pc_wdata: 000e80b4, insn: 007e5e93, mode: 3, rs1_addr: 28, rs1_rdata: 00000000, rs2_addr:  7, rs2_rdata: fc020000, rd_addr: 29, rd_wdata: 00000000, mem_addr: 00000000, mem_rdata: 00000000, mem_wdata: fc020000
ClkCycle:       6974, pc_rdata: 000e80b4, pc_wdata: 000e80b8, insn: 039e5793, mode: 3, rs1_addr: 28, rs1_rdata: 00000000, rs2_addr: 25, rs2_rdata: 00000001, rd_addr: 15, rd_wdata: 00000000, mem_addr: 00000000, mem_rdata: 00000000, mem_wdata: 00000001
ClkCycle:       6975, pc_rdata: 000e80b8, pc_wdata: 000e80bc, insn: 00feeeb3, mode: 3, rs1_addr: 29, rs1_rdata: 00000000, rs2_addr: 15, rs2_rdata: 00000000, rd_addr: 29, rd_wdata: 00000000, mem_addr: 00000000, mem_rdata: 00000000, mem_wdata: 00000000
ClkCycle:       6976, pc_rdata: 000e80bc, pc_wdata: 000e80c0, insn: 007edf13, mode: 3, rs1_addr: 29, rs1_rdata: 00000000, rs2_addr:  7, rs2_rdata: fc020000, rd_addr: 30, rd_wdata: 00000000, mem_addr: 00000000, mem_rdata: 00000000, mem_wdata: fc020000
ClkCycle:       6977, pc_rdata: 000e80c0, pc_wdata: 000e80c4, insn: 039ed793, mode: 3, rs1_addr: 29, rs1_rdata: 00000000, rs2_addr: 25, rs2_rdata: 00000001, rd_addr: 15, rd_wdata: 00000000, mem_addr: 00000000, mem_rdata: 00000000, mem_wdata: 00000001
ClkCycle:       6978, pc_rdata: 000e80c4, pc_wdata: 000e80c8, insn: 00ff6f33, mode: 3, rs1_addr: 30, rs1_rdata: 00000000, rs2_addr: 15, rs2_rdata: 00000000, rd_addr: 30, rd_wdata: 00000000, mem_addr: 00000000, mem_rdata: 00000000, mem_wdata: 00000000
ClkCycle:       6979, pc_rdata: 000e80c8, pc_wdata: 000e80cc, insn: feedc0b7, mode: 3, rs1_addr: 27, rs1_rdata: 00000000, rs2_addr: 14, rs2_rdata: 0000000f, rd_addr:  1, rd_wdata: feedc000, mem_addr: feedc000, mem_rdata: 00000000, mem_wdata: 0000000f
ClkCycle:       6980, pc_rdata: 000e80cc, pc_wdata: 000e80d0, insn: ead08093, mode: 3, rs1_addr:  1, rs1_rdata: 000746c6, rs2_addr: 13, rs2_rdata: 40000000, rd_addr:  1, rd_wdata: feedbead, mem_addr: feedbead, mem_rdata: 00000000, mem_wdata: 40000000
ClkCycle:       6981, pc_rdata: 000e80d0, pc_wdata: 000e80d4, insn: 00b09093, mode: 3, rs1_addr:  1, rs1_rdata: 000746c6, rs2_addr: 11, rs2_rdata: 00000020, rd_addr:  1, rd_wdata: 6df56800, mem_addr: 6df56800, mem_rdata: 00000000, mem_wdata: 00000020
ClkCycle:       6982, pc_rdata: 000e80d4, pc_wdata: 000e80d8, insn: 7f708093, mode: 3, rs1_addr:  1, rs1_rdata: feedc000, rs2_addr: 23, rs2_rdata: 00007fff, rd_addr:  1, rd_wdata: 6df56ff7, mem_addr: 6df56ff7, mem_rdata: 00000000, mem_wdata: 00007fff
ClkCycle:       6983, pc_rdata: 000e80d8, pc_wdata: 000e80dc, insn: 00b09093, mode: 3, rs1_addr:  1, rs1_rdata: feedbead, rs2_addr: 11, rs2_rdata: 00000020, rd_addr:  1, rd_wdata: ab7fb800, mem_addr: ab7fb800, mem_rdata: 00000000, mem_wdata: 00000020
ClkCycle:       6984, pc_rdata: 000e80dc, pc_wdata: 000e80e0, insn: 36f08093, mode: 3, rs1_addr:  1, rs1_rdata: 6df56800, rs2_addr: 15, rs2_rdata: 00000000, rd_addr:  1, rd_wdata: ab7fbb6f, mem_addr: ab7fbb6f, mem_rdata: 00000000, mem_wdata: 00000000
ClkCycle:       6985, pc_rdata: 000e80e0, pc_wdata: 000e80e4, insn: 00a09093, mode: 3, rs1_addr:  1, rs1_rdata: 6df56ff7, rs2_addr: 10, rs2_rdata: 00000020, rd_addr:  1, rd_wdata: feedbc00, mem_addr: feedbc00, mem_rdata: 00000000, mem_wdata: 00000020
ClkCycle:       6986, pc_rdata: 000e80e4, pc_wdata: 000e80e8, insn: 2ad08093, mode: 3, rs1_addr:  1, rs1_rdata: ab7fb800, rs2_addr: 13, rs2_rdata: 40000000, rd_addr:  1, rd_wdata: feedbead, mem_addr: feedbead, mem_rdata: 00000000, mem_wdata: 40000000
ClkCycle:       6987, pc_rdata: 000e80e8, pc_wdata: 000e80ec, insn: 0070d113, mode: 3, rs1_addr:  1, rs1_rdata: ab7fbb6f, rs2_addr:  7, rs2_rdata: fc020000, rd_addr:  2, rd_wdata: 5bfddb7d, mem_addr: 5bfddb7d, mem_rdata: 00000000, mem_wdata: fc020000
ClkCycle:       6988, pc_rdata: 000e80ec, pc_wdata: 000e80f0, insn: 0390d793, mode: 3, rs1_addr:  1, rs1_rdata: feedbc00, rs2_addr: 25, rs2_rdata: 00000001, rd_addr: 15, rd_wdata: 76df56ff, mem_addr: 76df56ff, mem_rdata: 00000000, mem_wdata: 00000001
ClkCycle:       6989, pc_rdata: 000e80f0, pc_wdata: 000e80f4, insn: 00f16133, mode: 3, rs1_addr:  2, rs1_rdata: fbffdf28, rs2_addr: 15, rs2_rdata: 00000000, rd_addr:  2, rd_wdata: 7fffdfff, mem_addr: 7fffdfff, mem_rdata: 00000000, mem_wdata: 76df56ff
ClkCycle:       6990, pc_rdata: 000e80f4, pc_wdata: 000e80f8, insn: 00715193, mode: 3, rs1_addr:  2, rs1_rdata: 5bfddb7d, rs2_addr:  7, rs2_rdata: fc020000, rd_addr:  3, rd_wdata: feffffbf, mem_addr: feffffbf, mem_rdata: 00000000, mem_wdata: fc020000
ClkCycle:       6991, pc_rdata: 000e80f8, pc_wdata: 000e80fc, insn: 03915793, mode: 3, rs1_addr:  2, rs1_rdata: 5bfddb7d, rs2_addr: 25, rs2_rdata: 00000001, rd_addr: 15, rd_wdata: feedbfbf, mem_addr: feedbfbf, mem_rdata: 00000000, mem_wdata: 00000001
ClkCycle:       6992, pc_rdata: 000e80fc, pc_wdata: 000e8100, insn: 00f1e1b3, mode: 3, rs1_addr:  3, rs1_rdata: 003fbb6c, rs2_addr: 15, rs2_rdata: 76df56ff, rd_addr:  3, rd_wdata: feffffbf, mem_addr: feffffbf, mem_rdata: 00000000, mem_wdata: feedbfbf
ClkCycle:       6993, pc_rdata: 000e8100, pc_wdata: 000e8104, insn: 0071d213, mode: 3, rs1_addr:  3, rs1_rdata: feffffbf, rs2_addr:  7, rs2_rdata: fc020000, rd_addr:  4, rd_wdata: 6dfdffff, mem_addr: 6dfdffff, mem_rdata: 00000000, mem_wdata: fc020000
ClkCycle:       6994, pc_rdata: 000e8104, pc_wdata: 000e8108, insn: 0391d793, mode: 3, rs1_addr:  3, rs1_rdata: feffffbf, rs2_addr: 25, rs2_rdata: 00000001, rd_addr: 15, rd_wdata: 01fddb7f, mem_addr: 01fddb7f, mem_rdata: 00000000, mem_wdata: 00000001
ClkCycle:       6995, pc_rdata: 000e8108, pc_wdata: 000e810c, insn: 00f26233, mode: 3, rs1_addr:  4, rs1_rdata: fc020000, rs2_addr: 15, rs2_rdata: feedbfbf, rd_addr:  4, rd_wdata: 6dfdffff, mem_addr: 6dfdffff, mem_rdata: 00000000, mem_wdata: 01fddb7f
ClkCycle:       6996, pc_rdata: 000e810c, pc_wdata: 000e8110, insn: 00725293, mode: 3, rs1_addr:  4, rs1_rdata: 6dfdffff, rs2_addr:  7, rs2_rdata: fc020000, rd_addr:  5, rd_wdata: eedbfbff, mem_addr: eedbfbff, mem_rdata: 00000000, mem_wdata: fc020000
ClkCycle:       6997, pc_rdata: 000e8110, pc_wdata: 000e8114, insn: 03925793, mode: 3, rs1_addr:  4, rs1_rdata: 6dfdffff, rs2_addr: 25, rs2_rdata: 00000001, rd_addr: 15, rd_wdata: 0003fbb6, mem_addr: 0003fbb6, mem_rdata: 00000000, mem_wdata: 00000001
ClkCycle:       6998, pc_rdata: 000e8114, pc_wdata: 000e8118, insn: 00f2e2b3, mode: 3, rs1_addr:  5, rs1_rdata: 11800000, rs2_addr: 15, rs2_rdata: 01fddb7f, rd_addr:  5, rd_wdata: eedbfbff, mem_addr: eedbfbff, mem_rdata: 00000000, mem_wdata: 0003fbb6
ClkCycle:       6999, pc_rdata: 000e8118, pc_wdata: 000e811c, insn: 0072d313, mode: 3, rs1_addr:  5, rs1_rdata: eedbfbff, rs2_addr:  7, rs2_rdata: fc020000, rd_addr:  6, rd_wdata: 1fddb7f7, mem_addr: 1fddb7f7, mem_rdata: 00000000, mem_wdata: fc020000
ClkCycle:       7000, pc_rdata: 000e811c, pc_wdata: 000e8120, insn: 0392d793, mode: 3, rs1_addr:  5, rs1_rdata: eedbfbff, rs2_addr: 25, rs2_rdata: 00000001, rd_addr: 15, rd_wdata: 000007f7, mem_addr: 000007f7, mem_rdata: 00000000, mem_wdata: 00000001
ClkCycle:       7001, pc_rdata: 000e8120, pc_wdata: 000e8124, insn: 00f36333, mode: 3, rs1_addr:  6, rs1_rdata: fbffdff6, rs2_addr: 15, rs2_rdata: 0003fbb6, rd_addr:  6, rd_wdata: 1fddb7f7, mem_addr: 1fddb7f7, mem_rdata: 00000000, mem_wdata: 000007f7
ClkCycle:       7002, pc_rdata: 000e8124, pc_wdata: 000e8128, insn: 00735393, mode: 3, rs1_addr:  6, rs1_rdata: 1fddb7f7, rs2_addr:  7, rs2_rdata: fc020000, rd_addr:  7, rd_wdata: 003fbb6f, mem_addr: 003fbb6f, mem_rdata: 00000000, mem_wdata: fc020000
ClkCycle:       7003, pc_rdata: 000e8128, pc_wdata: 000e812c, insn: 03935793, mode: 3, rs1_addr:  6, rs1_rdata: 1fddb7f7, rs2_addr: 25, rs2_rdata: 00000001, rd_addr: 15, rd_wdata: 0000000f, mem_addr: 0000000f, mem_rdata: 00000000, mem_wdata: 00000001
ClkCycle:       7004, pc_rdata: 000e812c, pc_wdata: 000e8130, insn: 00f3e3b3, mode: 3, rs1_addr:  7, rs1_rdata: fc020000, rs2_addr: 15, rs2_rdata: 000007f7, rd_addr:  7, rd_wdata: 003fbb6f, mem_addr: 003fbb6f, mem_rdata: 00000000, mem_wdata: 0000000f
ClkCycle:       7005, pc_rdata: 000e8130, pc_wdata: 000e8134, insn: 0073d413, mode: 3, rs1_addr:  7, rs1_rdata: 003fbb6f, rs2_addr:  7, rs2_rdata: 003fbb6f, rd_addr:  8, rd_wdata: 00007f76, mem_addr: 00007f76, mem_rdata: 00000000, mem_wdata: 003fbb6f
ClkCycle:       7006, pc_rdata: 000e8134, pc_wdata: 000e8138, insn: 0393d793, mode: 3, rs1_addr:  7, rs1_rdata: 003fbb6f, rs2_addr: 25, rs2_rdata: 00000001, rd_addr: 15, rd_wdata: 00000000, mem_addr: 00000000, mem_rdata: 00000000, mem_wdata: 00000001
ClkCycle:       7007, pc_rdata: 000e8138, pc_wdata: 000e813c, insn: 00f46433, mode: 3, rs1_addr:  8, rs1_rdata: fbffdf28, rs2_addr: 15, rs2_rdata: 0000000f, rd_addr:  8, rd_wdata: 00007f76, mem_addr: 00007f76, mem_rdata: 00000000, mem_wdata: 00000000
ClkCycle:       7008, pc_rdata: 000e813c, pc_wdata: 000e8140, insn: 00745493, mode: 3, rs1_addr:  8, rs1_rdata: 00007f76, rs2_addr:  7, rs2_rdata: 003fbb6f, rd_addr:  9, rd_wdata: 000000fe, mem_addr: 000000fe, mem_rdata: 00000000, mem_wdata: 003fbb6f
ClkCycle:       7009, pc_rdata: 000e8140, pc_wdata: 000e8144, insn: 03945793, mode: 3, rs1_addr:  8, rs1_rdata: 00007f76, rs2_addr: 25, rs2_rdata: 00000001, rd_addr: 15, rd_wdata: 00000000, mem_addr: 00000000, mem_rdata: 00000000, mem_wdata: 00000001
ClkCycle:       7010, pc_rdata: 000e8144, pc_wdata: 000e8148, insn: 00f4e4b3, mode: 3, rs1_addr:  9, rs1_rdata: 00000000, rs2_addr: 15, rs2_rdata: 00000000, rd_addr:  9, rd_wdata: 000000fe, mem_addr: 000000fe, mem_rdata: 00000000, mem_wdata: 00000000
ClkCycle:       7011, pc_rdata: 000e8148, pc_wdata: 000e814c, insn: 0074d513, mode: 3, rs1_addr:  9, rs1_rdata: 000000fe, rs2_addr:  7, rs2_rdata: 003fbb6f, rd_addr: 10, rd_wdata: 00000001, mem_addr: 00000001, mem_rdata: 00000000, mem_wdata: 003fbb6f
ClkCycle:       7012, pc_rdata: 000e814c, pc_wdata: 000e8150, insn: 0394d793, mode: 3, rs1_addr:  9, rs1_rdata: 000000fe, rs2_addr: 25, rs2_rdata: 00000001, rd_addr: 15, rd_wdata: 00000000, mem_addr: 00000000, mem_rdata: 00000000, mem_wdata: 00000001
ClkCycle:       7013, pc_rdata: 000e8150, pc_wdata: 000e8154, insn: 00f56533, mode: 3, rs1_addr: 10, rs1_rdata: 00000020, rs2_addr: 15, rs2_rdata: 00000000, rd_addr: 10, rd_wdata: 00000001, mem_addr: 00000001, mem_rdata: 00000000, mem_wdata: 00000000
ClkCycle:       7014, pc_rdata: 000e8154, pc_wdata: 000e8158, insn: 00755593, mode: 3, rs1_addr: 10, rs1_rdata: 00000001, rs2_addr:  7, rs2_rdata: 003fbb6f, rd_addr: 11, rd_wdata: 00000000, mem_addr: 00000000, mem_rdata: 00000000, mem_wdata: 003fbb6f
ClkCycle:       7015, pc_rdata: 000e8158, pc_wdata: 000e815c, insn: 03955793, mode: 3, rs1_addr: 10, rs1_rdata: 00000001, rs2_addr: 25, rs2_rdata: 00000001, rd_addr: 15, rd_wdata: 00000000, mem_addr: 00000000, mem_rdata: 00000000, mem_wdata: 00000001
ClkCycle:       7016, pc_rdata: 000e815c, pc_wdata: 000e8160, insn: 00f5e5b3, mode: 3, rs1_addr: 11, rs1_rdata: 00000020, rs2_addr: 15, rs2_rdata: 00000000, rd_addr: 11, rd_wdata: 00000000, mem_addr: 00000000, mem_rdata: 00000000, mem_wdata: 00000000
ClkCycle:       7017, pc_rdata: 000e8160, pc_wdata: 000e8164, insn: 0075d613, mode: 3, rs1_addr: 11, rs1_rdata: 00000000, rs2_addr:  7, rs2_rdata: 003fbb6f, rd_addr: 12, rd_wdata: 00000000, mem_addr: 00000000, mem_rdata: 00000000, mem_wdata: 003fbb6f
ClkCycle:       7018, pc_rdata: 000e8164, pc_wdata: 000e8168, insn: 0395d793, mode: 3, rs1_addr: 11, rs1_rdata: 00000000, rs2_addr: 25, rs2_rdata: 00000001, rd_addr: 15, rd_wdata: 00000000, mem_addr: 00000000, mem_rdata: 00000000, mem_wdata: 00000001
ClkCycle:       7019, pc_rdata: 000e8168, pc_wdata: 000e816c, insn: 00f66633, mode: 3, rs1_addr: 12, rs1_rdata: fbffe000, rs2_addr: 15, rs2_rdata: 00000000, rd_addr: 12, rd_wdata: 00000000, mem_addr: 00000000, mem_rdata: 00000000, mem_wdata: 00000000
ClkCycle:       7020, pc_rdata: 000e816c, pc_wdata: 000e8170, insn: 00765693, mode: 3, rs1_addr: 12, rs1_rdata: 00000000, rs2_addr:  7, rs2_rdata: 003fbb6f, rd_addr: 13, rd_wdata: 00000000, mem_addr: 00000000, mem_rdata: 00000000, mem_wdata: 003fbb6f
ClkCycle:       7021, pc_rdata: 000e8170, pc_wdata: 000e8174, insn: 03965793, mode: 3, rs1_addr: 12, rs1_rdata: 00000000, rs2_addr: 25, rs2_rdata: 00000001, rd_addr: 15, rd_wdata: 00000000, mem_addr: 00000000, mem_rdata: 00000000, mem_wdata: 00000001
ClkCycle:       7022, pc_rdata: 000e8174, pc_wdata: 000e8178, insn: 00f6e6b3, mode: 3, rs1_addr: 13, rs1_rdata: 40000000, rs2_addr: 15, rs2_rdata: 00000000, rd_addr: 13, rd_wdata: 00000000, mem_addr: 00000000, mem_rdata: 00000000, mem_wdata: 00000000
ClkCycle:       7023, pc_rdata: 000e8178, pc_wdata: 000e817c, insn: 00000013, mode: 3, rs1_addr:  0, rs1_rdata: 00000000, rs2_addr:  0, rs2_rdata: 00000000, rd_addr:  0, rd_wdata: 00000000, mem_addr: 00000000, mem_rdata: 00000000, mem_wdata: 00000000
ClkCycle:       7024, pc_rdata: 000e817c, pc_wdata: 000e8180, insn: 00000013, mode: 3, rs1_addr:  0, rs1_rdata: 00000000, rs2_addr:  0, rs2_rdata: 00000000, rd_addr:  0, rd_wdata: 00000000, mem_addr: 00000000, mem_rdata: 00000000, mem_wdata: 00000000
ClkCycle:       7025, pc_rdata: 000e8180, pc_wdata: 000e8184, insn: 00003697, mode: 3, rs1_addr:  0, rs1_rdata: 00000000, rs2_addr:  0, rs2_rdata: 00000000, rd_addr: 13, rd_wdata: 000eb180, mem_addr: 000eb180, mem_rdata: 00000000, mem_wdata: 00000000
ClkCycle:       7026, pc_rdata: 000e8184, pc_wdata: 000e8188, insn: f9868693, mode: 3, rs1_addr: 13, rs1_rdata: 00000000, rs2_addr: 24, rs2_rdata: 000000ff, rd_addr: 13, rd_wdata: 000eb118, mem_addr: 000eb118, mem_rdata: 00000000, mem_wdata: 000000ff
ClkCycle:       7027, pc_rdata: 000e8188, pc_wdata: 000e818c, insn: 00000013, mode: 3, rs1_addr:  0, rs1_rdata: 00000000, rs2_addr:  0, rs2_rdata: 00000000, rd_addr:  0, rd_wdata: 00000000, mem_addr: 00000000, mem_rdata: 00000000, mem_wdata: 00000000
ClkCycle:       7028, pc_rdata: 000e818c, pc_wdata: 000e8190, insn: 00000013, mode: 3, rs1_addr:  0, rs1_rdata: 00000000, rs2_addr:  0, rs2_rdata: 00000000, rd_addr:  0, rd_wdata: 00000000, mem_addr: 00000000, mem_rdata: 00000000, mem_wdata: 00000000
ClkCycle:       7029, pc_rdata: 000e8190, pc_wdata: 000e8194, insn: 00000013, mode: 3, rs1_addr:  0, rs1_rdata: 00000000, rs2_addr:  0, rs2_rdata: 00000000, rd_addr:  0, rd_wdata: 00000000, mem_addr: 00000000, mem_rdata: 00000000, mem_wdata: 00000000
ClkCycle:       7030, pc_rdata: 000e8194, pc_wdata: 000e8198, insn: 00000013, mode: 3, rs1_addr:  0, rs1_rdata: 00000000, rs2_addr:  0, rs2_rdata: 00000000, rd_addr:  0, rd_wdata: 00000000, mem_addr: 00000000, mem_rdata: 00000000, mem_wdata: 00000000
ClkCycle:       7031, pc_rdata: 000e8198, pc_wdata: 000e819c, insn: 00000013, mode: 3, rs1_addr:  0, rs1_rdata: 00000000, rs2_addr:  0, rs2_rdata: 00000000, rd_addr:  0, rd_wdata: 00000000, mem_addr: 00000000, mem_rdata: 00000000, mem_wdata: 00000000
ClkCycle:       7032, pc_rdata: 000e819c, pc_wdata: 000e81a0, insn: 00000013, mode: 3, rs1_addr:  0, rs1_rdata: 00000000, rs2_addr:  0, rs2_rdata: 00000000, rd_addr:  0, rd_wdata: 00000000, mem_addr: 00000000, mem_rdata: 00000000, mem_wdata: 00000000
ClkCycle:       7033, pc_rdata: 000e81a0, pc_wdata: 000e81a4, insn: fff00613, mode: 3, rs1_addr:  0, rs1_rdata: 00000000, rs2_addr: 31, rs2_rdata: 00000000, rd_addr: 12, rd_wdata: ffffffff, mem_addr: ffffffff, mem_rdata: 00000000, mem_wdata: 00000000
ClkCycle:       7034, pc_rdata: 000e81a4, pc_wdata: 000e81a8, insn: 03f61613, mode: 3, rs1_addr: 12, rs1_rdata: 00000000, rs2_addr: 31, rs2_rdata: 00000000, rd_addr: 12, rd_wdata: 80000000, mem_addr: 80000000, mem_rdata: 00000000, mem_wdata: 00000000
ClkCycle:       7035, pc_rdata: 000e81a8, pc_wdata: 000e81aa, insn: e28c85b2, mode: 3, rs1_addr:  0, rs1_rdata: 00000000, rs2_addr: 12, rs2_rdata: 00000000, rd_addr: 11, rd_wdata: 80000000, mem_addr: 80000000, mem_rdata: 00000000, mem_wdata: 80000000
ClkCycle:       7036, pc_rdata: 000e81aa, pc_wdata: 000e81ae, insn: e28c85b2, mode: 3, rs1_addr:  0, rs1_rdata: 00000000, rs2_addr:  0, rs2_rdata: 00000000, rd_addr:  0, rd_wdata: 00000000, mem_addr: 00000000, mem_rdata: 00000000, mem_wdata: 00000000
7fffffff80000000
ClkCycle:       7037, pc_rdata: 000e81ae, pc_wdata: 000e81b0, insn: b423810a, mode: 3, rs1_addr: 13, rs1_rdata: 000eb118, rs2_addr: 11, rs2_rdata: 00000000, rd_addr:  0, rd_wdata: 000eb118, mem_addr: 000eb118, mem_rdata: 00000000, mem_wdata: 80000000
ClkCycle:       7038, pc_rdata: 000e81b0, pc_wdata: 000e81b2, insn: b423810a, mode: 3, rs1_addr:  0, rs1_rdata: 00000000, rs2_addr:  2, rs2_rdata: 7fffdfff, rd_addr:  2, rd_wdata: 7fffdfff, mem_addr: 7fffdfff, mem_rdata: 00000000, mem_wdata: 7fffdfff
ClkCycle:       7039, pc_rdata: 000e81b2, pc_wdata: 000e81b6, insn: b423810a, mode: 3, rs1_addr:  0, rs1_rdata: 00000000, rs2_addr:  0, rs2_rdata: 00000000, rd_addr:  0, rd_wdata: 00000000, mem_addr: 00000000, mem_rdata: 00000000, mem_wdata: 00000000
0000000000000000
ClkCycle:       7040, pc_rdata: 000e81b6, pc_wdata: 000e81ba, insn: d393fff0, mode: 3, rs1_addr:  1, rs1_rdata: feedbead, rs2_addr: 31, rs2_rdata: 00000000, rd_addr:  8, rd_wdata: feedbe95, mem_addr: feedbe95, mem_rdata: 00000000, mem_wdata: 00000000
ClkCycle:       7041, pc_rdata: 000e81ba, pc_wdata: 000e81be, insn: d393fff0, mode: 3, rs1_addr:  0, rs1_rdata: 00000000, rs2_addr:  0, rs2_rdata: 00000000, rd_addr:  0, rd_wdata: 00000000, mem_addr: 00000000, mem_rdata: 00000000, mem_wdata: 00000000
ClkCycle:       7042, pc_rdata: 000e81be, pc_wdata: 000e81c2, insn: 0136b823, mode: 3, rs1_addr:  7, rs1_rdata: 003fbb6f, rs2_addr:  2, rs2_rdata: 7fffdfff, rd_addr:  7, rd_wdata: 000feedb, mem_addr: 000feedb, mem_rdata: 00000000, mem_wdata: 7fffdfff
ClkCycle:       7043, pc_rdata: 000e81c2, pc_wdata: 000e81c6, insn: 0136b823, mode: 3, rs1_addr:  0, rs1_rdata: 00000000, rs2_addr:  0, rs2_rdata: 00000000, rd_addr:  0, rd_wdata: 00000000, mem_addr: 00000000, mem_rdata: 00000000, mem_wdata: 00000000
ClkCycle:       7044, pc_rdata: 000e81c6, pc_wdata: 000e81c8, insn: bc238346, mode: 3, rs1_addr:  2, rs1_rdata: 7fffdfff, rs2_addr: 13, rs2_rdata: 000eb118, rd_addr:  2, rd_wdata: fbffe000, mem_addr: fbffe000, mem_rdata: 00000000, mem_wdata: 000eb118
ClkCycle:       7045, pc_rdata: 000e81c8, pc_wdata: 000e81ca, insn: bc238346, mode: 3, rs1_addr:  0, rs1_rdata: 00000000, rs2_addr: 17, rs2_rdata: fffeffff, rd_addr:  6, rd_wdata: fffeffff, mem_addr: fffeffff, mem_rdata: 00000000, mem_wdata: fffeffff
ClkCycle:       7046, pc_rdata: 000e81ca, pc_wdata: 000e81ce, insn: bc238346, mode: 3, rs1_addr:  0, rs1_rdata: 00000000, rs2_addr:  0, rs2_rdata: 00000000, rd_addr:  0, rd_wdata: 00000000, mem_addr: 00000000, mem_rdata: 00000000, mem_wdata: 00000000
bb6feffffbffe000
ClkCycle:       7047, pc_rdata: 000e81ce, pc_wdata: 000e81d2, insn: 876a0020, mode: 3, rs1_addr:  1, rs1_rdata: feedbead, rs2_addr:  2, rs2_rdata: fbffe000, rd_addr: 24, rd_wdata: feedbec5, mem_addr: feedbec5, mem_rdata: 00000000, mem_wdata: fbffe000
ClkCycle:       7048, pc_rdata: 000e81d2, pc_wdata: 000e81d6, insn: 876a0020, mode: 3, rs1_addr:  0, rs1_rdata: 00000000, rs2_addr:  0, rs2_rdata: 00000000, rd_addr:  0, rd_wdata: 00000000, mem_addr: 00000000, mem_rdata: 00000000, mem_wdata: 00000000
ClkCycle:       7049, pc_rdata: 000e81d6, pc_wdata: 000e81d8, insn: 8a960040, mode: 3, rs1_addr:  0, rs1_rdata: 00000000, rs2_addr: 26, rs2_rdata: 00000000, rd_addr: 14, rd_wdata: 00000000, mem_addr: 00000000, mem_rdata: 00000000, mem_wdata: 00000000
ClkCycle:       7050, pc_rdata: 000e81d8, pc_wdata: 000e81da, insn: 8a960040, mode: 3, rs1_addr:  2, rs1_rdata: fbffe000, rs2_addr:  4, rs2_rdata: 6dfdffff, rd_addr:  8, rd_wdata: fbffe004, mem_addr: fbffe004, mem_rdata: 00000000, mem_wdata: 6dfdffff
ClkCycle:       7051, pc_rdata: 000e81da, pc_wdata: 000e81de, insn: 8a960040, mode: 3, rs1_addr:  0, rs1_rdata: 00000000, rs2_addr:  0, rs2_rdata: 00000000, rd_addr:  0, rd_wdata: 00000000, mem_addr: 00000000, mem_rdata: 00000000, mem_wdata: 00000000
ClkCycle:       7052, pc_rdata: 000e81de, pc_wdata: 000e81e0, insn: 00800093, mode: 3, rs1_addr:  0, rs1_rdata: 00000000, rs2_addr:  5, rs2_rdata: eedbfbff, rd_addr: 21, rd_wdata: eedbfbff, mem_addr: eedbfbff, mem_rdata: 00000000, mem_wdata: eedbfbff
ClkCycle:       7053, pc_rdata: 000e81e0, pc_wdata: 000e81e4, insn: 00800093, mode: 3, rs1_addr:  0, rs1_rdata: 00000000, rs2_addr:  8, rs2_rdata: fbffe004, rd_addr:  1, rd_wdata: 00000008, mem_addr: 00000008, mem_rdata: 00000000, mem_wdata: fbffe004
ClkCycle:       7054, pc_rdata: 000e81e4, pc_wdata: 000e81e6, insn: b8238d86, mode: 3, rs1_addr:  0, rs1_rdata: 00000000, rs2_addr:  1, rs2_rdata: feedbead, rd_addr: 27, rd_wdata: 00000008, mem_addr: 00000008, mem_rdata: 00000000, mem_wdata: 00000008
ClkCycle:       7055, pc_rdata: 000e81e6, pc_wdata: 000e81ea, insn: b8238d86, mode: 3, rs1_addr:  0, rs1_rdata: 00000000, rs2_addr:  0, rs2_rdata: 00000000, rd_addr:  0, rd_wdata: 00000000, mem_addr: 00000000, mem_rdata: 00000000, mem_wdata: 00000000
fffffddb7d5bfddb
ClkCycle:       7056, pc_rdata: 000e81ea, pc_wdata: 000e81ee, insn: 88a60100, mode: 3, rs1_addr:  1, rs1_rdata: 00000008, rs2_addr: 16, rs2_rdata: 7d5bfddb, rd_addr: 16, rd_wdata: 00000018, mem_addr: 00000018, mem_rdata: 00000000, mem_wdata: 7d5bfddb
ClkCycle:       7057, pc_rdata: 000e81ee, pc_wdata: 000e81f2, insn: 88a60100, mode: 3, rs1_addr:  0, rs1_rdata: 00000000, rs2_addr:  0, rs2_rdata: 00000000, rd_addr:  0, rd_wdata: 00000000, mem_addr: 00000000, mem_rdata: 00000000, mem_wdata: 00000000
ClkCycle:       7058, pc_rdata: 000e81f2, pc_wdata: 000e81f4, insn: 02000913, mode: 3, rs1_addr:  0, rs1_rdata: 00000000, rs2_addr:  9, rs2_rdata: 000000fe, rd_addr: 17, rd_wdata: 000000fe, mem_addr: 000000fe, mem_rdata: 00000000, mem_wdata: 000000fe
ClkCycle:       7059, pc_rdata: 000e81f4, pc_wdata: 000e81f8, insn: 02000913, mode: 3, rs1_addr:  0, rs1_rdata: 00000000, rs2_addr:  0, rs2_rdata: 00000000, rd_addr: 18, rd_wdata: 00000020, mem_addr: 00000020, mem_rdata: 00000000, mem_wdata: 00000000
ClkCycle:       7060, pc_rdata: 000e81f8, pc_wdata: 000e81fa, insn: b023804a, mode: 3, rs1_addr:  0, rs1_rdata: 00000000, rs2_addr: 18, rs2_rdata: ffffffff, rd_addr:  0, rd_wdata: 00000020, mem_addr: 00000020, mem_rdata: 00000000, mem_wdata: 00000020
ClkCycle:       7061, pc_rdata: 000e81fa, pc_wdata: 000e81fe, insn: b023804a, mode: 3, rs1_addr:  0, rs1_rdata: 00000000, rs2_addr:  0, rs2_rdata: 00000000, rd_addr:  0, rd_wdata: 00000000, mem_addr: 00000000, mem_rdata: 00000000, mem_wdata: 00000000
0000000000000000
ClkCycle:       7062, pc_rdata: 000e81fe, pc_wdata: 000e8202, insn: 84da0400, mode: 3, rs1_addr:  1, rs1_rdata: 00000008, rs2_addr:  0, rs2_rdata: 00000000, rd_addr:  0, rd_wdata: 00000048, mem_addr: 00000048, mem_rdata: 00000000, mem_wdata: 00000000
ClkCycle:       7063, pc_rdata: 000e8202, pc_wdata: 000e8206, insn: 84da0400, mode: 3, rs1_addr:  0, rs1_rdata: 00000000, rs2_addr:  0, rs2_rdata: 00000000, rd_addr:  0, rd_wdata: 00000000, mem_addr: 00000000, mem_rdata: 00000000, mem_wdata: 00000000
ClkCycle:       7064, pc_rdata: 000e8206, pc_wdata: 000e8208, insn: 82220800, mode: 3, rs1_addr:  0, rs1_rdata: 00000000, rs2_addr: 22, rs2_rdata: 003fffff, rd_addr:  9, rd_wdata: 003fffff, mem_addr: 003fffff, mem_rdata: 00000000, mem_wdata: 003fffff
ClkCycle:       7065, pc_rdata: 000e8208, pc_wdata: 000e820a, insn: 82220800, mode: 3, rs1_addr:  2, rs1_rdata: fbffe000, rs2_addr: 16, rs2_rdata: 7d5bfddb, rd_addr:  8, rd_wdata: fbffe010, mem_addr: fbffe010, mem_rdata: 00000000, mem_wdata: 7d5bfddb
ClkCycle:       7066, pc_rdata: 000e820a, pc_wdata: 000e820e, insn: 82220800, mode: 3, rs1_addr:  0, rs1_rdata: 00000000, rs2_addr:  0, rs2_rdata: 00000000, rd_addr:  0, rd_wdata: 00000000, mem_addr: 00000000, mem_rdata: 00000000, mem_wdata: 00000000
ClkCycle:       7067, pc_rdata: 000e820e, pc_wdata: 000e8210, insn: 10000c13, mode: 3, rs1_addr:  0, rs1_rdata: 00000000, rs2_addr:  8, rs2_rdata: fbffe004, rd_addr:  4, rd_wdata: fbffe010, mem_addr: fbffe010, mem_rdata: 00000000, mem_wdata: fbffe010
ClkCycle:       7068, pc_rdata: 000e8210, pc_wdata: 000e8214, insn: 10000c13, mode: 3, rs1_addr:  0, rs1_rdata: 00000000, rs2_addr:  0, rs2_rdata: 00000000, rd_addr: 24, rd_wdata: 00000100, mem_addr: 00000100, mem_rdata: 00000000, mem_wdata: 00000000
ClkCycle:       7069, pc_rdata: 000e8214, pc_wdata: 000e8216, insn: bc2381e2, mode: 3, rs1_addr:  0, rs1_rdata: 00000000, rs2_addr: 24, rs2_rdata: 000000ff, rd_addr:  3, rd_wdata: 00000100, mem_addr: 00000100, mem_rdata: 00000000, mem_wdata: 00000100
ClkCycle:       7070, pc_rdata: 000e8216, pc_wdata: 000e821a, insn: bc2381e2, mode: 3, rs1_addr:  0, rs1_rdata: 00000000, rs2_addr:  0, rs2_rdata: 00000000, rd_addr:  0, rd_wdata: 00000000, mem_addr: 00000000, mem_rdata: 00000000, mem_wdata: 00000000
0000000000000000
ClkCycle:       7071, pc_rdata: 000e821a, pc_wdata: 000e821e, insn: 8a562000, mode: 3, rs1_addr:  1, rs1_rdata: 00000008, rs2_addr:  0, rs2_rdata: 00000000, rd_addr: 24, rd_wdata: 00000220, mem_addr: 00000220, mem_rdata: 00000000, mem_wdata: 00000000
ClkCycle:       7072, pc_rdata: 000e821e, pc_wdata: 000e8222, insn: 8a562000, mode: 3, rs1_addr:  0, rs1_rdata: 00000000, rs2_addr:  0, rs2_rdata: 00000000, rd_addr:  0, rd_wdata: 00000000, mem_addr: 00000000, mem_rdata: 00000000, mem_wdata: 00000000
ClkCycle:       7073, pc_rdata: 000e8222, pc_wdata: 000e8224, insn: 40000b93, mode: 3, rs1_addr:  0, rs1_rdata: 00000000, rs2_addr: 21, rs2_rdata: eedbfbff, rd_addr: 20, rd_wdata: eedbfbff, mem_addr: eedbfbff, mem_rdata: 00000000, mem_wdata: eedbfbff
ClkCycle:       7074, pc_rdata: 000e8224, pc_wdata: 000e8228, insn: 40000b93, mode: 3, rs1_addr:  0, rs1_rdata: 00000000, rs2_addr:  0, rs2_rdata: 00000000, rd_addr: 23, rd_wdata: 00000400, mem_addr: 00000400, mem_rdata: 00000000, mem_wdata: 00000000
ClkCycle:       7075, pc_rdata: 000e8228, pc_wdata: 000e822a, insn: f6b0865e, mode: 3, rs1_addr:  0, rs1_rdata: 00000000, rs2_addr: 23, rs2_rdata: 00007fff, rd_addr: 12, rd_wdata: 00000400, mem_addr: 00000400, mem_rdata: 00000000, mem_wdata: 00000400
ClkCycle:       7076, pc_rdata: 000e822a, pc_wdata: 000e822e, insn: f6b0865e, mode: 3, rs1_addr:  0, rs1_rdata: 00000000, rs2_addr:  0, rs2_rdata: 00000000, rd_addr:  0, rd_wdata: 00000000, mem_addr: 00000000, mem_rdata: 00000000, mem_wdata: 00000000
0000000000000400
ClkCycle:       7077, pc_rdata: 000e822e, pc_wdata: 000e8230, insn: 00bf9f93, mode: 3, rs1_addr: 13, rs1_rdata: 000eb118, rs2_addr: 12, rs2_rdata: 80000000, rd_addr:  8, rd_wdata: 000eb180, mem_addr: 000eb180, mem_rdata: 00000000, mem_wdata: 00000400
ClkCycle:       7078, pc_rdata: 000e8230, pc_wdata: 000e8234, insn: 00bf9f93, mode: 3, rs1_addr: 31, rs1_rdata: 00000000, rs2_addr: 11, rs2_rdata: 80000000, rd_addr: 31, rd_wdata: 00000000, mem_addr: 00000000, mem_rdata: 00000000, mem_wdata: 80000000
ClkCycle:       7079, pc_rdata: 000e8234, pc_wdata: 000e8236, insn: b8238b7e, mode: 3, rs1_addr:  0, rs1_rdata: 00000000, rs2_addr: 31, rs2_rdata: 00000000, rd_addr: 22, rd_wdata: 00000000, mem_addr: 00000000, mem_rdata: 00000000, mem_wdata: 00000000
ClkCycle:       7080, pc_rdata: 000e8236, pc_wdata: 000e823a, insn: b8238b7e, mode: 3, rs1_addr:  0, rs1_rdata: 00000000, rs2_addr:  0, rs2_rdata: 00000000, rd_addr:  0, rd_wdata: 00000000, mem_addr: 00000000, mem_rdata: 00000000, mem_wdata: 00000000
0000000000000008
ClkCycle:       7081, pc_rdata: 000e823a, pc_wdata: 000e823e, insn: 91930010, mode: 3, rs1_addr:  1, rs1_rdata: 00000008, rs2_addr:  1, rs2_rdata: 00000008, rd_addr: 16, rd_wdata: 00000018, mem_addr: 00000018, mem_rdata: 00000000, mem_wdata: 00000008
ClkCycle:       7082, pc_rdata: 000e823e, pc_wdata: 000e8242, insn: 91930010, mode: 3, rs1_addr:  0, rs1_rdata: 00000000, rs2_addr:  0, rs2_rdata: 00000000, rd_addr:  0, rd_wdata: 00000000, mem_addr: 00000000, mem_rdata: 00000000, mem_wdata: 00000000
ClkCycle:       7083, pc_rdata: 000e8242, pc_wdata: 000e8246, insn: 0726bc23, mode: 3, rs1_addr:  7, rs1_rdata: 000feedb, rs2_addr:  2, rs2_rdata: fbffe000, rd_addr:  3, rd_wdata: 003fbb6c, mem_addr: 003fbb6c, mem_rdata: 00000000, mem_wdata: fbffe000
ClkCycle:       7084, pc_rdata: 000e8246, pc_wdata: 000e824a, insn: 0726bc23, mode: 3, rs1_addr:  0, rs1_rdata: 00000000, rs2_addr:  0, rs2_rdata: 00000000, rd_addr:  0, rd_wdata: 00000000, mem_addr: 00000000, mem_rdata: 00000000, mem_wdata: 00000000
ClkCycle:       7085, pc_rdata: 000e824a, pc_wdata: 000e824c, insn: 00d21213, mode: 3, rs1_addr: 14, rs1_rdata: 00000000, rs2_addr:  9, rs2_rdata: 003fffff, rd_addr: 14, rd_wdata: 00000000, mem_addr: 00000000, mem_rdata: 00000000, mem_wdata: 003fffff
ClkCycle:       7086, pc_rdata: 000e824c, pc_wdata: 000e8250, insn: 00d21213, mode: 3, rs1_addr:  4, rs1_rdata: fbffe010, rs2_addr: 13, rs2_rdata: 000eb118, rd_addr:  4, rd_wdata: fc020000, mem_addr: fc020000, mem_rdata: 00000000, mem_wdata: 000eb118
ClkCycle:       7087, pc_rdata: 000e8250, pc_wdata: 000e8252, insn: b0238392, mode: 3, rs1_addr:  0, rs1_rdata: 00000000, rs2_addr:  4, rs2_rdata: fbffe010, rd_addr:  7, rd_wdata: fc020000, mem_addr: fc020000, mem_rdata: 00000000, mem_wdata: fc020000
ClkCycle:       7088, pc_rdata: 000e8252, pc_wdata: 000e8256, insn: b0238392, mode: 3, rs1_addr:  0, rs1_rdata: 00000000, rs2_addr:  0, rs2_rdata: 00000000, rd_addr:  0, rd_wdata: 00000000, mem_addr: 00000000, mem_rdata: 00000000, mem_wdata: 00000000
0000000000000008
ClkCycle:       7089, pc_rdata: 000e8256, pc_wdata: 000e825a, insn: 9c930010, mode: 3, rs1_addr:  1, rs1_rdata: 00000008, rs2_addr:  1, rs2_rdata: 00000008, rd_addr:  0, rd_wdata: 00000008, mem_addr: 00000008, mem_rdata: 00000000, mem_wdata: 00000008
ClkCycle:       7090, pc_rdata: 000e825a, pc_wdata: 000e825e, insn: 9c930010, mode: 3, rs1_addr:  0, rs1_rdata: 00000000, rs2_addr:  0, rs2_rdata: 00000000, rd_addr:  0, rd_wdata: 00000000, mem_addr: 00000000, mem_rdata: 00000000, mem_wdata: 00000000
ClkCycle:       7091, pc_rdata: 000e825e, pc_wdata: 000e8262, insn: 0713e6c0, mode: 3, rs1_addr:  1, rs1_rdata: 00000008, rs2_addr: 12, rs2_rdata: 00000400, rd_addr: 25, rd_wdata: 00008000, mem_addr: 00008000, mem_rdata: 00000000, mem_wdata: 00000400
ClkCycle:       7092, pc_rdata: 000e8262, pc_wdata: 000e8266, insn: 0713e6c0, mode: 3, rs1_addr:  0, rs1_rdata: 00000000, rs2_addr:  0, rs2_rdata: 00000000, rd_addr:  0, rd_wdata: 00000000, mem_addr: 00000000, mem_rdata: 00000000, mem_wdata: 00000000
ClkCycle:       7093, pc_rdata: 000e8266, pc_wdata: 000e826a, insn: 87ba00f7, mode: 3, rs1_addr: 14, rs1_rdata: 00000000, rs2_addr: 15, rs2_rdata: 00000000, rd_addr: 14, rd_wdata: 0000000f, mem_addr: 0000000f, mem_rdata: 00000000, mem_wdata: 00000000
ClkCycle:       7094, pc_rdata: 000e826a, pc_wdata: 000e826e, insn: 87ba00f7, mode: 3, rs1_addr:  0, rs1_rdata: 00000000, rs2_addr:  0, rs2_rdata: 00000000, rd_addr:  0, rd_wdata: 00000000, mem_addr: 00000000, mem_rdata: 00000000, mem_wdata: 00000000
ClkCycle:       7095, pc_rdata: 000e826e, pc_wdata: 000e8270, insn: 9e930010, mode: 3, rs1_addr:  0, rs1_rdata: 00000000, rs2_addr: 14, rs2_rdata: 00000000, rd_addr: 15, rd_wdata: 0000000f, mem_addr: 0000000f, mem_rdata: 00000000, mem_wdata: 0000000f
ClkCycle:       7096, pc_rdata: 000e8270, pc_wdata: 000e8272, insn: 9e930010, mode: 3, rs1_addr:  2, rs1_rdata: fbffe000, rs2_addr:  0, rs2_rdata: 00000000, rd_addr: 12, rd_wdata: fbffe000, mem_addr: fbffe000, mem_rdata: 00000000, mem_wdata: 00000000
ClkCycle:       7097, pc_rdata: 000e8272, pc_wdata: 000e8276, insn: 9e930010, mode: 3, rs1_addr:  0, rs1_rdata: 00000000, rs2_addr:  0, rs2_rdata: 00000000, rd_addr:  0, rd_wdata: 00000000, mem_addr: 00000000, mem_rdata: 00000000, mem_wdata: 00000000
ClkCycle:       7098, pc_rdata: 000e8276, pc_wdata: 000e827a, insn: 09f6bc23, mode: 3, rs1_addr:  7, rs1_rdata: fc020000, rs2_addr:  2, rs2_rdata: fbffe000, rd_addr: 29, rd_wdata: f0080000, mem_addr: f0080000, mem_rdata: 00000000, mem_wdata: fbffe000
ClkCycle:       7099, pc_rdata: 000e827a, pc_wdata: 000e827e, insn: 09f6bc23, mode: 3, rs1_addr:  0, rs1_rdata: 00000000, rs2_addr:  0, rs2_rdata: 00000000, rd_addr:  0, rd_wdata: 00000000, mem_addr: 00000000, mem_rdata: 00000000, mem_wdata: 00000000
ClkCycle:       7100, pc_rdata: 000e827e, pc_wdata: 000e8280, insn: 011e1e13, mode: 3, rs1_addr: 19, rs1_rdata: ffffffff, rs2_addr: 29, rs2_rdata: 00000000, rd_addr: 19, rd_wdata: e0000000, mem_addr: e0000000, mem_rdata: 00000000, mem_wdata: f0080000
ClkCycle:       7101, pc_rdata: 000e8280, pc_wdata: 000e8284, insn: 011e1e13, mode: 3, rs1_addr: 28, rs1_rdata: 00000000, rs2_addr: 17, rs2_rdata: 000000fe, rd_addr: 28, rd_wdata: 00000000, mem_addr: 00000000, mem_rdata: 00000000, mem_wdata: 000000fe
ClkCycle:       7102, pc_rdata: 000e8284, pc_wdata: 000e8286, insn: b0238ef2, mode: 3, rs1_addr:  0, rs1_rdata: 00000000, rs2_addr: 28, rs2_rdata: 00000000, rd_addr: 29, rd_wdata: 00000000, mem_addr: 00000000, mem_rdata: 00000000, mem_wdata: 00000000
ClkCycle:       7103, pc_rdata: 000e8286, pc_wdata: 000e828a, insn: b0238ef2, mode: 3, rs1_addr:  0, rs1_rdata: 00000000, rs2_addr:  0, rs2_rdata: 00000000, rd_addr:  0, rd_wdata: 00000000, mem_addr: 00000000, mem_rdata: 00000000, mem_wdata: 00000000
0000000000000008
ClkCycle:       7104, pc_rdata: 000e828a, pc_wdata: 000e828e, insn: 18130010, mode: 3, rs1_addr:  1, rs1_rdata: 00000008, rs2_addr:  1, rs2_rdata: 00000008, rd_addr:  0, rd_wdata: 00000008, mem_addr: 00000008, mem_rdata: 00000000, mem_wdata: 00000008
ClkCycle:       7105, pc_rdata: 000e828e, pc_wdata: 000e8292, insn: 18130010, mode: 3, rs1_addr:  0, rs1_rdata: 00000000, rs2_addr:  0, rs2_rdata: 00000000, rd_addr:  0, rd_wdata: 00000000, mem_addr: 00000000, mem_rdata: 00000000, mem_wdata: 00000000
ClkCycle:       7106, pc_rdata: 000e8292, pc_wdata: 000e8296, insn: 0013f6c8, mode: 3, rs1_addr: 16, rs1_rdata: 7d5bfddb, rs2_addr: 12, rs2_rdata: fbffe000, rd_addr: 16, rd_wdata: bfddb000, mem_addr: bfddb000, mem_rdata: 00000000, mem_wdata: fbffe000
ClkCycle:       7107, pc_rdata: 000e8296, pc_wdata: 000e829a, insn: 0013f6c8, mode: 3, rs1_addr:  0, rs1_rdata: 00000000, rs2_addr:  0, rs2_rdata: 00000000, rd_addr:  0, rd_wdata: 00000000, mem_addr: 00000000, mem_rdata: 00000000, mem_wdata: 00000000
ClkCycle:       7108, pc_rdata: 000e829a, pc_wdata: 000e829e, insn: 00010000, mode: 3, rs1_addr:  0, rs1_rdata: 00000000, rs2_addr:  0, rs2_rdata: 00000000, rd_addr:  0, rd_wdata: 00000000, mem_addr: 00000000, mem_rdata: 00000000, mem_wdata: 00000000
ClkCycle:       7109, pc_rdata: 000e829e, pc_wdata: 000e82a2, insn: 00010000, mode: 3, rs1_addr:  0, rs1_rdata: 00000000, rs2_addr:  0, rs2_rdata: 00000000, rd_addr:  0, rd_wdata: 00000000, mem_addr: 00000000, mem_rdata: 00000000, mem_wdata: 00000000
ClkCycle:       7110, pc_rdata: 000e82a2, pc_wdata: 000e82a4, insn: f2810113, mode: 3, rs1_addr:  0, rs1_rdata: 00000000, rs2_addr:  0, rs2_rdata: 00000000, rd_addr:  0, rd_wdata: 00000000, mem_addr: 00000000, mem_rdata: 00000000, mem_wdata: 00000000
ClkCycle:       7111, pc_rdata: 000e82a4, pc_wdata: 000e82a8, insn: f2810113, mode: 3, rs1_addr:  2, rs1_rdata: fbffe000, rs2_addr:  8, rs2_rdata: fbffe010, rd_addr:  2, rd_wdata: fbffdf28, mem_addr: fbffdf28, mem_rdata: 00000000, mem_wdata: fbffe010
ClkCycle:       7112, pc_rdata: 000e82a8, pc_wdata: 000e82ac, insn: 00000013, mode: 3, rs1_addr:  0, rs1_rdata: 00000000, rs2_addr:  0, rs2_rdata: 00000000, rd_addr:  0, rd_wdata: 00000000, mem_addr: 00000000, mem_rdata: 00000000, mem_wdata: 00000000
ClkCycle:       7113, pc_rdata: 000e82ac, pc_wdata: 000e82b0, insn: 00000013, mode: 3, rs1_addr:  0, rs1_rdata: 00000000, rs2_addr:  0, rs2_rdata: 00000000, rd_addr:  0, rd_wdata: 00000000, mem_addr: 00000000, mem_rdata: 00000000, mem_wdata: 00000000
ClkCycle:       7114, pc_rdata: 000e82b0, pc_wdata: 000e82b4, insn: 00000013, mode: 3, rs1_addr:  0, rs1_rdata: 00000000, rs2_addr:  0, rs2_rdata: 00000000, rd_addr:  0, rd_wdata: 00000000, mem_addr: 00000000, mem_rdata: 00000000, mem_wdata: 00000000
ClkCycle:       7115, pc_rdata: 000e82b4, pc_wdata: 000e82b8, insn: 00000013, mode: 3, rs1_addr:  0, rs1_rdata: 00000000, rs2_addr:  0, rs2_rdata: 00000000, rd_addr:  0, rd_wdata: 00000000, mem_addr: 00000000, mem_rdata: 00000000, mem_wdata: 00000000
ClkCycle:       7116, pc_rdata: 000e82b8, pc_wdata: 000e82bc, insn: 00000013, mode: 3, rs1_addr:  0, rs1_rdata: 00000000, rs2_addr:  0, rs2_rdata: 00000000, rd_addr:  0, rd_wdata: 00000000, mem_addr: 00000000, mem_rdata: 00000000, mem_wdata: 00000000
ClkCycle:       7117, pc_rdata: 000e82bc, pc_wdata: 000e82c0, insn: 00000013, mode: 3, rs1_addr:  0, rs1_rdata: 00000000, rs2_addr:  0, rs2_rdata: 00000000, rd_addr:  0, rd_wdata: 00000000, mem_addr: 00000000, mem_rdata: 00000000, mem_wdata: 00000000
ClkCycle:       7118, pc_rdata: 000e82c0, pc_wdata: 000e82c4, insn: 00100a13, mode: 3, rs1_addr:  0, rs1_rdata: 00000000, rs2_addr:  1, rs2_rdata: 00000008, rd_addr: 20, rd_wdata: 00000001, mem_addr: 00000001, mem_rdata: 00000000, mem_wdata: 00000008
ClkCycle:       7119, pc_rdata: 000e82c4, pc_wdata: 000e82c8, insn: 013a1a13, mode: 3, rs1_addr: 20, rs1_rdata: eedbfbff, rs2_addr: 19, rs2_rdata: e0000000, rd_addr: 20, rd_wdata: 00080000, mem_addr: 00080000, mem_rdata: 00000000, mem_wdata: e0000000
ClkCycle:       7120, pc_rdata: 000e82c8, pc_wdata: 000e82ca, insn: e0668cd2, mode: 3, rs1_addr:  0, rs1_rdata: 00000000, rs2_addr: 20, rs2_rdata: eedbfbff, rd_addr: 25, rd_wdata: 00080000, mem_addr: 00080000, mem_rdata: 00000000, mem_wdata: 00080000
ClkCycle:       7121, pc_rdata: 000e82ca, pc_wdata: 000e82ce, insn: e0668cd2, mode: 3, rs1_addr:  0, rs1_rdata: 00000000, rs2_addr:  0, rs2_rdata: 00000000, rd_addr:  0, rd_wdata: 00000000, mem_addr: 00000000, mem_rdata: 00000000, mem_wdata: 00000000
0000000000080000
ClkCycle:       7122, pc_rdata: 000e82ce, pc_wdata: 000e82d0, insn: 01469693, mode: 3, rs1_addr:  2, rs1_rdata: fbffdf28, rs2_addr: 25, rs2_rdata: 00008000, rd_addr:  0, rd_wdata: fbffdf28, mem_addr: fbffdf28, mem_rdata: 00000000, mem_wdata: 00080000
ClkCycle:       7123, pc_rdata: 000e82d0, pc_wdata: 000e82d4, insn: 01469693, mode: 3, rs1_addr: 13, rs1_rdata: 000eb118, rs2_addr: 20, rs2_rdata: 00080000, rd_addr: 13, rd_wdata: 11800000, mem_addr: 11800000, mem_rdata: 00000000, mem_wdata: 00080000
ClkCycle:       7124, pc_rdata: 000e82d4, pc_wdata: 000e82d6, insn: e41682b6, mode: 3, rs1_addr:  0, rs1_rdata: 00000000, rs2_addr: 13, rs2_rdata: 000eb118, rd_addr:  5, rd_wdata: 11800000, mem_addr: 11800000, mem_rdata: 00000000, mem_wdata: 11800000
ClkCycle:       7125, pc_rdata: 000e82d6, pc_wdata: 000e82da, insn: e41682b6, mode: 3, rs1_addr:  0, rs1_rdata: 00000000, rs2_addr:  0, rs2_rdata: 00000000, rd_addr:  0, rd_wdata: 00000000, mem_addr: 00000000, mem_rdata: 00000000, mem_wdata: 00000000
001000eb11800000
ClkCycle:       7126, pc_rdata: 000e82da, pc_wdata: 000e82dc, insn: 01531313, mode: 3, rs1_addr:  2, rs1_rdata: fbffdf28, rs2_addr:  5, rs2_rdata: eedbfbff, rd_addr:  8, rd_wdata: fbffdf30, mem_addr: fbffdf30, mem_rdata: 00000000, mem_wdata: 11800000
ClkCycle:       7127, pc_rdata: 000e82dc, pc_wdata: 000e82e0, insn: 01531313, mode: 3, rs1_addr:  6, rs1_rdata: fffeffff, rs2_addr: 21, rs2_rdata: eedbfbff, rd_addr:  6, rd_wdata: ffe00000, mem_addr: ffe00000, mem_rdata: 00000000, mem_wdata: eedbfbff
ClkCycle:       7128, pc_rdata: 000e82e0, pc_wdata: 000e82e2, insn: e806809a, mode: 3, rs1_addr:  0, rs1_rdata: 00000000, rs2_addr:  6, rs2_rdata: fffeffff, rd_addr:  1, rd_wdata: ffe00000, mem_addr: ffe00000, mem_rdata: 00000000, mem_wdata: ffe00000
ClkCycle:       7129, pc_rdata: 000e82e2, pc_wdata: 000e82e6, insn: e806809a, mode: 3, rs1_addr:  0, rs1_rdata: 00000000, rs2_addr:  0, rs2_rdata: 00000000, rd_addr:  0, rd_wdata: 00000000, mem_addr: 00000000, mem_rdata: 00000000, mem_wdata: 00000000
ffffffdfffe00000
ClkCycle:       7130, pc_rdata: 000e82e6, pc_wdata: 000e82e8, insn: 01679793, mode: 3, rs1_addr:  2, rs1_rdata: fbffdf28, rs2_addr:  1, rs2_rdata: 00000008, rd_addr: 16, rd_wdata: fbffdf38, mem_addr: fbffdf38, mem_rdata: 00000000, mem_wdata: ffe00000
ClkCycle:       7131, pc_rdata: 000e82e8, pc_wdata: 000e82ec, insn: 01679793, mode: 3, rs1_addr: 15, rs1_rdata: 0000000f, rs2_addr: 22, rs2_rdata: 00000000, rd_addr: 15, rd_wdata: 03c00000, mem_addr: 03c00000, mem_rdata: 00000000, mem_wdata: 00000000
ClkCycle:       7132, pc_rdata: 000e82ec, pc_wdata: 000e82ee, insn: ec6a8d3e, mode: 3, rs1_addr:  0, rs1_rdata: 00000000, rs2_addr: 15, rs2_rdata: 0000000f, rd_addr: 26, rd_wdata: 03c00000, mem_addr: 03c00000, mem_rdata: 00000000, mem_wdata: 03c00000
ClkCycle:       7133, pc_rdata: 000e82ee, pc_wdata: 000e82f2, insn: ec6a8d3e, mode: 3, rs1_addr:  0, rs1_rdata: 00000000, rs2_addr:  0, rs2_rdata: 00000000, rd_addr:  0, rd_wdata: 00000000, mem_addr: 00000000, mem_rdata: 00000000, mem_wdata: 00000000
0000000003c00000
ClkCycle:       7134, pc_rdata: 000e82f2, pc_wdata: 000e82f4, insn: 01751513, mode: 3, rs1_addr:  2, rs1_rdata: fbffdf28, rs2_addr: 26, rs2_rdata: 00000000, rd_addr: 24, rd_wdata: fbffdf40, mem_addr: fbffdf40, mem_rdata: 00000000, mem_wdata: 03c00000
ClkCycle:       7135, pc_rdata: 000e82f4, pc_wdata: 000e82f8, insn: 01751513, mode: 3, rs1_addr: 10, rs1_rdata: 00000001, rs2_addr: 23, rs2_rdata: 00000400, rd_addr: 10, rd_wdata: 00800000, mem_addr: 00800000, mem_rdata: 00000000, mem_wdata: 00000400
ClkCycle:       7136, pc_rdata: 000e82f8, pc_wdata: 000e82fa, insn: f0628c2a, mode: 3, rs1_addr:  0, rs1_rdata: 00000000, rs2_addr: 10, rs2_rdata: 00000001, rd_addr: 24, rd_wdata: 00800000, mem_addr: 00800000, mem_rdata: 00000000, mem_wdata: 00800000
ClkCycle:       7137, pc_rdata: 000e82fa, pc_wdata: 000e82fe, insn: f0628c2a, mode: 3, rs1_addr:  0, rs1_rdata: 00000000, rs2_addr:  0, rs2_rdata: 00000000, rd_addr:  0, rd_wdata: 00000000, mem_addr: 00000000, mem_rdata: 00000000, mem_wdata: 00000000
0000000000800000
ClkCycle:       7138, pc_rdata: 000e82fe, pc_wdata: 000e8300, insn: 018f1f13, mode: 3, rs1_addr:  2, rs1_rdata: fbffdf28, rs2_addr: 24, rs2_rdata: 00000100, rd_addr:  0, rd_wdata: fbffdf48, mem_addr: fbffdf48, mem_rdata: 00000000, mem_wdata: 00800000
ClkCycle:       7139, pc_rdata: 000e8300, pc_wdata: 000e8304, insn: 018f1f13, mode: 3, rs1_addr: 30, rs1_rdata: 00000000, rs2_addr: 24, rs2_rdata: 00800000, rd_addr: 30, rd_wdata: 00000000, mem_addr: 00000000, mem_rdata: 00000000, mem_wdata: 00800000
ClkCycle:       7140, pc_rdata: 000e8304, pc_wdata: 000e8306, insn: f4728e7a, mode: 3, rs1_addr:  0, rs1_rdata: 00000000, rs2_addr: 30, rs2_rdata: 00000000, rd_addr: 28, rd_wdata: 00000000, mem_addr: 00000000, mem_rdata: 00000000, mem_wdata: 00000000
ClkCycle:       7141, pc_rdata: 000e8306, pc_wdata: 000e830a, insn: f4728e7a, mode: 3, rs1_addr:  0, rs1_rdata: 00000000, rs2_addr:  0, rs2_rdata: 00000000, rd_addr:  0, rd_wdata: 00000000, mem_addr: 00000000, mem_rdata: 00000000, mem_wdata: 00000000
0000000000000000
ClkCycle:       7142, pc_rdata: 000e830a, pc_wdata: 000e830c, insn: 01999993, mode: 3, rs1_addr:  2, rs1_rdata: fbffdf28, rs2_addr: 28, rs2_rdata: 00000000, rd_addr:  8, rd_wdata: fbffdf50, mem_addr: fbffdf50, mem_rdata: 00000000, mem_wdata: 00000000
ClkCycle:       7143, pc_rdata: 000e830c, pc_wdata: 000e8310, insn: 01999993, mode: 3, rs1_addr: 19, rs1_rdata: e0000000, rs2_addr: 25, rs2_rdata: 00080000, rd_addr: 19, rd_wdata: 00000000, mem_addr: 00000000, mem_rdata: 00000000, mem_wdata: 00080000
ClkCycle:       7144, pc_rdata: 000e8310, pc_wdata: 000e8312, insn: f85e8bce, mode: 3, rs1_addr:  0, rs1_rdata: 00000000, rs2_addr: 19, rs2_rdata: e0000000, rd_addr: 23, rd_wdata: 00000000, mem_addr: 00000000, mem_rdata: 00000000, mem_wdata: 00000000
ClkCycle:       7145, pc_rdata: 000e8312, pc_wdata: 000e8316, insn: f85e8bce, mode: 3, rs1_addr:  0, rs1_rdata: 00000000, rs2_addr:  0, rs2_rdata: 00000000, rd_addr:  0, rd_wdata: 00000000, mem_addr: 00000000, mem_rdata: 00000000, mem_wdata: 00000000
ffc0000000000000
ClkCycle:       7146, pc_rdata: 000e8316, pc_wdata: 000e8318, insn: 01a59593, mode: 3, rs1_addr:  2, rs1_rdata: fbffdf28, rs2_addr: 23, rs2_rdata: 00000400, rd_addr: 16, rd_wdata: fbffdf58, mem_addr: fbffdf58, mem_rdata: 00000000, mem_wdata: 00000000
ClkCycle:       7147, pc_rdata: 000e8318, pc_wdata: 000e831c, insn: 01a59593, mode: 3, rs1_addr: 11, rs1_rdata: 80000000, rs2_addr: 26, rs2_rdata: 03c00000, rd_addr: 11, rd_wdata: 00000000, mem_addr: 00000000, mem_rdata: 00000000, mem_wdata: 03c00000
ClkCycle:       7148, pc_rdata: 000e831c, pc_wdata: 000e831e, insn: fc7a8f2e, mode: 3, rs1_addr:  0, rs1_rdata: 00000000, rs2_addr: 11, rs2_rdata: 80000000, rd_addr: 30, rd_wdata: 00000000, mem_addr: 00000000, mem_rdata: 00000000, mem_wdata: 00000000
ClkCycle:       7149, pc_rdata: 000e831e, pc_wdata: 000e8322, insn: fc7a8f2e, mode: 3, rs1_addr:  0, rs1_rdata: 00000000, rs2_addr:  0, rs2_rdata: 00000000, rd_addr:  0, rd_wdata: 00000000, mem_addr: 00000000, mem_rdata: 00000000, mem_wdata: 00000000
fe00000000000000
ClkCycle:       7150, pc_rdata: 000e8322, pc_wdata: 000e8324, insn: 01bd9d93, mode: 3, rs1_addr:  2, rs1_rdata: fbffdf28, rs2_addr: 30, rs2_rdata: 00000000, rd_addr: 24, rd_wdata: fbffdf60, mem_addr: fbffdf60, mem_rdata: 00000000, mem_wdata: 00000000
ClkCycle:       7151, pc_rdata: 000e8324, pc_wdata: 000e8328, insn: 01bd9d93, mode: 3, rs1_addr: 27, rs1_rdata: 00000008, rs2_addr: 27, rs2_rdata: 00000008, rd_addr: 27, rd_wdata: 40000000, mem_addr: 40000000, mem_rdata: 00000000, mem_wdata: 00000008
ClkCycle:       7152, pc_rdata: 000e8328, pc_wdata: 000e832a, insn: e0b686ee, mode: 3, rs1_addr:  0, rs1_rdata: 00000000, rs2_addr: 27, rs2_rdata: 00000008, rd_addr: 13, rd_wdata: 40000000, mem_addr: 40000000, mem_rdata: 00000000, mem_wdata: 40000000
ClkCycle:       7153, pc_rdata: 000e832a, pc_wdata: 000e832e, insn: e0b686ee, mode: 3, rs1_addr:  0, rs1_rdata: 00000000, rs2_addr:  0, rs2_rdata: 00000000, rd_addr:  0, rd_wdata: 00000000, mem_addr: 00000000, mem_rdata: 00000000, mem_wdata: 00000000
0000000040000000
ClkCycle:       7154, pc_rdata: 000e832e, pc_wdata: 000e8330, insn: 01ce1e13, mode: 3, rs1_addr:  2, rs1_rdata: fbffdf28, rs2_addr: 13, rs2_rdata: 11800000, rd_addr:  0, rd_wdata: fbffdf68, mem_addr: fbffdf68, mem_rdata: 00000000, mem_wdata: 40000000
ClkCycle:       7155, pc_rdata: 000e8330, pc_wdata: 000e8334, insn: 01ce1e13, mode: 3, rs1_addr: 28, rs1_rdata: 00000000, rs2_addr: 28, rs2_rdata: 00000000, rd_addr: 28, rd_wdata: 00000000, mem_addr: 00000000, mem_rdata: 00000000, mem_wdata: 00000000
ClkCycle:       7156, pc_rdata: 000e8334, pc_wdata: 000e8336, insn: e4c28872, mode: 3, rs1_addr:  0, rs1_rdata: 00000000, rs2_addr: 28, rs2_rdata: 00000000, rd_addr: 16, rd_wdata: 00000000, mem_addr: 00000000, mem_rdata: 00000000, mem_wdata: 00000000
ClkCycle:       7157, pc_rdata: 000e8336, pc_wdata: 000e833a, insn: e4c28872, mode: 3, rs1_addr:  0, rs1_rdata: 00000000, rs2_addr:  0, rs2_rdata: 00000000, rd_addr:  0, rd_wdata: 00000000, mem_addr: 00000000, mem_rdata: 00000000, mem_wdata: 00000000
0000000000000000
ClkCycle:       7158, pc_rdata: 000e833a, pc_wdata: 000e833c, insn: 01d59593, mode: 3, rs1_addr:  2, rs1_rdata: fbffdf28, rs2_addr: 16, rs2_rdata: bfddb000, rd_addr:  8, rd_wdata: fbffdf70, mem_addr: fbffdf70, mem_rdata: 00000000, mem_wdata: 00000000
ClkCycle:       7159, pc_rdata: 000e833c, pc_wdata: 000e8340, insn: 01d59593, mode: 3, rs1_addr: 11, rs1_rdata: 00000000, rs2_addr: 29, rs2_rdata: 00000000, rd_addr: 11, rd_wdata: 00000000, mem_addr: 00000000, mem_rdata: 00000000, mem_wdata: 00000000
ClkCycle:       7160, pc_rdata: 000e8340, pc_wdata: 000e8342, insn: e8aa852e, mode: 3, rs1_addr:  0, rs1_rdata: 00000000, rs2_addr: 11, rs2_rdata: 00000000, rd_addr: 10, rd_wdata: 00000000, mem_addr: 00000000, mem_rdata: 00000000, mem_wdata: 00000000
ClkCycle:       7161, pc_rdata: 000e8342, pc_wdata: 000e8346, insn: e8aa852e, mode: 3, rs1_addr:  0, rs1_rdata: 00000000, rs2_addr:  0, rs2_rdata: 00000000, rd_addr:  0, rd_wdata: 00000000, mem_addr: 00000000, mem_rdata: 00000000, mem_wdata: 00000000
0000000000000000
ClkCycle:       7162, pc_rdata: 000e8346, pc_wdata: 000e8348, insn: 01e59593, mode: 3, rs1_addr:  2, rs1_rdata: fbffdf28, rs2_addr: 10, rs2_rdata: 00800000, rd_addr: 16, rd_wdata: fbffdf78, mem_addr: fbffdf78, mem_rdata: 00000000, mem_wdata: 00000000
ClkCycle:       7163, pc_rdata: 000e8348, pc_wdata: 000e834c, insn: 01e59593, mode: 3, rs1_addr: 11, rs1_rdata: 00000000, rs2_addr: 30, rs2_rdata: 00000000, rd_addr: 11, rd_wdata: 00000000, mem_addr: 00000000, mem_rdata: 00000000, mem_wdata: 00000000
ClkCycle:       7164, pc_rdata: 000e834c, pc_wdata: 000e834e, insn: ecaa852e, mode: 3, rs1_addr:  0, rs1_rdata: 00000000, rs2_addr: 11, rs2_rdata: 00000000, rd_addr: 10, rd_wdata: 00000000, mem_addr: 00000000, mem_rdata: 00000000, mem_wdata: 00000000
ClkCycle:       7165, pc_rdata: 000e834e, pc_wdata: 000e8352, insn: ecaa852e, mode: 3, rs1_addr:  0, rs1_rdata: 00000000, rs2_addr:  0, rs2_rdata: 00000000, rd_addr:  0, rd_wdata: 00000000, mem_addr: 00000000, mem_rdata: 00000000, mem_wdata: 00000000
0000000000000000
ClkCycle:       7166, pc_rdata: 000e8352, pc_wdata: 000e8354, insn: 01f59593, mode: 3, rs1_addr:  2, rs1_rdata: fbffdf28, rs2_addr: 10, rs2_rdata: 00000000, rd_addr: 24, rd_wdata: fbffdf80, mem_addr: fbffdf80, mem_rdata: 00000000, mem_wdata: 00000000
ClkCycle:       7167, pc_rdata: 000e8354, pc_wdata: 000e8358, insn: 01f59593, mode: 3, rs1_addr: 11, rs1_rdata: 00000000, rs2_addr: 31, rs2_rdata: 00000000, rd_addr: 11, rd_wdata: 00000000, mem_addr: 00000000, mem_rdata: 00000000, mem_wdata: 00000000
ClkCycle:       7168, pc_rdata: 000e8358, pc_wdata: 000e835a, insn: f0aa852e, mode: 3, rs1_addr:  0, rs1_rdata: 00000000, rs2_addr: 11, rs2_rdata: 00000000, rd_addr: 10, rd_wdata: 00000000, mem_addr: 00000000, mem_rdata: 00000000, mem_wdata: 00000000
ClkCycle:       7169, pc_rdata: 000e835a, pc_wdata: 000e835e, insn: f0aa852e, mode: 3, rs1_addr:  0, rs1_rdata: 00000000, rs2_addr:  0, rs2_rdata: 00000000, rd_addr:  0, rd_wdata: 00000000, mem_addr: 00000000, mem_rdata: 00000000, mem_wdata: 00000000
0000000000000000
ClkCycle:       7170, pc_rdata: 000e835e, pc_wdata: 000e8360, insn: 02059593, mode: 3, rs1_addr:  2, rs1_rdata: fbffdf28, rs2_addr: 10, rs2_rdata: 00000000, rd_addr:  0, rd_wdata: fbffdf88, mem_addr: fbffdf88, mem_rdata: 00000000, mem_wdata: 00000000
ClkCycle:       7171, pc_rdata: 000e8360, pc_wdata: 000e8364, insn: 02059593, mode: 3, rs1_addr: 11, rs1_rdata: 00000000, rs2_addr:  0, rs2_rdata: 00000000, rd_addr: 11, rd_wdata: 00000000, mem_addr: 00000000, mem_rdata: 00000000, mem_wdata: 00000000
ClkCycle:       7172, pc_rdata: 000e8364, pc_wdata: 000e8366, insn: f4aa852e, mode: 3, rs1_addr:  0, rs1_rdata: 00000000, rs2_addr: 11, rs2_rdata: 00000000, rd_addr: 10, rd_wdata: 00000000, mem_addr: 00000000, mem_rdata: 00000000, mem_wdata: 00000000
ClkCycle:       7173, pc_rdata: 000e8366, pc_wdata: 000e836a, insn: f4aa852e, mode: 3, rs1_addr:  0, rs1_rdata: 00000000, rs2_addr:  0, rs2_rdata: 00000000, rd_addr:  0, rd_wdata: 00000000, mem_addr: 00000000, mem_rdata: 00000000, mem_wdata: 00000000
0000000000000000
ClkCycle:       7174, pc_rdata: 000e836a, pc_wdata: 000e836c, insn: 02159593, mode: 3, rs1_addr:  2, rs1_rdata: fbffdf28, rs2_addr: 10, rs2_rdata: 00000000, rd_addr:  8, rd_wdata: fbffdf90, mem_addr: fbffdf90, mem_rdata: 00000000, mem_wdata: 00000000
ClkCycle:       7175, pc_rdata: 000e836c, pc_wdata: 000e8370, insn: 02159593, mode: 3, rs1_addr: 11, rs1_rdata: 00000000, rs2_addr:  1, rs2_rdata: ffe00000, rd_addr: 11, rd_wdata: 00000000, mem_addr: 00000000, mem_rdata: 00000000, mem_wdata: ffe00000
ClkCycle:       7176, pc_rdata: 000e8370, pc_wdata: 000e8372, insn: f8aa852e, mode: 3, rs1_addr:  0, rs1_rdata: 00000000, rs2_addr: 11, rs2_rdata: 00000000, rd_addr: 10, rd_wdata: 00000000, mem_addr: 00000000, mem_rdata: 00000000, mem_wdata: 00000000
ClkCycle:       7177, pc_rdata: 000e8372, pc_wdata: 000e8376, insn: f8aa852e, mode: 3, rs1_addr:  0, rs1_rdata: 00000000, rs2_addr:  0, rs2_rdata: 00000000, rd_addr:  0, rd_wdata: 00000000, mem_addr: 00000000, mem_rdata: 00000000, mem_wdata: 00000000
0000000000000000
ClkCycle:       7178, pc_rdata: 000e8376, pc_wdata: 000e8378, insn: 02259593, mode: 3, rs1_addr:  2, rs1_rdata: fbffdf28, rs2_addr: 10, rs2_rdata: 00000000, rd_addr: 16, rd_wdata: fbffdf98, mem_addr: fbffdf98, mem_rdata: 00000000, mem_wdata: 00000000
ClkCycle:       7179, pc_rdata: 000e8378, pc_wdata: 000e837c, insn: 02259593, mode: 3, rs1_addr: 11, rs1_rdata: 00000000, rs2_addr:  2, rs2_rdata: fbffdf28, rd_addr: 11, rd_wdata: 00000000, mem_addr: 00000000, mem_rdata: 00000000, mem_wdata: fbffdf28
ClkCycle:       7180, pc_rdata: 000e837c, pc_wdata: 000e837e, insn: fcaa852e, mode: 3, rs1_addr:  0, rs1_rdata: 00000000, rs2_addr: 11, rs2_rdata: 00000000, rd_addr: 10, rd_wdata: 00000000, mem_addr: 00000000, mem_rdata: 00000000, mem_wdata: 00000000
ClkCycle:       7181, pc_rdata: 000e837e, pc_wdata: 000e8382, insn: fcaa852e, mode: 3, rs1_addr:  0, rs1_rdata: 00000000, rs2_addr:  0, rs2_rdata: 00000000, rd_addr:  0, rd_wdata: 00000000, mem_addr: 00000000, mem_rdata: 00000000, mem_wdata: 00000000
0000000000000000
ClkCycle:       7182, pc_rdata: 000e8382, pc_wdata: 000e8384, insn: 02359593, mode: 3, rs1_addr:  2, rs1_rdata: fbffdf28, rs2_addr: 10, rs2_rdata: 00000000, rd_addr: 24, rd_wdata: fbffdfa0, mem_addr: fbffdfa0, mem_rdata: 00000000, mem_wdata: 00000000
ClkCycle:       7183, pc_rdata: 000e8384, pc_wdata: 000e8388, insn: 02359593, mode: 3, rs1_addr: 11, rs1_rdata: 00000000, rs2_addr:  3, rs2_rdata: 003fbb6c, rd_addr: 11, rd_wdata: 00000000, mem_addr: 00000000, mem_rdata: 00000000, mem_wdata: 003fbb6c
ClkCycle:       7184, pc_rdata: 000e8388, pc_wdata: 000e838a, insn: e12a852e, mode: 3, rs1_addr:  0, rs1_rdata: 00000000, rs2_addr: 11, rs2_rdata: 00000000, rd_addr: 10, rd_wdata: 00000000, mem_addr: 00000000, mem_rdata: 00000000, mem_wdata: 00000000
ClkCycle:       7185, pc_rdata: 000e838a, pc_wdata: 000e838e, insn: e12a852e, mode: 3, rs1_addr:  0, rs1_rdata: 00000000, rs2_addr:  0, rs2_rdata: 00000000, rd_addr:  0, rd_wdata: 00000000, mem_addr: 00000000, mem_rdata: 00000000, mem_wdata: 00000000
0000000000000000
ClkCycle:       7186, pc_rdata: 000e838e, pc_wdata: 000e8390, insn: 02459593, mode: 3, rs1_addr:  2, rs1_rdata: fbffdf28, rs2_addr: 10, rs2_rdata: 00000000, rd_addr:  0, rd_wdata: fbffdfa8, mem_addr: fbffdfa8, mem_rdata: 00000000, mem_wdata: 00000000
ClkCycle:       7187, pc_rdata: 000e8390, pc_wdata: 000e8394, insn: 02459593, mode: 3, rs1_addr: 11, rs1_rdata: 00000000, rs2_addr:  4, rs2_rdata: fc020000, rd_addr: 11, rd_wdata: 00000000, mem_addr: 00000000, mem_rdata: 00000000, mem_wdata: fc020000
ClkCycle:       7188, pc_rdata: 000e8394, pc_wdata: 000e8396, insn: e52a852e, mode: 3, rs1_addr:  0, rs1_rdata: 00000000, rs2_addr: 11, rs2_rdata: 00000000, rd_addr: 10, rd_wdata: 00000000, mem_addr: 00000000, mem_rdata: 00000000, mem_wdata: 00000000
ClkCycle:       7189, pc_rdata: 000e8396, pc_wdata: 000e839a, insn: e52a852e, mode: 3, rs1_addr:  0, rs1_rdata: 00000000, rs2_addr:  0, rs2_rdata: 00000000, rd_addr:  0, rd_wdata: 00000000, mem_addr: 00000000, mem_rdata: 00000000, mem_wdata: 00000000
0000000000000000
ClkCycle:       7190, pc_rdata: 000e839a, pc_wdata: 000e839c, insn: 02559593, mode: 3, rs1_addr:  2, rs1_rdata: fbffdf28, rs2_addr: 10, rs2_rdata: 00000000, rd_addr:  8, rd_wdata: fbffdfb0, mem_addr: fbffdfb0, mem_rdata: 00000000, mem_wdata: 00000000
ClkCycle:       7191, pc_rdata: 000e839c, pc_wdata: 000e83a0, insn: 02559593, mode: 3, rs1_addr: 11, rs1_rdata: 00000000, rs2_addr:  5, rs2_rdata: 11800000, rd_addr: 11, rd_wdata: 00000000, mem_addr: 00000000, mem_rdata: 00000000, mem_wdata: 11800000
ClkCycle:       7192, pc_rdata: 000e83a0, pc_wdata: 000e83a2, insn: e92a852e, mode: 3, rs1_addr:  0, rs1_rdata: 00000000, rs2_addr: 11, rs2_rdata: 00000000, rd_addr: 10, rd_wdata: 00000000, mem_addr: 00000000, mem_rdata: 00000000, mem_wdata: 00000000
ClkCycle:       7193, pc_rdata: 000e83a2, pc_wdata: 000e83a6, insn: e92a852e, mode: 3, rs1_addr:  0, rs1_rdata: 00000000, rs2_addr:  0, rs2_rdata: 00000000, rd_addr:  0, rd_wdata: 00000000, mem_addr: 00000000, mem_rdata: 00000000, mem_wdata: 00000000
0000000000000000
ClkCycle:       7194, pc_rdata: 000e83a6, pc_wdata: 000e83a8, insn: 02659593, mode: 3, rs1_addr:  2, rs1_rdata: fbffdf28, rs2_addr: 10, rs2_rdata: 00000000, rd_addr: 16, rd_wdata: fbffdfb8, mem_addr: fbffdfb8, mem_rdata: 00000000, mem_wdata: 00000000
ClkCycle:       7195, pc_rdata: 000e83a8, pc_wdata: 000e83ac, insn: 02659593, mode: 3, rs1_addr: 11, rs1_rdata: 00000000, rs2_addr:  6, rs2_rdata: ffe00000, rd_addr: 11, rd_wdata: 00000000, mem_addr: 00000000, mem_rdata: 00000000, mem_wdata: ffe00000
ClkCycle:       7196, pc_rdata: 000e83ac, pc_wdata: 000e83ae, insn: ed2a852e, mode: 3, rs1_addr:  0, rs1_rdata: 00000000, rs2_addr: 11, rs2_rdata: 00000000, rd_addr: 10, rd_wdata: 00000000, mem_addr: 00000000, mem_rdata: 00000000, mem_wdata: 00000000
ClkCycle:       7197, pc_rdata: 000e83ae, pc_wdata: 000e83b2, insn: ed2a852e, mode: 3, rs1_addr:  0, rs1_rdata: 00000000, rs2_addr:  0, rs2_rdata: 00000000, rd_addr:  0, rd_wdata: 00000000, mem_addr: 00000000, mem_rdata: 00000000, mem_wdata: 00000000
0000000000000000
ClkCycle:       7198, pc_rdata: 000e83b2, pc_wdata: 000e83b4, insn: 02759593, mode: 3, rs1_addr:  2, rs1_rdata: fbffdf28, rs2_addr: 10, rs2_rdata: 00000000, rd_addr: 24, rd_wdata: fbffdfc0, mem_addr: fbffdfc0, mem_rdata: 00000000, mem_wdata: 00000000
ClkCycle:       7199, pc_rdata: 000e83b4, pc_wdata: 000e83b8, insn: 02759593, mode: 3, rs1_addr: 11, rs1_rdata: 00000000, rs2_addr:  7, rs2_rdata: fc020000, rd_addr: 11, rd_wdata: 00000000, mem_addr: 00000000, mem_rdata: 00000000, mem_wdata: fc020000
ClkCycle:       7200, pc_rdata: 000e83b8, pc_wdata: 000e83ba, insn: f12a852e, mode: 3, rs1_addr:  0, rs1_rdata: 00000000, rs2_addr: 11, rs2_rdata: 00000000, rd_addr: 10, rd_wdata: 00000000, mem_addr: 00000000, mem_rdata: 00000000, mem_wdata: 00000000
ClkCycle:       7201, pc_rdata: 000e83ba, pc_wdata: 000e83be, insn: f12a852e, mode: 3, rs1_addr:  0, rs1_rdata: 00000000, rs2_addr:  0, rs2_rdata: 00000000, rd_addr:  0, rd_wdata: 00000000, mem_addr: 00000000, mem_rdata: 00000000, mem_wdata: 00000000
0000000000000000
ClkCycle:       7202, pc_rdata: 000e83be, pc_wdata: 000e83c0, insn: 02859593, mode: 3, rs1_addr:  2, rs1_rdata: fbffdf28, rs2_addr: 10, rs2_rdata: 00000000, rd_addr:  0, rd_wdata: fbffdfc8, mem_addr: fbffdfc8, mem_rdata: 00000000, mem_wdata: 00000000
ClkCycle:       7203, pc_rdata: 000e83c0, pc_wdata: 000e83c4, insn: 02859593, mode: 3, rs1_addr: 11, rs1_rdata: 00000000, rs2_addr:  8, rs2_rdata: fbffe010, rd_addr: 11, rd_wdata: 00000000, mem_addr: 00000000, mem_rdata: 00000000, mem_wdata: fbffe010
ClkCycle:       7204, pc_rdata: 000e83c4, pc_wdata: 000e83c6, insn: f52a852e, mode: 3, rs1_addr:  0, rs1_rdata: 00000000, rs2_addr: 11, rs2_rdata: 00000000, rd_addr: 10, rd_wdata: 00000000, mem_addr: 00000000, mem_rdata: 00000000, mem_wdata: 00000000
ClkCycle:       7205, pc_rdata: 000e83c6, pc_wdata: 000e83ca, insn: f52a852e, mode: 3, rs1_addr:  0, rs1_rdata: 00000000, rs2_addr:  0, rs2_rdata: 00000000, rd_addr:  0, rd_wdata: 00000000, mem_addr: 00000000, mem_rdata: 00000000, mem_wdata: 00000000
0000000000000000
ClkCycle:       7206, pc_rdata: 000e83ca, pc_wdata: 000e83cc, insn: 02959593, mode: 3, rs1_addr:  2, rs1_rdata: fbffdf28, rs2_addr: 10, rs2_rdata: 00000000, rd_addr:  8, rd_wdata: fbffdfd0, mem_addr: fbffdfd0, mem_rdata: 00000000, mem_wdata: 00000000
ClkCycle:       7207, pc_rdata: 000e83cc, pc_wdata: 000e83d0, insn: 02959593, mode: 3, rs1_addr: 11, rs1_rdata: 00000000, rs2_addr:  9, rs2_rdata: 003fffff, rd_addr: 11, rd_wdata: 00000000, mem_addr: 00000000, mem_rdata: 00000000, mem_wdata: 003fffff
ClkCycle:       7208, pc_rdata: 000e83d0, pc_wdata: 000e83d2, insn: f92a852e, mode: 3, rs1_addr:  0, rs1_rdata: 00000000, rs2_addr: 11, rs2_rdata: 00000000, rd_addr: 10, rd_wdata: 00000000, mem_addr: 00000000, mem_rdata: 00000000, mem_wdata: 00000000
ClkCycle:       7209, pc_rdata: 000e83d2, pc_wdata: 000e83d6, insn: f92a852e, mode: 3, rs1_addr:  0, rs1_rdata: 00000000, rs2_addr:  0, rs2_rdata: 00000000, rd_addr:  0, rd_wdata: 00000000, mem_addr: 00000000, mem_rdata: 00000000, mem_wdata: 00000000
0000000000000000
ClkCycle:       7210, pc_rdata: 000e83d6, pc_wdata: 000e83d8, insn: 02a59593, mode: 3, rs1_addr:  2, rs1_rdata: fbffdf28, rs2_addr: 10, rs2_rdata: 00000000, rd_addr: 16, rd_wdata: fbffdfd8, mem_addr: fbffdfd8, mem_rdata: 00000000, mem_wdata: 00000000
ClkCycle:       7211, pc_rdata: 000e83d8, pc_wdata: 000e83dc, insn: 02a59593, mode: 3, rs1_addr: 11, rs1_rdata: 00000000, rs2_addr: 10, rs2_rdata: 00000000, rd_addr: 11, rd_wdata: 00000000, mem_addr: 00000000, mem_rdata: 00000000, mem_wdata: 00000000
ClkCycle:       7212, pc_rdata: 000e83dc, pc_wdata: 000e83de, insn: fd2a852e, mode: 3, rs1_addr:  0, rs1_rdata: 00000000, rs2_addr: 11, rs2_rdata: 00000000, rd_addr: 10, rd_wdata: 00000000, mem_addr: 00000000, mem_rdata: 00000000, mem_wdata: 00000000
ClkCycle:       7213, pc_rdata: 000e83de, pc_wdata: 000e83e2, insn: fd2a852e, mode: 3, rs1_addr:  0, rs1_rdata: 00000000, rs2_addr:  0, rs2_rdata: 00000000, rd_addr:  0, rd_wdata: 00000000, mem_addr: 00000000, mem_rdata: 00000000, mem_wdata: 00000000
0000000000000000
ClkCycle:       7214, pc_rdata: 000e83e2, pc_wdata: 000e83e4, insn: 02b59593, mode: 3, rs1_addr:  2, rs1_rdata: fbffdf28, rs2_addr: 10, rs2_rdata: 00000000, rd_addr: 24, rd_wdata: fbffdfe0, mem_addr: fbffdfe0, mem_rdata: 00000000, mem_wdata: 00000000
ClkCycle:       7215, pc_rdata: 000e83e4, pc_wdata: 000e83e8, insn: 02b59593, mode: 3, rs1_addr: 11, rs1_rdata: 00000000, rs2_addr: 11, rs2_rdata: 00000000, rd_addr: 11, rd_wdata: 00000000, mem_addr: 00000000, mem_rdata: 00000000, mem_wdata: 00000000
ClkCycle:       7216, pc_rdata: 000e83e8, pc_wdata: 000e83ea, insn: e1aa852e, mode: 3, rs1_addr:  0, rs1_rdata: 00000000, rs2_addr: 11, rs2_rdata: 00000000, rd_addr: 10, rd_wdata: 00000000, mem_addr: 00000000, mem_rdata: 00000000, mem_wdata: 00000000
ClkCycle:       7217, pc_rdata: 000e83ea, pc_wdata: 000e83ee, insn: e1aa852e, mode: 3, rs1_addr:  0, rs1_rdata: 00000000, rs2_addr:  0, rs2_rdata: 00000000, rd_addr:  0, rd_wdata: 00000000, mem_addr: 00000000, mem_rdata: 00000000, mem_wdata: 00000000
0000000000000000
ClkCycle:       7218, pc_rdata: 000e83ee, pc_wdata: 000e83f0, insn: 02c59593, mode: 3, rs1_addr:  2, rs1_rdata: fbffdf28, rs2_addr: 10, rs2_rdata: 00000000, rd_addr:  0, rd_wdata: fbffdfe8, mem_addr: fbffdfe8, mem_rdata: 00000000, mem_wdata: 00000000
ClkCycle:       7219, pc_rdata: 000e83f0, pc_wdata: 000e83f4, insn: 02c59593, mode: 3, rs1_addr: 11, rs1_rdata: 00000000, rs2_addr: 12, rs2_rdata: fbffe000, rd_addr: 11, rd_wdata: 00000000, mem_addr: 00000000, mem_rdata: 00000000, mem_wdata: fbffe000
ClkCycle:       7220, pc_rdata: 000e83f4, pc_wdata: 000e83f6, insn: e5aa852e, mode: 3, rs1_addr:  0, rs1_rdata: 00000000, rs2_addr: 11, rs2_rdata: 00000000, rd_addr: 10, rd_wdata: 00000000, mem_addr: 00000000, mem_rdata: 00000000, mem_wdata: 00000000
ClkCycle:       7221, pc_rdata: 000e83f6, pc_wdata: 000e83fa, insn: e5aa852e, mode: 3, rs1_addr:  0, rs1_rdata: 00000000, rs2_addr:  0, rs2_rdata: 00000000, rd_addr:  0, rd_wdata: 00000000, mem_addr: 00000000, mem_rdata: 00000000, mem_wdata: 00000000
0000000000000000
ClkCycle:       7222, pc_rdata: 000e83fa, pc_wdata: 000e83fc, insn: 02d59593, mode: 3, rs1_addr:  2, rs1_rdata: fbffdf28, rs2_addr: 10, rs2_rdata: 00000000, rd_addr:  8, rd_wdata: fbffdff0, mem_addr: fbffdff0, mem_rdata: 00000000, mem_wdata: 00000000
ClkCycle:       7223, pc_rdata: 000e83fc, pc_wdata: 000e8400, insn: 02d59593, mode: 3, rs1_addr: 11, rs1_rdata: 00000000, rs2_addr: 13, rs2_rdata: 40000000, rd_addr: 11, rd_wdata: 00000000, mem_addr: 00000000, mem_rdata: 00000000, mem_wdata: 40000000
ClkCycle:       7224, pc_rdata: 000e8400, pc_wdata: 000e8402, insn: e9aa852e, mode: 3, rs1_addr:  0, rs1_rdata: 00000000, rs2_addr: 11, rs2_rdata: 00000000, rd_addr: 10, rd_wdata: 00000000, mem_addr: 00000000, mem_rdata: 00000000, mem_wdata: 00000000
ClkCycle:       7225, pc_rdata: 000e8402, pc_wdata: 000e8406, insn: e9aa852e, mode: 3, rs1_addr:  0, rs1_rdata: 00000000, rs2_addr:  0, rs2_rdata: 00000000, rd_addr:  0, rd_wdata: 00000000, mem_addr: 00000000, mem_rdata: 00000000, mem_wdata: 00000000
0000000000000000
ClkCycle:       7226, pc_rdata: 000e8406, pc_wdata: 000e8408, insn: 02e59593, mode: 3, rs1_addr:  2, rs1_rdata: fbffdf28, rs2_addr: 10, rs2_rdata: 00000000, rd_addr: 16, rd_wdata: fbffdff8, mem_addr: fbffdff8, mem_rdata: 00000000, mem_wdata: 00000000
ClkCycle:       7227, pc_rdata: 000e8408, pc_wdata: 000e840c, insn: 02e59593, mode: 3, rs1_addr: 11, rs1_rdata: 00000000, rs2_addr: 14, rs2_rdata: 0000000f, rd_addr: 11, rd_wdata: 00000000, mem_addr: 00000000, mem_rdata: 00000000, mem_wdata: 0000000f
ClkCycle:       7228, pc_rdata: 000e840c, pc_wdata: 000e840e, insn: edaa852e, mode: 3, rs1_addr:  0, rs1_rdata: 00000000, rs2_addr: 11, rs2_rdata: 00000000, rd_addr: 10, rd_wdata: 00000000, mem_addr: 00000000, mem_rdata: 00000000, mem_wdata: 00000000
ClkCycle:       7229, pc_rdata: 000e840e, pc_wdata: 000e8412, insn: edaa852e, mode: 3, rs1_addr:  0, rs1_rdata: 00000000, rs2_addr:  0, rs2_rdata: 00000000, rd_addr:  0, rd_wdata: 00000000, mem_addr: 00000000, mem_rdata: 00000000, mem_wdata: 00000000
0000000000000000
ClkCycle:       7230, pc_rdata: 000e8412, pc_wdata: 000e8414, insn: 02f59593, mode: 3, rs1_addr:  2, rs1_rdata: fbffdf28, rs2_addr: 10, rs2_rdata: 00000000, rd_addr: 24, rd_wdata: fbffe000, mem_addr: fbffe000, mem_rdata: 00000000, mem_wdata: 00000000
ClkCycle:       7231, pc_rdata: 000e8414, pc_wdata: 000e8418, insn: 02f59593, mode: 3, rs1_addr: 11, rs1_rdata: 00000000, rs2_addr: 15, rs2_rdata: 03c00000, rd_addr: 11, rd_wdata: 00000000, mem_addr: 00000000, mem_rdata: 00000000, mem_wdata: 03c00000
ClkCycle:       7232, pc_rdata: 000e8418, pc_wdata: 000e841a, insn: f1aa852e, mode: 3, rs1_addr:  0, rs1_rdata: 00000000, rs2_addr: 11, rs2_rdata: 00000000, rd_addr: 10, rd_wdata: 00000000, mem_addr: 00000000, mem_rdata: 00000000, mem_wdata: 00000000
ClkCycle:       7233, pc_rdata: 000e841a, pc_wdata: 000e841e, insn: f1aa852e, mode: 3, rs1_addr:  0, rs1_rdata: 00000000, rs2_addr:  0, rs2_rdata: 00000000, rd_addr:  0, rd_wdata: 00000000, mem_addr: 00000000, mem_rdata: 00000000, mem_wdata: 00000000
0000000000000000
ClkCycle:       7234, pc_rdata: 000e841e, pc_wdata: 000e8420, insn: 03059593, mode: 3, rs1_addr:  2, rs1_rdata: fbffdf28, rs2_addr: 10, rs2_rdata: 00000000, rd_addr:  0, rd_wdata: fbffe008, mem_addr: fbffe008, mem_rdata: 00000000, mem_wdata: 00000000
ClkCycle:       7235, pc_rdata: 000e8420, pc_wdata: 000e8424, insn: 03059593, mode: 3, rs1_addr: 11, rs1_rdata: 00000000, rs2_addr: 16, rs2_rdata: 00000000, rd_addr: 11, rd_wdata: 00000000, mem_addr: 00000000, mem_rdata: 00000000, mem_wdata: 00000000
ClkCycle:       7236, pc_rdata: 000e8424, pc_wdata: 000e8426, insn: f5aa852e, mode: 3, rs1_addr:  0, rs1_rdata: 00000000, rs2_addr: 11, rs2_rdata: 00000000, rd_addr: 10, rd_wdata: 00000000, mem_addr: 00000000, mem_rdata: 00000000, mem_wdata: 00000000
ClkCycle:       7237, pc_rdata: 000e8426, pc_wdata: 000e842a, insn: f5aa852e, mode: 3, rs1_addr:  0, rs1_rdata: 00000000, rs2_addr:  0, rs2_rdata: 00000000, rd_addr:  0, rd_wdata: 00000000, mem_addr: 00000000, mem_rdata: 00000000, mem_wdata: 00000000
0000000000000000
ClkCycle:       7238, pc_rdata: 000e842a, pc_wdata: 000e842c, insn: 03159593, mode: 3, rs1_addr:  2, rs1_rdata: fbffdf28, rs2_addr: 10, rs2_rdata: 00000000, rd_addr:  8, rd_wdata: fbffe010, mem_addr: fbffe010, mem_rdata: 00000000, mem_wdata: 00000000
ClkCycle:       7239, pc_rdata: 000e842c, pc_wdata: 000e8430, insn: 03159593, mode: 3, rs1_addr: 11, rs1_rdata: 00000000, rs2_addr: 17, rs2_rdata: 000000fe, rd_addr: 11, rd_wdata: 00000000, mem_addr: 00000000, mem_rdata: 00000000, mem_wdata: 000000fe
ClkCycle:       7240, pc_rdata: 000e8430, pc_wdata: 000e8432, insn: f9aa852e, mode: 3, rs1_addr:  0, rs1_rdata: 00000000, rs2_addr: 11, rs2_rdata: 00000000, rd_addr: 10, rd_wdata: 00000000, mem_addr: 00000000, mem_rdata: 00000000, mem_wdata: 00000000
ClkCycle:       7241, pc_rdata: 000e8432, pc_wdata: 000e8436, insn: f9aa852e, mode: 3, rs1_addr:  0, rs1_rdata: 00000000, rs2_addr:  0, rs2_rdata: 00000000, rd_addr:  0, rd_wdata: 00000000, mem_addr: 00000000, mem_rdata: 00000000, mem_wdata: 00000000
0000000000000000
ClkCycle:       7242, pc_rdata: 000e8436, pc_wdata: 000e8438, insn: 03259593, mode: 3, rs1_addr:  2, rs1_rdata: fbffdf28, rs2_addr: 10, rs2_rdata: 00000000, rd_addr: 16, rd_wdata: fbffe018, mem_addr: fbffe018, mem_rdata: 00000000, mem_wdata: 00000000
ClkCycle:       7243, pc_rdata: 000e8438, pc_wdata: 000e843c, insn: 03259593, mode: 3, rs1_addr: 11, rs1_rdata: 00000000, rs2_addr: 18, rs2_rdata: 00000020, rd_addr: 11, rd_wdata: 00000000, mem_addr: 00000000, mem_rdata: 00000000, mem_wdata: 00000020
ClkCycle:       7244, pc_rdata: 000e843c, pc_wdata: 000e843e, insn: fdaa852e, mode: 3, rs1_addr:  0, rs1_rdata: 00000000, rs2_addr: 11, rs2_rdata: 00000000, rd_addr: 10, rd_wdata: 00000000, mem_addr: 00000000, mem_rdata: 00000000, mem_wdata: 00000000
ClkCycle:       7245, pc_rdata: 000e843e, pc_wdata: 000e8442, insn: fdaa852e, mode: 3, rs1_addr:  0, rs1_rdata: 00000000, rs2_addr:  0, rs2_rdata: 00000000, rd_addr:  0, rd_wdata: 00000000, mem_addr: 00000000, mem_rdata: 00000000, mem_wdata: 00000000
0000000000000000
ClkCycle:       7246, pc_rdata: 000e8442, pc_wdata: 000e8444, insn: 03359593, mode: 3, rs1_addr:  2, rs1_rdata: fbffdf28, rs2_addr: 10, rs2_rdata: 00000000, rd_addr: 24, rd_wdata: fbffe020, mem_addr: fbffe020, mem_rdata: 00000000, mem_wdata: 00000000
ClkCycle:       7247, pc_rdata: 000e8444, pc_wdata: 000e8448, insn: 03359593, mode: 3, rs1_addr: 11, rs1_rdata: 00000000, rs2_addr: 19, rs2_rdata: 00000000, rd_addr: 11, rd_wdata: 00000000, mem_addr: 00000000, mem_rdata: 00000000, mem_wdata: 00000000
ClkCycle:       7248, pc_rdata: 000e8448, pc_wdata: 000e844a, insn: e22a852e, mode: 3, rs1_addr:  0, rs1_rdata: 00000000, rs2_addr: 11, rs2_rdata: 00000000, rd_addr: 10, rd_wdata: 00000000, mem_addr: 00000000, mem_rdata: 00000000, mem_wdata: 00000000
ClkCycle:       7249, pc_rdata: 000e844a, pc_wdata: 000e844e, insn: e22a852e, mode: 3, rs1_addr:  0, rs1_rdata: 00000000, rs2_addr:  0, rs2_rdata: 00000000, rd_addr:  0, rd_wdata: 00000000, mem_addr: 00000000, mem_rdata: 00000000, mem_wdata: 00000000
0000000000000000
ClkCycle:       7250, pc_rdata: 000e844e, pc_wdata: 000e8450, insn: 03459593, mode: 3, rs1_addr:  2, rs1_rdata: fbffdf28, rs2_addr: 10, rs2_rdata: 00000000, rd_addr:  4, rd_wdata: fbffdf2c, mem_addr: fbffdf2c, mem_rdata: 00000000, mem_wdata: 00000000
ClkCycle:       7251, pc_rdata: 000e8450, pc_wdata: 000e8454, insn: 03459593, mode: 3, rs1_addr: 11, rs1_rdata: 00000000, rs2_addr: 20, rs2_rdata: 00080000, rd_addr: 11, rd_wdata: 00000000, mem_addr: 00000000, mem_rdata: 00000000, mem_wdata: 00080000
ClkCycle:       7252, pc_rdata: 000e8454, pc_wdata: 000e8456, insn: e62a852e, mode: 3, rs1_addr:  0, rs1_rdata: 00000000, rs2_addr: 11, rs2_rdata: 00000000, rd_addr: 10, rd_wdata: 00000000, mem_addr: 00000000, mem_rdata: 00000000, mem_wdata: 00000000
ClkCycle:       7253, pc_rdata: 000e8456, pc_wdata: 000e845a, insn: e62a852e, mode: 3, rs1_addr:  0, rs1_rdata: 00000000, rs2_addr:  0, rs2_rdata: 00000000, rd_addr:  0, rd_wdata: 00000000, mem_addr: 00000000, mem_rdata: 00000000, mem_wdata: 00000000
0000000000000000
ClkCycle:       7254, pc_rdata: 000e845a, pc_wdata: 000e845c, insn: 03559593, mode: 3, rs1_addr:  2, rs1_rdata: fbffdf28, rs2_addr: 10, rs2_rdata: 00000000, rd_addr: 12, rd_wdata: fbffdf34, mem_addr: fbffdf34, mem_rdata: 00000000, mem_wdata: 00000000
ClkCycle:       7255, pc_rdata: 000e845c, pc_wdata: 000e8460, insn: 03559593, mode: 3, rs1_addr: 11, rs1_rdata: 00000000, rs2_addr: 21, rs2_rdata: eedbfbff, rd_addr: 11, rd_wdata: 00000000, mem_addr: 00000000, mem_rdata: 00000000, mem_wdata: eedbfbff
ClkCycle:       7256, pc_rdata: 000e8460, pc_wdata: 000e8462, insn: ea2a852e, mode: 3, rs1_addr:  0, rs1_rdata: 00000000, rs2_addr: 11, rs2_rdata: 00000000, rd_addr: 10, rd_wdata: 00000000, mem_addr: 00000000, mem_rdata: 00000000, mem_wdata: 00000000
ClkCycle:       7257, pc_rdata: 000e8462, pc_wdata: 000e8466, insn: ea2a852e, mode: 3, rs1_addr:  0, rs1_rdata: 00000000, rs2_addr:  0, rs2_rdata: 00000000, rd_addr:  0, rd_wdata: 00000000, mem_addr: 00000000, mem_rdata: 00000000, mem_wdata: 00000000
0000000000000000
ClkCycle:       7258, pc_rdata: 000e8466, pc_wdata: 000e8468, insn: 03659593, mode: 3, rs1_addr:  2, rs1_rdata: fbffdf28, rs2_addr: 10, rs2_rdata: 00000000, rd_addr: 20, rd_wdata: fbffdf3c, mem_addr: fbffdf3c, mem_rdata: 00000000, mem_wdata: 00000000
ClkCycle:       7259, pc_rdata: 000e8468, pc_wdata: 000e846c, insn: 03659593, mode: 3, rs1_addr: 11, rs1_rdata: 00000000, rs2_addr: 22, rs2_rdata: 00000000, rd_addr: 11, rd_wdata: 00000000, mem_addr: 00000000, mem_rdata: 00000000, mem_wdata: 00000000
ClkCycle:       7260, pc_rdata: 000e846c, pc_wdata: 000e846e, insn: ee2a852e, mode: 3, rs1_addr:  0, rs1_rdata: 00000000, rs2_addr: 11, rs2_rdata: 00000000, rd_addr: 10, rd_wdata: 00000000, mem_addr: 00000000, mem_rdata: 00000000, mem_wdata: 00000000
ClkCycle:       7261, pc_rdata: 000e846e, pc_wdata: 000e8472, insn: ee2a852e, mode: 3, rs1_addr:  0, rs1_rdata: 00000000, rs2_addr:  0, rs2_rdata: 00000000, rd_addr:  0, rd_wdata: 00000000, mem_addr: 00000000, mem_rdata: 00000000, mem_wdata: 00000000
0000000000000000
ClkCycle:       7262, pc_rdata: 000e8472, pc_wdata: 000e8474, insn: 03759593, mode: 3, rs1_addr:  2, rs1_rdata: fbffdf28, rs2_addr: 10, rs2_rdata: 00000000, rd_addr: 28, rd_wdata: fbffdf44, mem_addr: fbffdf44, mem_rdata: 00000000, mem_wdata: 00000000
ClkCycle:       7263, pc_rdata: 000e8474, pc_wdata: 000e8478, insn: 03759593, mode: 3, rs1_addr: 11, rs1_rdata: 00000000, rs2_addr: 23, rs2_rdata: 00000000, rd_addr: 11, rd_wdata: 00000000, mem_addr: 00000000, mem_rdata: 00000000, mem_wdata: 00000000
ClkCycle:       7264, pc_rdata: 000e8478, pc_wdata: 000e847a, insn: f22a852e, mode: 3, rs1_addr:  0, rs1_rdata: 00000000, rs2_addr: 11, rs2_rdata: 00000000, rd_addr: 10, rd_wdata: 00000000, mem_addr: 00000000, mem_rdata: 00000000, mem_wdata: 00000000
ClkCycle:       7265, pc_rdata: 000e847a, pc_wdata: 000e847e, insn: f22a852e, mode: 3, rs1_addr:  0, rs1_rdata: 00000000, rs2_addr:  0, rs2_rdata: 00000000, rd_addr:  0, rd_wdata: 00000000, mem_addr: 00000000, mem_rdata: 00000000, mem_wdata: 00000000
0000000000000000
ClkCycle:       7266, pc_rdata: 000e847e, pc_wdata: 000e8480, insn: 03859593, mode: 3, rs1_addr:  2, rs1_rdata: fbffdf28, rs2_addr: 10, rs2_rdata: 00000000, rd_addr:  4, rd_wdata: fbffdf4c, mem_addr: fbffdf4c, mem_rdata: 00000000, mem_wdata: 00000000
ClkCycle:       7267, pc_rdata: 000e8480, pc_wdata: 000e8484, insn: 03859593, mode: 3, rs1_addr: 11, rs1_rdata: 00000000, rs2_addr: 24, rs2_rdata: 00800000, rd_addr: 11, rd_wdata: 00000000, mem_addr: 00000000, mem_rdata: 00000000, mem_wdata: 00800000
ClkCycle:       7268, pc_rdata: 000e8484, pc_wdata: 000e8486, insn: f62a852e, mode: 3, rs1_addr:  0, rs1_rdata: 00000000, rs2_addr: 11, rs2_rdata: 00000000, rd_addr: 10, rd_wdata: 00000000, mem_addr: 00000000, mem_rdata: 00000000, mem_wdata: 00000000
ClkCycle:       7269, pc_rdata: 000e8486, pc_wdata: 000e848a, insn: f62a852e, mode: 3, rs1_addr:  0, rs1_rdata: 00000000, rs2_addr:  0, rs2_rdata: 00000000, rd_addr:  0, rd_wdata: 00000000, mem_addr: 00000000, mem_rdata: 00000000, mem_wdata: 00000000
0000000000000000
ClkCycle:       7270, pc_rdata: 000e848a, pc_wdata: 000e848c, insn: 03959593, mode: 3, rs1_addr:  2, rs1_rdata: fbffdf28, rs2_addr: 10, rs2_rdata: 00000000, rd_addr: 12, rd_wdata: fbffdf54, mem_addr: fbffdf54, mem_rdata: 00000000, mem_wdata: 00000000
ClkCycle:       7271, pc_rdata: 000e848c, pc_wdata: 000e8490, insn: 03959593, mode: 3, rs1_addr: 11, rs1_rdata: 00000000, rs2_addr: 25, rs2_rdata: 00080000, rd_addr: 11, rd_wdata: 00000000, mem_addr: 00000000, mem_rdata: 00000000, mem_wdata: 00080000
ClkCycle:       7272, pc_rdata: 000e8490, pc_wdata: 000e8492, insn: fa2a852e, mode: 3, rs1_addr:  0, rs1_rdata: 00000000, rs2_addr: 11, rs2_rdata: 00000000, rd_addr: 10, rd_wdata: 00000000, mem_addr: 00000000, mem_rdata: 00000000, mem_wdata: 00000000
ClkCycle:       7273, pc_rdata: 000e8492, pc_wdata: 000e8496, insn: fa2a852e, mode: 3, rs1_addr:  0, rs1_rdata: 00000000, rs2_addr:  0, rs2_rdata: 00000000, rd_addr:  0, rd_wdata: 00000000, mem_addr: 00000000, mem_rdata: 00000000, mem_wdata: 00000000
0000000000000000
ClkCycle:       7274, pc_rdata: 000e8496, pc_wdata: 000e8498, insn: 03a59593, mode: 3, rs1_addr:  2, rs1_rdata: fbffdf28, rs2_addr: 10, rs2_rdata: 00000000, rd_addr: 20, rd_wdata: fbffdf5c, mem_addr: fbffdf5c, mem_rdata: 00000000, mem_wdata: 00000000
ClkCycle:       7275, pc_rdata: 000e8498, pc_wdata: 000e849c, insn: 03a59593, mode: 3, rs1_addr: 11, rs1_rdata: 00000000, rs2_addr: 26, rs2_rdata: 03c00000, rd_addr: 11, rd_wdata: 00000000, mem_addr: 00000000, mem_rdata: 00000000, mem_wdata: 03c00000
ClkCycle:       7276, pc_rdata: 000e849c, pc_wdata: 000e849e, insn: fe2a852e, mode: 3, rs1_addr:  0, rs1_rdata: 00000000, rs2_addr: 11, rs2_rdata: 00000000, rd_addr: 10, rd_wdata: 00000000, mem_addr: 00000000, mem_rdata: 00000000, mem_wdata: 00000000
ClkCycle:       7277, pc_rdata: 000e849e, pc_wdata: 000e84a2, insn: fe2a852e, mode: 3, rs1_addr:  0, rs1_rdata: 00000000, rs2_addr:  0, rs2_rdata: 00000000, rd_addr:  0, rd_wdata: 00000000, mem_addr: 00000000, mem_rdata: 00000000, mem_wdata: 00000000
0000000000000000
ClkCycle:       7278, pc_rdata: 000e84a2, pc_wdata: 000e84a4, insn: 03b59593, mode: 3, rs1_addr:  2, rs1_rdata: fbffdf28, rs2_addr: 10, rs2_rdata: 00000000, rd_addr: 28, rd_wdata: fbffdf64, mem_addr: fbffdf64, mem_rdata: 00000000, mem_wdata: 00000000
ClkCycle:       7279, pc_rdata: 000e84a4, pc_wdata: 000e84a8, insn: 03b59593, mode: 3, rs1_addr: 11, rs1_rdata: 00000000, rs2_addr: 27, rs2_rdata: 40000000, rd_addr: 11, rd_wdata: 00000000, mem_addr: 00000000, mem_rdata: 00000000, mem_wdata: 40000000
ClkCycle:       7280, pc_rdata: 000e84a8, pc_wdata: 000e84aa, insn: e2aa852e, mode: 3, rs1_addr:  0, rs1_rdata: 00000000, rs2_addr: 11, rs2_rdata: 00000000, rd_addr: 10, rd_wdata: 00000000, mem_addr: 00000000, mem_rdata: 00000000, mem_wdata: 00000000
ClkCycle:       7281, pc_rdata: 000e84aa, pc_wdata: 000e84ae, insn: e2aa852e, mode: 3, rs1_addr:  0, rs1_rdata: 00000000, rs2_addr:  0, rs2_rdata: 00000000, rd_addr:  0, rd_wdata: 00000000, mem_addr: 00000000, mem_rdata: 00000000, mem_wdata: 00000000
0000000000000000
ClkCycle:       7282, pc_rdata: 000e84ae, pc_wdata: 000e84b0, insn: 03c59593, mode: 3, rs1_addr:  2, rs1_rdata: fbffdf28, rs2_addr: 10, rs2_rdata: 00000000, rd_addr:  4, rd_wdata: fbffdf6c, mem_addr: fbffdf6c, mem_rdata: 00000000, mem_wdata: 00000000
ClkCycle:       7283, pc_rdata: 000e84b0, pc_wdata: 000e84b4, insn: 03c59593, mode: 3, rs1_addr: 11, rs1_rdata: 00000000, rs2_addr: 28, rs2_rdata: 00000000, rd_addr: 11, rd_wdata: 00000000, mem_addr: 00000000, mem_rdata: 00000000, mem_wdata: 00000000
ClkCycle:       7284, pc_rdata: 000e84b4, pc_wdata: 000e84b6, insn: e6aa852e, mode: 3, rs1_addr:  0, rs1_rdata: 00000000, rs2_addr: 11, rs2_rdata: 00000000, rd_addr: 10, rd_wdata: 00000000, mem_addr: 00000000, mem_rdata: 00000000, mem_wdata: 00000000
ClkCycle:       7285, pc_rdata: 000e84b6, pc_wdata: 000e84ba, insn: e6aa852e, mode: 3, rs1_addr:  0, rs1_rdata: 00000000, rs2_addr:  0, rs2_rdata: 00000000, rd_addr:  0, rd_wdata: 00000000, mem_addr: 00000000, mem_rdata: 00000000, mem_wdata: 00000000
0000000000000000
ClkCycle:       7286, pc_rdata: 000e84ba, pc_wdata: 000e84bc, insn: 03d59593, mode: 3, rs1_addr:  2, rs1_rdata: fbffdf28, rs2_addr: 10, rs2_rdata: 00000000, rd_addr: 12, rd_wdata: fbffdf74, mem_addr: fbffdf74, mem_rdata: 00000000, mem_wdata: 00000000
ClkCycle:       7287, pc_rdata: 000e84bc, pc_wdata: 000e84c0, insn: 03d59593, mode: 3, rs1_addr: 11, rs1_rdata: 00000000, rs2_addr: 29, rs2_rdata: 00000000, rd_addr: 11, rd_wdata: 00000000, mem_addr: 00000000, mem_rdata: 00000000, mem_wdata: 00000000
ClkCycle:       7288, pc_rdata: 000e84c0, pc_wdata: 000e84c2, insn: eaaa852e, mode: 3, rs1_addr:  0, rs1_rdata: 00000000, rs2_addr: 11, rs2_rdata: 00000000, rd_addr: 10, rd_wdata: 00000000, mem_addr: 00000000, mem_rdata: 00000000, mem_wdata: 00000000
ClkCycle:       7289, pc_rdata: 000e84c2, pc_wdata: 000e84c6, insn: eaaa852e, mode: 3, rs1_addr:  0, rs1_rdata: 00000000, rs2_addr:  0, rs2_rdata: 00000000, rd_addr:  0, rd_wdata: 00000000, mem_addr: 00000000, mem_rdata: 00000000, mem_wdata: 00000000
0000000000000000
ClkCycle:       7290, pc_rdata: 000e84c6, pc_wdata: 000e84c8, insn: 03e59593, mode: 3, rs1_addr:  2, rs1_rdata: fbffdf28, rs2_addr: 10, rs2_rdata: 00000000, rd_addr: 20, rd_wdata: fbffdf7c, mem_addr: fbffdf7c, mem_rdata: 00000000, mem_wdata: 00000000
ClkCycle:       7291, pc_rdata: 000e84c8, pc_wdata: 000e84cc, insn: 03e59593, mode: 3, rs1_addr: 11, rs1_rdata: 00000000, rs2_addr: 30, rs2_rdata: 00000000, rd_addr: 11, rd_wdata: 00000000, mem_addr: 00000000, mem_rdata: 00000000, mem_wdata: 00000000
ClkCycle:       7292, pc_rdata: 000e84cc, pc_wdata: 000e84ce, insn: eeaa852e, mode: 3, rs1_addr:  0, rs1_rdata: 00000000, rs2_addr: 11, rs2_rdata: 00000000, rd_addr: 10, rd_wdata: 00000000, mem_addr: 00000000, mem_rdata: 00000000, mem_wdata: 00000000
ClkCycle:       7293, pc_rdata: 000e84ce, pc_wdata: 000e84d2, insn: eeaa852e, mode: 3, rs1_addr:  0, rs1_rdata: 00000000, rs2_addr:  0, rs2_rdata: 00000000, rd_addr:  0, rd_wdata: 00000000, mem_addr: 00000000, mem_rdata: 00000000, mem_wdata: 00000000
0000000000000000
ClkCycle:       7294, pc_rdata: 000e84d2, pc_wdata: 000e84d4, insn: f2aa852e, mode: 3, rs1_addr:  2, rs1_rdata: fbffdf28, rs2_addr: 10, rs2_rdata: 00000000, rd_addr: 28, rd_wdata: fbffdf84, mem_addr: fbffdf84, mem_rdata: 00000000, mem_wdata: 00000000
ClkCycle:       7295, pc_rdata: 000e84d4, pc_wdata: 000e84d6, insn: f2aa852e, mode: 3, rs1_addr:  0, rs1_rdata: 00000000, rs2_addr: 11, rs2_rdata: 00000000, rd_addr: 10, rd_wdata: 00000000, mem_addr: 00000000, mem_rdata: 00000000, mem_wdata: 00000000
ClkCycle:       7296, pc_rdata: 000e84d6, pc_wdata: 000e84da, insn: f2aa852e, mode: 3, rs1_addr:  0, rs1_rdata: 00000000, rs2_addr:  0, rs2_rdata: 00000000, rd_addr:  0, rd_wdata: 00000000, mem_addr: 00000000, mem_rdata: 00000000, mem_wdata: 00000000
0000000000000000
ClkCycle:       7297, pc_rdata: 000e84da, pc_wdata: 000e84dc, insn: f6aa852e, mode: 3, rs1_addr:  2, rs1_rdata: fbffdf28, rs2_addr: 10, rs2_rdata: 00000000, rd_addr:  4, rd_wdata: fbffdf8c, mem_addr: fbffdf8c, mem_rdata: 00000000, mem_wdata: 00000000
ClkCycle:       7298, pc_rdata: 000e84dc, pc_wdata: 000e84de, insn: f6aa852e, mode: 3, rs1_addr:  0, rs1_rdata: 00000000, rs2_addr: 11, rs2_rdata: 00000000, rd_addr: 10, rd_wdata: 00000000, mem_addr: 00000000, mem_rdata: 00000000, mem_wdata: 00000000
ClkCycle:       7299, pc_rdata: 000e84de, pc_wdata: 000e84e2, insn: f6aa852e, mode: 3, rs1_addr:  0, rs1_rdata: 00000000, rs2_addr:  0, rs2_rdata: 00000000, rd_addr:  0, rd_wdata: 00000000, mem_addr: 00000000, mem_rdata: 00000000, mem_wdata: 00000000
0000000000000000
ClkCycle:       7300, pc_rdata: 000e84e2, pc_wdata: 000e84e4, insn: faaa852e, mode: 3, rs1_addr:  2, rs1_rdata: fbffdf28, rs2_addr: 10, rs2_rdata: 00000000, rd_addr: 12, rd_wdata: fbffdf94, mem_addr: fbffdf94, mem_rdata: 00000000, mem_wdata: 00000000
ClkCycle:       7301, pc_rdata: 000e84e4, pc_wdata: 000e84e6, insn: faaa852e, mode: 3, rs1_addr:  0, rs1_rdata: 00000000, rs2_addr: 11, rs2_rdata: 00000000, rd_addr: 10, rd_wdata: 00000000, mem_addr: 00000000, mem_rdata: 00000000, mem_wdata: 00000000
ClkCycle:       7302, pc_rdata: 000e84e6, pc_wdata: 000e84ea, insn: faaa852e, mode: 3, rs1_addr:  0, rs1_rdata: 00000000, rs2_addr:  0, rs2_rdata: 00000000, rd_addr:  0, rd_wdata: 00000000, mem_addr: 00000000, mem_rdata: 00000000, mem_wdata: 00000000
0000000000000000
ClkCycle:       7303, pc_rdata: 000e84ea, pc_wdata: 000e84ec, insn: feaa852e, mode: 3, rs1_addr:  2, rs1_rdata: fbffdf28, rs2_addr: 10, rs2_rdata: 00000000, rd_addr: 20, rd_wdata: fbffdf9c, mem_addr: fbffdf9c, mem_rdata: 00000000, mem_wdata: 00000000
ClkCycle:       7304, pc_rdata: 000e84ec, pc_wdata: 000e84ee, insn: feaa852e, mode: 3, rs1_addr:  0, rs1_rdata: 00000000, rs2_addr: 11, rs2_rdata: 00000000, rd_addr: 10, rd_wdata: 00000000, mem_addr: 00000000, mem_rdata: 00000000, mem_wdata: 00000000
ClkCycle:       7305, pc_rdata: 000e84ee, pc_wdata: 000e84f2, insn: feaa852e, mode: 3, rs1_addr:  0, rs1_rdata: 00000000, rs2_addr:  0, rs2_rdata: 00000000, rd_addr:  0, rd_wdata: 00000000, mem_addr: 00000000, mem_rdata: 00000000, mem_wdata: 00000000
0000000000000000
ClkCycle:       7306, pc_rdata: 000e84f2, pc_wdata: 000e84f4, insn: e32a852e, mode: 3, rs1_addr:  2, rs1_rdata: fbffdf28, rs2_addr: 10, rs2_rdata: 00000000, rd_addr: 28, rd_wdata: fbffdfa4, mem_addr: fbffdfa4, mem_rdata: 00000000, mem_wdata: 00000000
ClkCycle:       7307, pc_rdata: 000e84f4, pc_wdata: 000e84f6, insn: e32a852e, mode: 3, rs1_addr:  0, rs1_rdata: 00000000, rs2_addr: 11, rs2_rdata: 00000000, rd_addr: 10, rd_wdata: 00000000, mem_addr: 00000000, mem_rdata: 00000000, mem_wdata: 00000000
ClkCycle:       7308, pc_rdata: 000e84f6, pc_wdata: 000e84fa, insn: e32a852e, mode: 3, rs1_addr:  0, rs1_rdata: 00000000, rs2_addr:  0, rs2_rdata: 00000000, rd_addr:  0, rd_wdata: 00000000, mem_addr: 00000000, mem_rdata: 00000000, mem_wdata: 00000000
0000000000000000
ClkCycle:       7309, pc_rdata: 000e84fa, pc_wdata: 000e84fc, insn: e72a852e, mode: 3, rs1_addr:  2, rs1_rdata: fbffdf28, rs2_addr: 10, rs2_rdata: 00000000, rd_addr:  4, rd_wdata: fbffdfac, mem_addr: fbffdfac, mem_rdata: 00000000, mem_wdata: 00000000
ClkCycle:       7310, pc_rdata: 000e84fc, pc_wdata: 000e84fe, insn: e72a852e, mode: 3, rs1_addr:  0, rs1_rdata: 00000000, rs2_addr: 11, rs2_rdata: 00000000, rd_addr: 10, rd_wdata: 00000000, mem_addr: 00000000, mem_rdata: 00000000, mem_wdata: 00000000
ClkCycle:       7311, pc_rdata: 000e84fe, pc_wdata: 000e8502, insn: e72a852e, mode: 3, rs1_addr:  0, rs1_rdata: 00000000, rs2_addr:  0, rs2_rdata: 00000000, rd_addr:  0, rd_wdata: 00000000, mem_addr: 00000000, mem_rdata: 00000000, mem_wdata: 00000000
0000000000000000
ClkCycle:       7312, pc_rdata: 000e8502, pc_wdata: 000e8504, insn: eb2a852e, mode: 3, rs1_addr:  2, rs1_rdata: fbffdf28, rs2_addr: 10, rs2_rdata: 00000000, rd_addr: 12, rd_wdata: fbffdfb4, mem_addr: fbffdfb4, mem_rdata: 00000000, mem_wdata: 00000000
ClkCycle:       7313, pc_rdata: 000e8504, pc_wdata: 000e8506, insn: eb2a852e, mode: 3, rs1_addr:  0, rs1_rdata: 00000000, rs2_addr: 11, rs2_rdata: 00000000, rd_addr: 10, rd_wdata: 00000000, mem_addr: 00000000, mem_rdata: 00000000, mem_wdata: 00000000
ClkCycle:       7314, pc_rdata: 000e8506, pc_wdata: 000e850a, insn: eb2a852e, mode: 3, rs1_addr:  0, rs1_rdata: 00000000, rs2_addr:  0, rs2_rdata: 00000000, rd_addr:  0, rd_wdata: 00000000, mem_addr: 00000000, mem_rdata: 00000000, mem_wdata: 00000000
0000000000000000
ClkCycle:       7315, pc_rdata: 000e850a, pc_wdata: 000e850c, insn: ef2a852e, mode: 3, rs1_addr:  2, rs1_rdata: fbffdf28, rs2_addr: 10, rs2_rdata: 00000000, rd_addr: 20, rd_wdata: fbffdfbc, mem_addr: fbffdfbc, mem_rdata: 00000000, mem_wdata: 00000000
ClkCycle:       7316, pc_rdata: 000e850c, pc_wdata: 000e850e, insn: ef2a852e, mode: 3, rs1_addr:  0, rs1_rdata: 00000000, rs2_addr: 11, rs2_rdata: 00000000, rd_addr: 10, rd_wdata: 00000000, mem_addr: 00000000, mem_rdata: 00000000, mem_wdata: 00000000
ClkCycle:       7317, pc_rdata: 000e850e, pc_wdata: 000e8512, insn: ef2a852e, mode: 3, rs1_addr:  0, rs1_rdata: 00000000, rs2_addr:  0, rs2_rdata: 00000000, rd_addr:  0, rd_wdata: 00000000, mem_addr: 00000000, mem_rdata: 00000000, mem_wdata: 00000000
0000000000000000
ClkCycle:       7318, pc_rdata: 000e8512, pc_wdata: 000e8514, insn: f32a852e, mode: 3, rs1_addr:  2, rs1_rdata: fbffdf28, rs2_addr: 10, rs2_rdata: 00000000, rd_addr: 28, rd_wdata: fbffdfc4, mem_addr: fbffdfc4, mem_rdata: 00000000, mem_wdata: 00000000
ClkCycle:       7319, pc_rdata: 000e8514, pc_wdata: 000e8516, insn: f32a852e, mode: 3, rs1_addr:  0, rs1_rdata: 00000000, rs2_addr: 11, rs2_rdata: 00000000, rd_addr: 10, rd_wdata: 00000000, mem_addr: 00000000, mem_rdata: 00000000, mem_wdata: 00000000
ClkCycle:       7320, pc_rdata: 000e8516, pc_wdata: 000e851a, insn: f32a852e, mode: 3, rs1_addr:  0, rs1_rdata: 00000000, rs2_addr:  0, rs2_rdata: 00000000, rd_addr:  0, rd_wdata: 00000000, mem_addr: 00000000, mem_rdata: 00000000, mem_wdata: 00000000
0000000000000000
ClkCycle:       7321, pc_rdata: 000e851a, pc_wdata: 000e851c, insn: f72a852e, mode: 3, rs1_addr:  2, rs1_rdata: fbffdf28, rs2_addr: 10, rs2_rdata: 00000000, rd_addr:  4, rd_wdata: fbffdfcc, mem_addr: fbffdfcc, mem_rdata: 00000000, mem_wdata: 00000000
ClkCycle:       7322, pc_rdata: 000e851c, pc_wdata: 000e851e, insn: f72a852e, mode: 3, rs1_addr:  0, rs1_rdata: 00000000, rs2_addr: 11, rs2_rdata: 00000000, rd_addr: 10, rd_wdata: 00000000, mem_addr: 00000000, mem_rdata: 00000000, mem_wdata: 00000000
ClkCycle:       7323, pc_rdata: 000e851e, pc_wdata: 000e8522, insn: f72a852e, mode: 3, rs1_addr:  0, rs1_rdata: 00000000, rs2_addr:  0, rs2_rdata: 00000000, rd_addr:  0, rd_wdata: 00000000, mem_addr: 00000000, mem_rdata: 00000000, mem_wdata: 00000000
0000000000000000
ClkCycle:       7324, pc_rdata: 000e8522, pc_wdata: 000e8524, insn: fb2a852e, mode: 3, rs1_addr:  2, rs1_rdata: fbffdf28, rs2_addr: 10, rs2_rdata: 00000000, rd_addr: 12, rd_wdata: fbffdfd4, mem_addr: fbffdfd4, mem_rdata: 00000000, mem_wdata: 00000000
ClkCycle:       7325, pc_rdata: 000e8524, pc_wdata: 000e8526, insn: fb2a852e, mode: 3, rs1_addr:  0, rs1_rdata: 00000000, rs2_addr: 11, rs2_rdata: 00000000, rd_addr: 10, rd_wdata: 00000000, mem_addr: 00000000, mem_rdata: 00000000, mem_wdata: 00000000
ClkCycle:       7326, pc_rdata: 000e8526, pc_wdata: 000e852a, insn: fb2a852e, mode: 3, rs1_addr:  0, rs1_rdata: 00000000, rs2_addr:  0, rs2_rdata: 00000000, rd_addr:  0, rd_wdata: 00000000, mem_addr: 00000000, mem_rdata: 00000000, mem_wdata: 00000000
0000000000000000
ClkCycle:       7327, pc_rdata: 000e852a, pc_wdata: 000e852c, insn: 00b59593, mode: 3, rs1_addr:  2, rs1_rdata: fbffdf28, rs2_addr: 10, rs2_rdata: 00000000, rd_addr: 20, rd_wdata: fbffdfdc, mem_addr: fbffdfdc, mem_rdata: 00000000, mem_wdata: 00000000
ClkCycle:       7328, pc_rdata: 000e852c, pc_wdata: 000e8530, insn: 00b59593, mode: 3, rs1_addr: 11, rs1_rdata: 00000000, rs2_addr: 11, rs2_rdata: 00000000, rd_addr: 11, rd_wdata: 00000000, mem_addr: 00000000, mem_rdata: 00000000, mem_wdata: 00000000
ClkCycle:       7329, pc_rdata: 000e8530, pc_wdata: 000e8534, insn: fff5c593, mode: 3, rs1_addr: 11, rs1_rdata: 00000000, rs2_addr: 31, rs2_rdata: 00000000, rd_addr: 11, rd_wdata: ffffffff, mem_addr: ffffffff, mem_rdata: 00000000, mem_wdata: 00000000
ClkCycle:       7330, pc_rdata: 000e8534, pc_wdata: 000e8536, insn: ff2a852e, mode: 3, rs1_addr:  0, rs1_rdata: 00000000, rs2_addr: 11, rs2_rdata: 00000000, rd_addr: 10, rd_wdata: ffffffff, mem_addr: ffffffff, mem_rdata: 00000000, mem_wdata: ffffffff
ClkCycle:       7331, pc_rdata: 000e8536, pc_wdata: 000e853a, insn: ff2a852e, mode: 3, rs1_addr:  0, rs1_rdata: 00000000, rs2_addr:  0, rs2_rdata: 00000000, rd_addr:  0, rd_wdata: 00000000, mem_addr: 00000000, mem_rdata: 00000000, mem_wdata: 00000000
00000000ffffffff
ClkCycle:       7332, pc_rdata: 000e853a, pc_wdata: 000e853c, insn: 00c59593, mode: 3, rs1_addr:  2, rs1_rdata: fbffdf28, rs2_addr: 10, rs2_rdata: 00000000, rd_addr: 28, rd_wdata: fbffdfe4, mem_addr: fbffdfe4, mem_rdata: 00000000, mem_wdata: ffffffff
ClkCycle:       7333, pc_rdata: 000e853c, pc_wdata: 000e8540, insn: 00c59593, mode: 3, rs1_addr: 11, rs1_rdata: ffffffff, rs2_addr: 12, rs2_rdata: fbffe000, rd_addr: 11, rd_wdata: fffff000, mem_addr: fffff000, mem_rdata: 00000000, mem_wdata: fbffe000
ClkCycle:       7334, pc_rdata: 000e8540, pc_wdata: 000e8544, insn: fff5c593, mode: 3, rs1_addr: 11, rs1_rdata: ffffffff, rs2_addr: 31, rs2_rdata: 00000000, rd_addr: 11, rd_wdata: 00000fff, mem_addr: 00000fff, mem_rdata: 00000000, mem_wdata: 00000000
ClkCycle:       7335, pc_rdata: 000e8544, pc_wdata: 000e8546, insn: e3aa852e, mode: 3, rs1_addr:  0, rs1_rdata: 00000000, rs2_addr: 11, rs2_rdata: ffffffff, rd_addr: 10, rd_wdata: 00000fff, mem_addr: 00000fff, mem_rdata: 00000000, mem_wdata: 00000fff
ClkCycle:       7336, pc_rdata: 000e8546, pc_wdata: 000e854a, insn: e3aa852e, mode: 3, rs1_addr:  0, rs1_rdata: 00000000, rs2_addr:  0, rs2_rdata: 00000000, rd_addr:  0, rd_wdata: 00000000, mem_addr: 00000000, mem_rdata: 00000000, mem_wdata: 00000000
00000fff00000fff
ClkCycle:       7337, pc_rdata: 000e854a, pc_wdata: 000e854c, insn: 00d59593, mode: 3, rs1_addr:  2, rs1_rdata: fbffdf28, rs2_addr: 10, rs2_rdata: ffffffff, rd_addr:  4, rd_wdata: fbffdfec, mem_addr: fbffdfec, mem_rdata: 00000000, mem_wdata: 00000fff
ClkCycle:       7338, pc_rdata: 000e854c, pc_wdata: 000e8550, insn: 00d59593, mode: 3, rs1_addr: 11, rs1_rdata: 00000fff, rs2_addr: 13, rs2_rdata: 40000000, rd_addr: 11, rd_wdata: 01ffe000, mem_addr: 01ffe000, mem_rdata: 00000000, mem_wdata: 40000000
ClkCycle:       7339, pc_rdata: 000e8550, pc_wdata: 000e8554, insn: fff5c593, mode: 3, rs1_addr: 11, rs1_rdata: 00000fff, rs2_addr: 31, rs2_rdata: 00000000, rd_addr: 11, rd_wdata: fe001fff, mem_addr: fe001fff, mem_rdata: 00000000, mem_wdata: 00000000
ClkCycle:       7340, pc_rdata: 000e8554, pc_wdata: 000e8556, insn: e7aa852e, mode: 3, rs1_addr:  0, rs1_rdata: 00000000, rs2_addr: 11, rs2_rdata: 00000fff, rd_addr: 10, rd_wdata: fe001fff, mem_addr: fe001fff, mem_rdata: 00000000, mem_wdata: fe001fff
ClkCycle:       7341, pc_rdata: 000e8556, pc_wdata: 000e855a, insn: e7aa852e, mode: 3, rs1_addr:  0, rs1_rdata: 00000000, rs2_addr:  0, rs2_rdata: 00000000, rd_addr:  0, rd_wdata: 00000000, mem_addr: 00000000, mem_rdata: 00000000, mem_wdata: 00000000
01ffe000fe001fff
ClkCycle:       7342, pc_rdata: 000e855a, pc_wdata: 000e855c, insn: 00e59593, mode: 3, rs1_addr:  2, rs1_rdata: fbffdf28, rs2_addr: 10, rs2_rdata: 00000fff, rd_addr: 12, rd_wdata: fbffdff4, mem_addr: fbffdff4, mem_rdata: 00000000, mem_wdata: fe001fff
ClkCycle:       7343, pc_rdata: 000e855c, pc_wdata: 000e8560, insn: 00e59593, mode: 3, rs1_addr: 11, rs1_rdata: fe001fff, rs2_addr: 14, rs2_rdata: 0000000f, rd_addr: 11, rd_wdata: 07ffc000, mem_addr: 07ffc000, mem_rdata: 00000000, mem_wdata: 0000000f
ClkCycle:       7344, pc_rdata: 000e8560, pc_wdata: 000e8564, insn: fff5c593, mode: 3, rs1_addr: 11, rs1_rdata: fe001fff, rs2_addr: 31, rs2_rdata: 00000000, rd_addr: 11, rd_wdata: f8003fff, mem_addr: f8003fff, mem_rdata: 00000000, mem_wdata: 00000000
ClkCycle:       7345, pc_rdata: 000e8564, pc_wdata: 000e8566, insn: ebaa852e, mode: 3, rs1_addr:  0, rs1_rdata: 00000000, rs2_addr: 11, rs2_rdata: fe001fff, rd_addr: 10, rd_wdata: f8003fff, mem_addr: f8003fff, mem_rdata: 00000000, mem_wdata: f8003fff
ClkCycle:       7346, pc_rdata: 000e8566, pc_wdata: 000e856a, insn: ebaa852e, mode: 3, rs1_addr:  0, rs1_rdata: 00000000, rs2_addr:  0, rs2_rdata: 00000000, rd_addr:  0, rd_wdata: 00000000, mem_addr: 00000000, mem_rdata: 00000000, mem_wdata: 00000000
f8003f80f8003fff
ClkCycle:       7347, pc_rdata: 000e856a, pc_wdata: 000e856c, insn: 00f59593, mode: 3, rs1_addr:  2, rs1_rdata: fbffdf28, rs2_addr: 10, rs2_rdata: fe001fff, rd_addr: 20, rd_wdata: fbffdffc, mem_addr: fbffdffc, mem_rdata: 00000000, mem_wdata: f8003fff
ClkCycle:       7348, pc_rdata: 000e856c, pc_wdata: 000e8570, insn: 00f59593, mode: 3, rs1_addr: 11, rs1_rdata: f8003fff, rs2_addr: 15, rs2_rdata: 03c00000, rd_addr: 11, rd_wdata: 1fff8000, mem_addr: 1fff8000, mem_rdata: 00000000, mem_wdata: 03c00000
ClkCycle:       7349, pc_rdata: 000e8570, pc_wdata: 000e8574, insn: fff5c593, mode: 3, rs1_addr: 11, rs1_rdata: f8003fff, rs2_addr: 31, rs2_rdata: 00000000, rd_addr: 11, rd_wdata: e0007fff, mem_addr: e0007fff, mem_rdata: 00000000, mem_wdata: 00000000
ClkCycle:       7350, pc_rdata: 000e8574, pc_wdata: 000e8576, insn: efaa852e, mode: 3, rs1_addr:  0, rs1_rdata: 00000000, rs2_addr: 11, rs2_rdata: f8003fff, rd_addr: 10, rd_wdata: e0007fff, mem_addr: e0007fff, mem_rdata: 00000000, mem_wdata: e0007fff
ClkCycle:       7351, pc_rdata: 000e8576, pc_wdata: 000e857a, insn: efaa852e, mode: 3, rs1_addr:  0, rs1_rdata: 00000000, rs2_addr:  0, rs2_rdata: 00000000, rd_addr:  0, rd_wdata: 00000000, mem_addr: 00000000, mem_rdata: 00000000, mem_wdata: 00000000
1fc07c00e0007fff
ClkCycle:       7352, pc_rdata: 000e857a, pc_wdata: 000e857c, insn: 01059593, mode: 3, rs1_addr:  2, rs1_rdata: fbffdf28, rs2_addr: 10, rs2_rdata: f8003fff, rd_addr: 28, rd_wdata: fbffe004, mem_addr: fbffe004, mem_rdata: 00000000, mem_wdata: e0007fff
ClkCycle:       7353, pc_rdata: 000e857c, pc_wdata: 000e8580, insn: 01059593, mode: 3, rs1_addr: 11, rs1_rdata: e0007fff, rs2_addr: 16, rs2_rdata: 00000000, rd_addr: 11, rd_wdata: 7fff0000, mem_addr: 7fff0000, mem_rdata: 00000000, mem_wdata: 00000000
ClkCycle:       7354, pc_rdata: 000e8580, pc_wdata: 000e8584, insn: fff5c593, mode: 3, rs1_addr: 11, rs1_rdata: e0007fff, rs2_addr: 31, rs2_rdata: 00000000, rd_addr: 11, rd_wdata: 8000ffff, mem_addr: 8000ffff, mem_rdata: 00000000, mem_wdata: 00000000
ClkCycle:       7355, pc_rdata: 000e8584, pc_wdata: 000e8586, insn: f3aa852e, mode: 3, rs1_addr:  0, rs1_rdata: 00000000, rs2_addr: 11, rs2_rdata: e0007fff, rd_addr: 10, rd_wdata: 8000ffff, mem_addr: 8000ffff, mem_rdata: 00000000, mem_wdata: 8000ffff
ClkCycle:       7356, pc_rdata: 000e8586, pc_wdata: 000e858a, insn: f3aa852e, mode: 3, rs1_addr:  0, rs1_rdata: 00000000, rs2_addr:  0, rs2_rdata: 00000000, rd_addr:  0, rd_wdata: 00000000, mem_addr: 00000000, mem_rdata: 00000000, mem_wdata: 00000000
7c00e0008000ffff
ClkCycle:       7357, pc_rdata: 000e858a, pc_wdata: 000e858c, insn: 01159593, mode: 3, rs1_addr:  2, rs1_rdata: fbffdf28, rs2_addr: 10, rs2_rdata: e0007fff, rd_addr:  4, rd_wdata: fbffe00c, mem_addr: fbffe00c, mem_rdata: 00000000, mem_wdata: 8000ffff
ClkCycle:       7358, pc_rdata: 000e858c, pc_wdata: 000e8590, insn: 01159593, mode: 3, rs1_addr: 11, rs1_rdata: 8000ffff, rs2_addr: 17, rs2_rdata: 000000fe, rd_addr: 11, rd_wdata: fffe0000, mem_addr: fffe0000, mem_rdata: 00000000, mem_wdata: 000000fe
ClkCycle:       7359, pc_rdata: 000e8590, pc_wdata: 000e8594, insn: fff5c593, mode: 3, rs1_addr: 11, rs1_rdata: 8000ffff, rs2_addr: 31, rs2_rdata: 00000000, rd_addr: 11, rd_wdata: 0001ffff, mem_addr: 0001ffff, mem_rdata: 00000000, mem_wdata: 00000000
ClkCycle:       7360, pc_rdata: 000e8594, pc_wdata: 000e8596, insn: f7aa852e, mode: 3, rs1_addr:  0, rs1_rdata: 00000000, rs2_addr: 11, rs2_rdata: 8000ffff, rd_addr: 10, rd_wdata: 0001ffff, mem_addr: 0001ffff, mem_rdata: 00000000, mem_wdata: 0001ffff
ClkCycle:       7361, pc_rdata: 000e8596, pc_wdata: 000e859a, insn: f7aa852e, mode: 3, rs1_addr:  0, rs1_rdata: 00000000, rs2_addr:  0, rs2_rdata: 00000000, rd_addr:  0, rd_wdata: 00000000, mem_addr: 00000000, mem_rdata: 00000000, mem_wdata: 00000000
c00100010001ffff
ClkCycle:       7362, pc_rdata: 000e859a, pc_wdata: 000e859c, insn: 01259593, mode: 3, rs1_addr:  2, rs1_rdata: fbffdf28, rs2_addr: 10, rs2_rdata: 8000ffff, rd_addr: 12, rd_wdata: fbffe014, mem_addr: fbffe014, mem_rdata: 00000000, mem_wdata: 0001ffff
ClkCycle:       7363, pc_rdata: 000e859c, pc_wdata: 000e85a0, insn: 01259593, mode: 3, rs1_addr: 11, rs1_rdata: 0001ffff, rs2_addr: 18, rs2_rdata: 00000020, rd_addr: 11, rd_wdata: fffc0000, mem_addr: fffc0000, mem_rdata: 00000000, mem_wdata: 00000020
ClkCycle:       7364, pc_rdata: 000e85a0, pc_wdata: 000e85a4, insn: fff5c593, mode: 3, rs1_addr: 11, rs1_rdata: 0001ffff, rs2_addr: 31, rs2_rdata: 00000000, rd_addr: 11, rd_wdata: 0003ffff, mem_addr: 0003ffff, mem_rdata: 00000000, mem_wdata: 00000000
ClkCycle:       7365, pc_rdata: 000e85a4, pc_wdata: 000e85a6, insn: fbaa852e, mode: 3, rs1_addr:  0, rs1_rdata: 00000000, rs2_addr: 11, rs2_rdata: 0001ffff, rd_addr: 10, rd_wdata: 0003ffff, mem_addr: 0003ffff, mem_rdata: 00000000, mem_wdata: 0003ffff
ClkCycle:       7366, pc_rdata: 000e85a6, pc_wdata: 000e85aa, insn: fbaa852e, mode: 3, rs1_addr:  0, rs1_rdata: 00000000, rs2_addr:  0, rs2_rdata: 00000000, rd_addr:  0, rd_wdata: 00000000, mem_addr: 00000000, mem_rdata: 00000000, mem_wdata: 00000000
000400070003ffff
ClkCycle:       7367, pc_rdata: 000e85aa, pc_wdata: 000e85ac, insn: 01359593, mode: 3, rs1_addr:  2, rs1_rdata: fbffdf28, rs2_addr: 10, rs2_rdata: 0001ffff, rd_addr: 20, rd_wdata: fbffe01c, mem_addr: fbffe01c, mem_rdata: 00000000, mem_wdata: 0003ffff
ClkCycle:       7368, pc_rdata: 000e85ac, pc_wdata: 000e85b0, insn: 01359593, mode: 3, rs1_addr: 11, rs1_rdata: 0003ffff, rs2_addr: 19, rs2_rdata: 00000000, rd_addr: 11, rd_wdata: fff80000, mem_addr: fff80000, mem_rdata: 00000000, mem_wdata: 00000000
ClkCycle:       7369, pc_rdata: 000e85b0, pc_wdata: 000e85b4, insn: fff5c593, mode: 3, rs1_addr: 11, rs1_rdata: 0003ffff, rs2_addr: 31, rs2_rdata: 00000000, rd_addr: 11, rd_wdata: 0007ffff, mem_addr: 0007ffff, mem_rdata: 00000000, mem_wdata: 00000000
ClkCycle:       7370, pc_rdata: 000e85b4, pc_wdata: 000e85b6, insn: ffaa852e, mode: 3, rs1_addr:  0, rs1_rdata: 00000000, rs2_addr: 11, rs2_rdata: 0003ffff, rd_addr: 10, rd_wdata: 0007ffff, mem_addr: 0007ffff, mem_rdata: 00000000, mem_wdata: 0007ffff
ClkCycle:       7371, pc_rdata: 000e85b6, pc_wdata: 000e85ba, insn: ffaa852e, mode: 3, rs1_addr:  0, rs1_rdata: 00000000, rs2_addr:  0, rs2_rdata: 00000000, rd_addr:  0, rd_wdata: 00000000, mem_addr: 00000000, mem_rdata: 00000000, mem_wdata: 00000000
0038001f0007ffff
ClkCycle:       7372, pc_rdata: 000e85ba, pc_wdata: 000e85bc, insn: 01459593, mode: 3, rs1_addr:  2, rs1_rdata: fbffdf28, rs2_addr: 10, rs2_rdata: 0003ffff, rd_addr: 28, rd_wdata: fbffe024, mem_addr: fbffe024, mem_rdata: 00000000, mem_wdata: 0007ffff
ClkCycle:       7373, pc_rdata: 000e85bc, pc_wdata: 000e85c0, insn: 01459593, mode: 3, rs1_addr: 11, rs1_rdata: 0007ffff, rs2_addr: 20, rs2_rdata: 00080000, rd_addr: 11, rd_wdata: fff00000, mem_addr: fff00000, mem_rdata: 00000000, mem_wdata: 00080000
ClkCycle:       7374, pc_rdata: 000e85c0, pc_wdata: 000e85c4, insn: fff5c593, mode: 3, rs1_addr: 11, rs1_rdata: 0007ffff, rs2_addr: 31, rs2_rdata: 00000000, rd_addr: 11, rd_wdata: 000fffff, mem_addr: 000fffff, mem_rdata: 00000000, mem_wdata: 00000000
ClkCycle:       7375, pc_rdata: 000e85c4, pc_wdata: 000e85c6, insn: 3023852e, mode: 3, rs1_addr:  0, rs1_rdata: 00000000, rs2_addr: 11, rs2_rdata: 0007ffff, rd_addr: 10, rd_wdata: 000fffff, mem_addr: 000fffff, mem_rdata: 00000000, mem_wdata: 000fffff
ClkCycle:       7376, pc_rdata: 000e85c6, pc_wdata: 000e85ca, insn: 3023852e, mode: 3, rs1_addr:  0, rs1_rdata: 00000000, rs2_addr:  0, rs2_rdata: 00000000, rd_addr:  0, rd_wdata: 00000000, mem_addr: 00000000, mem_rdata: 00000000, mem_wdata: 00000000
ffffffdfffe00000
ClkCycle:       7377, pc_rdata: 000e85ca, pc_wdata: 000e85ce, insn: 95930010, mode: 3, rs1_addr:  0, rs1_rdata: 00000000, rs2_addr:  1, rs2_rdata: ffe00000, rd_addr:  0, rd_wdata: 00000000, mem_addr: 00000000, mem_rdata: 00000000, mem_wdata: ffe00000
ClkCycle:       7378, pc_rdata: 000e85ce, pc_wdata: 000e85d2, insn: 95930010, mode: 3, rs1_addr:  0, rs1_rdata: 00000000, rs2_addr:  0, rs2_rdata: 00000000, rd_addr:  0, rd_wdata: 00000000, mem_addr: 00000000, mem_rdata: 00000000, mem_wdata: 00000000
ClkCycle:       7379, pc_rdata: 000e85d2, pc_wdata: 000e85d6, insn: 852efff5, mode: 3, rs1_addr: 11, rs1_rdata: 000fffff, rs2_addr: 31, rs2_rdata: 00000000, rd_addr: 11, rd_wdata: 80000000, mem_addr: 80000000, mem_rdata: 00000000, mem_wdata: 00000000
ClkCycle:       7380, pc_rdata: 000e85d6, pc_wdata: 000e85da, insn: 852efff5, mode: 3, rs1_addr:  0, rs1_rdata: 00000000, rs2_addr:  0, rs2_rdata: 00000000, rd_addr:  0, rd_wdata: 00000000, mem_addr: 00000000, mem_rdata: 00000000, mem_wdata: 00000000
ClkCycle:       7381, pc_rdata: 000e85da, pc_wdata: 000e85dc, insn: 00100593, mode: 3, rs1_addr:  0, rs1_rdata: 00000000, rs2_addr: 11, rs2_rdata: 000fffff, rd_addr: 10, rd_wdata: 80000000, mem_addr: 80000000, mem_rdata: 00000000, mem_wdata: 80000000
ClkCycle:       7382, pc_rdata: 000e85dc, pc_wdata: 000e85e0, insn: 00100593, mode: 3, rs1_addr:  0, rs1_rdata: 00000000, rs2_addr:  1, rs2_rdata: ffe00000, rd_addr: 11, rd_wdata: 00000001, mem_addr: 00000001, mem_rdata: 00000000, mem_wdata: ffe00000
ClkCycle:       7383, pc_rdata: 000e85e0, pc_wdata: 000e85e4, insn: 03e59593, mode: 3, rs1_addr: 11, rs1_rdata: 80000000, rs2_addr: 30, rs2_rdata: 00000000, rd_addr: 11, rd_wdata: 40000000, mem_addr: 40000000, mem_rdata: 00000000, mem_wdata: 00000000
ClkCycle:       7384, pc_rdata: 000e85e4, pc_wdata: 000e85e8, insn: fff5c593, mode: 3, rs1_addr: 11, rs1_rdata: 80000000, rs2_addr: 31, rs2_rdata: 00000000, rd_addr: 11, rd_wdata: bfffffff, mem_addr: bfffffff, mem_rdata: 00000000, mem_wdata: 00000000
ClkCycle:       7385, pc_rdata: 000e85e8, pc_wdata: 000e85ea, insn: 3823852e, mode: 3, rs1_addr:  0, rs1_rdata: 00000000, rs2_addr: 11, rs2_rdata: 00000001, rd_addr: 10, rd_wdata: bfffffff, mem_addr: bfffffff, mem_rdata: 00000000, mem_wdata: bfffffff
ClkCycle:       7386, pc_rdata: 000e85ea, pc_wdata: 000e85ee, insn: 3823852e, mode: 3, rs1_addr:  0, rs1_rdata: 00000000, rs2_addr:  0, rs2_rdata: 00000000, rd_addr:  0, rd_wdata: 00000000, mem_addr: 00000000, mem_rdata: 00000000, mem_wdata: 00000000
0000000feedbfbff
ClkCycle:       7387, pc_rdata: 000e85ee, pc_wdata: 000e85f2, insn: 85935555, mode: 3, rs1_addr: 10, rs1_rdata: 80000000, rs2_addr: 21, rs2_rdata: eedbfbff, rd_addr: 16, rd_wdata: c000054f, mem_addr: c000054f, mem_rdata: 00000000, mem_wdata: eedbfbff
ClkCycle:       7388, pc_rdata: 000e85f2, pc_wdata: 000e85f6, insn: 85935555, mode: 3, rs1_addr:  0, rs1_rdata: 00000000, rs2_addr:  0, rs2_rdata: 00000000, rd_addr:  0, rd_wdata: 00000000, mem_addr: 00000000, mem_rdata: 00000000, mem_wdata: 00000000
ClkCycle:       7389, pc_rdata: 000e85f6, pc_wdata: 000e85fa, insn: 859300b5, mode: 3, rs1_addr: 11, rs1_rdata: bfffffff, rs2_addr: 11, rs2_rdata: bfffffff, rd_addr: 11, rd_wdata: c000000a, mem_addr: c000000a, mem_rdata: 00000000, mem_wdata: bfffffff
ClkCycle:       7390, pc_rdata: 000e85fa, pc_wdata: 000e85fe, insn: 859300b5, mode: 3, rs1_addr:  0, rs1_rdata: 00000000, rs2_addr:  0, rs2_rdata: 00000000, rd_addr:  0, rd_wdata: 00000000, mem_addr: 00000000, mem_rdata: 00000000, mem_wdata: 00000000
ClkCycle:       7391, pc_rdata: 000e85fe, pc_wdata: 000e8602, insn: 859300b5, mode: 3, rs1_addr: 11, rs1_rdata: bfffffff, rs2_addr: 11, rs2_rdata: bfffffff, rd_addr: 11, rd_wdata: c0000015, mem_addr: c0000015, mem_rdata: 00000000, mem_wdata: c000000a
ClkCycle:       7392, pc_rdata: 000e8602, pc_wdata: 000e8606, insn: 859300b5, mode: 3, rs1_addr:  0, rs1_rdata: 00000000, rs2_addr:  0, rs2_rdata: 00000000, rd_addr:  0, rd_wdata: 00000000, mem_addr: 00000000, mem_rdata: 00000000, mem_wdata: 00000000
ClkCycle:       7393, pc_rdata: 000e8606, pc_wdata: 000e860a, insn: 859300a5, mode: 3, rs1_addr: 11, rs1_rdata: c000000a, rs2_addr: 10, rs2_rdata: bfffffff, rd_addr: 11, rd_wdata: c000001f, mem_addr: c000001f, mem_rdata: 00000000, mem_wdata: bfffffff
ClkCycle:       7394, pc_rdata: 000e860a, pc_wdata: 000e860e, insn: 859300a5, mode: 3, rs1_addr:  0, rs1_rdata: 00000000, rs2_addr:  0, rs2_rdata: 00000000, rd_addr:  0, rd_wdata: 00000000, mem_addr: 00000000, mem_rdata: 00000000, mem_wdata: 00000000
ClkCycle:       7395, pc_rdata: 000e860e, pc_wdata: 000e8612, insn: 20a13c23, mode: 3, rs1_addr:  7, rs1_rdata: fc020000, rs2_addr:  2, rs2_rdata: fbffdf28, rd_addr: 11, rd_wdata: fc0203c2, mem_addr: fc0203c2, mem_rdata: 00000000, mem_wdata: fbffdf28
ClkCycle:       7396, pc_rdata: 000e8612, pc_wdata: 000e8616, insn: 20a13c23, mode: 3, rs1_addr:  0, rs1_rdata: 00000000, rs2_addr:  0, rs2_rdata: 00000000, rd_addr:  0, rd_wdata: 00000000, mem_addr: 00000000, mem_rdata: 00000000, mem_wdata: 00000000
ClkCycle:       7397, pc_rdata: 000e8616, pc_wdata: 000e8618, insn: aaa58593, mode: 3, rs1_addr:  0, rs1_rdata: 00000000, rs2_addr:  8, rs2_rdata: fbffe010, rd_addr:  1, rd_wdata: 000e861a, mem_addr: 00000048, mem_rdata: 00000000, mem_wdata: fbffe010
ClkCycle:       7398, pc_rdata: 000e8618, pc_wdata: 000e865e, insn: aaa58593, mode: 3, rs1_addr:  0, rs1_rdata: 00000000, rs2_addr:  0, rs2_rdata: 00000000, rd_addr:  0, rd_wdata: 00000000, mem_addr: 00000000, mem_rdata: 00000000, mem_wdata: 00000000
ClkCycle:       7399, pc_rdata: 000e865e, pc_wdata: 000e8662, insn: 95931995, mode: 3, rs1_addr:  0, rs1_rdata: 00000000, rs2_addr:  0, rs2_rdata: 00000000, rd_addr:  0, rd_wdata: 00000000, mem_addr: 00000000, mem_rdata: 00000000, mem_wdata: 00000000
ClkCycle:       7400, pc_rdata: 000e8662, pc_wdata: 000e8666, insn: 95934cc5, mode: 3, rs1_addr: 11, rs1_rdata: fc0203c2, rs2_addr: 12, rs2_rdata: fbffe000, rd_addr: 11, rd_wdata: 203c2000, mem_addr: 203c2000, mem_rdata: 00000000, mem_wdata: fbffe000
ClkCycle:       7401, pc_rdata: 000e8666, pc_wdata: 000e866a, insn: 95934cc5, mode: 3, rs1_addr:  0, rs1_rdata: 00000000, rs2_addr:  0, rs2_rdata: 00000000, rd_addr:  0, rd_wdata: 00000000, mem_addr: 00000000, mem_rdata: 00000000, mem_wdata: 00000000
ClkCycle:       7402, pc_rdata: 000e866a, pc_wdata: 000e866e, insn: 852e3335, mode: 3, rs1_addr: 11, rs1_rdata: fc0203c2, rs2_addr: 19, rs2_rdata: 00000000, rd_addr: 11, rd_wdata: 00000000, mem_addr: 00000000, mem_rdata: 00000000, mem_wdata: 00000000
ClkCycle:       7403, pc_rdata: 000e866e, pc_wdata: 000e8672, insn: 852e3335, mode: 3, rs1_addr:  0, rs1_rdata: 00000000, rs2_addr:  0, rs2_rdata: 00000000, rd_addr:  0, rd_wdata: 00000000, mem_addr: 00000000, mem_rdata: 00000000, mem_wdata: 00000000
ClkCycle:       7404, pc_rdata: 000e8672, pc_wdata: 000e8674, insn: 666665b7, mode: 3, rs1_addr:  0, rs1_rdata: 00000000, rs2_addr: 11, rs2_rdata: 203c2000, rd_addr: 10, rd_wdata: 00000000, mem_addr: 00000000, mem_rdata: 00000000, mem_wdata: 00000000
ClkCycle:       7405, pc_rdata: 000e8674, pc_wdata: 000e8678, insn: 666665b7, mode: 3, rs1_addr: 12, rs1_rdata: fbffe000, rs2_addr:  6, rs2_rdata: ffe00000, rd_addr: 11, rd_wdata: 66666000, mem_addr: 66666000, mem_rdata: 00000000, mem_wdata: ffe00000
ClkCycle:       7406, pc_rdata: 000e8678, pc_wdata: 000e867c, insn: 66658593, mode: 3, rs1_addr: 11, rs1_rdata: 00000000, rs2_addr:  6, rs2_rdata: ffe00000, rd_addr: 11, rd_wdata: 66666666, mem_addr: 66666666, mem_rdata: 00000000, mem_wdata: ffe00000
ClkCycle:       7407, pc_rdata: 000e867c, pc_wdata: 000e8680, insn: 00b59593, mode: 3, rs1_addr: 11, rs1_rdata: 00000000, rs2_addr: 11, rs2_rdata: 00000000, rd_addr: 11, rd_wdata: 33333000, mem_addr: 33333000, mem_rdata: 00000000, mem_wdata: 66666666
ClkCycle:       7408, pc_rdata: 000e8680, pc_wdata: 000e8684, insn: 33358593, mode: 3, rs1_addr: 11, rs1_rdata: 66666000, rs2_addr: 19, rs2_rdata: 00000000, rd_addr: 11, rd_wdata: 33333333, mem_addr: 33333333, mem_rdata: 00000000, mem_wdata: 00000000
ClkCycle:       7409, pc_rdata: 000e8684, pc_wdata: 000e8688, insn: 00b59593, mode: 3, rs1_addr: 11, rs1_rdata: 66666666, rs2_addr: 11, rs2_rdata: 66666666, rd_addr: 11, rd_wdata: 99999800, mem_addr: 99999800, mem_rdata: 00000000, mem_wdata: 33333333
ClkCycle:       7410, pc_rdata: 000e8688, pc_wdata: 000e868c, insn: 19958593, mode: 3, rs1_addr: 11, rs1_rdata: 33333000, rs2_addr: 25, rs2_rdata: 00080000, rd_addr: 11, rd_wdata: 99999999, mem_addr: 99999999, mem_rdata: 00000000, mem_wdata: 00080000
ClkCycle:       7411, pc_rdata: 000e868c, pc_wdata: 000e8690, insn: 00a59593, mode: 3, rs1_addr: 11, rs1_rdata: 33333333, rs2_addr: 10, rs2_rdata: 00000000, rd_addr: 11, rd_wdata: 66666400, mem_addr: 66666400, mem_rdata: 00000000, mem_wdata: 00000000
ClkCycle:       7412, pc_rdata: 000e8690, pc_wdata: 000e8694, insn: 26658593, mode: 3, rs1_addr: 11, rs1_rdata: 99999800, rs2_addr:  6, rs2_rdata: ffe00000, rd_addr: 11, rd_wdata: 66666666, mem_addr: 66666666, mem_rdata: 00000000, mem_wdata: ffe00000
ClkCycle:       7413, pc_rdata: 000e8694, pc_wdata: 000e8696, insn: 3023852e, mode: 3, rs1_addr:  0, rs1_rdata: 00000000, rs2_addr: 11, rs2_rdata: 99999999, rd_addr: 10, rd_wdata: 66666666, mem_addr: 66666666, mem_rdata: 00000000, mem_wdata: 66666666
ClkCycle:       7414, pc_rdata: 000e8696, pc_wdata: 000e869a, insn: 3023852e, mode: 3, rs1_addr:  0, rs1_rdata: 00000000, rs2_addr:  0, rs2_rdata: 00000000, rd_addr:  0, rd_wdata: 00000000, mem_addr: 00000000, mem_rdata: 00000000, mem_wdata: 00000000
0000000000000000
ClkCycle:       7415, pc_rdata: 000e869a, pc_wdata: 000e869e, insn: 85930000, mode: 3, rs1_addr:  0, rs1_rdata: 00000000, rs2_addr:  0, rs2_rdata: 00000000, rd_addr:  0, rd_wdata: 00000000, mem_addr: 00000000, mem_rdata: 00000000, mem_wdata: 00000000
ClkCycle:       7416, pc_rdata: 000e869e, pc_wdata: 000e86a2, insn: 85930000, mode: 3, rs1_addr:  0, rs1_rdata: 00000000, rs2_addr:  0, rs2_rdata: 00000000, rd_addr:  0, rd_wdata: 00000000, mem_addr: 00000000, mem_rdata: 00000000, mem_wdata: 00000000
ClkCycle:       7417, pc_rdata: 000e86a2, pc_wdata: 000e86a6, insn: 859300b5, mode: 3, rs1_addr: 11, rs1_rdata: 66666666, rs2_addr: 11, rs2_rdata: 66666666, rd_addr: 11, rd_wdata: 66666671, mem_addr: 66666671, mem_rdata: 00000000, mem_wdata: 66666666
ClkCycle:       7418, pc_rdata: 000e86a6, pc_wdata: 000e86aa, insn: 859300b5, mode: 3, rs1_addr:  0, rs1_rdata: 00000000, rs2_addr:  0, rs2_rdata: 00000000, rd_addr:  0, rd_wdata: 00000000, mem_addr: 00000000, mem_rdata: 00000000, mem_wdata: 00000000
ClkCycle:       7419, pc_rdata: 000e86aa, pc_wdata: 000e86ae, insn: 859300b5, mode: 3, rs1_addr: 11, rs1_rdata: 66666666, rs2_addr: 11, rs2_rdata: 66666666, rd_addr: 11, rd_wdata: 6666667c, mem_addr: 6666667c, mem_rdata: 00000000, mem_wdata: 66666671
ClkCycle:       7420, pc_rdata: 000e86ae, pc_wdata: 000e86b2, insn: 859300b5, mode: 3, rs1_addr:  0, rs1_rdata: 00000000, rs2_addr:  0, rs2_rdata: 00000000, rd_addr:  0, rd_wdata: 00000000, mem_addr: 00000000, mem_rdata: 00000000, mem_wdata: 00000000
ClkCycle:       7421, pc_rdata: 000e86b2, pc_wdata: 000e86b6, insn: 859300a5, mode: 3, rs1_addr: 11, rs1_rdata: 66666671, rs2_addr: 10, rs2_rdata: 66666666, rd_addr: 11, rd_wdata: 66666686, mem_addr: 66666686, mem_rdata: 00000000, mem_wdata: 66666666
ClkCycle:       7422, pc_rdata: 000e86b6, pc_wdata: 000e86ba, insn: 859300a5, mode: 3, rs1_addr:  0, rs1_rdata: 00000000, rs2_addr:  0, rs2_rdata: 00000000, rd_addr:  0, rd_wdata: 00000000, mem_addr: 00000000, mem_rdata: 00000000, mem_wdata: 00000000
ClkCycle:       7423, pc_rdata: 000e86ba, pc_wdata: 000e86be, insn: 24a13423, mode: 3, rs1_addr:  7, rs1_rdata: fc020000, rs2_addr:  2, rs2_rdata: fbffdf28, rd_addr: 11, rd_wdata: fc020342, mem_addr: fc020342, mem_rdata: 00000000, mem_wdata: fbffdf28
ClkCycle:       7424, pc_rdata: 000e86be, pc_wdata: 000e86c2, insn: 24a13423, mode: 3, rs1_addr:  0, rs1_rdata: 00000000, rs2_addr:  0, rs2_rdata: 00000000, rd_addr:  0, rd_wdata: 00000000, mem_addr: 00000000, mem_rdata: 00000000, mem_wdata: 00000000
ClkCycle:       7425, pc_rdata: 000e86c2, pc_wdata: 000e86c4, insn: 00058593, mode: 3, rs1_addr:  0, rs1_rdata: 00000000, rs2_addr:  8, rs2_rdata: fbffe010, rd_addr:  1, rd_wdata: 000e86c6, mem_addr: 00000248, mem_rdata: 00000000, mem_wdata: fbffe010
ClkCycle:       7426, pc_rdata: 000e86c4, pc_wdata: 000e890a, insn: 00058593, mode: 3, rs1_addr:  0, rs1_rdata: 00000000, rs2_addr:  0, rs2_rdata: 00000000, rd_addr:  0, rd_wdata: 00000000, mem_addr: 00000000, mem_rdata: 00000000, mem_wdata: 00000000
ClkCycle:       7427, pc_rdata: 000e890a, pc_wdata: 000e890e, insn: 3823852e, mode: 3, rs1_addr:  0, rs1_rdata: 00000000, rs2_addr:  0, rs2_rdata: 00000000, rd_addr:  0, rd_wdata: 00000000, mem_addr: 00000000, mem_rdata: 00000000, mem_wdata: 00000000
00000000000e86c6
ClkCycle:       7428, pc_rdata: 000e890e, pc_wdata: 000e8912, insn: 95930010, mode: 3, rs1_addr:  0, rs1_rdata: 00000000, rs2_addr:  1, rs2_rdata: 000e86c6, rd_addr: 16, rd_wdata: 00000010, mem_addr: 00000010, mem_rdata: 00000000, mem_wdata: 000e86c6
ClkCycle:       7429, pc_rdata: 000e8912, pc_wdata: 000e8916, insn: 95930010, mode: 3, rs1_addr:  0, rs1_rdata: 00000000, rs2_addr:  0, rs2_rdata: 00000000, rd_addr:  0, rd_wdata: 00000000, mem_addr: 00000000, mem_rdata: 00000000, mem_wdata: 00000000
ClkCycle:       7430, pc_rdata: 000e8916, pc_wdata: 000e891a, insn: 852efff5, mode: 3, rs1_addr: 11, rs1_rdata: fc020342, rs2_addr: 31, rs2_rdata: 00000000, rd_addr: 11, rd_wdata: 00000000, mem_addr: 00000000, mem_rdata: 00000000, mem_wdata: 00000000
ClkCycle:       7431, pc_rdata: 000e891a, pc_wdata: 000e891e, insn: 852efff5, mode: 3, rs1_addr:  0, rs1_rdata: 00000000, rs2_addr:  0, rs2_rdata: 00000000, rd_addr:  0, rd_wdata: 00000000, mem_addr: 00000000, mem_rdata: 00000000, mem_wdata: 00000000
ClkCycle:       7432, pc_rdata: 000e891e, pc_wdata: 000e8920, insn: 00100593, mode: 3, rs1_addr:  0, rs1_rdata: 00000000, rs2_addr: 11, rs2_rdata: fc020342, rd_addr: 10, rd_wdata: 00000000, mem_addr: 00000000, mem_rdata: 00000000, mem_wdata: 00000000
ClkCycle:       7433, pc_rdata: 000e8920, pc_wdata: 000e8924, insn: 00100593, mode: 3, rs1_addr:  0, rs1_rdata: 00000000, rs2_addr:  1, rs2_rdata: 000e86c6, rd_addr: 11, rd_wdata: 00000001, mem_addr: 00000001, mem_rdata: 00000000, mem_wdata: 000e86c6
ClkCycle:       7434, pc_rdata: 000e8924, pc_wdata: 000e8928, insn: 01f59593, mode: 3, rs1_addr: 11, rs1_rdata: 00000000, rs2_addr: 31, rs2_rdata: 00000000, rd_addr: 11, rd_wdata: 80000000, mem_addr: 80000000, mem_rdata: 00000000, mem_wdata: 00000000
ClkCycle:       7435, pc_rdata: 000e8928, pc_wdata: 000e892c, insn: fff5c593, mode: 3, rs1_addr: 11, rs1_rdata: 00000000, rs2_addr: 31, rs2_rdata: 00000000, rd_addr: 11, rd_wdata: 7fffffff, mem_addr: 7fffffff, mem_rdata: 00000000, mem_wdata: 00000000
ClkCycle:       7436, pc_rdata: 000e892c, pc_wdata: 000e892e, insn: 3023852e, mode: 3, rs1_addr:  0, rs1_rdata: 00000000, rs2_addr: 11, rs2_rdata: 00000001, rd_addr: 10, rd_wdata: 7fffffff, mem_addr: 7fffffff, mem_rdata: 00000000, mem_wdata: 7fffffff
ClkCycle:       7437, pc_rdata: 000e892e, pc_wdata: 000e8932, insn: 3023852e, mode: 3, rs1_addr:  0, rs1_rdata: 00000000, rs2_addr:  0, rs2_rdata: 00000000, rd_addr:  0, rd_wdata: 00000000, mem_addr: 00000000, mem_rdata: 00000000, mem_wdata: 00000000
00000000000e86c6
ClkCycle:       7438, pc_rdata: 000e8932, pc_wdata: 000e8936, insn: 95930010, mode: 3, rs1_addr:  0, rs1_rdata: 00000000, rs2_addr:  1, rs2_rdata: 000e86c6, rd_addr:  0, rd_wdata: 00000000, mem_addr: 00000000, mem_rdata: 00000000, mem_wdata: 000e86c6
ClkCycle:       7439, pc_rdata: 000e8936, pc_wdata: 000e893a, insn: 95930010, mode: 3, rs1_addr:  0, rs1_rdata: 00000000, rs2_addr:  0, rs2_rdata: 00000000, rd_addr:  0, rd_wdata: 00000000, mem_addr: 00000000, mem_rdata: 00000000, mem_wdata: 00000000
ClkCycle:       7440, pc_rdata: 000e893a, pc_wdata: 000e893e, insn: 852efff5, mode: 3, rs1_addr: 11, rs1_rdata: 7fffffff, rs2_addr: 31, rs2_rdata: 00000000, rd_addr: 11, rd_wdata: 80000000, mem_addr: 80000000, mem_rdata: 00000000, mem_wdata: 00000000
ClkCycle:       7441, pc_rdata: 000e893e, pc_wdata: 000e8942, insn: 852efff5, mode: 3, rs1_addr:  0, rs1_rdata: 00000000, rs2_addr:  0, rs2_rdata: 00000000, rd_addr:  0, rd_wdata: 00000000, mem_addr: 00000000, mem_rdata: 00000000, mem_wdata: 00000000
ClkCycle:       7442, pc_rdata: 000e8942, pc_wdata: 000e8944, insn: 00100593, mode: 3, rs1_addr:  0, rs1_rdata: 00000000, rs2_addr: 11, rs2_rdata: 7fffffff, rd_addr: 10, rd_wdata: 80000000, mem_addr: 80000000, mem_rdata: 00000000, mem_wdata: 80000000
ClkCycle:       7443, pc_rdata: 000e8944, pc_wdata: 000e8948, insn: 00100593, mode: 3, rs1_addr:  0, rs1_rdata: 00000000, rs2_addr:  1, rs2_rdata: 000e86c6, rd_addr: 11, rd_wdata: 00000001, mem_addr: 00000001, mem_rdata: 00000000, mem_wdata: 000e86c6
ClkCycle:       7444, pc_rdata: 000e8948, pc_wdata: 000e894c, insn: 02159593, mode: 3, rs1_addr: 11, rs1_rdata: 80000000, rs2_addr:  1, rs2_rdata: 000e86c6, rd_addr: 11, rd_wdata: 00000002, mem_addr: 00000002, mem_rdata: 00000000, mem_wdata: 000e86c6
ClkCycle:       7445, pc_rdata: 000e894c, pc_wdata: 000e8950, insn: fff5c593, mode: 3, rs1_addr: 11, rs1_rdata: 80000000, rs2_addr: 31, rs2_rdata: 00000000, rd_addr: 11, rd_wdata: fffffffd, mem_addr: fffffffd, mem_rdata: 00000000, mem_wdata: 00000000
ClkCycle:       7446, pc_rdata: 000e8950, pc_wdata: 000e8952, insn: 3823852e, mode: 3, rs1_addr:  0, rs1_rdata: 00000000, rs2_addr: 11, rs2_rdata: 00000001, rd_addr: 10, rd_wdata: fffffffd, mem_addr: fffffffd, mem_rdata: 00000000, mem_wdata: fffffffd
ClkCycle:       7447, pc_rdata: 000e8952, pc_wdata: 000e8956, insn: 3823852e, mode: 3, rs1_addr:  0, rs1_rdata: 00000000, rs2_addr:  0, rs2_rdata: 00000000, rd_addr:  0, rd_wdata: 00000000, mem_addr: 00000000, mem_rdata: 00000000, mem_wdata: 00000000
00000000000e86c6
ClkCycle:       7448, pc_rdata: 000e8956, pc_wdata: 000e895a, insn: 95930010, mode: 3, rs1_addr:  0, rs1_rdata: 00000000, rs2_addr:  1, rs2_rdata: 000e86c6, rd_addr: 16, rd_wdata: 00000010, mem_addr: 00000010, mem_rdata: 00000000, mem_wdata: 000e86c6
ClkCycle:       7449, pc_rdata: 000e895a, pc_wdata: 000e895e, insn: 95930010, mode: 3, rs1_addr:  0, rs1_rdata: 00000000, rs2_addr:  0, rs2_rdata: 00000000, rd_addr:  0, rd_wdata: 00000000, mem_addr: 00000000, mem_rdata: 00000000, mem_wdata: 00000000
ClkCycle:       7450, pc_rdata: 000e895e, pc_wdata: 000e8962, insn: 852efff5, mode: 3, rs1_addr: 11, rs1_rdata: fffffffd, rs2_addr: 31, rs2_rdata: 00000000, rd_addr: 11, rd_wdata: 80000000, mem_addr: 80000000, mem_rdata: 00000000, mem_wdata: 00000000
ClkCycle:       7451, pc_rdata: 000e8962, pc_wdata: 000e8966, insn: 852efff5, mode: 3, rs1_addr:  0, rs1_rdata: 00000000, rs2_addr:  0, rs2_rdata: 00000000, rd_addr:  0, rd_wdata: 00000000, mem_addr: 00000000, mem_rdata: 00000000, mem_wdata: 00000000
ClkCycle:       7452, pc_rdata: 000e8966, pc_wdata: 000e8968, insn: 00100593, mode: 3, rs1_addr:  0, rs1_rdata: 00000000, rs2_addr: 11, rs2_rdata: fffffffd, rd_addr: 10, rd_wdata: 80000000, mem_addr: 80000000, mem_rdata: 00000000, mem_wdata: 80000000
ClkCycle:       7453, pc_rdata: 000e8968, pc_wdata: 000e896c, insn: 00100593, mode: 3, rs1_addr:  0, rs1_rdata: 00000000, rs2_addr:  1, rs2_rdata: 000e86c6, rd_addr: 11, rd_wdata: 00000001, mem_addr: 00000001, mem_rdata: 00000000, mem_wdata: 000e86c6
ClkCycle:       7454, pc_rdata: 000e896c, pc_wdata: 000e8970, insn: 02359593, mode: 3, rs1_addr: 11, rs1_rdata: 80000000, rs2_addr:  3, rs2_rdata: 003fbb6c, rd_addr: 11, rd_wdata: 00000008, mem_addr: 00000008, mem_rdata: 00000000, mem_wdata: 003fbb6c
ClkCycle:       7455, pc_rdata: 000e8970, pc_wdata: 000e8974, insn: fff5c593, mode: 3, rs1_addr: 11, rs1_rdata: 80000000, rs2_addr: 31, rs2_rdata: 00000000, rd_addr: 11, rd_wdata: fffffff7, mem_addr: fffffff7, mem_rdata: 00000000, mem_wdata: 00000000
ClkCycle:       7456, pc_rdata: 000e8974, pc_wdata: 000e8976, insn: 3023852e, mode: 3, rs1_addr:  0, rs1_rdata: 00000000, rs2_addr: 11, rs2_rdata: 00000001, rd_addr: 10, rd_wdata: fffffff7, mem_addr: fffffff7, mem_rdata: 00000000, mem_wdata: fffffff7
ClkCycle:       7457, pc_rdata: 000e8976, pc_wdata: 000e897a, insn: 3023852e, mode: 3, rs1_addr:  0, rs1_rdata: 00000000, rs2_addr:  0, rs2_rdata: 00000000, rd_addr:  0, rd_wdata: 00000000, mem_addr: 00000000, mem_rdata: 00000000, mem_wdata: 00000000
00000000000e86c6
ClkCycle:       7458, pc_rdata: 000e897a, pc_wdata: 000e897e, insn: 95930010, mode: 3, rs1_addr:  0, rs1_rdata: 00000000, rs2_addr:  1, rs2_rdata: 000e86c6, rd_addr:  0, rd_wdata: 00000000, mem_addr: 00000000, mem_rdata: 00000000, mem_wdata: 000e86c6
ClkCycle:       7459, pc_rdata: 000e897e, pc_wdata: 000e8982, insn: 95930010, mode: 3, rs1_addr:  0, rs1_rdata: 00000000, rs2_addr:  0, rs2_rdata: 00000000, rd_addr:  0, rd_wdata: 00000000, mem_addr: 00000000, mem_rdata: 00000000, mem_wdata: 00000000
ClkCycle:       7460, pc_rdata: 000e8982, pc_wdata: 000e8986, insn: 852efff5, mode: 3, rs1_addr: 11, rs1_rdata: fffffff7, rs2_addr: 31, rs2_rdata: 00000000, rd_addr: 11, rd_wdata: 80000000, mem_addr: 80000000, mem_rdata: 00000000, mem_wdata: 00000000
ClkCycle:       7461, pc_rdata: 000e8986, pc_wdata: 000e898a, insn: 852efff5, mode: 3, rs1_addr:  0, rs1_rdata: 00000000, rs2_addr:  0, rs2_rdata: 00000000, rd_addr:  0, rd_wdata: 00000000, mem_addr: 00000000, mem_rdata: 00000000, mem_wdata: 00000000
ClkCycle:       7462, pc_rdata: 000e898a, pc_wdata: 000e898c, insn: 00100593, mode: 3, rs1_addr:  0, rs1_rdata: 00000000, rs2_addr: 11, rs2_rdata: fffffff7, rd_addr: 10, rd_wdata: 80000000, mem_addr: 80000000, mem_rdata: 00000000, mem_wdata: 80000000
ClkCycle:       7463, pc_rdata: 000e898c, pc_wdata: 000e8990, insn: 00100593, mode: 3, rs1_addr:  0, rs1_rdata: 00000000, rs2_addr:  1, rs2_rdata: 000e86c6, rd_addr: 11, rd_wdata: 00000001, mem_addr: 00000001, mem_rdata: 00000000, mem_wdata: 000e86c6
ClkCycle:       7464, pc_rdata: 000e8990, pc_wdata: 000e8994, insn: 02559593, mode: 3, rs1_addr: 11, rs1_rdata: 80000000, rs2_addr:  5, rs2_rdata: 11800000, rd_addr: 11, rd_wdata: 00000020, mem_addr: 00000020, mem_rdata: 00000000, mem_wdata: 11800000
ClkCycle:       7465, pc_rdata: 000e8994, pc_wdata: 000e8998, insn: fff5c593, mode: 3, rs1_addr: 11, rs1_rdata: 80000000, rs2_addr: 31, rs2_rdata: 00000000, rd_addr: 11, rd_wdata: ffffffdf, mem_addr: ffffffdf, mem_rdata: 00000000, mem_wdata: 00000000
ClkCycle:       7466, pc_rdata: 000e8998, pc_wdata: 000e899a, insn: 3823852e, mode: 3, rs1_addr:  0, rs1_rdata: 00000000, rs2_addr: 11, rs2_rdata: 00000001, rd_addr: 10, rd_wdata: ffffffdf, mem_addr: ffffffdf, mem_rdata: 00000000, mem_wdata: ffffffdf
ClkCycle:       7467, pc_rdata: 000e899a, pc_wdata: 000e899e, insn: 3823852e, mode: 3, rs1_addr:  0, rs1_rdata: 00000000, rs2_addr:  0, rs2_rdata: 00000000, rd_addr:  0, rd_wdata: 00000000, mem_addr: 00000000, mem_rdata: 00000000, mem_wdata: 00000000
00000000000e86c6
ClkCycle:       7468, pc_rdata: 000e899e, pc_wdata: 000e89a2, insn: 95930010, mode: 3, rs1_addr:  0, rs1_rdata: 00000000, rs2_addr:  1, rs2_rdata: 000e86c6, rd_addr: 16, rd_wdata: 00000010, mem_addr: 00000010, mem_rdata: 00000000, mem_wdata: 000e86c6
ClkCycle:       7469, pc_rdata: 000e89a2, pc_wdata: 000e89a6, insn: 95930010, mode: 3, rs1_addr:  0, rs1_rdata: 00000000, rs2_addr:  0, rs2_rdata: 00000000, rd_addr:  0, rd_wdata: 00000000, mem_addr: 00000000, mem_rdata: 00000000, mem_wdata: 00000000
ClkCycle:       7470, pc_rdata: 000e89a6, pc_wdata: 000e89aa, insn: 852efff5, mode: 3, rs1_addr: 11, rs1_rdata: ffffffdf, rs2_addr: 31, rs2_rdata: 00000000, rd_addr: 11, rd_wdata: 80000000, mem_addr: 80000000, mem_rdata: 00000000, mem_wdata: 00000000
ClkCycle:       7471, pc_rdata: 000e89aa, pc_wdata: 000e89ae, insn: 852efff5, mode: 3, rs1_addr:  0, rs1_rdata: 00000000, rs2_addr:  0, rs2_rdata: 00000000, rd_addr:  0, rd_wdata: 00000000, mem_addr: 00000000, mem_rdata: 00000000, mem_wdata: 00000000
ClkCycle:       7472, pc_rdata: 000e89ae, pc_wdata: 000e89b0, insn: 00100593, mode: 3, rs1_addr:  0, rs1_rdata: 00000000, rs2_addr: 11, rs2_rdata: ffffffdf, rd_addr: 10, rd_wdata: 80000000, mem_addr: 80000000, mem_rdata: 00000000, mem_wdata: 80000000
ClkCycle:       7473, pc_rdata: 000e89b0, pc_wdata: 000e89b4, insn: 00100593, mode: 3, rs1_addr:  0, rs1_rdata: 00000000, rs2_addr:  1, rs2_rdata: 000e86c6, rd_addr: 11, rd_wdata: 00000001, mem_addr: 00000001, mem_rdata: 00000000, mem_wdata: 000e86c6
ClkCycle:       7474, pc_rdata: 000e89b4, pc_wdata: 000e89b8, insn: 02759593, mode: 3, rs1_addr: 11, rs1_rdata: 80000000, rs2_addr:  7, rs2_rdata: fc020000, rd_addr: 11, rd_wdata: 00000080, mem_addr: 00000080, mem_rdata: 00000000, mem_wdata: fc020000
ClkCycle:       7475, pc_rdata: 000e89b8, pc_wdata: 000e89bc, insn: fff5c593, mode: 3, rs1_addr: 11, rs1_rdata: 80000000, rs2_addr: 31, rs2_rdata: 00000000, rd_addr: 11, rd_wdata: ffffff7f, mem_addr: ffffff7f, mem_rdata: 00000000, mem_wdata: 00000000
ClkCycle:       7476, pc_rdata: 000e89bc, pc_wdata: 000e89be, insn: 3023852e, mode: 3, rs1_addr:  0, rs1_rdata: 00000000, rs2_addr: 11, rs2_rdata: 00000001, rd_addr: 10, rd_wdata: ffffff7f, mem_addr: ffffff7f, mem_rdata: 00000000, mem_wdata: ffffff7f
ClkCycle:       7477, pc_rdata: 000e89be, pc_wdata: 000e89c2, insn: 3023852e, mode: 3, rs1_addr:  0, rs1_rdata: 00000000, rs2_addr:  0, rs2_rdata: 00000000, rd_addr:  0, rd_wdata: 00000000, mem_addr: 00000000, mem_rdata: 00000000, mem_wdata: 00000000
00000000000e86c6
ClkCycle:       7478, pc_rdata: 000e89c2, pc_wdata: 000e89c6, insn: 95930010, mode: 3, rs1_addr:  0, rs1_rdata: 00000000, rs2_addr:  1, rs2_rdata: 000e86c6, rd_addr:  0, rd_wdata: 00000000, mem_addr: 00000000, mem_rdata: 00000000, mem_wdata: 000e86c6
ClkCycle:       7479, pc_rdata: 000e89c6, pc_wdata: 000e89ca, insn: 95930010, mode: 3, rs1_addr:  0, rs1_rdata: 00000000, rs2_addr:  0, rs2_rdata: 00000000, rd_addr:  0, rd_wdata: 00000000, mem_addr: 00000000, mem_rdata: 00000000, mem_wdata: 00000000
ClkCycle:       7480, pc_rdata: 000e89ca, pc_wdata: 000e89ce, insn: 852efff5, mode: 3, rs1_addr: 11, rs1_rdata: ffffff7f, rs2_addr: 31, rs2_rdata: 00000000, rd_addr: 11, rd_wdata: 80000000, mem_addr: 80000000, mem_rdata: 00000000, mem_wdata: 00000000
ClkCycle:       7481, pc_rdata: 000e89ce, pc_wdata: 000e89d2, insn: 852efff5, mode: 3, rs1_addr:  0, rs1_rdata: 00000000, rs2_addr:  0, rs2_rdata: 00000000, rd_addr:  0, rd_wdata: 00000000, mem_addr: 00000000, mem_rdata: 00000000, mem_wdata: 00000000
ClkCycle:       7482, pc_rdata: 000e89d2, pc_wdata: 000e89d4, insn: 00100593, mode: 3, rs1_addr:  0, rs1_rdata: 00000000, rs2_addr: 11, rs2_rdata: ffffff7f, rd_addr: 10, rd_wdata: 80000000, mem_addr: 80000000, mem_rdata: 00000000, mem_wdata: 80000000
ClkCycle:       7483, pc_rdata: 000e89d4, pc_wdata: 000e89d8, insn: 00100593, mode: 3, rs1_addr:  0, rs1_rdata: 00000000, rs2_addr:  1, rs2_rdata: 000e86c6, rd_addr: 11, rd_wdata: 00000001, mem_addr: 00000001, mem_rdata: 00000000, mem_wdata: 000e86c6
ClkCycle:       7484, pc_rdata: 000e89d8, pc_wdata: 000e89dc, insn: 02959593, mode: 3, rs1_addr: 11, rs1_rdata: 80000000, rs2_addr:  9, rs2_rdata: 003fffff, rd_addr: 11, rd_wdata: 00000200, mem_addr: 00000200, mem_rdata: 00000000, mem_wdata: 003fffff
ClkCycle:       7485, pc_rdata: 000e89dc, pc_wdata: 000e89e0, insn: fff5c593, mode: 3, rs1_addr: 11, rs1_rdata: 80000000, rs2_addr: 31, rs2_rdata: 00000000, rd_addr: 11, rd_wdata: fffffdff, mem_addr: fffffdff, mem_rdata: 00000000, mem_wdata: 00000000
ClkCycle:       7486, pc_rdata: 000e89e0, pc_wdata: 000e89e2, insn: 3823852e, mode: 3, rs1_addr:  0, rs1_rdata: 00000000, rs2_addr: 11, rs2_rdata: 00000001, rd_addr: 10, rd_wdata: fffffdff, mem_addr: fffffdff, mem_rdata: 00000000, mem_wdata: fffffdff
ClkCycle:       7487, pc_rdata: 000e89e2, pc_wdata: 000e89e6, insn: 3823852e, mode: 3, rs1_addr:  0, rs1_rdata: 00000000, rs2_addr:  0, rs2_rdata: 00000000, rd_addr:  0, rd_wdata: 00000000, mem_addr: 00000000, mem_rdata: 00000000, mem_wdata: 00000000
00000000000e86c6
ClkCycle:       7488, pc_rdata: 000e89e6, pc_wdata: 000e89ea, insn: 95930010, mode: 3, rs1_addr:  0, rs1_rdata: 00000000, rs2_addr:  1, rs2_rdata: 000e86c6, rd_addr: 16, rd_wdata: 00000010, mem_addr: 00000010, mem_rdata: 00000000, mem_wdata: 000e86c6
ClkCycle:       7489, pc_rdata: 000e89ea, pc_wdata: 000e89ee, insn: 95930010, mode: 3, rs1_addr:  0, rs1_rdata: 00000000, rs2_addr:  0, rs2_rdata: 00000000, rd_addr:  0, rd_wdata: 00000000, mem_addr: 00000000, mem_rdata: 00000000, mem_wdata: 00000000
ClkCycle:       7490, pc_rdata: 000e89ee, pc_wdata: 000e89f2, insn: 852efff5, mode: 3, rs1_addr: 11, rs1_rdata: fffffdff, rs2_addr: 31, rs2_rdata: 00000000, rd_addr: 11, rd_wdata: 80000000, mem_addr: 80000000, mem_rdata: 00000000, mem_wdata: 00000000
ClkCycle:       7491, pc_rdata: 000e89f2, pc_wdata: 000e89f6, insn: 852efff5, mode: 3, rs1_addr:  0, rs1_rdata: 00000000, rs2_addr:  0, rs2_rdata: 00000000, rd_addr:  0, rd_wdata: 00000000, mem_addr: 00000000, mem_rdata: 00000000, mem_wdata: 00000000
ClkCycle:       7492, pc_rdata: 000e89f6, pc_wdata: 000e89f8, insn: 00100593, mode: 3, rs1_addr:  0, rs1_rdata: 00000000, rs2_addr: 11, rs2_rdata: fffffdff, rd_addr: 10, rd_wdata: 80000000, mem_addr: 80000000, mem_rdata: 00000000, mem_wdata: 80000000
ClkCycle:       7493, pc_rdata: 000e89f8, pc_wdata: 000e89fc, insn: 00100593, mode: 3, rs1_addr:  0, rs1_rdata: 00000000, rs2_addr:  1, rs2_rdata: 000e86c6, rd_addr: 11, rd_wdata: 00000001, mem_addr: 00000001, mem_rdata: 00000000, mem_wdata: 000e86c6
ClkCycle:       7494, pc_rdata: 000e89fc, pc_wdata: 000e8a00, insn: 02b59593, mode: 3, rs1_addr: 11, rs1_rdata: 80000000, rs2_addr: 11, rs2_rdata: 80000000, rd_addr: 11, rd_wdata: 00000800, mem_addr: 00000800, mem_rdata: 00000000, mem_wdata: 00000001
ClkCycle:       7495, pc_rdata: 000e8a00, pc_wdata: 000e8a04, insn: fff5c593, mode: 3, rs1_addr: 11, rs1_rdata: 80000000, rs2_addr: 31, rs2_rdata: 00000000, rd_addr: 11, rd_wdata: fffff7ff, mem_addr: fffff7ff, mem_rdata: 00000000, mem_wdata: 00000000
ClkCycle:       7496, pc_rdata: 000e8a04, pc_wdata: 000e8a06, insn: 3023852e, mode: 3, rs1_addr:  0, rs1_rdata: 00000000, rs2_addr: 11, rs2_rdata: 00000001, rd_addr: 10, rd_wdata: fffff7ff, mem_addr: fffff7ff, mem_rdata: 00000000, mem_wdata: fffff7ff
ClkCycle:       7497, pc_rdata: 000e8a06, pc_wdata: 000e8a0a, insn: 3023852e, mode: 3, rs1_addr:  0, rs1_rdata: 00000000, rs2_addr:  0, rs2_rdata: 00000000, rd_addr:  0, rd_wdata: 00000000, mem_addr: 00000000, mem_rdata: 00000000, mem_wdata: 00000000
00000000000e86c6
ClkCycle:       7498, pc_rdata: 000e8a0a, pc_wdata: 000e8a0e, insn: 95930010, mode: 3, rs1_addr:  0, rs1_rdata: 00000000, rs2_addr:  1, rs2_rdata: 000e86c6, rd_addr:  0, rd_wdata: 00000000, mem_addr: 00000000, mem_rdata: 00000000, mem_wdata: 000e86c6
ClkCycle:       7499, pc_rdata: 000e8a0e, pc_wdata: 000e8a12, insn: 95930010, mode: 3, rs1_addr:  0, rs1_rdata: 00000000, rs2_addr:  0, rs2_rdata: 00000000, rd_addr:  0, rd_wdata: 00000000, mem_addr: 00000000, mem_rdata: 00000000, mem_wdata: 00000000
ClkCycle:       7500, pc_rdata: 000e8a12, pc_wdata: 000e8a16, insn: 852efff5, mode: 3, rs1_addr: 11, rs1_rdata: fffff7ff, rs2_addr: 31, rs2_rdata: 00000000, rd_addr: 11, rd_wdata: 80000000, mem_addr: 80000000, mem_rdata: 00000000, mem_wdata: 00000000
ClkCycle:       7501, pc_rdata: 000e8a16, pc_wdata: 000e8a1a, insn: 852efff5, mode: 3, rs1_addr:  0, rs1_rdata: 00000000, rs2_addr:  0, rs2_rdata: 00000000, rd_addr:  0, rd_wdata: 00000000, mem_addr: 00000000, mem_rdata: 00000000, mem_wdata: 00000000
ClkCycle:       7502, pc_rdata: 000e8a1a, pc_wdata: 000e8a1c, insn: 00100593, mode: 3, rs1_addr:  0, rs1_rdata: 00000000, rs2_addr: 11, rs2_rdata: fffff7ff, rd_addr: 10, rd_wdata: 80000000, mem_addr: 80000000, mem_rdata: 00000000, mem_wdata: 80000000
ClkCycle:       7503, pc_rdata: 000e8a1c, pc_wdata: 000e8a20, insn: 00100593, mode: 3, rs1_addr:  0, rs1_rdata: 00000000, rs2_addr:  1, rs2_rdata: 000e86c6, rd_addr: 11, rd_wdata: 00000001, mem_addr: 00000001, mem_rdata: 00000000, mem_wdata: 000e86c6
ClkCycle:       7504, pc_rdata: 000e8a20, pc_wdata: 000e8a24, insn: 02d59593, mode: 3, rs1_addr: 11, rs1_rdata: 80000000, rs2_addr: 13, rs2_rdata: 40000000, rd_addr: 11, rd_wdata: 00002000, mem_addr: 00002000, mem_rdata: 00000000, mem_wdata: 40000000
ClkCycle:       7505, pc_rdata: 000e8a24, pc_wdata: 000e8a28, insn: fff5c593, mode: 3, rs1_addr: 11, rs1_rdata: 80000000, rs2_addr: 31, rs2_rdata: 00000000, rd_addr: 11, rd_wdata: ffffdfff, mem_addr: ffffdfff, mem_rdata: 00000000, mem_wdata: 00000000
ClkCycle:       7506, pc_rdata: 000e8a28, pc_wdata: 000e8a2a, insn: 3823852e, mode: 3, rs1_addr:  0, rs1_rdata: 00000000, rs2_addr: 11, rs2_rdata: 00000001, rd_addr: 10, rd_wdata: ffffdfff, mem_addr: ffffdfff, mem_rdata: 00000000, mem_wdata: ffffdfff
ClkCycle:       7507, pc_rdata: 000e8a2a, pc_wdata: 000e8a2e, insn: 3823852e, mode: 3, rs1_addr:  0, rs1_rdata: 00000000, rs2_addr:  0, rs2_rdata: 00000000, rd_addr:  0, rd_wdata: 00000000, mem_addr: 00000000, mem_rdata: 00000000, mem_wdata: 00000000
00000000000e86c6
ClkCycle:       7508, pc_rdata: 000e8a2e, pc_wdata: 000e8a32, insn: 95930010, mode: 3, rs1_addr:  0, rs1_rdata: 00000000, rs2_addr:  1, rs2_rdata: 000e86c6, rd_addr: 16, rd_wdata: 00000010, mem_addr: 00000010, mem_rdata: 00000000, mem_wdata: 000e86c6
ClkCycle:       7509, pc_rdata: 000e8a32, pc_wdata: 000e8a36, insn: 95930010, mode: 3, rs1_addr:  0, rs1_rdata: 00000000, rs2_addr:  0, rs2_rdata: 00000000, rd_addr:  0, rd_wdata: 00000000, mem_addr: 00000000, mem_rdata: 00000000, mem_wdata: 00000000
ClkCycle:       7510, pc_rdata: 000e8a36, pc_wdata: 000e8a3a, insn: 852efff5, mode: 3, rs1_addr: 11, rs1_rdata: ffffdfff, rs2_addr: 31, rs2_rdata: 00000000, rd_addr: 11, rd_wdata: 80000000, mem_addr: 80000000, mem_rdata: 00000000, mem_wdata: 00000000
ClkCycle:       7511, pc_rdata: 000e8a3a, pc_wdata: 000e8a3e, insn: 852efff5, mode: 3, rs1_addr:  0, rs1_rdata: 00000000, rs2_addr:  0, rs2_rdata: 00000000, rd_addr:  0, rd_wdata: 00000000, mem_addr: 00000000, mem_rdata: 00000000, mem_wdata: 00000000
ClkCycle:       7512, pc_rdata: 000e8a3e, pc_wdata: 000e8a40, insn: 00100593, mode: 3, rs1_addr:  0, rs1_rdata: 00000000, rs2_addr: 11, rs2_rdata: ffffdfff, rd_addr: 10, rd_wdata: 80000000, mem_addr: 80000000, mem_rdata: 00000000, mem_wdata: 80000000
ClkCycle:       7513, pc_rdata: 000e8a40, pc_wdata: 000e8a44, insn: 00100593, mode: 3, rs1_addr:  0, rs1_rdata: 00000000, rs2_addr:  1, rs2_rdata: 000e86c6, rd_addr: 11, rd_wdata: 00000001, mem_addr: 00000001, mem_rdata: 00000000, mem_wdata: 000e86c6
ClkCycle:       7514, pc_rdata: 000e8a44, pc_wdata: 000e8a48, insn: 02f59593, mode: 3, rs1_addr: 11, rs1_rdata: 80000000, rs2_addr: 15, rs2_rdata: 03c00000, rd_addr: 11, rd_wdata: 00008000, mem_addr: 00008000, mem_rdata: 00000000, mem_wdata: 03c00000
ClkCycle:       7515, pc_rdata: 000e8a48, pc_wdata: 000e8a4c, insn: fff5c593, mode: 3, rs1_addr: 11, rs1_rdata: 80000000, rs2_addr: 31, rs2_rdata: 00000000, rd_addr: 11, rd_wdata: ffff7fff, mem_addr: ffff7fff, mem_rdata: 00000000, mem_wdata: 00000000
ClkCycle:       7516, pc_rdata: 000e8a4c, pc_wdata: 000e8a4e, insn: 3023852e, mode: 3, rs1_addr:  0, rs1_rdata: 00000000, rs2_addr: 11, rs2_rdata: 00000001, rd_addr: 10, rd_wdata: ffff7fff, mem_addr: ffff7fff, mem_rdata: 00000000, mem_wdata: ffff7fff
ClkCycle:       7517, pc_rdata: 000e8a4e, pc_wdata: 000e8a52, insn: 3023852e, mode: 3, rs1_addr:  0, rs1_rdata: 00000000, rs2_addr:  0, rs2_rdata: 00000000, rd_addr:  0, rd_wdata: 00000000, mem_addr: 00000000, mem_rdata: 00000000, mem_wdata: 00000000
00000000000e86c6
ClkCycle:       7518, pc_rdata: 000e8a52, pc_wdata: 000e8a56, insn: 95930010, mode: 3, rs1_addr:  0, rs1_rdata: 00000000, rs2_addr:  1, rs2_rdata: 000e86c6, rd_addr:  0, rd_wdata: 00000000, mem_addr: 00000000, mem_rdata: 00000000, mem_wdata: 000e86c6
ClkCycle:       7519, pc_rdata: 000e8a56, pc_wdata: 000e8a5a, insn: 95930010, mode: 3, rs1_addr:  0, rs1_rdata: 00000000, rs2_addr:  0, rs2_rdata: 00000000, rd_addr:  0, rd_wdata: 00000000, mem_addr: 00000000, mem_rdata: 00000000, mem_wdata: 00000000
ClkCycle:       7520, pc_rdata: 000e8a5a, pc_wdata: 000e8a5e, insn: 852efff5, mode: 3, rs1_addr: 11, rs1_rdata: ffff7fff, rs2_addr: 31, rs2_rdata: 00000000, rd_addr: 11, rd_wdata: 80000000, mem_addr: 80000000, mem_rdata: 00000000, mem_wdata: 00000000
ClkCycle:       7521, pc_rdata: 000e8a5e, pc_wdata: 000e8a62, insn: 852efff5, mode: 3, rs1_addr:  0, rs1_rdata: 00000000, rs2_addr:  0, rs2_rdata: 00000000, rd_addr:  0, rd_wdata: 00000000, mem_addr: 00000000, mem_rdata: 00000000, mem_wdata: 00000000
ClkCycle:       7522, pc_rdata: 000e8a62, pc_wdata: 000e8a64, insn: 00100593, mode: 3, rs1_addr:  0, rs1_rdata: 00000000, rs2_addr: 11, rs2_rdata: ffff7fff, rd_addr: 10, rd_wdata: 80000000, mem_addr: 80000000, mem_rdata: 00000000, mem_wdata: 80000000
ClkCycle:       7523, pc_rdata: 000e8a64, pc_wdata: 000e8a68, insn: 00100593, mode: 3, rs1_addr:  0, rs1_rdata: 00000000, rs2_addr:  1, rs2_rdata: 000e86c6, rd_addr: 11, rd_wdata: 00000001, mem_addr: 00000001, mem_rdata: 00000000, mem_wdata: 000e86c6
ClkCycle:       7524, pc_rdata: 000e8a68, pc_wdata: 000e8a6c, insn: 03159593, mode: 3, rs1_addr: 11, rs1_rdata: 80000000, rs2_addr: 17, rs2_rdata: 000000fe, rd_addr: 11, rd_wdata: 00020000, mem_addr: 00020000, mem_rdata: 00000000, mem_wdata: 000000fe
ClkCycle:       7525, pc_rdata: 000e8a6c, pc_wdata: 000e8a70, insn: fff5c593, mode: 3, rs1_addr: 11, rs1_rdata: 80000000, rs2_addr: 31, rs2_rdata: 00000000, rd_addr: 11, rd_wdata: fffdffff, mem_addr: fffdffff, mem_rdata: 00000000, mem_wdata: 00000000
ClkCycle:       7526, pc_rdata: 000e8a70, pc_wdata: 000e8a72, insn: 3823852e, mode: 3, rs1_addr:  0, rs1_rdata: 00000000, rs2_addr: 11, rs2_rdata: 00000001, rd_addr: 10, rd_wdata: fffdffff, mem_addr: fffdffff, mem_rdata: 00000000, mem_wdata: fffdffff
ClkCycle:       7527, pc_rdata: 000e8a72, pc_wdata: 000e8a76, insn: 3823852e, mode: 3, rs1_addr:  0, rs1_rdata: 00000000, rs2_addr:  0, rs2_rdata: 00000000, rd_addr:  0, rd_wdata: 00000000, mem_addr: 00000000, mem_rdata: 00000000, mem_wdata: 00000000
00000000000e86c6
ClkCycle:       7528, pc_rdata: 000e8a76, pc_wdata: 000e8a7a, insn: 95930010, mode: 3, rs1_addr:  0, rs1_rdata: 00000000, rs2_addr:  1, rs2_rdata: 000e86c6, rd_addr: 16, rd_wdata: 00000010, mem_addr: 00000010, mem_rdata: 00000000, mem_wdata: 000e86c6
ClkCycle:       7529, pc_rdata: 000e8a7a, pc_wdata: 000e8a7e, insn: 95930010, mode: 3, rs1_addr:  0, rs1_rdata: 00000000, rs2_addr:  0, rs2_rdata: 00000000, rd_addr:  0, rd_wdata: 00000000, mem_addr: 00000000, mem_rdata: 00000000, mem_wdata: 00000000
ClkCycle:       7530, pc_rdata: 000e8a7e, pc_wdata: 000e8a82, insn: 852efff5, mode: 3, rs1_addr: 11, rs1_rdata: fffdffff, rs2_addr: 31, rs2_rdata: 00000000, rd_addr: 11, rd_wdata: 80000000, mem_addr: 80000000, mem_rdata: 00000000, mem_wdata: 00000000
ClkCycle:       7531, pc_rdata: 000e8a82, pc_wdata: 000e8a86, insn: 852efff5, mode: 3, rs1_addr:  0, rs1_rdata: 00000000, rs2_addr:  0, rs2_rdata: 00000000, rd_addr:  0, rd_wdata: 00000000, mem_addr: 00000000, mem_rdata: 00000000, mem_wdata: 00000000
ClkCycle:       7532, pc_rdata: 000e8a86, pc_wdata: 000e8a88, insn: 00100593, mode: 3, rs1_addr:  0, rs1_rdata: 00000000, rs2_addr: 11, rs2_rdata: fffdffff, rd_addr: 10, rd_wdata: 80000000, mem_addr: 80000000, mem_rdata: 00000000, mem_wdata: 80000000
ClkCycle:       7533, pc_rdata: 000e8a88, pc_wdata: 000e8a8c, insn: 00100593, mode: 3, rs1_addr:  0, rs1_rdata: 00000000, rs2_addr:  1, rs2_rdata: 000e86c6, rd_addr: 11, rd_wdata: 00000001, mem_addr: 00000001, mem_rdata: 00000000, mem_wdata: 000e86c6
ClkCycle:       7534, pc_rdata: 000e8a8c, pc_wdata: 000e8a90, insn: 03359593, mode: 3, rs1_addr: 11, rs1_rdata: 80000000, rs2_addr: 19, rs2_rdata: 00000000, rd_addr: 11, rd_wdata: 00080000, mem_addr: 00080000, mem_rdata: 00000000, mem_wdata: 00000000
ClkCycle:       7535, pc_rdata: 000e8a90, pc_wdata: 000e8a94, insn: fff5c593, mode: 3, rs1_addr: 11, rs1_rdata: 80000000, rs2_addr: 31, rs2_rdata: 00000000, rd_addr: 11, rd_wdata: fff7ffff, mem_addr: fff7ffff, mem_rdata: 00000000, mem_wdata: 00000000
ClkCycle:       7536, pc_rdata: 000e8a94, pc_wdata: 000e8a96, insn: 3023852e, mode: 3, rs1_addr:  0, rs1_rdata: 00000000, rs2_addr: 11, rs2_rdata: 00000001, rd_addr: 10, rd_wdata: fff7ffff, mem_addr: fff7ffff, mem_rdata: 00000000, mem_wdata: fff7ffff
ClkCycle:       7537, pc_rdata: 000e8a96, pc_wdata: 000e8a9a, insn: 3023852e, mode: 3, rs1_addr:  0, rs1_rdata: 00000000, rs2_addr:  0, rs2_rdata: 00000000, rd_addr:  0, rd_wdata: 00000000, mem_addr: 00000000, mem_rdata: 00000000, mem_wdata: 00000000
00000000000e86c6
ClkCycle:       7538, pc_rdata: 000e8a9a, pc_wdata: 000e8a9e, insn: 95930010, mode: 3, rs1_addr:  0, rs1_rdata: 00000000, rs2_addr:  1, rs2_rdata: 000e86c6, rd_addr:  0, rd_wdata: 00000000, mem_addr: 00000000, mem_rdata: 00000000, mem_wdata: 000e86c6
ClkCycle:       7539, pc_rdata: 000e8a9e, pc_wdata: 000e8aa2, insn: 95930010, mode: 3, rs1_addr:  0, rs1_rdata: 00000000, rs2_addr:  0, rs2_rdata: 00000000, rd_addr:  0, rd_wdata: 00000000, mem_addr: 00000000, mem_rdata: 00000000, mem_wdata: 00000000
ClkCycle:       7540, pc_rdata: 000e8aa2, pc_wdata: 000e8aa6, insn: 852efff5, mode: 3, rs1_addr: 11, rs1_rdata: fff7ffff, rs2_addr: 31, rs2_rdata: 00000000, rd_addr: 11, rd_wdata: 80000000, mem_addr: 80000000, mem_rdata: 00000000, mem_wdata: 00000000
ClkCycle:       7541, pc_rdata: 000e8aa6, pc_wdata: 000e8aaa, insn: 852efff5, mode: 3, rs1_addr:  0, rs1_rdata: 00000000, rs2_addr:  0, rs2_rdata: 00000000, rd_addr:  0, rd_wdata: 00000000, mem_addr: 00000000, mem_rdata: 00000000, mem_wdata: 00000000
ClkCycle:       7542, pc_rdata: 000e8aaa, pc_wdata: 000e8aac, insn: 00100593, mode: 3, rs1_addr:  0, rs1_rdata: 00000000, rs2_addr: 11, rs2_rdata: fff7ffff, rd_addr: 10, rd_wdata: 80000000, mem_addr: 80000000, mem_rdata: 00000000, mem_wdata: 80000000
ClkCycle:       7543, pc_rdata: 000e8aac, pc_wdata: 000e8ab0, insn: 00100593, mode: 3, rs1_addr:  0, rs1_rdata: 00000000, rs2_addr:  1, rs2_rdata: 000e86c6, rd_addr: 11, rd_wdata: 00000001, mem_addr: 00000001, mem_rdata: 00000000, mem_wdata: 000e86c6
ClkCycle:       7544, pc_rdata: 000e8ab0, pc_wdata: 000e8ab4, insn: 03559593, mode: 3, rs1_addr: 11, rs1_rdata: 80000000, rs2_addr: 21, rs2_rdata: eedbfbff, rd_addr: 11, rd_wdata: 00200000, mem_addr: 00200000, mem_rdata: 00000000, mem_wdata: eedbfbff
ClkCycle:       7545, pc_rdata: 000e8ab4, pc_wdata: 000e8ab8, insn: fff5c593, mode: 3, rs1_addr: 11, rs1_rdata: 80000000, rs2_addr: 31, rs2_rdata: 00000000, rd_addr: 11, rd_wdata: ffdfffff, mem_addr: ffdfffff, mem_rdata: 00000000, mem_wdata: 00000000
ClkCycle:       7546, pc_rdata: 000e8ab8, pc_wdata: 000e8aba, insn: 3823852e, mode: 3, rs1_addr:  0, rs1_rdata: 00000000, rs2_addr: 11, rs2_rdata: 00000001, rd_addr: 10, rd_wdata: ffdfffff, mem_addr: ffdfffff, mem_rdata: 00000000, mem_wdata: ffdfffff
ClkCycle:       7547, pc_rdata: 000e8aba, pc_wdata: 000e8abe, insn: 3823852e, mode: 3, rs1_addr:  0, rs1_rdata: 00000000, rs2_addr:  0, rs2_rdata: 00000000, rd_addr:  0, rd_wdata: 00000000, mem_addr: 00000000, mem_rdata: 00000000, mem_wdata: 00000000
00000000000e86c6
ClkCycle:       7548, pc_rdata: 000e8abe, pc_wdata: 000e8ac2, insn: 95930010, mode: 3, rs1_addr:  0, rs1_rdata: 00000000, rs2_addr:  1, rs2_rdata: 000e86c6, rd_addr: 16, rd_wdata: 00000010, mem_addr: 00000010, mem_rdata: 00000000, mem_wdata: 000e86c6
ClkCycle:       7549, pc_rdata: 000e8ac2, pc_wdata: 000e8ac6, insn: 95930010, mode: 3, rs1_addr:  0, rs1_rdata: 00000000, rs2_addr:  0, rs2_rdata: 00000000, rd_addr:  0, rd_wdata: 00000000, mem_addr: 00000000, mem_rdata: 00000000, mem_wdata: 00000000
ClkCycle:       7550, pc_rdata: 000e8ac6, pc_wdata: 000e8aca, insn: 852efff5, mode: 3, rs1_addr: 11, rs1_rdata: ffdfffff, rs2_addr: 31, rs2_rdata: 00000000, rd_addr: 11, rd_wdata: 80000000, mem_addr: 80000000, mem_rdata: 00000000, mem_wdata: 00000000
ClkCycle:       7551, pc_rdata: 000e8aca, pc_wdata: 000e8ace, insn: 852efff5, mode: 3, rs1_addr:  0, rs1_rdata: 00000000, rs2_addr:  0, rs2_rdata: 00000000, rd_addr:  0, rd_wdata: 00000000, mem_addr: 00000000, mem_rdata: 00000000, mem_wdata: 00000000
ClkCycle:       7552, pc_rdata: 000e8ace, pc_wdata: 000e8ad0, insn: 00100593, mode: 3, rs1_addr:  0, rs1_rdata: 00000000, rs2_addr: 11, rs2_rdata: ffdfffff, rd_addr: 10, rd_wdata: 80000000, mem_addr: 80000000, mem_rdata: 00000000, mem_wdata: 80000000
ClkCycle:       7553, pc_rdata: 000e8ad0, pc_wdata: 000e8ad4, insn: 00100593, mode: 3, rs1_addr:  0, rs1_rdata: 00000000, rs2_addr:  1, rs2_rdata: 000e86c6, rd_addr: 11, rd_wdata: 00000001, mem_addr: 00000001, mem_rdata: 00000000, mem_wdata: 000e86c6
ClkCycle:       7554, pc_rdata: 000e8ad4, pc_wdata: 000e8ad8, insn: 03759593, mode: 3, rs1_addr: 11, rs1_rdata: 80000000, rs2_addr: 23, rs2_rdata: 00000000, rd_addr: 11, rd_wdata: 00800000, mem_addr: 00800000, mem_rdata: 00000000, mem_wdata: 00000000
ClkCycle:       7555, pc_rdata: 000e8ad8, pc_wdata: 000e8adc, insn: fff5c593, mode: 3, rs1_addr: 11, rs1_rdata: 80000000, rs2_addr: 31, rs2_rdata: 00000000, rd_addr: 11, rd_wdata: ff7fffff, mem_addr: ff7fffff, mem_rdata: 00000000, mem_wdata: 00000000
ClkCycle:       7556, pc_rdata: 000e8adc, pc_wdata: 000e8ade, insn: 3023852e, mode: 3, rs1_addr:  0, rs1_rdata: 00000000, rs2_addr: 11, rs2_rdata: 00000001, rd_addr: 10, rd_wdata: ff7fffff, mem_addr: ff7fffff, mem_rdata: 00000000, mem_wdata: ff7fffff
ClkCycle:       7557, pc_rdata: 000e8ade, pc_wdata: 000e8ae2, insn: 3023852e, mode: 3, rs1_addr:  0, rs1_rdata: 00000000, rs2_addr:  0, rs2_rdata: 00000000, rd_addr:  0, rd_wdata: 00000000, mem_addr: 00000000, mem_rdata: 00000000, mem_wdata: 00000000
00000000000e86c6
ClkCycle:       7558, pc_rdata: 000e8ae2, pc_wdata: 000e8ae6, insn: 95930010, mode: 3, rs1_addr:  0, rs1_rdata: 00000000, rs2_addr:  1, rs2_rdata: 000e86c6, rd_addr:  0, rd_wdata: 00000000, mem_addr: 00000000, mem_rdata: 00000000, mem_wdata: 000e86c6
ClkCycle:       7559, pc_rdata: 000e8ae6, pc_wdata: 000e8aea, insn: 95930010, mode: 3, rs1_addr:  0, rs1_rdata: 00000000, rs2_addr:  0, rs2_rdata: 00000000, rd_addr:  0, rd_wdata: 00000000, mem_addr: 00000000, mem_rdata: 00000000, mem_wdata: 00000000
ClkCycle:       7560, pc_rdata: 000e8aea, pc_wdata: 000e8aee, insn: 852efff5, mode: 3, rs1_addr: 11, rs1_rdata: ff7fffff, rs2_addr: 31, rs2_rdata: 00000000, rd_addr: 11, rd_wdata: 80000000, mem_addr: 80000000, mem_rdata: 00000000, mem_wdata: 00000000
ClkCycle:       7561, pc_rdata: 000e8aee, pc_wdata: 000e8af2, insn: 852efff5, mode: 3, rs1_addr:  0, rs1_rdata: 00000000, rs2_addr:  0, rs2_rdata: 00000000, rd_addr:  0, rd_wdata: 00000000, mem_addr: 00000000, mem_rdata: 00000000, mem_wdata: 00000000
ClkCycle:       7562, pc_rdata: 000e8af2, pc_wdata: 000e8af4, insn: 00100593, mode: 3, rs1_addr:  0, rs1_rdata: 00000000, rs2_addr: 11, rs2_rdata: ff7fffff, rd_addr: 10, rd_wdata: 80000000, mem_addr: 80000000, mem_rdata: 00000000, mem_wdata: 80000000
ClkCycle:       7563, pc_rdata: 000e8af4, pc_wdata: 000e8af8, insn: 00100593, mode: 3, rs1_addr:  0, rs1_rdata: 00000000, rs2_addr:  1, rs2_rdata: 000e86c6, rd_addr: 11, rd_wdata: 00000001, mem_addr: 00000001, mem_rdata: 00000000, mem_wdata: 000e86c6
ClkCycle:       7564, pc_rdata: 000e8af8, pc_wdata: 000e8afc, insn: 03959593, mode: 3, rs1_addr: 11, rs1_rdata: 80000000, rs2_addr: 25, rs2_rdata: 00080000, rd_addr: 11, rd_wdata: 02000000, mem_addr: 02000000, mem_rdata: 00000000, mem_wdata: 00080000
ClkCycle:       7565, pc_rdata: 000e8afc, pc_wdata: 000e8b00, insn: fff5c593, mode: 3, rs1_addr: 11, rs1_rdata: 80000000, rs2_addr: 31, rs2_rdata: 00000000, rd_addr: 11, rd_wdata: fdffffff, mem_addr: fdffffff, mem_rdata: 00000000, mem_wdata: 00000000
ClkCycle:       7566, pc_rdata: 000e8b00, pc_wdata: 000e8b02, insn: 3823852e, mode: 3, rs1_addr:  0, rs1_rdata: 00000000, rs2_addr: 11, rs2_rdata: 00000001, rd_addr: 10, rd_wdata: fdffffff, mem_addr: fdffffff, mem_rdata: 00000000, mem_wdata: fdffffff
ClkCycle:       7567, pc_rdata: 000e8b02, pc_wdata: 000e8b06, insn: 3823852e, mode: 3, rs1_addr:  0, rs1_rdata: 00000000, rs2_addr:  0, rs2_rdata: 00000000, rd_addr:  0, rd_wdata: 00000000, mem_addr: 00000000, mem_rdata: 00000000, mem_wdata: 00000000
00000000000e86c6
ClkCycle:       7568, pc_rdata: 000e8b06, pc_wdata: 000e8b0a, insn: 95930010, mode: 3, rs1_addr:  0, rs1_rdata: 00000000, rs2_addr:  1, rs2_rdata: 000e86c6, rd_addr: 16, rd_wdata: 00000010, mem_addr: 00000010, mem_rdata: 00000000, mem_wdata: 000e86c6
ClkCycle:       7569, pc_rdata: 000e8b0a, pc_wdata: 000e8b0e, insn: 95930010, mode: 3, rs1_addr:  0, rs1_rdata: 00000000, rs2_addr:  0, rs2_rdata: 00000000, rd_addr:  0, rd_wdata: 00000000, mem_addr: 00000000, mem_rdata: 00000000, mem_wdata: 00000000
ClkCycle:       7570, pc_rdata: 000e8b0e, pc_wdata: 000e8b12, insn: 852efff5, mode: 3, rs1_addr: 11, rs1_rdata: fdffffff, rs2_addr: 31, rs2_rdata: 00000000, rd_addr: 11, rd_wdata: 80000000, mem_addr: 80000000, mem_rdata: 00000000, mem_wdata: 00000000
ClkCycle:       7571, pc_rdata: 000e8b12, pc_wdata: 000e8b16, insn: 852efff5, mode: 3, rs1_addr:  0, rs1_rdata: 00000000, rs2_addr:  0, rs2_rdata: 00000000, rd_addr:  0, rd_wdata: 00000000, mem_addr: 00000000, mem_rdata: 00000000, mem_wdata: 00000000
ClkCycle:       7572, pc_rdata: 000e8b16, pc_wdata: 000e8b18, insn: 00100593, mode: 3, rs1_addr:  0, rs1_rdata: 00000000, rs2_addr: 11, rs2_rdata: fdffffff, rd_addr: 10, rd_wdata: 80000000, mem_addr: 80000000, mem_rdata: 00000000, mem_wdata: 80000000
ClkCycle:       7573, pc_rdata: 000e8b18, pc_wdata: 000e8b1c, insn: 00100593, mode: 3, rs1_addr:  0, rs1_rdata: 00000000, rs2_addr:  1, rs2_rdata: 000e86c6, rd_addr: 11, rd_wdata: 00000001, mem_addr: 00000001, mem_rdata: 00000000, mem_wdata: 000e86c6
ClkCycle:       7574, pc_rdata: 000e8b1c, pc_wdata: 000e8b20, insn: 03b59593, mode: 3, rs1_addr: 11, rs1_rdata: 80000000, rs2_addr: 27, rs2_rdata: 40000000, rd_addr: 11, rd_wdata: 08000000, mem_addr: 08000000, mem_rdata: 00000000, mem_wdata: 40000000
ClkCycle:       7575, pc_rdata: 000e8b20, pc_wdata: 000e8b24, insn: fff5c593, mode: 3, rs1_addr: 11, rs1_rdata: 80000000, rs2_addr: 31, rs2_rdata: 00000000, rd_addr: 11, rd_wdata: f7ffffff, mem_addr: f7ffffff, mem_rdata: 00000000, mem_wdata: 00000000
ClkCycle:       7576, pc_rdata: 000e8b24, pc_wdata: 000e8b26, insn: 3023852e, mode: 3, rs1_addr:  0, rs1_rdata: 00000000, rs2_addr: 11, rs2_rdata: 00000001, rd_addr: 10, rd_wdata: f7ffffff, mem_addr: f7ffffff, mem_rdata: 00000000, mem_wdata: f7ffffff
ClkCycle:       7577, pc_rdata: 000e8b26, pc_wdata: 000e8b2a, insn: 3023852e, mode: 3, rs1_addr:  0, rs1_rdata: 00000000, rs2_addr:  0, rs2_rdata: 00000000, rd_addr:  0, rd_wdata: 00000000, mem_addr: 00000000, mem_rdata: 00000000, mem_wdata: 00000000
00000000000e86c6
ClkCycle:       7578, pc_rdata: 000e8b2a, pc_wdata: 000e8b2e, insn: 95930010, mode: 3, rs1_addr:  0, rs1_rdata: 00000000, rs2_addr:  1, rs2_rdata: 000e86c6, rd_addr:  0, rd_wdata: 00000000, mem_addr: 00000000, mem_rdata: 00000000, mem_wdata: 000e86c6
ClkCycle:       7579, pc_rdata: 000e8b2e, pc_wdata: 000e8b32, insn: 95930010, mode: 3, rs1_addr:  0, rs1_rdata: 00000000, rs2_addr:  0, rs2_rdata: 00000000, rd_addr:  0, rd_wdata: 00000000, mem_addr: 00000000, mem_rdata: 00000000, mem_wdata: 00000000
ClkCycle:       7580, pc_rdata: 000e8b32, pc_wdata: 000e8b36, insn: 852efff5, mode: 3, rs1_addr: 11, rs1_rdata: f7ffffff, rs2_addr: 31, rs2_rdata: 00000000, rd_addr: 11, rd_wdata: 80000000, mem_addr: 80000000, mem_rdata: 00000000, mem_wdata: 00000000
ClkCycle:       7581, pc_rdata: 000e8b36, pc_wdata: 000e8b3a, insn: 852efff5, mode: 3, rs1_addr:  0, rs1_rdata: 00000000, rs2_addr:  0, rs2_rdata: 00000000, rd_addr:  0, rd_wdata: 00000000, mem_addr: 00000000, mem_rdata: 00000000, mem_wdata: 00000000
ClkCycle:       7582, pc_rdata: 000e8b3a, pc_wdata: 000e8b3c, insn: 02000593, mode: 3, rs1_addr:  0, rs1_rdata: 00000000, rs2_addr: 11, rs2_rdata: f7ffffff, rd_addr: 10, rd_wdata: 80000000, mem_addr: 80000000, mem_rdata: 00000000, mem_wdata: 80000000
ClkCycle:       7583, pc_rdata: 000e8b3c, pc_wdata: 000e8b40, insn: 02000593, mode: 3, rs1_addr:  0, rs1_rdata: 00000000, rs2_addr:  0, rs2_rdata: 00000000, rd_addr: 11, rd_wdata: 00000020, mem_addr: 00000020, mem_rdata: 00000000, mem_wdata: 00000000
ClkCycle:       7584, pc_rdata: 000e8b40, pc_wdata: 000e8b42, insn: 3823852e, mode: 3, rs1_addr:  0, rs1_rdata: 00000000, rs2_addr: 11, rs2_rdata: 80000000, rd_addr: 10, rd_wdata: 00000020, mem_addr: 00000020, mem_rdata: 00000000, mem_wdata: 00000020
ClkCycle:       7585, pc_rdata: 000e8b42, pc_wdata: 000e8b46, insn: 3823852e, mode: 3, rs1_addr:  0, rs1_rdata: 00000000, rs2_addr:  0, rs2_rdata: 00000000, rd_addr:  0, rd_wdata: 00000000, mem_addr: 00000000, mem_rdata: 00000000, mem_wdata: 00000000
0000000000800000
ClkCycle:       7586, pc_rdata: 000e8b46, pc_wdata: 000e8b4a, insn: 34830380, mode: 3, rs1_addr:  0, rs1_rdata: 00000000, rs2_addr: 24, rs2_rdata: 00800000, rd_addr: 16, rd_wdata: 00000030, mem_addr: 00000030, mem_rdata: 00000000, mem_wdata: 00800000
ClkCycle:       7587, pc_rdata: 000e8b4a, pc_wdata: 000e8b4e, insn: 34830380, mode: 3, rs1_addr:  0, rs1_rdata: 00000000, rs2_addr:  0, rs2_rdata: 00000000, rd_addr:  0, rd_wdata: 00000000, mem_addr: 00000000, mem_rdata: 00000000, mem_wdata: 00000000
ClkCycle:       7588, pc_rdata: 000e8b4e, pc_wdata: 000e8b52, insn: 03332001, mode: 3, rs1_addr:  2, rs1_rdata: fbffdf28, rs2_addr:  0, rs2_rdata: 00000000, rd_addr:  9, rd_wdata: 00000000, mem_addr: fbffe128, mem_rdata: 00000000, mem_wdata: 00000000
ClkCycle:       7589, pc_rdata: 000e8b52, pc_wdata: 000e8b56, insn: 03332001, mode: 3, rs1_addr:  0, rs1_rdata: 00000000, rs2_addr:  0, rs2_rdata: 00000000, rd_addr:  0, rd_wdata: 00000000, mem_addr: 00000000, mem_rdata: 00000000, mem_wdata: 00000000
ClkCycle:       7590, pc_rdata: 000e8b56, pc_wdata: 000e8b5a, insn: 03130000, mode: 3, rs1_addr:  0, rs1_rdata: 00000000, rs2_addr:  0, rs2_rdata: 00000000, rd_addr:  6, rd_wdata: 00000000, mem_addr: 00000000, mem_rdata: 00000000, mem_wdata: 00000000
ClkCycle:       7591, pc_rdata: 000e8b5a, pc_wdata: 000e8b5e, insn: 03130000, mode: 3, rs1_addr:  0, rs1_rdata: 00000000, rs2_addr:  0, rs2_rdata: 00000000, rd_addr:  0, rd_wdata: 00000000, mem_addr: 00000000, mem_rdata: 00000000, mem_wdata: 00000000
ClkCycle:       7592, pc_rdata: 000e8b5e, pc_wdata: 000e8b62, insn: 031300b3, mode: 3, rs1_addr:  6, rs1_rdata: ffe00000, rs2_addr: 11, rs2_rdata: 00000020, rd_addr:  6, rd_wdata: 0000000b, mem_addr: 0000000b, mem_rdata: 00000000, mem_wdata: 00000020
ClkCycle:       7593, pc_rdata: 000e8b62, pc_wdata: 000e8b66, insn: 031300b3, mode: 3, rs1_addr:  0, rs1_rdata: 00000000, rs2_addr:  0, rs2_rdata: 00000000, rd_addr:  0, rd_wdata: 00000000, mem_addr: 00000000, mem_rdata: 00000000, mem_wdata: 00000000
ClkCycle:       7594, pc_rdata: 000e8b66, pc_wdata: 000e8b6a, insn: 031300b3, mode: 3, rs1_addr:  6, rs1_rdata: 00000000, rs2_addr: 11, rs2_rdata: 00000020, rd_addr:  6, rd_wdata: 00000016, mem_addr: 00000016, mem_rdata: 00000000, mem_wdata: 00000020
ClkCycle:       7595, pc_rdata: 000e8b6a, pc_wdata: 000e8b6e, insn: 031300b3, mode: 3, rs1_addr:  0, rs1_rdata: 00000000, rs2_addr:  0, rs2_rdata: 00000000, rd_addr:  0, rd_wdata: 00000000, mem_addr: 00000000, mem_rdata: 00000000, mem_wdata: 00000000
ClkCycle:       7596, pc_rdata: 000e8b6e, pc_wdata: 000e8b72, insn: 031300a3, mode: 3, rs1_addr:  6, rs1_rdata: 0000000b, rs2_addr: 10, rs2_rdata: 00000020, rd_addr:  6, rd_wdata: 00000020, mem_addr: 00000020, mem_rdata: 00000000, mem_wdata: 00000020
ClkCycle:       7597, pc_rdata: 000e8b72, pc_wdata: 000e8b76, insn: 031300a3, mode: 3, rs1_addr:  0, rs1_rdata: 00000000, rs2_addr:  0, rs2_rdata: 00000000, rd_addr:  0, rd_wdata: 00000000, mem_addr: 00000000, mem_rdata: 00000000, mem_wdata: 00000000
ClkCycle:       7598, pc_rdata: 000e8b76, pc_wdata: 000e8b7a, insn: 006ffe64, mode: 3, rs1_addr:  8, rs1_rdata: fbffe010, rs2_addr:  6, rs2_rdata: 00000016, rd_addr:  6, rd_wdata: fbffdff6, mem_addr: fbffdff6, mem_rdata: 00000000, mem_wdata: 00000020
ClkCycle:       7599, pc_rdata: 000e8b7a, pc_wdata: 000e8b7e, insn: 006ffe64, mode: 3, rs1_addr:  0, rs1_rdata: 00000000, rs2_addr:  0, rs2_rdata: 00000000, rd_addr:  0, rd_wdata: 00000000, mem_addr: 00000000, mem_rdata: 00000000, mem_wdata: 00000000
ClkCycle:       7600, pc_rdata: 000e8b7e, pc_wdata: 000e8b82, insn: 00000f17, mode: 3, rs1_addr: 14, rs1_rdata: 0000000f, rs2_addr: 17, rs2_rdata: 000000fe, rd_addr:  0, rd_wdata: 000e8b82, mem_addr: 000708ff, mem_rdata: 00000000, mem_wdata: 000000fe
ClkCycle:       7601, pc_rdata: 000e8b82, pc_wdata: 0015946e, insn: 00000f17, mode: 3, rs1_addr:  0, rs1_rdata: 00000000, rs2_addr:  0, rs2_rdata: 00000000, rd_addr:  0, rd_wdata: 00000000, mem_addr: 00000000, mem_rdata: 00000000, mem_wdata: 00000000
