ClkCycle:          5, pc_rdata: 00000000, pc_wdata: 00000004, insn: 7d5c0837, mode: 3, rs1_addr: 24, rs1_rdata: 00000000, rs2_addr: 21, rs2_rdata: 00000000, rd_addr: 16, rd_wdata: 7d5c0000, mem_addr: 7d5c0000, mem_rdata: 00000000, mem_wdata: 00000000
ClkCycle:          6, pc_rdata: 00000004, pc_wdata: 00000008, insn: ddb80813, mode: 3, rs1_addr: 16, rs1_rdata: 00000000, rs2_addr: 27, rs2_rdata: 00000000, rd_addr: 16, rd_wdata: 7d5bfddb, mem_addr: 7d5bfddb, mem_rdata: 00000000, mem_wdata: 00000000
ClkCycle:          7, pc_rdata: 00000008, pc_wdata: 0000000c, insn: 00b81813, mode: 3, rs1_addr: 16, rs1_rdata: 00000000, rs2_addr: 11, rs2_rdata: 00000000, rd_addr: 16, rd_wdata: dfeed800, mem_addr: dfeed800, mem_rdata: 00000000, mem_wdata: 00000000
ClkCycle:          8, pc_rdata: 0000000c, pc_wdata: 00000010, insn: 3ea80813, mode: 3, rs1_addr: 16, rs1_rdata: 7d5c0000, rs2_addr: 10, rs2_rdata: 00000000, rd_addr: 16, rd_wdata: dfeedbea, mem_addr: dfeedbea, mem_rdata: 00000000, mem_wdata: 00000000
ClkCycle:          9, pc_rdata: 00000010, pc_wdata: 00000014, insn: 00b81813, mode: 3, rs1_addr: 16, rs1_rdata: 7d5bfddb, rs2_addr: 11, rs2_rdata: 00000000, rd_addr: 16, rd_wdata: 76df5000, mem_addr: 76df5000, mem_rdata: 00000000, mem_wdata: 00000000
ClkCycle:         10, pc_rdata: 00000014, pc_wdata: 00000018, insn: 6ff80813, mode: 3, rs1_addr: 16, rs1_rdata: dfeed800, rs2_addr: 31, rs2_rdata: 00000000, rd_addr: 16, rd_wdata: 76df56ff, mem_addr: 76df56ff, mem_rdata: 00000000, mem_wdata: 00000000
ClkCycle:         11, pc_rdata: 00000018, pc_wdata: 0000001c, insn: 00a81813, mode: 3, rs1_addr: 16, rs1_rdata: dfeedbea, rs2_addr: 10, rs2_rdata: 00000000, rd_addr: 16, rd_wdata: 7d5bfc00, mem_addr: 7d5bfc00, mem_rdata: 00000000, mem_wdata: 00000000
ClkCycle:         12, pc_rdata: 0000001c, pc_wdata: 00000020, insn: 1db80813, mode: 3, rs1_addr: 16, rs1_rdata: 76df5000, rs2_addr: 27, rs2_rdata: 00000000, rd_addr: 16, rd_wdata: 7d5bfddb, mem_addr: 7d5bfddb, mem_rdata: 00000000, mem_wdata: 00000000
ClkCycle:         13, pc_rdata: 00000020, pc_wdata: 00000024, insn: 00785893, mode: 3, rs1_addr: 16, rs1_rdata: 76df56ff, rs2_addr:  7, rs2_rdata: 00000000, rd_addr: 17, rd_wdata: b6fab7fb, mem_addr: b6fab7fb, mem_rdata: 00000000, mem_wdata: 00000000
ClkCycle:         14, pc_rdata: 00000024, pc_wdata: 00000028, insn: 03985793, mode: 3, rs1_addr: 16, rs1_rdata: 7d5bfc00, rs2_addr: 25, rs2_rdata: 00000000, rd_addr: 15, rd_wdata: adfeedbe, mem_addr: adfeedbe, mem_rdata: 00000000, mem_wdata: 00000000
ClkCycle:         15, pc_rdata: 00000028, pc_wdata: 0000002c, insn: 00f8e8b3, mode: 3, rs1_addr: 17, rs1_rdata: 00000000, rs2_addr: 15, rs2_rdata: 00000000, rd_addr: 17, rd_wdata: bffeffff, mem_addr: bffeffff, mem_rdata: 00000000, mem_wdata: adfeedbe
ClkCycle:         16, pc_rdata: 0000002c, pc_wdata: 00000030, insn: 0078d913, mode: 3, rs1_addr: 17, rs1_rdata: b6fab7fb, rs2_addr:  7, rs2_rdata: 00000000, rd_addr: 18, rd_wdata: ff7ffdff, mem_addr: ff7ffdff, mem_rdata: 00000000, mem_wdata: 00000000
ClkCycle:         17, pc_rdata: 00000030, pc_wdata: 00000034, insn: 0398d793, mode: 3, rs1_addr: 17, rs1_rdata: b6fab7fb, rs2_addr: 25, rs2_rdata: 00000000, rd_addr: 15, rd_wdata: 7d5bffdf, mem_addr: 7d5bffdf, mem_rdata: 00000000, mem_wdata: 00000000
ClkCycle:         18, pc_rdata: 00000034, pc_wdata: 00000038, insn: 00f96933, mode: 3, rs1_addr: 18, rs1_rdata: 00000000, rs2_addr: 15, rs2_rdata: adfeedbe, rd_addr: 18, rd_wdata: ff7fffff, mem_addr: ff7fffff, mem_rdata: 00000000, mem_wdata: 7d5bffdf
ClkCycle:         19, pc_rdata: 00000038, pc_wdata: 0000003c, insn: 00795993, mode: 3, rs1_addr: 18, rs1_rdata: ff7ffdff, rs2_addr:  7, rs2_rdata: 00000000, rd_addr: 19, rd_wdata: dffeffff, mem_addr: dffeffff, mem_rdata: 00000000, mem_wdata: 00000000
ClkCycle:         20, pc_rdata: 0000003c, pc_wdata: 00000040, insn: 03995793, mode: 3, rs1_addr: 18, rs1_rdata: ff7ffdff, rs2_addr: 25, rs2_rdata: 00000000, rd_addr: 15, rd_wdata: 00fab7ff, mem_addr: 00fab7ff, mem_rdata: 00000000, mem_wdata: 00000000
ClkCycle:         21, pc_rdata: 00000040, pc_wdata: 00000044, insn: 00f9e9b3, mode: 3, rs1_addr: 19, rs1_rdata: 00000000, rs2_addr: 15, rs2_rdata: 7d5bffdf, rd_addr: 19, rd_wdata: dffeffff, mem_addr: dffeffff, mem_rdata: 00000000, mem_wdata: 00fab7ff
ClkCycle:         22, pc_rdata: 00000044, pc_wdata: 00000048, insn: 0079da13, mode: 3, rs1_addr: 19, rs1_rdata: dffeffff, rs2_addr:  7, rs2_rdata: 00000000, rd_addr: 20, rd_wdata: d5bffdff, mem_addr: d5bffdff, mem_rdata: 00000000, mem_wdata: 00000000
ClkCycle:         23, pc_rdata: 00000048, pc_wdata: 0000004c, insn: 0399d793, mode: 3, rs1_addr: 19, rs1_rdata: dffeffff, rs2_addr: 25, rs2_rdata: 00000000, rd_addr: 15, rd_wdata: 0001f56f, mem_addr: 0001f56f, mem_rdata: 00000000, mem_wdata: 00000000
ClkCycle:         24, pc_rdata: 0000004c, pc_wdata: 00000050, insn: 00fa6a33, mode: 3, rs1_addr: 20, rs1_rdata: 00000000, rs2_addr: 15, rs2_rdata: 00fab7ff, rd_addr: 20, rd_wdata: d5bffdff, mem_addr: d5bffdff, mem_rdata: 00000000, mem_wdata: 0001f56f
ClkCycle:         25, pc_rdata: 00000050, pc_wdata: 00000054, insn: 007a5a93, mode: 3, rs1_addr: 20, rs1_rdata: d5bffdff, rs2_addr:  7, rs2_rdata: 00000000, rd_addr: 21, rd_wdata: 0fab7ffb, mem_addr: 0fab7ffb, mem_rdata: 00000000, mem_wdata: 00000000
ClkCycle:         26, pc_rdata: 00000054, pc_wdata: 00000058, insn: 039a5793, mode: 3, rs1_addr: 20, rs1_rdata: d5bffdff, rs2_addr: 25, rs2_rdata: 00000000, rd_addr: 15, rd_wdata: 000003ea, mem_addr: 000003ea, mem_rdata: 00000000, mem_wdata: 00000000
ClkCycle:         27, pc_rdata: 00000058, pc_wdata: 0000005c, insn: 00faeab3, mode: 3, rs1_addr: 21, rs1_rdata: 00000000, rs2_addr: 15, rs2_rdata: 0001f56f, rd_addr: 21, rd_wdata: 0fab7ffb, mem_addr: 0fab7ffb, mem_rdata: 00000000, mem_wdata: 000003ea
ClkCycle:         28, pc_rdata: 0000005c, pc_wdata: 00000060, insn: 007adb13, mode: 3, rs1_addr: 21, rs1_rdata: 0fab7ffb, rs2_addr:  7, rs2_rdata: 00000000, rd_addr: 22, rd_wdata: 001f56ff, mem_addr: 001f56ff, mem_rdata: 00000000, mem_wdata: 00000000
ClkCycle:         29, pc_rdata: 00000060, pc_wdata: 00000064, insn: 039ad793, mode: 3, rs1_addr: 21, rs1_rdata: 0fab7ffb, rs2_addr: 25, rs2_rdata: 00000000, rd_addr: 15, rd_wdata: 00000007, mem_addr: 00000007, mem_rdata: 00000000, mem_wdata: 00000000
ClkCycle:         30, pc_rdata: 00000064, pc_wdata: 00000068, insn: 00fb6b33, mode: 3, rs1_addr: 22, rs1_rdata: 00000000, rs2_addr: 15, rs2_rdata: 000003ea, rd_addr: 22, rd_wdata: 001f56ff, mem_addr: 001f56ff, mem_rdata: 00000000, mem_wdata: 00000007
ClkCycle:         31, pc_rdata: 00000068, pc_wdata: 0000006c, insn: 007b5b93, mode: 3, rs1_addr: 22, rs1_rdata: 001f56ff, rs2_addr:  7, rs2_rdata: 00000000, rd_addr: 23, rd_wdata: 00003ead, mem_addr: 00003ead, mem_rdata: 00000000, mem_wdata: 00000000
ClkCycle:         32, pc_rdata: 0000006c, pc_wdata: 00000070, insn: 039b5793, mode: 3, rs1_addr: 22, rs1_rdata: 001f56ff, rs2_addr: 25, rs2_rdata: 00000000, rd_addr: 15, rd_wdata: 00000000, mem_addr: 00000000, mem_rdata: 00000000, mem_wdata: 00000000
ClkCycle:         33, pc_rdata: 00000070, pc_wdata: 00000074, insn: 00fbebb3, mode: 3, rs1_addr: 23, rs1_rdata: 00000000, rs2_addr: 15, rs2_rdata: 00000007, rd_addr: 23, rd_wdata: 00003ead, mem_addr: 00003ead, mem_rdata: 00000000, mem_wdata: 00000000
ClkCycle:         34, pc_rdata: 00000074, pc_wdata: 00000078, insn: 007bdc13, mode: 3, rs1_addr: 23, rs1_rdata: 00003ead, rs2_addr:  7, rs2_rdata: 00000000, rd_addr: 24, rd_wdata: 0000007d, mem_addr: 0000007d, mem_rdata: 00000000, mem_wdata: 00000000
ClkCycle:         35, pc_rdata: 00000078, pc_wdata: 0000007c, insn: 039bd793, mode: 3, rs1_addr: 23, rs1_rdata: 00003ead, rs2_addr: 25, rs2_rdata: 00000000, rd_addr: 15, rd_wdata: 00000000, mem_addr: 00000000, mem_rdata: 00000000, mem_wdata: 00000000
ClkCycle:         36, pc_rdata: 0000007c, pc_wdata: 00000080, insn: 00fc6c33, mode: 3, rs1_addr: 24, rs1_rdata: 00000000, rs2_addr: 15, rs2_rdata: 00000000, rd_addr: 24, rd_wdata: 0000007d, mem_addr: 0000007d, mem_rdata: 00000000, mem_wdata: 00000000
ClkCycle:         37, pc_rdata: 00000080, pc_wdata: 00000084, insn: 007c5c93, mode: 3, rs1_addr: 24, rs1_rdata: 0000007d, rs2_addr:  7, rs2_rdata: 00000000, rd_addr: 25, rd_wdata: 00000000, mem_addr: 00000000, mem_rdata: 00000000, mem_wdata: 00000000
ClkCycle:         38, pc_rdata: 00000084, pc_wdata: 00000088, insn: 039c5793, mode: 3, rs1_addr: 24, rs1_rdata: 0000007d, rs2_addr: 25, rs2_rdata: 00000000, rd_addr: 15, rd_wdata: 00000000, mem_addr: 00000000, mem_rdata: 00000000, mem_wdata: 00000000
ClkCycle:         39, pc_rdata: 00000088, pc_wdata: 0000008c, insn: 00fcecb3, mode: 3, rs1_addr: 25, rs1_rdata: 00000000, rs2_addr: 15, rs2_rdata: 00000000, rd_addr: 25, rd_wdata: 00000000, mem_addr: 00000000, mem_rdata: 00000000, mem_wdata: 00000000
ClkCycle:         40, pc_rdata: 0000008c, pc_wdata: 00000090, insn: 007cdd13, mode: 3, rs1_addr: 25, rs1_rdata: 00000000, rs2_addr:  7, rs2_rdata: 00000000, rd_addr: 26, rd_wdata: 00000000, mem_addr: 00000000, mem_rdata: 00000000, mem_wdata: 00000000
ClkCycle:         41, pc_rdata: 00000090, pc_wdata: 00000094, insn: 039cd793, mode: 3, rs1_addr: 25, rs1_rdata: 00000000, rs2_addr: 25, rs2_rdata: 00000000, rd_addr: 15, rd_wdata: 00000000, mem_addr: 00000000, mem_rdata: 00000000, mem_wdata: 00000000
ClkCycle:         42, pc_rdata: 00000094, pc_wdata: 00000098, insn: 00fd6d33, mode: 3, rs1_addr: 26, rs1_rdata: 00000000, rs2_addr: 15, rs2_rdata: 00000000, rd_addr: 26, rd_wdata: 00000000, mem_addr: 00000000, mem_rdata: 00000000, mem_wdata: 00000000
ClkCycle:         43, pc_rdata: 00000098, pc_wdata: 0000009c, insn: 007d5d93, mode: 3, rs1_addr: 26, rs1_rdata: 00000000, rs2_addr:  7, rs2_rdata: 00000000, rd_addr: 27, rd_wdata: 00000000, mem_addr: 00000000, mem_rdata: 00000000, mem_wdata: 00000000
ClkCycle:         44, pc_rdata: 0000009c, pc_wdata: 000000a0, insn: 039d5793, mode: 3, rs1_addr: 26, rs1_rdata: 00000000, rs2_addr: 25, rs2_rdata: 00000000, rd_addr: 15, rd_wdata: 00000000, mem_addr: 00000000, mem_rdata: 00000000, mem_wdata: 00000000
ClkCycle:         45, pc_rdata: 000000a0, pc_wdata: 000000a4, insn: 00fdedb3, mode: 3, rs1_addr: 27, rs1_rdata: 00000000, rs2_addr: 15, rs2_rdata: 00000000, rd_addr: 27, rd_wdata: 00000000, mem_addr: 00000000, mem_rdata: 00000000, mem_wdata: 00000000
ClkCycle:         46, pc_rdata: 000000a4, pc_wdata: 000000a8, insn: 007dde13, mode: 3, rs1_addr: 27, rs1_rdata: 00000000, rs2_addr:  7, rs2_rdata: 00000000, rd_addr: 28, rd_wdata: 00000000, mem_addr: 00000000, mem_rdata: 00000000, mem_wdata: 00000000
ClkCycle:         47, pc_rdata: 000000a8, pc_wdata: 000000ac, insn: 039dd793, mode: 3, rs1_addr: 27, rs1_rdata: 00000000, rs2_addr: 25, rs2_rdata: 00000000, rd_addr: 15, rd_wdata: 00000000, mem_addr: 00000000, mem_rdata: 00000000, mem_wdata: 00000000
ClkCycle:         48, pc_rdata: 000000ac, pc_wdata: 000000b0, insn: 00fe6e33, mode: 3, rs1_addr: 28, rs1_rdata: 00000000, rs2_addr: 15, rs2_rdata: 00000000, rd_addr: 28, rd_wdata: 00000000, mem_addr: 00000000, mem_rdata: 00000000, mem_wdata: 00000000
ClkCycle:         49, pc_rdata: 000000b0, pc_wdata: 000000b4, insn: 007e5e93, mode: 3, rs1_addr: 28, rs1_rdata: 00000000, rs2_addr:  7, rs2_rdata: 00000000, rd_addr: 29, rd_wdata: 00000000, mem_addr: 00000000, mem_rdata: 00000000, mem_wdata: 00000000
ClkCycle:         50, pc_rdata: 000000b4, pc_wdata: 000000b8, insn: 039e5793, mode: 3, rs1_addr: 28, rs1_rdata: 00000000, rs2_addr: 25, rs2_rdata: 00000000, rd_addr: 15, rd_wdata: 00000000, mem_addr: 00000000, mem_rdata: 00000000, mem_wdata: 00000000
ClkCycle:         51, pc_rdata: 000000b8, pc_wdata: 000000bc, insn: 00feeeb3, mode: 3, rs1_addr: 29, rs1_rdata: 00000000, rs2_addr: 15, rs2_rdata: 00000000, rd_addr: 29, rd_wdata: 00000000, mem_addr: 00000000, mem_rdata: 00000000, mem_wdata: 00000000
ClkCycle:         52, pc_rdata: 000000bc, pc_wdata: 000000c0, insn: 007edf13, mode: 3, rs1_addr: 29, rs1_rdata: 00000000, rs2_addr:  7, rs2_rdata: 00000000, rd_addr: 30, rd_wdata: 00000000, mem_addr: 00000000, mem_rdata: 00000000, mem_wdata: 00000000
ClkCycle:         53, pc_rdata: 000000c0, pc_wdata: 000000c4, insn: 039ed793, mode: 3, rs1_addr: 29, rs1_rdata: 00000000, rs2_addr: 25, rs2_rdata: 00000000, rd_addr: 15, rd_wdata: 00000000, mem_addr: 00000000, mem_rdata: 00000000, mem_wdata: 00000000
ClkCycle:         54, pc_rdata: 000000c4, pc_wdata: 000000c8, insn: 00ff6f33, mode: 3, rs1_addr: 30, rs1_rdata: 00000000, rs2_addr: 15, rs2_rdata: 00000000, rd_addr: 30, rd_wdata: 00000000, mem_addr: 00000000, mem_rdata: 00000000, mem_wdata: 00000000
ClkCycle:         55, pc_rdata: 000000c8, pc_wdata: 000000cc, insn: feedc0b7, mode: 3, rs1_addr: 27, rs1_rdata: 00000000, rs2_addr: 14, rs2_rdata: 00000000, rd_addr:  1, rd_wdata: feedc000, mem_addr: feedc000, mem_rdata: 00000000, mem_wdata: 00000000
ClkCycle:         56, pc_rdata: 000000cc, pc_wdata: 000000d0, insn: ead08093, mode: 3, rs1_addr:  1, rs1_rdata: 00000000, rs2_addr: 13, rs2_rdata: 00000000, rd_addr:  1, rd_wdata: feedbead, mem_addr: feedbead, mem_rdata: 00000000, mem_wdata: 00000000
ClkCycle:         57, pc_rdata: 000000d0, pc_wdata: 000000d4, insn: 00b09093, mode: 3, rs1_addr:  1, rs1_rdata: 00000000, rs2_addr: 11, rs2_rdata: 00000000, rd_addr:  1, rd_wdata: 6df56800, mem_addr: 6df56800, mem_rdata: 00000000, mem_wdata: 00000000
ClkCycle:         58, pc_rdata: 000000d4, pc_wdata: 000000d8, insn: 7f708093, mode: 3, rs1_addr:  1, rs1_rdata: feedc000, rs2_addr: 23, rs2_rdata: 00003ead, rd_addr:  1, rd_wdata: 6df56ff7, mem_addr: 6df56ff7, mem_rdata: 00000000, mem_wdata: 00003ead
ClkCycle:         59, pc_rdata: 000000d8, pc_wdata: 000000dc, insn: 00b09093, mode: 3, rs1_addr:  1, rs1_rdata: feedbead, rs2_addr: 11, rs2_rdata: 00000000, rd_addr:  1, rd_wdata: ab7fb800, mem_addr: ab7fb800, mem_rdata: 00000000, mem_wdata: 00000000
ClkCycle:         60, pc_rdata: 000000dc, pc_wdata: 000000e0, insn: 36f08093, mode: 3, rs1_addr:  1, rs1_rdata: 6df56800, rs2_addr: 15, rs2_rdata: 00000000, rd_addr:  1, rd_wdata: ab7fbb6f, mem_addr: ab7fbb6f, mem_rdata: 00000000, mem_wdata: 00000000
ClkCycle:         61, pc_rdata: 000000e0, pc_wdata: 000000e4, insn: 00a09093, mode: 3, rs1_addr:  1, rs1_rdata: 6df56ff7, rs2_addr: 10, rs2_rdata: 00000000, rd_addr:  1, rd_wdata: feedbc00, mem_addr: feedbc00, mem_rdata: 00000000, mem_wdata: 00000000
ClkCycle:         62, pc_rdata: 000000e4, pc_wdata: 000000e8, insn: 2ad08093, mode: 3, rs1_addr:  1, rs1_rdata: ab7fb800, rs2_addr: 13, rs2_rdata: 00000000, rd_addr:  1, rd_wdata: feedbead, mem_addr: feedbead, mem_rdata: 00000000, mem_wdata: 00000000
ClkCycle:         63, pc_rdata: 000000e8, pc_wdata: 000000ec, insn: 0070d113, mode: 3, rs1_addr:  1, rs1_rdata: ab7fbb6f, rs2_addr:  7, rs2_rdata: 00000000, rd_addr:  2, rd_wdata: 5bfddb7d, mem_addr: 5bfddb7d, mem_rdata: 00000000, mem_wdata: 00000000
ClkCycle:         64, pc_rdata: 000000ec, pc_wdata: 000000f0, insn: 0390d793, mode: 3, rs1_addr:  1, rs1_rdata: feedbc00, rs2_addr: 25, rs2_rdata: 00000000, rd_addr: 15, rd_wdata: 76df56ff, mem_addr: 76df56ff, mem_rdata: 00000000, mem_wdata: 00000000
ClkCycle:         65, pc_rdata: 000000f0, pc_wdata: 000000f4, insn: 00f16133, mode: 3, rs1_addr:  2, rs1_rdata: 00000000, rs2_addr: 15, rs2_rdata: 00000000, rd_addr:  2, rd_wdata: 7fffdfff, mem_addr: 7fffdfff, mem_rdata: 00000000, mem_wdata: 76df56ff
ClkCycle:         66, pc_rdata: 000000f4, pc_wdata: 000000f8, insn: 00715193, mode: 3, rs1_addr:  2, rs1_rdata: 5bfddb7d, rs2_addr:  7, rs2_rdata: 00000000, rd_addr:  3, rd_wdata: feffffbf, mem_addr: feffffbf, mem_rdata: 00000000, mem_wdata: 00000000
ClkCycle:         67, pc_rdata: 000000f8, pc_wdata: 000000fc, insn: 03915793, mode: 3, rs1_addr:  2, rs1_rdata: 5bfddb7d, rs2_addr: 25, rs2_rdata: 00000000, rd_addr: 15, rd_wdata: feedbfbf, mem_addr: feedbfbf, mem_rdata: 00000000, mem_wdata: 00000000
ClkCycle:         68, pc_rdata: 000000fc, pc_wdata: 00000100, insn: 00f1e1b3, mode: 3, rs1_addr:  3, rs1_rdata: 00000000, rs2_addr: 15, rs2_rdata: 76df56ff, rd_addr:  3, rd_wdata: feffffbf, mem_addr: feffffbf, mem_rdata: 00000000, mem_wdata: feedbfbf
ClkCycle:         69, pc_rdata: 00000100, pc_wdata: 00000104, insn: 0071d213, mode: 3, rs1_addr:  3, rs1_rdata: feffffbf, rs2_addr:  7, rs2_rdata: 00000000, rd_addr:  4, rd_wdata: 6dfdffff, mem_addr: 6dfdffff, mem_rdata: 00000000, mem_wdata: 00000000
ClkCycle:         70, pc_rdata: 00000104, pc_wdata: 00000108, insn: 0391d793, mode: 3, rs1_addr:  3, rs1_rdata: feffffbf, rs2_addr: 25, rs2_rdata: 00000000, rd_addr: 15, rd_wdata: 01fddb7f, mem_addr: 01fddb7f, mem_rdata: 00000000, mem_wdata: 00000000
ClkCycle:         71, pc_rdata: 00000108, pc_wdata: 0000010c, insn: 00f26233, mode: 3, rs1_addr:  4, rs1_rdata: 00000000, rs2_addr: 15, rs2_rdata: feedbfbf, rd_addr:  4, rd_wdata: 6dfdffff, mem_addr: 6dfdffff, mem_rdata: 00000000, mem_wdata: 01fddb7f
ClkCycle:         72, pc_rdata: 0000010c, pc_wdata: 00000110, insn: 00725293, mode: 3, rs1_addr:  4, rs1_rdata: 6dfdffff, rs2_addr:  7, rs2_rdata: 00000000, rd_addr:  5, rd_wdata: eedbfbff, mem_addr: eedbfbff, mem_rdata: 00000000, mem_wdata: 00000000
ClkCycle:         73, pc_rdata: 00000110, pc_wdata: 00000114, insn: 03925793, mode: 3, rs1_addr:  4, rs1_rdata: 6dfdffff, rs2_addr: 25, rs2_rdata: 00000000, rd_addr: 15, rd_wdata: 0003fbb6, mem_addr: 0003fbb6, mem_rdata: 00000000, mem_wdata: 00000000
ClkCycle:         74, pc_rdata: 00000114, pc_wdata: 00000118, insn: 00f2e2b3, mode: 3, rs1_addr:  5, rs1_rdata: 00000000, rs2_addr: 15, rs2_rdata: 01fddb7f, rd_addr:  5, rd_wdata: eedbfbff, mem_addr: eedbfbff, mem_rdata: 00000000, mem_wdata: 0003fbb6
ClkCycle:         75, pc_rdata: 00000118, pc_wdata: 0000011c, insn: 0072d313, mode: 3, rs1_addr:  5, rs1_rdata: eedbfbff, rs2_addr:  7, rs2_rdata: 00000000, rd_addr:  6, rd_wdata: 1fddb7f7, mem_addr: 1fddb7f7, mem_rdata: 00000000, mem_wdata: 00000000
ClkCycle:         76, pc_rdata: 0000011c, pc_wdata: 00000120, insn: 0392d793, mode: 3, rs1_addr:  5, rs1_rdata: eedbfbff, rs2_addr: 25, rs2_rdata: 00000000, rd_addr: 15, rd_wdata: 000007f7, mem_addr: 000007f7, mem_rdata: 00000000, mem_wdata: 00000000
ClkCycle:         77, pc_rdata: 00000120, pc_wdata: 00000124, insn: 00f36333, mode: 3, rs1_addr:  6, rs1_rdata: 00000000, rs2_addr: 15, rs2_rdata: 0003fbb6, rd_addr:  6, rd_wdata: 1fddb7f7, mem_addr: 1fddb7f7, mem_rdata: 00000000, mem_wdata: 000007f7
ClkCycle:         78, pc_rdata: 00000124, pc_wdata: 00000128, insn: 00735393, mode: 3, rs1_addr:  6, rs1_rdata: 1fddb7f7, rs2_addr:  7, rs2_rdata: 00000000, rd_addr:  7, rd_wdata: 003fbb6f, mem_addr: 003fbb6f, mem_rdata: 00000000, mem_wdata: 00000000
ClkCycle:         79, pc_rdata: 00000128, pc_wdata: 0000012c, insn: 03935793, mode: 3, rs1_addr:  6, rs1_rdata: 1fddb7f7, rs2_addr: 25, rs2_rdata: 00000000, rd_addr: 15, rd_wdata: 0000000f, mem_addr: 0000000f, mem_rdata: 00000000, mem_wdata: 00000000
ClkCycle:         80, pc_rdata: 0000012c, pc_wdata: 00000130, insn: 00f3e3b3, mode: 3, rs1_addr:  7, rs1_rdata: 00000000, rs2_addr: 15, rs2_rdata: 000007f7, rd_addr:  7, rd_wdata: 003fbb6f, mem_addr: 003fbb6f, mem_rdata: 00000000, mem_wdata: 0000000f
ClkCycle:         81, pc_rdata: 00000130, pc_wdata: 00000134, insn: 0073d413, mode: 3, rs1_addr:  7, rs1_rdata: 003fbb6f, rs2_addr:  7, rs2_rdata: 003fbb6f, rd_addr:  8, rd_wdata: 00007f76, mem_addr: 00007f76, mem_rdata: 00000000, mem_wdata: 003fbb6f
ClkCycle:         82, pc_rdata: 00000134, pc_wdata: 00000138, insn: 0393d793, mode: 3, rs1_addr:  7, rs1_rdata: 003fbb6f, rs2_addr: 25, rs2_rdata: 00000000, rd_addr: 15, rd_wdata: 00000000, mem_addr: 00000000, mem_rdata: 00000000, mem_wdata: 00000000
ClkCycle:         83, pc_rdata: 00000138, pc_wdata: 0000013c, insn: 00f46433, mode: 3, rs1_addr:  8, rs1_rdata: 00000000, rs2_addr: 15, rs2_rdata: 0000000f, rd_addr:  8, rd_wdata: 00007f76, mem_addr: 00007f76, mem_rdata: 00000000, mem_wdata: 00000000
ClkCycle:         84, pc_rdata: 0000013c, pc_wdata: 00000140, insn: 00745493, mode: 3, rs1_addr:  8, rs1_rdata: 00007f76, rs2_addr:  7, rs2_rdata: 003fbb6f, rd_addr:  9, rd_wdata: 000000fe, mem_addr: 000000fe, mem_rdata: 00000000, mem_wdata: 003fbb6f
ClkCycle:         85, pc_rdata: 00000140, pc_wdata: 00000144, insn: 03945793, mode: 3, rs1_addr:  8, rs1_rdata: 00007f76, rs2_addr: 25, rs2_rdata: 00000000, rd_addr: 15, rd_wdata: 00000000, mem_addr: 00000000, mem_rdata: 00000000, mem_wdata: 00000000
ClkCycle:         86, pc_rdata: 00000144, pc_wdata: 00000148, insn: 00f4e4b3, mode: 3, rs1_addr:  9, rs1_rdata: 00000000, rs2_addr: 15, rs2_rdata: 00000000, rd_addr:  9, rd_wdata: 000000fe, mem_addr: 000000fe, mem_rdata: 00000000, mem_wdata: 00000000
ClkCycle:         87, pc_rdata: 00000148, pc_wdata: 0000014c, insn: 0074d513, mode: 3, rs1_addr:  9, rs1_rdata: 000000fe, rs2_addr:  7, rs2_rdata: 003fbb6f, rd_addr: 10, rd_wdata: 00000001, mem_addr: 00000001, mem_rdata: 00000000, mem_wdata: 003fbb6f
ClkCycle:         88, pc_rdata: 0000014c, pc_wdata: 00000150, insn: 0394d793, mode: 3, rs1_addr:  9, rs1_rdata: 000000fe, rs2_addr: 25, rs2_rdata: 00000000, rd_addr: 15, rd_wdata: 00000000, mem_addr: 00000000, mem_rdata: 00000000, mem_wdata: 00000000
ClkCycle:         89, pc_rdata: 00000150, pc_wdata: 00000154, insn: 00f56533, mode: 3, rs1_addr: 10, rs1_rdata: 00000000, rs2_addr: 15, rs2_rdata: 00000000, rd_addr: 10, rd_wdata: 00000001, mem_addr: 00000001, mem_rdata: 00000000, mem_wdata: 00000000
ClkCycle:         90, pc_rdata: 00000154, pc_wdata: 00000158, insn: 00755593, mode: 3, rs1_addr: 10, rs1_rdata: 00000001, rs2_addr:  7, rs2_rdata: 003fbb6f, rd_addr: 11, rd_wdata: 00000000, mem_addr: 00000000, mem_rdata: 00000000, mem_wdata: 003fbb6f
ClkCycle:         91, pc_rdata: 00000158, pc_wdata: 0000015c, insn: 03955793, mode: 3, rs1_addr: 10, rs1_rdata: 00000001, rs2_addr: 25, rs2_rdata: 00000000, rd_addr: 15, rd_wdata: 00000000, mem_addr: 00000000, mem_rdata: 00000000, mem_wdata: 00000000
ClkCycle:         92, pc_rdata: 0000015c, pc_wdata: 00000160, insn: 00f5e5b3, mode: 3, rs1_addr: 11, rs1_rdata: 00000000, rs2_addr: 15, rs2_rdata: 00000000, rd_addr: 11, rd_wdata: 00000000, mem_addr: 00000000, mem_rdata: 00000000, mem_wdata: 00000000
ClkCycle:         93, pc_rdata: 00000160, pc_wdata: 00000164, insn: 0075d613, mode: 3, rs1_addr: 11, rs1_rdata: 00000000, rs2_addr:  7, rs2_rdata: 003fbb6f, rd_addr: 12, rd_wdata: 00000000, mem_addr: 00000000, mem_rdata: 00000000, mem_wdata: 003fbb6f
ClkCycle:         94, pc_rdata: 00000164, pc_wdata: 00000168, insn: 0395d793, mode: 3, rs1_addr: 11, rs1_rdata: 00000000, rs2_addr: 25, rs2_rdata: 00000000, rd_addr: 15, rd_wdata: 00000000, mem_addr: 00000000, mem_rdata: 00000000, mem_wdata: 00000000
ClkCycle:         95, pc_rdata: 00000168, pc_wdata: 0000016c, insn: 00f66633, mode: 3, rs1_addr: 12, rs1_rdata: 00000000, rs2_addr: 15, rs2_rdata: 00000000, rd_addr: 12, rd_wdata: 00000000, mem_addr: 00000000, mem_rdata: 00000000, mem_wdata: 00000000
ClkCycle:         96, pc_rdata: 0000016c, pc_wdata: 00000170, insn: 00765693, mode: 3, rs1_addr: 12, rs1_rdata: 00000000, rs2_addr:  7, rs2_rdata: 003fbb6f, rd_addr: 13, rd_wdata: 00000000, mem_addr: 00000000, mem_rdata: 00000000, mem_wdata: 003fbb6f
ClkCycle:         97, pc_rdata: 00000170, pc_wdata: 00000174, insn: 03965793, mode: 3, rs1_addr: 12, rs1_rdata: 00000000, rs2_addr: 25, rs2_rdata: 00000000, rd_addr: 15, rd_wdata: 00000000, mem_addr: 00000000, mem_rdata: 00000000, mem_wdata: 00000000
ClkCycle:         98, pc_rdata: 00000174, pc_wdata: 00000178, insn: 00f6e6b3, mode: 3, rs1_addr: 13, rs1_rdata: 00000000, rs2_addr: 15, rs2_rdata: 00000000, rd_addr: 13, rd_wdata: 00000000, mem_addr: 00000000, mem_rdata: 00000000, mem_wdata: 00000000
ClkCycle:         99, pc_rdata: 00000178, pc_wdata: 0000017c, insn: 00000013, mode: 3, rs1_addr:  0, rs1_rdata: 00000000, rs2_addr:  0, rs2_rdata: 00000000, rd_addr:  0, rd_wdata: 00000000, mem_addr: 00000000, mem_rdata: 00000000, mem_wdata: 00000000
ClkCycle:        100, pc_rdata: 0000017c, pc_wdata: 00000180, insn: 00000013, mode: 3, rs1_addr:  0, rs1_rdata: 00000000, rs2_addr:  0, rs2_rdata: 00000000, rd_addr:  0, rd_wdata: 00000000, mem_addr: 00000000, mem_rdata: 00000000, mem_wdata: 00000000
ClkCycle:        101, pc_rdata: 00000180, pc_wdata: 00000184, insn: 00003417, mode: 3, rs1_addr:  0, rs1_rdata: 00000000, rs2_addr:  0, rs2_rdata: 00000000, rd_addr:  8, rd_wdata: 00003180, mem_addr: 00003180, mem_rdata: 00000000, mem_wdata: 00000000
ClkCycle:        102, pc_rdata: 00000184, pc_wdata: 00000188, insn: f9840413, mode: 3, rs1_addr:  8, rs1_rdata: 00007f76, rs2_addr: 24, rs2_rdata: 0000007d, rd_addr:  8, rd_wdata: 00003118, mem_addr: 00003118, mem_rdata: 00000000, mem_wdata: 0000007d
ClkCycle:        103, pc_rdata: 00000188, pc_wdata: 0000018c, insn: 00000013, mode: 3, rs1_addr:  0, rs1_rdata: 00000000, rs2_addr:  0, rs2_rdata: 00000000, rd_addr:  0, rd_wdata: 00000000, mem_addr: 00000000, mem_rdata: 00000000, mem_wdata: 00000000
ClkCycle:        104, pc_rdata: 0000018c, pc_wdata: 00000190, insn: 00000013, mode: 3, rs1_addr:  0, rs1_rdata: 00000000, rs2_addr:  0, rs2_rdata: 00000000, rd_addr:  0, rd_wdata: 00000000, mem_addr: 00000000, mem_rdata: 00000000, mem_wdata: 00000000
ClkCycle:        105, pc_rdata: 00000190, pc_wdata: 00000194, insn: 00000013, mode: 3, rs1_addr:  0, rs1_rdata: 00000000, rs2_addr:  0, rs2_rdata: 00000000, rd_addr:  0, rd_wdata: 00000000, mem_addr: 00000000, mem_rdata: 00000000, mem_wdata: 00000000
ClkCycle:        106, pc_rdata: 00000194, pc_wdata: 00000198, insn: 00000013, mode: 3, rs1_addr:  0, rs1_rdata: 00000000, rs2_addr:  0, rs2_rdata: 00000000, rd_addr:  0, rd_wdata: 00000000, mem_addr: 00000000, mem_rdata: 00000000, mem_wdata: 00000000
ClkCycle:        107, pc_rdata: 00000198, pc_wdata: 0000019c, insn: 00000013, mode: 3, rs1_addr:  0, rs1_rdata: 00000000, rs2_addr:  0, rs2_rdata: 00000000, rd_addr:  0, rd_wdata: 00000000, mem_addr: 00000000, mem_rdata: 00000000, mem_wdata: 00000000
ClkCycle:        108, pc_rdata: 0000019c, pc_wdata: 000001a0, insn: 00000013, mode: 3, rs1_addr:  0, rs1_rdata: 00000000, rs2_addr:  0, rs2_rdata: 00000000, rd_addr:  0, rd_wdata: 00000000, mem_addr: 00000000, mem_rdata: 00000000, mem_wdata: 00000000
ClkCycle:        109, pc_rdata: 000001a0, pc_wdata: 000001a4, insn: 00002117, mode: 3, rs1_addr:  0, rs1_rdata: 00000000, rs2_addr:  0, rs2_rdata: 00000000, rd_addr:  2, rd_wdata: 000021a0, mem_addr: 000021a0, mem_rdata: 00000000, mem_wdata: 00000000
ClkCycle:        110, pc_rdata: 000001a4, pc_wdata: 000001a8, insn: e4810113, mode: 3, rs1_addr:  2, rs1_rdata: 7fffdfff, rs2_addr:  8, rs2_rdata: 00003118, rd_addr:  2, rd_wdata: 00001fe8, mem_addr: 00001fe8, mem_rdata: 00000000, mem_wdata: 00003118
ClkCycle:        111, pc_rdata: 000001a8, pc_wdata: 000001ac, insn: 00000013, mode: 3, rs1_addr:  0, rs1_rdata: 00000000, rs2_addr:  0, rs2_rdata: 00000000, rd_addr:  0, rd_wdata: 00000000, mem_addr: 00000000, mem_rdata: 00000000, mem_wdata: 00000000
ClkCycle:        112, pc_rdata: 000001ac, pc_wdata: 000001b0, insn: 00000013, mode: 3, rs1_addr:  0, rs1_rdata: 00000000, rs2_addr:  0, rs2_rdata: 00000000, rd_addr:  0, rd_wdata: 00000000, mem_addr: 00000000, mem_rdata: 00000000, mem_wdata: 00000000
ClkCycle:        113, pc_rdata: 000001b0, pc_wdata: 000001b4, insn: 00000013, mode: 3, rs1_addr:  0, rs1_rdata: 00000000, rs2_addr:  0, rs2_rdata: 00000000, rd_addr:  0, rd_wdata: 00000000, mem_addr: 00000000, mem_rdata: 00000000, mem_wdata: 00000000
ClkCycle:        114, pc_rdata: 000001b4, pc_wdata: 000001b8, insn: 00000013, mode: 3, rs1_addr:  0, rs1_rdata: 00000000, rs2_addr:  0, rs2_rdata: 00000000, rd_addr:  0, rd_wdata: 00000000, mem_addr: 00000000, mem_rdata: 00000000, mem_wdata: 00000000
ClkCycle:        115, pc_rdata: 000001b8, pc_wdata: 000001bc, insn: 00000013, mode: 3, rs1_addr:  0, rs1_rdata: 00000000, rs2_addr:  0, rs2_rdata: 00000000, rd_addr:  0, rd_wdata: 00000000, mem_addr: 00000000, mem_rdata: 00000000, mem_wdata: 00000000
ClkCycle:        116, pc_rdata: 000001bc, pc_wdata: 000001c0, insn: 00000013, mode: 3, rs1_addr:  0, rs1_rdata: 00000000, rs2_addr:  0, rs2_rdata: 00000000, rd_addr:  0, rd_wdata: 00000000, mem_addr: 00000000, mem_rdata: 00000000, mem_wdata: 00000000
ClkCycle:        117, pc_rdata: 000001c0, pc_wdata: 000001c2, insn: 000140e2, mode: 3, rs1_addr:  2, rs1_rdata: 00001fe8, rs2_addr: 24, rs2_rdata: 0000007d, rd_addr:  1, rd_wdata: 00000000, mem_addr: 00002000, mem_rdata: 00000000, mem_wdata: 0000007d
ClkCycle:        118, pc_rdata: 000001c2, pc_wdata: 000001c6, insn: 000140e2, mode: 3, rs1_addr:  0, rs1_rdata: 00000000, rs2_addr:  0, rs2_rdata: 00000000, rd_addr:  0, rd_wdata: 00000000, mem_addr: 00000000, mem_rdata: 00000000, mem_wdata: 00000000
ClkCycle:        119, pc_rdata: 000001c6, pc_wdata: 000001c8, insn: 00130014, mode: 3, rs1_addr:  0, rs1_rdata: 00000000, rs2_addr:  0, rs2_rdata: 00000000, rd_addr:  0, rd_wdata: 00000000, mem_addr: 00000000, mem_rdata: 00000000, mem_wdata: 00000000
ClkCycle:        120, pc_rdata: 000001c8, pc_wdata: 000001ca, insn: 00130014, mode: 3, rs1_addr:  2, rs1_rdata: 00001fe8, rs2_addr:  0, rs2_rdata: 00000000, rd_addr: 13, rd_wdata: 00001fe8, mem_addr: 00001fe8, mem_rdata: 00000000, mem_wdata: 00000000
ClkCycle:        121, pc_rdata: 000001ca, pc_wdata: 000001ce, insn: 00130014, mode: 3, rs1_addr:  0, rs1_rdata: 00000000, rs2_addr:  0, rs2_rdata: 00000000, rd_addr:  0, rd_wdata: 00000000, mem_addr: 00000000, mem_rdata: 00000000, mem_wdata: 00000000
ClkCycle:        122, pc_rdata: 000001ce, pc_wdata: 000001d2, insn: 00130000, mode: 3, rs1_addr:  0, rs1_rdata: 00000000, rs2_addr:  0, rs2_rdata: 00000000, rd_addr:  0, rd_wdata: 00000000, mem_addr: 00000000, mem_rdata: 00000000, mem_wdata: 00000000
ClkCycle:        123, pc_rdata: 000001d2, pc_wdata: 000001d6, insn: 00130000, mode: 3, rs1_addr:  0, rs1_rdata: 00000000, rs2_addr:  0, rs2_rdata: 00000000, rd_addr:  0, rd_wdata: 00000000, mem_addr: 00000000, mem_rdata: 00000000, mem_wdata: 00000000
ClkCycle:        124, pc_rdata: 000001d6, pc_wdata: 000001da, insn: 00130000, mode: 3, rs1_addr:  0, rs1_rdata: 00000000, rs2_addr:  0, rs2_rdata: 00000000, rd_addr:  0, rd_wdata: 00000000, mem_addr: 00000000, mem_rdata: 00000000, mem_wdata: 00000000
ClkCycle:        125, pc_rdata: 000001da, pc_wdata: 000001de, insn: 00130000, mode: 3, rs1_addr:  0, rs1_rdata: 00000000, rs2_addr:  0, rs2_rdata: 00000000, rd_addr:  0, rd_wdata: 00000000, mem_addr: 00000000, mem_rdata: 00000000, mem_wdata: 00000000
ClkCycle:        126, pc_rdata: 000001de, pc_wdata: 000001e2, insn: 00002117, mode: 3, rs1_addr: 14, rs1_rdata: 00000000, rs2_addr: 17, rs2_rdata: bffeffff, rd_addr:  0, rd_wdata: 00000211, mem_addr: 00000211, mem_rdata: 00000000, mem_wdata: bffeffff
ClkCycle:        127, pc_rdata: 000001e2, pc_wdata: 000001e6, insn: 00002117, mode: 3, rs1_addr:  0, rs1_rdata: 00000000, rs2_addr:  0, rs2_rdata: 00000000, rd_addr:  0, rd_wdata: 00000000, mem_addr: 00000000, mem_rdata: 00000000, mem_wdata: 00000000
ClkCycle:        128, pc_rdata: 000001e6, pc_wdata: 000001e8, insn: 00000013, mode: 3, rs1_addr:  2, rs1_rdata: 00001fe8, rs2_addr:  0, rs2_rdata: 00000000, rd_addr:  8, rd_wdata: 00001fe8, mem_addr: 00001fe8, mem_rdata: 00000000, mem_wdata: 00000000
ClkCycle:        129, pc_rdata: 000001e8, pc_wdata: 000001ec, insn: 00000013, mode: 3, rs1_addr:  0, rs1_rdata: 00000000, rs2_addr:  0, rs2_rdata: 00000000, rd_addr:  0, rd_wdata: 00000000, mem_addr: 00000000, mem_rdata: 00000000, mem_wdata: 00000000
ClkCycle:        130, pc_rdata: 000001ec, pc_wdata: 000001f0, insn: 00000013, mode: 3, rs1_addr:  0, rs1_rdata: 00000000, rs2_addr:  0, rs2_rdata: 00000000, rd_addr:  0, rd_wdata: 00000000, mem_addr: 00000000, mem_rdata: 00000000, mem_wdata: 00000000
ClkCycle:        131, pc_rdata: 000001f0, pc_wdata: 000001f4, insn: 00000013, mode: 3, rs1_addr:  0, rs1_rdata: 00000000, rs2_addr:  0, rs2_rdata: 00000000, rd_addr:  0, rd_wdata: 00000000, mem_addr: 00000000, mem_rdata: 00000000, mem_wdata: 00000000
ClkCycle:        132, pc_rdata: 000001f4, pc_wdata: 000001f8, insn: 00000013, mode: 3, rs1_addr:  0, rs1_rdata: 00000000, rs2_addr:  0, rs2_rdata: 00000000, rd_addr:  0, rd_wdata: 00000000, mem_addr: 00000000, mem_rdata: 00000000, mem_wdata: 00000000
ClkCycle:        133, pc_rdata: 000001f8, pc_wdata: 000001fc, insn: 00000013, mode: 3, rs1_addr:  0, rs1_rdata: 00000000, rs2_addr:  0, rs2_rdata: 00000000, rd_addr:  0, rd_wdata: 00000000, mem_addr: 00000000, mem_rdata: 00000000, mem_wdata: 00000000
ClkCycle:        134, pc_rdata: 000001fc, pc_wdata: 00000200, insn: 00000013, mode: 3, rs1_addr:  0, rs1_rdata: 00000000, rs2_addr:  0, rs2_rdata: 00000000, rd_addr:  0, rd_wdata: 00000000, mem_addr: 00000000, mem_rdata: 00000000, mem_wdata: 00000000
ClkCycle:        135, pc_rdata: 00000200, pc_wdata: 00000202, insn: 00014c02, mode: 3, rs1_addr:  2, rs1_rdata: 00001fe8, rs2_addr:  0, rs2_rdata: 00000000, rd_addr: 24, rd_wdata: 00000000, mem_addr: 00001fe8, mem_rdata: 00000000, mem_wdata: 00000000
ClkCycle:        136, pc_rdata: 00000202, pc_wdata: 00000206, insn: 00014c02, mode: 3, rs1_addr:  0, rs1_rdata: 00000000, rs2_addr:  0, rs2_rdata: 00000000, rd_addr:  0, rd_wdata: 00000000, mem_addr: 00000000, mem_rdata: 00000000, mem_wdata: 00000000
ClkCycle:        137, pc_rdata: 00000206, pc_wdata: 00000208, insn: 00130184, mode: 3, rs1_addr:  0, rs1_rdata: 00000000, rs2_addr:  0, rs2_rdata: 00000000, rd_addr:  0, rd_wdata: 00000000, mem_addr: 00000000, mem_rdata: 00000000, mem_wdata: 00000000
ClkCycle:        138, pc_rdata: 00000208, pc_wdata: 0000020a, insn: 00130184, mode: 3, rs1_addr:  2, rs1_rdata: 00001fe8, rs2_addr:  0, rs2_rdata: 00000000, rd_addr:  9, rd_wdata: 000020a8, mem_addr: 000020a8, mem_rdata: 00000000, mem_wdata: 00000000
ClkCycle:        139, pc_rdata: 0000020a, pc_wdata: 0000020e, insn: 00130184, mode: 3, rs1_addr:  0, rs1_rdata: 00000000, rs2_addr:  0, rs2_rdata: 00000000, rd_addr:  0, rd_wdata: 00000000, mem_addr: 00000000, mem_rdata: 00000000, mem_wdata: 00000000
ClkCycle:        140, pc_rdata: 0000020e, pc_wdata: 00000212, insn: 00130000, mode: 3, rs1_addr:  0, rs1_rdata: 00000000, rs2_addr:  0, rs2_rdata: 00000000, rd_addr:  0, rd_wdata: 00000000, mem_addr: 00000000, mem_rdata: 00000000, mem_wdata: 00000000
ClkCycle:        141, pc_rdata: 00000212, pc_wdata: 00000216, insn: 00130000, mode: 3, rs1_addr:  0, rs1_rdata: 00000000, rs2_addr:  0, rs2_rdata: 00000000, rd_addr:  0, rd_wdata: 00000000, mem_addr: 00000000, mem_rdata: 00000000, mem_wdata: 00000000
ClkCycle:        142, pc_rdata: 00000216, pc_wdata: 0000021a, insn: 00130000, mode: 3, rs1_addr:  0, rs1_rdata: 00000000, rs2_addr:  0, rs2_rdata: 00000000, rd_addr:  0, rd_wdata: 00000000, mem_addr: 00000000, mem_rdata: 00000000, mem_wdata: 00000000
ClkCycle:        143, pc_rdata: 0000021a, pc_wdata: 0000021e, insn: 00130000, mode: 3, rs1_addr:  0, rs1_rdata: 00000000, rs2_addr:  0, rs2_rdata: 00000000, rd_addr:  0, rd_wdata: 00000000, mem_addr: 00000000, mem_rdata: 00000000, mem_wdata: 00000000
ClkCycle:        144, pc_rdata: 0000021e, pc_wdata: 00000222, insn: 00002117, mode: 3, rs1_addr: 14, rs1_rdata: 00000000, rs2_addr: 17, rs2_rdata: bffeffff, rd_addr:  0, rd_wdata: 00000211, mem_addr: 00000211, mem_rdata: 00000000, mem_wdata: bffeffff
ClkCycle:        145, pc_rdata: 00000222, pc_wdata: 00000226, insn: 00002117, mode: 3, rs1_addr:  0, rs1_rdata: 00000000, rs2_addr:  0, rs2_rdata: 00000000, rd_addr:  0, rd_wdata: 00000000, mem_addr: 00000000, mem_rdata: 00000000, mem_wdata: 00000000
ClkCycle:        146, pc_rdata: 00000226, pc_wdata: 00000228, insn: 00000013, mode: 3, rs1_addr:  2, rs1_rdata: 00001fe8, rs2_addr:  0, rs2_rdata: 00000000, rd_addr:  8, rd_wdata: 00001fe8, mem_addr: 00001fe8, mem_rdata: 00000000, mem_wdata: 00000000
ClkCycle:        147, pc_rdata: 00000228, pc_wdata: 0000022c, insn: 00000013, mode: 3, rs1_addr:  0, rs1_rdata: 00000000, rs2_addr:  0, rs2_rdata: 00000000, rd_addr:  0, rd_wdata: 00000000, mem_addr: 00000000, mem_rdata: 00000000, mem_wdata: 00000000
ClkCycle:        148, pc_rdata: 0000022c, pc_wdata: 00000230, insn: 00000013, mode: 3, rs1_addr:  0, rs1_rdata: 00000000, rs2_addr:  0, rs2_rdata: 00000000, rd_addr:  0, rd_wdata: 00000000, mem_addr: 00000000, mem_rdata: 00000000, mem_wdata: 00000000
ClkCycle:        149, pc_rdata: 00000230, pc_wdata: 00000234, insn: 00000013, mode: 3, rs1_addr:  0, rs1_rdata: 00000000, rs2_addr:  0, rs2_rdata: 00000000, rd_addr:  0, rd_wdata: 00000000, mem_addr: 00000000, mem_rdata: 00000000, mem_wdata: 00000000
ClkCycle:        150, pc_rdata: 00000234, pc_wdata: 00000238, insn: 00000013, mode: 3, rs1_addr:  0, rs1_rdata: 00000000, rs2_addr:  0, rs2_rdata: 00000000, rd_addr:  0, rd_wdata: 00000000, mem_addr: 00000000, mem_rdata: 00000000, mem_wdata: 00000000
ClkCycle:        151, pc_rdata: 00000238, pc_wdata: 0000023c, insn: 00000013, mode: 3, rs1_addr:  0, rs1_rdata: 00000000, rs2_addr:  0, rs2_rdata: 00000000, rd_addr:  0, rd_wdata: 00000000, mem_addr: 00000000, mem_rdata: 00000000, mem_wdata: 00000000
ClkCycle:        152, pc_rdata: 0000023c, pc_wdata: 00000240, insn: 00000013, mode: 3, rs1_addr:  0, rs1_rdata: 00000000, rs2_addr:  0, rs2_rdata: 00000000, rd_addr:  0, rd_wdata: 00000000, mem_addr: 00000000, mem_rdata: 00000000, mem_wdata: 00000000
ClkCycle:        153, pc_rdata: 00000240, pc_wdata: 00000242, insn: 00014b12, mode: 3, rs1_addr:  2, rs1_rdata: 00001fe8, rs2_addr:  4, rs2_rdata: 6dfdffff, rd_addr: 22, rd_wdata: 00000000, mem_addr: 00001fec, mem_rdata: 00000000, mem_wdata: 6dfdffff
ClkCycle:        154, pc_rdata: 00000242, pc_wdata: 00000246, insn: 00014b12, mode: 3, rs1_addr:  0, rs1_rdata: 00000000, rs2_addr:  0, rs2_rdata: 00000000, rd_addr:  0, rd_wdata: 00000000, mem_addr: 00000000, mem_rdata: 00000000, mem_wdata: 00000000
ClkCycle:        155, pc_rdata: 00000246, pc_wdata: 00000248, insn: 00130164, mode: 3, rs1_addr:  0, rs1_rdata: 00000000, rs2_addr:  0, rs2_rdata: 00000000, rd_addr:  0, rd_wdata: 00000000, mem_addr: 00000000, mem_rdata: 00000000, mem_wdata: 00000000
ClkCycle:        156, pc_rdata: 00000248, pc_wdata: 0000024a, insn: 00130164, mode: 3, rs1_addr:  2, rs1_rdata: 00001fe8, rs2_addr: 12, rs2_rdata: 00000000, rd_addr:  9, rd_wdata: 00002074, mem_addr: 00002074, mem_rdata: 00000000, mem_wdata: 00000000
ClkCycle:        157, pc_rdata: 0000024a, pc_wdata: 0000024e, insn: 00130164, mode: 3, rs1_addr:  0, rs1_rdata: 00000000, rs2_addr:  0, rs2_rdata: 00000000, rd_addr:  0, rd_wdata: 00000000, mem_addr: 00000000, mem_rdata: 00000000, mem_wdata: 00000000
ClkCycle:        158, pc_rdata: 0000024e, pc_wdata: 00000252, insn: 00130000, mode: 3, rs1_addr:  0, rs1_rdata: 00000000, rs2_addr:  0, rs2_rdata: 00000000, rd_addr:  0, rd_wdata: 00000000, mem_addr: 00000000, mem_rdata: 00000000, mem_wdata: 00000000
ClkCycle:        159, pc_rdata: 00000252, pc_wdata: 00000256, insn: 00130000, mode: 3, rs1_addr:  0, rs1_rdata: 00000000, rs2_addr:  0, rs2_rdata: 00000000, rd_addr:  0, rd_wdata: 00000000, mem_addr: 00000000, mem_rdata: 00000000, mem_wdata: 00000000
ClkCycle:        160, pc_rdata: 00000256, pc_wdata: 0000025a, insn: 00130000, mode: 3, rs1_addr:  0, rs1_rdata: 00000000, rs2_addr:  0, rs2_rdata: 00000000, rd_addr:  0, rd_wdata: 00000000, mem_addr: 00000000, mem_rdata: 00000000, mem_wdata: 00000000
ClkCycle:        161, pc_rdata: 0000025a, pc_wdata: 0000025e, insn: 00130000, mode: 3, rs1_addr:  0, rs1_rdata: 00000000, rs2_addr:  0, rs2_rdata: 00000000, rd_addr:  0, rd_wdata: 00000000, mem_addr: 00000000, mem_rdata: 00000000, mem_wdata: 00000000
ClkCycle:        162, pc_rdata: 0000025e, pc_wdata: 00000262, insn: 00002117, mode: 3, rs1_addr: 14, rs1_rdata: 00000000, rs2_addr: 17, rs2_rdata: bffeffff, rd_addr:  0, rd_wdata: 00000211, mem_addr: 00000211, mem_rdata: 00000000, mem_wdata: bffeffff
ClkCycle:        163, pc_rdata: 00000262, pc_wdata: 00000266, insn: 00002117, mode: 3, rs1_addr:  0, rs1_rdata: 00000000, rs2_addr:  0, rs2_rdata: 00000000, rd_addr:  0, rd_wdata: 00000000, mem_addr: 00000000, mem_rdata: 00000000, mem_wdata: 00000000
ClkCycle:        164, pc_rdata: 00000266, pc_wdata: 00000268, insn: 00000013, mode: 3, rs1_addr:  2, rs1_rdata: 00001fe8, rs2_addr:  0, rs2_rdata: 00000000, rd_addr:  8, rd_wdata: 00001fe8, mem_addr: 00001fe8, mem_rdata: 00000000, mem_wdata: 00000000
ClkCycle:        165, pc_rdata: 00000268, pc_wdata: 0000026c, insn: 00000013, mode: 3, rs1_addr:  0, rs1_rdata: 00000000, rs2_addr:  0, rs2_rdata: 00000000, rd_addr:  0, rd_wdata: 00000000, mem_addr: 00000000, mem_rdata: 00000000, mem_wdata: 00000000
ClkCycle:        166, pc_rdata: 0000026c, pc_wdata: 00000270, insn: 00000013, mode: 3, rs1_addr:  0, rs1_rdata: 00000000, rs2_addr:  0, rs2_rdata: 00000000, rd_addr:  0, rd_wdata: 00000000, mem_addr: 00000000, mem_rdata: 00000000, mem_wdata: 00000000
ClkCycle:        167, pc_rdata: 00000270, pc_wdata: 00000274, insn: 00000013, mode: 3, rs1_addr:  0, rs1_rdata: 00000000, rs2_addr:  0, rs2_rdata: 00000000, rd_addr:  0, rd_wdata: 00000000, mem_addr: 00000000, mem_rdata: 00000000, mem_wdata: 00000000
ClkCycle:        168, pc_rdata: 00000274, pc_wdata: 00000278, insn: 00000013, mode: 3, rs1_addr:  0, rs1_rdata: 00000000, rs2_addr:  0, rs2_rdata: 00000000, rd_addr:  0, rd_wdata: 00000000, mem_addr: 00000000, mem_rdata: 00000000, mem_wdata: 00000000
ClkCycle:        169, pc_rdata: 00000278, pc_wdata: 0000027c, insn: 00000013, mode: 3, rs1_addr:  0, rs1_rdata: 00000000, rs2_addr:  0, rs2_rdata: 00000000, rd_addr:  0, rd_wdata: 00000000, mem_addr: 00000000, mem_rdata: 00000000, mem_wdata: 00000000
ClkCycle:        170, pc_rdata: 0000027c, pc_wdata: 00000280, insn: 00000013, mode: 3, rs1_addr:  0, rs1_rdata: 00000000, rs2_addr:  0, rs2_rdata: 00000000, rd_addr:  0, rd_wdata: 00000000, mem_addr: 00000000, mem_rdata: 00000000, mem_wdata: 00000000
ClkCycle:        171, pc_rdata: 00000280, pc_wdata: 00000282, insn: 00014922, mode: 3, rs1_addr:  2, rs1_rdata: 00001fe8, rs2_addr:  8, rs2_rdata: 00001fe8, rd_addr: 18, rd_wdata: 00000000, mem_addr: 00001ff0, mem_rdata: 00000000, mem_wdata: 00001fe8
ClkCycle:        172, pc_rdata: 00000282, pc_wdata: 00000286, insn: 00014922, mode: 3, rs1_addr:  0, rs1_rdata: 00000000, rs2_addr:  0, rs2_rdata: 00000000, rd_addr:  0, rd_wdata: 00000000, mem_addr: 00000000, mem_rdata: 00000000, mem_wdata: 00000000
ClkCycle:        173, pc_rdata: 00000286, pc_wdata: 00000288, insn: 00130124, mode: 3, rs1_addr:  0, rs1_rdata: 00000000, rs2_addr:  0, rs2_rdata: 00000000, rd_addr:  0, rd_wdata: 00000000, mem_addr: 00000000, mem_rdata: 00000000, mem_wdata: 00000000
ClkCycle:        174, pc_rdata: 00000288, pc_wdata: 0000028a, insn: 00130124, mode: 3, rs1_addr:  2, rs1_rdata: 00001fe8, rs2_addr:  8, rs2_rdata: 00001fe8, rd_addr:  9, rd_wdata: 00002070, mem_addr: 00002070, mem_rdata: 00000000, mem_wdata: 00001fe8
ClkCycle:        175, pc_rdata: 0000028a, pc_wdata: 0000028e, insn: 00130124, mode: 3, rs1_addr:  0, rs1_rdata: 00000000, rs2_addr:  0, rs2_rdata: 00000000, rd_addr:  0, rd_wdata: 00000000, mem_addr: 00000000, mem_rdata: 00000000, mem_wdata: 00000000
ClkCycle:        176, pc_rdata: 0000028e, pc_wdata: 00000292, insn: 00130000, mode: 3, rs1_addr:  0, rs1_rdata: 00000000, rs2_addr:  0, rs2_rdata: 00000000, rd_addr:  0, rd_wdata: 00000000, mem_addr: 00000000, mem_rdata: 00000000, mem_wdata: 00000000
ClkCycle:        177, pc_rdata: 00000292, pc_wdata: 00000296, insn: 00130000, mode: 3, rs1_addr:  0, rs1_rdata: 00000000, rs2_addr:  0, rs2_rdata: 00000000, rd_addr:  0, rd_wdata: 00000000, mem_addr: 00000000, mem_rdata: 00000000, mem_wdata: 00000000
ClkCycle:        178, pc_rdata: 00000296, pc_wdata: 0000029a, insn: 00130000, mode: 3, rs1_addr:  0, rs1_rdata: 00000000, rs2_addr:  0, rs2_rdata: 00000000, rd_addr:  0, rd_wdata: 00000000, mem_addr: 00000000, mem_rdata: 00000000, mem_wdata: 00000000
ClkCycle:        179, pc_rdata: 0000029a, pc_wdata: 0000029e, insn: 00130000, mode: 3, rs1_addr:  0, rs1_rdata: 00000000, rs2_addr:  0, rs2_rdata: 00000000, rd_addr:  0, rd_wdata: 00000000, mem_addr: 00000000, mem_rdata: 00000000, mem_wdata: 00000000
ClkCycle:        180, pc_rdata: 0000029e, pc_wdata: 000002a2, insn: 00002117, mode: 3, rs1_addr: 14, rs1_rdata: 00000000, rs2_addr: 17, rs2_rdata: bffeffff, rd_addr:  0, rd_wdata: 00000211, mem_addr: 00000211, mem_rdata: 00000000, mem_wdata: bffeffff
ClkCycle:        181, pc_rdata: 000002a2, pc_wdata: 000002a6, insn: 00002117, mode: 3, rs1_addr:  0, rs1_rdata: 00000000, rs2_addr:  0, rs2_rdata: 00000000, rd_addr:  0, rd_wdata: 00000000, mem_addr: 00000000, mem_rdata: 00000000, mem_wdata: 00000000
ClkCycle:        182, pc_rdata: 000002a6, pc_wdata: 000002a8, insn: 00000013, mode: 3, rs1_addr:  2, rs1_rdata: 00001fe8, rs2_addr:  0, rs2_rdata: 00000000, rd_addr:  8, rd_wdata: 00001fe8, mem_addr: 00001fe8, mem_rdata: 00000000, mem_wdata: 00000000
ClkCycle:        183, pc_rdata: 000002a8, pc_wdata: 000002ac, insn: 00000013, mode: 3, rs1_addr:  0, rs1_rdata: 00000000, rs2_addr:  0, rs2_rdata: 00000000, rd_addr:  0, rd_wdata: 00000000, mem_addr: 00000000, mem_rdata: 00000000, mem_wdata: 00000000
ClkCycle:        184, pc_rdata: 000002ac, pc_wdata: 000002b0, insn: 00000013, mode: 3, rs1_addr:  0, rs1_rdata: 00000000, rs2_addr:  0, rs2_rdata: 00000000, rd_addr:  0, rd_wdata: 00000000, mem_addr: 00000000, mem_rdata: 00000000, mem_wdata: 00000000
ClkCycle:        185, pc_rdata: 000002b0, pc_wdata: 000002b4, insn: 00000013, mode: 3, rs1_addr:  0, rs1_rdata: 00000000, rs2_addr:  0, rs2_rdata: 00000000, rd_addr:  0, rd_wdata: 00000000, mem_addr: 00000000, mem_rdata: 00000000, mem_wdata: 00000000
ClkCycle:        186, pc_rdata: 000002b4, pc_wdata: 000002b8, insn: 00000013, mode: 3, rs1_addr:  0, rs1_rdata: 00000000, rs2_addr:  0, rs2_rdata: 00000000, rd_addr:  0, rd_wdata: 00000000, mem_addr: 00000000, mem_rdata: 00000000, mem_wdata: 00000000
ClkCycle:        187, pc_rdata: 000002b8, pc_wdata: 000002bc, insn: 00000013, mode: 3, rs1_addr:  0, rs1_rdata: 00000000, rs2_addr:  0, rs2_rdata: 00000000, rd_addr:  0, rd_wdata: 00000000, mem_addr: 00000000, mem_rdata: 00000000, mem_wdata: 00000000
ClkCycle:        188, pc_rdata: 000002bc, pc_wdata: 000002c0, insn: 00000013, mode: 3, rs1_addr:  0, rs1_rdata: 00000000, rs2_addr:  0, rs2_rdata: 00000000, rd_addr:  0, rd_wdata: 00000000, mem_addr: 00000000, mem_rdata: 00000000, mem_wdata: 00000000
ClkCycle:        189, pc_rdata: 000002c0, pc_wdata: 000002c2, insn: 00014842, mode: 3, rs1_addr:  2, rs1_rdata: 00001fe8, rs2_addr: 16, rs2_rdata: 7d5bfddb, rd_addr: 16, rd_wdata: 00000000, mem_addr: 00001ff8, mem_rdata: 00000000, mem_wdata: 7d5bfddb
ClkCycle:        190, pc_rdata: 000002c2, pc_wdata: 000002c6, insn: 00014842, mode: 3, rs1_addr:  0, rs1_rdata: 00000000, rs2_addr:  0, rs2_rdata: 00000000, rd_addr:  0, rd_wdata: 00000000, mem_addr: 00000000, mem_rdata: 00000000, mem_wdata: 00000000
ClkCycle:        191, pc_rdata: 000002c6, pc_wdata: 000002c8, insn: 00130304, mode: 3, rs1_addr:  0, rs1_rdata: 00000000, rs2_addr:  0, rs2_rdata: 00000000, rd_addr:  0, rd_wdata: 00000000, mem_addr: 00000000, mem_rdata: 00000000, mem_wdata: 00000000
ClkCycle:        192, pc_rdata: 000002c8, pc_wdata: 000002ca, insn: 00130304, mode: 3, rs1_addr:  2, rs1_rdata: 00001fe8, rs2_addr:  0, rs2_rdata: 00000000, rd_addr:  9, rd_wdata: 00002168, mem_addr: 00002168, mem_rdata: 00000000, mem_wdata: 00000000
ClkCycle:        193, pc_rdata: 000002ca, pc_wdata: 000002ce, insn: 00130304, mode: 3, rs1_addr:  0, rs1_rdata: 00000000, rs2_addr:  0, rs2_rdata: 00000000, rd_addr:  0, rd_wdata: 00000000, mem_addr: 00000000, mem_rdata: 00000000, mem_wdata: 00000000
ClkCycle:        194, pc_rdata: 000002ce, pc_wdata: 000002d2, insn: 00130000, mode: 3, rs1_addr:  0, rs1_rdata: 00000000, rs2_addr:  0, rs2_rdata: 00000000, rd_addr:  0, rd_wdata: 00000000, mem_addr: 00000000, mem_rdata: 00000000, mem_wdata: 00000000
ClkCycle:        195, pc_rdata: 000002d2, pc_wdata: 000002d6, insn: 00130000, mode: 3, rs1_addr:  0, rs1_rdata: 00000000, rs2_addr:  0, rs2_rdata: 00000000, rd_addr:  0, rd_wdata: 00000000, mem_addr: 00000000, mem_rdata: 00000000, mem_wdata: 00000000
ClkCycle:        196, pc_rdata: 000002d6, pc_wdata: 000002da, insn: 00130000, mode: 3, rs1_addr:  0, rs1_rdata: 00000000, rs2_addr:  0, rs2_rdata: 00000000, rd_addr:  0, rd_wdata: 00000000, mem_addr: 00000000, mem_rdata: 00000000, mem_wdata: 00000000
ClkCycle:        197, pc_rdata: 000002da, pc_wdata: 000002de, insn: 00130000, mode: 3, rs1_addr:  0, rs1_rdata: 00000000, rs2_addr:  0, rs2_rdata: 00000000, rd_addr:  0, rd_wdata: 00000000, mem_addr: 00000000, mem_rdata: 00000000, mem_wdata: 00000000
ClkCycle:        198, pc_rdata: 000002de, pc_wdata: 000002e2, insn: 00002117, mode: 3, rs1_addr: 14, rs1_rdata: 00000000, rs2_addr: 17, rs2_rdata: bffeffff, rd_addr:  0, rd_wdata: 00000211, mem_addr: 00000211, mem_rdata: 00000000, mem_wdata: bffeffff
ClkCycle:        199, pc_rdata: 000002e2, pc_wdata: 000002e6, insn: 00002117, mode: 3, rs1_addr:  0, rs1_rdata: 00000000, rs2_addr:  0, rs2_rdata: 00000000, rd_addr:  0, rd_wdata: 00000000, mem_addr: 00000000, mem_rdata: 00000000, mem_wdata: 00000000
ClkCycle:        200, pc_rdata: 000002e6, pc_wdata: 000002e8, insn: 00000013, mode: 3, rs1_addr:  2, rs1_rdata: 00001fe8, rs2_addr:  0, rs2_rdata: 00000000, rd_addr:  8, rd_wdata: 00001fe8, mem_addr: 00001fe8, mem_rdata: 00000000, mem_wdata: 00000000
ClkCycle:        201, pc_rdata: 000002e8, pc_wdata: 000002ec, insn: 00000013, mode: 3, rs1_addr:  0, rs1_rdata: 00000000, rs2_addr:  0, rs2_rdata: 00000000, rd_addr:  0, rd_wdata: 00000000, mem_addr: 00000000, mem_rdata: 00000000, mem_wdata: 00000000
ClkCycle:        202, pc_rdata: 000002ec, pc_wdata: 000002f0, insn: 00000013, mode: 3, rs1_addr:  0, rs1_rdata: 00000000, rs2_addr:  0, rs2_rdata: 00000000, rd_addr:  0, rd_wdata: 00000000, mem_addr: 00000000, mem_rdata: 00000000, mem_wdata: 00000000
ClkCycle:        203, pc_rdata: 000002f0, pc_wdata: 000002f4, insn: 00000013, mode: 3, rs1_addr:  0, rs1_rdata: 00000000, rs2_addr:  0, rs2_rdata: 00000000, rd_addr:  0, rd_wdata: 00000000, mem_addr: 00000000, mem_rdata: 00000000, mem_wdata: 00000000
ClkCycle:        204, pc_rdata: 000002f4, pc_wdata: 000002f8, insn: 00000013, mode: 3, rs1_addr:  0, rs1_rdata: 00000000, rs2_addr:  0, rs2_rdata: 00000000, rd_addr:  0, rd_wdata: 00000000, mem_addr: 00000000, mem_rdata: 00000000, mem_wdata: 00000000
ClkCycle:        205, pc_rdata: 000002f8, pc_wdata: 000002fc, insn: 00000013, mode: 3, rs1_addr:  0, rs1_rdata: 00000000, rs2_addr:  0, rs2_rdata: 00000000, rd_addr:  0, rd_wdata: 00000000, mem_addr: 00000000, mem_rdata: 00000000, mem_wdata: 00000000
ClkCycle:        206, pc_rdata: 000002fc, pc_wdata: 00000300, insn: 00000013, mode: 3, rs1_addr:  0, rs1_rdata: 00000000, rs2_addr:  0, rs2_rdata: 00000000, rd_addr:  0, rd_wdata: 00000000, mem_addr: 00000000, mem_rdata: 00000000, mem_wdata: 00000000
ClkCycle:        207, pc_rdata: 00000300, pc_wdata: 00000302, insn: 00015b82, mode: 3, rs1_addr:  2, rs1_rdata: 00001fe8, rs2_addr:  0, rs2_rdata: 00000000, rd_addr: 23, rd_wdata: 00000000, mem_addr: 00002008, mem_rdata: 00000000, mem_wdata: 00000000
ClkCycle:        208, pc_rdata: 00000302, pc_wdata: 00000306, insn: 00015b82, mode: 3, rs1_addr:  0, rs1_rdata: 00000000, rs2_addr:  0, rs2_rdata: 00000000, rd_addr:  0, rd_wdata: 00000000, mem_addr: 00000000, mem_rdata: 00000000, mem_wdata: 00000000
ClkCycle:        209, pc_rdata: 00000306, pc_wdata: 00000308, insn: 00130374, mode: 3, rs1_addr:  0, rs1_rdata: 00000000, rs2_addr:  0, rs2_rdata: 00000000, rd_addr:  0, rd_wdata: 00000000, mem_addr: 00000000, mem_rdata: 00000000, mem_wdata: 00000000
ClkCycle:        210, pc_rdata: 00000308, pc_wdata: 0000030a, insn: 00130374, mode: 3, rs1_addr:  2, rs1_rdata: 00001fe8, rs2_addr: 12, rs2_rdata: 00000000, rd_addr: 13, rd_wdata: 00002174, mem_addr: 00002174, mem_rdata: 00000000, mem_wdata: 00000000
ClkCycle:        211, pc_rdata: 0000030a, pc_wdata: 0000030e, insn: 00130374, mode: 3, rs1_addr:  0, rs1_rdata: 00000000, rs2_addr:  0, rs2_rdata: 00000000, rd_addr:  0, rd_wdata: 00000000, mem_addr: 00000000, mem_rdata: 00000000, mem_wdata: 00000000
ClkCycle:        212, pc_rdata: 0000030e, pc_wdata: 00000312, insn: 00130000, mode: 3, rs1_addr:  0, rs1_rdata: 00000000, rs2_addr:  0, rs2_rdata: 00000000, rd_addr:  0, rd_wdata: 00000000, mem_addr: 00000000, mem_rdata: 00000000, mem_wdata: 00000000
ClkCycle:        213, pc_rdata: 00000312, pc_wdata: 00000316, insn: 00130000, mode: 3, rs1_addr:  0, rs1_rdata: 00000000, rs2_addr:  0, rs2_rdata: 00000000, rd_addr:  0, rd_wdata: 00000000, mem_addr: 00000000, mem_rdata: 00000000, mem_wdata: 00000000
ClkCycle:        214, pc_rdata: 00000316, pc_wdata: 0000031a, insn: 00130000, mode: 3, rs1_addr:  0, rs1_rdata: 00000000, rs2_addr:  0, rs2_rdata: 00000000, rd_addr:  0, rd_wdata: 00000000, mem_addr: 00000000, mem_rdata: 00000000, mem_wdata: 00000000
ClkCycle:        215, pc_rdata: 0000031a, pc_wdata: 0000031e, insn: 00130000, mode: 3, rs1_addr:  0, rs1_rdata: 00000000, rs2_addr:  0, rs2_rdata: 00000000, rd_addr:  0, rd_wdata: 00000000, mem_addr: 00000000, mem_rdata: 00000000, mem_wdata: 00000000
ClkCycle:        216, pc_rdata: 0000031e, pc_wdata: 00000322, insn: 00002117, mode: 3, rs1_addr: 14, rs1_rdata: 00000000, rs2_addr: 17, rs2_rdata: bffeffff, rd_addr:  0, rd_wdata: 00000211, mem_addr: 00000211, mem_rdata: 00000000, mem_wdata: bffeffff
ClkCycle:        217, pc_rdata: 00000322, pc_wdata: 00000326, insn: 00002117, mode: 3, rs1_addr:  0, rs1_rdata: 00000000, rs2_addr:  0, rs2_rdata: 00000000, rd_addr:  0, rd_wdata: 00000000, mem_addr: 00000000, mem_rdata: 00000000, mem_wdata: 00000000
ClkCycle:        218, pc_rdata: 00000326, pc_wdata: 00000328, insn: 00000013, mode: 3, rs1_addr:  2, rs1_rdata: 00001fe8, rs2_addr:  0, rs2_rdata: 00000000, rd_addr:  8, rd_wdata: 00001fe8, mem_addr: 00001fe8, mem_rdata: 00000000, mem_wdata: 00000000
ClkCycle:        219, pc_rdata: 00000328, pc_wdata: 0000032c, insn: 00000013, mode: 3, rs1_addr:  0, rs1_rdata: 00000000, rs2_addr:  0, rs2_rdata: 00000000, rd_addr:  0, rd_wdata: 00000000, mem_addr: 00000000, mem_rdata: 00000000, mem_wdata: 00000000
ClkCycle:        220, pc_rdata: 0000032c, pc_wdata: 00000330, insn: 00000013, mode: 3, rs1_addr:  0, rs1_rdata: 00000000, rs2_addr:  0, rs2_rdata: 00000000, rd_addr:  0, rd_wdata: 00000000, mem_addr: 00000000, mem_rdata: 00000000, mem_wdata: 00000000
ClkCycle:        221, pc_rdata: 00000330, pc_wdata: 00000334, insn: 00000013, mode: 3, rs1_addr:  0, rs1_rdata: 00000000, rs2_addr:  0, rs2_rdata: 00000000, rd_addr:  0, rd_wdata: 00000000, mem_addr: 00000000, mem_rdata: 00000000, mem_wdata: 00000000
ClkCycle:        222, pc_rdata: 00000334, pc_wdata: 00000338, insn: 00000013, mode: 3, rs1_addr:  0, rs1_rdata: 00000000, rs2_addr:  0, rs2_rdata: 00000000, rd_addr:  0, rd_wdata: 00000000, mem_addr: 00000000, mem_rdata: 00000000, mem_wdata: 00000000
ClkCycle:        223, pc_rdata: 00000338, pc_wdata: 0000033c, insn: 00000013, mode: 3, rs1_addr:  0, rs1_rdata: 00000000, rs2_addr:  0, rs2_rdata: 00000000, rd_addr:  0, rd_wdata: 00000000, mem_addr: 00000000, mem_rdata: 00000000, mem_wdata: 00000000
ClkCycle:        224, pc_rdata: 0000033c, pc_wdata: 00000340, insn: 00000013, mode: 3, rs1_addr:  0, rs1_rdata: 00000000, rs2_addr:  0, rs2_rdata: 00000000, rd_addr:  0, rd_wdata: 00000000, mem_addr: 00000000, mem_rdata: 00000000, mem_wdata: 00000000
ClkCycle:        225, pc_rdata: 00000340, pc_wdata: 00000342, insn: 00014306, mode: 3, rs1_addr:  2, rs1_rdata: 00001fe8, rs2_addr:  0, rs2_rdata: 00000000, rd_addr:  6, rd_wdata: 00000000, mem_addr: 00002028, mem_rdata: 00000000, mem_wdata: 00000000
ClkCycle:        226, pc_rdata: 00000342, pc_wdata: 00000346, insn: 00014306, mode: 3, rs1_addr:  0, rs1_rdata: 00000000, rs2_addr:  0, rs2_rdata: 00000000, rd_addr:  0, rd_wdata: 00000000, mem_addr: 00000000, mem_rdata: 00000000, mem_wdata: 00000000
ClkCycle:        227, pc_rdata: 00000346, pc_wdata: 00000348, insn: 00130264, mode: 3, rs1_addr:  0, rs1_rdata: 00000000, rs2_addr:  0, rs2_rdata: 00000000, rd_addr:  0, rd_wdata: 00000000, mem_addr: 00000000, mem_rdata: 00000000, mem_wdata: 00000000
ClkCycle:        228, pc_rdata: 00000348, pc_wdata: 0000034a, insn: 00130264, mode: 3, rs1_addr:  2, rs1_rdata: 00001fe8, rs2_addr: 12, rs2_rdata: 00000000, rd_addr:  9, rd_wdata: 000020f4, mem_addr: 000020f4, mem_rdata: 00000000, mem_wdata: 00000000
ClkCycle:        229, pc_rdata: 0000034a, pc_wdata: 0000034e, insn: 00130264, mode: 3, rs1_addr:  0, rs1_rdata: 00000000, rs2_addr:  0, rs2_rdata: 00000000, rd_addr:  0, rd_wdata: 00000000, mem_addr: 00000000, mem_rdata: 00000000, mem_wdata: 00000000
ClkCycle:        230, pc_rdata: 0000034e, pc_wdata: 00000352, insn: 00130000, mode: 3, rs1_addr:  0, rs1_rdata: 00000000, rs2_addr:  0, rs2_rdata: 00000000, rd_addr:  0, rd_wdata: 00000000, mem_addr: 00000000, mem_rdata: 00000000, mem_wdata: 00000000
ClkCycle:        231, pc_rdata: 00000352, pc_wdata: 00000356, insn: 00130000, mode: 3, rs1_addr:  0, rs1_rdata: 00000000, rs2_addr:  0, rs2_rdata: 00000000, rd_addr:  0, rd_wdata: 00000000, mem_addr: 00000000, mem_rdata: 00000000, mem_wdata: 00000000
ClkCycle:        232, pc_rdata: 00000356, pc_wdata: 0000035a, insn: 00130000, mode: 3, rs1_addr:  0, rs1_rdata: 00000000, rs2_addr:  0, rs2_rdata: 00000000, rd_addr:  0, rd_wdata: 00000000, mem_addr: 00000000, mem_rdata: 00000000, mem_wdata: 00000000
ClkCycle:        233, pc_rdata: 0000035a, pc_wdata: 0000035e, insn: 00130000, mode: 3, rs1_addr:  0, rs1_rdata: 00000000, rs2_addr:  0, rs2_rdata: 00000000, rd_addr:  0, rd_wdata: 00000000, mem_addr: 00000000, mem_rdata: 00000000, mem_wdata: 00000000
ClkCycle:        234, pc_rdata: 0000035e, pc_wdata: 00000362, insn: 00002117, mode: 3, rs1_addr: 14, rs1_rdata: 00000000, rs2_addr: 17, rs2_rdata: bffeffff, rd_addr:  0, rd_wdata: 00000211, mem_addr: 00000211, mem_rdata: 00000000, mem_wdata: bffeffff
ClkCycle:        235, pc_rdata: 00000362, pc_wdata: 00000366, insn: 00002117, mode: 3, rs1_addr:  0, rs1_rdata: 00000000, rs2_addr:  0, rs2_rdata: 00000000, rd_addr:  0, rd_wdata: 00000000, mem_addr: 00000000, mem_rdata: 00000000, mem_wdata: 00000000
ClkCycle:        236, pc_rdata: 00000366, pc_wdata: 00000368, insn: 00000013, mode: 3, rs1_addr:  2, rs1_rdata: 00001fe8, rs2_addr:  0, rs2_rdata: 00000000, rd_addr:  8, rd_wdata: 00001fe8, mem_addr: 00001fe8, mem_rdata: 00000000, mem_wdata: 00000000
ClkCycle:        237, pc_rdata: 00000368, pc_wdata: 0000036c, insn: 00000013, mode: 3, rs1_addr:  0, rs1_rdata: 00000000, rs2_addr:  0, rs2_rdata: 00000000, rd_addr:  0, rd_wdata: 00000000, mem_addr: 00000000, mem_rdata: 00000000, mem_wdata: 00000000
ClkCycle:        238, pc_rdata: 0000036c, pc_wdata: 00000370, insn: 00000013, mode: 3, rs1_addr:  0, rs1_rdata: 00000000, rs2_addr:  0, rs2_rdata: 00000000, rd_addr:  0, rd_wdata: 00000000, mem_addr: 00000000, mem_rdata: 00000000, mem_wdata: 00000000
ClkCycle:        239, pc_rdata: 00000370, pc_wdata: 00000374, insn: 00000013, mode: 3, rs1_addr:  0, rs1_rdata: 00000000, rs2_addr:  0, rs2_rdata: 00000000, rd_addr:  0, rd_wdata: 00000000, mem_addr: 00000000, mem_rdata: 00000000, mem_wdata: 00000000
ClkCycle:        240, pc_rdata: 00000374, pc_wdata: 00000378, insn: 00000013, mode: 3, rs1_addr:  0, rs1_rdata: 00000000, rs2_addr:  0, rs2_rdata: 00000000, rd_addr:  0, rd_wdata: 00000000, mem_addr: 00000000, mem_rdata: 00000000, mem_wdata: 00000000
ClkCycle:        241, pc_rdata: 00000378, pc_wdata: 0000037c, insn: 00000013, mode: 3, rs1_addr:  0, rs1_rdata: 00000000, rs2_addr:  0, rs2_rdata: 00000000, rd_addr:  0, rd_wdata: 00000000, mem_addr: 00000000, mem_rdata: 00000000, mem_wdata: 00000000
ClkCycle:        242, pc_rdata: 0000037c, pc_wdata: 00000380, insn: 00000013, mode: 3, rs1_addr:  0, rs1_rdata: 00000000, rs2_addr:  0, rs2_rdata: 00000000, rd_addr:  0, rd_wdata: 00000000, mem_addr: 00000000, mem_rdata: 00000000, mem_wdata: 00000000
ClkCycle:        243, pc_rdata: 00000380, pc_wdata: 00000382, insn: 0001410a, mode: 3, rs1_addr:  2, rs1_rdata: 00001fe8, rs2_addr:  0, rs2_rdata: 00000000, rd_addr:  2, rd_wdata: 00000000, mem_addr: 00002068, mem_rdata: 00000000, mem_wdata: 00000000
ClkCycle:        244, pc_rdata: 00000382, pc_wdata: 00000386, insn: 0001410a, mode: 3, rs1_addr:  0, rs1_rdata: 00000000, rs2_addr:  0, rs2_rdata: 00000000, rd_addr:  0, rd_wdata: 00000000, mem_addr: 00000000, mem_rdata: 00000000, mem_wdata: 00000000
ClkCycle:        245, pc_rdata: 00000386, pc_wdata: 00000388, insn: 00130224, mode: 3, rs1_addr:  0, rs1_rdata: 00000000, rs2_addr:  0, rs2_rdata: 00000000, rd_addr:  0, rd_wdata: 00000000, mem_addr: 00000000, mem_rdata: 00000000, mem_wdata: 00000000
ClkCycle:        246, pc_rdata: 00000388, pc_wdata: 0000038a, insn: 00130224, mode: 3, rs1_addr:  2, rs1_rdata: 00000000, rs2_addr:  8, rs2_rdata: 00001fe8, rd_addr:  9, rd_wdata: 00000108, mem_addr: 00000108, mem_rdata: 00000000, mem_wdata: 00001fe8
ClkCycle:        247, pc_rdata: 0000038a, pc_wdata: 0000038e, insn: 00130224, mode: 3, rs1_addr:  0, rs1_rdata: 00000000, rs2_addr:  0, rs2_rdata: 00000000, rd_addr:  0, rd_wdata: 00000000, mem_addr: 00000000, mem_rdata: 00000000, mem_wdata: 00000000
ClkCycle:        248, pc_rdata: 0000038e, pc_wdata: 00000392, insn: 00130000, mode: 3, rs1_addr:  0, rs1_rdata: 00000000, rs2_addr:  0, rs2_rdata: 00000000, rd_addr:  0, rd_wdata: 00000000, mem_addr: 00000000, mem_rdata: 00000000, mem_wdata: 00000000
ClkCycle:        249, pc_rdata: 00000392, pc_wdata: 00000396, insn: 00130000, mode: 3, rs1_addr:  0, rs1_rdata: 00000000, rs2_addr:  0, rs2_rdata: 00000000, rd_addr:  0, rd_wdata: 00000000, mem_addr: 00000000, mem_rdata: 00000000, mem_wdata: 00000000
ClkCycle:        250, pc_rdata: 00000396, pc_wdata: 0000039a, insn: 00130000, mode: 3, rs1_addr:  0, rs1_rdata: 00000000, rs2_addr:  0, rs2_rdata: 00000000, rd_addr:  0, rd_wdata: 00000000, mem_addr: 00000000, mem_rdata: 00000000, mem_wdata: 00000000
ClkCycle:        251, pc_rdata: 0000039a, pc_wdata: 0000039e, insn: 00130000, mode: 3, rs1_addr:  0, rs1_rdata: 00000000, rs2_addr:  0, rs2_rdata: 00000000, rd_addr:  0, rd_wdata: 00000000, mem_addr: 00000000, mem_rdata: 00000000, mem_wdata: 00000000
ClkCycle:        252, pc_rdata: 0000039e, pc_wdata: 000003a2, insn: 00002117, mode: 3, rs1_addr: 14, rs1_rdata: 00000000, rs2_addr: 17, rs2_rdata: bffeffff, rd_addr:  0, rd_wdata: 00000211, mem_addr: 00000211, mem_rdata: 00000000, mem_wdata: bffeffff
ClkCycle:        253, pc_rdata: 000003a2, pc_wdata: 000003a6, insn: 00002117, mode: 3, rs1_addr:  0, rs1_rdata: 00000000, rs2_addr:  0, rs2_rdata: 00000000, rd_addr:  0, rd_wdata: 00000000, mem_addr: 00000000, mem_rdata: 00000000, mem_wdata: 00000000
ClkCycle:        254, pc_rdata: 000003a6, pc_wdata: 000003a8, insn: 00000013, mode: 3, rs1_addr:  2, rs1_rdata: 00000000, rs2_addr:  0, rs2_rdata: 00000000, rd_addr:  8, rd_wdata: 00000000, mem_addr: 00000000, mem_rdata: 00000000, mem_wdata: 00000000
ClkCycle:        255, pc_rdata: 000003a8, pc_wdata: 000003ac, insn: 00000013, mode: 3, rs1_addr:  0, rs1_rdata: 00000000, rs2_addr:  0, rs2_rdata: 00000000, rd_addr:  0, rd_wdata: 00000000, mem_addr: 00000000, mem_rdata: 00000000, mem_wdata: 00000000
ClkCycle:        256, pc_rdata: 000003ac, pc_wdata: 000003b0, insn: 00000013, mode: 3, rs1_addr:  0, rs1_rdata: 00000000, rs2_addr:  0, rs2_rdata: 00000000, rd_addr:  0, rd_wdata: 00000000, mem_addr: 00000000, mem_rdata: 00000000, mem_wdata: 00000000
ClkCycle:        257, pc_rdata: 000003b0, pc_wdata: 000003b4, insn: 00000013, mode: 3, rs1_addr:  0, rs1_rdata: 00000000, rs2_addr:  0, rs2_rdata: 00000000, rd_addr:  0, rd_wdata: 00000000, mem_addr: 00000000, mem_rdata: 00000000, mem_wdata: 00000000
ClkCycle:        258, pc_rdata: 000003b4, pc_wdata: 000003b8, insn: 00000013, mode: 3, rs1_addr:  0, rs1_rdata: 00000000, rs2_addr:  0, rs2_rdata: 00000000, rd_addr:  0, rd_wdata: 00000000, mem_addr: 00000000, mem_rdata: 00000000, mem_wdata: 00000000
ClkCycle:        259, pc_rdata: 000003b8, pc_wdata: 000003bc, insn: 00000013, mode: 3, rs1_addr:  0, rs1_rdata: 00000000, rs2_addr:  0, rs2_rdata: 00000000, rd_addr:  0, rd_wdata: 00000000, mem_addr: 00000000, mem_rdata: 00000000, mem_wdata: 00000000
ClkCycle:        260, pc_rdata: 000003bc, pc_wdata: 000003c0, insn: 00000013, mode: 3, rs1_addr:  0, rs1_rdata: 00000000, rs2_addr:  0, rs2_rdata: 00000000, rd_addr:  0, rd_wdata: 00000000, mem_addr: 00000000, mem_rdata: 00000000, mem_wdata: 00000000
ClkCycle:        261, pc_rdata: 000003c0, pc_wdata: 000003c2, insn: 0001556e, mode: 3, rs1_addr:  2, rs1_rdata: 00000000, rs2_addr: 24, rs2_rdata: 00000000, rd_addr: 10, rd_wdata: 00000000, mem_addr: 000000f8, mem_rdata: 00000000, mem_wdata: 00000000
ClkCycle:        262, pc_rdata: 000003c2, pc_wdata: 000003c6, insn: 0001556e, mode: 3, rs1_addr:  0, rs1_rdata: 00000000, rs2_addr:  0, rs2_rdata: 00000000, rd_addr:  0, rd_wdata: 00000000, mem_addr: 00000000, mem_rdata: 00000000, mem_wdata: 00000000
ClkCycle:        263, pc_rdata: 000003c6, pc_wdata: 000003c8, insn: 00000013, mode: 3, rs1_addr:  0, rs1_rdata: 00000000, rs2_addr:  0, rs2_rdata: 00000000, rd_addr:  0, rd_wdata: 00000000, mem_addr: 00000000, mem_rdata: 00000000, mem_wdata: 00000000
ClkCycle:        264, pc_rdata: 000003c8, pc_wdata: 000003cc, insn: 00000013, mode: 3, rs1_addr:  0, rs1_rdata: 00000000, rs2_addr:  0, rs2_rdata: 00000000, rd_addr:  0, rd_wdata: 00000000, mem_addr: 00000000, mem_rdata: 00000000, mem_wdata: 00000000
ClkCycle:        265, pc_rdata: 000003cc, pc_wdata: 000003d0, insn: 00000013, mode: 3, rs1_addr:  0, rs1_rdata: 00000000, rs2_addr:  0, rs2_rdata: 00000000, rd_addr:  0, rd_wdata: 00000000, mem_addr: 00000000, mem_rdata: 00000000, mem_wdata: 00000000
ClkCycle:        266, pc_rdata: 000003d0, pc_wdata: 000003d4, insn: 00000013, mode: 3, rs1_addr:  0, rs1_rdata: 00000000, rs2_addr:  0, rs2_rdata: 00000000, rd_addr:  0, rd_wdata: 00000000, mem_addr: 00000000, mem_rdata: 00000000, mem_wdata: 00000000
ClkCycle:        267, pc_rdata: 000003d4, pc_wdata: 000003d8, insn: 00000013, mode: 3, rs1_addr:  0, rs1_rdata: 00000000, rs2_addr:  0, rs2_rdata: 00000000, rd_addr:  0, rd_wdata: 00000000, mem_addr: 00000000, mem_rdata: 00000000, mem_wdata: 00000000
ClkCycle:        268, pc_rdata: 000003d8, pc_wdata: 000003dc, insn: 00000013, mode: 3, rs1_addr:  0, rs1_rdata: 00000000, rs2_addr:  0, rs2_rdata: 00000000, rd_addr:  0, rd_wdata: 00000000, mem_addr: 00000000, mem_rdata: 00000000, mem_wdata: 00000000
ClkCycle:        269, pc_rdata: 000003dc, pc_wdata: 000003e0, insn: 00000013, mode: 3, rs1_addr:  0, rs1_rdata: 00000000, rs2_addr:  0, rs2_rdata: 00000000, rd_addr:  0, rd_wdata: 00000000, mem_addr: 00000000, mem_rdata: 00000000, mem_wdata: 00000000
ClkCycle:        270, pc_rdata: 000003e0, pc_wdata: 000003e4, insn: 00002117, mode: 3, rs1_addr:  0, rs1_rdata: 00000000, rs2_addr:  0, rs2_rdata: 00000000, rd_addr:  2, rd_wdata: 000023e0, mem_addr: 000023e0, mem_rdata: 00000000, mem_wdata: 00000000
ClkCycle:        271, pc_rdata: 000003e4, pc_wdata: 000003e8, insn: b2c10113, mode: 3, rs1_addr:  2, rs1_rdata: 00000000, rs2_addr: 12, rs2_rdata: 00000000, rd_addr:  2, rd_wdata: 00001f0c, mem_addr: 00001f0c, mem_rdata: 00000000, mem_wdata: 00000000
ClkCycle:        272, pc_rdata: 000003e8, pc_wdata: 000003ec, insn: 00000013, mode: 3, rs1_addr:  0, rs1_rdata: 00000000, rs2_addr:  0, rs2_rdata: 00000000, rd_addr:  0, rd_wdata: 00000000, mem_addr: 00000000, mem_rdata: 00000000, mem_wdata: 00000000
ClkCycle:        273, pc_rdata: 000003ec, pc_wdata: 000003f0, insn: 00000013, mode: 3, rs1_addr:  0, rs1_rdata: 00000000, rs2_addr:  0, rs2_rdata: 00000000, rd_addr:  0, rd_wdata: 00000000, mem_addr: 00000000, mem_rdata: 00000000, mem_wdata: 00000000
ClkCycle:        274, pc_rdata: 000003f0, pc_wdata: 000003f4, insn: 00000013, mode: 3, rs1_addr:  0, rs1_rdata: 00000000, rs2_addr:  0, rs2_rdata: 00000000, rd_addr:  0, rd_wdata: 00000000, mem_addr: 00000000, mem_rdata: 00000000, mem_wdata: 00000000
ClkCycle:        275, pc_rdata: 000003f4, pc_wdata: 000003f8, insn: 00000013, mode: 3, rs1_addr:  0, rs1_rdata: 00000000, rs2_addr:  0, rs2_rdata: 00000000, rd_addr:  0, rd_wdata: 00000000, mem_addr: 00000000, mem_rdata: 00000000, mem_wdata: 00000000
ClkCycle:        276, pc_rdata: 000003f8, pc_wdata: 000003fc, insn: 00000013, mode: 3, rs1_addr:  0, rs1_rdata: 00000000, rs2_addr:  0, rs2_rdata: 00000000, rd_addr:  0, rd_wdata: 00000000, mem_addr: 00000000, mem_rdata: 00000000, mem_wdata: 00000000
ClkCycle:        277, pc_rdata: 000003fc, pc_wdata: 00000400, insn: 00000013, mode: 3, rs1_addr:  0, rs1_rdata: 00000000, rs2_addr:  0, rs2_rdata: 00000000, rd_addr:  0, rd_wdata: 00000000, mem_addr: 00000000, mem_rdata: 00000000, mem_wdata: 00000000
ClkCycle:        278, pc_rdata: 00000400, pc_wdata: 00000402, insn: 000152de, mode: 3, rs1_addr:  2, rs1_rdata: 00001f0c, rs2_addr: 20, rs2_rdata: d5bffdff, rd_addr:  5, rd_wdata: 00000000, mem_addr: 00002000, mem_rdata: 00000000, mem_wdata: d5bffdff
ClkCycle:        279, pc_rdata: 00000402, pc_wdata: 00000406, insn: 000152de, mode: 3, rs1_addr:  0, rs1_rdata: 00000000, rs2_addr:  0, rs2_rdata: 00000000, rd_addr:  0, rd_wdata: 00000000, mem_addr: 00000000, mem_rdata: 00000000, mem_wdata: 00000000
ClkCycle:        280, pc_rdata: 00000406, pc_wdata: 00000408, insn: 00130454, mode: 3, rs1_addr:  0, rs1_rdata: 00000000, rs2_addr:  0, rs2_rdata: 00000000, rd_addr:  0, rd_wdata: 00000000, mem_addr: 00000000, mem_rdata: 00000000, mem_wdata: 00000000
ClkCycle:        281, pc_rdata: 00000408, pc_wdata: 0000040a, insn: 00130454, mode: 3, rs1_addr:  2, rs1_rdata: 00001f0c, rs2_addr:  4, rs2_rdata: 6dfdffff, rd_addr: 13, rd_wdata: 00002110, mem_addr: 00002110, mem_rdata: 00000000, mem_wdata: 6dfdffff
ClkCycle:        282, pc_rdata: 0000040a, pc_wdata: 0000040e, insn: 00130454, mode: 3, rs1_addr:  0, rs1_rdata: 00000000, rs2_addr:  0, rs2_rdata: 00000000, rd_addr:  0, rd_wdata: 00000000, mem_addr: 00000000, mem_rdata: 00000000, mem_wdata: 00000000
ClkCycle:        283, pc_rdata: 0000040e, pc_wdata: 00000412, insn: 00130000, mode: 3, rs1_addr:  0, rs1_rdata: 00000000, rs2_addr:  0, rs2_rdata: 00000000, rd_addr:  0, rd_wdata: 00000000, mem_addr: 00000000, mem_rdata: 00000000, mem_wdata: 00000000
ClkCycle:        284, pc_rdata: 00000412, pc_wdata: 00000416, insn: 00130000, mode: 3, rs1_addr:  0, rs1_rdata: 00000000, rs2_addr:  0, rs2_rdata: 00000000, rd_addr:  0, rd_wdata: 00000000, mem_addr: 00000000, mem_rdata: 00000000, mem_wdata: 00000000
ClkCycle:        285, pc_rdata: 00000416, pc_wdata: 0000041a, insn: 00130000, mode: 3, rs1_addr:  0, rs1_rdata: 00000000, rs2_addr:  0, rs2_rdata: 00000000, rd_addr:  0, rd_wdata: 00000000, mem_addr: 00000000, mem_rdata: 00000000, mem_wdata: 00000000
ClkCycle:        286, pc_rdata: 0000041a, pc_wdata: 0000041e, insn: 00130000, mode: 3, rs1_addr:  0, rs1_rdata: 00000000, rs2_addr:  0, rs2_rdata: 00000000, rd_addr:  0, rd_wdata: 00000000, mem_addr: 00000000, mem_rdata: 00000000, mem_wdata: 00000000
ClkCycle:        287, pc_rdata: 0000041e, pc_wdata: 00000422, insn: 00002117, mode: 3, rs1_addr: 14, rs1_rdata: 00000000, rs2_addr: 17, rs2_rdata: bffeffff, rd_addr:  0, rd_wdata: 00000211, mem_addr: 00000211, mem_rdata: 00000000, mem_wdata: bffeffff
ClkCycle:        288, pc_rdata: 00000422, pc_wdata: 00000426, insn: 00002117, mode: 3, rs1_addr:  0, rs1_rdata: 00000000, rs2_addr:  0, rs2_rdata: 00000000, rd_addr:  0, rd_wdata: 00000000, mem_addr: 00000000, mem_rdata: 00000000, mem_wdata: 00000000
ClkCycle:        289, pc_rdata: 00000426, pc_wdata: 00000428, insn: 00000013, mode: 3, rs1_addr:  2, rs1_rdata: 00001f0c, rs2_addr:  0, rs2_rdata: 00000000, rd_addr:  8, rd_wdata: 00001f0c, mem_addr: 00001f0c, mem_rdata: 00000000, mem_wdata: 00000000
ClkCycle:        290, pc_rdata: 00000428, pc_wdata: 0000042c, insn: 00000013, mode: 3, rs1_addr:  0, rs1_rdata: 00000000, rs2_addr:  0, rs2_rdata: 00000000, rd_addr:  0, rd_wdata: 00000000, mem_addr: 00000000, mem_rdata: 00000000, mem_wdata: 00000000
ClkCycle:        291, pc_rdata: 0000042c, pc_wdata: 00000430, insn: 00000013, mode: 3, rs1_addr:  0, rs1_rdata: 00000000, rs2_addr:  0, rs2_rdata: 00000000, rd_addr:  0, rd_wdata: 00000000, mem_addr: 00000000, mem_rdata: 00000000, mem_wdata: 00000000
ClkCycle:        292, pc_rdata: 00000430, pc_wdata: 00000434, insn: 00000013, mode: 3, rs1_addr:  0, rs1_rdata: 00000000, rs2_addr:  0, rs2_rdata: 00000000, rd_addr:  0, rd_wdata: 00000000, mem_addr: 00000000, mem_rdata: 00000000, mem_wdata: 00000000
ClkCycle:        293, pc_rdata: 00000434, pc_wdata: 00000438, insn: 00000013, mode: 3, rs1_addr:  0, rs1_rdata: 00000000, rs2_addr:  0, rs2_rdata: 00000000, rd_addr:  0, rd_wdata: 00000000, mem_addr: 00000000, mem_rdata: 00000000, mem_wdata: 00000000
ClkCycle:        294, pc_rdata: 00000438, pc_wdata: 0000043c, insn: 00000013, mode: 3, rs1_addr:  0, rs1_rdata: 00000000, rs2_addr:  0, rs2_rdata: 00000000, rd_addr:  0, rd_wdata: 00000000, mem_addr: 00000000, mem_rdata: 00000000, mem_wdata: 00000000
ClkCycle:        295, pc_rdata: 0000043c, pc_wdata: 00000440, insn: 00000013, mode: 3, rs1_addr:  0, rs1_rdata: 00000000, rs2_addr:  0, rs2_rdata: 00000000, rd_addr:  0, rd_wdata: 00000000, mem_addr: 00000000, mem_rdata: 00000000, mem_wdata: 00000000
ClkCycle:        296, pc_rdata: 00000440, pc_wdata: 00000442, insn: 000153be, mode: 3, rs1_addr:  2, rs1_rdata: 00001f0c, rs2_addr: 12, rs2_rdata: 00000000, rd_addr:  7, rd_wdata: 00000000, mem_addr: 00001ff8, mem_rdata: 00000000, mem_wdata: 00000000
ClkCycle:        297, pc_rdata: 00000442, pc_wdata: 00000446, insn: 000153be, mode: 3, rs1_addr:  0, rs1_rdata: 00000000, rs2_addr:  0, rs2_rdata: 00000000, rd_addr:  0, rd_wdata: 00000000, mem_addr: 00000000, mem_rdata: 00000000, mem_wdata: 00000000
ClkCycle:        298, pc_rdata: 00000446, pc_wdata: 00000448, insn: 00130474, mode: 3, rs1_addr:  0, rs1_rdata: 00000000, rs2_addr:  0, rs2_rdata: 00000000, rd_addr:  0, rd_wdata: 00000000, mem_addr: 00000000, mem_rdata: 00000000, mem_wdata: 00000000
ClkCycle:        299, pc_rdata: 00000448, pc_wdata: 0000044a, insn: 00130474, mode: 3, rs1_addr:  2, rs1_rdata: 00001f0c, rs2_addr: 12, rs2_rdata: 00000000, rd_addr: 13, rd_wdata: 00002118, mem_addr: 00002118, mem_rdata: 00000000, mem_wdata: 00000000
ClkCycle:        300, pc_rdata: 0000044a, pc_wdata: 0000044e, insn: 00130474, mode: 3, rs1_addr:  0, rs1_rdata: 00000000, rs2_addr:  0, rs2_rdata: 00000000, rd_addr:  0, rd_wdata: 00000000, mem_addr: 00000000, mem_rdata: 00000000, mem_wdata: 00000000
ClkCycle:        301, pc_rdata: 0000044e, pc_wdata: 00000452, insn: 00130000, mode: 3, rs1_addr:  0, rs1_rdata: 00000000, rs2_addr:  0, rs2_rdata: 00000000, rd_addr:  0, rd_wdata: 00000000, mem_addr: 00000000, mem_rdata: 00000000, mem_wdata: 00000000
ClkCycle:        302, pc_rdata: 00000452, pc_wdata: 00000456, insn: 00130000, mode: 3, rs1_addr:  0, rs1_rdata: 00000000, rs2_addr:  0, rs2_rdata: 00000000, rd_addr:  0, rd_wdata: 00000000, mem_addr: 00000000, mem_rdata: 00000000, mem_wdata: 00000000
ClkCycle:        303, pc_rdata: 00000456, pc_wdata: 0000045a, insn: 00130000, mode: 3, rs1_addr:  0, rs1_rdata: 00000000, rs2_addr:  0, rs2_rdata: 00000000, rd_addr:  0, rd_wdata: 00000000, mem_addr: 00000000, mem_rdata: 00000000, mem_wdata: 00000000
ClkCycle:        304, pc_rdata: 0000045a, pc_wdata: 0000045e, insn: 00130000, mode: 3, rs1_addr:  0, rs1_rdata: 00000000, rs2_addr:  0, rs2_rdata: 00000000, rd_addr:  0, rd_wdata: 00000000, mem_addr: 00000000, mem_rdata: 00000000, mem_wdata: 00000000
ClkCycle:        305, pc_rdata: 0000045e, pc_wdata: 00000462, insn: 00002117, mode: 3, rs1_addr: 14, rs1_rdata: 00000000, rs2_addr: 17, rs2_rdata: bffeffff, rd_addr:  0, rd_wdata: 00000211, mem_addr: 00000211, mem_rdata: 00000000, mem_wdata: bffeffff
ClkCycle:        306, pc_rdata: 00000462, pc_wdata: 00000466, insn: 00002117, mode: 3, rs1_addr:  0, rs1_rdata: 00000000, rs2_addr:  0, rs2_rdata: 00000000, rd_addr:  0, rd_wdata: 00000000, mem_addr: 00000000, mem_rdata: 00000000, mem_wdata: 00000000
ClkCycle:        307, pc_rdata: 00000466, pc_wdata: 00000468, insn: 00000013, mode: 3, rs1_addr:  2, rs1_rdata: 00001f0c, rs2_addr:  0, rs2_rdata: 00000000, rd_addr:  8, rd_wdata: 00001f0c, mem_addr: 00001f0c, mem_rdata: 00000000, mem_wdata: 00000000
ClkCycle:        308, pc_rdata: 00000468, pc_wdata: 0000046c, insn: 00000013, mode: 3, rs1_addr:  0, rs1_rdata: 00000000, rs2_addr:  0, rs2_rdata: 00000000, rd_addr:  0, rd_wdata: 00000000, mem_addr: 00000000, mem_rdata: 00000000, mem_wdata: 00000000
ClkCycle:        309, pc_rdata: 0000046c, pc_wdata: 00000470, insn: 00000013, mode: 3, rs1_addr:  0, rs1_rdata: 00000000, rs2_addr:  0, rs2_rdata: 00000000, rd_addr:  0, rd_wdata: 00000000, mem_addr: 00000000, mem_rdata: 00000000, mem_wdata: 00000000
ClkCycle:        310, pc_rdata: 00000470, pc_wdata: 00000474, insn: 00000013, mode: 3, rs1_addr:  0, rs1_rdata: 00000000, rs2_addr:  0, rs2_rdata: 00000000, rd_addr:  0, rd_wdata: 00000000, mem_addr: 00000000, mem_rdata: 00000000, mem_wdata: 00000000
ClkCycle:        311, pc_rdata: 00000474, pc_wdata: 00000478, insn: 00000013, mode: 3, rs1_addr:  0, rs1_rdata: 00000000, rs2_addr:  0, rs2_rdata: 00000000, rd_addr:  0, rd_wdata: 00000000, mem_addr: 00000000, mem_rdata: 00000000, mem_wdata: 00000000
ClkCycle:        312, pc_rdata: 00000478, pc_wdata: 0000047c, insn: 00000013, mode: 3, rs1_addr:  0, rs1_rdata: 00000000, rs2_addr:  0, rs2_rdata: 00000000, rd_addr:  0, rd_wdata: 00000000, mem_addr: 00000000, mem_rdata: 00000000, mem_wdata: 00000000
ClkCycle:        313, pc_rdata: 0000047c, pc_wdata: 00000480, insn: 00000013, mode: 3, rs1_addr:  0, rs1_rdata: 00000000, rs2_addr:  0, rs2_rdata: 00000000, rd_addr:  0, rd_wdata: 00000000, mem_addr: 00000000, mem_rdata: 00000000, mem_wdata: 00000000
ClkCycle:        314, pc_rdata: 00000480, pc_wdata: 00000482, insn: 00014ffe, mode: 3, rs1_addr:  2, rs1_rdata: 00001f0c, rs2_addr: 28, rs2_rdata: 00000000, rd_addr: 31, rd_wdata: 00000000, mem_addr: 00001fe8, mem_rdata: 00000000, mem_wdata: 00000000
ClkCycle:        315, pc_rdata: 00000482, pc_wdata: 00000486, insn: 00014ffe, mode: 3, rs1_addr:  0, rs1_rdata: 00000000, rs2_addr:  0, rs2_rdata: 00000000, rd_addr:  0, rd_wdata: 00000000, mem_addr: 00000000, mem_rdata: 00000000, mem_wdata: 00000000
ClkCycle:        316, pc_rdata: 00000486, pc_wdata: 00000488, insn: 001305f4, mode: 3, rs1_addr:  0, rs1_rdata: 00000000, rs2_addr:  0, rs2_rdata: 00000000, rd_addr:  0, rd_wdata: 00000000, mem_addr: 00000000, mem_rdata: 00000000, mem_wdata: 00000000
ClkCycle:        317, pc_rdata: 00000488, pc_wdata: 0000048a, insn: 001305f4, mode: 3, rs1_addr:  2, rs1_rdata: 00001f0c, rs2_addr: 12, rs2_rdata: 00000000, rd_addr: 13, rd_wdata: 000021d8, mem_addr: 000021d8, mem_rdata: 00000000, mem_wdata: 00000000
ClkCycle:        318, pc_rdata: 0000048a, pc_wdata: 0000048e, insn: 001305f4, mode: 3, rs1_addr:  0, rs1_rdata: 00000000, rs2_addr:  0, rs2_rdata: 00000000, rd_addr:  0, rd_wdata: 00000000, mem_addr: 00000000, mem_rdata: 00000000, mem_wdata: 00000000
ClkCycle:        319, pc_rdata: 0000048e, pc_wdata: 00000492, insn: 00130000, mode: 3, rs1_addr:  0, rs1_rdata: 00000000, rs2_addr:  0, rs2_rdata: 00000000, rd_addr:  0, rd_wdata: 00000000, mem_addr: 00000000, mem_rdata: 00000000, mem_wdata: 00000000
ClkCycle:        320, pc_rdata: 00000492, pc_wdata: 00000496, insn: 00130000, mode: 3, rs1_addr:  0, rs1_rdata: 00000000, rs2_addr:  0, rs2_rdata: 00000000, rd_addr:  0, rd_wdata: 00000000, mem_addr: 00000000, mem_rdata: 00000000, mem_wdata: 00000000
ClkCycle:        321, pc_rdata: 00000496, pc_wdata: 0000049a, insn: 00130000, mode: 3, rs1_addr:  0, rs1_rdata: 00000000, rs2_addr:  0, rs2_rdata: 00000000, rd_addr:  0, rd_wdata: 00000000, mem_addr: 00000000, mem_rdata: 00000000, mem_wdata: 00000000
ClkCycle:        322, pc_rdata: 0000049a, pc_wdata: 0000049e, insn: 00130000, mode: 3, rs1_addr:  0, rs1_rdata: 00000000, rs2_addr:  0, rs2_rdata: 00000000, rd_addr:  0, rd_wdata: 00000000, mem_addr: 00000000, mem_rdata: 00000000, mem_wdata: 00000000
ClkCycle:        323, pc_rdata: 0000049e, pc_wdata: 000004a2, insn: 00002117, mode: 3, rs1_addr: 14, rs1_rdata: 00000000, rs2_addr: 17, rs2_rdata: bffeffff, rd_addr:  0, rd_wdata: 00000211, mem_addr: 00000211, mem_rdata: 00000000, mem_wdata: bffeffff
ClkCycle:        324, pc_rdata: 000004a2, pc_wdata: 000004a6, insn: 00002117, mode: 3, rs1_addr:  0, rs1_rdata: 00000000, rs2_addr:  0, rs2_rdata: 00000000, rd_addr:  0, rd_wdata: 00000000, mem_addr: 00000000, mem_rdata: 00000000, mem_wdata: 00000000
ClkCycle:        325, pc_rdata: 000004a6, pc_wdata: 000004a8, insn: 00000013, mode: 3, rs1_addr:  2, rs1_rdata: 00001f0c, rs2_addr:  0, rs2_rdata: 00000000, rd_addr:  8, rd_wdata: 00001f0c, mem_addr: 00001f0c, mem_rdata: 00000000, mem_wdata: 00000000
ClkCycle:        326, pc_rdata: 000004a8, pc_wdata: 000004ac, insn: 00000013, mode: 3, rs1_addr:  0, rs1_rdata: 00000000, rs2_addr:  0, rs2_rdata: 00000000, rd_addr:  0, rd_wdata: 00000000, mem_addr: 00000000, mem_rdata: 00000000, mem_wdata: 00000000
ClkCycle:        327, pc_rdata: 000004ac, pc_wdata: 000004b0, insn: 00000013, mode: 3, rs1_addr:  0, rs1_rdata: 00000000, rs2_addr:  0, rs2_rdata: 00000000, rd_addr:  0, rd_wdata: 00000000, mem_addr: 00000000, mem_rdata: 00000000, mem_wdata: 00000000
ClkCycle:        328, pc_rdata: 000004b0, pc_wdata: 000004b4, insn: 00000013, mode: 3, rs1_addr:  0, rs1_rdata: 00000000, rs2_addr:  0, rs2_rdata: 00000000, rd_addr:  0, rd_wdata: 00000000, mem_addr: 00000000, mem_rdata: 00000000, mem_wdata: 00000000
ClkCycle:        329, pc_rdata: 000004b4, pc_wdata: 000004b8, insn: 00000013, mode: 3, rs1_addr:  0, rs1_rdata: 00000000, rs2_addr:  0, rs2_rdata: 00000000, rd_addr:  0, rd_wdata: 00000000, mem_addr: 00000000, mem_rdata: 00000000, mem_wdata: 00000000
ClkCycle:        330, pc_rdata: 000004b8, pc_wdata: 000004bc, insn: 00000013, mode: 3, rs1_addr:  0, rs1_rdata: 00000000, rs2_addr:  0, rs2_rdata: 00000000, rd_addr:  0, rd_wdata: 00000000, mem_addr: 00000000, mem_rdata: 00000000, mem_wdata: 00000000
ClkCycle:        331, pc_rdata: 000004bc, pc_wdata: 000004c0, insn: 00000013, mode: 3, rs1_addr:  0, rs1_rdata: 00000000, rs2_addr:  0, rs2_rdata: 00000000, rd_addr:  0, rd_wdata: 00000000, mem_addr: 00000000, mem_rdata: 00000000, mem_wdata: 00000000
ClkCycle:        332, pc_rdata: 000004c0, pc_wdata: 000004c2, insn: 00015d7a, mode: 3, rs1_addr:  2, rs1_rdata: 00001f0c, rs2_addr: 28, rs2_rdata: 00000000, rd_addr: 26, rd_wdata: 00000000, mem_addr: 00001fc8, mem_rdata: 00000000, mem_wdata: 00000000
ClkCycle:        333, pc_rdata: 000004c2, pc_wdata: 000004c6, insn: 00015d7a, mode: 3, rs1_addr:  0, rs1_rdata: 00000000, rs2_addr:  0, rs2_rdata: 00000000, rd_addr:  0, rd_wdata: 00000000, mem_addr: 00000000, mem_rdata: 00000000, mem_wdata: 00000000
ClkCycle:        334, pc_rdata: 000004c6, pc_wdata: 000004c8, insn: 001307a4, mode: 3, rs1_addr:  0, rs1_rdata: 00000000, rs2_addr:  0, rs2_rdata: 00000000, rd_addr:  0, rd_wdata: 00000000, mem_addr: 00000000, mem_rdata: 00000000, mem_wdata: 00000000
ClkCycle:        335, pc_rdata: 000004c8, pc_wdata: 000004ca, insn: 001307a4, mode: 3, rs1_addr:  2, rs1_rdata: 00001f0c, rs2_addr:  8, rs2_rdata: 00001f0c, rd_addr:  9, rd_wdata: 000022d4, mem_addr: 000022d4, mem_rdata: 00000000, mem_wdata: 00001f0c
ClkCycle:        336, pc_rdata: 000004ca, pc_wdata: 000004ce, insn: 001307a4, mode: 3, rs1_addr:  0, rs1_rdata: 00000000, rs2_addr:  0, rs2_rdata: 00000000, rd_addr:  0, rd_wdata: 00000000, mem_addr: 00000000, mem_rdata: 00000000, mem_wdata: 00000000
ClkCycle:        337, pc_rdata: 000004ce, pc_wdata: 000004d2, insn: 00130000, mode: 3, rs1_addr:  0, rs1_rdata: 00000000, rs2_addr:  0, rs2_rdata: 00000000, rd_addr:  0, rd_wdata: 00000000, mem_addr: 00000000, mem_rdata: 00000000, mem_wdata: 00000000
ClkCycle:        338, pc_rdata: 000004d2, pc_wdata: 000004d6, insn: 00130000, mode: 3, rs1_addr:  0, rs1_rdata: 00000000, rs2_addr:  0, rs2_rdata: 00000000, rd_addr:  0, rd_wdata: 00000000, mem_addr: 00000000, mem_rdata: 00000000, mem_wdata: 00000000
ClkCycle:        339, pc_rdata: 000004d6, pc_wdata: 000004da, insn: 00130000, mode: 3, rs1_addr:  0, rs1_rdata: 00000000, rs2_addr:  0, rs2_rdata: 00000000, rd_addr:  0, rd_wdata: 00000000, mem_addr: 00000000, mem_rdata: 00000000, mem_wdata: 00000000
ClkCycle:        340, pc_rdata: 000004da, pc_wdata: 000004de, insn: 00130000, mode: 3, rs1_addr:  0, rs1_rdata: 00000000, rs2_addr:  0, rs2_rdata: 00000000, rd_addr:  0, rd_wdata: 00000000, mem_addr: 00000000, mem_rdata: 00000000, mem_wdata: 00000000
ClkCycle:        341, pc_rdata: 000004de, pc_wdata: 000004e2, insn: 00002117, mode: 3, rs1_addr: 14, rs1_rdata: 00000000, rs2_addr: 17, rs2_rdata: bffeffff, rd_addr:  0, rd_wdata: 00000211, mem_addr: 00000211, mem_rdata: 00000000, mem_wdata: bffeffff
ClkCycle:        342, pc_rdata: 000004e2, pc_wdata: 000004e6, insn: 00002117, mode: 3, rs1_addr:  0, rs1_rdata: 00000000, rs2_addr:  0, rs2_rdata: 00000000, rd_addr:  0, rd_wdata: 00000000, mem_addr: 00000000, mem_rdata: 00000000, mem_wdata: 00000000
ClkCycle:        343, pc_rdata: 000004e6, pc_wdata: 000004e8, insn: 00000013, mode: 3, rs1_addr:  2, rs1_rdata: 00001f0c, rs2_addr:  0, rs2_rdata: 00000000, rd_addr:  8, rd_wdata: 00001f0c, mem_addr: 00001f0c, mem_rdata: 00000000, mem_wdata: 00000000
ClkCycle:        344, pc_rdata: 000004e8, pc_wdata: 000004ec, insn: 00000013, mode: 3, rs1_addr:  0, rs1_rdata: 00000000, rs2_addr:  0, rs2_rdata: 00000000, rd_addr:  0, rd_wdata: 00000000, mem_addr: 00000000, mem_rdata: 00000000, mem_wdata: 00000000
ClkCycle:        345, pc_rdata: 000004ec, pc_wdata: 000004f0, insn: 00000013, mode: 3, rs1_addr:  0, rs1_rdata: 00000000, rs2_addr:  0, rs2_rdata: 00000000, rd_addr:  0, rd_wdata: 00000000, mem_addr: 00000000, mem_rdata: 00000000, mem_wdata: 00000000
ClkCycle:        346, pc_rdata: 000004f0, pc_wdata: 000004f4, insn: 00000013, mode: 3, rs1_addr:  0, rs1_rdata: 00000000, rs2_addr:  0, rs2_rdata: 00000000, rd_addr:  0, rd_wdata: 00000000, mem_addr: 00000000, mem_rdata: 00000000, mem_wdata: 00000000
ClkCycle:        347, pc_rdata: 000004f4, pc_wdata: 000004f8, insn: 00000013, mode: 3, rs1_addr:  0, rs1_rdata: 00000000, rs2_addr:  0, rs2_rdata: 00000000, rd_addr:  0, rd_wdata: 00000000, mem_addr: 00000000, mem_rdata: 00000000, mem_wdata: 00000000
ClkCycle:        348, pc_rdata: 000004f8, pc_wdata: 000004fc, insn: 00000013, mode: 3, rs1_addr:  0, rs1_rdata: 00000000, rs2_addr:  0, rs2_rdata: 00000000, rd_addr:  0, rd_wdata: 00000000, mem_addr: 00000000, mem_rdata: 00000000, mem_wdata: 00000000
ClkCycle:        349, pc_rdata: 000004fc, pc_wdata: 00000500, insn: 00000013, mode: 3, rs1_addr:  0, rs1_rdata: 00000000, rs2_addr:  0, rs2_rdata: 00000000, rd_addr:  0, rd_wdata: 00000000, mem_addr: 00000000, mem_rdata: 00000000, mem_wdata: 00000000
ClkCycle:        350, pc_rdata: 00000500, pc_wdata: 00000502, insn: 00015e76, mode: 3, rs1_addr:  2, rs1_rdata: 00001f0c, rs2_addr: 28, rs2_rdata: 00000000, rd_addr: 28, rd_wdata: 00000000, mem_addr: 00001f88, mem_rdata: 00000000, mem_wdata: 00000000
ClkCycle:        351, pc_rdata: 00000502, pc_wdata: 00000506, insn: 00015e76, mode: 3, rs1_addr:  0, rs1_rdata: 00000000, rs2_addr:  0, rs2_rdata: 00000000, rd_addr:  0, rd_wdata: 00000000, mem_addr: 00000000, mem_rdata: 00000000, mem_wdata: 00000000
ClkCycle:        352, pc_rdata: 00000506, pc_wdata: 00000508, insn: 001307c4, mode: 3, rs1_addr:  0, rs1_rdata: 00000000, rs2_addr:  0, rs2_rdata: 00000000, rd_addr:  0, rd_wdata: 00000000, mem_addr: 00000000, mem_rdata: 00000000, mem_wdata: 00000000
ClkCycle:        353, pc_rdata: 00000508, pc_wdata: 0000050a, insn: 001307c4, mode: 3, rs1_addr:  2, rs1_rdata: 00001f0c, rs2_addr:  4, rs2_rdata: 6dfdffff, rd_addr:  9, rd_wdata: 000022d0, mem_addr: 000022d0, mem_rdata: 00000000, mem_wdata: 6dfdffff
ClkCycle:        354, pc_rdata: 0000050a, pc_wdata: 0000050e, insn: 001307c4, mode: 3, rs1_addr:  0, rs1_rdata: 00000000, rs2_addr:  0, rs2_rdata: 00000000, rd_addr:  0, rd_wdata: 00000000, mem_addr: 00000000, mem_rdata: 00000000, mem_wdata: 00000000
ClkCycle:        355, pc_rdata: 0000050e, pc_wdata: 00000512, insn: 00130000, mode: 3, rs1_addr:  0, rs1_rdata: 00000000, rs2_addr:  0, rs2_rdata: 00000000, rd_addr:  0, rd_wdata: 00000000, mem_addr: 00000000, mem_rdata: 00000000, mem_wdata: 00000000
ClkCycle:        356, pc_rdata: 00000512, pc_wdata: 00000516, insn: 00130000, mode: 3, rs1_addr:  0, rs1_rdata: 00000000, rs2_addr:  0, rs2_rdata: 00000000, rd_addr:  0, rd_wdata: 00000000, mem_addr: 00000000, mem_rdata: 00000000, mem_wdata: 00000000
ClkCycle:        357, pc_rdata: 00000516, pc_wdata: 0000051a, insn: 00130000, mode: 3, rs1_addr:  0, rs1_rdata: 00000000, rs2_addr:  0, rs2_rdata: 00000000, rd_addr:  0, rd_wdata: 00000000, mem_addr: 00000000, mem_rdata: 00000000, mem_wdata: 00000000
ClkCycle:        358, pc_rdata: 0000051a, pc_wdata: 0000051e, insn: 00130000, mode: 3, rs1_addr:  0, rs1_rdata: 00000000, rs2_addr:  0, rs2_rdata: 00000000, rd_addr:  0, rd_wdata: 00000000, mem_addr: 00000000, mem_rdata: 00000000, mem_wdata: 00000000
ClkCycle:        359, pc_rdata: 0000051e, pc_wdata: 00000522, insn: 00002117, mode: 3, rs1_addr: 14, rs1_rdata: 00000000, rs2_addr: 17, rs2_rdata: bffeffff, rd_addr:  0, rd_wdata: 00000211, mem_addr: 00000211, mem_rdata: 00000000, mem_wdata: bffeffff
ClkCycle:        360, pc_rdata: 00000522, pc_wdata: 00000526, insn: 00002117, mode: 3, rs1_addr:  0, rs1_rdata: 00000000, rs2_addr:  0, rs2_rdata: 00000000, rd_addr:  0, rd_wdata: 00000000, mem_addr: 00000000, mem_rdata: 00000000, mem_wdata: 00000000
ClkCycle:        361, pc_rdata: 00000526, pc_wdata: 00000528, insn: 00000013, mode: 3, rs1_addr:  2, rs1_rdata: 00001f0c, rs2_addr:  0, rs2_rdata: 00000000, rd_addr:  8, rd_wdata: 00001f0c, mem_addr: 00001f0c, mem_rdata: 00000000, mem_wdata: 00000000
ClkCycle:        362, pc_rdata: 00000528, pc_wdata: 0000052c, insn: 00000013, mode: 3, rs1_addr:  0, rs1_rdata: 00000000, rs2_addr:  0, rs2_rdata: 00000000, rd_addr:  0, rd_wdata: 00000000, mem_addr: 00000000, mem_rdata: 00000000, mem_wdata: 00000000
ClkCycle:        363, pc_rdata: 0000052c, pc_wdata: 00000530, insn: 00000013, mode: 3, rs1_addr:  0, rs1_rdata: 00000000, rs2_addr:  0, rs2_rdata: 00000000, rd_addr:  0, rd_wdata: 00000000, mem_addr: 00000000, mem_rdata: 00000000, mem_wdata: 00000000
ClkCycle:        364, pc_rdata: 00000530, pc_wdata: 00000534, insn: 00000013, mode: 3, rs1_addr:  0, rs1_rdata: 00000000, rs2_addr:  0, rs2_rdata: 00000000, rd_addr:  0, rd_wdata: 00000000, mem_addr: 00000000, mem_rdata: 00000000, mem_wdata: 00000000
ClkCycle:        365, pc_rdata: 00000534, pc_wdata: 00000538, insn: 00000013, mode: 3, rs1_addr:  0, rs1_rdata: 00000000, rs2_addr:  0, rs2_rdata: 00000000, rd_addr:  0, rd_wdata: 00000000, mem_addr: 00000000, mem_rdata: 00000000, mem_wdata: 00000000
ClkCycle:        366, pc_rdata: 00000538, pc_wdata: 0000053c, insn: 00000013, mode: 3, rs1_addr:  0, rs1_rdata: 00000000, rs2_addr:  0, rs2_rdata: 00000000, rd_addr:  0, rd_wdata: 00000000, mem_addr: 00000000, mem_rdata: 00000000, mem_wdata: 00000000
ClkCycle:        367, pc_rdata: 0000053c, pc_wdata: 00000540, insn: 00000013, mode: 3, rs1_addr:  0, rs1_rdata: 00000000, rs2_addr:  0, rs2_rdata: 00000000, rd_addr:  0, rd_wdata: 00000000, mem_addr: 00000000, mem_rdata: 00000000, mem_wdata: 00000000
ClkCycle:        368, pc_rdata: 00000540, pc_wdata: 00000542, insn: 00014ad6, mode: 3, rs1_addr:  2, rs1_rdata: 00001f0c, rs2_addr: 20, rs2_rdata: d5bffdff, rd_addr: 21, rd_wdata: 00000000, mem_addr: 00001f60, mem_rdata: 00000000, mem_wdata: d5bffdff
ClkCycle:        369, pc_rdata: 00000542, pc_wdata: 00000546, insn: 00014ad6, mode: 3, rs1_addr:  0, rs1_rdata: 00000000, rs2_addr:  0, rs2_rdata: 00000000, rd_addr:  0, rd_wdata: 00000000, mem_addr: 00000000, mem_rdata: 00000000, mem_wdata: 00000000
ClkCycle:        370, pc_rdata: 00000546, pc_wdata: 00000548, insn: 00130754, mode: 3, rs1_addr:  0, rs1_rdata: 00000000, rs2_addr:  0, rs2_rdata: 00000000, rd_addr:  0, rd_wdata: 00000000, mem_addr: 00000000, mem_rdata: 00000000, mem_wdata: 00000000
ClkCycle:        371, pc_rdata: 00000548, pc_wdata: 0000054a, insn: 00130754, mode: 3, rs1_addr:  2, rs1_rdata: 00001f0c, rs2_addr:  4, rs2_rdata: 6dfdffff, rd_addr: 13, rd_wdata: 00002290, mem_addr: 00002290, mem_rdata: 00000000, mem_wdata: 6dfdffff
ClkCycle:        372, pc_rdata: 0000054a, pc_wdata: 0000054e, insn: 00130754, mode: 3, rs1_addr:  0, rs1_rdata: 00000000, rs2_addr:  0, rs2_rdata: 00000000, rd_addr:  0, rd_wdata: 00000000, mem_addr: 00000000, mem_rdata: 00000000, mem_wdata: 00000000
ClkCycle:        373, pc_rdata: 0000054e, pc_wdata: 00000552, insn: 00130000, mode: 3, rs1_addr:  0, rs1_rdata: 00000000, rs2_addr:  0, rs2_rdata: 00000000, rd_addr:  0, rd_wdata: 00000000, mem_addr: 00000000, mem_rdata: 00000000, mem_wdata: 00000000
ClkCycle:        374, pc_rdata: 00000552, pc_wdata: 00000556, insn: 00130000, mode: 3, rs1_addr:  0, rs1_rdata: 00000000, rs2_addr:  0, rs2_rdata: 00000000, rd_addr:  0, rd_wdata: 00000000, mem_addr: 00000000, mem_rdata: 00000000, mem_wdata: 00000000
ClkCycle:        375, pc_rdata: 00000556, pc_wdata: 0000055a, insn: 00130000, mode: 3, rs1_addr:  0, rs1_rdata: 00000000, rs2_addr:  0, rs2_rdata: 00000000, rd_addr:  0, rd_wdata: 00000000, mem_addr: 00000000, mem_rdata: 00000000, mem_wdata: 00000000
ClkCycle:        376, pc_rdata: 0000055a, pc_wdata: 0000055e, insn: 00130000, mode: 3, rs1_addr:  0, rs1_rdata: 00000000, rs2_addr:  0, rs2_rdata: 00000000, rd_addr:  0, rd_wdata: 00000000, mem_addr: 00000000, mem_rdata: 00000000, mem_wdata: 00000000
ClkCycle:        377, pc_rdata: 0000055e, pc_wdata: 00000562, insn: 00002117, mode: 3, rs1_addr: 14, rs1_rdata: 00000000, rs2_addr: 17, rs2_rdata: bffeffff, rd_addr:  0, rd_wdata: 00000211, mem_addr: 00000211, mem_rdata: 00000000, mem_wdata: bffeffff
ClkCycle:        378, pc_rdata: 00000562, pc_wdata: 00000566, insn: 00002117, mode: 3, rs1_addr:  0, rs1_rdata: 00000000, rs2_addr:  0, rs2_rdata: 00000000, rd_addr:  0, rd_wdata: 00000000, mem_addr: 00000000, mem_rdata: 00000000, mem_wdata: 00000000
ClkCycle:        379, pc_rdata: 00000566, pc_wdata: 00000568, insn: 00000013, mode: 3, rs1_addr:  2, rs1_rdata: 00001f0c, rs2_addr:  0, rs2_rdata: 00000000, rd_addr:  8, rd_wdata: 00001f0c, mem_addr: 00001f0c, mem_rdata: 00000000, mem_wdata: 00000000
ClkCycle:        380, pc_rdata: 00000568, pc_wdata: 0000056c, insn: 00000013, mode: 3, rs1_addr:  0, rs1_rdata: 00000000, rs2_addr:  0, rs2_rdata: 00000000, rd_addr:  0, rd_wdata: 00000000, mem_addr: 00000000, mem_rdata: 00000000, mem_wdata: 00000000
ClkCycle:        381, pc_rdata: 0000056c, pc_wdata: 00000570, insn: 00000013, mode: 3, rs1_addr:  0, rs1_rdata: 00000000, rs2_addr:  0, rs2_rdata: 00000000, rd_addr:  0, rd_wdata: 00000000, mem_addr: 00000000, mem_rdata: 00000000, mem_wdata: 00000000
ClkCycle:        382, pc_rdata: 00000570, pc_wdata: 00000574, insn: 00000013, mode: 3, rs1_addr:  0, rs1_rdata: 00000000, rs2_addr:  0, rs2_rdata: 00000000, rd_addr:  0, rd_wdata: 00000000, mem_addr: 00000000, mem_rdata: 00000000, mem_wdata: 00000000
ClkCycle:        383, pc_rdata: 00000574, pc_wdata: 00000578, insn: 00000013, mode: 3, rs1_addr:  0, rs1_rdata: 00000000, rs2_addr:  0, rs2_rdata: 00000000, rd_addr:  0, rd_wdata: 00000000, mem_addr: 00000000, mem_rdata: 00000000, mem_wdata: 00000000
ClkCycle:        384, pc_rdata: 00000578, pc_wdata: 0000057c, insn: 00000013, mode: 3, rs1_addr:  0, rs1_rdata: 00000000, rs2_addr:  0, rs2_rdata: 00000000, rd_addr:  0, rd_wdata: 00000000, mem_addr: 00000000, mem_rdata: 00000000, mem_wdata: 00000000
ClkCycle:        385, pc_rdata: 0000057c, pc_wdata: 00000580, insn: 00000013, mode: 3, rs1_addr:  0, rs1_rdata: 00000000, rs2_addr:  0, rs2_rdata: 00000000, rd_addr:  0, rd_wdata: 00000000, mem_addr: 00000000, mem_rdata: 00000000, mem_wdata: 00000000
ClkCycle:        386, pc_rdata: 00000580, pc_wdata: 00000582, insn: 00015f2a, mode: 3, rs1_addr:  2, rs1_rdata: 00001f0c, rs2_addr:  8, rs2_rdata: 00001f0c, rd_addr: 30, rd_wdata: 00000000, mem_addr: 00001fb4, mem_rdata: 00000000, mem_wdata: 00001f0c
ClkCycle:        387, pc_rdata: 00000582, pc_wdata: 00000586, insn: 00015f2a, mode: 3, rs1_addr:  0, rs1_rdata: 00000000, rs2_addr:  0, rs2_rdata: 00000000, rd_addr:  0, rd_wdata: 00000000, mem_addr: 00000000, mem_rdata: 00000000, mem_wdata: 00000000
ClkCycle:        388, pc_rdata: 00000586, pc_wdata: 00000588, insn: 001307e4, mode: 3, rs1_addr:  0, rs1_rdata: 00000000, rs2_addr:  0, rs2_rdata: 00000000, rd_addr:  0, rd_wdata: 00000000, mem_addr: 00000000, mem_rdata: 00000000, mem_wdata: 00000000
ClkCycle:        389, pc_rdata: 00000588, pc_wdata: 0000058a, insn: 001307e4, mode: 3, rs1_addr:  2, rs1_rdata: 00001f0c, rs2_addr: 12, rs2_rdata: 00000000, rd_addr:  9, rd_wdata: 000022d8, mem_addr: 000022d8, mem_rdata: 00000000, mem_wdata: 00000000
ClkCycle:        390, pc_rdata: 0000058a, pc_wdata: 0000058e, insn: 001307e4, mode: 3, rs1_addr:  0, rs1_rdata: 00000000, rs2_addr:  0, rs2_rdata: 00000000, rd_addr:  0, rd_wdata: 00000000, mem_addr: 00000000, mem_rdata: 00000000, mem_wdata: 00000000
ClkCycle:        391, pc_rdata: 0000058e, pc_wdata: 00000592, insn: 00130000, mode: 3, rs1_addr:  0, rs1_rdata: 00000000, rs2_addr:  0, rs2_rdata: 00000000, rd_addr:  0, rd_wdata: 00000000, mem_addr: 00000000, mem_rdata: 00000000, mem_wdata: 00000000
ClkCycle:        392, pc_rdata: 00000592, pc_wdata: 00000596, insn: 00130000, mode: 3, rs1_addr:  0, rs1_rdata: 00000000, rs2_addr:  0, rs2_rdata: 00000000, rd_addr:  0, rd_wdata: 00000000, mem_addr: 00000000, mem_rdata: 00000000, mem_wdata: 00000000
ClkCycle:        393, pc_rdata: 00000596, pc_wdata: 0000059a, insn: 00130000, mode: 3, rs1_addr:  0, rs1_rdata: 00000000, rs2_addr:  0, rs2_rdata: 00000000, rd_addr:  0, rd_wdata: 00000000, mem_addr: 00000000, mem_rdata: 00000000, mem_wdata: 00000000
ClkCycle:        394, pc_rdata: 0000059a, pc_wdata: 0000059e, insn: 00130000, mode: 3, rs1_addr:  0, rs1_rdata: 00000000, rs2_addr:  0, rs2_rdata: 00000000, rd_addr:  0, rd_wdata: 00000000, mem_addr: 00000000, mem_rdata: 00000000, mem_wdata: 00000000
ClkCycle:        395, pc_rdata: 0000059e, pc_wdata: 000005a2, insn: 00002117, mode: 3, rs1_addr: 14, rs1_rdata: 00000000, rs2_addr: 17, rs2_rdata: bffeffff, rd_addr:  0, rd_wdata: 00000211, mem_addr: 00000211, mem_rdata: 00000000, mem_wdata: bffeffff
ClkCycle:        396, pc_rdata: 000005a2, pc_wdata: 000005a6, insn: 00002117, mode: 3, rs1_addr:  0, rs1_rdata: 00000000, rs2_addr:  0, rs2_rdata: 00000000, rd_addr:  0, rd_wdata: 00000000, mem_addr: 00000000, mem_rdata: 00000000, mem_wdata: 00000000
ClkCycle:        397, pc_rdata: 000005a6, pc_wdata: 000005a8, insn: 00000013, mode: 3, rs1_addr:  2, rs1_rdata: 00001f0c, rs2_addr:  0, rs2_rdata: 00000000, rd_addr:  8, rd_wdata: 00001f0c, mem_addr: 00001f0c, mem_rdata: 00000000, mem_wdata: 00000000
ClkCycle:        398, pc_rdata: 000005a8, pc_wdata: 000005ac, insn: 00000013, mode: 3, rs1_addr:  0, rs1_rdata: 00000000, rs2_addr:  0, rs2_rdata: 00000000, rd_addr:  0, rd_wdata: 00000000, mem_addr: 00000000, mem_rdata: 00000000, mem_wdata: 00000000
ClkCycle:        399, pc_rdata: 000005ac, pc_wdata: 000005b0, insn: 00000013, mode: 3, rs1_addr:  0, rs1_rdata: 00000000, rs2_addr:  0, rs2_rdata: 00000000, rd_addr:  0, rd_wdata: 00000000, mem_addr: 00000000, mem_rdata: 00000000, mem_wdata: 00000000
ClkCycle:        400, pc_rdata: 000005b0, pc_wdata: 000005b4, insn: 00000013, mode: 3, rs1_addr:  0, rs1_rdata: 00000000, rs2_addr:  0, rs2_rdata: 00000000, rd_addr:  0, rd_wdata: 00000000, mem_addr: 00000000, mem_rdata: 00000000, mem_wdata: 00000000
ClkCycle:        401, pc_rdata: 000005b4, pc_wdata: 000005b8, insn: 00000013, mode: 3, rs1_addr:  0, rs1_rdata: 00000000, rs2_addr:  0, rs2_rdata: 00000000, rd_addr:  0, rd_wdata: 00000000, mem_addr: 00000000, mem_rdata: 00000000, mem_wdata: 00000000
ClkCycle:        402, pc_rdata: 000005b8, pc_wdata: 000005bc, insn: 00000013, mode: 3, rs1_addr:  0, rs1_rdata: 00000000, rs2_addr:  0, rs2_rdata: 00000000, rd_addr:  0, rd_wdata: 00000000, mem_addr: 00000000, mem_rdata: 00000000, mem_wdata: 00000000
ClkCycle:        403, pc_rdata: 000005bc, pc_wdata: 000005c0, insn: 00000013, mode: 3, rs1_addr:  0, rs1_rdata: 00000000, rs2_addr:  0, rs2_rdata: 00000000, rd_addr:  0, rd_wdata: 00000000, mem_addr: 00000000, mem_rdata: 00000000, mem_wdata: 00000000
ClkCycle:        404, pc_rdata: 000005c0, pc_wdata: 000005c2, insn: 00014702, mode: 3, rs1_addr:  2, rs1_rdata: 00001f0c, rs2_addr:  0, rs2_rdata: 00000000, rd_addr: 14, rd_wdata: 00000000, mem_addr: 00001f0c, mem_rdata: 00000000, mem_wdata: 00000000
ClkCycle:        405, pc_rdata: 000005c2, pc_wdata: 000005c6, insn: 00014702, mode: 3, rs1_addr:  0, rs1_rdata: 00000000, rs2_addr:  0, rs2_rdata: 00000000, rd_addr:  0, rd_wdata: 00000000, mem_addr: 00000000, mem_rdata: 00000000, mem_wdata: 00000000
ClkCycle:        406, pc_rdata: 000005c6, pc_wdata: 000005c8, insn: 00000013, mode: 3, rs1_addr:  0, rs1_rdata: 00000000, rs2_addr:  0, rs2_rdata: 00000000, rd_addr:  0, rd_wdata: 00000000, mem_addr: 00000000, mem_rdata: 00000000, mem_wdata: 00000000
ClkCycle:        407, pc_rdata: 000005c8, pc_wdata: 000005cc, insn: 00000013, mode: 3, rs1_addr:  0, rs1_rdata: 00000000, rs2_addr:  0, rs2_rdata: 00000000, rd_addr:  0, rd_wdata: 00000000, mem_addr: 00000000, mem_rdata: 00000000, mem_wdata: 00000000
ClkCycle:        408, pc_rdata: 000005cc, pc_wdata: 000005d0, insn: 00000013, mode: 3, rs1_addr:  0, rs1_rdata: 00000000, rs2_addr:  0, rs2_rdata: 00000000, rd_addr:  0, rd_wdata: 00000000, mem_addr: 00000000, mem_rdata: 00000000, mem_wdata: 00000000
ClkCycle:        409, pc_rdata: 000005d0, pc_wdata: 000005d4, insn: 00000013, mode: 3, rs1_addr:  0, rs1_rdata: 00000000, rs2_addr:  0, rs2_rdata: 00000000, rd_addr:  0, rd_wdata: 00000000, mem_addr: 00000000, mem_rdata: 00000000, mem_wdata: 00000000
ClkCycle:        410, pc_rdata: 000005d4, pc_wdata: 000005d8, insn: 00000013, mode: 3, rs1_addr:  0, rs1_rdata: 00000000, rs2_addr:  0, rs2_rdata: 00000000, rd_addr:  0, rd_wdata: 00000000, mem_addr: 00000000, mem_rdata: 00000000, mem_wdata: 00000000
ClkCycle:        411, pc_rdata: 000005d8, pc_wdata: 000005dc, insn: 00000013, mode: 3, rs1_addr:  0, rs1_rdata: 00000000, rs2_addr:  0, rs2_rdata: 00000000, rd_addr:  0, rd_wdata: 00000000, mem_addr: 00000000, mem_rdata: 00000000, mem_wdata: 00000000
ClkCycle:        412, pc_rdata: 000005dc, pc_wdata: 000005e0, insn: 00000013, mode: 3, rs1_addr:  0, rs1_rdata: 00000000, rs2_addr:  0, rs2_rdata: 00000000, rd_addr:  0, rd_wdata: 00000000, mem_addr: 00000000, mem_rdata: 00000000, mem_wdata: 00000000
ClkCycle:        413, pc_rdata: 000005e0, pc_wdata: 000005e4, insn: 00002117, mode: 3, rs1_addr:  0, rs1_rdata: 00000000, rs2_addr:  0, rs2_rdata: 00000000, rd_addr:  2, rd_wdata: 000025e0, mem_addr: 000025e0, mem_rdata: 00000000, mem_wdata: 00000000
ClkCycle:        414, pc_rdata: 000005e4, pc_wdata: 000005e8, insn: a2010113, mode: 3, rs1_addr:  2, rs1_rdata: 00001f0c, rs2_addr:  0, rs2_rdata: 00000000, rd_addr:  2, rd_wdata: 00002000, mem_addr: 00002000, mem_rdata: 00000000, mem_wdata: 00000000
ClkCycle:        415, pc_rdata: 000005e8, pc_wdata: 000005ec, insn: 00000013, mode: 3, rs1_addr:  0, rs1_rdata: 00000000, rs2_addr:  0, rs2_rdata: 00000000, rd_addr:  0, rd_wdata: 00000000, mem_addr: 00000000, mem_rdata: 00000000, mem_wdata: 00000000
ClkCycle:        416, pc_rdata: 000005ec, pc_wdata: 000005f0, insn: 00000013, mode: 3, rs1_addr:  0, rs1_rdata: 00000000, rs2_addr:  0, rs2_rdata: 00000000, rd_addr:  0, rd_wdata: 00000000, mem_addr: 00000000, mem_rdata: 00000000, mem_wdata: 00000000
ClkCycle:        417, pc_rdata: 000005f0, pc_wdata: 000005f4, insn: 00000013, mode: 3, rs1_addr:  0, rs1_rdata: 00000000, rs2_addr:  0, rs2_rdata: 00000000, rd_addr:  0, rd_wdata: 00000000, mem_addr: 00000000, mem_rdata: 00000000, mem_wdata: 00000000
ClkCycle:        418, pc_rdata: 000005f4, pc_wdata: 000005f8, insn: 00000013, mode: 3, rs1_addr:  0, rs1_rdata: 00000000, rs2_addr:  0, rs2_rdata: 00000000, rd_addr:  0, rd_wdata: 00000000, mem_addr: 00000000, mem_rdata: 00000000, mem_wdata: 00000000
ClkCycle:        419, pc_rdata: 000005f8, pc_wdata: 000005fc, insn: 00000013, mode: 3, rs1_addr:  0, rs1_rdata: 00000000, rs2_addr:  0, rs2_rdata: 00000000, rd_addr:  0, rd_wdata: 00000000, mem_addr: 00000000, mem_rdata: 00000000, mem_wdata: 00000000
ClkCycle:        420, pc_rdata: 000005fc, pc_wdata: 00000600, insn: 00000013, mode: 3, rs1_addr:  0, rs1_rdata: 00000000, rs2_addr:  0, rs2_rdata: 00000000, rd_addr:  0, rd_wdata: 00000000, mem_addr: 00000000, mem_rdata: 00000000, mem_wdata: 00000000
ClkCycle:        421, pc_rdata: 00000600, pc_wdata: 00000602, insn: 00014682, mode: 3, rs1_addr:  2, rs1_rdata: 00002000, rs2_addr:  0, rs2_rdata: 00000000, rd_addr: 13, rd_wdata: 00000000, mem_addr: 00002000, mem_rdata: 00000000, mem_wdata: 00000000
ClkCycle:        422, pc_rdata: 00000602, pc_wdata: 00000606, insn: 00014682, mode: 3, rs1_addr:  0, rs1_rdata: 00000000, rs2_addr:  0, rs2_rdata: 00000000, rd_addr:  0, rd_wdata: 00000000, mem_addr: 00000000, mem_rdata: 00000000, mem_wdata: 00000000
ClkCycle:        423, pc_rdata: 00000606, pc_wdata: 00000608, insn: 00000013, mode: 3, rs1_addr:  0, rs1_rdata: 00000000, rs2_addr:  0, rs2_rdata: 00000000, rd_addr:  0, rd_wdata: 00000000, mem_addr: 00000000, mem_rdata: 00000000, mem_wdata: 00000000
ClkCycle:        424, pc_rdata: 00000608, pc_wdata: 0000060c, insn: 00000013, mode: 3, rs1_addr:  0, rs1_rdata: 00000000, rs2_addr:  0, rs2_rdata: 00000000, rd_addr:  0, rd_wdata: 00000000, mem_addr: 00000000, mem_rdata: 00000000, mem_wdata: 00000000
ClkCycle:        425, pc_rdata: 0000060c, pc_wdata: 00000610, insn: 00000013, mode: 3, rs1_addr:  0, rs1_rdata: 00000000, rs2_addr:  0, rs2_rdata: 00000000, rd_addr:  0, rd_wdata: 00000000, mem_addr: 00000000, mem_rdata: 00000000, mem_wdata: 00000000
ClkCycle:        426, pc_rdata: 00000610, pc_wdata: 00000614, insn: 00000013, mode: 3, rs1_addr:  0, rs1_rdata: 00000000, rs2_addr:  0, rs2_rdata: 00000000, rd_addr:  0, rd_wdata: 00000000, mem_addr: 00000000, mem_rdata: 00000000, mem_wdata: 00000000
ClkCycle:        427, pc_rdata: 00000614, pc_wdata: 00000618, insn: 00000013, mode: 3, rs1_addr:  0, rs1_rdata: 00000000, rs2_addr:  0, rs2_rdata: 00000000, rd_addr:  0, rd_wdata: 00000000, mem_addr: 00000000, mem_rdata: 00000000, mem_wdata: 00000000
ClkCycle:        428, pc_rdata: 00000618, pc_wdata: 0000061c, insn: 00000013, mode: 3, rs1_addr:  0, rs1_rdata: 00000000, rs2_addr:  0, rs2_rdata: 00000000, rd_addr:  0, rd_wdata: 00000000, mem_addr: 00000000, mem_rdata: 00000000, mem_wdata: 00000000
ClkCycle:        429, pc_rdata: 0000061c, pc_wdata: 00000620, insn: 00000013, mode: 3, rs1_addr:  0, rs1_rdata: 00000000, rs2_addr:  0, rs2_rdata: 00000000, rd_addr:  0, rd_wdata: 00000000, mem_addr: 00000000, mem_rdata: 00000000, mem_wdata: 00000000
ClkCycle:        430, pc_rdata: 00000620, pc_wdata: 00000624, insn: 00002117, mode: 3, rs1_addr:  0, rs1_rdata: 00000000, rs2_addr:  0, rs2_rdata: 00000000, rd_addr:  2, rd_wdata: 00002620, mem_addr: 00002620, mem_rdata: 00000000, mem_wdata: 00000000
ClkCycle:        431, pc_rdata: 00000624, pc_wdata: 00000628, insn: 9e010113, mode: 3, rs1_addr:  2, rs1_rdata: 00002000, rs2_addr:  0, rs2_rdata: 00000000, rd_addr:  2, rd_wdata: 00002000, mem_addr: 00002000, mem_rdata: 00000000, mem_wdata: 00000000
ClkCycle:        432, pc_rdata: 00000628, pc_wdata: 0000062c, insn: 00000013, mode: 3, rs1_addr:  0, rs1_rdata: 00000000, rs2_addr:  0, rs2_rdata: 00000000, rd_addr:  0, rd_wdata: 00000000, mem_addr: 00000000, mem_rdata: 00000000, mem_wdata: 00000000
ClkCycle:        433, pc_rdata: 0000062c, pc_wdata: 00000630, insn: 00000013, mode: 3, rs1_addr:  0, rs1_rdata: 00000000, rs2_addr:  0, rs2_rdata: 00000000, rd_addr:  0, rd_wdata: 00000000, mem_addr: 00000000, mem_rdata: 00000000, mem_wdata: 00000000
ClkCycle:        434, pc_rdata: 00000630, pc_wdata: 00000634, insn: 00000013, mode: 3, rs1_addr:  0, rs1_rdata: 00000000, rs2_addr:  0, rs2_rdata: 00000000, rd_addr:  0, rd_wdata: 00000000, mem_addr: 00000000, mem_rdata: 00000000, mem_wdata: 00000000
ClkCycle:        435, pc_rdata: 00000634, pc_wdata: 00000638, insn: 00000013, mode: 3, rs1_addr:  0, rs1_rdata: 00000000, rs2_addr:  0, rs2_rdata: 00000000, rd_addr:  0, rd_wdata: 00000000, mem_addr: 00000000, mem_rdata: 00000000, mem_wdata: 00000000
ClkCycle:        436, pc_rdata: 00000638, pc_wdata: 0000063c, insn: 00000013, mode: 3, rs1_addr:  0, rs1_rdata: 00000000, rs2_addr:  0, rs2_rdata: 00000000, rd_addr:  0, rd_wdata: 00000000, mem_addr: 00000000, mem_rdata: 00000000, mem_wdata: 00000000
ClkCycle:        437, pc_rdata: 0000063c, pc_wdata: 00000640, insn: 00000013, mode: 3, rs1_addr:  0, rs1_rdata: 00000000, rs2_addr:  0, rs2_rdata: 00000000, rd_addr:  0, rd_wdata: 00000000, mem_addr: 00000000, mem_rdata: 00000000, mem_wdata: 00000000
ClkCycle:        438, pc_rdata: 00000640, pc_wdata: 00000642, insn: 00014a02, mode: 3, rs1_addr:  2, rs1_rdata: 00002000, rs2_addr:  0, rs2_rdata: 00000000, rd_addr: 20, rd_wdata: 00000000, mem_addr: 00002000, mem_rdata: 00000000, mem_wdata: 00000000
ClkCycle:        439, pc_rdata: 00000642, pc_wdata: 00000646, insn: 00014a02, mode: 3, rs1_addr:  0, rs1_rdata: 00000000, rs2_addr:  0, rs2_rdata: 00000000, rd_addr:  0, rd_wdata: 00000000, mem_addr: 00000000, mem_rdata: 00000000, mem_wdata: 00000000
ClkCycle:        440, pc_rdata: 00000646, pc_wdata: 00000648, insn: 00130944, mode: 3, rs1_addr:  0, rs1_rdata: 00000000, rs2_addr:  0, rs2_rdata: 00000000, rd_addr:  0, rd_wdata: 00000000, mem_addr: 00000000, mem_rdata: 00000000, mem_wdata: 00000000
ClkCycle:        441, pc_rdata: 00000648, pc_wdata: 0000064a, insn: 00130944, mode: 3, rs1_addr:  2, rs1_rdata: 00002000, rs2_addr: 20, rs2_rdata: 00000000, rd_addr:  9, rd_wdata: 00002094, mem_addr: 00002094, mem_rdata: 00000000, mem_wdata: 00000000
ClkCycle:        442, pc_rdata: 0000064a, pc_wdata: 0000064e, insn: 00130944, mode: 3, rs1_addr:  0, rs1_rdata: 00000000, rs2_addr:  0, rs2_rdata: 00000000, rd_addr:  0, rd_wdata: 00000000, mem_addr: 00000000, mem_rdata: 00000000, mem_wdata: 00000000
ClkCycle:        443, pc_rdata: 0000064e, pc_wdata: 00000652, insn: 00130000, mode: 3, rs1_addr:  0, rs1_rdata: 00000000, rs2_addr:  0, rs2_rdata: 00000000, rd_addr:  0, rd_wdata: 00000000, mem_addr: 00000000, mem_rdata: 00000000, mem_wdata: 00000000
ClkCycle:        444, pc_rdata: 00000652, pc_wdata: 00000656, insn: 00130000, mode: 3, rs1_addr:  0, rs1_rdata: 00000000, rs2_addr:  0, rs2_rdata: 00000000, rd_addr:  0, rd_wdata: 00000000, mem_addr: 00000000, mem_rdata: 00000000, mem_wdata: 00000000
ClkCycle:        445, pc_rdata: 00000656, pc_wdata: 0000065a, insn: 00130000, mode: 3, rs1_addr:  0, rs1_rdata: 00000000, rs2_addr:  0, rs2_rdata: 00000000, rd_addr:  0, rd_wdata: 00000000, mem_addr: 00000000, mem_rdata: 00000000, mem_wdata: 00000000
ClkCycle:        446, pc_rdata: 0000065a, pc_wdata: 0000065e, insn: 00130000, mode: 3, rs1_addr:  0, rs1_rdata: 00000000, rs2_addr:  0, rs2_rdata: 00000000, rd_addr:  0, rd_wdata: 00000000, mem_addr: 00000000, mem_rdata: 00000000, mem_wdata: 00000000
ClkCycle:        447, pc_rdata: 0000065e, pc_wdata: 00000662, insn: 00002117, mode: 3, rs1_addr: 14, rs1_rdata: 00000000, rs2_addr: 17, rs2_rdata: bffeffff, rd_addr:  0, rd_wdata: 00000211, mem_addr: 00000211, mem_rdata: 00000000, mem_wdata: bffeffff
ClkCycle:        448, pc_rdata: 00000662, pc_wdata: 00000666, insn: 00002117, mode: 3, rs1_addr:  0, rs1_rdata: 00000000, rs2_addr:  0, rs2_rdata: 00000000, rd_addr:  0, rd_wdata: 00000000, mem_addr: 00000000, mem_rdata: 00000000, mem_wdata: 00000000
ClkCycle:        449, pc_rdata: 00000666, pc_wdata: 00000668, insn: 00000013, mode: 3, rs1_addr:  2, rs1_rdata: 00002000, rs2_addr:  0, rs2_rdata: 00000000, rd_addr:  8, rd_wdata: 00002000, mem_addr: 00002000, mem_rdata: 00000000, mem_wdata: 00000000
ClkCycle:        450, pc_rdata: 00000668, pc_wdata: 0000066c, insn: 00000013, mode: 3, rs1_addr:  0, rs1_rdata: 00000000, rs2_addr:  0, rs2_rdata: 00000000, rd_addr:  0, rd_wdata: 00000000, mem_addr: 00000000, mem_rdata: 00000000, mem_wdata: 00000000
ClkCycle:        451, pc_rdata: 0000066c, pc_wdata: 00000670, insn: 00000013, mode: 3, rs1_addr:  0, rs1_rdata: 00000000, rs2_addr:  0, rs2_rdata: 00000000, rd_addr:  0, rd_wdata: 00000000, mem_addr: 00000000, mem_rdata: 00000000, mem_wdata: 00000000
ClkCycle:        452, pc_rdata: 00000670, pc_wdata: 00000674, insn: 00000013, mode: 3, rs1_addr:  0, rs1_rdata: 00000000, rs2_addr:  0, rs2_rdata: 00000000, rd_addr:  0, rd_wdata: 00000000, mem_addr: 00000000, mem_rdata: 00000000, mem_wdata: 00000000
ClkCycle:        453, pc_rdata: 00000674, pc_wdata: 00000678, insn: 00000013, mode: 3, rs1_addr:  0, rs1_rdata: 00000000, rs2_addr:  0, rs2_rdata: 00000000, rd_addr:  0, rd_wdata: 00000000, mem_addr: 00000000, mem_rdata: 00000000, mem_wdata: 00000000
ClkCycle:        454, pc_rdata: 00000678, pc_wdata: 0000067c, insn: 00000013, mode: 3, rs1_addr:  0, rs1_rdata: 00000000, rs2_addr:  0, rs2_rdata: 00000000, rd_addr:  0, rd_wdata: 00000000, mem_addr: 00000000, mem_rdata: 00000000, mem_wdata: 00000000
ClkCycle:        455, pc_rdata: 0000067c, pc_wdata: 00000680, insn: 00000013, mode: 3, rs1_addr:  0, rs1_rdata: 00000000, rs2_addr:  0, rs2_rdata: 00000000, rd_addr:  0, rd_wdata: 00000000, mem_addr: 00000000, mem_rdata: 00000000, mem_wdata: 00000000
ClkCycle:        456, pc_rdata: 00000680, pc_wdata: 00000682, insn: 00014782, mode: 3, rs1_addr:  2, rs1_rdata: 00002000, rs2_addr:  0, rs2_rdata: 00000000, rd_addr: 15, rd_wdata: 00000000, mem_addr: 00002000, mem_rdata: 00000000, mem_wdata: 00000000
ClkCycle:        457, pc_rdata: 00000682, pc_wdata: 00000686, insn: 00014782, mode: 3, rs1_addr:  0, rs1_rdata: 00000000, rs2_addr:  0, rs2_rdata: 00000000, rd_addr:  0, rd_wdata: 00000000, mem_addr: 00000000, mem_rdata: 00000000, mem_wdata: 00000000
ClkCycle:        458, pc_rdata: 00000686, pc_wdata: 00000688, insn: 00000013, mode: 3, rs1_addr:  0, rs1_rdata: 00000000, rs2_addr:  0, rs2_rdata: 00000000, rd_addr:  0, rd_wdata: 00000000, mem_addr: 00000000, mem_rdata: 00000000, mem_wdata: 00000000
ClkCycle:        459, pc_rdata: 00000688, pc_wdata: 0000068c, insn: 00000013, mode: 3, rs1_addr:  0, rs1_rdata: 00000000, rs2_addr:  0, rs2_rdata: 00000000, rd_addr:  0, rd_wdata: 00000000, mem_addr: 00000000, mem_rdata: 00000000, mem_wdata: 00000000
ClkCycle:        460, pc_rdata: 0000068c, pc_wdata: 00000690, insn: 00000013, mode: 3, rs1_addr:  0, rs1_rdata: 00000000, rs2_addr:  0, rs2_rdata: 00000000, rd_addr:  0, rd_wdata: 00000000, mem_addr: 00000000, mem_rdata: 00000000, mem_wdata: 00000000
ClkCycle:        461, pc_rdata: 00000690, pc_wdata: 00000694, insn: 00000013, mode: 3, rs1_addr:  0, rs1_rdata: 00000000, rs2_addr:  0, rs2_rdata: 00000000, rd_addr:  0, rd_wdata: 00000000, mem_addr: 00000000, mem_rdata: 00000000, mem_wdata: 00000000
ClkCycle:        462, pc_rdata: 00000694, pc_wdata: 00000698, insn: 00000013, mode: 3, rs1_addr:  0, rs1_rdata: 00000000, rs2_addr:  0, rs2_rdata: 00000000, rd_addr:  0, rd_wdata: 00000000, mem_addr: 00000000, mem_rdata: 00000000, mem_wdata: 00000000
ClkCycle:        463, pc_rdata: 00000698, pc_wdata: 0000069c, insn: 00000013, mode: 3, rs1_addr:  0, rs1_rdata: 00000000, rs2_addr:  0, rs2_rdata: 00000000, rd_addr:  0, rd_wdata: 00000000, mem_addr: 00000000, mem_rdata: 00000000, mem_wdata: 00000000
ClkCycle:        464, pc_rdata: 0000069c, pc_wdata: 000006a0, insn: 00000013, mode: 3, rs1_addr:  0, rs1_rdata: 00000000, rs2_addr:  0, rs2_rdata: 00000000, rd_addr:  0, rd_wdata: 00000000, mem_addr: 00000000, mem_rdata: 00000000, mem_wdata: 00000000
ClkCycle:        465, pc_rdata: 000006a0, pc_wdata: 000006a4, insn: 00002117, mode: 3, rs1_addr:  0, rs1_rdata: 00000000, rs2_addr:  0, rs2_rdata: 00000000, rd_addr:  2, rd_wdata: 000026a0, mem_addr: 000026a0, mem_rdata: 00000000, mem_wdata: 00000000
ClkCycle:        466, pc_rdata: 000006a4, pc_wdata: 000006a8, insn: 96010113, mode: 3, rs1_addr:  2, rs1_rdata: 00002000, rs2_addr:  0, rs2_rdata: 00000000, rd_addr:  2, rd_wdata: 00002000, mem_addr: 00002000, mem_rdata: 00000000, mem_wdata: 00000000
ClkCycle:        467, pc_rdata: 000006a8, pc_wdata: 000006ac, insn: 00000013, mode: 3, rs1_addr:  0, rs1_rdata: 00000000, rs2_addr:  0, rs2_rdata: 00000000, rd_addr:  0, rd_wdata: 00000000, mem_addr: 00000000, mem_rdata: 00000000, mem_wdata: 00000000
ClkCycle:        468, pc_rdata: 000006ac, pc_wdata: 000006b0, insn: 00000013, mode: 3, rs1_addr:  0, rs1_rdata: 00000000, rs2_addr:  0, rs2_rdata: 00000000, rd_addr:  0, rd_wdata: 00000000, mem_addr: 00000000, mem_rdata: 00000000, mem_wdata: 00000000
ClkCycle:        469, pc_rdata: 000006b0, pc_wdata: 000006b4, insn: 00000013, mode: 3, rs1_addr:  0, rs1_rdata: 00000000, rs2_addr:  0, rs2_rdata: 00000000, rd_addr:  0, rd_wdata: 00000000, mem_addr: 00000000, mem_rdata: 00000000, mem_wdata: 00000000
ClkCycle:        470, pc_rdata: 000006b4, pc_wdata: 000006b8, insn: 00000013, mode: 3, rs1_addr:  0, rs1_rdata: 00000000, rs2_addr:  0, rs2_rdata: 00000000, rd_addr:  0, rd_wdata: 00000000, mem_addr: 00000000, mem_rdata: 00000000, mem_wdata: 00000000
ClkCycle:        471, pc_rdata: 000006b8, pc_wdata: 000006bc, insn: 00000013, mode: 3, rs1_addr:  0, rs1_rdata: 00000000, rs2_addr:  0, rs2_rdata: 00000000, rd_addr:  0, rd_wdata: 00000000, mem_addr: 00000000, mem_rdata: 00000000, mem_wdata: 00000000
ClkCycle:        472, pc_rdata: 000006bc, pc_wdata: 000006c0, insn: 00000013, mode: 3, rs1_addr:  0, rs1_rdata: 00000000, rs2_addr:  0, rs2_rdata: 00000000, rd_addr:  0, rd_wdata: 00000000, mem_addr: 00000000, mem_rdata: 00000000, mem_wdata: 00000000
ClkCycle:        473, pc_rdata: 000006c0, pc_wdata: 000006c2, insn: 00014482, mode: 3, rs1_addr:  2, rs1_rdata: 00002000, rs2_addr:  0, rs2_rdata: 00000000, rd_addr:  9, rd_wdata: 00000000, mem_addr: 00002000, mem_rdata: 00000000, mem_wdata: 00000000
ClkCycle:        474, pc_rdata: 000006c2, pc_wdata: 000006c6, insn: 00014482, mode: 3, rs1_addr:  0, rs1_rdata: 00000000, rs2_addr:  0, rs2_rdata: 00000000, rd_addr:  0, rd_wdata: 00000000, mem_addr: 00000000, mem_rdata: 00000000, mem_wdata: 00000000
ClkCycle:        475, pc_rdata: 000006c6, pc_wdata: 000006c8, insn: 00000013, mode: 3, rs1_addr:  0, rs1_rdata: 00000000, rs2_addr:  0, rs2_rdata: 00000000, rd_addr:  0, rd_wdata: 00000000, mem_addr: 00000000, mem_rdata: 00000000, mem_wdata: 00000000
ClkCycle:        476, pc_rdata: 000006c8, pc_wdata: 000006cc, insn: 00000013, mode: 3, rs1_addr:  0, rs1_rdata: 00000000, rs2_addr:  0, rs2_rdata: 00000000, rd_addr:  0, rd_wdata: 00000000, mem_addr: 00000000, mem_rdata: 00000000, mem_wdata: 00000000
ClkCycle:        477, pc_rdata: 000006cc, pc_wdata: 000006d0, insn: 00000013, mode: 3, rs1_addr:  0, rs1_rdata: 00000000, rs2_addr:  0, rs2_rdata: 00000000, rd_addr:  0, rd_wdata: 00000000, mem_addr: 00000000, mem_rdata: 00000000, mem_wdata: 00000000
ClkCycle:        478, pc_rdata: 000006d0, pc_wdata: 000006d4, insn: 00000013, mode: 3, rs1_addr:  0, rs1_rdata: 00000000, rs2_addr:  0, rs2_rdata: 00000000, rd_addr:  0, rd_wdata: 00000000, mem_addr: 00000000, mem_rdata: 00000000, mem_wdata: 00000000
ClkCycle:        479, pc_rdata: 000006d4, pc_wdata: 000006d8, insn: 00000013, mode: 3, rs1_addr:  0, rs1_rdata: 00000000, rs2_addr:  0, rs2_rdata: 00000000, rd_addr:  0, rd_wdata: 00000000, mem_addr: 00000000, mem_rdata: 00000000, mem_wdata: 00000000
ClkCycle:        480, pc_rdata: 000006d8, pc_wdata: 000006dc, insn: 00000013, mode: 3, rs1_addr:  0, rs1_rdata: 00000000, rs2_addr:  0, rs2_rdata: 00000000, rd_addr:  0, rd_wdata: 00000000, mem_addr: 00000000, mem_rdata: 00000000, mem_wdata: 00000000
ClkCycle:        481, pc_rdata: 000006dc, pc_wdata: 000006e0, insn: 00000013, mode: 3, rs1_addr:  0, rs1_rdata: 00000000, rs2_addr:  0, rs2_rdata: 00000000, rd_addr:  0, rd_wdata: 00000000, mem_addr: 00000000, mem_rdata: 00000000, mem_wdata: 00000000
ClkCycle:        482, pc_rdata: 000006e0, pc_wdata: 000006e4, insn: 00002117, mode: 3, rs1_addr:  0, rs1_rdata: 00000000, rs2_addr:  0, rs2_rdata: 00000000, rd_addr:  2, rd_wdata: 000026e0, mem_addr: 000026e0, mem_rdata: 00000000, mem_wdata: 00000000
ClkCycle:        483, pc_rdata: 000006e4, pc_wdata: 000006e8, insn: 92010113, mode: 3, rs1_addr:  2, rs1_rdata: 00002000, rs2_addr:  0, rs2_rdata: 00000000, rd_addr:  2, rd_wdata: 00002000, mem_addr: 00002000, mem_rdata: 00000000, mem_wdata: 00000000
ClkCycle:        484, pc_rdata: 000006e8, pc_wdata: 000006ec, insn: 00000013, mode: 3, rs1_addr:  0, rs1_rdata: 00000000, rs2_addr:  0, rs2_rdata: 00000000, rd_addr:  0, rd_wdata: 00000000, mem_addr: 00000000, mem_rdata: 00000000, mem_wdata: 00000000
ClkCycle:        485, pc_rdata: 000006ec, pc_wdata: 000006f0, insn: 00000013, mode: 3, rs1_addr:  0, rs1_rdata: 00000000, rs2_addr:  0, rs2_rdata: 00000000, rd_addr:  0, rd_wdata: 00000000, mem_addr: 00000000, mem_rdata: 00000000, mem_wdata: 00000000
ClkCycle:        486, pc_rdata: 000006f0, pc_wdata: 000006f4, insn: 00000013, mode: 3, rs1_addr:  0, rs1_rdata: 00000000, rs2_addr:  0, rs2_rdata: 00000000, rd_addr:  0, rd_wdata: 00000000, mem_addr: 00000000, mem_rdata: 00000000, mem_wdata: 00000000
ClkCycle:        487, pc_rdata: 000006f4, pc_wdata: 000006f8, insn: 00000013, mode: 3, rs1_addr:  0, rs1_rdata: 00000000, rs2_addr:  0, rs2_rdata: 00000000, rd_addr:  0, rd_wdata: 00000000, mem_addr: 00000000, mem_rdata: 00000000, mem_wdata: 00000000
ClkCycle:        488, pc_rdata: 000006f8, pc_wdata: 000006fc, insn: 00000013, mode: 3, rs1_addr:  0, rs1_rdata: 00000000, rs2_addr:  0, rs2_rdata: 00000000, rd_addr:  0, rd_wdata: 00000000, mem_addr: 00000000, mem_rdata: 00000000, mem_wdata: 00000000
ClkCycle:        489, pc_rdata: 000006fc, pc_wdata: 00000700, insn: 00000013, mode: 3, rs1_addr:  0, rs1_rdata: 00000000, rs2_addr:  0, rs2_rdata: 00000000, rd_addr:  0, rd_wdata: 00000000, mem_addr: 00000000, mem_rdata: 00000000, mem_wdata: 00000000
ClkCycle:        490, pc_rdata: 00000700, pc_wdata: 00000702, insn: 00014982, mode: 3, rs1_addr:  2, rs1_rdata: 00002000, rs2_addr:  0, rs2_rdata: 00000000, rd_addr: 19, rd_wdata: 00000000, mem_addr: 00002000, mem_rdata: 00000000, mem_wdata: 00000000
ClkCycle:        491, pc_rdata: 00000702, pc_wdata: 00000706, insn: 00014982, mode: 3, rs1_addr:  0, rs1_rdata: 00000000, rs2_addr:  0, rs2_rdata: 00000000, rd_addr:  0, rd_wdata: 00000000, mem_addr: 00000000, mem_rdata: 00000000, mem_wdata: 00000000
ClkCycle:        492, pc_rdata: 00000706, pc_wdata: 00000708, insn: 00130b34, mode: 3, rs1_addr:  0, rs1_rdata: 00000000, rs2_addr:  0, rs2_rdata: 00000000, rd_addr:  0, rd_wdata: 00000000, mem_addr: 00000000, mem_rdata: 00000000, mem_wdata: 00000000
ClkCycle:        493, pc_rdata: 00000708, pc_wdata: 0000070a, insn: 00130b34, mode: 3, rs1_addr:  2, rs1_rdata: 00002000, rs2_addr: 24, rs2_rdata: 00000000, rd_addr: 13, rd_wdata: 00002198, mem_addr: 00002198, mem_rdata: 00000000, mem_wdata: 00000000
ClkCycle:        494, pc_rdata: 0000070a, pc_wdata: 0000070e, insn: 00130b34, mode: 3, rs1_addr:  0, rs1_rdata: 00000000, rs2_addr:  0, rs2_rdata: 00000000, rd_addr:  0, rd_wdata: 00000000, mem_addr: 00000000, mem_rdata: 00000000, mem_wdata: 00000000
ClkCycle:        495, pc_rdata: 0000070e, pc_wdata: 00000712, insn: 00130000, mode: 3, rs1_addr:  0, rs1_rdata: 00000000, rs2_addr:  0, rs2_rdata: 00000000, rd_addr:  0, rd_wdata: 00000000, mem_addr: 00000000, mem_rdata: 00000000, mem_wdata: 00000000
ClkCycle:        496, pc_rdata: 00000712, pc_wdata: 00000716, insn: 00130000, mode: 3, rs1_addr:  0, rs1_rdata: 00000000, rs2_addr:  0, rs2_rdata: 00000000, rd_addr:  0, rd_wdata: 00000000, mem_addr: 00000000, mem_rdata: 00000000, mem_wdata: 00000000
ClkCycle:        497, pc_rdata: 00000716, pc_wdata: 0000071a, insn: 00130000, mode: 3, rs1_addr:  0, rs1_rdata: 00000000, rs2_addr:  0, rs2_rdata: 00000000, rd_addr:  0, rd_wdata: 00000000, mem_addr: 00000000, mem_rdata: 00000000, mem_wdata: 00000000
ClkCycle:        498, pc_rdata: 0000071a, pc_wdata: 0000071e, insn: 00130000, mode: 3, rs1_addr:  0, rs1_rdata: 00000000, rs2_addr:  0, rs2_rdata: 00000000, rd_addr:  0, rd_wdata: 00000000, mem_addr: 00000000, mem_rdata: 00000000, mem_wdata: 00000000
ClkCycle:        499, pc_rdata: 0000071e, pc_wdata: 00000722, insn: 00002117, mode: 3, rs1_addr: 14, rs1_rdata: 00000000, rs2_addr: 17, rs2_rdata: bffeffff, rd_addr:  0, rd_wdata: 00000211, mem_addr: 00000211, mem_rdata: 00000000, mem_wdata: bffeffff
ClkCycle:        500, pc_rdata: 00000722, pc_wdata: 00000726, insn: 00002117, mode: 3, rs1_addr:  0, rs1_rdata: 00000000, rs2_addr:  0, rs2_rdata: 00000000, rd_addr:  0, rd_wdata: 00000000, mem_addr: 00000000, mem_rdata: 00000000, mem_wdata: 00000000
ClkCycle:        501, pc_rdata: 00000726, pc_wdata: 00000728, insn: 00000013, mode: 3, rs1_addr:  2, rs1_rdata: 00002000, rs2_addr:  0, rs2_rdata: 00000000, rd_addr:  8, rd_wdata: 00002000, mem_addr: 00002000, mem_rdata: 00000000, mem_wdata: 00000000
ClkCycle:        502, pc_rdata: 00000728, pc_wdata: 0000072c, insn: 00000013, mode: 3, rs1_addr:  0, rs1_rdata: 00000000, rs2_addr:  0, rs2_rdata: 00000000, rd_addr:  0, rd_wdata: 00000000, mem_addr: 00000000, mem_rdata: 00000000, mem_wdata: 00000000
ClkCycle:        503, pc_rdata: 0000072c, pc_wdata: 00000730, insn: 00000013, mode: 3, rs1_addr:  0, rs1_rdata: 00000000, rs2_addr:  0, rs2_rdata: 00000000, rd_addr:  0, rd_wdata: 00000000, mem_addr: 00000000, mem_rdata: 00000000, mem_wdata: 00000000
ClkCycle:        504, pc_rdata: 00000730, pc_wdata: 00000734, insn: 00000013, mode: 3, rs1_addr:  0, rs1_rdata: 00000000, rs2_addr:  0, rs2_rdata: 00000000, rd_addr:  0, rd_wdata: 00000000, mem_addr: 00000000, mem_rdata: 00000000, mem_wdata: 00000000
ClkCycle:        505, pc_rdata: 00000734, pc_wdata: 00000738, insn: 00000013, mode: 3, rs1_addr:  0, rs1_rdata: 00000000, rs2_addr:  0, rs2_rdata: 00000000, rd_addr:  0, rd_wdata: 00000000, mem_addr: 00000000, mem_rdata: 00000000, mem_wdata: 00000000
ClkCycle:        506, pc_rdata: 00000738, pc_wdata: 0000073c, insn: 00000013, mode: 3, rs1_addr:  0, rs1_rdata: 00000000, rs2_addr:  0, rs2_rdata: 00000000, rd_addr:  0, rd_wdata: 00000000, mem_addr: 00000000, mem_rdata: 00000000, mem_wdata: 00000000
ClkCycle:        507, pc_rdata: 0000073c, pc_wdata: 00000740, insn: 00000013, mode: 3, rs1_addr:  0, rs1_rdata: 00000000, rs2_addr:  0, rs2_rdata: 00000000, rd_addr:  0, rd_wdata: 00000000, mem_addr: 00000000, mem_rdata: 00000000, mem_wdata: 00000000
ClkCycle:        508, pc_rdata: 00000740, pc_wdata: 00000742, insn: 00014882, mode: 3, rs1_addr:  2, rs1_rdata: 00002000, rs2_addr:  0, rs2_rdata: 00000000, rd_addr: 17, rd_wdata: 00000000, mem_addr: 00002000, mem_rdata: 00000000, mem_wdata: 00000000
ClkCycle:        509, pc_rdata: 00000742, pc_wdata: 00000746, insn: 00014882, mode: 3, rs1_addr:  0, rs1_rdata: 00000000, rs2_addr:  0, rs2_rdata: 00000000, rd_addr:  0, rd_wdata: 00000000, mem_addr: 00000000, mem_rdata: 00000000, mem_wdata: 00000000
ClkCycle:        510, pc_rdata: 00000746, pc_wdata: 00000748, insn: 00130b14, mode: 3, rs1_addr:  0, rs1_rdata: 00000000, rs2_addr:  0, rs2_rdata: 00000000, rd_addr:  0, rd_wdata: 00000000, mem_addr: 00000000, mem_rdata: 00000000, mem_wdata: 00000000
ClkCycle:        511, pc_rdata: 00000748, pc_wdata: 0000074a, insn: 00130b14, mode: 3, rs1_addr:  2, rs1_rdata: 00002000, rs2_addr: 16, rs2_rdata: 00000000, rd_addr: 13, rd_wdata: 00002190, mem_addr: 00002190, mem_rdata: 00000000, mem_wdata: 00000000
ClkCycle:        512, pc_rdata: 0000074a, pc_wdata: 0000074e, insn: 00130b14, mode: 3, rs1_addr:  0, rs1_rdata: 00000000, rs2_addr:  0, rs2_rdata: 00000000, rd_addr:  0, rd_wdata: 00000000, mem_addr: 00000000, mem_rdata: 00000000, mem_wdata: 00000000
ClkCycle:        513, pc_rdata: 0000074e, pc_wdata: 00000752, insn: 00130000, mode: 3, rs1_addr:  0, rs1_rdata: 00000000, rs2_addr:  0, rs2_rdata: 00000000, rd_addr:  0, rd_wdata: 00000000, mem_addr: 00000000, mem_rdata: 00000000, mem_wdata: 00000000
ClkCycle:        514, pc_rdata: 00000752, pc_wdata: 00000756, insn: 00130000, mode: 3, rs1_addr:  0, rs1_rdata: 00000000, rs2_addr:  0, rs2_rdata: 00000000, rd_addr:  0, rd_wdata: 00000000, mem_addr: 00000000, mem_rdata: 00000000, mem_wdata: 00000000
ClkCycle:        515, pc_rdata: 00000756, pc_wdata: 0000075a, insn: 00130000, mode: 3, rs1_addr:  0, rs1_rdata: 00000000, rs2_addr:  0, rs2_rdata: 00000000, rd_addr:  0, rd_wdata: 00000000, mem_addr: 00000000, mem_rdata: 00000000, mem_wdata: 00000000
ClkCycle:        516, pc_rdata: 0000075a, pc_wdata: 0000075e, insn: 00130000, mode: 3, rs1_addr:  0, rs1_rdata: 00000000, rs2_addr:  0, rs2_rdata: 00000000, rd_addr:  0, rd_wdata: 00000000, mem_addr: 00000000, mem_rdata: 00000000, mem_wdata: 00000000
ClkCycle:        517, pc_rdata: 0000075e, pc_wdata: 00000762, insn: 00002117, mode: 3, rs1_addr: 14, rs1_rdata: 00000000, rs2_addr: 17, rs2_rdata: 00000000, rd_addr:  0, rd_wdata: 00000211, mem_addr: 00000211, mem_rdata: 00000000, mem_wdata: 00000000
ClkCycle:        518, pc_rdata: 00000762, pc_wdata: 00000766, insn: 00002117, mode: 3, rs1_addr:  0, rs1_rdata: 00000000, rs2_addr:  0, rs2_rdata: 00000000, rd_addr:  0, rd_wdata: 00000000, mem_addr: 00000000, mem_rdata: 00000000, mem_wdata: 00000000
ClkCycle:        519, pc_rdata: 00000766, pc_wdata: 00000768, insn: 00000013, mode: 3, rs1_addr:  2, rs1_rdata: 00002000, rs2_addr:  0, rs2_rdata: 00000000, rd_addr:  8, rd_wdata: 00002000, mem_addr: 00002000, mem_rdata: 00000000, mem_wdata: 00000000
ClkCycle:        520, pc_rdata: 00000768, pc_wdata: 0000076c, insn: 00000013, mode: 3, rs1_addr:  0, rs1_rdata: 00000000, rs2_addr:  0, rs2_rdata: 00000000, rd_addr:  0, rd_wdata: 00000000, mem_addr: 00000000, mem_rdata: 00000000, mem_wdata: 00000000
ClkCycle:        521, pc_rdata: 0000076c, pc_wdata: 00000770, insn: 00000013, mode: 3, rs1_addr:  0, rs1_rdata: 00000000, rs2_addr:  0, rs2_rdata: 00000000, rd_addr:  0, rd_wdata: 00000000, mem_addr: 00000000, mem_rdata: 00000000, mem_wdata: 00000000
ClkCycle:        522, pc_rdata: 00000770, pc_wdata: 00000774, insn: 00000013, mode: 3, rs1_addr:  0, rs1_rdata: 00000000, rs2_addr:  0, rs2_rdata: 00000000, rd_addr:  0, rd_wdata: 00000000, mem_addr: 00000000, mem_rdata: 00000000, mem_wdata: 00000000
ClkCycle:        523, pc_rdata: 00000774, pc_wdata: 00000778, insn: 00000013, mode: 3, rs1_addr:  0, rs1_rdata: 00000000, rs2_addr:  0, rs2_rdata: 00000000, rd_addr:  0, rd_wdata: 00000000, mem_addr: 00000000, mem_rdata: 00000000, mem_wdata: 00000000
ClkCycle:        524, pc_rdata: 00000778, pc_wdata: 0000077c, insn: 00000013, mode: 3, rs1_addr:  0, rs1_rdata: 00000000, rs2_addr:  0, rs2_rdata: 00000000, rd_addr:  0, rd_wdata: 00000000, mem_addr: 00000000, mem_rdata: 00000000, mem_wdata: 00000000
ClkCycle:        525, pc_rdata: 0000077c, pc_wdata: 00000780, insn: 00000013, mode: 3, rs1_addr:  0, rs1_rdata: 00000000, rs2_addr:  0, rs2_rdata: 00000000, rd_addr:  0, rd_wdata: 00000000, mem_addr: 00000000, mem_rdata: 00000000, mem_wdata: 00000000
ClkCycle:        526, pc_rdata: 00000780, pc_wdata: 00000782, insn: 00014582, mode: 3, rs1_addr:  2, rs1_rdata: 00002000, rs2_addr:  0, rs2_rdata: 00000000, rd_addr: 11, rd_wdata: 00000000, mem_addr: 00002000, mem_rdata: 00000000, mem_wdata: 00000000
ClkCycle:        527, pc_rdata: 00000782, pc_wdata: 00000786, insn: 00014582, mode: 3, rs1_addr:  0, rs1_rdata: 00000000, rs2_addr:  0, rs2_rdata: 00000000, rd_addr:  0, rd_wdata: 00000000, mem_addr: 00000000, mem_rdata: 00000000, mem_wdata: 00000000
ClkCycle:        528, pc_rdata: 00000786, pc_wdata: 00000788, insn: 00000013, mode: 3, rs1_addr:  0, rs1_rdata: 00000000, rs2_addr:  0, rs2_rdata: 00000000, rd_addr:  0, rd_wdata: 00000000, mem_addr: 00000000, mem_rdata: 00000000, mem_wdata: 00000000
ClkCycle:        529, pc_rdata: 00000788, pc_wdata: 0000078c, insn: 00000013, mode: 3, rs1_addr:  0, rs1_rdata: 00000000, rs2_addr:  0, rs2_rdata: 00000000, rd_addr:  0, rd_wdata: 00000000, mem_addr: 00000000, mem_rdata: 00000000, mem_wdata: 00000000
ClkCycle:        530, pc_rdata: 0000078c, pc_wdata: 00000790, insn: 00000013, mode: 3, rs1_addr:  0, rs1_rdata: 00000000, rs2_addr:  0, rs2_rdata: 00000000, rd_addr:  0, rd_wdata: 00000000, mem_addr: 00000000, mem_rdata: 00000000, mem_wdata: 00000000
ClkCycle:        531, pc_rdata: 00000790, pc_wdata: 00000794, insn: 00000013, mode: 3, rs1_addr:  0, rs1_rdata: 00000000, rs2_addr:  0, rs2_rdata: 00000000, rd_addr:  0, rd_wdata: 00000000, mem_addr: 00000000, mem_rdata: 00000000, mem_wdata: 00000000
ClkCycle:        532, pc_rdata: 00000794, pc_wdata: 00000798, insn: 00000013, mode: 3, rs1_addr:  0, rs1_rdata: 00000000, rs2_addr:  0, rs2_rdata: 00000000, rd_addr:  0, rd_wdata: 00000000, mem_addr: 00000000, mem_rdata: 00000000, mem_wdata: 00000000
ClkCycle:        533, pc_rdata: 00000798, pc_wdata: 0000079c, insn: 00000013, mode: 3, rs1_addr:  0, rs1_rdata: 00000000, rs2_addr:  0, rs2_rdata: 00000000, rd_addr:  0, rd_wdata: 00000000, mem_addr: 00000000, mem_rdata: 00000000, mem_wdata: 00000000
ClkCycle:        534, pc_rdata: 0000079c, pc_wdata: 000007a0, insn: 00000013, mode: 3, rs1_addr:  0, rs1_rdata: 00000000, rs2_addr:  0, rs2_rdata: 00000000, rd_addr:  0, rd_wdata: 00000000, mem_addr: 00000000, mem_rdata: 00000000, mem_wdata: 00000000
ClkCycle:        535, pc_rdata: 000007a0, pc_wdata: 000007a4, insn: 00002117, mode: 3, rs1_addr:  0, rs1_rdata: 00000000, rs2_addr:  0, rs2_rdata: 00000000, rd_addr:  2, rd_wdata: 000027a0, mem_addr: 000027a0, mem_rdata: 00000000, mem_wdata: 00000000
ClkCycle:        536, pc_rdata: 000007a4, pc_wdata: 000007a8, insn: 86010113, mode: 3, rs1_addr:  2, rs1_rdata: 00002000, rs2_addr:  0, rs2_rdata: 00000000, rd_addr:  2, rd_wdata: 00002000, mem_addr: 00002000, mem_rdata: 00000000, mem_wdata: 00000000
ClkCycle:        537, pc_rdata: 000007a8, pc_wdata: 000007ac, insn: 00000013, mode: 3, rs1_addr:  0, rs1_rdata: 00000000, rs2_addr:  0, rs2_rdata: 00000000, rd_addr:  0, rd_wdata: 00000000, mem_addr: 00000000, mem_rdata: 00000000, mem_wdata: 00000000
ClkCycle:        538, pc_rdata: 000007ac, pc_wdata: 000007b0, insn: 00000013, mode: 3, rs1_addr:  0, rs1_rdata: 00000000, rs2_addr:  0, rs2_rdata: 00000000, rd_addr:  0, rd_wdata: 00000000, mem_addr: 00000000, mem_rdata: 00000000, mem_wdata: 00000000
ClkCycle:        539, pc_rdata: 000007b0, pc_wdata: 000007b4, insn: 00000013, mode: 3, rs1_addr:  0, rs1_rdata: 00000000, rs2_addr:  0, rs2_rdata: 00000000, rd_addr:  0, rd_wdata: 00000000, mem_addr: 00000000, mem_rdata: 00000000, mem_wdata: 00000000
ClkCycle:        540, pc_rdata: 000007b4, pc_wdata: 000007b8, insn: 00000013, mode: 3, rs1_addr:  0, rs1_rdata: 00000000, rs2_addr:  0, rs2_rdata: 00000000, rd_addr:  0, rd_wdata: 00000000, mem_addr: 00000000, mem_rdata: 00000000, mem_wdata: 00000000
ClkCycle:        541, pc_rdata: 000007b8, pc_wdata: 000007bc, insn: 00000013, mode: 3, rs1_addr:  0, rs1_rdata: 00000000, rs2_addr:  0, rs2_rdata: 00000000, rd_addr:  0, rd_wdata: 00000000, mem_addr: 00000000, mem_rdata: 00000000, mem_wdata: 00000000
ClkCycle:        542, pc_rdata: 000007bc, pc_wdata: 000007c0, insn: 00000013, mode: 3, rs1_addr:  0, rs1_rdata: 00000000, rs2_addr:  0, rs2_rdata: 00000000, rd_addr:  0, rd_wdata: 00000000, mem_addr: 00000000, mem_rdata: 00000000, mem_wdata: 00000000
ClkCycle:        543, pc_rdata: 000007c0, pc_wdata: 000007c2, insn: 00014182, mode: 3, rs1_addr:  2, rs1_rdata: 00002000, rs2_addr:  0, rs2_rdata: 00000000, rd_addr:  3, rd_wdata: 00000000, mem_addr: 00002000, mem_rdata: 00000000, mem_wdata: 00000000
ClkCycle:        544, pc_rdata: 000007c2, pc_wdata: 000007c6, insn: 00014182, mode: 3, rs1_addr:  0, rs1_rdata: 00000000, rs2_addr:  0, rs2_rdata: 00000000, rd_addr:  0, rd_wdata: 00000000, mem_addr: 00000000, mem_rdata: 00000000, mem_wdata: 00000000
ClkCycle:        545, pc_rdata: 000007c6, pc_wdata: 000007c8, insn: 00130c34, mode: 3, rs1_addr:  0, rs1_rdata: 00000000, rs2_addr:  0, rs2_rdata: 00000000, rd_addr:  0, rd_wdata: 00000000, mem_addr: 00000000, mem_rdata: 00000000, mem_wdata: 00000000
ClkCycle:        546, pc_rdata: 000007c8, pc_wdata: 000007ca, insn: 00130c34, mode: 3, rs1_addr:  2, rs1_rdata: 00002000, rs2_addr: 24, rs2_rdata: 00000000, rd_addr: 13, rd_wdata: 00002218, mem_addr: 00002218, mem_rdata: 00000000, mem_wdata: 00000000
ClkCycle:        547, pc_rdata: 000007ca, pc_wdata: 000007ce, insn: 00130c34, mode: 3, rs1_addr:  0, rs1_rdata: 00000000, rs2_addr:  0, rs2_rdata: 00000000, rd_addr:  0, rd_wdata: 00000000, mem_addr: 00000000, mem_rdata: 00000000, mem_wdata: 00000000
ClkCycle:        548, pc_rdata: 000007ce, pc_wdata: 000007d2, insn: 00130000, mode: 3, rs1_addr:  0, rs1_rdata: 00000000, rs2_addr:  0, rs2_rdata: 00000000, rd_addr:  0, rd_wdata: 00000000, mem_addr: 00000000, mem_rdata: 00000000, mem_wdata: 00000000
ClkCycle:        549, pc_rdata: 000007d2, pc_wdata: 000007d6, insn: 00130000, mode: 3, rs1_addr:  0, rs1_rdata: 00000000, rs2_addr:  0, rs2_rdata: 00000000, rd_addr:  0, rd_wdata: 00000000, mem_addr: 00000000, mem_rdata: 00000000, mem_wdata: 00000000
ClkCycle:        550, pc_rdata: 000007d6, pc_wdata: 000007da, insn: 00130000, mode: 3, rs1_addr:  0, rs1_rdata: 00000000, rs2_addr:  0, rs2_rdata: 00000000, rd_addr:  0, rd_wdata: 00000000, mem_addr: 00000000, mem_rdata: 00000000, mem_wdata: 00000000
ClkCycle:        551, pc_rdata: 000007da, pc_wdata: 000007de, insn: 00130000, mode: 3, rs1_addr:  0, rs1_rdata: 00000000, rs2_addr:  0, rs2_rdata: 00000000, rd_addr:  0, rd_wdata: 00000000, mem_addr: 00000000, mem_rdata: 00000000, mem_wdata: 00000000
ClkCycle:        552, pc_rdata: 000007de, pc_wdata: 000007e2, insn: 00002117, mode: 3, rs1_addr: 14, rs1_rdata: 00000000, rs2_addr: 17, rs2_rdata: 00000000, rd_addr:  0, rd_wdata: 00000211, mem_addr: 00000211, mem_rdata: 00000000, mem_wdata: 00000000
ClkCycle:        553, pc_rdata: 000007e2, pc_wdata: 000007e6, insn: 00002117, mode: 3, rs1_addr:  0, rs1_rdata: 00000000, rs2_addr:  0, rs2_rdata: 00000000, rd_addr:  0, rd_wdata: 00000000, mem_addr: 00000000, mem_rdata: 00000000, mem_wdata: 00000000
ClkCycle:        554, pc_rdata: 000007e6, pc_wdata: 000007e8, insn: 00000013, mode: 3, rs1_addr:  2, rs1_rdata: 00002000, rs2_addr:  0, rs2_rdata: 00000000, rd_addr:  8, rd_wdata: 00002000, mem_addr: 00002000, mem_rdata: 00000000, mem_wdata: 00000000
ClkCycle:        555, pc_rdata: 000007e8, pc_wdata: 000007ec, insn: 00000013, mode: 3, rs1_addr:  0, rs1_rdata: 00000000, rs2_addr:  0, rs2_rdata: 00000000, rd_addr:  0, rd_wdata: 00000000, mem_addr: 00000000, mem_rdata: 00000000, mem_wdata: 00000000
ClkCycle:        556, pc_rdata: 000007ec, pc_wdata: 000007f0, insn: 00000013, mode: 3, rs1_addr:  0, rs1_rdata: 00000000, rs2_addr:  0, rs2_rdata: 00000000, rd_addr:  0, rd_wdata: 00000000, mem_addr: 00000000, mem_rdata: 00000000, mem_wdata: 00000000
ClkCycle:        557, pc_rdata: 000007f0, pc_wdata: 000007f4, insn: 00000013, mode: 3, rs1_addr:  0, rs1_rdata: 00000000, rs2_addr:  0, rs2_rdata: 00000000, rd_addr:  0, rd_wdata: 00000000, mem_addr: 00000000, mem_rdata: 00000000, mem_wdata: 00000000
ClkCycle:        558, pc_rdata: 000007f4, pc_wdata: 000007f8, insn: 00000013, mode: 3, rs1_addr:  0, rs1_rdata: 00000000, rs2_addr:  0, rs2_rdata: 00000000, rd_addr:  0, rd_wdata: 00000000, mem_addr: 00000000, mem_rdata: 00000000, mem_wdata: 00000000
ClkCycle:        559, pc_rdata: 000007f8, pc_wdata: 000007fc, insn: 00000013, mode: 3, rs1_addr:  0, rs1_rdata: 00000000, rs2_addr:  0, rs2_rdata: 00000000, rd_addr:  0, rd_wdata: 00000000, mem_addr: 00000000, mem_rdata: 00000000, mem_wdata: 00000000
ClkCycle:        560, pc_rdata: 000007fc, pc_wdata: 00000800, insn: 00000013, mode: 3, rs1_addr:  0, rs1_rdata: 00000000, rs2_addr:  0, rs2_rdata: 00000000, rd_addr:  0, rd_wdata: 00000000, mem_addr: 00000000, mem_rdata: 00000000, mem_wdata: 00000000
ClkCycle:        561, pc_rdata: 00000800, pc_wdata: 00000802, insn: 00014202, mode: 3, rs1_addr:  2, rs1_rdata: 00002000, rs2_addr:  0, rs2_rdata: 00000000, rd_addr:  4, rd_wdata: 00000000, mem_addr: 00002000, mem_rdata: 00000000, mem_wdata: 00000000
ClkCycle:        562, pc_rdata: 00000802, pc_wdata: 00000806, insn: 00014202, mode: 3, rs1_addr:  0, rs1_rdata: 00000000, rs2_addr:  0, rs2_rdata: 00000000, rd_addr:  0, rd_wdata: 00000000, mem_addr: 00000000, mem_rdata: 00000000, mem_wdata: 00000000
ClkCycle:        563, pc_rdata: 00000806, pc_wdata: 00000808, insn: 00130c44, mode: 3, rs1_addr:  0, rs1_rdata: 00000000, rs2_addr:  0, rs2_rdata: 00000000, rd_addr:  0, rd_wdata: 00000000, mem_addr: 00000000, mem_rdata: 00000000, mem_wdata: 00000000
ClkCycle:        564, pc_rdata: 00000808, pc_wdata: 0000080a, insn: 00130c44, mode: 3, rs1_addr:  2, rs1_rdata: 00002000, rs2_addr: 20, rs2_rdata: 00000000, rd_addr:  9, rd_wdata: 00002214, mem_addr: 00002214, mem_rdata: 00000000, mem_wdata: 00000000
ClkCycle:        565, pc_rdata: 0000080a, pc_wdata: 0000080e, insn: 00130c44, mode: 3, rs1_addr:  0, rs1_rdata: 00000000, rs2_addr:  0, rs2_rdata: 00000000, rd_addr:  0, rd_wdata: 00000000, mem_addr: 00000000, mem_rdata: 00000000, mem_wdata: 00000000
ClkCycle:        566, pc_rdata: 0000080e, pc_wdata: 00000812, insn: 00130000, mode: 3, rs1_addr:  0, rs1_rdata: 00000000, rs2_addr:  0, rs2_rdata: 00000000, rd_addr:  0, rd_wdata: 00000000, mem_addr: 00000000, mem_rdata: 00000000, mem_wdata: 00000000
ClkCycle:        567, pc_rdata: 00000812, pc_wdata: 00000816, insn: 00130000, mode: 3, rs1_addr:  0, rs1_rdata: 00000000, rs2_addr:  0, rs2_rdata: 00000000, rd_addr:  0, rd_wdata: 00000000, mem_addr: 00000000, mem_rdata: 00000000, mem_wdata: 00000000
ClkCycle:        568, pc_rdata: 00000816, pc_wdata: 0000081a, insn: 00130000, mode: 3, rs1_addr:  0, rs1_rdata: 00000000, rs2_addr:  0, rs2_rdata: 00000000, rd_addr:  0, rd_wdata: 00000000, mem_addr: 00000000, mem_rdata: 00000000, mem_wdata: 00000000
ClkCycle:        569, pc_rdata: 0000081a, pc_wdata: 0000081e, insn: 00130000, mode: 3, rs1_addr:  0, rs1_rdata: 00000000, rs2_addr:  0, rs2_rdata: 00000000, rd_addr:  0, rd_wdata: 00000000, mem_addr: 00000000, mem_rdata: 00000000, mem_wdata: 00000000
ClkCycle:        570, pc_rdata: 0000081e, pc_wdata: 00000822, insn: 00001117, mode: 3, rs1_addr: 14, rs1_rdata: 00000000, rs2_addr: 17, rs2_rdata: 00000000, rd_addr:  0, rd_wdata: 00000111, mem_addr: 00000111, mem_rdata: 00000000, mem_wdata: 00000000
ClkCycle:        571, pc_rdata: 00000822, pc_wdata: 00000826, insn: 00001117, mode: 3, rs1_addr:  0, rs1_rdata: 00000000, rs2_addr:  0, rs2_rdata: 00000000, rd_addr:  0, rd_wdata: 00000000, mem_addr: 00000000, mem_rdata: 00000000, mem_wdata: 00000000
ClkCycle:        572, pc_rdata: 00000826, pc_wdata: 00000828, insn: 00000013, mode: 3, rs1_addr:  2, rs1_rdata: 00002000, rs2_addr:  0, rs2_rdata: 00000000, rd_addr:  8, rd_wdata: 00002000, mem_addr: 00002000, mem_rdata: 00000000, mem_wdata: 00000000
ClkCycle:        573, pc_rdata: 00000828, pc_wdata: 0000082c, insn: 00000013, mode: 3, rs1_addr:  0, rs1_rdata: 00000000, rs2_addr:  0, rs2_rdata: 00000000, rd_addr:  0, rd_wdata: 00000000, mem_addr: 00000000, mem_rdata: 00000000, mem_wdata: 00000000
ClkCycle:        574, pc_rdata: 0000082c, pc_wdata: 00000830, insn: 00000013, mode: 3, rs1_addr:  0, rs1_rdata: 00000000, rs2_addr:  0, rs2_rdata: 00000000, rd_addr:  0, rd_wdata: 00000000, mem_addr: 00000000, mem_rdata: 00000000, mem_wdata: 00000000
ClkCycle:        575, pc_rdata: 00000830, pc_wdata: 00000834, insn: 00000013, mode: 3, rs1_addr:  0, rs1_rdata: 00000000, rs2_addr:  0, rs2_rdata: 00000000, rd_addr:  0, rd_wdata: 00000000, mem_addr: 00000000, mem_rdata: 00000000, mem_wdata: 00000000
ClkCycle:        576, pc_rdata: 00000834, pc_wdata: 00000838, insn: 00000013, mode: 3, rs1_addr:  0, rs1_rdata: 00000000, rs2_addr:  0, rs2_rdata: 00000000, rd_addr:  0, rd_wdata: 00000000, mem_addr: 00000000, mem_rdata: 00000000, mem_wdata: 00000000
ClkCycle:        577, pc_rdata: 00000838, pc_wdata: 0000083c, insn: 00000013, mode: 3, rs1_addr:  0, rs1_rdata: 00000000, rs2_addr:  0, rs2_rdata: 00000000, rd_addr:  0, rd_wdata: 00000000, mem_addr: 00000000, mem_rdata: 00000000, mem_wdata: 00000000
ClkCycle:        578, pc_rdata: 0000083c, pc_wdata: 00000840, insn: 00000013, mode: 3, rs1_addr:  0, rs1_rdata: 00000000, rs2_addr:  0, rs2_rdata: 00000000, rd_addr:  0, rd_wdata: 00000000, mem_addr: 00000000, mem_rdata: 00000000, mem_wdata: 00000000
ClkCycle:        579, pc_rdata: 00000840, pc_wdata: 00000842, insn: 00014c82, mode: 3, rs1_addr:  2, rs1_rdata: 00002000, rs2_addr:  0, rs2_rdata: 00000000, rd_addr: 25, rd_wdata: 00000000, mem_addr: 00002000, mem_rdata: 00000000, mem_wdata: 00000000
ClkCycle:        580, pc_rdata: 00000842, pc_wdata: 00000846, insn: 00014c82, mode: 3, rs1_addr:  0, rs1_rdata: 00000000, rs2_addr:  0, rs2_rdata: 00000000, rd_addr:  0, rd_wdata: 00000000, mem_addr: 00000000, mem_rdata: 00000000, mem_wdata: 00000000
ClkCycle:        581, pc_rdata: 00000846, pc_wdata: 00000848, insn: 00130d94, mode: 3, rs1_addr:  0, rs1_rdata: 00000000, rs2_addr:  0, rs2_rdata: 00000000, rd_addr:  0, rd_wdata: 00000000, mem_addr: 00000000, mem_rdata: 00000000, mem_wdata: 00000000
ClkCycle:        582, pc_rdata: 00000848, pc_wdata: 0000084a, insn: 00130d94, mode: 3, rs1_addr:  2, rs1_rdata: 00002000, rs2_addr: 16, rs2_rdata: 00000000, rd_addr: 13, rd_wdata: 000022d0, mem_addr: 000022d0, mem_rdata: 00000000, mem_wdata: 00000000
ClkCycle:        583, pc_rdata: 0000084a, pc_wdata: 0000084e, insn: 00130d94, mode: 3, rs1_addr:  0, rs1_rdata: 00000000, rs2_addr:  0, rs2_rdata: 00000000, rd_addr:  0, rd_wdata: 00000000, mem_addr: 00000000, mem_rdata: 00000000, mem_wdata: 00000000
ClkCycle:        584, pc_rdata: 0000084e, pc_wdata: 00000852, insn: 00130000, mode: 3, rs1_addr:  0, rs1_rdata: 00000000, rs2_addr:  0, rs2_rdata: 00000000, rd_addr:  0, rd_wdata: 00000000, mem_addr: 00000000, mem_rdata: 00000000, mem_wdata: 00000000
ClkCycle:        585, pc_rdata: 00000852, pc_wdata: 00000856, insn: 00130000, mode: 3, rs1_addr:  0, rs1_rdata: 00000000, rs2_addr:  0, rs2_rdata: 00000000, rd_addr:  0, rd_wdata: 00000000, mem_addr: 00000000, mem_rdata: 00000000, mem_wdata: 00000000
ClkCycle:        586, pc_rdata: 00000856, pc_wdata: 0000085a, insn: 00130000, mode: 3, rs1_addr:  0, rs1_rdata: 00000000, rs2_addr:  0, rs2_rdata: 00000000, rd_addr:  0, rd_wdata: 00000000, mem_addr: 00000000, mem_rdata: 00000000, mem_wdata: 00000000
ClkCycle:        587, pc_rdata: 0000085a, pc_wdata: 0000085e, insn: 00130000, mode: 3, rs1_addr:  0, rs1_rdata: 00000000, rs2_addr:  0, rs2_rdata: 00000000, rd_addr:  0, rd_wdata: 00000000, mem_addr: 00000000, mem_rdata: 00000000, mem_wdata: 00000000
ClkCycle:        588, pc_rdata: 0000085e, pc_wdata: 00000862, insn: 00001117, mode: 3, rs1_addr: 14, rs1_rdata: 00000000, rs2_addr: 17, rs2_rdata: 00000000, rd_addr:  0, rd_wdata: 00000111, mem_addr: 00000111, mem_rdata: 00000000, mem_wdata: 00000000
ClkCycle:        589, pc_rdata: 00000862, pc_wdata: 00000866, insn: 00001117, mode: 3, rs1_addr:  0, rs1_rdata: 00000000, rs2_addr:  0, rs2_rdata: 00000000, rd_addr:  0, rd_wdata: 00000000, mem_addr: 00000000, mem_rdata: 00000000, mem_wdata: 00000000
ClkCycle:        590, pc_rdata: 00000866, pc_wdata: 00000868, insn: 00000013, mode: 3, rs1_addr:  2, rs1_rdata: 00002000, rs2_addr:  0, rs2_rdata: 00000000, rd_addr:  8, rd_wdata: 00002000, mem_addr: 00002000, mem_rdata: 00000000, mem_wdata: 00000000
ClkCycle:        591, pc_rdata: 00000868, pc_wdata: 0000086c, insn: 00000013, mode: 3, rs1_addr:  0, rs1_rdata: 00000000, rs2_addr:  0, rs2_rdata: 00000000, rd_addr:  0, rd_wdata: 00000000, mem_addr: 00000000, mem_rdata: 00000000, mem_wdata: 00000000
ClkCycle:        592, pc_rdata: 0000086c, pc_wdata: 00000870, insn: 00000013, mode: 3, rs1_addr:  0, rs1_rdata: 00000000, rs2_addr:  0, rs2_rdata: 00000000, rd_addr:  0, rd_wdata: 00000000, mem_addr: 00000000, mem_rdata: 00000000, mem_wdata: 00000000
ClkCycle:        593, pc_rdata: 00000870, pc_wdata: 00000874, insn: 00000013, mode: 3, rs1_addr:  0, rs1_rdata: 00000000, rs2_addr:  0, rs2_rdata: 00000000, rd_addr:  0, rd_wdata: 00000000, mem_addr: 00000000, mem_rdata: 00000000, mem_wdata: 00000000
ClkCycle:        594, pc_rdata: 00000874, pc_wdata: 00000878, insn: 00000013, mode: 3, rs1_addr:  0, rs1_rdata: 00000000, rs2_addr:  0, rs2_rdata: 00000000, rd_addr:  0, rd_wdata: 00000000, mem_addr: 00000000, mem_rdata: 00000000, mem_wdata: 00000000
ClkCycle:        595, pc_rdata: 00000878, pc_wdata: 0000087c, insn: 00000013, mode: 3, rs1_addr:  0, rs1_rdata: 00000000, rs2_addr:  0, rs2_rdata: 00000000, rd_addr:  0, rd_wdata: 00000000, mem_addr: 00000000, mem_rdata: 00000000, mem_wdata: 00000000
ClkCycle:        596, pc_rdata: 0000087c, pc_wdata: 00000880, insn: 00000013, mode: 3, rs1_addr:  0, rs1_rdata: 00000000, rs2_addr:  0, rs2_rdata: 00000000, rd_addr:  0, rd_wdata: 00000000, mem_addr: 00000000, mem_rdata: 00000000, mem_wdata: 00000000
ClkCycle:        597, pc_rdata: 00000880, pc_wdata: 00000882, insn: 00014e82, mode: 3, rs1_addr:  2, rs1_rdata: 00002000, rs2_addr:  0, rs2_rdata: 00000000, rd_addr: 29, rd_wdata: 00000000, mem_addr: 00002000, mem_rdata: 00000000, mem_wdata: 00000000
ClkCycle:        598, pc_rdata: 00000882, pc_wdata: 00000886, insn: 00014e82, mode: 3, rs1_addr:  0, rs1_rdata: 00000000, rs2_addr:  0, rs2_rdata: 00000000, rd_addr:  0, rd_wdata: 00000000, mem_addr: 00000000, mem_rdata: 00000000, mem_wdata: 00000000
ClkCycle:        599, pc_rdata: 00000886, pc_wdata: 00000888, insn: 00130dd4, mode: 3, rs1_addr:  0, rs1_rdata: 00000000, rs2_addr:  0, rs2_rdata: 00000000, rd_addr:  0, rd_wdata: 00000000, mem_addr: 00000000, mem_rdata: 00000000, mem_wdata: 00000000
ClkCycle:        600, pc_rdata: 00000888, pc_wdata: 0000088a, insn: 00130dd4, mode: 3, rs1_addr:  2, rs1_rdata: 00002000, rs2_addr: 20, rs2_rdata: 00000000, rd_addr: 13, rd_wdata: 000022d4, mem_addr: 000022d4, mem_rdata: 00000000, mem_wdata: 00000000
ClkCycle:        601, pc_rdata: 0000088a, pc_wdata: 0000088e, insn: 00130dd4, mode: 3, rs1_addr:  0, rs1_rdata: 00000000, rs2_addr:  0, rs2_rdata: 00000000, rd_addr:  0, rd_wdata: 00000000, mem_addr: 00000000, mem_rdata: 00000000, mem_wdata: 00000000
ClkCycle:        602, pc_rdata: 0000088e, pc_wdata: 00000892, insn: 00130000, mode: 3, rs1_addr:  0, rs1_rdata: 00000000, rs2_addr:  0, rs2_rdata: 00000000, rd_addr:  0, rd_wdata: 00000000, mem_addr: 00000000, mem_rdata: 00000000, mem_wdata: 00000000
ClkCycle:        603, pc_rdata: 00000892, pc_wdata: 00000896, insn: 00130000, mode: 3, rs1_addr:  0, rs1_rdata: 00000000, rs2_addr:  0, rs2_rdata: 00000000, rd_addr:  0, rd_wdata: 00000000, mem_addr: 00000000, mem_rdata: 00000000, mem_wdata: 00000000
ClkCycle:        604, pc_rdata: 00000896, pc_wdata: 0000089a, insn: 00130000, mode: 3, rs1_addr:  0, rs1_rdata: 00000000, rs2_addr:  0, rs2_rdata: 00000000, rd_addr:  0, rd_wdata: 00000000, mem_addr: 00000000, mem_rdata: 00000000, mem_wdata: 00000000
ClkCycle:        605, pc_rdata: 0000089a, pc_wdata: 0000089e, insn: 00130000, mode: 3, rs1_addr:  0, rs1_rdata: 00000000, rs2_addr:  0, rs2_rdata: 00000000, rd_addr:  0, rd_wdata: 00000000, mem_addr: 00000000, mem_rdata: 00000000, mem_wdata: 00000000
ClkCycle:        606, pc_rdata: 0000089e, pc_wdata: 000008a2, insn: 00003097, mode: 3, rs1_addr: 14, rs1_rdata: 00000000, rs2_addr:  9, rs2_rdata: 00002214, rd_addr:  0, rd_wdata: 00000309, mem_addr: 00000309, mem_rdata: 00000000, mem_wdata: 00002214
ClkCycle:        607, pc_rdata: 000008a2, pc_wdata: 000008a6, insn: 00003097, mode: 3, rs1_addr:  0, rs1_rdata: 00000000, rs2_addr:  0, rs2_rdata: 00000000, rd_addr:  0, rd_wdata: 00000000, mem_addr: 00000000, mem_rdata: 00000000, mem_wdata: 00000000
ClkCycle:        608, pc_rdata: 000008a6, pc_wdata: 000008a8, insn: 00000013, mode: 3, rs1_addr:  2, rs1_rdata: 00002000, rs2_addr:  0, rs2_rdata: 00000000, rd_addr:  8, rd_wdata: 00002000, mem_addr: 00002000, mem_rdata: 00000000, mem_wdata: 00000000
ClkCycle:        609, pc_rdata: 000008a8, pc_wdata: 000008ac, insn: 00000013, mode: 3, rs1_addr:  0, rs1_rdata: 00000000, rs2_addr:  0, rs2_rdata: 00000000, rd_addr:  0, rd_wdata: 00000000, mem_addr: 00000000, mem_rdata: 00000000, mem_wdata: 00000000
ClkCycle:        610, pc_rdata: 000008ac, pc_wdata: 000008b0, insn: 00000013, mode: 3, rs1_addr:  0, rs1_rdata: 00000000, rs2_addr:  0, rs2_rdata: 00000000, rd_addr:  0, rd_wdata: 00000000, mem_addr: 00000000, mem_rdata: 00000000, mem_wdata: 00000000
ClkCycle:        611, pc_rdata: 000008b0, pc_wdata: 000008b4, insn: 00000013, mode: 3, rs1_addr:  0, rs1_rdata: 00000000, rs2_addr:  0, rs2_rdata: 00000000, rd_addr:  0, rd_wdata: 00000000, mem_addr: 00000000, mem_rdata: 00000000, mem_wdata: 00000000
ClkCycle:        612, pc_rdata: 000008b4, pc_wdata: 000008b8, insn: 00000013, mode: 3, rs1_addr:  0, rs1_rdata: 00000000, rs2_addr:  0, rs2_rdata: 00000000, rd_addr:  0, rd_wdata: 00000000, mem_addr: 00000000, mem_rdata: 00000000, mem_wdata: 00000000
ClkCycle:        613, pc_rdata: 000008b8, pc_wdata: 000008bc, insn: 00000013, mode: 3, rs1_addr:  0, rs1_rdata: 00000000, rs2_addr:  0, rs2_rdata: 00000000, rd_addr:  0, rd_wdata: 00000000, mem_addr: 00000000, mem_rdata: 00000000, mem_wdata: 00000000
ClkCycle:        614, pc_rdata: 000008bc, pc_wdata: 000008c0, insn: 00000013, mode: 3, rs1_addr:  0, rs1_rdata: 00000000, rs2_addr:  0, rs2_rdata: 00000000, rd_addr:  0, rd_wdata: 00000000, mem_addr: 00000000, mem_rdata: 00000000, mem_wdata: 00000000
ClkCycle:        615, pc_rdata: 000008c0, pc_wdata: 000008c4, insn: 00001117, mode: 3, rs1_addr:  0, rs1_rdata: 00000000, rs2_addr:  0, rs2_rdata: 00000000, rd_addr:  2, rd_wdata: 000018c0, mem_addr: 000018c0, mem_rdata: 00000000, mem_wdata: 00000000
ClkCycle:        616, pc_rdata: 000008c4, pc_wdata: 000008c8, insn: 74010113, mode: 3, rs1_addr:  2, rs1_rdata: 00002000, rs2_addr:  0, rs2_rdata: 00000000, rd_addr:  2, rd_wdata: 00002000, mem_addr: 00002000, mem_rdata: 00000000, mem_wdata: 00000000
ClkCycle:        617, pc_rdata: 000008c8, pc_wdata: 000008cc, insn: 00000013, mode: 3, rs1_addr:  0, rs1_rdata: 00000000, rs2_addr:  0, rs2_rdata: 00000000, rd_addr:  0, rd_wdata: 00000000, mem_addr: 00000000, mem_rdata: 00000000, mem_wdata: 00000000
ClkCycle:        618, pc_rdata: 000008cc, pc_wdata: 000008d0, insn: 00000013, mode: 3, rs1_addr:  0, rs1_rdata: 00000000, rs2_addr:  0, rs2_rdata: 00000000, rd_addr:  0, rd_wdata: 00000000, mem_addr: 00000000, mem_rdata: 00000000, mem_wdata: 00000000
ClkCycle:        619, pc_rdata: 000008d0, pc_wdata: 000008d4, insn: 00000013, mode: 3, rs1_addr:  0, rs1_rdata: 00000000, rs2_addr:  0, rs2_rdata: 00000000, rd_addr:  0, rd_wdata: 00000000, mem_addr: 00000000, mem_rdata: 00000000, mem_wdata: 00000000
ClkCycle:        620, pc_rdata: 000008d4, pc_wdata: 000008d8, insn: 00000013, mode: 3, rs1_addr:  0, rs1_rdata: 00000000, rs2_addr:  0, rs2_rdata: 00000000, rd_addr:  0, rd_wdata: 00000000, mem_addr: 00000000, mem_rdata: 00000000, mem_wdata: 00000000
ClkCycle:        621, pc_rdata: 000008d8, pc_wdata: 000008dc, insn: 00000013, mode: 3, rs1_addr:  0, rs1_rdata: 00000000, rs2_addr:  0, rs2_rdata: 00000000, rd_addr:  0, rd_wdata: 00000000, mem_addr: 00000000, mem_rdata: 00000000, mem_wdata: 00000000
ClkCycle:        622, pc_rdata: 000008dc, pc_wdata: 000008e0, insn: 00000013, mode: 3, rs1_addr:  0, rs1_rdata: 00000000, rs2_addr:  0, rs2_rdata: 00000000, rd_addr:  0, rd_wdata: 00000000, mem_addr: 00000000, mem_rdata: 00000000, mem_wdata: 00000000
ClkCycle:        623, pc_rdata: 000008e0, pc_wdata: 000008e2, insn: 00014d82, mode: 3, rs1_addr:  2, rs1_rdata: 00002000, rs2_addr:  0, rs2_rdata: 00000000, rd_addr: 27, rd_wdata: 00000000, mem_addr: 00002000, mem_rdata: 00000000, mem_wdata: 00000000
ClkCycle:        624, pc_rdata: 000008e2, pc_wdata: 000008e6, insn: 00014d82, mode: 3, rs1_addr:  0, rs1_rdata: 00000000, rs2_addr:  0, rs2_rdata: 00000000, rd_addr:  0, rd_wdata: 00000000, mem_addr: 00000000, mem_rdata: 00000000, mem_wdata: 00000000
ClkCycle:        625, pc_rdata: 000008e6, pc_wdata: 000008e8, insn: 001301b0, mode: 3, rs1_addr:  0, rs1_rdata: 00000000, rs2_addr:  0, rs2_rdata: 00000000, rd_addr:  0, rd_wdata: 00000000, mem_addr: 00000000, mem_rdata: 00000000, mem_wdata: 00000000
ClkCycle:        626, pc_rdata: 000008e8, pc_wdata: 000008ea, insn: 001301b0, mode: 3, rs1_addr:  2, rs1_rdata: 00002000, rs2_addr:  8, rs2_rdata: 00002000, rd_addr: 12, rd_wdata: 000020c8, mem_addr: 000020c8, mem_rdata: 00000000, mem_wdata: 00002000
ClkCycle:        627, pc_rdata: 000008ea, pc_wdata: 000008ee, insn: 001301b0, mode: 3, rs1_addr:  0, rs1_rdata: 00000000, rs2_addr:  0, rs2_rdata: 00000000, rd_addr:  0, rd_wdata: 00000000, mem_addr: 00000000, mem_rdata: 00000000, mem_wdata: 00000000
ClkCycle:        628, pc_rdata: 000008ee, pc_wdata: 000008f2, insn: 00130000, mode: 3, rs1_addr:  0, rs1_rdata: 00000000, rs2_addr:  0, rs2_rdata: 00000000, rd_addr:  0, rd_wdata: 00000000, mem_addr: 00000000, mem_rdata: 00000000, mem_wdata: 00000000
ClkCycle:        629, pc_rdata: 000008f2, pc_wdata: 000008f6, insn: 00130000, mode: 3, rs1_addr:  0, rs1_rdata: 00000000, rs2_addr:  0, rs2_rdata: 00000000, rd_addr:  0, rd_wdata: 00000000, mem_addr: 00000000, mem_rdata: 00000000, mem_wdata: 00000000
ClkCycle:        630, pc_rdata: 000008f6, pc_wdata: 000008fa, insn: 00130000, mode: 3, rs1_addr:  0, rs1_rdata: 00000000, rs2_addr:  0, rs2_rdata: 00000000, rd_addr:  0, rd_wdata: 00000000, mem_addr: 00000000, mem_rdata: 00000000, mem_wdata: 00000000
ClkCycle:        631, pc_rdata: 000008fa, pc_wdata: 000008fe, insn: 00130000, mode: 3, rs1_addr:  0, rs1_rdata: 00000000, rs2_addr:  0, rs2_rdata: 00000000, rd_addr:  0, rd_wdata: 00000000, mem_addr: 00000000, mem_rdata: 00000000, mem_wdata: 00000000
ClkCycle:        632, pc_rdata: 000008fe, pc_wdata: 00000902, insn: 00001117, mode: 3, rs1_addr: 14, rs1_rdata: 00000000, rs2_addr: 17, rs2_rdata: 00000000, rd_addr:  0, rd_wdata: 00000111, mem_addr: 00000111, mem_rdata: 00000000, mem_wdata: 00000000
ClkCycle:        633, pc_rdata: 00000902, pc_wdata: 00000906, insn: 00001117, mode: 3, rs1_addr:  0, rs1_rdata: 00000000, rs2_addr:  0, rs2_rdata: 00000000, rd_addr:  0, rd_wdata: 00000000, mem_addr: 00000000, mem_rdata: 00000000, mem_wdata: 00000000
ClkCycle:        634, pc_rdata: 00000906, pc_wdata: 00000908, insn: 00000013, mode: 3, rs1_addr:  2, rs1_rdata: 00002000, rs2_addr:  0, rs2_rdata: 00000000, rd_addr:  8, rd_wdata: 00002000, mem_addr: 00002000, mem_rdata: 00000000, mem_wdata: 00000000
ClkCycle:        635, pc_rdata: 00000908, pc_wdata: 0000090c, insn: 00000013, mode: 3, rs1_addr:  0, rs1_rdata: 00000000, rs2_addr:  0, rs2_rdata: 00000000, rd_addr:  0, rd_wdata: 00000000, mem_addr: 00000000, mem_rdata: 00000000, mem_wdata: 00000000
ClkCycle:        636, pc_rdata: 0000090c, pc_wdata: 00000910, insn: 00000013, mode: 3, rs1_addr:  0, rs1_rdata: 00000000, rs2_addr:  0, rs2_rdata: 00000000, rd_addr:  0, rd_wdata: 00000000, mem_addr: 00000000, mem_rdata: 00000000, mem_wdata: 00000000
ClkCycle:        637, pc_rdata: 00000910, pc_wdata: 00000914, insn: 00000013, mode: 3, rs1_addr:  0, rs1_rdata: 00000000, rs2_addr:  0, rs2_rdata: 00000000, rd_addr:  0, rd_wdata: 00000000, mem_addr: 00000000, mem_rdata: 00000000, mem_wdata: 00000000
ClkCycle:        638, pc_rdata: 00000914, pc_wdata: 00000918, insn: 00000013, mode: 3, rs1_addr:  0, rs1_rdata: 00000000, rs2_addr:  0, rs2_rdata: 00000000, rd_addr:  0, rd_wdata: 00000000, mem_addr: 00000000, mem_rdata: 00000000, mem_wdata: 00000000
ClkCycle:        639, pc_rdata: 00000918, pc_wdata: 0000091c, insn: 00000013, mode: 3, rs1_addr:  0, rs1_rdata: 00000000, rs2_addr:  0, rs2_rdata: 00000000, rd_addr:  0, rd_wdata: 00000000, mem_addr: 00000000, mem_rdata: 00000000, mem_wdata: 00000000
ClkCycle:        640, pc_rdata: 0000091c, pc_wdata: 00000920, insn: 00000013, mode: 3, rs1_addr:  0, rs1_rdata: 00000000, rs2_addr:  0, rs2_rdata: 00000000, rd_addr:  0, rd_wdata: 00000000, mem_addr: 00000000, mem_rdata: 00000000, mem_wdata: 00000000
ClkCycle:        641, pc_rdata: 00000920, pc_wdata: 00000922, insn: 00014602, mode: 3, rs1_addr:  2, rs1_rdata: 00002000, rs2_addr:  0, rs2_rdata: 00000000, rd_addr: 12, rd_wdata: 00000000, mem_addr: 00002000, mem_rdata: 00000000, mem_wdata: 00000000
ClkCycle:        642, pc_rdata: 00000922, pc_wdata: 00000926, insn: 00014602, mode: 3, rs1_addr:  0, rs1_rdata: 00000000, rs2_addr:  0, rs2_rdata: 00000000, rd_addr:  0, rd_wdata: 00000000, mem_addr: 00000000, mem_rdata: 00000000, mem_wdata: 00000000
ClkCycle:        643, pc_rdata: 00000926, pc_wdata: 00000928, insn: 001300c0, mode: 3, rs1_addr:  0, rs1_rdata: 00000000, rs2_addr:  0, rs2_rdata: 00000000, rd_addr:  0, rd_wdata: 00000000, mem_addr: 00000000, mem_rdata: 00000000, mem_wdata: 00000000
ClkCycle:        644, pc_rdata: 00000928, pc_wdata: 0000092a, insn: 001300c0, mode: 3, rs1_addr:  2, rs1_rdata: 00002000, rs2_addr:  4, rs2_rdata: 00000000, rd_addr:  8, rd_wdata: 00002044, mem_addr: 00002044, mem_rdata: 00000000, mem_wdata: 00000000
ClkCycle:        645, pc_rdata: 0000092a, pc_wdata: 0000092e, insn: 001300c0, mode: 3, rs1_addr:  0, rs1_rdata: 00000000, rs2_addr:  0, rs2_rdata: 00000000, rd_addr:  0, rd_wdata: 00000000, mem_addr: 00000000, mem_rdata: 00000000, mem_wdata: 00000000
ClkCycle:        646, pc_rdata: 0000092e, pc_wdata: 00000932, insn: 00130000, mode: 3, rs1_addr:  0, rs1_rdata: 00000000, rs2_addr:  0, rs2_rdata: 00000000, rd_addr:  0, rd_wdata: 00000000, mem_addr: 00000000, mem_rdata: 00000000, mem_wdata: 00000000
ClkCycle:        647, pc_rdata: 00000932, pc_wdata: 00000936, insn: 00130000, mode: 3, rs1_addr:  0, rs1_rdata: 00000000, rs2_addr:  0, rs2_rdata: 00000000, rd_addr:  0, rd_wdata: 00000000, mem_addr: 00000000, mem_rdata: 00000000, mem_wdata: 00000000
ClkCycle:        648, pc_rdata: 00000936, pc_wdata: 0000093a, insn: 00130000, mode: 3, rs1_addr:  0, rs1_rdata: 00000000, rs2_addr:  0, rs2_rdata: 00000000, rd_addr:  0, rd_wdata: 00000000, mem_addr: 00000000, mem_rdata: 00000000, mem_wdata: 00000000
ClkCycle:        649, pc_rdata: 0000093a, pc_wdata: 0000093e, insn: 00130000, mode: 3, rs1_addr:  0, rs1_rdata: 00000000, rs2_addr:  0, rs2_rdata: 00000000, rd_addr:  0, rd_wdata: 00000000, mem_addr: 00000000, mem_rdata: 00000000, mem_wdata: 00000000
ClkCycle:        650, pc_rdata: 0000093e, pc_wdata: 00000942, insn: 00001117, mode: 3, rs1_addr: 14, rs1_rdata: 00000000, rs2_addr: 17, rs2_rdata: 00000000, rd_addr:  0, rd_wdata: 00000111, mem_addr: 00000111, mem_rdata: 00000000, mem_wdata: 00000000
ClkCycle:        651, pc_rdata: 00000942, pc_wdata: 00000946, insn: 00001117, mode: 3, rs1_addr:  0, rs1_rdata: 00000000, rs2_addr:  0, rs2_rdata: 00000000, rd_addr:  0, rd_wdata: 00000000, mem_addr: 00000000, mem_rdata: 00000000, mem_wdata: 00000000
ClkCycle:        652, pc_rdata: 00000946, pc_wdata: 00000948, insn: 00000013, mode: 3, rs1_addr:  2, rs1_rdata: 00002000, rs2_addr:  0, rs2_rdata: 00000000, rd_addr:  8, rd_wdata: 00002000, mem_addr: 00002000, mem_rdata: 00000000, mem_wdata: 00000000
ClkCycle:        653, pc_rdata: 00000948, pc_wdata: 0000094c, insn: 00000013, mode: 3, rs1_addr:  0, rs1_rdata: 00000000, rs2_addr:  0, rs2_rdata: 00000000, rd_addr:  0, rd_wdata: 00000000, mem_addr: 00000000, mem_rdata: 00000000, mem_wdata: 00000000
ClkCycle:        654, pc_rdata: 0000094c, pc_wdata: 00000950, insn: 00000013, mode: 3, rs1_addr:  0, rs1_rdata: 00000000, rs2_addr:  0, rs2_rdata: 00000000, rd_addr:  0, rd_wdata: 00000000, mem_addr: 00000000, mem_rdata: 00000000, mem_wdata: 00000000
ClkCycle:        655, pc_rdata: 00000950, pc_wdata: 00000954, insn: 00000013, mode: 3, rs1_addr:  0, rs1_rdata: 00000000, rs2_addr:  0, rs2_rdata: 00000000, rd_addr:  0, rd_wdata: 00000000, mem_addr: 00000000, mem_rdata: 00000000, mem_wdata: 00000000
ClkCycle:        656, pc_rdata: 00000954, pc_wdata: 00000958, insn: 00000013, mode: 3, rs1_addr:  0, rs1_rdata: 00000000, rs2_addr:  0, rs2_rdata: 00000000, rd_addr:  0, rd_wdata: 00000000, mem_addr: 00000000, mem_rdata: 00000000, mem_wdata: 00000000
ClkCycle:        657, pc_rdata: 00000958, pc_wdata: 0000095c, insn: 00000013, mode: 3, rs1_addr:  0, rs1_rdata: 00000000, rs2_addr:  0, rs2_rdata: 00000000, rd_addr:  0, rd_wdata: 00000000, mem_addr: 00000000, mem_rdata: 00000000, mem_wdata: 00000000
ClkCycle:        658, pc_rdata: 0000095c, pc_wdata: 00000960, insn: 00000013, mode: 3, rs1_addr:  0, rs1_rdata: 00000000, rs2_addr:  0, rs2_rdata: 00000000, rd_addr:  0, rd_wdata: 00000000, mem_addr: 00000000, mem_rdata: 00000000, mem_wdata: 00000000
ClkCycle:        659, pc_rdata: 00000960, pc_wdata: 00000962, insn: 00014402, mode: 3, rs1_addr:  2, rs1_rdata: 00002000, rs2_addr:  0, rs2_rdata: 00000000, rd_addr:  8, rd_wdata: 00000000, mem_addr: 00002000, mem_rdata: 00000000, mem_wdata: 00000000
ClkCycle:        660, pc_rdata: 00000962, pc_wdata: 00000966, insn: 00014402, mode: 3, rs1_addr:  0, rs1_rdata: 00000000, rs2_addr:  0, rs2_rdata: 00000000, rd_addr:  0, rd_wdata: 00000000, mem_addr: 00000000, mem_rdata: 00000000, mem_wdata: 00000000
ClkCycle:        661, pc_rdata: 00000966, pc_wdata: 00000968, insn: 006f0080, mode: 3, rs1_addr:  0, rs1_rdata: 00000000, rs2_addr:  0, rs2_rdata: 00000000, rd_addr:  0, rd_wdata: 00000000, mem_addr: 00000000, mem_rdata: 00000000, mem_wdata: 00000000
ClkCycle:        662, pc_rdata: 00000968, pc_wdata: 0000096a, insn: 006f0080, mode: 3, rs1_addr:  2, rs1_rdata: 00002000, rs2_addr:  0, rs2_rdata: 00000000, rd_addr:  8, rd_wdata: 00002040, mem_addr: 00002040, mem_rdata: 00000000, mem_wdata: 00000000
ClkCycle:        663, pc_rdata: 0000096a, pc_wdata: 0000096e, insn: 006f0080, mode: 3, rs1_addr:  0, rs1_rdata: 00000000, rs2_addr:  0, rs2_rdata: 00000000, rd_addr:  0, rd_wdata: 00000000, mem_addr: 00000000, mem_rdata: 00000000, mem_wdata: 00000000
ClkCycle:        664, pc_rdata: 0000096e, pc_wdata: 00000972, insn: 33031f81, mode: 3, rs1_addr:  2, rs1_rdata: 00002000, rs2_addr: 24, rs2_rdata: 00000000, rd_addr:  0, rd_wdata: 00000972, mem_addr: 000121f8, mem_rdata: 00000000, mem_wdata: 00000000
ClkCycle:        665, pc_rdata: 00000972, pc_wdata: 00010b66, insn: 33031f81, mode: 3, rs1_addr:  0, rs1_rdata: 00000000, rs2_addr:  0, rs2_rdata: 00000000, rd_addr:  0, rd_wdata: 00000000, mem_addr: 00000000, mem_rdata: 00000000, mem_wdata: 00000000
ClkCycle:       4033, pc_rdata: 00014002, pc_wdata: 00014004, insn: ddb80813, mode: 3, rs1_addr:  2, rs1_rdata: 00002000, rs2_addr:  0, rs2_rdata: 00000000, rd_addr:  8, rd_wdata: 00002000, mem_addr: 00002000, mem_rdata: 00000000, mem_wdata: 00000000
ClkCycle:       4034, pc_rdata: 00014004, pc_wdata: 00014008, insn: ddb80813, mode: 3, rs1_addr: 16, rs1_rdata: 00000000, rs2_addr: 27, rs2_rdata: 00000000, rd_addr: 16, rd_wdata: fffffddb, mem_addr: fffffddb, mem_rdata: 00000000, mem_wdata: 00000000
ClkCycle:       4035, pc_rdata: 00014008, pc_wdata: 0001400c, insn: 00b81813, mode: 3, rs1_addr: 16, rs1_rdata: 00000000, rs2_addr: 11, rs2_rdata: 00000000, rd_addr: 16, rd_wdata: ffeed800, mem_addr: ffeed800, mem_rdata: 00000000, mem_wdata: 00000000
ClkCycle:       4036, pc_rdata: 0001400c, pc_wdata: 00014010, insn: 3ea80813, mode: 3, rs1_addr: 16, rs1_rdata: 00000000, rs2_addr: 10, rs2_rdata: 00000000, rd_addr: 16, rd_wdata: ffeedbea, mem_addr: ffeedbea, mem_rdata: 00000000, mem_wdata: 00000000
ClkCycle:       4037, pc_rdata: 00014010, pc_wdata: 00014014, insn: 00b81813, mode: 3, rs1_addr: 16, rs1_rdata: fffffddb, rs2_addr: 11, rs2_rdata: 00000000, rd_addr: 16, rd_wdata: 76df5000, mem_addr: 76df5000, mem_rdata: 00000000, mem_wdata: 00000000
ClkCycle:       4038, pc_rdata: 00014014, pc_wdata: 00014018, insn: 6ff80813, mode: 3, rs1_addr: 16, rs1_rdata: ffeed800, rs2_addr: 31, rs2_rdata: 00000000, rd_addr: 16, rd_wdata: 76df56ff, mem_addr: 76df56ff, mem_rdata: 00000000, mem_wdata: 00000000
ClkCycle:       4039, pc_rdata: 00014018, pc_wdata: 0001401c, insn: 00a81813, mode: 3, rs1_addr: 16, rs1_rdata: ffeedbea, rs2_addr: 10, rs2_rdata: 00000000, rd_addr: 16, rd_wdata: 7d5bfc00, mem_addr: 7d5bfc00, mem_rdata: 00000000, mem_wdata: 00000000
ClkCycle:       4040, pc_rdata: 0001401c, pc_wdata: 00014020, insn: 1db80813, mode: 3, rs1_addr: 16, rs1_rdata: 76df5000, rs2_addr: 27, rs2_rdata: 00000000, rd_addr: 16, rd_wdata: 7d5bfddb, mem_addr: 7d5bfddb, mem_rdata: 00000000, mem_wdata: 00000000
ClkCycle:       4041, pc_rdata: 00014020, pc_wdata: 00014024, insn: 00785893, mode: 3, rs1_addr: 16, rs1_rdata: 76df56ff, rs2_addr:  7, rs2_rdata: 00000000, rd_addr: 17, rd_wdata: b6fab7fb, mem_addr: b6fab7fb, mem_rdata: 00000000, mem_wdata: 00000000
ClkCycle:       4042, pc_rdata: 00014024, pc_wdata: 00014028, insn: 03985793, mode: 3, rs1_addr: 16, rs1_rdata: 7d5bfc00, rs2_addr: 25, rs2_rdata: 00000000, rd_addr: 15, rd_wdata: fffeedbe, mem_addr: fffeedbe, mem_rdata: 00000000, mem_wdata: 00000000
ClkCycle:       4043, pc_rdata: 00014028, pc_wdata: 0001402c, insn: 00f8e8b3, mode: 3, rs1_addr: 17, rs1_rdata: 00000000, rs2_addr: 15, rs2_rdata: 00000000, rd_addr: 17, rd_wdata: fffeffff, mem_addr: fffeffff, mem_rdata: 00000000, mem_wdata: fffeedbe
ClkCycle:       4044, pc_rdata: 0001402c, pc_wdata: 00014030, insn: 0078d913, mode: 3, rs1_addr: 17, rs1_rdata: b6fab7fb, rs2_addr:  7, rs2_rdata: 00000000, rd_addr: 18, rd_wdata: fffffdff, mem_addr: fffffdff, mem_rdata: 00000000, mem_wdata: 00000000
ClkCycle:       4045, pc_rdata: 00014030, pc_wdata: 00014034, insn: 0398d793, mode: 3, rs1_addr: 17, rs1_rdata: b6fab7fb, rs2_addr: 25, rs2_rdata: 00000000, rd_addr: 15, rd_wdata: ffffffff, mem_addr: ffffffff, mem_rdata: 00000000, mem_wdata: 00000000
ClkCycle:       4046, pc_rdata: 00014034, pc_wdata: 00014038, insn: 00f96933, mode: 3, rs1_addr: 18, rs1_rdata: 00000000, rs2_addr: 15, rs2_rdata: fffeedbe, rd_addr: 18, rd_wdata: ffffffff, mem_addr: ffffffff, mem_rdata: 00000000, mem_wdata: ffffffff
ClkCycle:       4047, pc_rdata: 00014038, pc_wdata: 0001403c, insn: 00795993, mode: 3, rs1_addr: 18, rs1_rdata: fffffdff, rs2_addr:  7, rs2_rdata: 00000000, rd_addr: 19, rd_wdata: ffffffff, mem_addr: ffffffff, mem_rdata: 00000000, mem_wdata: 00000000
ClkCycle:       4048, pc_rdata: 0001403c, pc_wdata: 00014040, insn: 03995793, mode: 3, rs1_addr: 18, rs1_rdata: fffffdff, rs2_addr: 25, rs2_rdata: 00000000, rd_addr: 15, rd_wdata: 01ffffff, mem_addr: 01ffffff, mem_rdata: 00000000, mem_wdata: 00000000
ClkCycle:       4049, pc_rdata: 00014040, pc_wdata: 00014044, insn: 00f9e9b3, mode: 3, rs1_addr: 19, rs1_rdata: 00000000, rs2_addr: 15, rs2_rdata: ffffffff, rd_addr: 19, rd_wdata: ffffffff, mem_addr: ffffffff, mem_rdata: 00000000, mem_wdata: 01ffffff
ClkCycle:       4050, pc_rdata: 00014044, pc_wdata: 00014048, insn: 0079da13, mode: 3, rs1_addr: 19, rs1_rdata: ffffffff, rs2_addr:  7, rs2_rdata: 00000000, rd_addr: 20, rd_wdata: ffffffff, mem_addr: ffffffff, mem_rdata: 00000000, mem_wdata: 00000000
ClkCycle:       4051, pc_rdata: 00014048, pc_wdata: 0001404c, insn: 0399d793, mode: 3, rs1_addr: 19, rs1_rdata: ffffffff, rs2_addr: 25, rs2_rdata: 00000000, rd_addr: 15, rd_wdata: 0003ffff, mem_addr: 0003ffff, mem_rdata: 00000000, mem_wdata: 00000000
ClkCycle:       4052, pc_rdata: 0001404c, pc_wdata: 00014050, insn: 00fa6a33, mode: 3, rs1_addr: 20, rs1_rdata: 00000000, rs2_addr: 15, rs2_rdata: 01ffffff, rd_addr: 20, rd_wdata: ffffffff, mem_addr: ffffffff, mem_rdata: 00000000, mem_wdata: 0003ffff
ClkCycle:       4053, pc_rdata: 00014050, pc_wdata: 00014054, insn: 007a5a93, mode: 3, rs1_addr: 20, rs1_rdata: ffffffff, rs2_addr:  7, rs2_rdata: 00000000, rd_addr: 21, rd_wdata: 1fffffff, mem_addr: 1fffffff, mem_rdata: 00000000, mem_wdata: 00000000
ClkCycle:       4054, pc_rdata: 00014054, pc_wdata: 00014058, insn: 039a5793, mode: 3, rs1_addr: 20, rs1_rdata: ffffffff, rs2_addr: 25, rs2_rdata: 00000000, rd_addr: 15, rd_wdata: 000007ff, mem_addr: 000007ff, mem_rdata: 00000000, mem_wdata: 00000000
ClkCycle:       4055, pc_rdata: 00014058, pc_wdata: 0001405c, insn: 00faeab3, mode: 3, rs1_addr: 21, rs1_rdata: 00000000, rs2_addr: 15, rs2_rdata: 0003ffff, rd_addr: 21, rd_wdata: 1fffffff, mem_addr: 1fffffff, mem_rdata: 00000000, mem_wdata: 000007ff
ClkCycle:       4056, pc_rdata: 0001405c, pc_wdata: 00014060, insn: 007adb13, mode: 3, rs1_addr: 21, rs1_rdata: 1fffffff, rs2_addr:  7, rs2_rdata: 00000000, rd_addr: 22, rd_wdata: 003fffff, mem_addr: 003fffff, mem_rdata: 00000000, mem_wdata: 00000000
ClkCycle:       4057, pc_rdata: 00014060, pc_wdata: 00014064, insn: 039ad793, mode: 3, rs1_addr: 21, rs1_rdata: 1fffffff, rs2_addr: 25, rs2_rdata: 00000000, rd_addr: 15, rd_wdata: 0000000f, mem_addr: 0000000f, mem_rdata: 00000000, mem_wdata: 00000000
ClkCycle:       4058, pc_rdata: 00014064, pc_wdata: 00014068, insn: 00fb6b33, mode: 3, rs1_addr: 22, rs1_rdata: 00000000, rs2_addr: 15, rs2_rdata: 000007ff, rd_addr: 22, rd_wdata: 003fffff, mem_addr: 003fffff, mem_rdata: 00000000, mem_wdata: 0000000f
ClkCycle:       4059, pc_rdata: 00014068, pc_wdata: 0001406c, insn: 007b5b93, mode: 3, rs1_addr: 22, rs1_rdata: 003fffff, rs2_addr:  7, rs2_rdata: 00000000, rd_addr: 23, rd_wdata: 00007fff, mem_addr: 00007fff, mem_rdata: 00000000, mem_wdata: 00000000
ClkCycle:       4060, pc_rdata: 0001406c, pc_wdata: 00014070, insn: 039b5793, mode: 3, rs1_addr: 22, rs1_rdata: 003fffff, rs2_addr: 25, rs2_rdata: 00000000, rd_addr: 15, rd_wdata: 00000000, mem_addr: 00000000, mem_rdata: 00000000, mem_wdata: 00000000
ClkCycle:       4061, pc_rdata: 00014070, pc_wdata: 00014074, insn: 00fbebb3, mode: 3, rs1_addr: 23, rs1_rdata: 00000000, rs2_addr: 15, rs2_rdata: 0000000f, rd_addr: 23, rd_wdata: 00007fff, mem_addr: 00007fff, mem_rdata: 00000000, mem_wdata: 00000000
ClkCycle:       4062, pc_rdata: 00014074, pc_wdata: 00014078, insn: 007bdc13, mode: 3, rs1_addr: 23, rs1_rdata: 00007fff, rs2_addr:  7, rs2_rdata: 00000000, rd_addr: 24, rd_wdata: 000000ff, mem_addr: 000000ff, mem_rdata: 00000000, mem_wdata: 00000000
ClkCycle:       4063, pc_rdata: 00014078, pc_wdata: 0001407c, insn: 039bd793, mode: 3, rs1_addr: 23, rs1_rdata: 00007fff, rs2_addr: 25, rs2_rdata: 00000000, rd_addr: 15, rd_wdata: 00000000, mem_addr: 00000000, mem_rdata: 00000000, mem_wdata: 00000000
ClkCycle:       4064, pc_rdata: 0001407c, pc_wdata: 00014080, insn: 00fc6c33, mode: 3, rs1_addr: 24, rs1_rdata: 00000000, rs2_addr: 15, rs2_rdata: 00000000, rd_addr: 24, rd_wdata: 000000ff, mem_addr: 000000ff, mem_rdata: 00000000, mem_wdata: 00000000
ClkCycle:       4065, pc_rdata: 00014080, pc_wdata: 00014084, insn: 007c5c93, mode: 3, rs1_addr: 24, rs1_rdata: 000000ff, rs2_addr:  7, rs2_rdata: 00000000, rd_addr: 25, rd_wdata: 00000001, mem_addr: 00000001, mem_rdata: 00000000, mem_wdata: 00000000
ClkCycle:       4066, pc_rdata: 00014084, pc_wdata: 00014088, insn: 039c5793, mode: 3, rs1_addr: 24, rs1_rdata: 000000ff, rs2_addr: 25, rs2_rdata: 00000000, rd_addr: 15, rd_wdata: 00000000, mem_addr: 00000000, mem_rdata: 00000000, mem_wdata: 00000001
ClkCycle:       4067, pc_rdata: 00014088, pc_wdata: 0001408c, insn: 00fcecb3, mode: 3, rs1_addr: 25, rs1_rdata: 00000000, rs2_addr: 15, rs2_rdata: 00000000, rd_addr: 25, rd_wdata: 00000001, mem_addr: 00000001, mem_rdata: 00000000, mem_wdata: 00000000
ClkCycle:       4068, pc_rdata: 0001408c, pc_wdata: 00014090, insn: 007cdd13, mode: 3, rs1_addr: 25, rs1_rdata: 00000001, rs2_addr:  7, rs2_rdata: 00000000, rd_addr: 26, rd_wdata: 00000000, mem_addr: 00000000, mem_rdata: 00000000, mem_wdata: 00000000
ClkCycle:       4069, pc_rdata: 00014090, pc_wdata: 00014094, insn: 039cd793, mode: 3, rs1_addr: 25, rs1_rdata: 00000001, rs2_addr: 25, rs2_rdata: 00000001, rd_addr: 15, rd_wdata: 00000000, mem_addr: 00000000, mem_rdata: 00000000, mem_wdata: 00000001
ClkCycle:       4070, pc_rdata: 00014094, pc_wdata: 00014098, insn: 00fd6d33, mode: 3, rs1_addr: 26, rs1_rdata: 00000000, rs2_addr: 15, rs2_rdata: 00000000, rd_addr: 26, rd_wdata: 00000000, mem_addr: 00000000, mem_rdata: 00000000, mem_wdata: 00000000
ClkCycle:       4071, pc_rdata: 00014098, pc_wdata: 0001409c, insn: 007d5d93, mode: 3, rs1_addr: 26, rs1_rdata: 00000000, rs2_addr:  7, rs2_rdata: 00000000, rd_addr: 27, rd_wdata: 00000000, mem_addr: 00000000, mem_rdata: 00000000, mem_wdata: 00000000
ClkCycle:       4072, pc_rdata: 0001409c, pc_wdata: 000140a0, insn: 039d5793, mode: 3, rs1_addr: 26, rs1_rdata: 00000000, rs2_addr: 25, rs2_rdata: 00000001, rd_addr: 15, rd_wdata: 00000000, mem_addr: 00000000, mem_rdata: 00000000, mem_wdata: 00000001
ClkCycle:       4073, pc_rdata: 000140a0, pc_wdata: 000140a4, insn: 00fdedb3, mode: 3, rs1_addr: 27, rs1_rdata: 00000000, rs2_addr: 15, rs2_rdata: 00000000, rd_addr: 27, rd_wdata: 00000000, mem_addr: 00000000, mem_rdata: 00000000, mem_wdata: 00000000
ClkCycle:       4074, pc_rdata: 000140a4, pc_wdata: 000140a8, insn: 007dde13, mode: 3, rs1_addr: 27, rs1_rdata: 00000000, rs2_addr:  7, rs2_rdata: 00000000, rd_addr: 28, rd_wdata: 00000000, mem_addr: 00000000, mem_rdata: 00000000, mem_wdata: 00000000
ClkCycle:       4075, pc_rdata: 000140a8, pc_wdata: 000140ac, insn: 039dd793, mode: 3, rs1_addr: 27, rs1_rdata: 00000000, rs2_addr: 25, rs2_rdata: 00000001, rd_addr: 15, rd_wdata: 00000000, mem_addr: 00000000, mem_rdata: 00000000, mem_wdata: 00000001
ClkCycle:       4076, pc_rdata: 000140ac, pc_wdata: 000140b0, insn: 00fe6e33, mode: 3, rs1_addr: 28, rs1_rdata: 00000000, rs2_addr: 15, rs2_rdata: 00000000, rd_addr: 28, rd_wdata: 00000000, mem_addr: 00000000, mem_rdata: 00000000, mem_wdata: 00000000
ClkCycle:       4077, pc_rdata: 000140b0, pc_wdata: 000140b4, insn: 007e5e93, mode: 3, rs1_addr: 28, rs1_rdata: 00000000, rs2_addr:  7, rs2_rdata: 00000000, rd_addr: 29, rd_wdata: 00000000, mem_addr: 00000000, mem_rdata: 00000000, mem_wdata: 00000000
ClkCycle:       4078, pc_rdata: 000140b4, pc_wdata: 000140b8, insn: 039e5793, mode: 3, rs1_addr: 28, rs1_rdata: 00000000, rs2_addr: 25, rs2_rdata: 00000001, rd_addr: 15, rd_wdata: 00000000, mem_addr: 00000000, mem_rdata: 00000000, mem_wdata: 00000001
ClkCycle:       4079, pc_rdata: 000140b8, pc_wdata: 000140bc, insn: 00feeeb3, mode: 3, rs1_addr: 29, rs1_rdata: 00000000, rs2_addr: 15, rs2_rdata: 00000000, rd_addr: 29, rd_wdata: 00000000, mem_addr: 00000000, mem_rdata: 00000000, mem_wdata: 00000000
ClkCycle:       4080, pc_rdata: 000140bc, pc_wdata: 000140c0, insn: 007edf13, mode: 3, rs1_addr: 29, rs1_rdata: 00000000, rs2_addr:  7, rs2_rdata: 00000000, rd_addr: 30, rd_wdata: 00000000, mem_addr: 00000000, mem_rdata: 00000000, mem_wdata: 00000000
ClkCycle:       4081, pc_rdata: 000140c0, pc_wdata: 000140c4, insn: 039ed793, mode: 3, rs1_addr: 29, rs1_rdata: 00000000, rs2_addr: 25, rs2_rdata: 00000001, rd_addr: 15, rd_wdata: 00000000, mem_addr: 00000000, mem_rdata: 00000000, mem_wdata: 00000001
ClkCycle:       4082, pc_rdata: 000140c4, pc_wdata: 000140c8, insn: 00ff6f33, mode: 3, rs1_addr: 30, rs1_rdata: 00000000, rs2_addr: 15, rs2_rdata: 00000000, rd_addr: 30, rd_wdata: 00000000, mem_addr: 00000000, mem_rdata: 00000000, mem_wdata: 00000000
ClkCycle:       4083, pc_rdata: 000140c8, pc_wdata: 000140cc, insn: feedc0b7, mode: 3, rs1_addr: 27, rs1_rdata: 00000000, rs2_addr: 14, rs2_rdata: 00000000, rd_addr:  1, rd_wdata: feedc000, mem_addr: feedc000, mem_rdata: 00000000, mem_wdata: 00000000
ClkCycle:       4084, pc_rdata: 000140cc, pc_wdata: 000140d0, insn: ead08093, mode: 3, rs1_addr:  1, rs1_rdata: 00000000, rs2_addr: 13, rs2_rdata: 000022d4, rd_addr:  1, rd_wdata: feedbead, mem_addr: feedbead, mem_rdata: 00000000, mem_wdata: 000022d4
ClkCycle:       4085, pc_rdata: 000140d0, pc_wdata: 000140d4, insn: 00b09093, mode: 3, rs1_addr:  1, rs1_rdata: 00000000, rs2_addr: 11, rs2_rdata: 00000000, rd_addr:  1, rd_wdata: 6df56800, mem_addr: 6df56800, mem_rdata: 00000000, mem_wdata: 00000000
ClkCycle:       4086, pc_rdata: 000140d4, pc_wdata: 000140d8, insn: 7f708093, mode: 3, rs1_addr:  1, rs1_rdata: feedc000, rs2_addr: 23, rs2_rdata: 00007fff, rd_addr:  1, rd_wdata: 6df56ff7, mem_addr: 6df56ff7, mem_rdata: 00000000, mem_wdata: 00007fff
ClkCycle:       4087, pc_rdata: 000140d8, pc_wdata: 000140dc, insn: 00b09093, mode: 3, rs1_addr:  1, rs1_rdata: feedbead, rs2_addr: 11, rs2_rdata: 00000000, rd_addr:  1, rd_wdata: ab7fb800, mem_addr: ab7fb800, mem_rdata: 00000000, mem_wdata: 00000000
ClkCycle:       4088, pc_rdata: 000140dc, pc_wdata: 000140e0, insn: 36f08093, mode: 3, rs1_addr:  1, rs1_rdata: 6df56800, rs2_addr: 15, rs2_rdata: 00000000, rd_addr:  1, rd_wdata: ab7fbb6f, mem_addr: ab7fbb6f, mem_rdata: 00000000, mem_wdata: 00000000
ClkCycle:       4089, pc_rdata: 000140e0, pc_wdata: 000140e4, insn: 00a09093, mode: 3, rs1_addr:  1, rs1_rdata: 6df56ff7, rs2_addr: 10, rs2_rdata: 00000000, rd_addr:  1, rd_wdata: feedbc00, mem_addr: feedbc00, mem_rdata: 00000000, mem_wdata: 00000000
ClkCycle:       4090, pc_rdata: 000140e4, pc_wdata: 000140e8, insn: 2ad08093, mode: 3, rs1_addr:  1, rs1_rdata: ab7fb800, rs2_addr: 13, rs2_rdata: 000022d4, rd_addr:  1, rd_wdata: feedbead, mem_addr: feedbead, mem_rdata: 00000000, mem_wdata: 000022d4
ClkCycle:       4091, pc_rdata: 000140e8, pc_wdata: 000140ec, insn: 0070d113, mode: 3, rs1_addr:  1, rs1_rdata: ab7fbb6f, rs2_addr:  7, rs2_rdata: 00000000, rd_addr:  2, rd_wdata: 5bfddb7d, mem_addr: 5bfddb7d, mem_rdata: 00000000, mem_wdata: 00000000
ClkCycle:       4092, pc_rdata: 000140ec, pc_wdata: 000140f0, insn: 0390d793, mode: 3, rs1_addr:  1, rs1_rdata: feedbc00, rs2_addr: 25, rs2_rdata: 00000001, rd_addr: 15, rd_wdata: 76df56ff, mem_addr: 76df56ff, mem_rdata: 00000000, mem_wdata: 00000001
ClkCycle:       4093, pc_rdata: 000140f0, pc_wdata: 000140f4, insn: 00f16133, mode: 3, rs1_addr:  2, rs1_rdata: 00002000, rs2_addr: 15, rs2_rdata: 00000000, rd_addr:  2, rd_wdata: 7fffdfff, mem_addr: 7fffdfff, mem_rdata: 00000000, mem_wdata: 76df56ff
ClkCycle:       4094, pc_rdata: 000140f4, pc_wdata: 000140f8, insn: 00715193, mode: 3, rs1_addr:  2, rs1_rdata: 5bfddb7d, rs2_addr:  7, rs2_rdata: 00000000, rd_addr:  3, rd_wdata: feffffbf, mem_addr: feffffbf, mem_rdata: 00000000, mem_wdata: 00000000
ClkCycle:       4095, pc_rdata: 000140f8, pc_wdata: 000140fc, insn: 03915793, mode: 3, rs1_addr:  2, rs1_rdata: 5bfddb7d, rs2_addr: 25, rs2_rdata: 00000001, rd_addr: 15, rd_wdata: feedbfbf, mem_addr: feedbfbf, mem_rdata: 00000000, mem_wdata: 00000001
ClkCycle:       4096, pc_rdata: 000140fc, pc_wdata: 00014100, insn: 00f1e1b3, mode: 3, rs1_addr:  3, rs1_rdata: 00000000, rs2_addr: 15, rs2_rdata: 76df56ff, rd_addr:  3, rd_wdata: feffffbf, mem_addr: feffffbf, mem_rdata: 00000000, mem_wdata: feedbfbf
ClkCycle:       4097, pc_rdata: 00014100, pc_wdata: 00014104, insn: 0071d213, mode: 3, rs1_addr:  3, rs1_rdata: feffffbf, rs2_addr:  7, rs2_rdata: 00000000, rd_addr:  4, rd_wdata: 6dfdffff, mem_addr: 6dfdffff, mem_rdata: 00000000, mem_wdata: 00000000
ClkCycle:       4098, pc_rdata: 00014104, pc_wdata: 00014108, insn: 0391d793, mode: 3, rs1_addr:  3, rs1_rdata: feffffbf, rs2_addr: 25, rs2_rdata: 00000001, rd_addr: 15, rd_wdata: 01fddb7f, mem_addr: 01fddb7f, mem_rdata: 00000000, mem_wdata: 00000001
ClkCycle:       4099, pc_rdata: 00014108, pc_wdata: 0001410c, insn: 00f26233, mode: 3, rs1_addr:  4, rs1_rdata: 00000000, rs2_addr: 15, rs2_rdata: feedbfbf, rd_addr:  4, rd_wdata: 6dfdffff, mem_addr: 6dfdffff, mem_rdata: 00000000, mem_wdata: 01fddb7f
ClkCycle:       4100, pc_rdata: 0001410c, pc_wdata: 00014110, insn: 00725293, mode: 3, rs1_addr:  4, rs1_rdata: 6dfdffff, rs2_addr:  7, rs2_rdata: 00000000, rd_addr:  5, rd_wdata: eedbfbff, mem_addr: eedbfbff, mem_rdata: 00000000, mem_wdata: 00000000
ClkCycle:       4101, pc_rdata: 00014110, pc_wdata: 00014114, insn: 03925793, mode: 3, rs1_addr:  4, rs1_rdata: 6dfdffff, rs2_addr: 25, rs2_rdata: 00000001, rd_addr: 15, rd_wdata: 0003fbb6, mem_addr: 0003fbb6, mem_rdata: 00000000, mem_wdata: 00000001
ClkCycle:       4102, pc_rdata: 00014114, pc_wdata: 00014118, insn: 00f2e2b3, mode: 3, rs1_addr:  5, rs1_rdata: 00000000, rs2_addr: 15, rs2_rdata: 01fddb7f, rd_addr:  5, rd_wdata: eedbfbff, mem_addr: eedbfbff, mem_rdata: 00000000, mem_wdata: 0003fbb6
ClkCycle:       4103, pc_rdata: 00014118, pc_wdata: 0001411c, insn: 0072d313, mode: 3, rs1_addr:  5, rs1_rdata: eedbfbff, rs2_addr:  7, rs2_rdata: 00000000, rd_addr:  6, rd_wdata: 1fddb7f7, mem_addr: 1fddb7f7, mem_rdata: 00000000, mem_wdata: 00000000
ClkCycle:       4104, pc_rdata: 0001411c, pc_wdata: 00014120, insn: 0392d793, mode: 3, rs1_addr:  5, rs1_rdata: eedbfbff, rs2_addr: 25, rs2_rdata: 00000001, rd_addr: 15, rd_wdata: 000007f7, mem_addr: 000007f7, mem_rdata: 00000000, mem_wdata: 00000001
ClkCycle:       4105, pc_rdata: 00014120, pc_wdata: 00014124, insn: 00f36333, mode: 3, rs1_addr:  6, rs1_rdata: 00000000, rs2_addr: 15, rs2_rdata: 0003fbb6, rd_addr:  6, rd_wdata: 1fddb7f7, mem_addr: 1fddb7f7, mem_rdata: 00000000, mem_wdata: 000007f7
ClkCycle:       4106, pc_rdata: 00014124, pc_wdata: 00014128, insn: 00735393, mode: 3, rs1_addr:  6, rs1_rdata: 1fddb7f7, rs2_addr:  7, rs2_rdata: 00000000, rd_addr:  7, rd_wdata: 003fbb6f, mem_addr: 003fbb6f, mem_rdata: 00000000, mem_wdata: 00000000
ClkCycle:       4107, pc_rdata: 00014128, pc_wdata: 0001412c, insn: 03935793, mode: 3, rs1_addr:  6, rs1_rdata: 1fddb7f7, rs2_addr: 25, rs2_rdata: 00000001, rd_addr: 15, rd_wdata: 0000000f, mem_addr: 0000000f, mem_rdata: 00000000, mem_wdata: 00000001
ClkCycle:       4108, pc_rdata: 0001412c, pc_wdata: 00014130, insn: 00f3e3b3, mode: 3, rs1_addr:  7, rs1_rdata: 00000000, rs2_addr: 15, rs2_rdata: 000007f7, rd_addr:  7, rd_wdata: 003fbb6f, mem_addr: 003fbb6f, mem_rdata: 00000000, mem_wdata: 0000000f
ClkCycle:       4109, pc_rdata: 00014130, pc_wdata: 00014134, insn: 0073d413, mode: 3, rs1_addr:  7, rs1_rdata: 003fbb6f, rs2_addr:  7, rs2_rdata: 003fbb6f, rd_addr:  8, rd_wdata: 00007f76, mem_addr: 00007f76, mem_rdata: 00000000, mem_wdata: 003fbb6f
ClkCycle:       4110, pc_rdata: 00014134, pc_wdata: 00014138, insn: 0393d793, mode: 3, rs1_addr:  7, rs1_rdata: 003fbb6f, rs2_addr: 25, rs2_rdata: 00000001, rd_addr: 15, rd_wdata: 00000000, mem_addr: 00000000, mem_rdata: 00000000, mem_wdata: 00000001
ClkCycle:       4111, pc_rdata: 00014138, pc_wdata: 0001413c, insn: 00f46433, mode: 3, rs1_addr:  8, rs1_rdata: 00002000, rs2_addr: 15, rs2_rdata: 0000000f, rd_addr:  8, rd_wdata: 00007f76, mem_addr: 00007f76, mem_rdata: 00000000, mem_wdata: 00000000
ClkCycle:       4112, pc_rdata: 0001413c, pc_wdata: 00014140, insn: 00745493, mode: 3, rs1_addr:  8, rs1_rdata: 00007f76, rs2_addr:  7, rs2_rdata: 003fbb6f, rd_addr:  9, rd_wdata: 000000fe, mem_addr: 000000fe, mem_rdata: 00000000, mem_wdata: 003fbb6f
ClkCycle:       4113, pc_rdata: 00014140, pc_wdata: 00014144, insn: 03945793, mode: 3, rs1_addr:  8, rs1_rdata: 00007f76, rs2_addr: 25, rs2_rdata: 00000001, rd_addr: 15, rd_wdata: 00000000, mem_addr: 00000000, mem_rdata: 00000000, mem_wdata: 00000001
ClkCycle:       4114, pc_rdata: 00014144, pc_wdata: 00014148, insn: 00f4e4b3, mode: 3, rs1_addr:  9, rs1_rdata: 00002214, rs2_addr: 15, rs2_rdata: 00000000, rd_addr:  9, rd_wdata: 000000fe, mem_addr: 000000fe, mem_rdata: 00000000, mem_wdata: 00000000
ClkCycle:       4115, pc_rdata: 00014148, pc_wdata: 0001414c, insn: 0074d513, mode: 3, rs1_addr:  9, rs1_rdata: 000000fe, rs2_addr:  7, rs2_rdata: 003fbb6f, rd_addr: 10, rd_wdata: 00000001, mem_addr: 00000001, mem_rdata: 00000000, mem_wdata: 003fbb6f
ClkCycle:       4116, pc_rdata: 0001414c, pc_wdata: 00014150, insn: 0394d793, mode: 3, rs1_addr:  9, rs1_rdata: 000000fe, rs2_addr: 25, rs2_rdata: 00000001, rd_addr: 15, rd_wdata: 00000000, mem_addr: 00000000, mem_rdata: 00000000, mem_wdata: 00000001
ClkCycle:       4117, pc_rdata: 00014150, pc_wdata: 00014154, insn: 00f56533, mode: 3, rs1_addr: 10, rs1_rdata: 00000000, rs2_addr: 15, rs2_rdata: 00000000, rd_addr: 10, rd_wdata: 00000001, mem_addr: 00000001, mem_rdata: 00000000, mem_wdata: 00000000
ClkCycle:       4118, pc_rdata: 00014154, pc_wdata: 00014158, insn: 00755593, mode: 3, rs1_addr: 10, rs1_rdata: 00000001, rs2_addr:  7, rs2_rdata: 003fbb6f, rd_addr: 11, rd_wdata: 00000000, mem_addr: 00000000, mem_rdata: 00000000, mem_wdata: 003fbb6f
ClkCycle:       4119, pc_rdata: 00014158, pc_wdata: 0001415c, insn: 03955793, mode: 3, rs1_addr: 10, rs1_rdata: 00000001, rs2_addr: 25, rs2_rdata: 00000001, rd_addr: 15, rd_wdata: 00000000, mem_addr: 00000000, mem_rdata: 00000000, mem_wdata: 00000001
ClkCycle:       4120, pc_rdata: 0001415c, pc_wdata: 00014160, insn: 00f5e5b3, mode: 3, rs1_addr: 11, rs1_rdata: 00000000, rs2_addr: 15, rs2_rdata: 00000000, rd_addr: 11, rd_wdata: 00000000, mem_addr: 00000000, mem_rdata: 00000000, mem_wdata: 00000000
ClkCycle:       4121, pc_rdata: 00014160, pc_wdata: 00014164, insn: 0075d613, mode: 3, rs1_addr: 11, rs1_rdata: 00000000, rs2_addr:  7, rs2_rdata: 003fbb6f, rd_addr: 12, rd_wdata: 00000000, mem_addr: 00000000, mem_rdata: 00000000, mem_wdata: 003fbb6f
ClkCycle:       4122, pc_rdata: 00014164, pc_wdata: 00014168, insn: 0395d793, mode: 3, rs1_addr: 11, rs1_rdata: 00000000, rs2_addr: 25, rs2_rdata: 00000001, rd_addr: 15, rd_wdata: 00000000, mem_addr: 00000000, mem_rdata: 00000000, mem_wdata: 00000001
ClkCycle:       4123, pc_rdata: 00014168, pc_wdata: 0001416c, insn: 00f66633, mode: 3, rs1_addr: 12, rs1_rdata: 00000000, rs2_addr: 15, rs2_rdata: 00000000, rd_addr: 12, rd_wdata: 00000000, mem_addr: 00000000, mem_rdata: 00000000, mem_wdata: 00000000
ClkCycle:       4124, pc_rdata: 0001416c, pc_wdata: 00014170, insn: 00765693, mode: 3, rs1_addr: 12, rs1_rdata: 00000000, rs2_addr:  7, rs2_rdata: 003fbb6f, rd_addr: 13, rd_wdata: 00000000, mem_addr: 00000000, mem_rdata: 00000000, mem_wdata: 003fbb6f
ClkCycle:       4125, pc_rdata: 00014170, pc_wdata: 00014174, insn: 03965793, mode: 3, rs1_addr: 12, rs1_rdata: 00000000, rs2_addr: 25, rs2_rdata: 00000001, rd_addr: 15, rd_wdata: 00000000, mem_addr: 00000000, mem_rdata: 00000000, mem_wdata: 00000001
ClkCycle:       4126, pc_rdata: 00014174, pc_wdata: 00014178, insn: 00f6e6b3, mode: 3, rs1_addr: 13, rs1_rdata: 000022d4, rs2_addr: 15, rs2_rdata: 00000000, rd_addr: 13, rd_wdata: 00000000, mem_addr: 00000000, mem_rdata: 00000000, mem_wdata: 00000000
ClkCycle:       4127, pc_rdata: 00014178, pc_wdata: 0001417c, insn: 00000013, mode: 3, rs1_addr:  0, rs1_rdata: 00000000, rs2_addr:  0, rs2_rdata: 00000000, rd_addr:  0, rd_wdata: 00000000, mem_addr: 00000000, mem_rdata: 00000000, mem_wdata: 00000000
ClkCycle:       4128, pc_rdata: 0001417c, pc_wdata: 00014180, insn: 00000013, mode: 3, rs1_addr:  0, rs1_rdata: 00000000, rs2_addr:  0, rs2_rdata: 00000000, rd_addr:  0, rd_wdata: 00000000, mem_addr: 00000000, mem_rdata: 00000000, mem_wdata: 00000000
ClkCycle:       4129, pc_rdata: 00014180, pc_wdata: 00014184, insn: 00003417, mode: 3, rs1_addr:  0, rs1_rdata: 00000000, rs2_addr:  0, rs2_rdata: 00000000, rd_addr:  8, rd_wdata: 00017180, mem_addr: 00017180, mem_rdata: 00000000, mem_wdata: 00000000
ClkCycle:       4130, pc_rdata: 00014184, pc_wdata: 00014188, insn: f9840413, mode: 3, rs1_addr:  8, rs1_rdata: 00007f76, rs2_addr: 24, rs2_rdata: 000000ff, rd_addr:  8, rd_wdata: 00017118, mem_addr: 00017118, mem_rdata: 00000000, mem_wdata: 000000ff
ClkCycle:       4131, pc_rdata: 00014188, pc_wdata: 0001418c, insn: 00000013, mode: 3, rs1_addr:  0, rs1_rdata: 00000000, rs2_addr:  0, rs2_rdata: 00000000, rd_addr:  0, rd_wdata: 00000000, mem_addr: 00000000, mem_rdata: 00000000, mem_wdata: 00000000
ClkCycle:       4132, pc_rdata: 0001418c, pc_wdata: 00014190, insn: 00000013, mode: 3, rs1_addr:  0, rs1_rdata: 00000000, rs2_addr:  0, rs2_rdata: 00000000, rd_addr:  0, rd_wdata: 00000000, mem_addr: 00000000, mem_rdata: 00000000, mem_wdata: 00000000
ClkCycle:       4133, pc_rdata: 00014190, pc_wdata: 00014194, insn: 00000013, mode: 3, rs1_addr:  0, rs1_rdata: 00000000, rs2_addr:  0, rs2_rdata: 00000000, rd_addr:  0, rd_wdata: 00000000, mem_addr: 00000000, mem_rdata: 00000000, mem_wdata: 00000000
ClkCycle:       4134, pc_rdata: 00014194, pc_wdata: 00014198, insn: 00000013, mode: 3, rs1_addr:  0, rs1_rdata: 00000000, rs2_addr:  0, rs2_rdata: 00000000, rd_addr:  0, rd_wdata: 00000000, mem_addr: 00000000, mem_rdata: 00000000, mem_wdata: 00000000
ClkCycle:       4135, pc_rdata: 00014198, pc_wdata: 0001419c, insn: 00000013, mode: 3, rs1_addr:  0, rs1_rdata: 00000000, rs2_addr:  0, rs2_rdata: 00000000, rd_addr:  0, rd_wdata: 00000000, mem_addr: 00000000, mem_rdata: 00000000, mem_wdata: 00000000
ClkCycle:       4136, pc_rdata: 0001419c, pc_wdata: 000141a0, insn: 00000013, mode: 3, rs1_addr:  0, rs1_rdata: 00000000, rs2_addr:  0, rs2_rdata: 00000000, rd_addr:  0, rd_wdata: 00000000, mem_addr: 00000000, mem_rdata: 00000000, mem_wdata: 00000000
ClkCycle:       4137, pc_rdata: 000141a0, pc_wdata: 000141a4, insn: 00002117, mode: 3, rs1_addr:  0, rs1_rdata: 00000000, rs2_addr:  0, rs2_rdata: 00000000, rd_addr:  2, rd_wdata: 000161a0, mem_addr: 000161a0, mem_rdata: 00000000, mem_wdata: 00000000
ClkCycle:       4138, pc_rdata: 000141a4, pc_wdata: 000141a8, insn: e4810113, mode: 3, rs1_addr:  2, rs1_rdata: 7fffdfff, rs2_addr:  8, rs2_rdata: 00017118, rd_addr:  2, rd_wdata: 00015fe8, mem_addr: 00015fe8, mem_rdata: 00000000, mem_wdata: 00017118
ClkCycle:       4139, pc_rdata: 000141a8, pc_wdata: 000141ac, insn: 00000013, mode: 3, rs1_addr:  0, rs1_rdata: 00000000, rs2_addr:  0, rs2_rdata: 00000000, rd_addr:  0, rd_wdata: 00000000, mem_addr: 00000000, mem_rdata: 00000000, mem_wdata: 00000000
ClkCycle:       4140, pc_rdata: 000141ac, pc_wdata: 000141b0, insn: 00000013, mode: 3, rs1_addr:  0, rs1_rdata: 00000000, rs2_addr:  0, rs2_rdata: 00000000, rd_addr:  0, rd_wdata: 00000000, mem_addr: 00000000, mem_rdata: 00000000, mem_wdata: 00000000
ClkCycle:       4141, pc_rdata: 000141b0, pc_wdata: 000141b4, insn: 00000013, mode: 3, rs1_addr:  0, rs1_rdata: 00000000, rs2_addr:  0, rs2_rdata: 00000000, rd_addr:  0, rd_wdata: 00000000, mem_addr: 00000000, mem_rdata: 00000000, mem_wdata: 00000000
ClkCycle:       4142, pc_rdata: 000141b4, pc_wdata: 000141b8, insn: 00000013, mode: 3, rs1_addr:  0, rs1_rdata: 00000000, rs2_addr:  0, rs2_rdata: 00000000, rd_addr:  0, rd_wdata: 00000000, mem_addr: 00000000, mem_rdata: 00000000, mem_wdata: 00000000
ClkCycle:       4143, pc_rdata: 000141b8, pc_wdata: 000141bc, insn: 00000013, mode: 3, rs1_addr:  0, rs1_rdata: 00000000, rs2_addr:  0, rs2_rdata: 00000000, rd_addr:  0, rd_wdata: 00000000, mem_addr: 00000000, mem_rdata: 00000000, mem_wdata: 00000000
ClkCycle:       4144, pc_rdata: 000141bc, pc_wdata: 000141c0, insn: 00000013, mode: 3, rs1_addr:  0, rs1_rdata: 00000000, rs2_addr:  0, rs2_rdata: 00000000, rd_addr:  0, rd_wdata: 00000000, mem_addr: 00000000, mem_rdata: 00000000, mem_wdata: 00000000
ClkCycle:       4145, pc_rdata: 000141c0, pc_wdata: 000141c2, insn: 000140e2, mode: 3, rs1_addr:  2, rs1_rdata: 00015fe8, rs2_addr: 24, rs2_rdata: 000000ff, rd_addr:  1, rd_wdata: 00000000, mem_addr: 00016000, mem_rdata: 00000000, mem_wdata: 000000ff
ClkCycle:       4146, pc_rdata: 000141c2, pc_wdata: 000141c6, insn: 000140e2, mode: 3, rs1_addr:  0, rs1_rdata: 00000000, rs2_addr:  0, rs2_rdata: 00000000, rd_addr:  0, rd_wdata: 00000000, mem_addr: 00000000, mem_rdata: 00000000, mem_wdata: 00000000
ClkCycle:       4147, pc_rdata: 000141c6, pc_wdata: 000141c8, insn: 00130014, mode: 3, rs1_addr:  0, rs1_rdata: 00000000, rs2_addr:  0, rs2_rdata: 00000000, rd_addr:  0, rd_wdata: 00000000, mem_addr: 00000000, mem_rdata: 00000000, mem_wdata: 00000000
ClkCycle:       4148, pc_rdata: 000141c8, pc_wdata: 000141ca, insn: 00130014, mode: 3, rs1_addr:  2, rs1_rdata: 00015fe8, rs2_addr:  0, rs2_rdata: 00000000, rd_addr: 13, rd_wdata: 00015fe8, mem_addr: 00015fe8, mem_rdata: 00000000, mem_wdata: 00000000
ClkCycle:       4149, pc_rdata: 000141ca, pc_wdata: 000141ce, insn: 00130014, mode: 3, rs1_addr:  0, rs1_rdata: 00000000, rs2_addr:  0, rs2_rdata: 00000000, rd_addr:  0, rd_wdata: 00000000, mem_addr: 00000000, mem_rdata: 00000000, mem_wdata: 00000000
ClkCycle:       4150, pc_rdata: 000141ce, pc_wdata: 000141d2, insn: 00130000, mode: 3, rs1_addr:  0, rs1_rdata: 00000000, rs2_addr:  0, rs2_rdata: 00000000, rd_addr:  0, rd_wdata: 00000000, mem_addr: 00000000, mem_rdata: 00000000, mem_wdata: 00000000
ClkCycle:       4151, pc_rdata: 000141d2, pc_wdata: 000141d6, insn: 00130000, mode: 3, rs1_addr:  0, rs1_rdata: 00000000, rs2_addr:  0, rs2_rdata: 00000000, rd_addr:  0, rd_wdata: 00000000, mem_addr: 00000000, mem_rdata: 00000000, mem_wdata: 00000000
ClkCycle:       4152, pc_rdata: 000141d6, pc_wdata: 000141da, insn: 00130000, mode: 3, rs1_addr:  0, rs1_rdata: 00000000, rs2_addr:  0, rs2_rdata: 00000000, rd_addr:  0, rd_wdata: 00000000, mem_addr: 00000000, mem_rdata: 00000000, mem_wdata: 00000000
ClkCycle:       4153, pc_rdata: 000141da, pc_wdata: 000141de, insn: 00130000, mode: 3, rs1_addr:  0, rs1_rdata: 00000000, rs2_addr:  0, rs2_rdata: 00000000, rd_addr:  0, rd_wdata: 00000000, mem_addr: 00000000, mem_rdata: 00000000, mem_wdata: 00000000
ClkCycle:       4154, pc_rdata: 000141de, pc_wdata: 000141e2, insn: 00002117, mode: 3, rs1_addr: 14, rs1_rdata: 00000000, rs2_addr: 17, rs2_rdata: fffeffff, rd_addr:  0, rd_wdata: 00000211, mem_addr: 00000211, mem_rdata: 00000000, mem_wdata: fffeffff
ClkCycle:       4155, pc_rdata: 000141e2, pc_wdata: 000141e6, insn: 00002117, mode: 3, rs1_addr:  0, rs1_rdata: 00000000, rs2_addr:  0, rs2_rdata: 00000000, rd_addr:  0, rd_wdata: 00000000, mem_addr: 00000000, mem_rdata: 00000000, mem_wdata: 00000000
ClkCycle:       4156, pc_rdata: 000141e6, pc_wdata: 000141e8, insn: 00000013, mode: 3, rs1_addr:  2, rs1_rdata: 00015fe8, rs2_addr:  0, rs2_rdata: 00000000, rd_addr:  8, rd_wdata: 00015fe8, mem_addr: 00015fe8, mem_rdata: 00000000, mem_wdata: 00000000
ClkCycle:       4157, pc_rdata: 000141e8, pc_wdata: 000141ec, insn: 00000013, mode: 3, rs1_addr:  0, rs1_rdata: 00000000, rs2_addr:  0, rs2_rdata: 00000000, rd_addr:  0, rd_wdata: 00000000, mem_addr: 00000000, mem_rdata: 00000000, mem_wdata: 00000000
ClkCycle:       4158, pc_rdata: 000141ec, pc_wdata: 000141f0, insn: 00000013, mode: 3, rs1_addr:  0, rs1_rdata: 00000000, rs2_addr:  0, rs2_rdata: 00000000, rd_addr:  0, rd_wdata: 00000000, mem_addr: 00000000, mem_rdata: 00000000, mem_wdata: 00000000
ClkCycle:       4159, pc_rdata: 000141f0, pc_wdata: 000141f4, insn: 00000013, mode: 3, rs1_addr:  0, rs1_rdata: 00000000, rs2_addr:  0, rs2_rdata: 00000000, rd_addr:  0, rd_wdata: 00000000, mem_addr: 00000000, mem_rdata: 00000000, mem_wdata: 00000000
ClkCycle:       4160, pc_rdata: 000141f4, pc_wdata: 000141f8, insn: 00000013, mode: 3, rs1_addr:  0, rs1_rdata: 00000000, rs2_addr:  0, rs2_rdata: 00000000, rd_addr:  0, rd_wdata: 00000000, mem_addr: 00000000, mem_rdata: 00000000, mem_wdata: 00000000
ClkCycle:       4161, pc_rdata: 000141f8, pc_wdata: 000141fc, insn: 00000013, mode: 3, rs1_addr:  0, rs1_rdata: 00000000, rs2_addr:  0, rs2_rdata: 00000000, rd_addr:  0, rd_wdata: 00000000, mem_addr: 00000000, mem_rdata: 00000000, mem_wdata: 00000000
ClkCycle:       4162, pc_rdata: 000141fc, pc_wdata: 00014200, insn: 00000013, mode: 3, rs1_addr:  0, rs1_rdata: 00000000, rs2_addr:  0, rs2_rdata: 00000000, rd_addr:  0, rd_wdata: 00000000, mem_addr: 00000000, mem_rdata: 00000000, mem_wdata: 00000000
ClkCycle:       4163, pc_rdata: 00014200, pc_wdata: 00014202, insn: 00014c02, mode: 3, rs1_addr:  2, rs1_rdata: 00015fe8, rs2_addr:  0, rs2_rdata: 00000000, rd_addr: 24, rd_wdata: 00000000, mem_addr: 00015fe8, mem_rdata: 00000000, mem_wdata: 00000000
ClkCycle:       4164, pc_rdata: 00014202, pc_wdata: 00014206, insn: 00014c02, mode: 3, rs1_addr:  0, rs1_rdata: 00000000, rs2_addr:  0, rs2_rdata: 00000000, rd_addr:  0, rd_wdata: 00000000, mem_addr: 00000000, mem_rdata: 00000000, mem_wdata: 00000000
ClkCycle:       4165, pc_rdata: 00014206, pc_wdata: 00014208, insn: 00130184, mode: 3, rs1_addr:  0, rs1_rdata: 00000000, rs2_addr:  0, rs2_rdata: 00000000, rd_addr:  0, rd_wdata: 00000000, mem_addr: 00000000, mem_rdata: 00000000, mem_wdata: 00000000
ClkCycle:       4166, pc_rdata: 00014208, pc_wdata: 0001420a, insn: 00130184, mode: 3, rs1_addr:  2, rs1_rdata: 00015fe8, rs2_addr:  0, rs2_rdata: 00000000, rd_addr:  9, rd_wdata: 000160a8, mem_addr: 000160a8, mem_rdata: 00000000, mem_wdata: 00000000
ClkCycle:       4167, pc_rdata: 0001420a, pc_wdata: 0001420e, insn: 00130184, mode: 3, rs1_addr:  0, rs1_rdata: 00000000, rs2_addr:  0, rs2_rdata: 00000000, rd_addr:  0, rd_wdata: 00000000, mem_addr: 00000000, mem_rdata: 00000000, mem_wdata: 00000000
ClkCycle:       4168, pc_rdata: 0001420e, pc_wdata: 00014212, insn: 00130000, mode: 3, rs1_addr:  0, rs1_rdata: 00000000, rs2_addr:  0, rs2_rdata: 00000000, rd_addr:  0, rd_wdata: 00000000, mem_addr: 00000000, mem_rdata: 00000000, mem_wdata: 00000000
ClkCycle:       4169, pc_rdata: 00014212, pc_wdata: 00014216, insn: 00130000, mode: 3, rs1_addr:  0, rs1_rdata: 00000000, rs2_addr:  0, rs2_rdata: 00000000, rd_addr:  0, rd_wdata: 00000000, mem_addr: 00000000, mem_rdata: 00000000, mem_wdata: 00000000
ClkCycle:       4170, pc_rdata: 00014216, pc_wdata: 0001421a, insn: 00130000, mode: 3, rs1_addr:  0, rs1_rdata: 00000000, rs2_addr:  0, rs2_rdata: 00000000, rd_addr:  0, rd_wdata: 00000000, mem_addr: 00000000, mem_rdata: 00000000, mem_wdata: 00000000
ClkCycle:       4171, pc_rdata: 0001421a, pc_wdata: 0001421e, insn: 00130000, mode: 3, rs1_addr:  0, rs1_rdata: 00000000, rs2_addr:  0, rs2_rdata: 00000000, rd_addr:  0, rd_wdata: 00000000, mem_addr: 00000000, mem_rdata: 00000000, mem_wdata: 00000000
ClkCycle:       4172, pc_rdata: 0001421e, pc_wdata: 00014222, insn: 00002117, mode: 3, rs1_addr: 14, rs1_rdata: 00000000, rs2_addr: 17, rs2_rdata: fffeffff, rd_addr:  0, rd_wdata: 00000211, mem_addr: 00000211, mem_rdata: 00000000, mem_wdata: fffeffff
ClkCycle:       4173, pc_rdata: 00014222, pc_wdata: 00014226, insn: 00002117, mode: 3, rs1_addr:  0, rs1_rdata: 00000000, rs2_addr:  0, rs2_rdata: 00000000, rd_addr:  0, rd_wdata: 00000000, mem_addr: 00000000, mem_rdata: 00000000, mem_wdata: 00000000
ClkCycle:       4174, pc_rdata: 00014226, pc_wdata: 00014228, insn: 00000013, mode: 3, rs1_addr:  2, rs1_rdata: 00015fe8, rs2_addr:  0, rs2_rdata: 00000000, rd_addr:  8, rd_wdata: 00015fe8, mem_addr: 00015fe8, mem_rdata: 00000000, mem_wdata: 00000000
ClkCycle:       4175, pc_rdata: 00014228, pc_wdata: 0001422c, insn: 00000013, mode: 3, rs1_addr:  0, rs1_rdata: 00000000, rs2_addr:  0, rs2_rdata: 00000000, rd_addr:  0, rd_wdata: 00000000, mem_addr: 00000000, mem_rdata: 00000000, mem_wdata: 00000000
ClkCycle:       4176, pc_rdata: 0001422c, pc_wdata: 00014230, insn: 00000013, mode: 3, rs1_addr:  0, rs1_rdata: 00000000, rs2_addr:  0, rs2_rdata: 00000000, rd_addr:  0, rd_wdata: 00000000, mem_addr: 00000000, mem_rdata: 00000000, mem_wdata: 00000000
ClkCycle:       4177, pc_rdata: 00014230, pc_wdata: 00014234, insn: 00000013, mode: 3, rs1_addr:  0, rs1_rdata: 00000000, rs2_addr:  0, rs2_rdata: 00000000, rd_addr:  0, rd_wdata: 00000000, mem_addr: 00000000, mem_rdata: 00000000, mem_wdata: 00000000
ClkCycle:       4178, pc_rdata: 00014234, pc_wdata: 00014238, insn: 00000013, mode: 3, rs1_addr:  0, rs1_rdata: 00000000, rs2_addr:  0, rs2_rdata: 00000000, rd_addr:  0, rd_wdata: 00000000, mem_addr: 00000000, mem_rdata: 00000000, mem_wdata: 00000000
ClkCycle:       4179, pc_rdata: 00014238, pc_wdata: 0001423c, insn: 00000013, mode: 3, rs1_addr:  0, rs1_rdata: 00000000, rs2_addr:  0, rs2_rdata: 00000000, rd_addr:  0, rd_wdata: 00000000, mem_addr: 00000000, mem_rdata: 00000000, mem_wdata: 00000000
ClkCycle:       4180, pc_rdata: 0001423c, pc_wdata: 00014240, insn: 00000013, mode: 3, rs1_addr:  0, rs1_rdata: 00000000, rs2_addr:  0, rs2_rdata: 00000000, rd_addr:  0, rd_wdata: 00000000, mem_addr: 00000000, mem_rdata: 00000000, mem_wdata: 00000000
ClkCycle:       4181, pc_rdata: 00014240, pc_wdata: 00014242, insn: 00014b12, mode: 3, rs1_addr:  2, rs1_rdata: 00015fe8, rs2_addr:  4, rs2_rdata: 6dfdffff, rd_addr: 22, rd_wdata: 00000000, mem_addr: 00015fec, mem_rdata: 00000000, mem_wdata: 6dfdffff
ClkCycle:       4182, pc_rdata: 00014242, pc_wdata: 00014246, insn: 00014b12, mode: 3, rs1_addr:  0, rs1_rdata: 00000000, rs2_addr:  0, rs2_rdata: 00000000, rd_addr:  0, rd_wdata: 00000000, mem_addr: 00000000, mem_rdata: 00000000, mem_wdata: 00000000
ClkCycle:       4183, pc_rdata: 00014246, pc_wdata: 00014248, insn: 00130164, mode: 3, rs1_addr:  0, rs1_rdata: 00000000, rs2_addr:  0, rs2_rdata: 00000000, rd_addr:  0, rd_wdata: 00000000, mem_addr: 00000000, mem_rdata: 00000000, mem_wdata: 00000000
ClkCycle:       4184, pc_rdata: 00014248, pc_wdata: 0001424a, insn: 00130164, mode: 3, rs1_addr:  2, rs1_rdata: 00015fe8, rs2_addr: 12, rs2_rdata: 00000000, rd_addr:  9, rd_wdata: 00016074, mem_addr: 00016074, mem_rdata: 00000000, mem_wdata: 00000000
ClkCycle:       4185, pc_rdata: 0001424a, pc_wdata: 0001424e, insn: 00130164, mode: 3, rs1_addr:  0, rs1_rdata: 00000000, rs2_addr:  0, rs2_rdata: 00000000, rd_addr:  0, rd_wdata: 00000000, mem_addr: 00000000, mem_rdata: 00000000, mem_wdata: 00000000
ClkCycle:       4186, pc_rdata: 0001424e, pc_wdata: 00014252, insn: 00130000, mode: 3, rs1_addr:  0, rs1_rdata: 00000000, rs2_addr:  0, rs2_rdata: 00000000, rd_addr:  0, rd_wdata: 00000000, mem_addr: 00000000, mem_rdata: 00000000, mem_wdata: 00000000
ClkCycle:       4187, pc_rdata: 00014252, pc_wdata: 00014256, insn: 00130000, mode: 3, rs1_addr:  0, rs1_rdata: 00000000, rs2_addr:  0, rs2_rdata: 00000000, rd_addr:  0, rd_wdata: 00000000, mem_addr: 00000000, mem_rdata: 00000000, mem_wdata: 00000000
ClkCycle:       4188, pc_rdata: 00014256, pc_wdata: 0001425a, insn: 00130000, mode: 3, rs1_addr:  0, rs1_rdata: 00000000, rs2_addr:  0, rs2_rdata: 00000000, rd_addr:  0, rd_wdata: 00000000, mem_addr: 00000000, mem_rdata: 00000000, mem_wdata: 00000000
ClkCycle:       4189, pc_rdata: 0001425a, pc_wdata: 0001425e, insn: 00130000, mode: 3, rs1_addr:  0, rs1_rdata: 00000000, rs2_addr:  0, rs2_rdata: 00000000, rd_addr:  0, rd_wdata: 00000000, mem_addr: 00000000, mem_rdata: 00000000, mem_wdata: 00000000
ClkCycle:       4190, pc_rdata: 0001425e, pc_wdata: 00014262, insn: 00002117, mode: 3, rs1_addr: 14, rs1_rdata: 00000000, rs2_addr: 17, rs2_rdata: fffeffff, rd_addr:  0, rd_wdata: 00000211, mem_addr: 00000211, mem_rdata: 00000000, mem_wdata: fffeffff
ClkCycle:       4191, pc_rdata: 00014262, pc_wdata: 00014266, insn: 00002117, mode: 3, rs1_addr:  0, rs1_rdata: 00000000, rs2_addr:  0, rs2_rdata: 00000000, rd_addr:  0, rd_wdata: 00000000, mem_addr: 00000000, mem_rdata: 00000000, mem_wdata: 00000000
ClkCycle:       4192, pc_rdata: 00014266, pc_wdata: 00014268, insn: 00000013, mode: 3, rs1_addr:  2, rs1_rdata: 00015fe8, rs2_addr:  0, rs2_rdata: 00000000, rd_addr:  8, rd_wdata: 00015fe8, mem_addr: 00015fe8, mem_rdata: 00000000, mem_wdata: 00000000
ClkCycle:       4193, pc_rdata: 00014268, pc_wdata: 0001426c, insn: 00000013, mode: 3, rs1_addr:  0, rs1_rdata: 00000000, rs2_addr:  0, rs2_rdata: 00000000, rd_addr:  0, rd_wdata: 00000000, mem_addr: 00000000, mem_rdata: 00000000, mem_wdata: 00000000
ClkCycle:       4194, pc_rdata: 0001426c, pc_wdata: 00014270, insn: 00000013, mode: 3, rs1_addr:  0, rs1_rdata: 00000000, rs2_addr:  0, rs2_rdata: 00000000, rd_addr:  0, rd_wdata: 00000000, mem_addr: 00000000, mem_rdata: 00000000, mem_wdata: 00000000
ClkCycle:       4195, pc_rdata: 00014270, pc_wdata: 00014274, insn: 00000013, mode: 3, rs1_addr:  0, rs1_rdata: 00000000, rs2_addr:  0, rs2_rdata: 00000000, rd_addr:  0, rd_wdata: 00000000, mem_addr: 00000000, mem_rdata: 00000000, mem_wdata: 00000000
ClkCycle:       4196, pc_rdata: 00014274, pc_wdata: 00014278, insn: 00000013, mode: 3, rs1_addr:  0, rs1_rdata: 00000000, rs2_addr:  0, rs2_rdata: 00000000, rd_addr:  0, rd_wdata: 00000000, mem_addr: 00000000, mem_rdata: 00000000, mem_wdata: 00000000
ClkCycle:       4197, pc_rdata: 00014278, pc_wdata: 0001427c, insn: 00000013, mode: 3, rs1_addr:  0, rs1_rdata: 00000000, rs2_addr:  0, rs2_rdata: 00000000, rd_addr:  0, rd_wdata: 00000000, mem_addr: 00000000, mem_rdata: 00000000, mem_wdata: 00000000
ClkCycle:       4198, pc_rdata: 0001427c, pc_wdata: 00014280, insn: 00000013, mode: 3, rs1_addr:  0, rs1_rdata: 00000000, rs2_addr:  0, rs2_rdata: 00000000, rd_addr:  0, rd_wdata: 00000000, mem_addr: 00000000, mem_rdata: 00000000, mem_wdata: 00000000
ClkCycle:       4199, pc_rdata: 00014280, pc_wdata: 00014282, insn: 00014922, mode: 3, rs1_addr:  2, rs1_rdata: 00015fe8, rs2_addr:  8, rs2_rdata: 00015fe8, rd_addr: 18, rd_wdata: 00000000, mem_addr: 00015ff0, mem_rdata: 00000000, mem_wdata: 00015fe8
ClkCycle:       4200, pc_rdata: 00014282, pc_wdata: 00014286, insn: 00014922, mode: 3, rs1_addr:  0, rs1_rdata: 00000000, rs2_addr:  0, rs2_rdata: 00000000, rd_addr:  0, rd_wdata: 00000000, mem_addr: 00000000, mem_rdata: 00000000, mem_wdata: 00000000
ClkCycle:       4201, pc_rdata: 00014286, pc_wdata: 00014288, insn: 00130124, mode: 3, rs1_addr:  0, rs1_rdata: 00000000, rs2_addr:  0, rs2_rdata: 00000000, rd_addr:  0, rd_wdata: 00000000, mem_addr: 00000000, mem_rdata: 00000000, mem_wdata: 00000000
ClkCycle:       4202, pc_rdata: 00014288, pc_wdata: 0001428a, insn: 00130124, mode: 3, rs1_addr:  2, rs1_rdata: 00015fe8, rs2_addr:  8, rs2_rdata: 00015fe8, rd_addr:  9, rd_wdata: 00016070, mem_addr: 00016070, mem_rdata: 00000000, mem_wdata: 00015fe8
ClkCycle:       4203, pc_rdata: 0001428a, pc_wdata: 0001428e, insn: 00130124, mode: 3, rs1_addr:  0, rs1_rdata: 00000000, rs2_addr:  0, rs2_rdata: 00000000, rd_addr:  0, rd_wdata: 00000000, mem_addr: 00000000, mem_rdata: 00000000, mem_wdata: 00000000
ClkCycle:       4204, pc_rdata: 0001428e, pc_wdata: 00014292, insn: 00130000, mode: 3, rs1_addr:  0, rs1_rdata: 00000000, rs2_addr:  0, rs2_rdata: 00000000, rd_addr:  0, rd_wdata: 00000000, mem_addr: 00000000, mem_rdata: 00000000, mem_wdata: 00000000
ClkCycle:       4205, pc_rdata: 00014292, pc_wdata: 00014296, insn: 00130000, mode: 3, rs1_addr:  0, rs1_rdata: 00000000, rs2_addr:  0, rs2_rdata: 00000000, rd_addr:  0, rd_wdata: 00000000, mem_addr: 00000000, mem_rdata: 00000000, mem_wdata: 00000000
ClkCycle:       4206, pc_rdata: 00014296, pc_wdata: 0001429a, insn: 00130000, mode: 3, rs1_addr:  0, rs1_rdata: 00000000, rs2_addr:  0, rs2_rdata: 00000000, rd_addr:  0, rd_wdata: 00000000, mem_addr: 00000000, mem_rdata: 00000000, mem_wdata: 00000000
ClkCycle:       4207, pc_rdata: 0001429a, pc_wdata: 0001429e, insn: 00130000, mode: 3, rs1_addr:  0, rs1_rdata: 00000000, rs2_addr:  0, rs2_rdata: 00000000, rd_addr:  0, rd_wdata: 00000000, mem_addr: 00000000, mem_rdata: 00000000, mem_wdata: 00000000
ClkCycle:       4208, pc_rdata: 0001429e, pc_wdata: 000142a2, insn: 00002117, mode: 3, rs1_addr: 14, rs1_rdata: 00000000, rs2_addr: 17, rs2_rdata: fffeffff, rd_addr:  0, rd_wdata: 00000211, mem_addr: 00000211, mem_rdata: 00000000, mem_wdata: fffeffff
ClkCycle:       4209, pc_rdata: 000142a2, pc_wdata: 000142a6, insn: 00002117, mode: 3, rs1_addr:  0, rs1_rdata: 00000000, rs2_addr:  0, rs2_rdata: 00000000, rd_addr:  0, rd_wdata: 00000000, mem_addr: 00000000, mem_rdata: 00000000, mem_wdata: 00000000
ClkCycle:       4210, pc_rdata: 000142a6, pc_wdata: 000142a8, insn: 00000013, mode: 3, rs1_addr:  2, rs1_rdata: 00015fe8, rs2_addr:  0, rs2_rdata: 00000000, rd_addr:  8, rd_wdata: 00015fe8, mem_addr: 00015fe8, mem_rdata: 00000000, mem_wdata: 00000000
ClkCycle:       4211, pc_rdata: 000142a8, pc_wdata: 000142ac, insn: 00000013, mode: 3, rs1_addr:  0, rs1_rdata: 00000000, rs2_addr:  0, rs2_rdata: 00000000, rd_addr:  0, rd_wdata: 00000000, mem_addr: 00000000, mem_rdata: 00000000, mem_wdata: 00000000
ClkCycle:       4212, pc_rdata: 000142ac, pc_wdata: 000142b0, insn: 00000013, mode: 3, rs1_addr:  0, rs1_rdata: 00000000, rs2_addr:  0, rs2_rdata: 00000000, rd_addr:  0, rd_wdata: 00000000, mem_addr: 00000000, mem_rdata: 00000000, mem_wdata: 00000000
ClkCycle:       4213, pc_rdata: 000142b0, pc_wdata: 000142b4, insn: 00000013, mode: 3, rs1_addr:  0, rs1_rdata: 00000000, rs2_addr:  0, rs2_rdata: 00000000, rd_addr:  0, rd_wdata: 00000000, mem_addr: 00000000, mem_rdata: 00000000, mem_wdata: 00000000
ClkCycle:       4214, pc_rdata: 000142b4, pc_wdata: 000142b8, insn: 00000013, mode: 3, rs1_addr:  0, rs1_rdata: 00000000, rs2_addr:  0, rs2_rdata: 00000000, rd_addr:  0, rd_wdata: 00000000, mem_addr: 00000000, mem_rdata: 00000000, mem_wdata: 00000000
ClkCycle:       4215, pc_rdata: 000142b8, pc_wdata: 000142bc, insn: 00000013, mode: 3, rs1_addr:  0, rs1_rdata: 00000000, rs2_addr:  0, rs2_rdata: 00000000, rd_addr:  0, rd_wdata: 00000000, mem_addr: 00000000, mem_rdata: 00000000, mem_wdata: 00000000
ClkCycle:       4216, pc_rdata: 000142bc, pc_wdata: 000142c0, insn: 00000013, mode: 3, rs1_addr:  0, rs1_rdata: 00000000, rs2_addr:  0, rs2_rdata: 00000000, rd_addr:  0, rd_wdata: 00000000, mem_addr: 00000000, mem_rdata: 00000000, mem_wdata: 00000000
ClkCycle:       4217, pc_rdata: 000142c0, pc_wdata: 000142c2, insn: 00014842, mode: 3, rs1_addr:  2, rs1_rdata: 00015fe8, rs2_addr: 16, rs2_rdata: 7d5bfddb, rd_addr: 16, rd_wdata: 00000000, mem_addr: 00015ff8, mem_rdata: 00000000, mem_wdata: 7d5bfddb
ClkCycle:       4218, pc_rdata: 000142c2, pc_wdata: 000142c6, insn: 00014842, mode: 3, rs1_addr:  0, rs1_rdata: 00000000, rs2_addr:  0, rs2_rdata: 00000000, rd_addr:  0, rd_wdata: 00000000, mem_addr: 00000000, mem_rdata: 00000000, mem_wdata: 00000000
ClkCycle:       4219, pc_rdata: 000142c6, pc_wdata: 000142c8, insn: 00130304, mode: 3, rs1_addr:  0, rs1_rdata: 00000000, rs2_addr:  0, rs2_rdata: 00000000, rd_addr:  0, rd_wdata: 00000000, mem_addr: 00000000, mem_rdata: 00000000, mem_wdata: 00000000
ClkCycle:       4220, pc_rdata: 000142c8, pc_wdata: 000142ca, insn: 00130304, mode: 3, rs1_addr:  2, rs1_rdata: 00015fe8, rs2_addr:  0, rs2_rdata: 00000000, rd_addr:  9, rd_wdata: 00016168, mem_addr: 00016168, mem_rdata: 00000000, mem_wdata: 00000000
ClkCycle:       4221, pc_rdata: 000142ca, pc_wdata: 000142ce, insn: 00130304, mode: 3, rs1_addr:  0, rs1_rdata: 00000000, rs2_addr:  0, rs2_rdata: 00000000, rd_addr:  0, rd_wdata: 00000000, mem_addr: 00000000, mem_rdata: 00000000, mem_wdata: 00000000
ClkCycle:       4222, pc_rdata: 000142ce, pc_wdata: 000142d2, insn: 00130000, mode: 3, rs1_addr:  0, rs1_rdata: 00000000, rs2_addr:  0, rs2_rdata: 00000000, rd_addr:  0, rd_wdata: 00000000, mem_addr: 00000000, mem_rdata: 00000000, mem_wdata: 00000000
ClkCycle:       4223, pc_rdata: 000142d2, pc_wdata: 000142d6, insn: 00130000, mode: 3, rs1_addr:  0, rs1_rdata: 00000000, rs2_addr:  0, rs2_rdata: 00000000, rd_addr:  0, rd_wdata: 00000000, mem_addr: 00000000, mem_rdata: 00000000, mem_wdata: 00000000
ClkCycle:       4224, pc_rdata: 000142d6, pc_wdata: 000142da, insn: 00130000, mode: 3, rs1_addr:  0, rs1_rdata: 00000000, rs2_addr:  0, rs2_rdata: 00000000, rd_addr:  0, rd_wdata: 00000000, mem_addr: 00000000, mem_rdata: 00000000, mem_wdata: 00000000
ClkCycle:       4225, pc_rdata: 000142da, pc_wdata: 000142de, insn: 00130000, mode: 3, rs1_addr:  0, rs1_rdata: 00000000, rs2_addr:  0, rs2_rdata: 00000000, rd_addr:  0, rd_wdata: 00000000, mem_addr: 00000000, mem_rdata: 00000000, mem_wdata: 00000000
ClkCycle:       4226, pc_rdata: 000142de, pc_wdata: 000142e2, insn: 00002117, mode: 3, rs1_addr: 14, rs1_rdata: 00000000, rs2_addr: 17, rs2_rdata: fffeffff, rd_addr:  0, rd_wdata: 00000211, mem_addr: 00000211, mem_rdata: 00000000, mem_wdata: fffeffff
ClkCycle:       4227, pc_rdata: 000142e2, pc_wdata: 000142e6, insn: 00002117, mode: 3, rs1_addr:  0, rs1_rdata: 00000000, rs2_addr:  0, rs2_rdata: 00000000, rd_addr:  0, rd_wdata: 00000000, mem_addr: 00000000, mem_rdata: 00000000, mem_wdata: 00000000
ClkCycle:       4228, pc_rdata: 000142e6, pc_wdata: 000142e8, insn: 00000013, mode: 3, rs1_addr:  2, rs1_rdata: 00015fe8, rs2_addr:  0, rs2_rdata: 00000000, rd_addr:  8, rd_wdata: 00015fe8, mem_addr: 00015fe8, mem_rdata: 00000000, mem_wdata: 00000000
ClkCycle:       4229, pc_rdata: 000142e8, pc_wdata: 000142ec, insn: 00000013, mode: 3, rs1_addr:  0, rs1_rdata: 00000000, rs2_addr:  0, rs2_rdata: 00000000, rd_addr:  0, rd_wdata: 00000000, mem_addr: 00000000, mem_rdata: 00000000, mem_wdata: 00000000
ClkCycle:       4230, pc_rdata: 000142ec, pc_wdata: 000142f0, insn: 00000013, mode: 3, rs1_addr:  0, rs1_rdata: 00000000, rs2_addr:  0, rs2_rdata: 00000000, rd_addr:  0, rd_wdata: 00000000, mem_addr: 00000000, mem_rdata: 00000000, mem_wdata: 00000000
ClkCycle:       4231, pc_rdata: 000142f0, pc_wdata: 000142f4, insn: 00000013, mode: 3, rs1_addr:  0, rs1_rdata: 00000000, rs2_addr:  0, rs2_rdata: 00000000, rd_addr:  0, rd_wdata: 00000000, mem_addr: 00000000, mem_rdata: 00000000, mem_wdata: 00000000
ClkCycle:       4232, pc_rdata: 000142f4, pc_wdata: 000142f8, insn: 00000013, mode: 3, rs1_addr:  0, rs1_rdata: 00000000, rs2_addr:  0, rs2_rdata: 00000000, rd_addr:  0, rd_wdata: 00000000, mem_addr: 00000000, mem_rdata: 00000000, mem_wdata: 00000000
ClkCycle:       4233, pc_rdata: 000142f8, pc_wdata: 000142fc, insn: 00000013, mode: 3, rs1_addr:  0, rs1_rdata: 00000000, rs2_addr:  0, rs2_rdata: 00000000, rd_addr:  0, rd_wdata: 00000000, mem_addr: 00000000, mem_rdata: 00000000, mem_wdata: 00000000
ClkCycle:       4234, pc_rdata: 000142fc, pc_wdata: 00014300, insn: 00000013, mode: 3, rs1_addr:  0, rs1_rdata: 00000000, rs2_addr:  0, rs2_rdata: 00000000, rd_addr:  0, rd_wdata: 00000000, mem_addr: 00000000, mem_rdata: 00000000, mem_wdata: 00000000
ClkCycle:       4235, pc_rdata: 00014300, pc_wdata: 00014302, insn: 00015b82, mode: 3, rs1_addr:  2, rs1_rdata: 00015fe8, rs2_addr:  0, rs2_rdata: 00000000, rd_addr: 23, rd_wdata: 00000000, mem_addr: 00016008, mem_rdata: 00000000, mem_wdata: 00000000
ClkCycle:       4236, pc_rdata: 00014302, pc_wdata: 00014306, insn: 00015b82, mode: 3, rs1_addr:  0, rs1_rdata: 00000000, rs2_addr:  0, rs2_rdata: 00000000, rd_addr:  0, rd_wdata: 00000000, mem_addr: 00000000, mem_rdata: 00000000, mem_wdata: 00000000
ClkCycle:       4237, pc_rdata: 00014306, pc_wdata: 00014308, insn: 00130374, mode: 3, rs1_addr:  0, rs1_rdata: 00000000, rs2_addr:  0, rs2_rdata: 00000000, rd_addr:  0, rd_wdata: 00000000, mem_addr: 00000000, mem_rdata: 00000000, mem_wdata: 00000000
ClkCycle:       4238, pc_rdata: 00014308, pc_wdata: 0001430a, insn: 00130374, mode: 3, rs1_addr:  2, rs1_rdata: 00015fe8, rs2_addr: 12, rs2_rdata: 00000000, rd_addr: 13, rd_wdata: 00016174, mem_addr: 00016174, mem_rdata: 00000000, mem_wdata: 00000000
ClkCycle:       4239, pc_rdata: 0001430a, pc_wdata: 0001430e, insn: 00130374, mode: 3, rs1_addr:  0, rs1_rdata: 00000000, rs2_addr:  0, rs2_rdata: 00000000, rd_addr:  0, rd_wdata: 00000000, mem_addr: 00000000, mem_rdata: 00000000, mem_wdata: 00000000
ClkCycle:       4240, pc_rdata: 0001430e, pc_wdata: 00014312, insn: 00130000, mode: 3, rs1_addr:  0, rs1_rdata: 00000000, rs2_addr:  0, rs2_rdata: 00000000, rd_addr:  0, rd_wdata: 00000000, mem_addr: 00000000, mem_rdata: 00000000, mem_wdata: 00000000
ClkCycle:       4241, pc_rdata: 00014312, pc_wdata: 00014316, insn: 00130000, mode: 3, rs1_addr:  0, rs1_rdata: 00000000, rs2_addr:  0, rs2_rdata: 00000000, rd_addr:  0, rd_wdata: 00000000, mem_addr: 00000000, mem_rdata: 00000000, mem_wdata: 00000000
ClkCycle:       4242, pc_rdata: 00014316, pc_wdata: 0001431a, insn: 00130000, mode: 3, rs1_addr:  0, rs1_rdata: 00000000, rs2_addr:  0, rs2_rdata: 00000000, rd_addr:  0, rd_wdata: 00000000, mem_addr: 00000000, mem_rdata: 00000000, mem_wdata: 00000000
ClkCycle:       4243, pc_rdata: 0001431a, pc_wdata: 0001431e, insn: 00130000, mode: 3, rs1_addr:  0, rs1_rdata: 00000000, rs2_addr:  0, rs2_rdata: 00000000, rd_addr:  0, rd_wdata: 00000000, mem_addr: 00000000, mem_rdata: 00000000, mem_wdata: 00000000
ClkCycle:       4244, pc_rdata: 0001431e, pc_wdata: 00014322, insn: 00002117, mode: 3, rs1_addr: 14, rs1_rdata: 00000000, rs2_addr: 17, rs2_rdata: fffeffff, rd_addr:  0, rd_wdata: 00000211, mem_addr: 00000211, mem_rdata: 00000000, mem_wdata: fffeffff
ClkCycle:       4245, pc_rdata: 00014322, pc_wdata: 00014326, insn: 00002117, mode: 3, rs1_addr:  0, rs1_rdata: 00000000, rs2_addr:  0, rs2_rdata: 00000000, rd_addr:  0, rd_wdata: 00000000, mem_addr: 00000000, mem_rdata: 00000000, mem_wdata: 00000000
ClkCycle:       4246, pc_rdata: 00014326, pc_wdata: 00014328, insn: 00000013, mode: 3, rs1_addr:  2, rs1_rdata: 00015fe8, rs2_addr:  0, rs2_rdata: 00000000, rd_addr:  8, rd_wdata: 00015fe8, mem_addr: 00015fe8, mem_rdata: 00000000, mem_wdata: 00000000
ClkCycle:       4247, pc_rdata: 00014328, pc_wdata: 0001432c, insn: 00000013, mode: 3, rs1_addr:  0, rs1_rdata: 00000000, rs2_addr:  0, rs2_rdata: 00000000, rd_addr:  0, rd_wdata: 00000000, mem_addr: 00000000, mem_rdata: 00000000, mem_wdata: 00000000
ClkCycle:       4248, pc_rdata: 0001432c, pc_wdata: 00014330, insn: 00000013, mode: 3, rs1_addr:  0, rs1_rdata: 00000000, rs2_addr:  0, rs2_rdata: 00000000, rd_addr:  0, rd_wdata: 00000000, mem_addr: 00000000, mem_rdata: 00000000, mem_wdata: 00000000
ClkCycle:       4249, pc_rdata: 00014330, pc_wdata: 00014334, insn: 00000013, mode: 3, rs1_addr:  0, rs1_rdata: 00000000, rs2_addr:  0, rs2_rdata: 00000000, rd_addr:  0, rd_wdata: 00000000, mem_addr: 00000000, mem_rdata: 00000000, mem_wdata: 00000000
ClkCycle:       4250, pc_rdata: 00014334, pc_wdata: 00014338, insn: 00000013, mode: 3, rs1_addr:  0, rs1_rdata: 00000000, rs2_addr:  0, rs2_rdata: 00000000, rd_addr:  0, rd_wdata: 00000000, mem_addr: 00000000, mem_rdata: 00000000, mem_wdata: 00000000
ClkCycle:       4251, pc_rdata: 00014338, pc_wdata: 0001433c, insn: 00000013, mode: 3, rs1_addr:  0, rs1_rdata: 00000000, rs2_addr:  0, rs2_rdata: 00000000, rd_addr:  0, rd_wdata: 00000000, mem_addr: 00000000, mem_rdata: 00000000, mem_wdata: 00000000
ClkCycle:       4252, pc_rdata: 0001433c, pc_wdata: 00014340, insn: 00000013, mode: 3, rs1_addr:  0, rs1_rdata: 00000000, rs2_addr:  0, rs2_rdata: 00000000, rd_addr:  0, rd_wdata: 00000000, mem_addr: 00000000, mem_rdata: 00000000, mem_wdata: 00000000
ClkCycle:       4253, pc_rdata: 00014340, pc_wdata: 00014342, insn: 00014306, mode: 3, rs1_addr:  2, rs1_rdata: 00015fe8, rs2_addr:  0, rs2_rdata: 00000000, rd_addr:  6, rd_wdata: 00000000, mem_addr: 00016028, mem_rdata: 00000000, mem_wdata: 00000000
ClkCycle:       4254, pc_rdata: 00014342, pc_wdata: 00014346, insn: 00014306, mode: 3, rs1_addr:  0, rs1_rdata: 00000000, rs2_addr:  0, rs2_rdata: 00000000, rd_addr:  0, rd_wdata: 00000000, mem_addr: 00000000, mem_rdata: 00000000, mem_wdata: 00000000
ClkCycle:       4255, pc_rdata: 00014346, pc_wdata: 00014348, insn: 00130264, mode: 3, rs1_addr:  0, rs1_rdata: 00000000, rs2_addr:  0, rs2_rdata: 00000000, rd_addr:  0, rd_wdata: 00000000, mem_addr: 00000000, mem_rdata: 00000000, mem_wdata: 00000000
ClkCycle:       4256, pc_rdata: 00014348, pc_wdata: 0001434a, insn: 00130264, mode: 3, rs1_addr:  2, rs1_rdata: 00015fe8, rs2_addr: 12, rs2_rdata: 00000000, rd_addr:  9, rd_wdata: 000160f4, mem_addr: 000160f4, mem_rdata: 00000000, mem_wdata: 00000000
ClkCycle:       4257, pc_rdata: 0001434a, pc_wdata: 0001434e, insn: 00130264, mode: 3, rs1_addr:  0, rs1_rdata: 00000000, rs2_addr:  0, rs2_rdata: 00000000, rd_addr:  0, rd_wdata: 00000000, mem_addr: 00000000, mem_rdata: 00000000, mem_wdata: 00000000
ClkCycle:       4258, pc_rdata: 0001434e, pc_wdata: 00014352, insn: 00130000, mode: 3, rs1_addr:  0, rs1_rdata: 00000000, rs2_addr:  0, rs2_rdata: 00000000, rd_addr:  0, rd_wdata: 00000000, mem_addr: 00000000, mem_rdata: 00000000, mem_wdata: 00000000
ClkCycle:       4259, pc_rdata: 00014352, pc_wdata: 00014356, insn: 00130000, mode: 3, rs1_addr:  0, rs1_rdata: 00000000, rs2_addr:  0, rs2_rdata: 00000000, rd_addr:  0, rd_wdata: 00000000, mem_addr: 00000000, mem_rdata: 00000000, mem_wdata: 00000000
ClkCycle:       4260, pc_rdata: 00014356, pc_wdata: 0001435a, insn: 00130000, mode: 3, rs1_addr:  0, rs1_rdata: 00000000, rs2_addr:  0, rs2_rdata: 00000000, rd_addr:  0, rd_wdata: 00000000, mem_addr: 00000000, mem_rdata: 00000000, mem_wdata: 00000000
ClkCycle:       4261, pc_rdata: 0001435a, pc_wdata: 0001435e, insn: 00130000, mode: 3, rs1_addr:  0, rs1_rdata: 00000000, rs2_addr:  0, rs2_rdata: 00000000, rd_addr:  0, rd_wdata: 00000000, mem_addr: 00000000, mem_rdata: 00000000, mem_wdata: 00000000
ClkCycle:       4262, pc_rdata: 0001435e, pc_wdata: 00014362, insn: 00002117, mode: 3, rs1_addr: 14, rs1_rdata: 00000000, rs2_addr: 17, rs2_rdata: fffeffff, rd_addr:  0, rd_wdata: 00000211, mem_addr: 00000211, mem_rdata: 00000000, mem_wdata: fffeffff
ClkCycle:       4263, pc_rdata: 00014362, pc_wdata: 00014366, insn: 00002117, mode: 3, rs1_addr:  0, rs1_rdata: 00000000, rs2_addr:  0, rs2_rdata: 00000000, rd_addr:  0, rd_wdata: 00000000, mem_addr: 00000000, mem_rdata: 00000000, mem_wdata: 00000000
ClkCycle:       4264, pc_rdata: 00014366, pc_wdata: 00014368, insn: 00000013, mode: 3, rs1_addr:  2, rs1_rdata: 00015fe8, rs2_addr:  0, rs2_rdata: 00000000, rd_addr:  8, rd_wdata: 00015fe8, mem_addr: 00015fe8, mem_rdata: 00000000, mem_wdata: 00000000
ClkCycle:       4265, pc_rdata: 00014368, pc_wdata: 0001436c, insn: 00000013, mode: 3, rs1_addr:  0, rs1_rdata: 00000000, rs2_addr:  0, rs2_rdata: 00000000, rd_addr:  0, rd_wdata: 00000000, mem_addr: 00000000, mem_rdata: 00000000, mem_wdata: 00000000
ClkCycle:       4266, pc_rdata: 0001436c, pc_wdata: 00014370, insn: 00000013, mode: 3, rs1_addr:  0, rs1_rdata: 00000000, rs2_addr:  0, rs2_rdata: 00000000, rd_addr:  0, rd_wdata: 00000000, mem_addr: 00000000, mem_rdata: 00000000, mem_wdata: 00000000
ClkCycle:       4267, pc_rdata: 00014370, pc_wdata: 00014374, insn: 00000013, mode: 3, rs1_addr:  0, rs1_rdata: 00000000, rs2_addr:  0, rs2_rdata: 00000000, rd_addr:  0, rd_wdata: 00000000, mem_addr: 00000000, mem_rdata: 00000000, mem_wdata: 00000000
ClkCycle:       4268, pc_rdata: 00014374, pc_wdata: 00014378, insn: 00000013, mode: 3, rs1_addr:  0, rs1_rdata: 00000000, rs2_addr:  0, rs2_rdata: 00000000, rd_addr:  0, rd_wdata: 00000000, mem_addr: 00000000, mem_rdata: 00000000, mem_wdata: 00000000
ClkCycle:       4269, pc_rdata: 00014378, pc_wdata: 0001437c, insn: 00000013, mode: 3, rs1_addr:  0, rs1_rdata: 00000000, rs2_addr:  0, rs2_rdata: 00000000, rd_addr:  0, rd_wdata: 00000000, mem_addr: 00000000, mem_rdata: 00000000, mem_wdata: 00000000
ClkCycle:       4270, pc_rdata: 0001437c, pc_wdata: 00014380, insn: 00000013, mode: 3, rs1_addr:  0, rs1_rdata: 00000000, rs2_addr:  0, rs2_rdata: 00000000, rd_addr:  0, rd_wdata: 00000000, mem_addr: 00000000, mem_rdata: 00000000, mem_wdata: 00000000
ClkCycle:       4271, pc_rdata: 00014380, pc_wdata: 00014382, insn: 0001410a, mode: 3, rs1_addr:  2, rs1_rdata: 00015fe8, rs2_addr:  0, rs2_rdata: 00000000, rd_addr:  2, rd_wdata: 00000000, mem_addr: 00016068, mem_rdata: 00000000, mem_wdata: 00000000
ClkCycle:       4272, pc_rdata: 00014382, pc_wdata: 00014386, insn: 0001410a, mode: 3, rs1_addr:  0, rs1_rdata: 00000000, rs2_addr:  0, rs2_rdata: 00000000, rd_addr:  0, rd_wdata: 00000000, mem_addr: 00000000, mem_rdata: 00000000, mem_wdata: 00000000
ClkCycle:       4273, pc_rdata: 00014386, pc_wdata: 00014388, insn: 00130224, mode: 3, rs1_addr:  0, rs1_rdata: 00000000, rs2_addr:  0, rs2_rdata: 00000000, rd_addr:  0, rd_wdata: 00000000, mem_addr: 00000000, mem_rdata: 00000000, mem_wdata: 00000000
ClkCycle:       4274, pc_rdata: 00014388, pc_wdata: 0001438a, insn: 00130224, mode: 3, rs1_addr:  2, rs1_rdata: 00000000, rs2_addr:  8, rs2_rdata: 00015fe8, rd_addr:  9, rd_wdata: 00000108, mem_addr: 00000108, mem_rdata: 00000000, mem_wdata: 00015fe8
ClkCycle:       4275, pc_rdata: 0001438a, pc_wdata: 0001438e, insn: 00130224, mode: 3, rs1_addr:  0, rs1_rdata: 00000000, rs2_addr:  0, rs2_rdata: 00000000, rd_addr:  0, rd_wdata: 00000000, mem_addr: 00000000, mem_rdata: 00000000, mem_wdata: 00000000
ClkCycle:       4276, pc_rdata: 0001438e, pc_wdata: 00014392, insn: 00130000, mode: 3, rs1_addr:  0, rs1_rdata: 00000000, rs2_addr:  0, rs2_rdata: 00000000, rd_addr:  0, rd_wdata: 00000000, mem_addr: 00000000, mem_rdata: 00000000, mem_wdata: 00000000
ClkCycle:       4277, pc_rdata: 00014392, pc_wdata: 00014396, insn: 00130000, mode: 3, rs1_addr:  0, rs1_rdata: 00000000, rs2_addr:  0, rs2_rdata: 00000000, rd_addr:  0, rd_wdata: 00000000, mem_addr: 00000000, mem_rdata: 00000000, mem_wdata: 00000000
ClkCycle:       4278, pc_rdata: 00014396, pc_wdata: 0001439a, insn: 00130000, mode: 3, rs1_addr:  0, rs1_rdata: 00000000, rs2_addr:  0, rs2_rdata: 00000000, rd_addr:  0, rd_wdata: 00000000, mem_addr: 00000000, mem_rdata: 00000000, mem_wdata: 00000000
ClkCycle:       4279, pc_rdata: 0001439a, pc_wdata: 0001439e, insn: 00130000, mode: 3, rs1_addr:  0, rs1_rdata: 00000000, rs2_addr:  0, rs2_rdata: 00000000, rd_addr:  0, rd_wdata: 00000000, mem_addr: 00000000, mem_rdata: 00000000, mem_wdata: 00000000
ClkCycle:       4280, pc_rdata: 0001439e, pc_wdata: 000143a2, insn: 00002117, mode: 3, rs1_addr: 14, rs1_rdata: 00000000, rs2_addr: 17, rs2_rdata: fffeffff, rd_addr:  0, rd_wdata: 00000211, mem_addr: 00000211, mem_rdata: 00000000, mem_wdata: fffeffff
ClkCycle:       4281, pc_rdata: 000143a2, pc_wdata: 000143a6, insn: 00002117, mode: 3, rs1_addr:  0, rs1_rdata: 00000000, rs2_addr:  0, rs2_rdata: 00000000, rd_addr:  0, rd_wdata: 00000000, mem_addr: 00000000, mem_rdata: 00000000, mem_wdata: 00000000
ClkCycle:       4282, pc_rdata: 000143a6, pc_wdata: 000143a8, insn: 00000013, mode: 3, rs1_addr:  2, rs1_rdata: 00000000, rs2_addr:  0, rs2_rdata: 00000000, rd_addr:  8, rd_wdata: 00000000, mem_addr: 00000000, mem_rdata: 00000000, mem_wdata: 00000000
ClkCycle:       4283, pc_rdata: 000143a8, pc_wdata: 000143ac, insn: 00000013, mode: 3, rs1_addr:  0, rs1_rdata: 00000000, rs2_addr:  0, rs2_rdata: 00000000, rd_addr:  0, rd_wdata: 00000000, mem_addr: 00000000, mem_rdata: 00000000, mem_wdata: 00000000
ClkCycle:       4284, pc_rdata: 000143ac, pc_wdata: 000143b0, insn: 00000013, mode: 3, rs1_addr:  0, rs1_rdata: 00000000, rs2_addr:  0, rs2_rdata: 00000000, rd_addr:  0, rd_wdata: 00000000, mem_addr: 00000000, mem_rdata: 00000000, mem_wdata: 00000000
ClkCycle:       4285, pc_rdata: 000143b0, pc_wdata: 000143b4, insn: 00000013, mode: 3, rs1_addr:  0, rs1_rdata: 00000000, rs2_addr:  0, rs2_rdata: 00000000, rd_addr:  0, rd_wdata: 00000000, mem_addr: 00000000, mem_rdata: 00000000, mem_wdata: 00000000
ClkCycle:       4286, pc_rdata: 000143b4, pc_wdata: 000143b8, insn: 00000013, mode: 3, rs1_addr:  0, rs1_rdata: 00000000, rs2_addr:  0, rs2_rdata: 00000000, rd_addr:  0, rd_wdata: 00000000, mem_addr: 00000000, mem_rdata: 00000000, mem_wdata: 00000000
ClkCycle:       4287, pc_rdata: 000143b8, pc_wdata: 000143bc, insn: 00000013, mode: 3, rs1_addr:  0, rs1_rdata: 00000000, rs2_addr:  0, rs2_rdata: 00000000, rd_addr:  0, rd_wdata: 00000000, mem_addr: 00000000, mem_rdata: 00000000, mem_wdata: 00000000
ClkCycle:       4288, pc_rdata: 000143bc, pc_wdata: 000143c0, insn: 00000013, mode: 3, rs1_addr:  0, rs1_rdata: 00000000, rs2_addr:  0, rs2_rdata: 00000000, rd_addr:  0, rd_wdata: 00000000, mem_addr: 00000000, mem_rdata: 00000000, mem_wdata: 00000000
ClkCycle:       4289, pc_rdata: 000143c0, pc_wdata: 000143c2, insn: 0001556e, mode: 3, rs1_addr:  2, rs1_rdata: 00000000, rs2_addr: 24, rs2_rdata: 00000000, rd_addr: 10, rd_wdata: 00000000, mem_addr: 000000f8, mem_rdata: 00000000, mem_wdata: 00000000
ClkCycle:       4290, pc_rdata: 000143c2, pc_wdata: 000143c6, insn: 0001556e, mode: 3, rs1_addr:  0, rs1_rdata: 00000000, rs2_addr:  0, rs2_rdata: 00000000, rd_addr:  0, rd_wdata: 00000000, mem_addr: 00000000, mem_rdata: 00000000, mem_wdata: 00000000
ClkCycle:       4291, pc_rdata: 000143c6, pc_wdata: 000143c8, insn: 00000013, mode: 3, rs1_addr:  0, rs1_rdata: 00000000, rs2_addr:  0, rs2_rdata: 00000000, rd_addr:  0, rd_wdata: 00000000, mem_addr: 00000000, mem_rdata: 00000000, mem_wdata: 00000000
ClkCycle:       4292, pc_rdata: 000143c8, pc_wdata: 000143cc, insn: 00000013, mode: 3, rs1_addr:  0, rs1_rdata: 00000000, rs2_addr:  0, rs2_rdata: 00000000, rd_addr:  0, rd_wdata: 00000000, mem_addr: 00000000, mem_rdata: 00000000, mem_wdata: 00000000
ClkCycle:       4293, pc_rdata: 000143cc, pc_wdata: 000143d0, insn: 00000013, mode: 3, rs1_addr:  0, rs1_rdata: 00000000, rs2_addr:  0, rs2_rdata: 00000000, rd_addr:  0, rd_wdata: 00000000, mem_addr: 00000000, mem_rdata: 00000000, mem_wdata: 00000000
ClkCycle:       4294, pc_rdata: 000143d0, pc_wdata: 000143d4, insn: 00000013, mode: 3, rs1_addr:  0, rs1_rdata: 00000000, rs2_addr:  0, rs2_rdata: 00000000, rd_addr:  0, rd_wdata: 00000000, mem_addr: 00000000, mem_rdata: 00000000, mem_wdata: 00000000
ClkCycle:       4295, pc_rdata: 000143d4, pc_wdata: 000143d8, insn: 00000013, mode: 3, rs1_addr:  0, rs1_rdata: 00000000, rs2_addr:  0, rs2_rdata: 00000000, rd_addr:  0, rd_wdata: 00000000, mem_addr: 00000000, mem_rdata: 00000000, mem_wdata: 00000000
ClkCycle:       4296, pc_rdata: 000143d8, pc_wdata: 000143dc, insn: 00000013, mode: 3, rs1_addr:  0, rs1_rdata: 00000000, rs2_addr:  0, rs2_rdata: 00000000, rd_addr:  0, rd_wdata: 00000000, mem_addr: 00000000, mem_rdata: 00000000, mem_wdata: 00000000
ClkCycle:       4297, pc_rdata: 000143dc, pc_wdata: 000143e0, insn: 00000013, mode: 3, rs1_addr:  0, rs1_rdata: 00000000, rs2_addr:  0, rs2_rdata: 00000000, rd_addr:  0, rd_wdata: 00000000, mem_addr: 00000000, mem_rdata: 00000000, mem_wdata: 00000000
ClkCycle:       4298, pc_rdata: 000143e0, pc_wdata: 000143e4, insn: 00002117, mode: 3, rs1_addr:  0, rs1_rdata: 00000000, rs2_addr:  0, rs2_rdata: 00000000, rd_addr:  2, rd_wdata: 000163e0, mem_addr: 000163e0, mem_rdata: 00000000, mem_wdata: 00000000
ClkCycle:       4299, pc_rdata: 000143e4, pc_wdata: 000143e8, insn: b2c10113, mode: 3, rs1_addr:  2, rs1_rdata: 00000000, rs2_addr: 12, rs2_rdata: 00000000, rd_addr:  2, rd_wdata: 00015f0c, mem_addr: 00015f0c, mem_rdata: 00000000, mem_wdata: 00000000
ClkCycle:       4300, pc_rdata: 000143e8, pc_wdata: 000143ec, insn: 00000013, mode: 3, rs1_addr:  0, rs1_rdata: 00000000, rs2_addr:  0, rs2_rdata: 00000000, rd_addr:  0, rd_wdata: 00000000, mem_addr: 00000000, mem_rdata: 00000000, mem_wdata: 00000000
ClkCycle:       4301, pc_rdata: 000143ec, pc_wdata: 000143f0, insn: 00000013, mode: 3, rs1_addr:  0, rs1_rdata: 00000000, rs2_addr:  0, rs2_rdata: 00000000, rd_addr:  0, rd_wdata: 00000000, mem_addr: 00000000, mem_rdata: 00000000, mem_wdata: 00000000
ClkCycle:       4302, pc_rdata: 000143f0, pc_wdata: 000143f4, insn: 00000013, mode: 3, rs1_addr:  0, rs1_rdata: 00000000, rs2_addr:  0, rs2_rdata: 00000000, rd_addr:  0, rd_wdata: 00000000, mem_addr: 00000000, mem_rdata: 00000000, mem_wdata: 00000000
ClkCycle:       4303, pc_rdata: 000143f4, pc_wdata: 000143f8, insn: 00000013, mode: 3, rs1_addr:  0, rs1_rdata: 00000000, rs2_addr:  0, rs2_rdata: 00000000, rd_addr:  0, rd_wdata: 00000000, mem_addr: 00000000, mem_rdata: 00000000, mem_wdata: 00000000
ClkCycle:       4304, pc_rdata: 000143f8, pc_wdata: 000143fc, insn: 00000013, mode: 3, rs1_addr:  0, rs1_rdata: 00000000, rs2_addr:  0, rs2_rdata: 00000000, rd_addr:  0, rd_wdata: 00000000, mem_addr: 00000000, mem_rdata: 00000000, mem_wdata: 00000000
ClkCycle:       4305, pc_rdata: 000143fc, pc_wdata: 00014400, insn: 00000013, mode: 3, rs1_addr:  0, rs1_rdata: 00000000, rs2_addr:  0, rs2_rdata: 00000000, rd_addr:  0, rd_wdata: 00000000, mem_addr: 00000000, mem_rdata: 00000000, mem_wdata: 00000000
ClkCycle:       4306, pc_rdata: 00014400, pc_wdata: 00014402, insn: 000152de, mode: 3, rs1_addr:  2, rs1_rdata: 00015f0c, rs2_addr: 20, rs2_rdata: ffffffff, rd_addr:  5, rd_wdata: 00000000, mem_addr: 00016000, mem_rdata: 00000000, mem_wdata: ffffffff
ClkCycle:       4307, pc_rdata: 00014402, pc_wdata: 00014406, insn: 000152de, mode: 3, rs1_addr:  0, rs1_rdata: 00000000, rs2_addr:  0, rs2_rdata: 00000000, rd_addr:  0, rd_wdata: 00000000, mem_addr: 00000000, mem_rdata: 00000000, mem_wdata: 00000000
ClkCycle:       4308, pc_rdata: 00014406, pc_wdata: 00014408, insn: 00130454, mode: 3, rs1_addr:  0, rs1_rdata: 00000000, rs2_addr:  0, rs2_rdata: 00000000, rd_addr:  0, rd_wdata: 00000000, mem_addr: 00000000, mem_rdata: 00000000, mem_wdata: 00000000
ClkCycle:       4309, pc_rdata: 00014408, pc_wdata: 0001440a, insn: 00130454, mode: 3, rs1_addr:  2, rs1_rdata: 00015f0c, rs2_addr:  4, rs2_rdata: 6dfdffff, rd_addr: 13, rd_wdata: 00016110, mem_addr: 00016110, mem_rdata: 00000000, mem_wdata: 6dfdffff
ClkCycle:       4310, pc_rdata: 0001440a, pc_wdata: 0001440e, insn: 00130454, mode: 3, rs1_addr:  0, rs1_rdata: 00000000, rs2_addr:  0, rs2_rdata: 00000000, rd_addr:  0, rd_wdata: 00000000, mem_addr: 00000000, mem_rdata: 00000000, mem_wdata: 00000000
ClkCycle:       4311, pc_rdata: 0001440e, pc_wdata: 00014412, insn: 00130000, mode: 3, rs1_addr:  0, rs1_rdata: 00000000, rs2_addr:  0, rs2_rdata: 00000000, rd_addr:  0, rd_wdata: 00000000, mem_addr: 00000000, mem_rdata: 00000000, mem_wdata: 00000000
ClkCycle:       4312, pc_rdata: 00014412, pc_wdata: 00014416, insn: 00130000, mode: 3, rs1_addr:  0, rs1_rdata: 00000000, rs2_addr:  0, rs2_rdata: 00000000, rd_addr:  0, rd_wdata: 00000000, mem_addr: 00000000, mem_rdata: 00000000, mem_wdata: 00000000
ClkCycle:       4313, pc_rdata: 00014416, pc_wdata: 0001441a, insn: 00130000, mode: 3, rs1_addr:  0, rs1_rdata: 00000000, rs2_addr:  0, rs2_rdata: 00000000, rd_addr:  0, rd_wdata: 00000000, mem_addr: 00000000, mem_rdata: 00000000, mem_wdata: 00000000
ClkCycle:       4314, pc_rdata: 0001441a, pc_wdata: 0001441e, insn: 00130000, mode: 3, rs1_addr:  0, rs1_rdata: 00000000, rs2_addr:  0, rs2_rdata: 00000000, rd_addr:  0, rd_wdata: 00000000, mem_addr: 00000000, mem_rdata: 00000000, mem_wdata: 00000000
ClkCycle:       4315, pc_rdata: 0001441e, pc_wdata: 00014422, insn: 00002117, mode: 3, rs1_addr: 14, rs1_rdata: 00000000, rs2_addr: 17, rs2_rdata: fffeffff, rd_addr:  0, rd_wdata: 00000211, mem_addr: 00000211, mem_rdata: 00000000, mem_wdata: fffeffff
ClkCycle:       4316, pc_rdata: 00014422, pc_wdata: 00014426, insn: 00002117, mode: 3, rs1_addr:  0, rs1_rdata: 00000000, rs2_addr:  0, rs2_rdata: 00000000, rd_addr:  0, rd_wdata: 00000000, mem_addr: 00000000, mem_rdata: 00000000, mem_wdata: 00000000
ClkCycle:       4317, pc_rdata: 00014426, pc_wdata: 00014428, insn: 00000013, mode: 3, rs1_addr:  2, rs1_rdata: 00015f0c, rs2_addr:  0, rs2_rdata: 00000000, rd_addr:  8, rd_wdata: 00015f0c, mem_addr: 00015f0c, mem_rdata: 00000000, mem_wdata: 00000000
ClkCycle:       4318, pc_rdata: 00014428, pc_wdata: 0001442c, insn: 00000013, mode: 3, rs1_addr:  0, rs1_rdata: 00000000, rs2_addr:  0, rs2_rdata: 00000000, rd_addr:  0, rd_wdata: 00000000, mem_addr: 00000000, mem_rdata: 00000000, mem_wdata: 00000000
ClkCycle:       4319, pc_rdata: 0001442c, pc_wdata: 00014430, insn: 00000013, mode: 3, rs1_addr:  0, rs1_rdata: 00000000, rs2_addr:  0, rs2_rdata: 00000000, rd_addr:  0, rd_wdata: 00000000, mem_addr: 00000000, mem_rdata: 00000000, mem_wdata: 00000000
ClkCycle:       4320, pc_rdata: 00014430, pc_wdata: 00014434, insn: 00000013, mode: 3, rs1_addr:  0, rs1_rdata: 00000000, rs2_addr:  0, rs2_rdata: 00000000, rd_addr:  0, rd_wdata: 00000000, mem_addr: 00000000, mem_rdata: 00000000, mem_wdata: 00000000
ClkCycle:       4321, pc_rdata: 00014434, pc_wdata: 00014438, insn: 00000013, mode: 3, rs1_addr:  0, rs1_rdata: 00000000, rs2_addr:  0, rs2_rdata: 00000000, rd_addr:  0, rd_wdata: 00000000, mem_addr: 00000000, mem_rdata: 00000000, mem_wdata: 00000000
ClkCycle:       4322, pc_rdata: 00014438, pc_wdata: 0001443c, insn: 00000013, mode: 3, rs1_addr:  0, rs1_rdata: 00000000, rs2_addr:  0, rs2_rdata: 00000000, rd_addr:  0, rd_wdata: 00000000, mem_addr: 00000000, mem_rdata: 00000000, mem_wdata: 00000000
ClkCycle:       4323, pc_rdata: 0001443c, pc_wdata: 00014440, insn: 00000013, mode: 3, rs1_addr:  0, rs1_rdata: 00000000, rs2_addr:  0, rs2_rdata: 00000000, rd_addr:  0, rd_wdata: 00000000, mem_addr: 00000000, mem_rdata: 00000000, mem_wdata: 00000000
ClkCycle:       4324, pc_rdata: 00014440, pc_wdata: 00014442, insn: 000153be, mode: 3, rs1_addr:  2, rs1_rdata: 00015f0c, rs2_addr: 12, rs2_rdata: 00000000, rd_addr:  7, rd_wdata: 00000000, mem_addr: 00015ff8, mem_rdata: 00000000, mem_wdata: 00000000
ClkCycle:       4325, pc_rdata: 00014442, pc_wdata: 00014446, insn: 000153be, mode: 3, rs1_addr:  0, rs1_rdata: 00000000, rs2_addr:  0, rs2_rdata: 00000000, rd_addr:  0, rd_wdata: 00000000, mem_addr: 00000000, mem_rdata: 00000000, mem_wdata: 00000000
ClkCycle:       4326, pc_rdata: 00014446, pc_wdata: 00014448, insn: 00130474, mode: 3, rs1_addr:  0, rs1_rdata: 00000000, rs2_addr:  0, rs2_rdata: 00000000, rd_addr:  0, rd_wdata: 00000000, mem_addr: 00000000, mem_rdata: 00000000, mem_wdata: 00000000
ClkCycle:       4327, pc_rdata: 00014448, pc_wdata: 0001444a, insn: 00130474, mode: 3, rs1_addr:  2, rs1_rdata: 00015f0c, rs2_addr: 12, rs2_rdata: 00000000, rd_addr: 13, rd_wdata: 00016118, mem_addr: 00016118, mem_rdata: 00000000, mem_wdata: 00000000
ClkCycle:       4328, pc_rdata: 0001444a, pc_wdata: 0001444e, insn: 00130474, mode: 3, rs1_addr:  0, rs1_rdata: 00000000, rs2_addr:  0, rs2_rdata: 00000000, rd_addr:  0, rd_wdata: 00000000, mem_addr: 00000000, mem_rdata: 00000000, mem_wdata: 00000000
ClkCycle:       4329, pc_rdata: 0001444e, pc_wdata: 00014452, insn: 00130000, mode: 3, rs1_addr:  0, rs1_rdata: 00000000, rs2_addr:  0, rs2_rdata: 00000000, rd_addr:  0, rd_wdata: 00000000, mem_addr: 00000000, mem_rdata: 00000000, mem_wdata: 00000000
ClkCycle:       4330, pc_rdata: 00014452, pc_wdata: 00014456, insn: 00130000, mode: 3, rs1_addr:  0, rs1_rdata: 00000000, rs2_addr:  0, rs2_rdata: 00000000, rd_addr:  0, rd_wdata: 00000000, mem_addr: 00000000, mem_rdata: 00000000, mem_wdata: 00000000
ClkCycle:       4331, pc_rdata: 00014456, pc_wdata: 0001445a, insn: 00130000, mode: 3, rs1_addr:  0, rs1_rdata: 00000000, rs2_addr:  0, rs2_rdata: 00000000, rd_addr:  0, rd_wdata: 00000000, mem_addr: 00000000, mem_rdata: 00000000, mem_wdata: 00000000
ClkCycle:       4332, pc_rdata: 0001445a, pc_wdata: 0001445e, insn: 00130000, mode: 3, rs1_addr:  0, rs1_rdata: 00000000, rs2_addr:  0, rs2_rdata: 00000000, rd_addr:  0, rd_wdata: 00000000, mem_addr: 00000000, mem_rdata: 00000000, mem_wdata: 00000000
ClkCycle:       4333, pc_rdata: 0001445e, pc_wdata: 00014462, insn: 00002117, mode: 3, rs1_addr: 14, rs1_rdata: 00000000, rs2_addr: 17, rs2_rdata: fffeffff, rd_addr:  0, rd_wdata: 00000211, mem_addr: 00000211, mem_rdata: 00000000, mem_wdata: fffeffff
ClkCycle:       4334, pc_rdata: 00014462, pc_wdata: 00014466, insn: 00002117, mode: 3, rs1_addr:  0, rs1_rdata: 00000000, rs2_addr:  0, rs2_rdata: 00000000, rd_addr:  0, rd_wdata: 00000000, mem_addr: 00000000, mem_rdata: 00000000, mem_wdata: 00000000
ClkCycle:       4335, pc_rdata: 00014466, pc_wdata: 00014468, insn: 00000013, mode: 3, rs1_addr:  2, rs1_rdata: 00015f0c, rs2_addr:  0, rs2_rdata: 00000000, rd_addr:  8, rd_wdata: 00015f0c, mem_addr: 00015f0c, mem_rdata: 00000000, mem_wdata: 00000000
ClkCycle:       4336, pc_rdata: 00014468, pc_wdata: 0001446c, insn: 00000013, mode: 3, rs1_addr:  0, rs1_rdata: 00000000, rs2_addr:  0, rs2_rdata: 00000000, rd_addr:  0, rd_wdata: 00000000, mem_addr: 00000000, mem_rdata: 00000000, mem_wdata: 00000000
ClkCycle:       4337, pc_rdata: 0001446c, pc_wdata: 00014470, insn: 00000013, mode: 3, rs1_addr:  0, rs1_rdata: 00000000, rs2_addr:  0, rs2_rdata: 00000000, rd_addr:  0, rd_wdata: 00000000, mem_addr: 00000000, mem_rdata: 00000000, mem_wdata: 00000000
ClkCycle:       4338, pc_rdata: 00014470, pc_wdata: 00014474, insn: 00000013, mode: 3, rs1_addr:  0, rs1_rdata: 00000000, rs2_addr:  0, rs2_rdata: 00000000, rd_addr:  0, rd_wdata: 00000000, mem_addr: 00000000, mem_rdata: 00000000, mem_wdata: 00000000
ClkCycle:       4339, pc_rdata: 00014474, pc_wdata: 00014478, insn: 00000013, mode: 3, rs1_addr:  0, rs1_rdata: 00000000, rs2_addr:  0, rs2_rdata: 00000000, rd_addr:  0, rd_wdata: 00000000, mem_addr: 00000000, mem_rdata: 00000000, mem_wdata: 00000000
ClkCycle:       4340, pc_rdata: 00014478, pc_wdata: 0001447c, insn: 00000013, mode: 3, rs1_addr:  0, rs1_rdata: 00000000, rs2_addr:  0, rs2_rdata: 00000000, rd_addr:  0, rd_wdata: 00000000, mem_addr: 00000000, mem_rdata: 00000000, mem_wdata: 00000000
ClkCycle:       4341, pc_rdata: 0001447c, pc_wdata: 00014480, insn: 00000013, mode: 3, rs1_addr:  0, rs1_rdata: 00000000, rs2_addr:  0, rs2_rdata: 00000000, rd_addr:  0, rd_wdata: 00000000, mem_addr: 00000000, mem_rdata: 00000000, mem_wdata: 00000000
ClkCycle:       4342, pc_rdata: 00014480, pc_wdata: 00014482, insn: 00014ffe, mode: 3, rs1_addr:  2, rs1_rdata: 00015f0c, rs2_addr: 28, rs2_rdata: 00000000, rd_addr: 31, rd_wdata: 00000000, mem_addr: 00015fe8, mem_rdata: 00000000, mem_wdata: 00000000
ClkCycle:       4343, pc_rdata: 00014482, pc_wdata: 00014486, insn: 00014ffe, mode: 3, rs1_addr:  0, rs1_rdata: 00000000, rs2_addr:  0, rs2_rdata: 00000000, rd_addr:  0, rd_wdata: 00000000, mem_addr: 00000000, mem_rdata: 00000000, mem_wdata: 00000000
ClkCycle:       4344, pc_rdata: 00014486, pc_wdata: 00014488, insn: 001305f4, mode: 3, rs1_addr:  0, rs1_rdata: 00000000, rs2_addr:  0, rs2_rdata: 00000000, rd_addr:  0, rd_wdata: 00000000, mem_addr: 00000000, mem_rdata: 00000000, mem_wdata: 00000000
ClkCycle:       4345, pc_rdata: 00014488, pc_wdata: 0001448a, insn: 001305f4, mode: 3, rs1_addr:  2, rs1_rdata: 00015f0c, rs2_addr: 12, rs2_rdata: 00000000, rd_addr: 13, rd_wdata: 000161d8, mem_addr: 000161d8, mem_rdata: 00000000, mem_wdata: 00000000
ClkCycle:       4346, pc_rdata: 0001448a, pc_wdata: 0001448e, insn: 001305f4, mode: 3, rs1_addr:  0, rs1_rdata: 00000000, rs2_addr:  0, rs2_rdata: 00000000, rd_addr:  0, rd_wdata: 00000000, mem_addr: 00000000, mem_rdata: 00000000, mem_wdata: 00000000
ClkCycle:       4347, pc_rdata: 0001448e, pc_wdata: 00014492, insn: 00130000, mode: 3, rs1_addr:  0, rs1_rdata: 00000000, rs2_addr:  0, rs2_rdata: 00000000, rd_addr:  0, rd_wdata: 00000000, mem_addr: 00000000, mem_rdata: 00000000, mem_wdata: 00000000
ClkCycle:       4348, pc_rdata: 00014492, pc_wdata: 00014496, insn: 00130000, mode: 3, rs1_addr:  0, rs1_rdata: 00000000, rs2_addr:  0, rs2_rdata: 00000000, rd_addr:  0, rd_wdata: 00000000, mem_addr: 00000000, mem_rdata: 00000000, mem_wdata: 00000000
ClkCycle:       4349, pc_rdata: 00014496, pc_wdata: 0001449a, insn: 00130000, mode: 3, rs1_addr:  0, rs1_rdata: 00000000, rs2_addr:  0, rs2_rdata: 00000000, rd_addr:  0, rd_wdata: 00000000, mem_addr: 00000000, mem_rdata: 00000000, mem_wdata: 00000000
ClkCycle:       4350, pc_rdata: 0001449a, pc_wdata: 0001449e, insn: 00130000, mode: 3, rs1_addr:  0, rs1_rdata: 00000000, rs2_addr:  0, rs2_rdata: 00000000, rd_addr:  0, rd_wdata: 00000000, mem_addr: 00000000, mem_rdata: 00000000, mem_wdata: 00000000
ClkCycle:       4351, pc_rdata: 0001449e, pc_wdata: 000144a2, insn: 00002117, mode: 3, rs1_addr: 14, rs1_rdata: 00000000, rs2_addr: 17, rs2_rdata: fffeffff, rd_addr:  0, rd_wdata: 00000211, mem_addr: 00000211, mem_rdata: 00000000, mem_wdata: fffeffff
ClkCycle:       4352, pc_rdata: 000144a2, pc_wdata: 000144a6, insn: 00002117, mode: 3, rs1_addr:  0, rs1_rdata: 00000000, rs2_addr:  0, rs2_rdata: 00000000, rd_addr:  0, rd_wdata: 00000000, mem_addr: 00000000, mem_rdata: 00000000, mem_wdata: 00000000
ClkCycle:       4353, pc_rdata: 000144a6, pc_wdata: 000144a8, insn: 00000013, mode: 3, rs1_addr:  2, rs1_rdata: 00015f0c, rs2_addr:  0, rs2_rdata: 00000000, rd_addr:  8, rd_wdata: 00015f0c, mem_addr: 00015f0c, mem_rdata: 00000000, mem_wdata: 00000000
ClkCycle:       4354, pc_rdata: 000144a8, pc_wdata: 000144ac, insn: 00000013, mode: 3, rs1_addr:  0, rs1_rdata: 00000000, rs2_addr:  0, rs2_rdata: 00000000, rd_addr:  0, rd_wdata: 00000000, mem_addr: 00000000, mem_rdata: 00000000, mem_wdata: 00000000
ClkCycle:       4355, pc_rdata: 000144ac, pc_wdata: 000144b0, insn: 00000013, mode: 3, rs1_addr:  0, rs1_rdata: 00000000, rs2_addr:  0, rs2_rdata: 00000000, rd_addr:  0, rd_wdata: 00000000, mem_addr: 00000000, mem_rdata: 00000000, mem_wdata: 00000000
ClkCycle:       4356, pc_rdata: 000144b0, pc_wdata: 000144b4, insn: 00000013, mode: 3, rs1_addr:  0, rs1_rdata: 00000000, rs2_addr:  0, rs2_rdata: 00000000, rd_addr:  0, rd_wdata: 00000000, mem_addr: 00000000, mem_rdata: 00000000, mem_wdata: 00000000
ClkCycle:       4357, pc_rdata: 000144b4, pc_wdata: 000144b8, insn: 00000013, mode: 3, rs1_addr:  0, rs1_rdata: 00000000, rs2_addr:  0, rs2_rdata: 00000000, rd_addr:  0, rd_wdata: 00000000, mem_addr: 00000000, mem_rdata: 00000000, mem_wdata: 00000000
ClkCycle:       4358, pc_rdata: 000144b8, pc_wdata: 000144bc, insn: 00000013, mode: 3, rs1_addr:  0, rs1_rdata: 00000000, rs2_addr:  0, rs2_rdata: 00000000, rd_addr:  0, rd_wdata: 00000000, mem_addr: 00000000, mem_rdata: 00000000, mem_wdata: 00000000
ClkCycle:       4359, pc_rdata: 000144bc, pc_wdata: 000144c0, insn: 00000013, mode: 3, rs1_addr:  0, rs1_rdata: 00000000, rs2_addr:  0, rs2_rdata: 00000000, rd_addr:  0, rd_wdata: 00000000, mem_addr: 00000000, mem_rdata: 00000000, mem_wdata: 00000000
ClkCycle:       4360, pc_rdata: 000144c0, pc_wdata: 000144c2, insn: 00015d7a, mode: 3, rs1_addr:  2, rs1_rdata: 00015f0c, rs2_addr: 28, rs2_rdata: 00000000, rd_addr: 26, rd_wdata: 00000000, mem_addr: 00015fc8, mem_rdata: 00000000, mem_wdata: 00000000
ClkCycle:       4361, pc_rdata: 000144c2, pc_wdata: 000144c6, insn: 00015d7a, mode: 3, rs1_addr:  0, rs1_rdata: 00000000, rs2_addr:  0, rs2_rdata: 00000000, rd_addr:  0, rd_wdata: 00000000, mem_addr: 00000000, mem_rdata: 00000000, mem_wdata: 00000000
ClkCycle:       4362, pc_rdata: 000144c6, pc_wdata: 000144c8, insn: 001307a4, mode: 3, rs1_addr:  0, rs1_rdata: 00000000, rs2_addr:  0, rs2_rdata: 00000000, rd_addr:  0, rd_wdata: 00000000, mem_addr: 00000000, mem_rdata: 00000000, mem_wdata: 00000000
ClkCycle:       4363, pc_rdata: 000144c8, pc_wdata: 000144ca, insn: 001307a4, mode: 3, rs1_addr:  2, rs1_rdata: 00015f0c, rs2_addr:  8, rs2_rdata: 00015f0c, rd_addr:  9, rd_wdata: 000162d4, mem_addr: 000162d4, mem_rdata: 00000000, mem_wdata: 00015f0c
ClkCycle:       4364, pc_rdata: 000144ca, pc_wdata: 000144ce, insn: 001307a4, mode: 3, rs1_addr:  0, rs1_rdata: 00000000, rs2_addr:  0, rs2_rdata: 00000000, rd_addr:  0, rd_wdata: 00000000, mem_addr: 00000000, mem_rdata: 00000000, mem_wdata: 00000000
ClkCycle:       4365, pc_rdata: 000144ce, pc_wdata: 000144d2, insn: 00130000, mode: 3, rs1_addr:  0, rs1_rdata: 00000000, rs2_addr:  0, rs2_rdata: 00000000, rd_addr:  0, rd_wdata: 00000000, mem_addr: 00000000, mem_rdata: 00000000, mem_wdata: 00000000
ClkCycle:       4366, pc_rdata: 000144d2, pc_wdata: 000144d6, insn: 00130000, mode: 3, rs1_addr:  0, rs1_rdata: 00000000, rs2_addr:  0, rs2_rdata: 00000000, rd_addr:  0, rd_wdata: 00000000, mem_addr: 00000000, mem_rdata: 00000000, mem_wdata: 00000000
ClkCycle:       4367, pc_rdata: 000144d6, pc_wdata: 000144da, insn: 00130000, mode: 3, rs1_addr:  0, rs1_rdata: 00000000, rs2_addr:  0, rs2_rdata: 00000000, rd_addr:  0, rd_wdata: 00000000, mem_addr: 00000000, mem_rdata: 00000000, mem_wdata: 00000000
ClkCycle:       4368, pc_rdata: 000144da, pc_wdata: 000144de, insn: 00130000, mode: 3, rs1_addr:  0, rs1_rdata: 00000000, rs2_addr:  0, rs2_rdata: 00000000, rd_addr:  0, rd_wdata: 00000000, mem_addr: 00000000, mem_rdata: 00000000, mem_wdata: 00000000
ClkCycle:       4369, pc_rdata: 000144de, pc_wdata: 000144e2, insn: 00002117, mode: 3, rs1_addr: 14, rs1_rdata: 00000000, rs2_addr: 17, rs2_rdata: fffeffff, rd_addr:  0, rd_wdata: 00000211, mem_addr: 00000211, mem_rdata: 00000000, mem_wdata: fffeffff
ClkCycle:       4370, pc_rdata: 000144e2, pc_wdata: 000144e6, insn: 00002117, mode: 3, rs1_addr:  0, rs1_rdata: 00000000, rs2_addr:  0, rs2_rdata: 00000000, rd_addr:  0, rd_wdata: 00000000, mem_addr: 00000000, mem_rdata: 00000000, mem_wdata: 00000000
ClkCycle:       4371, pc_rdata: 000144e6, pc_wdata: 000144e8, insn: 00000013, mode: 3, rs1_addr:  2, rs1_rdata: 00015f0c, rs2_addr:  0, rs2_rdata: 00000000, rd_addr:  8, rd_wdata: 00015f0c, mem_addr: 00015f0c, mem_rdata: 00000000, mem_wdata: 00000000
ClkCycle:       4372, pc_rdata: 000144e8, pc_wdata: 000144ec, insn: 00000013, mode: 3, rs1_addr:  0, rs1_rdata: 00000000, rs2_addr:  0, rs2_rdata: 00000000, rd_addr:  0, rd_wdata: 00000000, mem_addr: 00000000, mem_rdata: 00000000, mem_wdata: 00000000
ClkCycle:       4373, pc_rdata: 000144ec, pc_wdata: 000144f0, insn: 00000013, mode: 3, rs1_addr:  0, rs1_rdata: 00000000, rs2_addr:  0, rs2_rdata: 00000000, rd_addr:  0, rd_wdata: 00000000, mem_addr: 00000000, mem_rdata: 00000000, mem_wdata: 00000000
ClkCycle:       4374, pc_rdata: 000144f0, pc_wdata: 000144f4, insn: 00000013, mode: 3, rs1_addr:  0, rs1_rdata: 00000000, rs2_addr:  0, rs2_rdata: 00000000, rd_addr:  0, rd_wdata: 00000000, mem_addr: 00000000, mem_rdata: 00000000, mem_wdata: 00000000
ClkCycle:       4375, pc_rdata: 000144f4, pc_wdata: 000144f8, insn: 00000013, mode: 3, rs1_addr:  0, rs1_rdata: 00000000, rs2_addr:  0, rs2_rdata: 00000000, rd_addr:  0, rd_wdata: 00000000, mem_addr: 00000000, mem_rdata: 00000000, mem_wdata: 00000000
ClkCycle:       4376, pc_rdata: 000144f8, pc_wdata: 000144fc, insn: 00000013, mode: 3, rs1_addr:  0, rs1_rdata: 00000000, rs2_addr:  0, rs2_rdata: 00000000, rd_addr:  0, rd_wdata: 00000000, mem_addr: 00000000, mem_rdata: 00000000, mem_wdata: 00000000
ClkCycle:       4377, pc_rdata: 000144fc, pc_wdata: 00014500, insn: 00000013, mode: 3, rs1_addr:  0, rs1_rdata: 00000000, rs2_addr:  0, rs2_rdata: 00000000, rd_addr:  0, rd_wdata: 00000000, mem_addr: 00000000, mem_rdata: 00000000, mem_wdata: 00000000
ClkCycle:       4378, pc_rdata: 00014500, pc_wdata: 00014502, insn: 00015e76, mode: 3, rs1_addr:  2, rs1_rdata: 00015f0c, rs2_addr: 28, rs2_rdata: 00000000, rd_addr: 28, rd_wdata: 00000000, mem_addr: 00015f88, mem_rdata: 00000000, mem_wdata: 00000000
ClkCycle:       4379, pc_rdata: 00014502, pc_wdata: 00014506, insn: 00015e76, mode: 3, rs1_addr:  0, rs1_rdata: 00000000, rs2_addr:  0, rs2_rdata: 00000000, rd_addr:  0, rd_wdata: 00000000, mem_addr: 00000000, mem_rdata: 00000000, mem_wdata: 00000000
ClkCycle:       4380, pc_rdata: 00014506, pc_wdata: 00014508, insn: 001307c4, mode: 3, rs1_addr:  0, rs1_rdata: 00000000, rs2_addr:  0, rs2_rdata: 00000000, rd_addr:  0, rd_wdata: 00000000, mem_addr: 00000000, mem_rdata: 00000000, mem_wdata: 00000000
ClkCycle:       4381, pc_rdata: 00014508, pc_wdata: 0001450a, insn: 001307c4, mode: 3, rs1_addr:  2, rs1_rdata: 00015f0c, rs2_addr:  4, rs2_rdata: 6dfdffff, rd_addr:  9, rd_wdata: 000162d0, mem_addr: 000162d0, mem_rdata: 00000000, mem_wdata: 6dfdffff
ClkCycle:       4382, pc_rdata: 0001450a, pc_wdata: 0001450e, insn: 001307c4, mode: 3, rs1_addr:  0, rs1_rdata: 00000000, rs2_addr:  0, rs2_rdata: 00000000, rd_addr:  0, rd_wdata: 00000000, mem_addr: 00000000, mem_rdata: 00000000, mem_wdata: 00000000
ClkCycle:       4383, pc_rdata: 0001450e, pc_wdata: 00014512, insn: 00130000, mode: 3, rs1_addr:  0, rs1_rdata: 00000000, rs2_addr:  0, rs2_rdata: 00000000, rd_addr:  0, rd_wdata: 00000000, mem_addr: 00000000, mem_rdata: 00000000, mem_wdata: 00000000
ClkCycle:       4384, pc_rdata: 00014512, pc_wdata: 00014516, insn: 00130000, mode: 3, rs1_addr:  0, rs1_rdata: 00000000, rs2_addr:  0, rs2_rdata: 00000000, rd_addr:  0, rd_wdata: 00000000, mem_addr: 00000000, mem_rdata: 00000000, mem_wdata: 00000000
ClkCycle:       4385, pc_rdata: 00014516, pc_wdata: 0001451a, insn: 00130000, mode: 3, rs1_addr:  0, rs1_rdata: 00000000, rs2_addr:  0, rs2_rdata: 00000000, rd_addr:  0, rd_wdata: 00000000, mem_addr: 00000000, mem_rdata: 00000000, mem_wdata: 00000000
ClkCycle:       4386, pc_rdata: 0001451a, pc_wdata: 0001451e, insn: 00130000, mode: 3, rs1_addr:  0, rs1_rdata: 00000000, rs2_addr:  0, rs2_rdata: 00000000, rd_addr:  0, rd_wdata: 00000000, mem_addr: 00000000, mem_rdata: 00000000, mem_wdata: 00000000
ClkCycle:       4387, pc_rdata: 0001451e, pc_wdata: 00014522, insn: 00002117, mode: 3, rs1_addr: 14, rs1_rdata: 00000000, rs2_addr: 17, rs2_rdata: fffeffff, rd_addr:  0, rd_wdata: 00000211, mem_addr: 00000211, mem_rdata: 00000000, mem_wdata: fffeffff
ClkCycle:       4388, pc_rdata: 00014522, pc_wdata: 00014526, insn: 00002117, mode: 3, rs1_addr:  0, rs1_rdata: 00000000, rs2_addr:  0, rs2_rdata: 00000000, rd_addr:  0, rd_wdata: 00000000, mem_addr: 00000000, mem_rdata: 00000000, mem_wdata: 00000000
ClkCycle:       4389, pc_rdata: 00014526, pc_wdata: 00014528, insn: 00000013, mode: 3, rs1_addr:  2, rs1_rdata: 00015f0c, rs2_addr:  0, rs2_rdata: 00000000, rd_addr:  8, rd_wdata: 00015f0c, mem_addr: 00015f0c, mem_rdata: 00000000, mem_wdata: 00000000
ClkCycle:       4390, pc_rdata: 00014528, pc_wdata: 0001452c, insn: 00000013, mode: 3, rs1_addr:  0, rs1_rdata: 00000000, rs2_addr:  0, rs2_rdata: 00000000, rd_addr:  0, rd_wdata: 00000000, mem_addr: 00000000, mem_rdata: 00000000, mem_wdata: 00000000
ClkCycle:       4391, pc_rdata: 0001452c, pc_wdata: 00014530, insn: 00000013, mode: 3, rs1_addr:  0, rs1_rdata: 00000000, rs2_addr:  0, rs2_rdata: 00000000, rd_addr:  0, rd_wdata: 00000000, mem_addr: 00000000, mem_rdata: 00000000, mem_wdata: 00000000
ClkCycle:       4392, pc_rdata: 00014530, pc_wdata: 00014534, insn: 00000013, mode: 3, rs1_addr:  0, rs1_rdata: 00000000, rs2_addr:  0, rs2_rdata: 00000000, rd_addr:  0, rd_wdata: 00000000, mem_addr: 00000000, mem_rdata: 00000000, mem_wdata: 00000000
ClkCycle:       4393, pc_rdata: 00014534, pc_wdata: 00014538, insn: 00000013, mode: 3, rs1_addr:  0, rs1_rdata: 00000000, rs2_addr:  0, rs2_rdata: 00000000, rd_addr:  0, rd_wdata: 00000000, mem_addr: 00000000, mem_rdata: 00000000, mem_wdata: 00000000
ClkCycle:       4394, pc_rdata: 00014538, pc_wdata: 0001453c, insn: 00000013, mode: 3, rs1_addr:  0, rs1_rdata: 00000000, rs2_addr:  0, rs2_rdata: 00000000, rd_addr:  0, rd_wdata: 00000000, mem_addr: 00000000, mem_rdata: 00000000, mem_wdata: 00000000
ClkCycle:       4395, pc_rdata: 0001453c, pc_wdata: 00014540, insn: 00000013, mode: 3, rs1_addr:  0, rs1_rdata: 00000000, rs2_addr:  0, rs2_rdata: 00000000, rd_addr:  0, rd_wdata: 00000000, mem_addr: 00000000, mem_rdata: 00000000, mem_wdata: 00000000
ClkCycle:       4396, pc_rdata: 00014540, pc_wdata: 00014542, insn: 00014ad6, mode: 3, rs1_addr:  2, rs1_rdata: 00015f0c, rs2_addr: 20, rs2_rdata: ffffffff, rd_addr: 21, rd_wdata: 00000000, mem_addr: 00015f60, mem_rdata: 00000000, mem_wdata: ffffffff
ClkCycle:       4397, pc_rdata: 00014542, pc_wdata: 00014546, insn: 00014ad6, mode: 3, rs1_addr:  0, rs1_rdata: 00000000, rs2_addr:  0, rs2_rdata: 00000000, rd_addr:  0, rd_wdata: 00000000, mem_addr: 00000000, mem_rdata: 00000000, mem_wdata: 00000000
ClkCycle:       4398, pc_rdata: 00014546, pc_wdata: 00014548, insn: 00130754, mode: 3, rs1_addr:  0, rs1_rdata: 00000000, rs2_addr:  0, rs2_rdata: 00000000, rd_addr:  0, rd_wdata: 00000000, mem_addr: 00000000, mem_rdata: 00000000, mem_wdata: 00000000
ClkCycle:       4399, pc_rdata: 00014548, pc_wdata: 0001454a, insn: 00130754, mode: 3, rs1_addr:  2, rs1_rdata: 00015f0c, rs2_addr:  4, rs2_rdata: 6dfdffff, rd_addr: 13, rd_wdata: 00016290, mem_addr: 00016290, mem_rdata: 00000000, mem_wdata: 6dfdffff
ClkCycle:       4400, pc_rdata: 0001454a, pc_wdata: 0001454e, insn: 00130754, mode: 3, rs1_addr:  0, rs1_rdata: 00000000, rs2_addr:  0, rs2_rdata: 00000000, rd_addr:  0, rd_wdata: 00000000, mem_addr: 00000000, mem_rdata: 00000000, mem_wdata: 00000000
ClkCycle:       4401, pc_rdata: 0001454e, pc_wdata: 00014552, insn: 00130000, mode: 3, rs1_addr:  0, rs1_rdata: 00000000, rs2_addr:  0, rs2_rdata: 00000000, rd_addr:  0, rd_wdata: 00000000, mem_addr: 00000000, mem_rdata: 00000000, mem_wdata: 00000000
ClkCycle:       4402, pc_rdata: 00014552, pc_wdata: 00014556, insn: 00130000, mode: 3, rs1_addr:  0, rs1_rdata: 00000000, rs2_addr:  0, rs2_rdata: 00000000, rd_addr:  0, rd_wdata: 00000000, mem_addr: 00000000, mem_rdata: 00000000, mem_wdata: 00000000
ClkCycle:       4403, pc_rdata: 00014556, pc_wdata: 0001455a, insn: 00130000, mode: 3, rs1_addr:  0, rs1_rdata: 00000000, rs2_addr:  0, rs2_rdata: 00000000, rd_addr:  0, rd_wdata: 00000000, mem_addr: 00000000, mem_rdata: 00000000, mem_wdata: 00000000
ClkCycle:       4404, pc_rdata: 0001455a, pc_wdata: 0001455e, insn: 00130000, mode: 3, rs1_addr:  0, rs1_rdata: 00000000, rs2_addr:  0, rs2_rdata: 00000000, rd_addr:  0, rd_wdata: 00000000, mem_addr: 00000000, mem_rdata: 00000000, mem_wdata: 00000000
ClkCycle:       4405, pc_rdata: 0001455e, pc_wdata: 00014562, insn: 00002117, mode: 3, rs1_addr: 14, rs1_rdata: 00000000, rs2_addr: 17, rs2_rdata: fffeffff, rd_addr:  0, rd_wdata: 00000211, mem_addr: 00000211, mem_rdata: 00000000, mem_wdata: fffeffff
ClkCycle:       4406, pc_rdata: 00014562, pc_wdata: 00014566, insn: 00002117, mode: 3, rs1_addr:  0, rs1_rdata: 00000000, rs2_addr:  0, rs2_rdata: 00000000, rd_addr:  0, rd_wdata: 00000000, mem_addr: 00000000, mem_rdata: 00000000, mem_wdata: 00000000
ClkCycle:       4407, pc_rdata: 00014566, pc_wdata: 00014568, insn: 00000013, mode: 3, rs1_addr:  2, rs1_rdata: 00015f0c, rs2_addr:  0, rs2_rdata: 00000000, rd_addr:  8, rd_wdata: 00015f0c, mem_addr: 00015f0c, mem_rdata: 00000000, mem_wdata: 00000000
ClkCycle:       4408, pc_rdata: 00014568, pc_wdata: 0001456c, insn: 00000013, mode: 3, rs1_addr:  0, rs1_rdata: 00000000, rs2_addr:  0, rs2_rdata: 00000000, rd_addr:  0, rd_wdata: 00000000, mem_addr: 00000000, mem_rdata: 00000000, mem_wdata: 00000000
ClkCycle:       4409, pc_rdata: 0001456c, pc_wdata: 00014570, insn: 00000013, mode: 3, rs1_addr:  0, rs1_rdata: 00000000, rs2_addr:  0, rs2_rdata: 00000000, rd_addr:  0, rd_wdata: 00000000, mem_addr: 00000000, mem_rdata: 00000000, mem_wdata: 00000000
ClkCycle:       4410, pc_rdata: 00014570, pc_wdata: 00014574, insn: 00000013, mode: 3, rs1_addr:  0, rs1_rdata: 00000000, rs2_addr:  0, rs2_rdata: 00000000, rd_addr:  0, rd_wdata: 00000000, mem_addr: 00000000, mem_rdata: 00000000, mem_wdata: 00000000
ClkCycle:       4411, pc_rdata: 00014574, pc_wdata: 00014578, insn: 00000013, mode: 3, rs1_addr:  0, rs1_rdata: 00000000, rs2_addr:  0, rs2_rdata: 00000000, rd_addr:  0, rd_wdata: 00000000, mem_addr: 00000000, mem_rdata: 00000000, mem_wdata: 00000000
ClkCycle:       4412, pc_rdata: 00014578, pc_wdata: 0001457c, insn: 00000013, mode: 3, rs1_addr:  0, rs1_rdata: 00000000, rs2_addr:  0, rs2_rdata: 00000000, rd_addr:  0, rd_wdata: 00000000, mem_addr: 00000000, mem_rdata: 00000000, mem_wdata: 00000000
ClkCycle:       4413, pc_rdata: 0001457c, pc_wdata: 00014580, insn: 00000013, mode: 3, rs1_addr:  0, rs1_rdata: 00000000, rs2_addr:  0, rs2_rdata: 00000000, rd_addr:  0, rd_wdata: 00000000, mem_addr: 00000000, mem_rdata: 00000000, mem_wdata: 00000000
ClkCycle:       4414, pc_rdata: 00014580, pc_wdata: 00014582, insn: 00015f2a, mode: 3, rs1_addr:  2, rs1_rdata: 00015f0c, rs2_addr:  8, rs2_rdata: 00015f0c, rd_addr: 30, rd_wdata: 00000000, mem_addr: 00015fb4, mem_rdata: 00000000, mem_wdata: 00015f0c
ClkCycle:       4415, pc_rdata: 00014582, pc_wdata: 00014586, insn: 00015f2a, mode: 3, rs1_addr:  0, rs1_rdata: 00000000, rs2_addr:  0, rs2_rdata: 00000000, rd_addr:  0, rd_wdata: 00000000, mem_addr: 00000000, mem_rdata: 00000000, mem_wdata: 00000000
ClkCycle:       4416, pc_rdata: 00014586, pc_wdata: 00014588, insn: 001307e4, mode: 3, rs1_addr:  0, rs1_rdata: 00000000, rs2_addr:  0, rs2_rdata: 00000000, rd_addr:  0, rd_wdata: 00000000, mem_addr: 00000000, mem_rdata: 00000000, mem_wdata: 00000000
ClkCycle:       4417, pc_rdata: 00014588, pc_wdata: 0001458a, insn: 001307e4, mode: 3, rs1_addr:  2, rs1_rdata: 00015f0c, rs2_addr: 12, rs2_rdata: 00000000, rd_addr:  9, rd_wdata: 000162d8, mem_addr: 000162d8, mem_rdata: 00000000, mem_wdata: 00000000
ClkCycle:       4418, pc_rdata: 0001458a, pc_wdata: 0001458e, insn: 001307e4, mode: 3, rs1_addr:  0, rs1_rdata: 00000000, rs2_addr:  0, rs2_rdata: 00000000, rd_addr:  0, rd_wdata: 00000000, mem_addr: 00000000, mem_rdata: 00000000, mem_wdata: 00000000
ClkCycle:       4419, pc_rdata: 0001458e, pc_wdata: 00014592, insn: 00130000, mode: 3, rs1_addr:  0, rs1_rdata: 00000000, rs2_addr:  0, rs2_rdata: 00000000, rd_addr:  0, rd_wdata: 00000000, mem_addr: 00000000, mem_rdata: 00000000, mem_wdata: 00000000
ClkCycle:       4420, pc_rdata: 00014592, pc_wdata: 00014596, insn: 00130000, mode: 3, rs1_addr:  0, rs1_rdata: 00000000, rs2_addr:  0, rs2_rdata: 00000000, rd_addr:  0, rd_wdata: 00000000, mem_addr: 00000000, mem_rdata: 00000000, mem_wdata: 00000000
ClkCycle:       4421, pc_rdata: 00014596, pc_wdata: 0001459a, insn: 00130000, mode: 3, rs1_addr:  0, rs1_rdata: 00000000, rs2_addr:  0, rs2_rdata: 00000000, rd_addr:  0, rd_wdata: 00000000, mem_addr: 00000000, mem_rdata: 00000000, mem_wdata: 00000000
ClkCycle:       4422, pc_rdata: 0001459a, pc_wdata: 0001459e, insn: 00130000, mode: 3, rs1_addr:  0, rs1_rdata: 00000000, rs2_addr:  0, rs2_rdata: 00000000, rd_addr:  0, rd_wdata: 00000000, mem_addr: 00000000, mem_rdata: 00000000, mem_wdata: 00000000
ClkCycle:       4423, pc_rdata: 0001459e, pc_wdata: 000145a2, insn: 00002117, mode: 3, rs1_addr: 14, rs1_rdata: 00000000, rs2_addr: 17, rs2_rdata: fffeffff, rd_addr:  0, rd_wdata: 00000211, mem_addr: 00000211, mem_rdata: 00000000, mem_wdata: fffeffff
ClkCycle:       4424, pc_rdata: 000145a2, pc_wdata: 000145a6, insn: 00002117, mode: 3, rs1_addr:  0, rs1_rdata: 00000000, rs2_addr:  0, rs2_rdata: 00000000, rd_addr:  0, rd_wdata: 00000000, mem_addr: 00000000, mem_rdata: 00000000, mem_wdata: 00000000
ClkCycle:       4425, pc_rdata: 000145a6, pc_wdata: 000145a8, insn: 00000013, mode: 3, rs1_addr:  2, rs1_rdata: 00015f0c, rs2_addr:  0, rs2_rdata: 00000000, rd_addr:  8, rd_wdata: 00015f0c, mem_addr: 00015f0c, mem_rdata: 00000000, mem_wdata: 00000000
ClkCycle:       4426, pc_rdata: 000145a8, pc_wdata: 000145ac, insn: 00000013, mode: 3, rs1_addr:  0, rs1_rdata: 00000000, rs2_addr:  0, rs2_rdata: 00000000, rd_addr:  0, rd_wdata: 00000000, mem_addr: 00000000, mem_rdata: 00000000, mem_wdata: 00000000
ClkCycle:       4427, pc_rdata: 000145ac, pc_wdata: 000145b0, insn: 00000013, mode: 3, rs1_addr:  0, rs1_rdata: 00000000, rs2_addr:  0, rs2_rdata: 00000000, rd_addr:  0, rd_wdata: 00000000, mem_addr: 00000000, mem_rdata: 00000000, mem_wdata: 00000000
ClkCycle:       4428, pc_rdata: 000145b0, pc_wdata: 000145b4, insn: 00000013, mode: 3, rs1_addr:  0, rs1_rdata: 00000000, rs2_addr:  0, rs2_rdata: 00000000, rd_addr:  0, rd_wdata: 00000000, mem_addr: 00000000, mem_rdata: 00000000, mem_wdata: 00000000
ClkCycle:       4429, pc_rdata: 000145b4, pc_wdata: 000145b8, insn: 00000013, mode: 3, rs1_addr:  0, rs1_rdata: 00000000, rs2_addr:  0, rs2_rdata: 00000000, rd_addr:  0, rd_wdata: 00000000, mem_addr: 00000000, mem_rdata: 00000000, mem_wdata: 00000000
ClkCycle:       4430, pc_rdata: 000145b8, pc_wdata: 000145bc, insn: 00000013, mode: 3, rs1_addr:  0, rs1_rdata: 00000000, rs2_addr:  0, rs2_rdata: 00000000, rd_addr:  0, rd_wdata: 00000000, mem_addr: 00000000, mem_rdata: 00000000, mem_wdata: 00000000
ClkCycle:       4431, pc_rdata: 000145bc, pc_wdata: 000145c0, insn: 00000013, mode: 3, rs1_addr:  0, rs1_rdata: 00000000, rs2_addr:  0, rs2_rdata: 00000000, rd_addr:  0, rd_wdata: 00000000, mem_addr: 00000000, mem_rdata: 00000000, mem_wdata: 00000000
ClkCycle:       4432, pc_rdata: 000145c0, pc_wdata: 000145c2, insn: 00014702, mode: 3, rs1_addr:  2, rs1_rdata: 00015f0c, rs2_addr:  0, rs2_rdata: 00000000, rd_addr: 14, rd_wdata: 00000000, mem_addr: 00015f0c, mem_rdata: 00000000, mem_wdata: 00000000
ClkCycle:       4433, pc_rdata: 000145c2, pc_wdata: 000145c6, insn: 00014702, mode: 3, rs1_addr:  0, rs1_rdata: 00000000, rs2_addr:  0, rs2_rdata: 00000000, rd_addr:  0, rd_wdata: 00000000, mem_addr: 00000000, mem_rdata: 00000000, mem_wdata: 00000000
ClkCycle:       4434, pc_rdata: 000145c6, pc_wdata: 000145c8, insn: 00000013, mode: 3, rs1_addr:  0, rs1_rdata: 00000000, rs2_addr:  0, rs2_rdata: 00000000, rd_addr:  0, rd_wdata: 00000000, mem_addr: 00000000, mem_rdata: 00000000, mem_wdata: 00000000
ClkCycle:       4435, pc_rdata: 000145c8, pc_wdata: 000145cc, insn: 00000013, mode: 3, rs1_addr:  0, rs1_rdata: 00000000, rs2_addr:  0, rs2_rdata: 00000000, rd_addr:  0, rd_wdata: 00000000, mem_addr: 00000000, mem_rdata: 00000000, mem_wdata: 00000000
ClkCycle:       4436, pc_rdata: 000145cc, pc_wdata: 000145d0, insn: 00000013, mode: 3, rs1_addr:  0, rs1_rdata: 00000000, rs2_addr:  0, rs2_rdata: 00000000, rd_addr:  0, rd_wdata: 00000000, mem_addr: 00000000, mem_rdata: 00000000, mem_wdata: 00000000
ClkCycle:       4437, pc_rdata: 000145d0, pc_wdata: 000145d4, insn: 00000013, mode: 3, rs1_addr:  0, rs1_rdata: 00000000, rs2_addr:  0, rs2_rdata: 00000000, rd_addr:  0, rd_wdata: 00000000, mem_addr: 00000000, mem_rdata: 00000000, mem_wdata: 00000000
ClkCycle:       4438, pc_rdata: 000145d4, pc_wdata: 000145d8, insn: 00000013, mode: 3, rs1_addr:  0, rs1_rdata: 00000000, rs2_addr:  0, rs2_rdata: 00000000, rd_addr:  0, rd_wdata: 00000000, mem_addr: 00000000, mem_rdata: 00000000, mem_wdata: 00000000
ClkCycle:       4439, pc_rdata: 000145d8, pc_wdata: 000145dc, insn: 00000013, mode: 3, rs1_addr:  0, rs1_rdata: 00000000, rs2_addr:  0, rs2_rdata: 00000000, rd_addr:  0, rd_wdata: 00000000, mem_addr: 00000000, mem_rdata: 00000000, mem_wdata: 00000000
ClkCycle:       4440, pc_rdata: 000145dc, pc_wdata: 000145e0, insn: 00000013, mode: 3, rs1_addr:  0, rs1_rdata: 00000000, rs2_addr:  0, rs2_rdata: 00000000, rd_addr:  0, rd_wdata: 00000000, mem_addr: 00000000, mem_rdata: 00000000, mem_wdata: 00000000
ClkCycle:       4441, pc_rdata: 000145e0, pc_wdata: 000145e4, insn: 00002117, mode: 3, rs1_addr:  0, rs1_rdata: 00000000, rs2_addr:  0, rs2_rdata: 00000000, rd_addr:  2, rd_wdata: 000165e0, mem_addr: 000165e0, mem_rdata: 00000000, mem_wdata: 00000000
ClkCycle:       4442, pc_rdata: 000145e4, pc_wdata: 000145e8, insn: a2010113, mode: 3, rs1_addr:  2, rs1_rdata: 00015f0c, rs2_addr:  0, rs2_rdata: 00000000, rd_addr:  2, rd_wdata: 00016000, mem_addr: 00016000, mem_rdata: 00000000, mem_wdata: 00000000
ClkCycle:       4443, pc_rdata: 000145e8, pc_wdata: 000145ec, insn: 00000013, mode: 3, rs1_addr:  0, rs1_rdata: 00000000, rs2_addr:  0, rs2_rdata: 00000000, rd_addr:  0, rd_wdata: 00000000, mem_addr: 00000000, mem_rdata: 00000000, mem_wdata: 00000000
ClkCycle:       4444, pc_rdata: 000145ec, pc_wdata: 000145f0, insn: 00000013, mode: 3, rs1_addr:  0, rs1_rdata: 00000000, rs2_addr:  0, rs2_rdata: 00000000, rd_addr:  0, rd_wdata: 00000000, mem_addr: 00000000, mem_rdata: 00000000, mem_wdata: 00000000
ClkCycle:       4445, pc_rdata: 000145f0, pc_wdata: 000145f4, insn: 00000013, mode: 3, rs1_addr:  0, rs1_rdata: 00000000, rs2_addr:  0, rs2_rdata: 00000000, rd_addr:  0, rd_wdata: 00000000, mem_addr: 00000000, mem_rdata: 00000000, mem_wdata: 00000000
ClkCycle:       4446, pc_rdata: 000145f4, pc_wdata: 000145f8, insn: 00000013, mode: 3, rs1_addr:  0, rs1_rdata: 00000000, rs2_addr:  0, rs2_rdata: 00000000, rd_addr:  0, rd_wdata: 00000000, mem_addr: 00000000, mem_rdata: 00000000, mem_wdata: 00000000
ClkCycle:       4447, pc_rdata: 000145f8, pc_wdata: 000145fc, insn: 00000013, mode: 3, rs1_addr:  0, rs1_rdata: 00000000, rs2_addr:  0, rs2_rdata: 00000000, rd_addr:  0, rd_wdata: 00000000, mem_addr: 00000000, mem_rdata: 00000000, mem_wdata: 00000000
ClkCycle:       4448, pc_rdata: 000145fc, pc_wdata: 00014600, insn: 00000013, mode: 3, rs1_addr:  0, rs1_rdata: 00000000, rs2_addr:  0, rs2_rdata: 00000000, rd_addr:  0, rd_wdata: 00000000, mem_addr: 00000000, mem_rdata: 00000000, mem_wdata: 00000000
ClkCycle:       4449, pc_rdata: 00014600, pc_wdata: 00014602, insn: 00014682, mode: 3, rs1_addr:  2, rs1_rdata: 00016000, rs2_addr:  0, rs2_rdata: 00000000, rd_addr: 13, rd_wdata: 00000000, mem_addr: 00016000, mem_rdata: 00000000, mem_wdata: 00000000
ClkCycle:       4450, pc_rdata: 00014602, pc_wdata: 00014606, insn: 00014682, mode: 3, rs1_addr:  0, rs1_rdata: 00000000, rs2_addr:  0, rs2_rdata: 00000000, rd_addr:  0, rd_wdata: 00000000, mem_addr: 00000000, mem_rdata: 00000000, mem_wdata: 00000000
ClkCycle:       4451, pc_rdata: 00014606, pc_wdata: 00014608, insn: 00000013, mode: 3, rs1_addr:  0, rs1_rdata: 00000000, rs2_addr:  0, rs2_rdata: 00000000, rd_addr:  0, rd_wdata: 00000000, mem_addr: 00000000, mem_rdata: 00000000, mem_wdata: 00000000
ClkCycle:       4452, pc_rdata: 00014608, pc_wdata: 0001460c, insn: 00000013, mode: 3, rs1_addr:  0, rs1_rdata: 00000000, rs2_addr:  0, rs2_rdata: 00000000, rd_addr:  0, rd_wdata: 00000000, mem_addr: 00000000, mem_rdata: 00000000, mem_wdata: 00000000
ClkCycle:       4453, pc_rdata: 0001460c, pc_wdata: 00014610, insn: 00000013, mode: 3, rs1_addr:  0, rs1_rdata: 00000000, rs2_addr:  0, rs2_rdata: 00000000, rd_addr:  0, rd_wdata: 00000000, mem_addr: 00000000, mem_rdata: 00000000, mem_wdata: 00000000
ClkCycle:       4454, pc_rdata: 00014610, pc_wdata: 00014614, insn: 00000013, mode: 3, rs1_addr:  0, rs1_rdata: 00000000, rs2_addr:  0, rs2_rdata: 00000000, rd_addr:  0, rd_wdata: 00000000, mem_addr: 00000000, mem_rdata: 00000000, mem_wdata: 00000000
ClkCycle:       4455, pc_rdata: 00014614, pc_wdata: 00014618, insn: 00000013, mode: 3, rs1_addr:  0, rs1_rdata: 00000000, rs2_addr:  0, rs2_rdata: 00000000, rd_addr:  0, rd_wdata: 00000000, mem_addr: 00000000, mem_rdata: 00000000, mem_wdata: 00000000
ClkCycle:       4456, pc_rdata: 00014618, pc_wdata: 0001461c, insn: 00000013, mode: 3, rs1_addr:  0, rs1_rdata: 00000000, rs2_addr:  0, rs2_rdata: 00000000, rd_addr:  0, rd_wdata: 00000000, mem_addr: 00000000, mem_rdata: 00000000, mem_wdata: 00000000
ClkCycle:       4457, pc_rdata: 0001461c, pc_wdata: 00014620, insn: 00000013, mode: 3, rs1_addr:  0, rs1_rdata: 00000000, rs2_addr:  0, rs2_rdata: 00000000, rd_addr:  0, rd_wdata: 00000000, mem_addr: 00000000, mem_rdata: 00000000, mem_wdata: 00000000
ClkCycle:       4458, pc_rdata: 00014620, pc_wdata: 00014624, insn: 00002117, mode: 3, rs1_addr:  0, rs1_rdata: 00000000, rs2_addr:  0, rs2_rdata: 00000000, rd_addr:  2, rd_wdata: 00016620, mem_addr: 00016620, mem_rdata: 00000000, mem_wdata: 00000000
ClkCycle:       4459, pc_rdata: 00014624, pc_wdata: 00014628, insn: 9e010113, mode: 3, rs1_addr:  2, rs1_rdata: 00016000, rs2_addr:  0, rs2_rdata: 00000000, rd_addr:  2, rd_wdata: 00016000, mem_addr: 00016000, mem_rdata: 00000000, mem_wdata: 00000000
ClkCycle:       4460, pc_rdata: 00014628, pc_wdata: 0001462c, insn: 00000013, mode: 3, rs1_addr:  0, rs1_rdata: 00000000, rs2_addr:  0, rs2_rdata: 00000000, rd_addr:  0, rd_wdata: 00000000, mem_addr: 00000000, mem_rdata: 00000000, mem_wdata: 00000000
ClkCycle:       4461, pc_rdata: 0001462c, pc_wdata: 00014630, insn: 00000013, mode: 3, rs1_addr:  0, rs1_rdata: 00000000, rs2_addr:  0, rs2_rdata: 00000000, rd_addr:  0, rd_wdata: 00000000, mem_addr: 00000000, mem_rdata: 00000000, mem_wdata: 00000000
ClkCycle:       4462, pc_rdata: 00014630, pc_wdata: 00014634, insn: 00000013, mode: 3, rs1_addr:  0, rs1_rdata: 00000000, rs2_addr:  0, rs2_rdata: 00000000, rd_addr:  0, rd_wdata: 00000000, mem_addr: 00000000, mem_rdata: 00000000, mem_wdata: 00000000
ClkCycle:       4463, pc_rdata: 00014634, pc_wdata: 00014638, insn: 00000013, mode: 3, rs1_addr:  0, rs1_rdata: 00000000, rs2_addr:  0, rs2_rdata: 00000000, rd_addr:  0, rd_wdata: 00000000, mem_addr: 00000000, mem_rdata: 00000000, mem_wdata: 00000000
ClkCycle:       4464, pc_rdata: 00014638, pc_wdata: 0001463c, insn: 00000013, mode: 3, rs1_addr:  0, rs1_rdata: 00000000, rs2_addr:  0, rs2_rdata: 00000000, rd_addr:  0, rd_wdata: 00000000, mem_addr: 00000000, mem_rdata: 00000000, mem_wdata: 00000000
ClkCycle:       4465, pc_rdata: 0001463c, pc_wdata: 00014640, insn: 00000013, mode: 3, rs1_addr:  0, rs1_rdata: 00000000, rs2_addr:  0, rs2_rdata: 00000000, rd_addr:  0, rd_wdata: 00000000, mem_addr: 00000000, mem_rdata: 00000000, mem_wdata: 00000000
ClkCycle:       4466, pc_rdata: 00014640, pc_wdata: 00014642, insn: 00014a02, mode: 3, rs1_addr:  2, rs1_rdata: 00016000, rs2_addr:  0, rs2_rdata: 00000000, rd_addr: 20, rd_wdata: 00000000, mem_addr: 00016000, mem_rdata: 00000000, mem_wdata: 00000000
ClkCycle:       4467, pc_rdata: 00014642, pc_wdata: 00014646, insn: 00014a02, mode: 3, rs1_addr:  0, rs1_rdata: 00000000, rs2_addr:  0, rs2_rdata: 00000000, rd_addr:  0, rd_wdata: 00000000, mem_addr: 00000000, mem_rdata: 00000000, mem_wdata: 00000000
ClkCycle:       4468, pc_rdata: 00014646, pc_wdata: 00014648, insn: 00130944, mode: 3, rs1_addr:  0, rs1_rdata: 00000000, rs2_addr:  0, rs2_rdata: 00000000, rd_addr:  0, rd_wdata: 00000000, mem_addr: 00000000, mem_rdata: 00000000, mem_wdata: 00000000
ClkCycle:       4469, pc_rdata: 00014648, pc_wdata: 0001464a, insn: 00130944, mode: 3, rs1_addr:  2, rs1_rdata: 00016000, rs2_addr: 20, rs2_rdata: 00000000, rd_addr:  9, rd_wdata: 00016094, mem_addr: 00016094, mem_rdata: 00000000, mem_wdata: 00000000
ClkCycle:       4470, pc_rdata: 0001464a, pc_wdata: 0001464e, insn: 00130944, mode: 3, rs1_addr:  0, rs1_rdata: 00000000, rs2_addr:  0, rs2_rdata: 00000000, rd_addr:  0, rd_wdata: 00000000, mem_addr: 00000000, mem_rdata: 00000000, mem_wdata: 00000000
ClkCycle:       4471, pc_rdata: 0001464e, pc_wdata: 00014652, insn: 00130000, mode: 3, rs1_addr:  0, rs1_rdata: 00000000, rs2_addr:  0, rs2_rdata: 00000000, rd_addr:  0, rd_wdata: 00000000, mem_addr: 00000000, mem_rdata: 00000000, mem_wdata: 00000000
ClkCycle:       4472, pc_rdata: 00014652, pc_wdata: 00014656, insn: 00130000, mode: 3, rs1_addr:  0, rs1_rdata: 00000000, rs2_addr:  0, rs2_rdata: 00000000, rd_addr:  0, rd_wdata: 00000000, mem_addr: 00000000, mem_rdata: 00000000, mem_wdata: 00000000
ClkCycle:       4473, pc_rdata: 00014656, pc_wdata: 0001465a, insn: 00130000, mode: 3, rs1_addr:  0, rs1_rdata: 00000000, rs2_addr:  0, rs2_rdata: 00000000, rd_addr:  0, rd_wdata: 00000000, mem_addr: 00000000, mem_rdata: 00000000, mem_wdata: 00000000
ClkCycle:       4474, pc_rdata: 0001465a, pc_wdata: 0001465e, insn: 00130000, mode: 3, rs1_addr:  0, rs1_rdata: 00000000, rs2_addr:  0, rs2_rdata: 00000000, rd_addr:  0, rd_wdata: 00000000, mem_addr: 00000000, mem_rdata: 00000000, mem_wdata: 00000000
ClkCycle:       4475, pc_rdata: 0001465e, pc_wdata: 00014662, insn: 00002117, mode: 3, rs1_addr: 14, rs1_rdata: 00000000, rs2_addr: 17, rs2_rdata: fffeffff, rd_addr:  0, rd_wdata: 00000211, mem_addr: 00000211, mem_rdata: 00000000, mem_wdata: fffeffff
ClkCycle:       4476, pc_rdata: 00014662, pc_wdata: 00014666, insn: 00002117, mode: 3, rs1_addr:  0, rs1_rdata: 00000000, rs2_addr:  0, rs2_rdata: 00000000, rd_addr:  0, rd_wdata: 00000000, mem_addr: 00000000, mem_rdata: 00000000, mem_wdata: 00000000
ClkCycle:       4477, pc_rdata: 00014666, pc_wdata: 00014668, insn: 00000013, mode: 3, rs1_addr:  2, rs1_rdata: 00016000, rs2_addr:  0, rs2_rdata: 00000000, rd_addr:  8, rd_wdata: 00016000, mem_addr: 00016000, mem_rdata: 00000000, mem_wdata: 00000000
ClkCycle:       4478, pc_rdata: 00014668, pc_wdata: 0001466c, insn: 00000013, mode: 3, rs1_addr:  0, rs1_rdata: 00000000, rs2_addr:  0, rs2_rdata: 00000000, rd_addr:  0, rd_wdata: 00000000, mem_addr: 00000000, mem_rdata: 00000000, mem_wdata: 00000000
ClkCycle:       4479, pc_rdata: 0001466c, pc_wdata: 00014670, insn: 00000013, mode: 3, rs1_addr:  0, rs1_rdata: 00000000, rs2_addr:  0, rs2_rdata: 00000000, rd_addr:  0, rd_wdata: 00000000, mem_addr: 00000000, mem_rdata: 00000000, mem_wdata: 00000000
ClkCycle:       4480, pc_rdata: 00014670, pc_wdata: 00014674, insn: 00000013, mode: 3, rs1_addr:  0, rs1_rdata: 00000000, rs2_addr:  0, rs2_rdata: 00000000, rd_addr:  0, rd_wdata: 00000000, mem_addr: 00000000, mem_rdata: 00000000, mem_wdata: 00000000
ClkCycle:       4481, pc_rdata: 00014674, pc_wdata: 00014678, insn: 00000013, mode: 3, rs1_addr:  0, rs1_rdata: 00000000, rs2_addr:  0, rs2_rdata: 00000000, rd_addr:  0, rd_wdata: 00000000, mem_addr: 00000000, mem_rdata: 00000000, mem_wdata: 00000000
ClkCycle:       4482, pc_rdata: 00014678, pc_wdata: 0001467c, insn: 00000013, mode: 3, rs1_addr:  0, rs1_rdata: 00000000, rs2_addr:  0, rs2_rdata: 00000000, rd_addr:  0, rd_wdata: 00000000, mem_addr: 00000000, mem_rdata: 00000000, mem_wdata: 00000000
ClkCycle:       4483, pc_rdata: 0001467c, pc_wdata: 00014680, insn: 00000013, mode: 3, rs1_addr:  0, rs1_rdata: 00000000, rs2_addr:  0, rs2_rdata: 00000000, rd_addr:  0, rd_wdata: 00000000, mem_addr: 00000000, mem_rdata: 00000000, mem_wdata: 00000000
ClkCycle:       4484, pc_rdata: 00014680, pc_wdata: 00014682, insn: 00014782, mode: 3, rs1_addr:  2, rs1_rdata: 00016000, rs2_addr:  0, rs2_rdata: 00000000, rd_addr: 15, rd_wdata: 00000000, mem_addr: 00016000, mem_rdata: 00000000, mem_wdata: 00000000
ClkCycle:       4485, pc_rdata: 00014682, pc_wdata: 00014686, insn: 00014782, mode: 3, rs1_addr:  0, rs1_rdata: 00000000, rs2_addr:  0, rs2_rdata: 00000000, rd_addr:  0, rd_wdata: 00000000, mem_addr: 00000000, mem_rdata: 00000000, mem_wdata: 00000000
ClkCycle:       4486, pc_rdata: 00014686, pc_wdata: 00014688, insn: 00000013, mode: 3, rs1_addr:  0, rs1_rdata: 00000000, rs2_addr:  0, rs2_rdata: 00000000, rd_addr:  0, rd_wdata: 00000000, mem_addr: 00000000, mem_rdata: 00000000, mem_wdata: 00000000
ClkCycle:       4487, pc_rdata: 00014688, pc_wdata: 0001468c, insn: 00000013, mode: 3, rs1_addr:  0, rs1_rdata: 00000000, rs2_addr:  0, rs2_rdata: 00000000, rd_addr:  0, rd_wdata: 00000000, mem_addr: 00000000, mem_rdata: 00000000, mem_wdata: 00000000
ClkCycle:       4488, pc_rdata: 0001468c, pc_wdata: 00014690, insn: 00000013, mode: 3, rs1_addr:  0, rs1_rdata: 00000000, rs2_addr:  0, rs2_rdata: 00000000, rd_addr:  0, rd_wdata: 00000000, mem_addr: 00000000, mem_rdata: 00000000, mem_wdata: 00000000
ClkCycle:       4489, pc_rdata: 00014690, pc_wdata: 00014694, insn: 00000013, mode: 3, rs1_addr:  0, rs1_rdata: 00000000, rs2_addr:  0, rs2_rdata: 00000000, rd_addr:  0, rd_wdata: 00000000, mem_addr: 00000000, mem_rdata: 00000000, mem_wdata: 00000000
ClkCycle:       4490, pc_rdata: 00014694, pc_wdata: 00014698, insn: 00000013, mode: 3, rs1_addr:  0, rs1_rdata: 00000000, rs2_addr:  0, rs2_rdata: 00000000, rd_addr:  0, rd_wdata: 00000000, mem_addr: 00000000, mem_rdata: 00000000, mem_wdata: 00000000
ClkCycle:       4491, pc_rdata: 00014698, pc_wdata: 0001469c, insn: 00000013, mode: 3, rs1_addr:  0, rs1_rdata: 00000000, rs2_addr:  0, rs2_rdata: 00000000, rd_addr:  0, rd_wdata: 00000000, mem_addr: 00000000, mem_rdata: 00000000, mem_wdata: 00000000
ClkCycle:       4492, pc_rdata: 0001469c, pc_wdata: 000146a0, insn: 00000013, mode: 3, rs1_addr:  0, rs1_rdata: 00000000, rs2_addr:  0, rs2_rdata: 00000000, rd_addr:  0, rd_wdata: 00000000, mem_addr: 00000000, mem_rdata: 00000000, mem_wdata: 00000000
ClkCycle:       4493, pc_rdata: 000146a0, pc_wdata: 000146a4, insn: 00002117, mode: 3, rs1_addr:  0, rs1_rdata: 00000000, rs2_addr:  0, rs2_rdata: 00000000, rd_addr:  2, rd_wdata: 000166a0, mem_addr: 000166a0, mem_rdata: 00000000, mem_wdata: 00000000
ClkCycle:       4494, pc_rdata: 000146a4, pc_wdata: 000146a8, insn: 96010113, mode: 3, rs1_addr:  2, rs1_rdata: 00016000, rs2_addr:  0, rs2_rdata: 00000000, rd_addr:  2, rd_wdata: 00016000, mem_addr: 00016000, mem_rdata: 00000000, mem_wdata: 00000000
ClkCycle:       4495, pc_rdata: 000146a8, pc_wdata: 000146ac, insn: 00000013, mode: 3, rs1_addr:  0, rs1_rdata: 00000000, rs2_addr:  0, rs2_rdata: 00000000, rd_addr:  0, rd_wdata: 00000000, mem_addr: 00000000, mem_rdata: 00000000, mem_wdata: 00000000
ClkCycle:       4496, pc_rdata: 000146ac, pc_wdata: 000146b0, insn: 00000013, mode: 3, rs1_addr:  0, rs1_rdata: 00000000, rs2_addr:  0, rs2_rdata: 00000000, rd_addr:  0, rd_wdata: 00000000, mem_addr: 00000000, mem_rdata: 00000000, mem_wdata: 00000000
ClkCycle:       4497, pc_rdata: 000146b0, pc_wdata: 000146b4, insn: 00000013, mode: 3, rs1_addr:  0, rs1_rdata: 00000000, rs2_addr:  0, rs2_rdata: 00000000, rd_addr:  0, rd_wdata: 00000000, mem_addr: 00000000, mem_rdata: 00000000, mem_wdata: 00000000
ClkCycle:       4498, pc_rdata: 000146b4, pc_wdata: 000146b8, insn: 00000013, mode: 3, rs1_addr:  0, rs1_rdata: 00000000, rs2_addr:  0, rs2_rdata: 00000000, rd_addr:  0, rd_wdata: 00000000, mem_addr: 00000000, mem_rdata: 00000000, mem_wdata: 00000000
ClkCycle:       4499, pc_rdata: 000146b8, pc_wdata: 000146bc, insn: 00000013, mode: 3, rs1_addr:  0, rs1_rdata: 00000000, rs2_addr:  0, rs2_rdata: 00000000, rd_addr:  0, rd_wdata: 00000000, mem_addr: 00000000, mem_rdata: 00000000, mem_wdata: 00000000
ClkCycle:       4500, pc_rdata: 000146bc, pc_wdata: 000146c0, insn: 00000013, mode: 3, rs1_addr:  0, rs1_rdata: 00000000, rs2_addr:  0, rs2_rdata: 00000000, rd_addr:  0, rd_wdata: 00000000, mem_addr: 00000000, mem_rdata: 00000000, mem_wdata: 00000000
ClkCycle:       4501, pc_rdata: 000146c0, pc_wdata: 000146c2, insn: 00014482, mode: 3, rs1_addr:  2, rs1_rdata: 00016000, rs2_addr:  0, rs2_rdata: 00000000, rd_addr:  9, rd_wdata: 00000000, mem_addr: 00016000, mem_rdata: 00000000, mem_wdata: 00000000
ClkCycle:       4502, pc_rdata: 000146c2, pc_wdata: 000146c6, insn: 00014482, mode: 3, rs1_addr:  0, rs1_rdata: 00000000, rs2_addr:  0, rs2_rdata: 00000000, rd_addr:  0, rd_wdata: 00000000, mem_addr: 00000000, mem_rdata: 00000000, mem_wdata: 00000000
ClkCycle:       4503, pc_rdata: 000146c6, pc_wdata: 000146c8, insn: 00000013, mode: 3, rs1_addr:  0, rs1_rdata: 00000000, rs2_addr:  0, rs2_rdata: 00000000, rd_addr:  0, rd_wdata: 00000000, mem_addr: 00000000, mem_rdata: 00000000, mem_wdata: 00000000
ClkCycle:       4504, pc_rdata: 000146c8, pc_wdata: 000146cc, insn: 00000013, mode: 3, rs1_addr:  0, rs1_rdata: 00000000, rs2_addr:  0, rs2_rdata: 00000000, rd_addr:  0, rd_wdata: 00000000, mem_addr: 00000000, mem_rdata: 00000000, mem_wdata: 00000000
ClkCycle:       4505, pc_rdata: 000146cc, pc_wdata: 000146d0, insn: 00000013, mode: 3, rs1_addr:  0, rs1_rdata: 00000000, rs2_addr:  0, rs2_rdata: 00000000, rd_addr:  0, rd_wdata: 00000000, mem_addr: 00000000, mem_rdata: 00000000, mem_wdata: 00000000
ClkCycle:       4506, pc_rdata: 000146d0, pc_wdata: 000146d4, insn: 00000013, mode: 3, rs1_addr:  0, rs1_rdata: 00000000, rs2_addr:  0, rs2_rdata: 00000000, rd_addr:  0, rd_wdata: 00000000, mem_addr: 00000000, mem_rdata: 00000000, mem_wdata: 00000000
ClkCycle:       4507, pc_rdata: 000146d4, pc_wdata: 000146d8, insn: 00000013, mode: 3, rs1_addr:  0, rs1_rdata: 00000000, rs2_addr:  0, rs2_rdata: 00000000, rd_addr:  0, rd_wdata: 00000000, mem_addr: 00000000, mem_rdata: 00000000, mem_wdata: 00000000
ClkCycle:       4508, pc_rdata: 000146d8, pc_wdata: 000146dc, insn: 00000013, mode: 3, rs1_addr:  0, rs1_rdata: 00000000, rs2_addr:  0, rs2_rdata: 00000000, rd_addr:  0, rd_wdata: 00000000, mem_addr: 00000000, mem_rdata: 00000000, mem_wdata: 00000000
ClkCycle:       4509, pc_rdata: 000146dc, pc_wdata: 000146e0, insn: 00000013, mode: 3, rs1_addr:  0, rs1_rdata: 00000000, rs2_addr:  0, rs2_rdata: 00000000, rd_addr:  0, rd_wdata: 00000000, mem_addr: 00000000, mem_rdata: 00000000, mem_wdata: 00000000
ClkCycle:       4510, pc_rdata: 000146e0, pc_wdata: 000146e4, insn: 00002117, mode: 3, rs1_addr:  0, rs1_rdata: 00000000, rs2_addr:  0, rs2_rdata: 00000000, rd_addr:  2, rd_wdata: 000166e0, mem_addr: 000166e0, mem_rdata: 00000000, mem_wdata: 00000000
ClkCycle:       4511, pc_rdata: 000146e4, pc_wdata: 000146e8, insn: 92010113, mode: 3, rs1_addr:  2, rs1_rdata: 00016000, rs2_addr:  0, rs2_rdata: 00000000, rd_addr:  2, rd_wdata: 00016000, mem_addr: 00016000, mem_rdata: 00000000, mem_wdata: 00000000
ClkCycle:       4512, pc_rdata: 000146e8, pc_wdata: 000146ec, insn: 00000013, mode: 3, rs1_addr:  0, rs1_rdata: 00000000, rs2_addr:  0, rs2_rdata: 00000000, rd_addr:  0, rd_wdata: 00000000, mem_addr: 00000000, mem_rdata: 00000000, mem_wdata: 00000000
ClkCycle:       4513, pc_rdata: 000146ec, pc_wdata: 000146f0, insn: 00000013, mode: 3, rs1_addr:  0, rs1_rdata: 00000000, rs2_addr:  0, rs2_rdata: 00000000, rd_addr:  0, rd_wdata: 00000000, mem_addr: 00000000, mem_rdata: 00000000, mem_wdata: 00000000
ClkCycle:       4514, pc_rdata: 000146f0, pc_wdata: 000146f4, insn: 00000013, mode: 3, rs1_addr:  0, rs1_rdata: 00000000, rs2_addr:  0, rs2_rdata: 00000000, rd_addr:  0, rd_wdata: 00000000, mem_addr: 00000000, mem_rdata: 00000000, mem_wdata: 00000000
ClkCycle:       4515, pc_rdata: 000146f4, pc_wdata: 000146f8, insn: 00000013, mode: 3, rs1_addr:  0, rs1_rdata: 00000000, rs2_addr:  0, rs2_rdata: 00000000, rd_addr:  0, rd_wdata: 00000000, mem_addr: 00000000, mem_rdata: 00000000, mem_wdata: 00000000
ClkCycle:       4516, pc_rdata: 000146f8, pc_wdata: 000146fc, insn: 00000013, mode: 3, rs1_addr:  0, rs1_rdata: 00000000, rs2_addr:  0, rs2_rdata: 00000000, rd_addr:  0, rd_wdata: 00000000, mem_addr: 00000000, mem_rdata: 00000000, mem_wdata: 00000000
ClkCycle:       4517, pc_rdata: 000146fc, pc_wdata: 00014700, insn: 00000013, mode: 3, rs1_addr:  0, rs1_rdata: 00000000, rs2_addr:  0, rs2_rdata: 00000000, rd_addr:  0, rd_wdata: 00000000, mem_addr: 00000000, mem_rdata: 00000000, mem_wdata: 00000000
ClkCycle:       4518, pc_rdata: 00014700, pc_wdata: 00014702, insn: 00014982, mode: 3, rs1_addr:  2, rs1_rdata: 00016000, rs2_addr:  0, rs2_rdata: 00000000, rd_addr: 19, rd_wdata: 00000000, mem_addr: 00016000, mem_rdata: 00000000, mem_wdata: 00000000
ClkCycle:       4519, pc_rdata: 00014702, pc_wdata: 00014706, insn: 00014982, mode: 3, rs1_addr:  0, rs1_rdata: 00000000, rs2_addr:  0, rs2_rdata: 00000000, rd_addr:  0, rd_wdata: 00000000, mem_addr: 00000000, mem_rdata: 00000000, mem_wdata: 00000000
ClkCycle:       4520, pc_rdata: 00014706, pc_wdata: 00014708, insn: 00130b34, mode: 3, rs1_addr:  0, rs1_rdata: 00000000, rs2_addr:  0, rs2_rdata: 00000000, rd_addr:  0, rd_wdata: 00000000, mem_addr: 00000000, mem_rdata: 00000000, mem_wdata: 00000000
ClkCycle:       4521, pc_rdata: 00014708, pc_wdata: 0001470a, insn: 00130b34, mode: 3, rs1_addr:  2, rs1_rdata: 00016000, rs2_addr: 24, rs2_rdata: 00000000, rd_addr: 13, rd_wdata: 00016198, mem_addr: 00016198, mem_rdata: 00000000, mem_wdata: 00000000
ClkCycle:       4522, pc_rdata: 0001470a, pc_wdata: 0001470e, insn: 00130b34, mode: 3, rs1_addr:  0, rs1_rdata: 00000000, rs2_addr:  0, rs2_rdata: 00000000, rd_addr:  0, rd_wdata: 00000000, mem_addr: 00000000, mem_rdata: 00000000, mem_wdata: 00000000
ClkCycle:       4523, pc_rdata: 0001470e, pc_wdata: 00014712, insn: 00130000, mode: 3, rs1_addr:  0, rs1_rdata: 00000000, rs2_addr:  0, rs2_rdata: 00000000, rd_addr:  0, rd_wdata: 00000000, mem_addr: 00000000, mem_rdata: 00000000, mem_wdata: 00000000
ClkCycle:       4524, pc_rdata: 00014712, pc_wdata: 00014716, insn: 00130000, mode: 3, rs1_addr:  0, rs1_rdata: 00000000, rs2_addr:  0, rs2_rdata: 00000000, rd_addr:  0, rd_wdata: 00000000, mem_addr: 00000000, mem_rdata: 00000000, mem_wdata: 00000000
ClkCycle:       4525, pc_rdata: 00014716, pc_wdata: 0001471a, insn: 00130000, mode: 3, rs1_addr:  0, rs1_rdata: 00000000, rs2_addr:  0, rs2_rdata: 00000000, rd_addr:  0, rd_wdata: 00000000, mem_addr: 00000000, mem_rdata: 00000000, mem_wdata: 00000000
ClkCycle:       4526, pc_rdata: 0001471a, pc_wdata: 0001471e, insn: 00130000, mode: 3, rs1_addr:  0, rs1_rdata: 00000000, rs2_addr:  0, rs2_rdata: 00000000, rd_addr:  0, rd_wdata: 00000000, mem_addr: 00000000, mem_rdata: 00000000, mem_wdata: 00000000
ClkCycle:       4527, pc_rdata: 0001471e, pc_wdata: 00014722, insn: 00002117, mode: 3, rs1_addr: 14, rs1_rdata: 00000000, rs2_addr: 17, rs2_rdata: fffeffff, rd_addr:  0, rd_wdata: 00000211, mem_addr: 00000211, mem_rdata: 00000000, mem_wdata: fffeffff
ClkCycle:       4528, pc_rdata: 00014722, pc_wdata: 00014726, insn: 00002117, mode: 3, rs1_addr:  0, rs1_rdata: 00000000, rs2_addr:  0, rs2_rdata: 00000000, rd_addr:  0, rd_wdata: 00000000, mem_addr: 00000000, mem_rdata: 00000000, mem_wdata: 00000000
ClkCycle:       4529, pc_rdata: 00014726, pc_wdata: 00014728, insn: 00000013, mode: 3, rs1_addr:  2, rs1_rdata: 00016000, rs2_addr:  0, rs2_rdata: 00000000, rd_addr:  8, rd_wdata: 00016000, mem_addr: 00016000, mem_rdata: 00000000, mem_wdata: 00000000
ClkCycle:       4530, pc_rdata: 00014728, pc_wdata: 0001472c, insn: 00000013, mode: 3, rs1_addr:  0, rs1_rdata: 00000000, rs2_addr:  0, rs2_rdata: 00000000, rd_addr:  0, rd_wdata: 00000000, mem_addr: 00000000, mem_rdata: 00000000, mem_wdata: 00000000
ClkCycle:       4531, pc_rdata: 0001472c, pc_wdata: 00014730, insn: 00000013, mode: 3, rs1_addr:  0, rs1_rdata: 00000000, rs2_addr:  0, rs2_rdata: 00000000, rd_addr:  0, rd_wdata: 00000000, mem_addr: 00000000, mem_rdata: 00000000, mem_wdata: 00000000
ClkCycle:       4532, pc_rdata: 00014730, pc_wdata: 00014734, insn: 00000013, mode: 3, rs1_addr:  0, rs1_rdata: 00000000, rs2_addr:  0, rs2_rdata: 00000000, rd_addr:  0, rd_wdata: 00000000, mem_addr: 00000000, mem_rdata: 00000000, mem_wdata: 00000000
ClkCycle:       4533, pc_rdata: 00014734, pc_wdata: 00014738, insn: 00000013, mode: 3, rs1_addr:  0, rs1_rdata: 00000000, rs2_addr:  0, rs2_rdata: 00000000, rd_addr:  0, rd_wdata: 00000000, mem_addr: 00000000, mem_rdata: 00000000, mem_wdata: 00000000
ClkCycle:       4534, pc_rdata: 00014738, pc_wdata: 0001473c, insn: 00000013, mode: 3, rs1_addr:  0, rs1_rdata: 00000000, rs2_addr:  0, rs2_rdata: 00000000, rd_addr:  0, rd_wdata: 00000000, mem_addr: 00000000, mem_rdata: 00000000, mem_wdata: 00000000
ClkCycle:       4535, pc_rdata: 0001473c, pc_wdata: 00014740, insn: 00000013, mode: 3, rs1_addr:  0, rs1_rdata: 00000000, rs2_addr:  0, rs2_rdata: 00000000, rd_addr:  0, rd_wdata: 00000000, mem_addr: 00000000, mem_rdata: 00000000, mem_wdata: 00000000
ClkCycle:       4536, pc_rdata: 00014740, pc_wdata: 00014742, insn: 00014882, mode: 3, rs1_addr:  2, rs1_rdata: 00016000, rs2_addr:  0, rs2_rdata: 00000000, rd_addr: 17, rd_wdata: 00000000, mem_addr: 00016000, mem_rdata: 00000000, mem_wdata: 00000000
ClkCycle:       4537, pc_rdata: 00014742, pc_wdata: 00014746, insn: 00014882, mode: 3, rs1_addr:  0, rs1_rdata: 00000000, rs2_addr:  0, rs2_rdata: 00000000, rd_addr:  0, rd_wdata: 00000000, mem_addr: 00000000, mem_rdata: 00000000, mem_wdata: 00000000
ClkCycle:       4538, pc_rdata: 00014746, pc_wdata: 00014748, insn: 00130b14, mode: 3, rs1_addr:  0, rs1_rdata: 00000000, rs2_addr:  0, rs2_rdata: 00000000, rd_addr:  0, rd_wdata: 00000000, mem_addr: 00000000, mem_rdata: 00000000, mem_wdata: 00000000
ClkCycle:       4539, pc_rdata: 00014748, pc_wdata: 0001474a, insn: 00130b14, mode: 3, rs1_addr:  2, rs1_rdata: 00016000, rs2_addr: 16, rs2_rdata: 00000000, rd_addr: 13, rd_wdata: 00016190, mem_addr: 00016190, mem_rdata: 00000000, mem_wdata: 00000000
ClkCycle:       4540, pc_rdata: 0001474a, pc_wdata: 0001474e, insn: 00130b14, mode: 3, rs1_addr:  0, rs1_rdata: 00000000, rs2_addr:  0, rs2_rdata: 00000000, rd_addr:  0, rd_wdata: 00000000, mem_addr: 00000000, mem_rdata: 00000000, mem_wdata: 00000000
ClkCycle:       4541, pc_rdata: 0001474e, pc_wdata: 00014752, insn: 00130000, mode: 3, rs1_addr:  0, rs1_rdata: 00000000, rs2_addr:  0, rs2_rdata: 00000000, rd_addr:  0, rd_wdata: 00000000, mem_addr: 00000000, mem_rdata: 00000000, mem_wdata: 00000000
ClkCycle:       4542, pc_rdata: 00014752, pc_wdata: 00014756, insn: 00130000, mode: 3, rs1_addr:  0, rs1_rdata: 00000000, rs2_addr:  0, rs2_rdata: 00000000, rd_addr:  0, rd_wdata: 00000000, mem_addr: 00000000, mem_rdata: 00000000, mem_wdata: 00000000
ClkCycle:       4543, pc_rdata: 00014756, pc_wdata: 0001475a, insn: 00130000, mode: 3, rs1_addr:  0, rs1_rdata: 00000000, rs2_addr:  0, rs2_rdata: 00000000, rd_addr:  0, rd_wdata: 00000000, mem_addr: 00000000, mem_rdata: 00000000, mem_wdata: 00000000
ClkCycle:       4544, pc_rdata: 0001475a, pc_wdata: 0001475e, insn: 00130000, mode: 3, rs1_addr:  0, rs1_rdata: 00000000, rs2_addr:  0, rs2_rdata: 00000000, rd_addr:  0, rd_wdata: 00000000, mem_addr: 00000000, mem_rdata: 00000000, mem_wdata: 00000000
ClkCycle:       4545, pc_rdata: 0001475e, pc_wdata: 00014762, insn: 00002117, mode: 3, rs1_addr: 14, rs1_rdata: 00000000, rs2_addr: 17, rs2_rdata: 00000000, rd_addr:  0, rd_wdata: 00000211, mem_addr: 00000211, mem_rdata: 00000000, mem_wdata: 00000000
ClkCycle:       4546, pc_rdata: 00014762, pc_wdata: 00014766, insn: 00002117, mode: 3, rs1_addr:  0, rs1_rdata: 00000000, rs2_addr:  0, rs2_rdata: 00000000, rd_addr:  0, rd_wdata: 00000000, mem_addr: 00000000, mem_rdata: 00000000, mem_wdata: 00000000
ClkCycle:       4547, pc_rdata: 00014766, pc_wdata: 00014768, insn: 00000013, mode: 3, rs1_addr:  2, rs1_rdata: 00016000, rs2_addr:  0, rs2_rdata: 00000000, rd_addr:  8, rd_wdata: 00016000, mem_addr: 00016000, mem_rdata: 00000000, mem_wdata: 00000000
ClkCycle:       4548, pc_rdata: 00014768, pc_wdata: 0001476c, insn: 00000013, mode: 3, rs1_addr:  0, rs1_rdata: 00000000, rs2_addr:  0, rs2_rdata: 00000000, rd_addr:  0, rd_wdata: 00000000, mem_addr: 00000000, mem_rdata: 00000000, mem_wdata: 00000000
ClkCycle:       4549, pc_rdata: 0001476c, pc_wdata: 00014770, insn: 00000013, mode: 3, rs1_addr:  0, rs1_rdata: 00000000, rs2_addr:  0, rs2_rdata: 00000000, rd_addr:  0, rd_wdata: 00000000, mem_addr: 00000000, mem_rdata: 00000000, mem_wdata: 00000000
ClkCycle:       4550, pc_rdata: 00014770, pc_wdata: 00014774, insn: 00000013, mode: 3, rs1_addr:  0, rs1_rdata: 00000000, rs2_addr:  0, rs2_rdata: 00000000, rd_addr:  0, rd_wdata: 00000000, mem_addr: 00000000, mem_rdata: 00000000, mem_wdata: 00000000
ClkCycle:       4551, pc_rdata: 00014774, pc_wdata: 00014778, insn: 00000013, mode: 3, rs1_addr:  0, rs1_rdata: 00000000, rs2_addr:  0, rs2_rdata: 00000000, rd_addr:  0, rd_wdata: 00000000, mem_addr: 00000000, mem_rdata: 00000000, mem_wdata: 00000000
ClkCycle:       4552, pc_rdata: 00014778, pc_wdata: 0001477c, insn: 00000013, mode: 3, rs1_addr:  0, rs1_rdata: 00000000, rs2_addr:  0, rs2_rdata: 00000000, rd_addr:  0, rd_wdata: 00000000, mem_addr: 00000000, mem_rdata: 00000000, mem_wdata: 00000000
ClkCycle:       4553, pc_rdata: 0001477c, pc_wdata: 00014780, insn: 00000013, mode: 3, rs1_addr:  0, rs1_rdata: 00000000, rs2_addr:  0, rs2_rdata: 00000000, rd_addr:  0, rd_wdata: 00000000, mem_addr: 00000000, mem_rdata: 00000000, mem_wdata: 00000000
ClkCycle:       4554, pc_rdata: 00014780, pc_wdata: 00014782, insn: 00014582, mode: 3, rs1_addr:  2, rs1_rdata: 00016000, rs2_addr:  0, rs2_rdata: 00000000, rd_addr: 11, rd_wdata: 00000000, mem_addr: 00016000, mem_rdata: 00000000, mem_wdata: 00000000
ClkCycle:       4555, pc_rdata: 00014782, pc_wdata: 00014786, insn: 00014582, mode: 3, rs1_addr:  0, rs1_rdata: 00000000, rs2_addr:  0, rs2_rdata: 00000000, rd_addr:  0, rd_wdata: 00000000, mem_addr: 00000000, mem_rdata: 00000000, mem_wdata: 00000000
ClkCycle:       4556, pc_rdata: 00014786, pc_wdata: 00014788, insn: 00000013, mode: 3, rs1_addr:  0, rs1_rdata: 00000000, rs2_addr:  0, rs2_rdata: 00000000, rd_addr:  0, rd_wdata: 00000000, mem_addr: 00000000, mem_rdata: 00000000, mem_wdata: 00000000
ClkCycle:       4557, pc_rdata: 00014788, pc_wdata: 0001478c, insn: 00000013, mode: 3, rs1_addr:  0, rs1_rdata: 00000000, rs2_addr:  0, rs2_rdata: 00000000, rd_addr:  0, rd_wdata: 00000000, mem_addr: 00000000, mem_rdata: 00000000, mem_wdata: 00000000
ClkCycle:       4558, pc_rdata: 0001478c, pc_wdata: 00014790, insn: 00000013, mode: 3, rs1_addr:  0, rs1_rdata: 00000000, rs2_addr:  0, rs2_rdata: 00000000, rd_addr:  0, rd_wdata: 00000000, mem_addr: 00000000, mem_rdata: 00000000, mem_wdata: 00000000
ClkCycle:       4559, pc_rdata: 00014790, pc_wdata: 00014794, insn: 00000013, mode: 3, rs1_addr:  0, rs1_rdata: 00000000, rs2_addr:  0, rs2_rdata: 00000000, rd_addr:  0, rd_wdata: 00000000, mem_addr: 00000000, mem_rdata: 00000000, mem_wdata: 00000000
ClkCycle:       4560, pc_rdata: 00014794, pc_wdata: 00014798, insn: 00000013, mode: 3, rs1_addr:  0, rs1_rdata: 00000000, rs2_addr:  0, rs2_rdata: 00000000, rd_addr:  0, rd_wdata: 00000000, mem_addr: 00000000, mem_rdata: 00000000, mem_wdata: 00000000
ClkCycle:       4561, pc_rdata: 00014798, pc_wdata: 0001479c, insn: 00000013, mode: 3, rs1_addr:  0, rs1_rdata: 00000000, rs2_addr:  0, rs2_rdata: 00000000, rd_addr:  0, rd_wdata: 00000000, mem_addr: 00000000, mem_rdata: 00000000, mem_wdata: 00000000
ClkCycle:       4562, pc_rdata: 0001479c, pc_wdata: 000147a0, insn: 00000013, mode: 3, rs1_addr:  0, rs1_rdata: 00000000, rs2_addr:  0, rs2_rdata: 00000000, rd_addr:  0, rd_wdata: 00000000, mem_addr: 00000000, mem_rdata: 00000000, mem_wdata: 00000000
ClkCycle:       4563, pc_rdata: 000147a0, pc_wdata: 000147a4, insn: 00002117, mode: 3, rs1_addr:  0, rs1_rdata: 00000000, rs2_addr:  0, rs2_rdata: 00000000, rd_addr:  2, rd_wdata: 000167a0, mem_addr: 000167a0, mem_rdata: 00000000, mem_wdata: 00000000
ClkCycle:       4564, pc_rdata: 000147a4, pc_wdata: 000147a8, insn: 86010113, mode: 3, rs1_addr:  2, rs1_rdata: 00016000, rs2_addr:  0, rs2_rdata: 00000000, rd_addr:  2, rd_wdata: 00016000, mem_addr: 00016000, mem_rdata: 00000000, mem_wdata: 00000000
ClkCycle:       4565, pc_rdata: 000147a8, pc_wdata: 000147ac, insn: 00000013, mode: 3, rs1_addr:  0, rs1_rdata: 00000000, rs2_addr:  0, rs2_rdata: 00000000, rd_addr:  0, rd_wdata: 00000000, mem_addr: 00000000, mem_rdata: 00000000, mem_wdata: 00000000
ClkCycle:       4566, pc_rdata: 000147ac, pc_wdata: 000147b0, insn: 00000013, mode: 3, rs1_addr:  0, rs1_rdata: 00000000, rs2_addr:  0, rs2_rdata: 00000000, rd_addr:  0, rd_wdata: 00000000, mem_addr: 00000000, mem_rdata: 00000000, mem_wdata: 00000000
ClkCycle:       4567, pc_rdata: 000147b0, pc_wdata: 000147b4, insn: 00000013, mode: 3, rs1_addr:  0, rs1_rdata: 00000000, rs2_addr:  0, rs2_rdata: 00000000, rd_addr:  0, rd_wdata: 00000000, mem_addr: 00000000, mem_rdata: 00000000, mem_wdata: 00000000
ClkCycle:       4568, pc_rdata: 000147b4, pc_wdata: 000147b8, insn: 00000013, mode: 3, rs1_addr:  0, rs1_rdata: 00000000, rs2_addr:  0, rs2_rdata: 00000000, rd_addr:  0, rd_wdata: 00000000, mem_addr: 00000000, mem_rdata: 00000000, mem_wdata: 00000000
ClkCycle:       4569, pc_rdata: 000147b8, pc_wdata: 000147bc, insn: 00000013, mode: 3, rs1_addr:  0, rs1_rdata: 00000000, rs2_addr:  0, rs2_rdata: 00000000, rd_addr:  0, rd_wdata: 00000000, mem_addr: 00000000, mem_rdata: 00000000, mem_wdata: 00000000
ClkCycle:       4570, pc_rdata: 000147bc, pc_wdata: 000147c0, insn: 00000013, mode: 3, rs1_addr:  0, rs1_rdata: 00000000, rs2_addr:  0, rs2_rdata: 00000000, rd_addr:  0, rd_wdata: 00000000, mem_addr: 00000000, mem_rdata: 00000000, mem_wdata: 00000000
ClkCycle:       4571, pc_rdata: 000147c0, pc_wdata: 000147c2, insn: 00014182, mode: 3, rs1_addr:  2, rs1_rdata: 00016000, rs2_addr:  0, rs2_rdata: 00000000, rd_addr:  3, rd_wdata: 00000000, mem_addr: 00016000, mem_rdata: 00000000, mem_wdata: 00000000
ClkCycle:       4572, pc_rdata: 000147c2, pc_wdata: 000147c6, insn: 00014182, mode: 3, rs1_addr:  0, rs1_rdata: 00000000, rs2_addr:  0, rs2_rdata: 00000000, rd_addr:  0, rd_wdata: 00000000, mem_addr: 00000000, mem_rdata: 00000000, mem_wdata: 00000000
ClkCycle:       4573, pc_rdata: 000147c6, pc_wdata: 000147c8, insn: 00130c34, mode: 3, rs1_addr:  0, rs1_rdata: 00000000, rs2_addr:  0, rs2_rdata: 00000000, rd_addr:  0, rd_wdata: 00000000, mem_addr: 00000000, mem_rdata: 00000000, mem_wdata: 00000000
ClkCycle:       4574, pc_rdata: 000147c8, pc_wdata: 000147ca, insn: 00130c34, mode: 3, rs1_addr:  2, rs1_rdata: 00016000, rs2_addr: 24, rs2_rdata: 00000000, rd_addr: 13, rd_wdata: 00016218, mem_addr: 00016218, mem_rdata: 00000000, mem_wdata: 00000000
ClkCycle:       4575, pc_rdata: 000147ca, pc_wdata: 000147ce, insn: 00130c34, mode: 3, rs1_addr:  0, rs1_rdata: 00000000, rs2_addr:  0, rs2_rdata: 00000000, rd_addr:  0, rd_wdata: 00000000, mem_addr: 00000000, mem_rdata: 00000000, mem_wdata: 00000000
ClkCycle:       4576, pc_rdata: 000147ce, pc_wdata: 000147d2, insn: 00130000, mode: 3, rs1_addr:  0, rs1_rdata: 00000000, rs2_addr:  0, rs2_rdata: 00000000, rd_addr:  0, rd_wdata: 00000000, mem_addr: 00000000, mem_rdata: 00000000, mem_wdata: 00000000
ClkCycle:       4577, pc_rdata: 000147d2, pc_wdata: 000147d6, insn: 00130000, mode: 3, rs1_addr:  0, rs1_rdata: 00000000, rs2_addr:  0, rs2_rdata: 00000000, rd_addr:  0, rd_wdata: 00000000, mem_addr: 00000000, mem_rdata: 00000000, mem_wdata: 00000000
ClkCycle:       4578, pc_rdata: 000147d6, pc_wdata: 000147da, insn: 00130000, mode: 3, rs1_addr:  0, rs1_rdata: 00000000, rs2_addr:  0, rs2_rdata: 00000000, rd_addr:  0, rd_wdata: 00000000, mem_addr: 00000000, mem_rdata: 00000000, mem_wdata: 00000000
ClkCycle:       4579, pc_rdata: 000147da, pc_wdata: 000147de, insn: 00130000, mode: 3, rs1_addr:  0, rs1_rdata: 00000000, rs2_addr:  0, rs2_rdata: 00000000, rd_addr:  0, rd_wdata: 00000000, mem_addr: 00000000, mem_rdata: 00000000, mem_wdata: 00000000
ClkCycle:       4580, pc_rdata: 000147de, pc_wdata: 000147e2, insn: 00002117, mode: 3, rs1_addr: 14, rs1_rdata: 00000000, rs2_addr: 17, rs2_rdata: 00000000, rd_addr:  0, rd_wdata: 00000211, mem_addr: 00000211, mem_rdata: 00000000, mem_wdata: 00000000
ClkCycle:       4581, pc_rdata: 000147e2, pc_wdata: 000147e6, insn: 00002117, mode: 3, rs1_addr:  0, rs1_rdata: 00000000, rs2_addr:  0, rs2_rdata: 00000000, rd_addr:  0, rd_wdata: 00000000, mem_addr: 00000000, mem_rdata: 00000000, mem_wdata: 00000000
ClkCycle:       4582, pc_rdata: 000147e6, pc_wdata: 000147e8, insn: 00000013, mode: 3, rs1_addr:  2, rs1_rdata: 00016000, rs2_addr:  0, rs2_rdata: 00000000, rd_addr:  8, rd_wdata: 00016000, mem_addr: 00016000, mem_rdata: 00000000, mem_wdata: 00000000
ClkCycle:       4583, pc_rdata: 000147e8, pc_wdata: 000147ec, insn: 00000013, mode: 3, rs1_addr:  0, rs1_rdata: 00000000, rs2_addr:  0, rs2_rdata: 00000000, rd_addr:  0, rd_wdata: 00000000, mem_addr: 00000000, mem_rdata: 00000000, mem_wdata: 00000000
ClkCycle:       4584, pc_rdata: 000147ec, pc_wdata: 000147f0, insn: 00000013, mode: 3, rs1_addr:  0, rs1_rdata: 00000000, rs2_addr:  0, rs2_rdata: 00000000, rd_addr:  0, rd_wdata: 00000000, mem_addr: 00000000, mem_rdata: 00000000, mem_wdata: 00000000
ClkCycle:       4585, pc_rdata: 000147f0, pc_wdata: 000147f4, insn: 00000013, mode: 3, rs1_addr:  0, rs1_rdata: 00000000, rs2_addr:  0, rs2_rdata: 00000000, rd_addr:  0, rd_wdata: 00000000, mem_addr: 00000000, mem_rdata: 00000000, mem_wdata: 00000000
ClkCycle:       4586, pc_rdata: 000147f4, pc_wdata: 000147f8, insn: 00000013, mode: 3, rs1_addr:  0, rs1_rdata: 00000000, rs2_addr:  0, rs2_rdata: 00000000, rd_addr:  0, rd_wdata: 00000000, mem_addr: 00000000, mem_rdata: 00000000, mem_wdata: 00000000
ClkCycle:       4587, pc_rdata: 000147f8, pc_wdata: 000147fc, insn: 00000013, mode: 3, rs1_addr:  0, rs1_rdata: 00000000, rs2_addr:  0, rs2_rdata: 00000000, rd_addr:  0, rd_wdata: 00000000, mem_addr: 00000000, mem_rdata: 00000000, mem_wdata: 00000000
ClkCycle:       4588, pc_rdata: 000147fc, pc_wdata: 00014800, insn: 00000013, mode: 3, rs1_addr:  0, rs1_rdata: 00000000, rs2_addr:  0, rs2_rdata: 00000000, rd_addr:  0, rd_wdata: 00000000, mem_addr: 00000000, mem_rdata: 00000000, mem_wdata: 00000000
ClkCycle:       4589, pc_rdata: 00014800, pc_wdata: 00014802, insn: 00014202, mode: 3, rs1_addr:  2, rs1_rdata: 00016000, rs2_addr:  0, rs2_rdata: 00000000, rd_addr:  4, rd_wdata: 00000000, mem_addr: 00016000, mem_rdata: 00000000, mem_wdata: 00000000
ClkCycle:       4590, pc_rdata: 00014802, pc_wdata: 00014806, insn: 00014202, mode: 3, rs1_addr:  0, rs1_rdata: 00000000, rs2_addr:  0, rs2_rdata: 00000000, rd_addr:  0, rd_wdata: 00000000, mem_addr: 00000000, mem_rdata: 00000000, mem_wdata: 00000000
ClkCycle:       4591, pc_rdata: 00014806, pc_wdata: 00014808, insn: 00130c44, mode: 3, rs1_addr:  0, rs1_rdata: 00000000, rs2_addr:  0, rs2_rdata: 00000000, rd_addr:  0, rd_wdata: 00000000, mem_addr: 00000000, mem_rdata: 00000000, mem_wdata: 00000000
ClkCycle:       4592, pc_rdata: 00014808, pc_wdata: 0001480a, insn: 00130c44, mode: 3, rs1_addr:  2, rs1_rdata: 00016000, rs2_addr: 20, rs2_rdata: 00000000, rd_addr:  9, rd_wdata: 00016214, mem_addr: 00016214, mem_rdata: 00000000, mem_wdata: 00000000
ClkCycle:       4593, pc_rdata: 0001480a, pc_wdata: 0001480e, insn: 00130c44, mode: 3, rs1_addr:  0, rs1_rdata: 00000000, rs2_addr:  0, rs2_rdata: 00000000, rd_addr:  0, rd_wdata: 00000000, mem_addr: 00000000, mem_rdata: 00000000, mem_wdata: 00000000
ClkCycle:       4594, pc_rdata: 0001480e, pc_wdata: 00014812, insn: 00130000, mode: 3, rs1_addr:  0, rs1_rdata: 00000000, rs2_addr:  0, rs2_rdata: 00000000, rd_addr:  0, rd_wdata: 00000000, mem_addr: 00000000, mem_rdata: 00000000, mem_wdata: 00000000
ClkCycle:       4595, pc_rdata: 00014812, pc_wdata: 00014816, insn: 00130000, mode: 3, rs1_addr:  0, rs1_rdata: 00000000, rs2_addr:  0, rs2_rdata: 00000000, rd_addr:  0, rd_wdata: 00000000, mem_addr: 00000000, mem_rdata: 00000000, mem_wdata: 00000000
ClkCycle:       4596, pc_rdata: 00014816, pc_wdata: 0001481a, insn: 00130000, mode: 3, rs1_addr:  0, rs1_rdata: 00000000, rs2_addr:  0, rs2_rdata: 00000000, rd_addr:  0, rd_wdata: 00000000, mem_addr: 00000000, mem_rdata: 00000000, mem_wdata: 00000000
ClkCycle:       4597, pc_rdata: 0001481a, pc_wdata: 0001481e, insn: 00130000, mode: 3, rs1_addr:  0, rs1_rdata: 00000000, rs2_addr:  0, rs2_rdata: 00000000, rd_addr:  0, rd_wdata: 00000000, mem_addr: 00000000, mem_rdata: 00000000, mem_wdata: 00000000
ClkCycle:       4598, pc_rdata: 0001481e, pc_wdata: 00014822, insn: 00001117, mode: 3, rs1_addr: 14, rs1_rdata: 00000000, rs2_addr: 17, rs2_rdata: 00000000, rd_addr:  0, rd_wdata: 00000111, mem_addr: 00000111, mem_rdata: 00000000, mem_wdata: 00000000
ClkCycle:       4599, pc_rdata: 00014822, pc_wdata: 00014826, insn: 00001117, mode: 3, rs1_addr:  0, rs1_rdata: 00000000, rs2_addr:  0, rs2_rdata: 00000000, rd_addr:  0, rd_wdata: 00000000, mem_addr: 00000000, mem_rdata: 00000000, mem_wdata: 00000000
ClkCycle:       4600, pc_rdata: 00014826, pc_wdata: 00014828, insn: 00000013, mode: 3, rs1_addr:  2, rs1_rdata: 00016000, rs2_addr:  0, rs2_rdata: 00000000, rd_addr:  8, rd_wdata: 00016000, mem_addr: 00016000, mem_rdata: 00000000, mem_wdata: 00000000
ClkCycle:       4601, pc_rdata: 00014828, pc_wdata: 0001482c, insn: 00000013, mode: 3, rs1_addr:  0, rs1_rdata: 00000000, rs2_addr:  0, rs2_rdata: 00000000, rd_addr:  0, rd_wdata: 00000000, mem_addr: 00000000, mem_rdata: 00000000, mem_wdata: 00000000
ClkCycle:       4602, pc_rdata: 0001482c, pc_wdata: 00014830, insn: 00000013, mode: 3, rs1_addr:  0, rs1_rdata: 00000000, rs2_addr:  0, rs2_rdata: 00000000, rd_addr:  0, rd_wdata: 00000000, mem_addr: 00000000, mem_rdata: 00000000, mem_wdata: 00000000
ClkCycle:       4603, pc_rdata: 00014830, pc_wdata: 00014834, insn: 00000013, mode: 3, rs1_addr:  0, rs1_rdata: 00000000, rs2_addr:  0, rs2_rdata: 00000000, rd_addr:  0, rd_wdata: 00000000, mem_addr: 00000000, mem_rdata: 00000000, mem_wdata: 00000000
ClkCycle:       4604, pc_rdata: 00014834, pc_wdata: 00014838, insn: 00000013, mode: 3, rs1_addr:  0, rs1_rdata: 00000000, rs2_addr:  0, rs2_rdata: 00000000, rd_addr:  0, rd_wdata: 00000000, mem_addr: 00000000, mem_rdata: 00000000, mem_wdata: 00000000
ClkCycle:       4605, pc_rdata: 00014838, pc_wdata: 0001483c, insn: 00000013, mode: 3, rs1_addr:  0, rs1_rdata: 00000000, rs2_addr:  0, rs2_rdata: 00000000, rd_addr:  0, rd_wdata: 00000000, mem_addr: 00000000, mem_rdata: 00000000, mem_wdata: 00000000
ClkCycle:       4606, pc_rdata: 0001483c, pc_wdata: 00014840, insn: 00000013, mode: 3, rs1_addr:  0, rs1_rdata: 00000000, rs2_addr:  0, rs2_rdata: 00000000, rd_addr:  0, rd_wdata: 00000000, mem_addr: 00000000, mem_rdata: 00000000, mem_wdata: 00000000
ClkCycle:       4607, pc_rdata: 00014840, pc_wdata: 00014842, insn: 00014c82, mode: 3, rs1_addr:  2, rs1_rdata: 00016000, rs2_addr:  0, rs2_rdata: 00000000, rd_addr: 25, rd_wdata: 00000000, mem_addr: 00016000, mem_rdata: 00000000, mem_wdata: 00000000
ClkCycle:       4608, pc_rdata: 00014842, pc_wdata: 00014846, insn: 00014c82, mode: 3, rs1_addr:  0, rs1_rdata: 00000000, rs2_addr:  0, rs2_rdata: 00000000, rd_addr:  0, rd_wdata: 00000000, mem_addr: 00000000, mem_rdata: 00000000, mem_wdata: 00000000
ClkCycle:       4609, pc_rdata: 00014846, pc_wdata: 00014848, insn: 00130d94, mode: 3, rs1_addr:  0, rs1_rdata: 00000000, rs2_addr:  0, rs2_rdata: 00000000, rd_addr:  0, rd_wdata: 00000000, mem_addr: 00000000, mem_rdata: 00000000, mem_wdata: 00000000
ClkCycle:       4610, pc_rdata: 00014848, pc_wdata: 0001484a, insn: 00130d94, mode: 3, rs1_addr:  2, rs1_rdata: 00016000, rs2_addr: 16, rs2_rdata: 00000000, rd_addr: 13, rd_wdata: 000162d0, mem_addr: 000162d0, mem_rdata: 00000000, mem_wdata: 00000000
ClkCycle:       4611, pc_rdata: 0001484a, pc_wdata: 0001484e, insn: 00130d94, mode: 3, rs1_addr:  0, rs1_rdata: 00000000, rs2_addr:  0, rs2_rdata: 00000000, rd_addr:  0, rd_wdata: 00000000, mem_addr: 00000000, mem_rdata: 00000000, mem_wdata: 00000000
ClkCycle:       4612, pc_rdata: 0001484e, pc_wdata: 00014852, insn: 00130000, mode: 3, rs1_addr:  0, rs1_rdata: 00000000, rs2_addr:  0, rs2_rdata: 00000000, rd_addr:  0, rd_wdata: 00000000, mem_addr: 00000000, mem_rdata: 00000000, mem_wdata: 00000000
ClkCycle:       4613, pc_rdata: 00014852, pc_wdata: 00014856, insn: 00130000, mode: 3, rs1_addr:  0, rs1_rdata: 00000000, rs2_addr:  0, rs2_rdata: 00000000, rd_addr:  0, rd_wdata: 00000000, mem_addr: 00000000, mem_rdata: 00000000, mem_wdata: 00000000
ClkCycle:       4614, pc_rdata: 00014856, pc_wdata: 0001485a, insn: 00130000, mode: 3, rs1_addr:  0, rs1_rdata: 00000000, rs2_addr:  0, rs2_rdata: 00000000, rd_addr:  0, rd_wdata: 00000000, mem_addr: 00000000, mem_rdata: 00000000, mem_wdata: 00000000
ClkCycle:       4615, pc_rdata: 0001485a, pc_wdata: 0001485e, insn: 00130000, mode: 3, rs1_addr:  0, rs1_rdata: 00000000, rs2_addr:  0, rs2_rdata: 00000000, rd_addr:  0, rd_wdata: 00000000, mem_addr: 00000000, mem_rdata: 00000000, mem_wdata: 00000000
ClkCycle:       4616, pc_rdata: 0001485e, pc_wdata: 00014862, insn: 00001117, mode: 3, rs1_addr: 14, rs1_rdata: 00000000, rs2_addr: 17, rs2_rdata: 00000000, rd_addr:  0, rd_wdata: 00000111, mem_addr: 00000111, mem_rdata: 00000000, mem_wdata: 00000000
ClkCycle:       4617, pc_rdata: 00014862, pc_wdata: 00014866, insn: 00001117, mode: 3, rs1_addr:  0, rs1_rdata: 00000000, rs2_addr:  0, rs2_rdata: 00000000, rd_addr:  0, rd_wdata: 00000000, mem_addr: 00000000, mem_rdata: 00000000, mem_wdata: 00000000
ClkCycle:       4618, pc_rdata: 00014866, pc_wdata: 00014868, insn: 00000013, mode: 3, rs1_addr:  2, rs1_rdata: 00016000, rs2_addr:  0, rs2_rdata: 00000000, rd_addr:  8, rd_wdata: 00016000, mem_addr: 00016000, mem_rdata: 00000000, mem_wdata: 00000000
ClkCycle:       4619, pc_rdata: 00014868, pc_wdata: 0001486c, insn: 00000013, mode: 3, rs1_addr:  0, rs1_rdata: 00000000, rs2_addr:  0, rs2_rdata: 00000000, rd_addr:  0, rd_wdata: 00000000, mem_addr: 00000000, mem_rdata: 00000000, mem_wdata: 00000000
ClkCycle:       4620, pc_rdata: 0001486c, pc_wdata: 00014870, insn: 00000013, mode: 3, rs1_addr:  0, rs1_rdata: 00000000, rs2_addr:  0, rs2_rdata: 00000000, rd_addr:  0, rd_wdata: 00000000, mem_addr: 00000000, mem_rdata: 00000000, mem_wdata: 00000000
ClkCycle:       4621, pc_rdata: 00014870, pc_wdata: 00014874, insn: 00000013, mode: 3, rs1_addr:  0, rs1_rdata: 00000000, rs2_addr:  0, rs2_rdata: 00000000, rd_addr:  0, rd_wdata: 00000000, mem_addr: 00000000, mem_rdata: 00000000, mem_wdata: 00000000
ClkCycle:       4622, pc_rdata: 00014874, pc_wdata: 00014878, insn: 00000013, mode: 3, rs1_addr:  0, rs1_rdata: 00000000, rs2_addr:  0, rs2_rdata: 00000000, rd_addr:  0, rd_wdata: 00000000, mem_addr: 00000000, mem_rdata: 00000000, mem_wdata: 00000000
ClkCycle:       4623, pc_rdata: 00014878, pc_wdata: 0001487c, insn: 00000013, mode: 3, rs1_addr:  0, rs1_rdata: 00000000, rs2_addr:  0, rs2_rdata: 00000000, rd_addr:  0, rd_wdata: 00000000, mem_addr: 00000000, mem_rdata: 00000000, mem_wdata: 00000000
ClkCycle:       4624, pc_rdata: 0001487c, pc_wdata: 00014880, insn: 00000013, mode: 3, rs1_addr:  0, rs1_rdata: 00000000, rs2_addr:  0, rs2_rdata: 00000000, rd_addr:  0, rd_wdata: 00000000, mem_addr: 00000000, mem_rdata: 00000000, mem_wdata: 00000000
ClkCycle:       4625, pc_rdata: 00014880, pc_wdata: 00014882, insn: 00014e82, mode: 3, rs1_addr:  2, rs1_rdata: 00016000, rs2_addr:  0, rs2_rdata: 00000000, rd_addr: 29, rd_wdata: 00000000, mem_addr: 00016000, mem_rdata: 00000000, mem_wdata: 00000000
ClkCycle:       4626, pc_rdata: 00014882, pc_wdata: 00014886, insn: 00014e82, mode: 3, rs1_addr:  0, rs1_rdata: 00000000, rs2_addr:  0, rs2_rdata: 00000000, rd_addr:  0, rd_wdata: 00000000, mem_addr: 00000000, mem_rdata: 00000000, mem_wdata: 00000000
ClkCycle:       4627, pc_rdata: 00014886, pc_wdata: 00014888, insn: 00130dd4, mode: 3, rs1_addr:  0, rs1_rdata: 00000000, rs2_addr:  0, rs2_rdata: 00000000, rd_addr:  0, rd_wdata: 00000000, mem_addr: 00000000, mem_rdata: 00000000, mem_wdata: 00000000
ClkCycle:       4628, pc_rdata: 00014888, pc_wdata: 0001488a, insn: 00130dd4, mode: 3, rs1_addr:  2, rs1_rdata: 00016000, rs2_addr: 20, rs2_rdata: 00000000, rd_addr: 13, rd_wdata: 000162d4, mem_addr: 000162d4, mem_rdata: 00000000, mem_wdata: 00000000
ClkCycle:       4629, pc_rdata: 0001488a, pc_wdata: 0001488e, insn: 00130dd4, mode: 3, rs1_addr:  0, rs1_rdata: 00000000, rs2_addr:  0, rs2_rdata: 00000000, rd_addr:  0, rd_wdata: 00000000, mem_addr: 00000000, mem_rdata: 00000000, mem_wdata: 00000000
ClkCycle:       4630, pc_rdata: 0001488e, pc_wdata: 00014892, insn: 00130000, mode: 3, rs1_addr:  0, rs1_rdata: 00000000, rs2_addr:  0, rs2_rdata: 00000000, rd_addr:  0, rd_wdata: 00000000, mem_addr: 00000000, mem_rdata: 00000000, mem_wdata: 00000000
ClkCycle:       4631, pc_rdata: 00014892, pc_wdata: 00014896, insn: 00130000, mode: 3, rs1_addr:  0, rs1_rdata: 00000000, rs2_addr:  0, rs2_rdata: 00000000, rd_addr:  0, rd_wdata: 00000000, mem_addr: 00000000, mem_rdata: 00000000, mem_wdata: 00000000
ClkCycle:       4632, pc_rdata: 00014896, pc_wdata: 0001489a, insn: 00130000, mode: 3, rs1_addr:  0, rs1_rdata: 00000000, rs2_addr:  0, rs2_rdata: 00000000, rd_addr:  0, rd_wdata: 00000000, mem_addr: 00000000, mem_rdata: 00000000, mem_wdata: 00000000
ClkCycle:       4633, pc_rdata: 0001489a, pc_wdata: 0001489e, insn: 00130000, mode: 3, rs1_addr:  0, rs1_rdata: 00000000, rs2_addr:  0, rs2_rdata: 00000000, rd_addr:  0, rd_wdata: 00000000, mem_addr: 00000000, mem_rdata: 00000000, mem_wdata: 00000000
ClkCycle:       4634, pc_rdata: 0001489e, pc_wdata: 000148a2, insn: 00003097, mode: 3, rs1_addr: 14, rs1_rdata: 00000000, rs2_addr:  9, rs2_rdata: 00016214, rd_addr:  0, rd_wdata: 00000309, mem_addr: 00000309, mem_rdata: 00000000, mem_wdata: 00016214
ClkCycle:       4635, pc_rdata: 000148a2, pc_wdata: 000148a6, insn: 00003097, mode: 3, rs1_addr:  0, rs1_rdata: 00000000, rs2_addr:  0, rs2_rdata: 00000000, rd_addr:  0, rd_wdata: 00000000, mem_addr: 00000000, mem_rdata: 00000000, mem_wdata: 00000000
ClkCycle:       4636, pc_rdata: 000148a6, pc_wdata: 000148a8, insn: 00000013, mode: 3, rs1_addr:  2, rs1_rdata: 00016000, rs2_addr:  0, rs2_rdata: 00000000, rd_addr:  8, rd_wdata: 00016000, mem_addr: 00016000, mem_rdata: 00000000, mem_wdata: 00000000
ClkCycle:       4637, pc_rdata: 000148a8, pc_wdata: 000148ac, insn: 00000013, mode: 3, rs1_addr:  0, rs1_rdata: 00000000, rs2_addr:  0, rs2_rdata: 00000000, rd_addr:  0, rd_wdata: 00000000, mem_addr: 00000000, mem_rdata: 00000000, mem_wdata: 00000000
ClkCycle:       4638, pc_rdata: 000148ac, pc_wdata: 000148b0, insn: 00000013, mode: 3, rs1_addr:  0, rs1_rdata: 00000000, rs2_addr:  0, rs2_rdata: 00000000, rd_addr:  0, rd_wdata: 00000000, mem_addr: 00000000, mem_rdata: 00000000, mem_wdata: 00000000
ClkCycle:       4639, pc_rdata: 000148b0, pc_wdata: 000148b4, insn: 00000013, mode: 3, rs1_addr:  0, rs1_rdata: 00000000, rs2_addr:  0, rs2_rdata: 00000000, rd_addr:  0, rd_wdata: 00000000, mem_addr: 00000000, mem_rdata: 00000000, mem_wdata: 00000000
ClkCycle:       4640, pc_rdata: 000148b4, pc_wdata: 000148b8, insn: 00000013, mode: 3, rs1_addr:  0, rs1_rdata: 00000000, rs2_addr:  0, rs2_rdata: 00000000, rd_addr:  0, rd_wdata: 00000000, mem_addr: 00000000, mem_rdata: 00000000, mem_wdata: 00000000
ClkCycle:       4641, pc_rdata: 000148b8, pc_wdata: 000148bc, insn: 00000013, mode: 3, rs1_addr:  0, rs1_rdata: 00000000, rs2_addr:  0, rs2_rdata: 00000000, rd_addr:  0, rd_wdata: 00000000, mem_addr: 00000000, mem_rdata: 00000000, mem_wdata: 00000000
ClkCycle:       4642, pc_rdata: 000148bc, pc_wdata: 000148c0, insn: 00000013, mode: 3, rs1_addr:  0, rs1_rdata: 00000000, rs2_addr:  0, rs2_rdata: 00000000, rd_addr:  0, rd_wdata: 00000000, mem_addr: 00000000, mem_rdata: 00000000, mem_wdata: 00000000
ClkCycle:       4643, pc_rdata: 000148c0, pc_wdata: 000148c4, insn: 00001117, mode: 3, rs1_addr:  0, rs1_rdata: 00000000, rs2_addr:  0, rs2_rdata: 00000000, rd_addr:  2, rd_wdata: 000158c0, mem_addr: 000158c0, mem_rdata: 00000000, mem_wdata: 00000000
ClkCycle:       4644, pc_rdata: 000148c4, pc_wdata: 000148c8, insn: 74010113, mode: 3, rs1_addr:  2, rs1_rdata: 00016000, rs2_addr:  0, rs2_rdata: 00000000, rd_addr:  2, rd_wdata: 00016000, mem_addr: 00016000, mem_rdata: 00000000, mem_wdata: 00000000
ClkCycle:       4645, pc_rdata: 000148c8, pc_wdata: 000148cc, insn: 00000013, mode: 3, rs1_addr:  0, rs1_rdata: 00000000, rs2_addr:  0, rs2_rdata: 00000000, rd_addr:  0, rd_wdata: 00000000, mem_addr: 00000000, mem_rdata: 00000000, mem_wdata: 00000000
ClkCycle:       4646, pc_rdata: 000148cc, pc_wdata: 000148d0, insn: 00000013, mode: 3, rs1_addr:  0, rs1_rdata: 00000000, rs2_addr:  0, rs2_rdata: 00000000, rd_addr:  0, rd_wdata: 00000000, mem_addr: 00000000, mem_rdata: 00000000, mem_wdata: 00000000
ClkCycle:       4647, pc_rdata: 000148d0, pc_wdata: 000148d4, insn: 00000013, mode: 3, rs1_addr:  0, rs1_rdata: 00000000, rs2_addr:  0, rs2_rdata: 00000000, rd_addr:  0, rd_wdata: 00000000, mem_addr: 00000000, mem_rdata: 00000000, mem_wdata: 00000000
ClkCycle:       4648, pc_rdata: 000148d4, pc_wdata: 000148d8, insn: 00000013, mode: 3, rs1_addr:  0, rs1_rdata: 00000000, rs2_addr:  0, rs2_rdata: 00000000, rd_addr:  0, rd_wdata: 00000000, mem_addr: 00000000, mem_rdata: 00000000, mem_wdata: 00000000
ClkCycle:       4649, pc_rdata: 000148d8, pc_wdata: 000148dc, insn: 00000013, mode: 3, rs1_addr:  0, rs1_rdata: 00000000, rs2_addr:  0, rs2_rdata: 00000000, rd_addr:  0, rd_wdata: 00000000, mem_addr: 00000000, mem_rdata: 00000000, mem_wdata: 00000000
ClkCycle:       4650, pc_rdata: 000148dc, pc_wdata: 000148e0, insn: 00000013, mode: 3, rs1_addr:  0, rs1_rdata: 00000000, rs2_addr:  0, rs2_rdata: 00000000, rd_addr:  0, rd_wdata: 00000000, mem_addr: 00000000, mem_rdata: 00000000, mem_wdata: 00000000
ClkCycle:       4651, pc_rdata: 000148e0, pc_wdata: 000148e2, insn: 00014d82, mode: 3, rs1_addr:  2, rs1_rdata: 00016000, rs2_addr:  0, rs2_rdata: 00000000, rd_addr: 27, rd_wdata: 00000000, mem_addr: 00016000, mem_rdata: 00000000, mem_wdata: 00000000
ClkCycle:       4652, pc_rdata: 000148e2, pc_wdata: 000148e6, insn: 00014d82, mode: 3, rs1_addr:  0, rs1_rdata: 00000000, rs2_addr:  0, rs2_rdata: 00000000, rd_addr:  0, rd_wdata: 00000000, mem_addr: 00000000, mem_rdata: 00000000, mem_wdata: 00000000
ClkCycle:       4653, pc_rdata: 000148e6, pc_wdata: 000148e8, insn: 001301b0, mode: 3, rs1_addr:  0, rs1_rdata: 00000000, rs2_addr:  0, rs2_rdata: 00000000, rd_addr:  0, rd_wdata: 00000000, mem_addr: 00000000, mem_rdata: 00000000, mem_wdata: 00000000
ClkCycle:       4654, pc_rdata: 000148e8, pc_wdata: 000148ea, insn: 001301b0, mode: 3, rs1_addr:  2, rs1_rdata: 00016000, rs2_addr:  8, rs2_rdata: 00016000, rd_addr: 12, rd_wdata: 000160c8, mem_addr: 000160c8, mem_rdata: 00000000, mem_wdata: 00016000
ClkCycle:       4655, pc_rdata: 000148ea, pc_wdata: 000148ee, insn: 001301b0, mode: 3, rs1_addr:  0, rs1_rdata: 00000000, rs2_addr:  0, rs2_rdata: 00000000, rd_addr:  0, rd_wdata: 00000000, mem_addr: 00000000, mem_rdata: 00000000, mem_wdata: 00000000
ClkCycle:       4656, pc_rdata: 000148ee, pc_wdata: 000148f2, insn: 00130000, mode: 3, rs1_addr:  0, rs1_rdata: 00000000, rs2_addr:  0, rs2_rdata: 00000000, rd_addr:  0, rd_wdata: 00000000, mem_addr: 00000000, mem_rdata: 00000000, mem_wdata: 00000000
ClkCycle:       4657, pc_rdata: 000148f2, pc_wdata: 000148f6, insn: 00130000, mode: 3, rs1_addr:  0, rs1_rdata: 00000000, rs2_addr:  0, rs2_rdata: 00000000, rd_addr:  0, rd_wdata: 00000000, mem_addr: 00000000, mem_rdata: 00000000, mem_wdata: 00000000
ClkCycle:       4658, pc_rdata: 000148f6, pc_wdata: 000148fa, insn: 00130000, mode: 3, rs1_addr:  0, rs1_rdata: 00000000, rs2_addr:  0, rs2_rdata: 00000000, rd_addr:  0, rd_wdata: 00000000, mem_addr: 00000000, mem_rdata: 00000000, mem_wdata: 00000000
ClkCycle:       4659, pc_rdata: 000148fa, pc_wdata: 000148fe, insn: 00130000, mode: 3, rs1_addr:  0, rs1_rdata: 00000000, rs2_addr:  0, rs2_rdata: 00000000, rd_addr:  0, rd_wdata: 00000000, mem_addr: 00000000, mem_rdata: 00000000, mem_wdata: 00000000
ClkCycle:       4660, pc_rdata: 000148fe, pc_wdata: 00014902, insn: 00001117, mode: 3, rs1_addr: 14, rs1_rdata: 00000000, rs2_addr: 17, rs2_rdata: 00000000, rd_addr:  0, rd_wdata: 00000111, mem_addr: 00000111, mem_rdata: 00000000, mem_wdata: 00000000
ClkCycle:       4661, pc_rdata: 00014902, pc_wdata: 00014906, insn: 00001117, mode: 3, rs1_addr:  0, rs1_rdata: 00000000, rs2_addr:  0, rs2_rdata: 00000000, rd_addr:  0, rd_wdata: 00000000, mem_addr: 00000000, mem_rdata: 00000000, mem_wdata: 00000000
ClkCycle:       4662, pc_rdata: 00014906, pc_wdata: 00014908, insn: 00000013, mode: 3, rs1_addr:  2, rs1_rdata: 00016000, rs2_addr:  0, rs2_rdata: 00000000, rd_addr:  8, rd_wdata: 00016000, mem_addr: 00016000, mem_rdata: 00000000, mem_wdata: 00000000
ClkCycle:       4663, pc_rdata: 00014908, pc_wdata: 0001490c, insn: 00000013, mode: 3, rs1_addr:  0, rs1_rdata: 00000000, rs2_addr:  0, rs2_rdata: 00000000, rd_addr:  0, rd_wdata: 00000000, mem_addr: 00000000, mem_rdata: 00000000, mem_wdata: 00000000
ClkCycle:       4664, pc_rdata: 0001490c, pc_wdata: 00014910, insn: 00000013, mode: 3, rs1_addr:  0, rs1_rdata: 00000000, rs2_addr:  0, rs2_rdata: 00000000, rd_addr:  0, rd_wdata: 00000000, mem_addr: 00000000, mem_rdata: 00000000, mem_wdata: 00000000
ClkCycle:       4665, pc_rdata: 00014910, pc_wdata: 00014914, insn: 00000013, mode: 3, rs1_addr:  0, rs1_rdata: 00000000, rs2_addr:  0, rs2_rdata: 00000000, rd_addr:  0, rd_wdata: 00000000, mem_addr: 00000000, mem_rdata: 00000000, mem_wdata: 00000000
ClkCycle:       4666, pc_rdata: 00014914, pc_wdata: 00014918, insn: 00000013, mode: 3, rs1_addr:  0, rs1_rdata: 00000000, rs2_addr:  0, rs2_rdata: 00000000, rd_addr:  0, rd_wdata: 00000000, mem_addr: 00000000, mem_rdata: 00000000, mem_wdata: 00000000
ClkCycle:       4667, pc_rdata: 00014918, pc_wdata: 0001491c, insn: 00000013, mode: 3, rs1_addr:  0, rs1_rdata: 00000000, rs2_addr:  0, rs2_rdata: 00000000, rd_addr:  0, rd_wdata: 00000000, mem_addr: 00000000, mem_rdata: 00000000, mem_wdata: 00000000
ClkCycle:       4668, pc_rdata: 0001491c, pc_wdata: 00014920, insn: 00000013, mode: 3, rs1_addr:  0, rs1_rdata: 00000000, rs2_addr:  0, rs2_rdata: 00000000, rd_addr:  0, rd_wdata: 00000000, mem_addr: 00000000, mem_rdata: 00000000, mem_wdata: 00000000
ClkCycle:       4669, pc_rdata: 00014920, pc_wdata: 00014922, insn: 00014602, mode: 3, rs1_addr:  2, rs1_rdata: 00016000, rs2_addr:  0, rs2_rdata: 00000000, rd_addr: 12, rd_wdata: 00000000, mem_addr: 00016000, mem_rdata: 00000000, mem_wdata: 00000000
ClkCycle:       4670, pc_rdata: 00014922, pc_wdata: 00014926, insn: 00014602, mode: 3, rs1_addr:  0, rs1_rdata: 00000000, rs2_addr:  0, rs2_rdata: 00000000, rd_addr:  0, rd_wdata: 00000000, mem_addr: 00000000, mem_rdata: 00000000, mem_wdata: 00000000
ClkCycle:       4671, pc_rdata: 00014926, pc_wdata: 00014928, insn: 001300c0, mode: 3, rs1_addr:  0, rs1_rdata: 00000000, rs2_addr:  0, rs2_rdata: 00000000, rd_addr:  0, rd_wdata: 00000000, mem_addr: 00000000, mem_rdata: 00000000, mem_wdata: 00000000
ClkCycle:       4672, pc_rdata: 00014928, pc_wdata: 0001492a, insn: 001300c0, mode: 3, rs1_addr:  2, rs1_rdata: 00016000, rs2_addr:  4, rs2_rdata: 00000000, rd_addr:  8, rd_wdata: 00016044, mem_addr: 00016044, mem_rdata: 00000000, mem_wdata: 00000000
ClkCycle:       4673, pc_rdata: 0001492a, pc_wdata: 0001492e, insn: 001300c0, mode: 3, rs1_addr:  0, rs1_rdata: 00000000, rs2_addr:  0, rs2_rdata: 00000000, rd_addr:  0, rd_wdata: 00000000, mem_addr: 00000000, mem_rdata: 00000000, mem_wdata: 00000000
ClkCycle:       4674, pc_rdata: 0001492e, pc_wdata: 00014932, insn: 00130000, mode: 3, rs1_addr:  0, rs1_rdata: 00000000, rs2_addr:  0, rs2_rdata: 00000000, rd_addr:  0, rd_wdata: 00000000, mem_addr: 00000000, mem_rdata: 00000000, mem_wdata: 00000000
ClkCycle:       4675, pc_rdata: 00014932, pc_wdata: 00014936, insn: 00130000, mode: 3, rs1_addr:  0, rs1_rdata: 00000000, rs2_addr:  0, rs2_rdata: 00000000, rd_addr:  0, rd_wdata: 00000000, mem_addr: 00000000, mem_rdata: 00000000, mem_wdata: 00000000
ClkCycle:       4676, pc_rdata: 00014936, pc_wdata: 0001493a, insn: 00130000, mode: 3, rs1_addr:  0, rs1_rdata: 00000000, rs2_addr:  0, rs2_rdata: 00000000, rd_addr:  0, rd_wdata: 00000000, mem_addr: 00000000, mem_rdata: 00000000, mem_wdata: 00000000
ClkCycle:       4677, pc_rdata: 0001493a, pc_wdata: 0001493e, insn: 00130000, mode: 3, rs1_addr:  0, rs1_rdata: 00000000, rs2_addr:  0, rs2_rdata: 00000000, rd_addr:  0, rd_wdata: 00000000, mem_addr: 00000000, mem_rdata: 00000000, mem_wdata: 00000000
ClkCycle:       4678, pc_rdata: 0001493e, pc_wdata: 00014942, insn: 00001117, mode: 3, rs1_addr: 14, rs1_rdata: 00000000, rs2_addr: 17, rs2_rdata: 00000000, rd_addr:  0, rd_wdata: 00000111, mem_addr: 00000111, mem_rdata: 00000000, mem_wdata: 00000000
ClkCycle:       4679, pc_rdata: 00014942, pc_wdata: 00014946, insn: 00001117, mode: 3, rs1_addr:  0, rs1_rdata: 00000000, rs2_addr:  0, rs2_rdata: 00000000, rd_addr:  0, rd_wdata: 00000000, mem_addr: 00000000, mem_rdata: 00000000, mem_wdata: 00000000
ClkCycle:       4680, pc_rdata: 00014946, pc_wdata: 00014948, insn: 00000013, mode: 3, rs1_addr:  2, rs1_rdata: 00016000, rs2_addr:  0, rs2_rdata: 00000000, rd_addr:  8, rd_wdata: 00016000, mem_addr: 00016000, mem_rdata: 00000000, mem_wdata: 00000000
ClkCycle:       4681, pc_rdata: 00014948, pc_wdata: 0001494c, insn: 00000013, mode: 3, rs1_addr:  0, rs1_rdata: 00000000, rs2_addr:  0, rs2_rdata: 00000000, rd_addr:  0, rd_wdata: 00000000, mem_addr: 00000000, mem_rdata: 00000000, mem_wdata: 00000000
ClkCycle:       4682, pc_rdata: 0001494c, pc_wdata: 00014950, insn: 00000013, mode: 3, rs1_addr:  0, rs1_rdata: 00000000, rs2_addr:  0, rs2_rdata: 00000000, rd_addr:  0, rd_wdata: 00000000, mem_addr: 00000000, mem_rdata: 00000000, mem_wdata: 00000000
ClkCycle:       4683, pc_rdata: 00014950, pc_wdata: 00014954, insn: 00000013, mode: 3, rs1_addr:  0, rs1_rdata: 00000000, rs2_addr:  0, rs2_rdata: 00000000, rd_addr:  0, rd_wdata: 00000000, mem_addr: 00000000, mem_rdata: 00000000, mem_wdata: 00000000
ClkCycle:       4684, pc_rdata: 00014954, pc_wdata: 00014958, insn: 00000013, mode: 3, rs1_addr:  0, rs1_rdata: 00000000, rs2_addr:  0, rs2_rdata: 00000000, rd_addr:  0, rd_wdata: 00000000, mem_addr: 00000000, mem_rdata: 00000000, mem_wdata: 00000000
ClkCycle:       4685, pc_rdata: 00014958, pc_wdata: 0001495c, insn: 00000013, mode: 3, rs1_addr:  0, rs1_rdata: 00000000, rs2_addr:  0, rs2_rdata: 00000000, rd_addr:  0, rd_wdata: 00000000, mem_addr: 00000000, mem_rdata: 00000000, mem_wdata: 00000000
ClkCycle:       4686, pc_rdata: 0001495c, pc_wdata: 00014960, insn: 00000013, mode: 3, rs1_addr:  0, rs1_rdata: 00000000, rs2_addr:  0, rs2_rdata: 00000000, rd_addr:  0, rd_wdata: 00000000, mem_addr: 00000000, mem_rdata: 00000000, mem_wdata: 00000000
ClkCycle:       4687, pc_rdata: 00014960, pc_wdata: 00014962, insn: 00014402, mode: 3, rs1_addr:  2, rs1_rdata: 00016000, rs2_addr:  0, rs2_rdata: 00000000, rd_addr:  8, rd_wdata: 00000000, mem_addr: 00016000, mem_rdata: 00000000, mem_wdata: 00000000
ClkCycle:       4688, pc_rdata: 00014962, pc_wdata: 00014966, insn: 00014402, mode: 3, rs1_addr:  0, rs1_rdata: 00000000, rs2_addr:  0, rs2_rdata: 00000000, rd_addr:  0, rd_wdata: 00000000, mem_addr: 00000000, mem_rdata: 00000000, mem_wdata: 00000000
ClkCycle:       4689, pc_rdata: 00014966, pc_wdata: 00014968, insn: 006f0080, mode: 3, rs1_addr:  0, rs1_rdata: 00000000, rs2_addr:  0, rs2_rdata: 00000000, rd_addr:  0, rd_wdata: 00000000, mem_addr: 00000000, mem_rdata: 00000000, mem_wdata: 00000000
ClkCycle:       4690, pc_rdata: 00014968, pc_wdata: 0001496a, insn: 006f0080, mode: 3, rs1_addr:  2, rs1_rdata: 00016000, rs2_addr:  0, rs2_rdata: 00000000, rd_addr:  8, rd_wdata: 00016040, mem_addr: 00016040, mem_rdata: 00000000, mem_wdata: 00000000
ClkCycle:       4691, pc_rdata: 0001496a, pc_wdata: 0001496e, insn: 006f0080, mode: 3, rs1_addr:  0, rs1_rdata: 00000000, rs2_addr:  0, rs2_rdata: 00000000, rd_addr:  0, rd_wdata: 00000000, mem_addr: 00000000, mem_rdata: 00000000, mem_wdata: 00000000
ClkCycle:       4692, pc_rdata: 0001496e, pc_wdata: 00014972, insn: 33031f81, mode: 3, rs1_addr:  2, rs1_rdata: 00016000, rs2_addr: 24, rs2_rdata: 00000000, rd_addr:  0, rd_wdata: 00014972, mem_addr: 000261f8, mem_rdata: 00000000, mem_wdata: 00000000
ClkCycle:       4693, pc_rdata: 00014972, pc_wdata: 00024b66, insn: 33031f81, mode: 3, rs1_addr:  0, rs1_rdata: 00000000, rs2_addr:  0, rs2_rdata: 00000000, rd_addr:  0, rd_wdata: 00000000, mem_addr: 00000000, mem_rdata: 00000000, mem_wdata: 00000000
ClkCycle:       8061, pc_rdata: 00028002, pc_wdata: 00028004, insn: ddb80813, mode: 3, rs1_addr:  2, rs1_rdata: 00016000, rs2_addr:  0, rs2_rdata: 00000000, rd_addr:  8, rd_wdata: 00016000, mem_addr: 00016000, mem_rdata: 00000000, mem_wdata: 00000000
ClkCycle:       8062, pc_rdata: 00028004, pc_wdata: 00028008, insn: ddb80813, mode: 3, rs1_addr: 16, rs1_rdata: 00000000, rs2_addr: 27, rs2_rdata: 00000000, rd_addr: 16, rd_wdata: fffffddb, mem_addr: fffffddb, mem_rdata: 00000000, mem_wdata: 00000000
ClkCycle:       8063, pc_rdata: 00028008, pc_wdata: 0002800c, insn: 00b81813, mode: 3, rs1_addr: 16, rs1_rdata: 00000000, rs2_addr: 11, rs2_rdata: 00000000, rd_addr: 16, rd_wdata: ffeed800, mem_addr: ffeed800, mem_rdata: 00000000, mem_wdata: 00000000
ClkCycle:       8064, pc_rdata: 0002800c, pc_wdata: 00028010, insn: 3ea80813, mode: 3, rs1_addr: 16, rs1_rdata: 00000000, rs2_addr: 10, rs2_rdata: 00000000, rd_addr: 16, rd_wdata: ffeedbea, mem_addr: ffeedbea, mem_rdata: 00000000, mem_wdata: 00000000
ClkCycle:       8065, pc_rdata: 00028010, pc_wdata: 00028014, insn: 00b81813, mode: 3, rs1_addr: 16, rs1_rdata: fffffddb, rs2_addr: 11, rs2_rdata: 00000000, rd_addr: 16, rd_wdata: 76df5000, mem_addr: 76df5000, mem_rdata: 00000000, mem_wdata: 00000000
ClkCycle:       8066, pc_rdata: 00028014, pc_wdata: 00028018, insn: 6ff80813, mode: 3, rs1_addr: 16, rs1_rdata: ffeed800, rs2_addr: 31, rs2_rdata: 00000000, rd_addr: 16, rd_wdata: 76df56ff, mem_addr: 76df56ff, mem_rdata: 00000000, mem_wdata: 00000000
ClkCycle:       8067, pc_rdata: 00028018, pc_wdata: 0002801c, insn: 00a81813, mode: 3, rs1_addr: 16, rs1_rdata: ffeedbea, rs2_addr: 10, rs2_rdata: 00000000, rd_addr: 16, rd_wdata: 7d5bfc00, mem_addr: 7d5bfc00, mem_rdata: 00000000, mem_wdata: 00000000
ClkCycle:       8068, pc_rdata: 0002801c, pc_wdata: 00028020, insn: 1db80813, mode: 3, rs1_addr: 16, rs1_rdata: 76df5000, rs2_addr: 27, rs2_rdata: 00000000, rd_addr: 16, rd_wdata: 7d5bfddb, mem_addr: 7d5bfddb, mem_rdata: 00000000, mem_wdata: 00000000
ClkCycle:       8069, pc_rdata: 00028020, pc_wdata: 00028024, insn: 00785893, mode: 3, rs1_addr: 16, rs1_rdata: 76df56ff, rs2_addr:  7, rs2_rdata: 00000000, rd_addr: 17, rd_wdata: b6fab7fb, mem_addr: b6fab7fb, mem_rdata: 00000000, mem_wdata: 00000000
ClkCycle:       8070, pc_rdata: 00028024, pc_wdata: 00028028, insn: 03985793, mode: 3, rs1_addr: 16, rs1_rdata: 7d5bfc00, rs2_addr: 25, rs2_rdata: 00000000, rd_addr: 15, rd_wdata: fffeedbe, mem_addr: fffeedbe, mem_rdata: 00000000, mem_wdata: 00000000
ClkCycle:       8071, pc_rdata: 00028028, pc_wdata: 0002802c, insn: 00f8e8b3, mode: 3, rs1_addr: 17, rs1_rdata: 00000000, rs2_addr: 15, rs2_rdata: 00000000, rd_addr: 17, rd_wdata: fffeffff, mem_addr: fffeffff, mem_rdata: 00000000, mem_wdata: fffeedbe
ClkCycle:       8072, pc_rdata: 0002802c, pc_wdata: 00028030, insn: 0078d913, mode: 3, rs1_addr: 17, rs1_rdata: b6fab7fb, rs2_addr:  7, rs2_rdata: 00000000, rd_addr: 18, rd_wdata: fffffdff, mem_addr: fffffdff, mem_rdata: 00000000, mem_wdata: 00000000
ClkCycle:       8073, pc_rdata: 00028030, pc_wdata: 00028034, insn: 0398d793, mode: 3, rs1_addr: 17, rs1_rdata: b6fab7fb, rs2_addr: 25, rs2_rdata: 00000000, rd_addr: 15, rd_wdata: ffffffff, mem_addr: ffffffff, mem_rdata: 00000000, mem_wdata: 00000000
ClkCycle:       8074, pc_rdata: 00028034, pc_wdata: 00028038, insn: 00f96933, mode: 3, rs1_addr: 18, rs1_rdata: 00000000, rs2_addr: 15, rs2_rdata: fffeedbe, rd_addr: 18, rd_wdata: ffffffff, mem_addr: ffffffff, mem_rdata: 00000000, mem_wdata: ffffffff
ClkCycle:       8075, pc_rdata: 00028038, pc_wdata: 0002803c, insn: 00795993, mode: 3, rs1_addr: 18, rs1_rdata: fffffdff, rs2_addr:  7, rs2_rdata: 00000000, rd_addr: 19, rd_wdata: ffffffff, mem_addr: ffffffff, mem_rdata: 00000000, mem_wdata: 00000000
ClkCycle:       8076, pc_rdata: 0002803c, pc_wdata: 00028040, insn: 03995793, mode: 3, rs1_addr: 18, rs1_rdata: fffffdff, rs2_addr: 25, rs2_rdata: 00000000, rd_addr: 15, rd_wdata: 01ffffff, mem_addr: 01ffffff, mem_rdata: 00000000, mem_wdata: 00000000
ClkCycle:       8077, pc_rdata: 00028040, pc_wdata: 00028044, insn: 00f9e9b3, mode: 3, rs1_addr: 19, rs1_rdata: 00000000, rs2_addr: 15, rs2_rdata: ffffffff, rd_addr: 19, rd_wdata: ffffffff, mem_addr: ffffffff, mem_rdata: 00000000, mem_wdata: 01ffffff
ClkCycle:       8078, pc_rdata: 00028044, pc_wdata: 00028048, insn: 0079da13, mode: 3, rs1_addr: 19, rs1_rdata: ffffffff, rs2_addr:  7, rs2_rdata: 00000000, rd_addr: 20, rd_wdata: ffffffff, mem_addr: ffffffff, mem_rdata: 00000000, mem_wdata: 00000000
ClkCycle:       8079, pc_rdata: 00028048, pc_wdata: 0002804c, insn: 0399d793, mode: 3, rs1_addr: 19, rs1_rdata: ffffffff, rs2_addr: 25, rs2_rdata: 00000000, rd_addr: 15, rd_wdata: 0003ffff, mem_addr: 0003ffff, mem_rdata: 00000000, mem_wdata: 00000000
ClkCycle:       8080, pc_rdata: 0002804c, pc_wdata: 00028050, insn: 00fa6a33, mode: 3, rs1_addr: 20, rs1_rdata: 00000000, rs2_addr: 15, rs2_rdata: 01ffffff, rd_addr: 20, rd_wdata: ffffffff, mem_addr: ffffffff, mem_rdata: 00000000, mem_wdata: 0003ffff
ClkCycle:       8081, pc_rdata: 00028050, pc_wdata: 00028054, insn: 007a5a93, mode: 3, rs1_addr: 20, rs1_rdata: ffffffff, rs2_addr:  7, rs2_rdata: 00000000, rd_addr: 21, rd_wdata: 1fffffff, mem_addr: 1fffffff, mem_rdata: 00000000, mem_wdata: 00000000
ClkCycle:       8082, pc_rdata: 00028054, pc_wdata: 00028058, insn: 039a5793, mode: 3, rs1_addr: 20, rs1_rdata: ffffffff, rs2_addr: 25, rs2_rdata: 00000000, rd_addr: 15, rd_wdata: 000007ff, mem_addr: 000007ff, mem_rdata: 00000000, mem_wdata: 00000000
ClkCycle:       8083, pc_rdata: 00028058, pc_wdata: 0002805c, insn: 00faeab3, mode: 3, rs1_addr: 21, rs1_rdata: 00000000, rs2_addr: 15, rs2_rdata: 0003ffff, rd_addr: 21, rd_wdata: 1fffffff, mem_addr: 1fffffff, mem_rdata: 00000000, mem_wdata: 000007ff
ClkCycle:       8084, pc_rdata: 0002805c, pc_wdata: 00028060, insn: 007adb13, mode: 3, rs1_addr: 21, rs1_rdata: 1fffffff, rs2_addr:  7, rs2_rdata: 00000000, rd_addr: 22, rd_wdata: 003fffff, mem_addr: 003fffff, mem_rdata: 00000000, mem_wdata: 00000000
ClkCycle:       8085, pc_rdata: 00028060, pc_wdata: 00028064, insn: 039ad793, mode: 3, rs1_addr: 21, rs1_rdata: 1fffffff, rs2_addr: 25, rs2_rdata: 00000000, rd_addr: 15, rd_wdata: 0000000f, mem_addr: 0000000f, mem_rdata: 00000000, mem_wdata: 00000000
ClkCycle:       8086, pc_rdata: 00028064, pc_wdata: 00028068, insn: 00fb6b33, mode: 3, rs1_addr: 22, rs1_rdata: 00000000, rs2_addr: 15, rs2_rdata: 000007ff, rd_addr: 22, rd_wdata: 003fffff, mem_addr: 003fffff, mem_rdata: 00000000, mem_wdata: 0000000f
ClkCycle:       8087, pc_rdata: 00028068, pc_wdata: 0002806c, insn: 007b5b93, mode: 3, rs1_addr: 22, rs1_rdata: 003fffff, rs2_addr:  7, rs2_rdata: 00000000, rd_addr: 23, rd_wdata: 00007fff, mem_addr: 00007fff, mem_rdata: 00000000, mem_wdata: 00000000
ClkCycle:       8088, pc_rdata: 0002806c, pc_wdata: 00028070, insn: 039b5793, mode: 3, rs1_addr: 22, rs1_rdata: 003fffff, rs2_addr: 25, rs2_rdata: 00000000, rd_addr: 15, rd_wdata: 00000000, mem_addr: 00000000, mem_rdata: 00000000, mem_wdata: 00000000
ClkCycle:       8089, pc_rdata: 00028070, pc_wdata: 00028074, insn: 00fbebb3, mode: 3, rs1_addr: 23, rs1_rdata: 00000000, rs2_addr: 15, rs2_rdata: 0000000f, rd_addr: 23, rd_wdata: 00007fff, mem_addr: 00007fff, mem_rdata: 00000000, mem_wdata: 00000000
ClkCycle:       8090, pc_rdata: 00028074, pc_wdata: 00028078, insn: 007bdc13, mode: 3, rs1_addr: 23, rs1_rdata: 00007fff, rs2_addr:  7, rs2_rdata: 00000000, rd_addr: 24, rd_wdata: 000000ff, mem_addr: 000000ff, mem_rdata: 00000000, mem_wdata: 00000000
ClkCycle:       8091, pc_rdata: 00028078, pc_wdata: 0002807c, insn: 039bd793, mode: 3, rs1_addr: 23, rs1_rdata: 00007fff, rs2_addr: 25, rs2_rdata: 00000000, rd_addr: 15, rd_wdata: 00000000, mem_addr: 00000000, mem_rdata: 00000000, mem_wdata: 00000000
ClkCycle:       8092, pc_rdata: 0002807c, pc_wdata: 00028080, insn: 00fc6c33, mode: 3, rs1_addr: 24, rs1_rdata: 00000000, rs2_addr: 15, rs2_rdata: 00000000, rd_addr: 24, rd_wdata: 000000ff, mem_addr: 000000ff, mem_rdata: 00000000, mem_wdata: 00000000
ClkCycle:       8093, pc_rdata: 00028080, pc_wdata: 00028084, insn: 007c5c93, mode: 3, rs1_addr: 24, rs1_rdata: 000000ff, rs2_addr:  7, rs2_rdata: 00000000, rd_addr: 25, rd_wdata: 00000001, mem_addr: 00000001, mem_rdata: 00000000, mem_wdata: 00000000
ClkCycle:       8094, pc_rdata: 00028084, pc_wdata: 00028088, insn: 039c5793, mode: 3, rs1_addr: 24, rs1_rdata: 000000ff, rs2_addr: 25, rs2_rdata: 00000000, rd_addr: 15, rd_wdata: 00000000, mem_addr: 00000000, mem_rdata: 00000000, mem_wdata: 00000001
ClkCycle:       8095, pc_rdata: 00028088, pc_wdata: 0002808c, insn: 00fcecb3, mode: 3, rs1_addr: 25, rs1_rdata: 00000000, rs2_addr: 15, rs2_rdata: 00000000, rd_addr: 25, rd_wdata: 00000001, mem_addr: 00000001, mem_rdata: 00000000, mem_wdata: 00000000
ClkCycle:       8096, pc_rdata: 0002808c, pc_wdata: 00028090, insn: 007cdd13, mode: 3, rs1_addr: 25, rs1_rdata: 00000001, rs2_addr:  7, rs2_rdata: 00000000, rd_addr: 26, rd_wdata: 00000000, mem_addr: 00000000, mem_rdata: 00000000, mem_wdata: 00000000
ClkCycle:       8097, pc_rdata: 00028090, pc_wdata: 00028094, insn: 039cd793, mode: 3, rs1_addr: 25, rs1_rdata: 00000001, rs2_addr: 25, rs2_rdata: 00000001, rd_addr: 15, rd_wdata: 00000000, mem_addr: 00000000, mem_rdata: 00000000, mem_wdata: 00000001
ClkCycle:       8098, pc_rdata: 00028094, pc_wdata: 00028098, insn: 00fd6d33, mode: 3, rs1_addr: 26, rs1_rdata: 00000000, rs2_addr: 15, rs2_rdata: 00000000, rd_addr: 26, rd_wdata: 00000000, mem_addr: 00000000, mem_rdata: 00000000, mem_wdata: 00000000
ClkCycle:       8099, pc_rdata: 00028098, pc_wdata: 0002809c, insn: 007d5d93, mode: 3, rs1_addr: 26, rs1_rdata: 00000000, rs2_addr:  7, rs2_rdata: 00000000, rd_addr: 27, rd_wdata: 00000000, mem_addr: 00000000, mem_rdata: 00000000, mem_wdata: 00000000
ClkCycle:       8100, pc_rdata: 0002809c, pc_wdata: 000280a0, insn: 039d5793, mode: 3, rs1_addr: 26, rs1_rdata: 00000000, rs2_addr: 25, rs2_rdata: 00000001, rd_addr: 15, rd_wdata: 00000000, mem_addr: 00000000, mem_rdata: 00000000, mem_wdata: 00000001
ClkCycle:       8101, pc_rdata: 000280a0, pc_wdata: 000280a4, insn: 00fdedb3, mode: 3, rs1_addr: 27, rs1_rdata: 00000000, rs2_addr: 15, rs2_rdata: 00000000, rd_addr: 27, rd_wdata: 00000000, mem_addr: 00000000, mem_rdata: 00000000, mem_wdata: 00000000
ClkCycle:       8102, pc_rdata: 000280a4, pc_wdata: 000280a8, insn: 007dde13, mode: 3, rs1_addr: 27, rs1_rdata: 00000000, rs2_addr:  7, rs2_rdata: 00000000, rd_addr: 28, rd_wdata: 00000000, mem_addr: 00000000, mem_rdata: 00000000, mem_wdata: 00000000
ClkCycle:       8103, pc_rdata: 000280a8, pc_wdata: 000280ac, insn: 039dd793, mode: 3, rs1_addr: 27, rs1_rdata: 00000000, rs2_addr: 25, rs2_rdata: 00000001, rd_addr: 15, rd_wdata: 00000000, mem_addr: 00000000, mem_rdata: 00000000, mem_wdata: 00000001
ClkCycle:       8104, pc_rdata: 000280ac, pc_wdata: 000280b0, insn: 00fe6e33, mode: 3, rs1_addr: 28, rs1_rdata: 00000000, rs2_addr: 15, rs2_rdata: 00000000, rd_addr: 28, rd_wdata: 00000000, mem_addr: 00000000, mem_rdata: 00000000, mem_wdata: 00000000
ClkCycle:       8105, pc_rdata: 000280b0, pc_wdata: 000280b4, insn: 007e5e93, mode: 3, rs1_addr: 28, rs1_rdata: 00000000, rs2_addr:  7, rs2_rdata: 00000000, rd_addr: 29, rd_wdata: 00000000, mem_addr: 00000000, mem_rdata: 00000000, mem_wdata: 00000000
ClkCycle:       8106, pc_rdata: 000280b4, pc_wdata: 000280b8, insn: 039e5793, mode: 3, rs1_addr: 28, rs1_rdata: 00000000, rs2_addr: 25, rs2_rdata: 00000001, rd_addr: 15, rd_wdata: 00000000, mem_addr: 00000000, mem_rdata: 00000000, mem_wdata: 00000001
ClkCycle:       8107, pc_rdata: 000280b8, pc_wdata: 000280bc, insn: 00feeeb3, mode: 3, rs1_addr: 29, rs1_rdata: 00000000, rs2_addr: 15, rs2_rdata: 00000000, rd_addr: 29, rd_wdata: 00000000, mem_addr: 00000000, mem_rdata: 00000000, mem_wdata: 00000000
ClkCycle:       8108, pc_rdata: 000280bc, pc_wdata: 000280c0, insn: 007edf13, mode: 3, rs1_addr: 29, rs1_rdata: 00000000, rs2_addr:  7, rs2_rdata: 00000000, rd_addr: 30, rd_wdata: 00000000, mem_addr: 00000000, mem_rdata: 00000000, mem_wdata: 00000000
ClkCycle:       8109, pc_rdata: 000280c0, pc_wdata: 000280c4, insn: 039ed793, mode: 3, rs1_addr: 29, rs1_rdata: 00000000, rs2_addr: 25, rs2_rdata: 00000001, rd_addr: 15, rd_wdata: 00000000, mem_addr: 00000000, mem_rdata: 00000000, mem_wdata: 00000001
ClkCycle:       8110, pc_rdata: 000280c4, pc_wdata: 000280c8, insn: 00ff6f33, mode: 3, rs1_addr: 30, rs1_rdata: 00000000, rs2_addr: 15, rs2_rdata: 00000000, rd_addr: 30, rd_wdata: 00000000, mem_addr: 00000000, mem_rdata: 00000000, mem_wdata: 00000000
ClkCycle:       8111, pc_rdata: 000280c8, pc_wdata: 000280cc, insn: feedc0b7, mode: 3, rs1_addr: 27, rs1_rdata: 00000000, rs2_addr: 14, rs2_rdata: 00000000, rd_addr:  1, rd_wdata: feedc000, mem_addr: feedc000, mem_rdata: 00000000, mem_wdata: 00000000
ClkCycle:       8112, pc_rdata: 000280cc, pc_wdata: 000280d0, insn: ead08093, mode: 3, rs1_addr:  1, rs1_rdata: 00000000, rs2_addr: 13, rs2_rdata: 000162d4, rd_addr:  1, rd_wdata: feedbead, mem_addr: feedbead, mem_rdata: 00000000, mem_wdata: 000162d4
ClkCycle:       8113, pc_rdata: 000280d0, pc_wdata: 000280d4, insn: 00b09093, mode: 3, rs1_addr:  1, rs1_rdata: 00000000, rs2_addr: 11, rs2_rdata: 00000000, rd_addr:  1, rd_wdata: 6df56800, mem_addr: 6df56800, mem_rdata: 00000000, mem_wdata: 00000000
ClkCycle:       8114, pc_rdata: 000280d4, pc_wdata: 000280d8, insn: 7f708093, mode: 3, rs1_addr:  1, rs1_rdata: feedc000, rs2_addr: 23, rs2_rdata: 00007fff, rd_addr:  1, rd_wdata: 6df56ff7, mem_addr: 6df56ff7, mem_rdata: 00000000, mem_wdata: 00007fff
ClkCycle:       8115, pc_rdata: 000280d8, pc_wdata: 000280dc, insn: 00b09093, mode: 3, rs1_addr:  1, rs1_rdata: feedbead, rs2_addr: 11, rs2_rdata: 00000000, rd_addr:  1, rd_wdata: ab7fb800, mem_addr: ab7fb800, mem_rdata: 00000000, mem_wdata: 00000000
ClkCycle:       8116, pc_rdata: 000280dc, pc_wdata: 000280e0, insn: 36f08093, mode: 3, rs1_addr:  1, rs1_rdata: 6df56800, rs2_addr: 15, rs2_rdata: 00000000, rd_addr:  1, rd_wdata: ab7fbb6f, mem_addr: ab7fbb6f, mem_rdata: 00000000, mem_wdata: 00000000
ClkCycle:       8117, pc_rdata: 000280e0, pc_wdata: 000280e4, insn: 00a09093, mode: 3, rs1_addr:  1, rs1_rdata: 6df56ff7, rs2_addr: 10, rs2_rdata: 00000000, rd_addr:  1, rd_wdata: feedbc00, mem_addr: feedbc00, mem_rdata: 00000000, mem_wdata: 00000000
ClkCycle:       8118, pc_rdata: 000280e4, pc_wdata: 000280e8, insn: 2ad08093, mode: 3, rs1_addr:  1, rs1_rdata: ab7fb800, rs2_addr: 13, rs2_rdata: 000162d4, rd_addr:  1, rd_wdata: feedbead, mem_addr: feedbead, mem_rdata: 00000000, mem_wdata: 000162d4
ClkCycle:       8119, pc_rdata: 000280e8, pc_wdata: 000280ec, insn: 0070d113, mode: 3, rs1_addr:  1, rs1_rdata: ab7fbb6f, rs2_addr:  7, rs2_rdata: 00000000, rd_addr:  2, rd_wdata: 5bfddb7d, mem_addr: 5bfddb7d, mem_rdata: 00000000, mem_wdata: 00000000
ClkCycle:       8120, pc_rdata: 000280ec, pc_wdata: 000280f0, insn: 0390d793, mode: 3, rs1_addr:  1, rs1_rdata: feedbc00, rs2_addr: 25, rs2_rdata: 00000001, rd_addr: 15, rd_wdata: 76df56ff, mem_addr: 76df56ff, mem_rdata: 00000000, mem_wdata: 00000001
ClkCycle:       8121, pc_rdata: 000280f0, pc_wdata: 000280f4, insn: 00f16133, mode: 3, rs1_addr:  2, rs1_rdata: 00016000, rs2_addr: 15, rs2_rdata: 00000000, rd_addr:  2, rd_wdata: 7fffdfff, mem_addr: 7fffdfff, mem_rdata: 00000000, mem_wdata: 76df56ff
ClkCycle:       8122, pc_rdata: 000280f4, pc_wdata: 000280f8, insn: 00715193, mode: 3, rs1_addr:  2, rs1_rdata: 5bfddb7d, rs2_addr:  7, rs2_rdata: 00000000, rd_addr:  3, rd_wdata: feffffbf, mem_addr: feffffbf, mem_rdata: 00000000, mem_wdata: 00000000
ClkCycle:       8123, pc_rdata: 000280f8, pc_wdata: 000280fc, insn: 03915793, mode: 3, rs1_addr:  2, rs1_rdata: 5bfddb7d, rs2_addr: 25, rs2_rdata: 00000001, rd_addr: 15, rd_wdata: feedbfbf, mem_addr: feedbfbf, mem_rdata: 00000000, mem_wdata: 00000001
ClkCycle:       8124, pc_rdata: 000280fc, pc_wdata: 00028100, insn: 00f1e1b3, mode: 3, rs1_addr:  3, rs1_rdata: 00000000, rs2_addr: 15, rs2_rdata: 76df56ff, rd_addr:  3, rd_wdata: feffffbf, mem_addr: feffffbf, mem_rdata: 00000000, mem_wdata: feedbfbf
ClkCycle:       8125, pc_rdata: 00028100, pc_wdata: 00028104, insn: 0071d213, mode: 3, rs1_addr:  3, rs1_rdata: feffffbf, rs2_addr:  7, rs2_rdata: 00000000, rd_addr:  4, rd_wdata: 6dfdffff, mem_addr: 6dfdffff, mem_rdata: 00000000, mem_wdata: 00000000
ClkCycle:       8126, pc_rdata: 00028104, pc_wdata: 00028108, insn: 0391d793, mode: 3, rs1_addr:  3, rs1_rdata: feffffbf, rs2_addr: 25, rs2_rdata: 00000001, rd_addr: 15, rd_wdata: 01fddb7f, mem_addr: 01fddb7f, mem_rdata: 00000000, mem_wdata: 00000001
ClkCycle:       8127, pc_rdata: 00028108, pc_wdata: 0002810c, insn: 00f26233, mode: 3, rs1_addr:  4, rs1_rdata: 00000000, rs2_addr: 15, rs2_rdata: feedbfbf, rd_addr:  4, rd_wdata: 6dfdffff, mem_addr: 6dfdffff, mem_rdata: 00000000, mem_wdata: 01fddb7f
ClkCycle:       8128, pc_rdata: 0002810c, pc_wdata: 00028110, insn: 00725293, mode: 3, rs1_addr:  4, rs1_rdata: 6dfdffff, rs2_addr:  7, rs2_rdata: 00000000, rd_addr:  5, rd_wdata: eedbfbff, mem_addr: eedbfbff, mem_rdata: 00000000, mem_wdata: 00000000
ClkCycle:       8129, pc_rdata: 00028110, pc_wdata: 00028114, insn: 03925793, mode: 3, rs1_addr:  4, rs1_rdata: 6dfdffff, rs2_addr: 25, rs2_rdata: 00000001, rd_addr: 15, rd_wdata: 0003fbb6, mem_addr: 0003fbb6, mem_rdata: 00000000, mem_wdata: 00000001
ClkCycle:       8130, pc_rdata: 00028114, pc_wdata: 00028118, insn: 00f2e2b3, mode: 3, rs1_addr:  5, rs1_rdata: 00000000, rs2_addr: 15, rs2_rdata: 01fddb7f, rd_addr:  5, rd_wdata: eedbfbff, mem_addr: eedbfbff, mem_rdata: 00000000, mem_wdata: 0003fbb6
ClkCycle:       8131, pc_rdata: 00028118, pc_wdata: 0002811c, insn: 0072d313, mode: 3, rs1_addr:  5, rs1_rdata: eedbfbff, rs2_addr:  7, rs2_rdata: 00000000, rd_addr:  6, rd_wdata: 1fddb7f7, mem_addr: 1fddb7f7, mem_rdata: 00000000, mem_wdata: 00000000
ClkCycle:       8132, pc_rdata: 0002811c, pc_wdata: 00028120, insn: 0392d793, mode: 3, rs1_addr:  5, rs1_rdata: eedbfbff, rs2_addr: 25, rs2_rdata: 00000001, rd_addr: 15, rd_wdata: 000007f7, mem_addr: 000007f7, mem_rdata: 00000000, mem_wdata: 00000001
ClkCycle:       8133, pc_rdata: 00028120, pc_wdata: 00028124, insn: 00f36333, mode: 3, rs1_addr:  6, rs1_rdata: 00000000, rs2_addr: 15, rs2_rdata: 0003fbb6, rd_addr:  6, rd_wdata: 1fddb7f7, mem_addr: 1fddb7f7, mem_rdata: 00000000, mem_wdata: 000007f7
ClkCycle:       8134, pc_rdata: 00028124, pc_wdata: 00028128, insn: 00735393, mode: 3, rs1_addr:  6, rs1_rdata: 1fddb7f7, rs2_addr:  7, rs2_rdata: 00000000, rd_addr:  7, rd_wdata: 003fbb6f, mem_addr: 003fbb6f, mem_rdata: 00000000, mem_wdata: 00000000
ClkCycle:       8135, pc_rdata: 00028128, pc_wdata: 0002812c, insn: 03935793, mode: 3, rs1_addr:  6, rs1_rdata: 1fddb7f7, rs2_addr: 25, rs2_rdata: 00000001, rd_addr: 15, rd_wdata: 0000000f, mem_addr: 0000000f, mem_rdata: 00000000, mem_wdata: 00000001
ClkCycle:       8136, pc_rdata: 0002812c, pc_wdata: 00028130, insn: 00f3e3b3, mode: 3, rs1_addr:  7, rs1_rdata: 00000000, rs2_addr: 15, rs2_rdata: 000007f7, rd_addr:  7, rd_wdata: 003fbb6f, mem_addr: 003fbb6f, mem_rdata: 00000000, mem_wdata: 0000000f
ClkCycle:       8137, pc_rdata: 00028130, pc_wdata: 00028134, insn: 0073d413, mode: 3, rs1_addr:  7, rs1_rdata: 003fbb6f, rs2_addr:  7, rs2_rdata: 003fbb6f, rd_addr:  8, rd_wdata: 00007f76, mem_addr: 00007f76, mem_rdata: 00000000, mem_wdata: 003fbb6f
ClkCycle:       8138, pc_rdata: 00028134, pc_wdata: 00028138, insn: 0393d793, mode: 3, rs1_addr:  7, rs1_rdata: 003fbb6f, rs2_addr: 25, rs2_rdata: 00000001, rd_addr: 15, rd_wdata: 00000000, mem_addr: 00000000, mem_rdata: 00000000, mem_wdata: 00000001
ClkCycle:       8139, pc_rdata: 00028138, pc_wdata: 0002813c, insn: 00f46433, mode: 3, rs1_addr:  8, rs1_rdata: 00016000, rs2_addr: 15, rs2_rdata: 0000000f, rd_addr:  8, rd_wdata: 00007f76, mem_addr: 00007f76, mem_rdata: 00000000, mem_wdata: 00000000
ClkCycle:       8140, pc_rdata: 0002813c, pc_wdata: 00028140, insn: 00745493, mode: 3, rs1_addr:  8, rs1_rdata: 00007f76, rs2_addr:  7, rs2_rdata: 003fbb6f, rd_addr:  9, rd_wdata: 000000fe, mem_addr: 000000fe, mem_rdata: 00000000, mem_wdata: 003fbb6f
ClkCycle:       8141, pc_rdata: 00028140, pc_wdata: 00028144, insn: 03945793, mode: 3, rs1_addr:  8, rs1_rdata: 00007f76, rs2_addr: 25, rs2_rdata: 00000001, rd_addr: 15, rd_wdata: 00000000, mem_addr: 00000000, mem_rdata: 00000000, mem_wdata: 00000001
ClkCycle:       8142, pc_rdata: 00028144, pc_wdata: 00028148, insn: 00f4e4b3, mode: 3, rs1_addr:  9, rs1_rdata: 00016214, rs2_addr: 15, rs2_rdata: 00000000, rd_addr:  9, rd_wdata: 000000fe, mem_addr: 000000fe, mem_rdata: 00000000, mem_wdata: 00000000
ClkCycle:       8143, pc_rdata: 00028148, pc_wdata: 0002814c, insn: 0074d513, mode: 3, rs1_addr:  9, rs1_rdata: 000000fe, rs2_addr:  7, rs2_rdata: 003fbb6f, rd_addr: 10, rd_wdata: 00000001, mem_addr: 00000001, mem_rdata: 00000000, mem_wdata: 003fbb6f
ClkCycle:       8144, pc_rdata: 0002814c, pc_wdata: 00028150, insn: 0394d793, mode: 3, rs1_addr:  9, rs1_rdata: 000000fe, rs2_addr: 25, rs2_rdata: 00000001, rd_addr: 15, rd_wdata: 00000000, mem_addr: 00000000, mem_rdata: 00000000, mem_wdata: 00000001
ClkCycle:       8145, pc_rdata: 00028150, pc_wdata: 00028154, insn: 00f56533, mode: 3, rs1_addr: 10, rs1_rdata: 00000000, rs2_addr: 15, rs2_rdata: 00000000, rd_addr: 10, rd_wdata: 00000001, mem_addr: 00000001, mem_rdata: 00000000, mem_wdata: 00000000
ClkCycle:       8146, pc_rdata: 00028154, pc_wdata: 00028158, insn: 00755593, mode: 3, rs1_addr: 10, rs1_rdata: 00000001, rs2_addr:  7, rs2_rdata: 003fbb6f, rd_addr: 11, rd_wdata: 00000000, mem_addr: 00000000, mem_rdata: 00000000, mem_wdata: 003fbb6f
ClkCycle:       8147, pc_rdata: 00028158, pc_wdata: 0002815c, insn: 03955793, mode: 3, rs1_addr: 10, rs1_rdata: 00000001, rs2_addr: 25, rs2_rdata: 00000001, rd_addr: 15, rd_wdata: 00000000, mem_addr: 00000000, mem_rdata: 00000000, mem_wdata: 00000001
ClkCycle:       8148, pc_rdata: 0002815c, pc_wdata: 00028160, insn: 00f5e5b3, mode: 3, rs1_addr: 11, rs1_rdata: 00000000, rs2_addr: 15, rs2_rdata: 00000000, rd_addr: 11, rd_wdata: 00000000, mem_addr: 00000000, mem_rdata: 00000000, mem_wdata: 00000000
ClkCycle:       8149, pc_rdata: 00028160, pc_wdata: 00028164, insn: 0075d613, mode: 3, rs1_addr: 11, rs1_rdata: 00000000, rs2_addr:  7, rs2_rdata: 003fbb6f, rd_addr: 12, rd_wdata: 00000000, mem_addr: 00000000, mem_rdata: 00000000, mem_wdata: 003fbb6f
ClkCycle:       8150, pc_rdata: 00028164, pc_wdata: 00028168, insn: 0395d793, mode: 3, rs1_addr: 11, rs1_rdata: 00000000, rs2_addr: 25, rs2_rdata: 00000001, rd_addr: 15, rd_wdata: 00000000, mem_addr: 00000000, mem_rdata: 00000000, mem_wdata: 00000001
ClkCycle:       8151, pc_rdata: 00028168, pc_wdata: 0002816c, insn: 00f66633, mode: 3, rs1_addr: 12, rs1_rdata: 00000000, rs2_addr: 15, rs2_rdata: 00000000, rd_addr: 12, rd_wdata: 00000000, mem_addr: 00000000, mem_rdata: 00000000, mem_wdata: 00000000
ClkCycle:       8152, pc_rdata: 0002816c, pc_wdata: 00028170, insn: 00765693, mode: 3, rs1_addr: 12, rs1_rdata: 00000000, rs2_addr:  7, rs2_rdata: 003fbb6f, rd_addr: 13, rd_wdata: 00000000, mem_addr: 00000000, mem_rdata: 00000000, mem_wdata: 003fbb6f
ClkCycle:       8153, pc_rdata: 00028170, pc_wdata: 00028174, insn: 03965793, mode: 3, rs1_addr: 12, rs1_rdata: 00000000, rs2_addr: 25, rs2_rdata: 00000001, rd_addr: 15, rd_wdata: 00000000, mem_addr: 00000000, mem_rdata: 00000000, mem_wdata: 00000001
ClkCycle:       8154, pc_rdata: 00028174, pc_wdata: 00028178, insn: 00f6e6b3, mode: 3, rs1_addr: 13, rs1_rdata: 000162d4, rs2_addr: 15, rs2_rdata: 00000000, rd_addr: 13, rd_wdata: 00000000, mem_addr: 00000000, mem_rdata: 00000000, mem_wdata: 00000000
ClkCycle:       8155, pc_rdata: 00028178, pc_wdata: 0002817c, insn: 00000013, mode: 3, rs1_addr:  0, rs1_rdata: 00000000, rs2_addr:  0, rs2_rdata: 00000000, rd_addr:  0, rd_wdata: 00000000, mem_addr: 00000000, mem_rdata: 00000000, mem_wdata: 00000000
ClkCycle:       8156, pc_rdata: 0002817c, pc_wdata: 00028180, insn: 00000013, mode: 3, rs1_addr:  0, rs1_rdata: 00000000, rs2_addr:  0, rs2_rdata: 00000000, rd_addr:  0, rd_wdata: 00000000, mem_addr: 00000000, mem_rdata: 00000000, mem_wdata: 00000000
ClkCycle:       8157, pc_rdata: 00028180, pc_wdata: 00028184, insn: 00003417, mode: 3, rs1_addr:  0, rs1_rdata: 00000000, rs2_addr:  0, rs2_rdata: 00000000, rd_addr:  8, rd_wdata: 0002b180, mem_addr: 0002b180, mem_rdata: 00000000, mem_wdata: 00000000
ClkCycle:       8158, pc_rdata: 00028184, pc_wdata: 00028188, insn: f9840413, mode: 3, rs1_addr:  8, rs1_rdata: 00007f76, rs2_addr: 24, rs2_rdata: 000000ff, rd_addr:  8, rd_wdata: 0002b118, mem_addr: 0002b118, mem_rdata: 00000000, mem_wdata: 000000ff
ClkCycle:       8159, pc_rdata: 00028188, pc_wdata: 0002818c, insn: 00000013, mode: 3, rs1_addr:  0, rs1_rdata: 00000000, rs2_addr:  0, rs2_rdata: 00000000, rd_addr:  0, rd_wdata: 00000000, mem_addr: 00000000, mem_rdata: 00000000, mem_wdata: 00000000
ClkCycle:       8160, pc_rdata: 0002818c, pc_wdata: 00028190, insn: 00000013, mode: 3, rs1_addr:  0, rs1_rdata: 00000000, rs2_addr:  0, rs2_rdata: 00000000, rd_addr:  0, rd_wdata: 00000000, mem_addr: 00000000, mem_rdata: 00000000, mem_wdata: 00000000
ClkCycle:       8161, pc_rdata: 00028190, pc_wdata: 00028194, insn: 00000013, mode: 3, rs1_addr:  0, rs1_rdata: 00000000, rs2_addr:  0, rs2_rdata: 00000000, rd_addr:  0, rd_wdata: 00000000, mem_addr: 00000000, mem_rdata: 00000000, mem_wdata: 00000000
ClkCycle:       8162, pc_rdata: 00028194, pc_wdata: 00028198, insn: 00000013, mode: 3, rs1_addr:  0, rs1_rdata: 00000000, rs2_addr:  0, rs2_rdata: 00000000, rd_addr:  0, rd_wdata: 00000000, mem_addr: 00000000, mem_rdata: 00000000, mem_wdata: 00000000
ClkCycle:       8163, pc_rdata: 00028198, pc_wdata: 0002819c, insn: 00000013, mode: 3, rs1_addr:  0, rs1_rdata: 00000000, rs2_addr:  0, rs2_rdata: 00000000, rd_addr:  0, rd_wdata: 00000000, mem_addr: 00000000, mem_rdata: 00000000, mem_wdata: 00000000
ClkCycle:       8164, pc_rdata: 0002819c, pc_wdata: 000281a0, insn: 00000013, mode: 3, rs1_addr:  0, rs1_rdata: 00000000, rs2_addr:  0, rs2_rdata: 00000000, rd_addr:  0, rd_wdata: 00000000, mem_addr: 00000000, mem_rdata: 00000000, mem_wdata: 00000000
ClkCycle:       8165, pc_rdata: 000281a0, pc_wdata: 000281a4, insn: 00002117, mode: 3, rs1_addr:  0, rs1_rdata: 00000000, rs2_addr:  0, rs2_rdata: 00000000, rd_addr:  2, rd_wdata: 0002a1a0, mem_addr: 0002a1a0, mem_rdata: 00000000, mem_wdata: 00000000
ClkCycle:       8166, pc_rdata: 000281a4, pc_wdata: 000281a8, insn: e4810113, mode: 3, rs1_addr:  2, rs1_rdata: 7fffdfff, rs2_addr:  8, rs2_rdata: 0002b118, rd_addr:  2, rd_wdata: 00029fe8, mem_addr: 00029fe8, mem_rdata: 00000000, mem_wdata: 0002b118
ClkCycle:       8167, pc_rdata: 000281a8, pc_wdata: 000281ac, insn: 00000013, mode: 3, rs1_addr:  0, rs1_rdata: 00000000, rs2_addr:  0, rs2_rdata: 00000000, rd_addr:  0, rd_wdata: 00000000, mem_addr: 00000000, mem_rdata: 00000000, mem_wdata: 00000000
ClkCycle:       8168, pc_rdata: 000281ac, pc_wdata: 000281b0, insn: 00000013, mode: 3, rs1_addr:  0, rs1_rdata: 00000000, rs2_addr:  0, rs2_rdata: 00000000, rd_addr:  0, rd_wdata: 00000000, mem_addr: 00000000, mem_rdata: 00000000, mem_wdata: 00000000
ClkCycle:       8169, pc_rdata: 000281b0, pc_wdata: 000281b4, insn: 00000013, mode: 3, rs1_addr:  0, rs1_rdata: 00000000, rs2_addr:  0, rs2_rdata: 00000000, rd_addr:  0, rd_wdata: 00000000, mem_addr: 00000000, mem_rdata: 00000000, mem_wdata: 00000000
ClkCycle:       8170, pc_rdata: 000281b4, pc_wdata: 000281b8, insn: 00000013, mode: 3, rs1_addr:  0, rs1_rdata: 00000000, rs2_addr:  0, rs2_rdata: 00000000, rd_addr:  0, rd_wdata: 00000000, mem_addr: 00000000, mem_rdata: 00000000, mem_wdata: 00000000
ClkCycle:       8171, pc_rdata: 000281b8, pc_wdata: 000281bc, insn: 00000013, mode: 3, rs1_addr:  0, rs1_rdata: 00000000, rs2_addr:  0, rs2_rdata: 00000000, rd_addr:  0, rd_wdata: 00000000, mem_addr: 00000000, mem_rdata: 00000000, mem_wdata: 00000000
ClkCycle:       8172, pc_rdata: 000281bc, pc_wdata: 000281c0, insn: 00000013, mode: 3, rs1_addr:  0, rs1_rdata: 00000000, rs2_addr:  0, rs2_rdata: 00000000, rd_addr:  0, rd_wdata: 00000000, mem_addr: 00000000, mem_rdata: 00000000, mem_wdata: 00000000
ClkCycle:       8173, pc_rdata: 000281c0, pc_wdata: 000281c2, insn: 000140e2, mode: 3, rs1_addr:  2, rs1_rdata: 00029fe8, rs2_addr: 24, rs2_rdata: 000000ff, rd_addr:  1, rd_wdata: 00000000, mem_addr: 0002a000, mem_rdata: 00000000, mem_wdata: 000000ff
ClkCycle:       8174, pc_rdata: 000281c2, pc_wdata: 000281c6, insn: 000140e2, mode: 3, rs1_addr:  0, rs1_rdata: 00000000, rs2_addr:  0, rs2_rdata: 00000000, rd_addr:  0, rd_wdata: 00000000, mem_addr: 00000000, mem_rdata: 00000000, mem_wdata: 00000000
ClkCycle:       8175, pc_rdata: 000281c6, pc_wdata: 000281c8, insn: 00130014, mode: 3, rs1_addr:  0, rs1_rdata: 00000000, rs2_addr:  0, rs2_rdata: 00000000, rd_addr:  0, rd_wdata: 00000000, mem_addr: 00000000, mem_rdata: 00000000, mem_wdata: 00000000
ClkCycle:       8176, pc_rdata: 000281c8, pc_wdata: 000281ca, insn: 00130014, mode: 3, rs1_addr:  2, rs1_rdata: 00029fe8, rs2_addr:  0, rs2_rdata: 00000000, rd_addr: 13, rd_wdata: 00029fe8, mem_addr: 00029fe8, mem_rdata: 00000000, mem_wdata: 00000000
ClkCycle:       8177, pc_rdata: 000281ca, pc_wdata: 000281ce, insn: 00130014, mode: 3, rs1_addr:  0, rs1_rdata: 00000000, rs2_addr:  0, rs2_rdata: 00000000, rd_addr:  0, rd_wdata: 00000000, mem_addr: 00000000, mem_rdata: 00000000, mem_wdata: 00000000
ClkCycle:       8178, pc_rdata: 000281ce, pc_wdata: 000281d2, insn: 00130000, mode: 3, rs1_addr:  0, rs1_rdata: 00000000, rs2_addr:  0, rs2_rdata: 00000000, rd_addr:  0, rd_wdata: 00000000, mem_addr: 00000000, mem_rdata: 00000000, mem_wdata: 00000000
ClkCycle:       8179, pc_rdata: 000281d2, pc_wdata: 000281d6, insn: 00130000, mode: 3, rs1_addr:  0, rs1_rdata: 00000000, rs2_addr:  0, rs2_rdata: 00000000, rd_addr:  0, rd_wdata: 00000000, mem_addr: 00000000, mem_rdata: 00000000, mem_wdata: 00000000
ClkCycle:       8180, pc_rdata: 000281d6, pc_wdata: 000281da, insn: 00130000, mode: 3, rs1_addr:  0, rs1_rdata: 00000000, rs2_addr:  0, rs2_rdata: 00000000, rd_addr:  0, rd_wdata: 00000000, mem_addr: 00000000, mem_rdata: 00000000, mem_wdata: 00000000
ClkCycle:       8181, pc_rdata: 000281da, pc_wdata: 000281de, insn: 00130000, mode: 3, rs1_addr:  0, rs1_rdata: 00000000, rs2_addr:  0, rs2_rdata: 00000000, rd_addr:  0, rd_wdata: 00000000, mem_addr: 00000000, mem_rdata: 00000000, mem_wdata: 00000000
ClkCycle:       8182, pc_rdata: 000281de, pc_wdata: 000281e2, insn: 00002117, mode: 3, rs1_addr: 14, rs1_rdata: 00000000, rs2_addr: 17, rs2_rdata: fffeffff, rd_addr:  0, rd_wdata: 00000211, mem_addr: 00000211, mem_rdata: 00000000, mem_wdata: fffeffff
ClkCycle:       8183, pc_rdata: 000281e2, pc_wdata: 000281e6, insn: 00002117, mode: 3, rs1_addr:  0, rs1_rdata: 00000000, rs2_addr:  0, rs2_rdata: 00000000, rd_addr:  0, rd_wdata: 00000000, mem_addr: 00000000, mem_rdata: 00000000, mem_wdata: 00000000
ClkCycle:       8184, pc_rdata: 000281e6, pc_wdata: 000281e8, insn: 00000013, mode: 3, rs1_addr:  2, rs1_rdata: 00029fe8, rs2_addr:  0, rs2_rdata: 00000000, rd_addr:  8, rd_wdata: 00029fe8, mem_addr: 00029fe8, mem_rdata: 00000000, mem_wdata: 00000000
ClkCycle:       8185, pc_rdata: 000281e8, pc_wdata: 000281ec, insn: 00000013, mode: 3, rs1_addr:  0, rs1_rdata: 00000000, rs2_addr:  0, rs2_rdata: 00000000, rd_addr:  0, rd_wdata: 00000000, mem_addr: 00000000, mem_rdata: 00000000, mem_wdata: 00000000
ClkCycle:       8186, pc_rdata: 000281ec, pc_wdata: 000281f0, insn: 00000013, mode: 3, rs1_addr:  0, rs1_rdata: 00000000, rs2_addr:  0, rs2_rdata: 00000000, rd_addr:  0, rd_wdata: 00000000, mem_addr: 00000000, mem_rdata: 00000000, mem_wdata: 00000000
ClkCycle:       8187, pc_rdata: 000281f0, pc_wdata: 000281f4, insn: 00000013, mode: 3, rs1_addr:  0, rs1_rdata: 00000000, rs2_addr:  0, rs2_rdata: 00000000, rd_addr:  0, rd_wdata: 00000000, mem_addr: 00000000, mem_rdata: 00000000, mem_wdata: 00000000
ClkCycle:       8188, pc_rdata: 000281f4, pc_wdata: 000281f8, insn: 00000013, mode: 3, rs1_addr:  0, rs1_rdata: 00000000, rs2_addr:  0, rs2_rdata: 00000000, rd_addr:  0, rd_wdata: 00000000, mem_addr: 00000000, mem_rdata: 00000000, mem_wdata: 00000000
ClkCycle:       8189, pc_rdata: 000281f8, pc_wdata: 000281fc, insn: 00000013, mode: 3, rs1_addr:  0, rs1_rdata: 00000000, rs2_addr:  0, rs2_rdata: 00000000, rd_addr:  0, rd_wdata: 00000000, mem_addr: 00000000, mem_rdata: 00000000, mem_wdata: 00000000
ClkCycle:       8190, pc_rdata: 000281fc, pc_wdata: 00028200, insn: 00000013, mode: 3, rs1_addr:  0, rs1_rdata: 00000000, rs2_addr:  0, rs2_rdata: 00000000, rd_addr:  0, rd_wdata: 00000000, mem_addr: 00000000, mem_rdata: 00000000, mem_wdata: 00000000
ClkCycle:       8191, pc_rdata: 00028200, pc_wdata: 00028202, insn: 00014c02, mode: 3, rs1_addr:  2, rs1_rdata: 00029fe8, rs2_addr:  0, rs2_rdata: 00000000, rd_addr: 24, rd_wdata: 00000000, mem_addr: 00029fe8, mem_rdata: 00000000, mem_wdata: 00000000
ClkCycle:       8192, pc_rdata: 00028202, pc_wdata: 00028206, insn: 00014c02, mode: 3, rs1_addr:  0, rs1_rdata: 00000000, rs2_addr:  0, rs2_rdata: 00000000, rd_addr:  0, rd_wdata: 00000000, mem_addr: 00000000, mem_rdata: 00000000, mem_wdata: 00000000
ClkCycle:       8193, pc_rdata: 00028206, pc_wdata: 00028208, insn: 00130184, mode: 3, rs1_addr:  0, rs1_rdata: 00000000, rs2_addr:  0, rs2_rdata: 00000000, rd_addr:  0, rd_wdata: 00000000, mem_addr: 00000000, mem_rdata: 00000000, mem_wdata: 00000000
ClkCycle:       8194, pc_rdata: 00028208, pc_wdata: 0002820a, insn: 00130184, mode: 3, rs1_addr:  2, rs1_rdata: 00029fe8, rs2_addr:  0, rs2_rdata: 00000000, rd_addr:  9, rd_wdata: 0002a0a8, mem_addr: 0002a0a8, mem_rdata: 00000000, mem_wdata: 00000000
ClkCycle:       8195, pc_rdata: 0002820a, pc_wdata: 0002820e, insn: 00130184, mode: 3, rs1_addr:  0, rs1_rdata: 00000000, rs2_addr:  0, rs2_rdata: 00000000, rd_addr:  0, rd_wdata: 00000000, mem_addr: 00000000, mem_rdata: 00000000, mem_wdata: 00000000
ClkCycle:       8196, pc_rdata: 0002820e, pc_wdata: 00028212, insn: 00130000, mode: 3, rs1_addr:  0, rs1_rdata: 00000000, rs2_addr:  0, rs2_rdata: 00000000, rd_addr:  0, rd_wdata: 00000000, mem_addr: 00000000, mem_rdata: 00000000, mem_wdata: 00000000
ClkCycle:       8197, pc_rdata: 00028212, pc_wdata: 00028216, insn: 00130000, mode: 3, rs1_addr:  0, rs1_rdata: 00000000, rs2_addr:  0, rs2_rdata: 00000000, rd_addr:  0, rd_wdata: 00000000, mem_addr: 00000000, mem_rdata: 00000000, mem_wdata: 00000000
ClkCycle:       8198, pc_rdata: 00028216, pc_wdata: 0002821a, insn: 00130000, mode: 3, rs1_addr:  0, rs1_rdata: 00000000, rs2_addr:  0, rs2_rdata: 00000000, rd_addr:  0, rd_wdata: 00000000, mem_addr: 00000000, mem_rdata: 00000000, mem_wdata: 00000000
ClkCycle:       8199, pc_rdata: 0002821a, pc_wdata: 0002821e, insn: 00130000, mode: 3, rs1_addr:  0, rs1_rdata: 00000000, rs2_addr:  0, rs2_rdata: 00000000, rd_addr:  0, rd_wdata: 00000000, mem_addr: 00000000, mem_rdata: 00000000, mem_wdata: 00000000
ClkCycle:       8200, pc_rdata: 0002821e, pc_wdata: 00028222, insn: 00002117, mode: 3, rs1_addr: 14, rs1_rdata: 00000000, rs2_addr: 17, rs2_rdata: fffeffff, rd_addr:  0, rd_wdata: 00000211, mem_addr: 00000211, mem_rdata: 00000000, mem_wdata: fffeffff
ClkCycle:       8201, pc_rdata: 00028222, pc_wdata: 00028226, insn: 00002117, mode: 3, rs1_addr:  0, rs1_rdata: 00000000, rs2_addr:  0, rs2_rdata: 00000000, rd_addr:  0, rd_wdata: 00000000, mem_addr: 00000000, mem_rdata: 00000000, mem_wdata: 00000000
ClkCycle:       8202, pc_rdata: 00028226, pc_wdata: 00028228, insn: 00000013, mode: 3, rs1_addr:  2, rs1_rdata: 00029fe8, rs2_addr:  0, rs2_rdata: 00000000, rd_addr:  8, rd_wdata: 00029fe8, mem_addr: 00029fe8, mem_rdata: 00000000, mem_wdata: 00000000
ClkCycle:       8203, pc_rdata: 00028228, pc_wdata: 0002822c, insn: 00000013, mode: 3, rs1_addr:  0, rs1_rdata: 00000000, rs2_addr:  0, rs2_rdata: 00000000, rd_addr:  0, rd_wdata: 00000000, mem_addr: 00000000, mem_rdata: 00000000, mem_wdata: 00000000
ClkCycle:       8204, pc_rdata: 0002822c, pc_wdata: 00028230, insn: 00000013, mode: 3, rs1_addr:  0, rs1_rdata: 00000000, rs2_addr:  0, rs2_rdata: 00000000, rd_addr:  0, rd_wdata: 00000000, mem_addr: 00000000, mem_rdata: 00000000, mem_wdata: 00000000
ClkCycle:       8205, pc_rdata: 00028230, pc_wdata: 00028234, insn: 00000013, mode: 3, rs1_addr:  0, rs1_rdata: 00000000, rs2_addr:  0, rs2_rdata: 00000000, rd_addr:  0, rd_wdata: 00000000, mem_addr: 00000000, mem_rdata: 00000000, mem_wdata: 00000000
ClkCycle:       8206, pc_rdata: 00028234, pc_wdata: 00028238, insn: 00000013, mode: 3, rs1_addr:  0, rs1_rdata: 00000000, rs2_addr:  0, rs2_rdata: 00000000, rd_addr:  0, rd_wdata: 00000000, mem_addr: 00000000, mem_rdata: 00000000, mem_wdata: 00000000
ClkCycle:       8207, pc_rdata: 00028238, pc_wdata: 0002823c, insn: 00000013, mode: 3, rs1_addr:  0, rs1_rdata: 00000000, rs2_addr:  0, rs2_rdata: 00000000, rd_addr:  0, rd_wdata: 00000000, mem_addr: 00000000, mem_rdata: 00000000, mem_wdata: 00000000
ClkCycle:       8208, pc_rdata: 0002823c, pc_wdata: 00028240, insn: 00000013, mode: 3, rs1_addr:  0, rs1_rdata: 00000000, rs2_addr:  0, rs2_rdata: 00000000, rd_addr:  0, rd_wdata: 00000000, mem_addr: 00000000, mem_rdata: 00000000, mem_wdata: 00000000
ClkCycle:       8209, pc_rdata: 00028240, pc_wdata: 00028242, insn: 00014b12, mode: 3, rs1_addr:  2, rs1_rdata: 00029fe8, rs2_addr:  4, rs2_rdata: 6dfdffff, rd_addr: 22, rd_wdata: 00000000, mem_addr: 00029fec, mem_rdata: 00000000, mem_wdata: 6dfdffff
ClkCycle:       8210, pc_rdata: 00028242, pc_wdata: 00028246, insn: 00014b12, mode: 3, rs1_addr:  0, rs1_rdata: 00000000, rs2_addr:  0, rs2_rdata: 00000000, rd_addr:  0, rd_wdata: 00000000, mem_addr: 00000000, mem_rdata: 00000000, mem_wdata: 00000000
ClkCycle:       8211, pc_rdata: 00028246, pc_wdata: 00028248, insn: 00130164, mode: 3, rs1_addr:  0, rs1_rdata: 00000000, rs2_addr:  0, rs2_rdata: 00000000, rd_addr:  0, rd_wdata: 00000000, mem_addr: 00000000, mem_rdata: 00000000, mem_wdata: 00000000
ClkCycle:       8212, pc_rdata: 00028248, pc_wdata: 0002824a, insn: 00130164, mode: 3, rs1_addr:  2, rs1_rdata: 00029fe8, rs2_addr: 12, rs2_rdata: 00000000, rd_addr:  9, rd_wdata: 0002a074, mem_addr: 0002a074, mem_rdata: 00000000, mem_wdata: 00000000
ClkCycle:       8213, pc_rdata: 0002824a, pc_wdata: 0002824e, insn: 00130164, mode: 3, rs1_addr:  0, rs1_rdata: 00000000, rs2_addr:  0, rs2_rdata: 00000000, rd_addr:  0, rd_wdata: 00000000, mem_addr: 00000000, mem_rdata: 00000000, mem_wdata: 00000000
ClkCycle:       8214, pc_rdata: 0002824e, pc_wdata: 00028252, insn: 00130000, mode: 3, rs1_addr:  0, rs1_rdata: 00000000, rs2_addr:  0, rs2_rdata: 00000000, rd_addr:  0, rd_wdata: 00000000, mem_addr: 00000000, mem_rdata: 00000000, mem_wdata: 00000000
ClkCycle:       8215, pc_rdata: 00028252, pc_wdata: 00028256, insn: 00130000, mode: 3, rs1_addr:  0, rs1_rdata: 00000000, rs2_addr:  0, rs2_rdata: 00000000, rd_addr:  0, rd_wdata: 00000000, mem_addr: 00000000, mem_rdata: 00000000, mem_wdata: 00000000
ClkCycle:       8216, pc_rdata: 00028256, pc_wdata: 0002825a, insn: 00130000, mode: 3, rs1_addr:  0, rs1_rdata: 00000000, rs2_addr:  0, rs2_rdata: 00000000, rd_addr:  0, rd_wdata: 00000000, mem_addr: 00000000, mem_rdata: 00000000, mem_wdata: 00000000
ClkCycle:       8217, pc_rdata: 0002825a, pc_wdata: 0002825e, insn: 00130000, mode: 3, rs1_addr:  0, rs1_rdata: 00000000, rs2_addr:  0, rs2_rdata: 00000000, rd_addr:  0, rd_wdata: 00000000, mem_addr: 00000000, mem_rdata: 00000000, mem_wdata: 00000000
ClkCycle:       8218, pc_rdata: 0002825e, pc_wdata: 00028262, insn: 00002117, mode: 3, rs1_addr: 14, rs1_rdata: 00000000, rs2_addr: 17, rs2_rdata: fffeffff, rd_addr:  0, rd_wdata: 00000211, mem_addr: 00000211, mem_rdata: 00000000, mem_wdata: fffeffff
ClkCycle:       8219, pc_rdata: 00028262, pc_wdata: 00028266, insn: 00002117, mode: 3, rs1_addr:  0, rs1_rdata: 00000000, rs2_addr:  0, rs2_rdata: 00000000, rd_addr:  0, rd_wdata: 00000000, mem_addr: 00000000, mem_rdata: 00000000, mem_wdata: 00000000
ClkCycle:       8220, pc_rdata: 00028266, pc_wdata: 00028268, insn: 00000013, mode: 3, rs1_addr:  2, rs1_rdata: 00029fe8, rs2_addr:  0, rs2_rdata: 00000000, rd_addr:  8, rd_wdata: 00029fe8, mem_addr: 00029fe8, mem_rdata: 00000000, mem_wdata: 00000000
ClkCycle:       8221, pc_rdata: 00028268, pc_wdata: 0002826c, insn: 00000013, mode: 3, rs1_addr:  0, rs1_rdata: 00000000, rs2_addr:  0, rs2_rdata: 00000000, rd_addr:  0, rd_wdata: 00000000, mem_addr: 00000000, mem_rdata: 00000000, mem_wdata: 00000000
ClkCycle:       8222, pc_rdata: 0002826c, pc_wdata: 00028270, insn: 00000013, mode: 3, rs1_addr:  0, rs1_rdata: 00000000, rs2_addr:  0, rs2_rdata: 00000000, rd_addr:  0, rd_wdata: 00000000, mem_addr: 00000000, mem_rdata: 00000000, mem_wdata: 00000000
ClkCycle:       8223, pc_rdata: 00028270, pc_wdata: 00028274, insn: 00000013, mode: 3, rs1_addr:  0, rs1_rdata: 00000000, rs2_addr:  0, rs2_rdata: 00000000, rd_addr:  0, rd_wdata: 00000000, mem_addr: 00000000, mem_rdata: 00000000, mem_wdata: 00000000
ClkCycle:       8224, pc_rdata: 00028274, pc_wdata: 00028278, insn: 00000013, mode: 3, rs1_addr:  0, rs1_rdata: 00000000, rs2_addr:  0, rs2_rdata: 00000000, rd_addr:  0, rd_wdata: 00000000, mem_addr: 00000000, mem_rdata: 00000000, mem_wdata: 00000000
ClkCycle:       8225, pc_rdata: 00028278, pc_wdata: 0002827c, insn: 00000013, mode: 3, rs1_addr:  0, rs1_rdata: 00000000, rs2_addr:  0, rs2_rdata: 00000000, rd_addr:  0, rd_wdata: 00000000, mem_addr: 00000000, mem_rdata: 00000000, mem_wdata: 00000000
ClkCycle:       8226, pc_rdata: 0002827c, pc_wdata: 00028280, insn: 00000013, mode: 3, rs1_addr:  0, rs1_rdata: 00000000, rs2_addr:  0, rs2_rdata: 00000000, rd_addr:  0, rd_wdata: 00000000, mem_addr: 00000000, mem_rdata: 00000000, mem_wdata: 00000000
ClkCycle:       8227, pc_rdata: 00028280, pc_wdata: 00028282, insn: 00014922, mode: 3, rs1_addr:  2, rs1_rdata: 00029fe8, rs2_addr:  8, rs2_rdata: 00029fe8, rd_addr: 18, rd_wdata: 00000000, mem_addr: 00029ff0, mem_rdata: 00000000, mem_wdata: 00029fe8
ClkCycle:       8228, pc_rdata: 00028282, pc_wdata: 00028286, insn: 00014922, mode: 3, rs1_addr:  0, rs1_rdata: 00000000, rs2_addr:  0, rs2_rdata: 00000000, rd_addr:  0, rd_wdata: 00000000, mem_addr: 00000000, mem_rdata: 00000000, mem_wdata: 00000000
ClkCycle:       8229, pc_rdata: 00028286, pc_wdata: 00028288, insn: 00130124, mode: 3, rs1_addr:  0, rs1_rdata: 00000000, rs2_addr:  0, rs2_rdata: 00000000, rd_addr:  0, rd_wdata: 00000000, mem_addr: 00000000, mem_rdata: 00000000, mem_wdata: 00000000
ClkCycle:       8230, pc_rdata: 00028288, pc_wdata: 0002828a, insn: 00130124, mode: 3, rs1_addr:  2, rs1_rdata: 00029fe8, rs2_addr:  8, rs2_rdata: 00029fe8, rd_addr:  9, rd_wdata: 0002a070, mem_addr: 0002a070, mem_rdata: 00000000, mem_wdata: 00029fe8
ClkCycle:       8231, pc_rdata: 0002828a, pc_wdata: 0002828e, insn: 00130124, mode: 3, rs1_addr:  0, rs1_rdata: 00000000, rs2_addr:  0, rs2_rdata: 00000000, rd_addr:  0, rd_wdata: 00000000, mem_addr: 00000000, mem_rdata: 00000000, mem_wdata: 00000000
ClkCycle:       8232, pc_rdata: 0002828e, pc_wdata: 00028292, insn: 00130000, mode: 3, rs1_addr:  0, rs1_rdata: 00000000, rs2_addr:  0, rs2_rdata: 00000000, rd_addr:  0, rd_wdata: 00000000, mem_addr: 00000000, mem_rdata: 00000000, mem_wdata: 00000000
ClkCycle:       8233, pc_rdata: 00028292, pc_wdata: 00028296, insn: 00130000, mode: 3, rs1_addr:  0, rs1_rdata: 00000000, rs2_addr:  0, rs2_rdata: 00000000, rd_addr:  0, rd_wdata: 00000000, mem_addr: 00000000, mem_rdata: 00000000, mem_wdata: 00000000
ClkCycle:       8234, pc_rdata: 00028296, pc_wdata: 0002829a, insn: 00130000, mode: 3, rs1_addr:  0, rs1_rdata: 00000000, rs2_addr:  0, rs2_rdata: 00000000, rd_addr:  0, rd_wdata: 00000000, mem_addr: 00000000, mem_rdata: 00000000, mem_wdata: 00000000
ClkCycle:       8235, pc_rdata: 0002829a, pc_wdata: 0002829e, insn: 00130000, mode: 3, rs1_addr:  0, rs1_rdata: 00000000, rs2_addr:  0, rs2_rdata: 00000000, rd_addr:  0, rd_wdata: 00000000, mem_addr: 00000000, mem_rdata: 00000000, mem_wdata: 00000000
ClkCycle:       8236, pc_rdata: 0002829e, pc_wdata: 000282a2, insn: 00002117, mode: 3, rs1_addr: 14, rs1_rdata: 00000000, rs2_addr: 17, rs2_rdata: fffeffff, rd_addr:  0, rd_wdata: 00000211, mem_addr: 00000211, mem_rdata: 00000000, mem_wdata: fffeffff
ClkCycle:       8237, pc_rdata: 000282a2, pc_wdata: 000282a6, insn: 00002117, mode: 3, rs1_addr:  0, rs1_rdata: 00000000, rs2_addr:  0, rs2_rdata: 00000000, rd_addr:  0, rd_wdata: 00000000, mem_addr: 00000000, mem_rdata: 00000000, mem_wdata: 00000000
ClkCycle:       8238, pc_rdata: 000282a6, pc_wdata: 000282a8, insn: 00000013, mode: 3, rs1_addr:  2, rs1_rdata: 00029fe8, rs2_addr:  0, rs2_rdata: 00000000, rd_addr:  8, rd_wdata: 00029fe8, mem_addr: 00029fe8, mem_rdata: 00000000, mem_wdata: 00000000
ClkCycle:       8239, pc_rdata: 000282a8, pc_wdata: 000282ac, insn: 00000013, mode: 3, rs1_addr:  0, rs1_rdata: 00000000, rs2_addr:  0, rs2_rdata: 00000000, rd_addr:  0, rd_wdata: 00000000, mem_addr: 00000000, mem_rdata: 00000000, mem_wdata: 00000000
ClkCycle:       8240, pc_rdata: 000282ac, pc_wdata: 000282b0, insn: 00000013, mode: 3, rs1_addr:  0, rs1_rdata: 00000000, rs2_addr:  0, rs2_rdata: 00000000, rd_addr:  0, rd_wdata: 00000000, mem_addr: 00000000, mem_rdata: 00000000, mem_wdata: 00000000
ClkCycle:       8241, pc_rdata: 000282b0, pc_wdata: 000282b4, insn: 00000013, mode: 3, rs1_addr:  0, rs1_rdata: 00000000, rs2_addr:  0, rs2_rdata: 00000000, rd_addr:  0, rd_wdata: 00000000, mem_addr: 00000000, mem_rdata: 00000000, mem_wdata: 00000000
ClkCycle:       8242, pc_rdata: 000282b4, pc_wdata: 000282b8, insn: 00000013, mode: 3, rs1_addr:  0, rs1_rdata: 00000000, rs2_addr:  0, rs2_rdata: 00000000, rd_addr:  0, rd_wdata: 00000000, mem_addr: 00000000, mem_rdata: 00000000, mem_wdata: 00000000
ClkCycle:       8243, pc_rdata: 000282b8, pc_wdata: 000282bc, insn: 00000013, mode: 3, rs1_addr:  0, rs1_rdata: 00000000, rs2_addr:  0, rs2_rdata: 00000000, rd_addr:  0, rd_wdata: 00000000, mem_addr: 00000000, mem_rdata: 00000000, mem_wdata: 00000000
ClkCycle:       8244, pc_rdata: 000282bc, pc_wdata: 000282c0, insn: 00000013, mode: 3, rs1_addr:  0, rs1_rdata: 00000000, rs2_addr:  0, rs2_rdata: 00000000, rd_addr:  0, rd_wdata: 00000000, mem_addr: 00000000, mem_rdata: 00000000, mem_wdata: 00000000
ClkCycle:       8245, pc_rdata: 000282c0, pc_wdata: 000282c2, insn: 00014842, mode: 3, rs1_addr:  2, rs1_rdata: 00029fe8, rs2_addr: 16, rs2_rdata: 7d5bfddb, rd_addr: 16, rd_wdata: 00000000, mem_addr: 00029ff8, mem_rdata: 00000000, mem_wdata: 7d5bfddb
ClkCycle:       8246, pc_rdata: 000282c2, pc_wdata: 000282c6, insn: 00014842, mode: 3, rs1_addr:  0, rs1_rdata: 00000000, rs2_addr:  0, rs2_rdata: 00000000, rd_addr:  0, rd_wdata: 00000000, mem_addr: 00000000, mem_rdata: 00000000, mem_wdata: 00000000
ClkCycle:       8247, pc_rdata: 000282c6, pc_wdata: 000282c8, insn: 00130304, mode: 3, rs1_addr:  0, rs1_rdata: 00000000, rs2_addr:  0, rs2_rdata: 00000000, rd_addr:  0, rd_wdata: 00000000, mem_addr: 00000000, mem_rdata: 00000000, mem_wdata: 00000000
ClkCycle:       8248, pc_rdata: 000282c8, pc_wdata: 000282ca, insn: 00130304, mode: 3, rs1_addr:  2, rs1_rdata: 00029fe8, rs2_addr:  0, rs2_rdata: 00000000, rd_addr:  9, rd_wdata: 0002a168, mem_addr: 0002a168, mem_rdata: 00000000, mem_wdata: 00000000
ClkCycle:       8249, pc_rdata: 000282ca, pc_wdata: 000282ce, insn: 00130304, mode: 3, rs1_addr:  0, rs1_rdata: 00000000, rs2_addr:  0, rs2_rdata: 00000000, rd_addr:  0, rd_wdata: 00000000, mem_addr: 00000000, mem_rdata: 00000000, mem_wdata: 00000000
ClkCycle:       8250, pc_rdata: 000282ce, pc_wdata: 000282d2, insn: 00130000, mode: 3, rs1_addr:  0, rs1_rdata: 00000000, rs2_addr:  0, rs2_rdata: 00000000, rd_addr:  0, rd_wdata: 00000000, mem_addr: 00000000, mem_rdata: 00000000, mem_wdata: 00000000
ClkCycle:       8251, pc_rdata: 000282d2, pc_wdata: 000282d6, insn: 00130000, mode: 3, rs1_addr:  0, rs1_rdata: 00000000, rs2_addr:  0, rs2_rdata: 00000000, rd_addr:  0, rd_wdata: 00000000, mem_addr: 00000000, mem_rdata: 00000000, mem_wdata: 00000000
ClkCycle:       8252, pc_rdata: 000282d6, pc_wdata: 000282da, insn: 00130000, mode: 3, rs1_addr:  0, rs1_rdata: 00000000, rs2_addr:  0, rs2_rdata: 00000000, rd_addr:  0, rd_wdata: 00000000, mem_addr: 00000000, mem_rdata: 00000000, mem_wdata: 00000000
ClkCycle:       8253, pc_rdata: 000282da, pc_wdata: 000282de, insn: 00130000, mode: 3, rs1_addr:  0, rs1_rdata: 00000000, rs2_addr:  0, rs2_rdata: 00000000, rd_addr:  0, rd_wdata: 00000000, mem_addr: 00000000, mem_rdata: 00000000, mem_wdata: 00000000
ClkCycle:       8254, pc_rdata: 000282de, pc_wdata: 000282e2, insn: 00002117, mode: 3, rs1_addr: 14, rs1_rdata: 00000000, rs2_addr: 17, rs2_rdata: fffeffff, rd_addr:  0, rd_wdata: 00000211, mem_addr: 00000211, mem_rdata: 00000000, mem_wdata: fffeffff
ClkCycle:       8255, pc_rdata: 000282e2, pc_wdata: 000282e6, insn: 00002117, mode: 3, rs1_addr:  0, rs1_rdata: 00000000, rs2_addr:  0, rs2_rdata: 00000000, rd_addr:  0, rd_wdata: 00000000, mem_addr: 00000000, mem_rdata: 00000000, mem_wdata: 00000000
ClkCycle:       8256, pc_rdata: 000282e6, pc_wdata: 000282e8, insn: 00000013, mode: 3, rs1_addr:  2, rs1_rdata: 00029fe8, rs2_addr:  0, rs2_rdata: 00000000, rd_addr:  8, rd_wdata: 00029fe8, mem_addr: 00029fe8, mem_rdata: 00000000, mem_wdata: 00000000
ClkCycle:       8257, pc_rdata: 000282e8, pc_wdata: 000282ec, insn: 00000013, mode: 3, rs1_addr:  0, rs1_rdata: 00000000, rs2_addr:  0, rs2_rdata: 00000000, rd_addr:  0, rd_wdata: 00000000, mem_addr: 00000000, mem_rdata: 00000000, mem_wdata: 00000000
ClkCycle:       8258, pc_rdata: 000282ec, pc_wdata: 000282f0, insn: 00000013, mode: 3, rs1_addr:  0, rs1_rdata: 00000000, rs2_addr:  0, rs2_rdata: 00000000, rd_addr:  0, rd_wdata: 00000000, mem_addr: 00000000, mem_rdata: 00000000, mem_wdata: 00000000
ClkCycle:       8259, pc_rdata: 000282f0, pc_wdata: 000282f4, insn: 00000013, mode: 3, rs1_addr:  0, rs1_rdata: 00000000, rs2_addr:  0, rs2_rdata: 00000000, rd_addr:  0, rd_wdata: 00000000, mem_addr: 00000000, mem_rdata: 00000000, mem_wdata: 00000000
ClkCycle:       8260, pc_rdata: 000282f4, pc_wdata: 000282f8, insn: 00000013, mode: 3, rs1_addr:  0, rs1_rdata: 00000000, rs2_addr:  0, rs2_rdata: 00000000, rd_addr:  0, rd_wdata: 00000000, mem_addr: 00000000, mem_rdata: 00000000, mem_wdata: 00000000
ClkCycle:       8261, pc_rdata: 000282f8, pc_wdata: 000282fc, insn: 00000013, mode: 3, rs1_addr:  0, rs1_rdata: 00000000, rs2_addr:  0, rs2_rdata: 00000000, rd_addr:  0, rd_wdata: 00000000, mem_addr: 00000000, mem_rdata: 00000000, mem_wdata: 00000000
ClkCycle:       8262, pc_rdata: 000282fc, pc_wdata: 00028300, insn: 00000013, mode: 3, rs1_addr:  0, rs1_rdata: 00000000, rs2_addr:  0, rs2_rdata: 00000000, rd_addr:  0, rd_wdata: 00000000, mem_addr: 00000000, mem_rdata: 00000000, mem_wdata: 00000000
ClkCycle:       8263, pc_rdata: 00028300, pc_wdata: 00028302, insn: 00015b82, mode: 3, rs1_addr:  2, rs1_rdata: 00029fe8, rs2_addr:  0, rs2_rdata: 00000000, rd_addr: 23, rd_wdata: 00000000, mem_addr: 0002a008, mem_rdata: 00000000, mem_wdata: 00000000
ClkCycle:       8264, pc_rdata: 00028302, pc_wdata: 00028306, insn: 00015b82, mode: 3, rs1_addr:  0, rs1_rdata: 00000000, rs2_addr:  0, rs2_rdata: 00000000, rd_addr:  0, rd_wdata: 00000000, mem_addr: 00000000, mem_rdata: 00000000, mem_wdata: 00000000
ClkCycle:       8265, pc_rdata: 00028306, pc_wdata: 00028308, insn: 00130374, mode: 3, rs1_addr:  0, rs1_rdata: 00000000, rs2_addr:  0, rs2_rdata: 00000000, rd_addr:  0, rd_wdata: 00000000, mem_addr: 00000000, mem_rdata: 00000000, mem_wdata: 00000000
ClkCycle:       8266, pc_rdata: 00028308, pc_wdata: 0002830a, insn: 00130374, mode: 3, rs1_addr:  2, rs1_rdata: 00029fe8, rs2_addr: 12, rs2_rdata: 00000000, rd_addr: 13, rd_wdata: 0002a174, mem_addr: 0002a174, mem_rdata: 00000000, mem_wdata: 00000000
ClkCycle:       8267, pc_rdata: 0002830a, pc_wdata: 0002830e, insn: 00130374, mode: 3, rs1_addr:  0, rs1_rdata: 00000000, rs2_addr:  0, rs2_rdata: 00000000, rd_addr:  0, rd_wdata: 00000000, mem_addr: 00000000, mem_rdata: 00000000, mem_wdata: 00000000
ClkCycle:       8268, pc_rdata: 0002830e, pc_wdata: 00028312, insn: 00130000, mode: 3, rs1_addr:  0, rs1_rdata: 00000000, rs2_addr:  0, rs2_rdata: 00000000, rd_addr:  0, rd_wdata: 00000000, mem_addr: 00000000, mem_rdata: 00000000, mem_wdata: 00000000
ClkCycle:       8269, pc_rdata: 00028312, pc_wdata: 00028316, insn: 00130000, mode: 3, rs1_addr:  0, rs1_rdata: 00000000, rs2_addr:  0, rs2_rdata: 00000000, rd_addr:  0, rd_wdata: 00000000, mem_addr: 00000000, mem_rdata: 00000000, mem_wdata: 00000000
ClkCycle:       8270, pc_rdata: 00028316, pc_wdata: 0002831a, insn: 00130000, mode: 3, rs1_addr:  0, rs1_rdata: 00000000, rs2_addr:  0, rs2_rdata: 00000000, rd_addr:  0, rd_wdata: 00000000, mem_addr: 00000000, mem_rdata: 00000000, mem_wdata: 00000000
ClkCycle:       8271, pc_rdata: 0002831a, pc_wdata: 0002831e, insn: 00130000, mode: 3, rs1_addr:  0, rs1_rdata: 00000000, rs2_addr:  0, rs2_rdata: 00000000, rd_addr:  0, rd_wdata: 00000000, mem_addr: 00000000, mem_rdata: 00000000, mem_wdata: 00000000
ClkCycle:       8272, pc_rdata: 0002831e, pc_wdata: 00028322, insn: 00002117, mode: 3, rs1_addr: 14, rs1_rdata: 00000000, rs2_addr: 17, rs2_rdata: fffeffff, rd_addr:  0, rd_wdata: 00000211, mem_addr: 00000211, mem_rdata: 00000000, mem_wdata: fffeffff
ClkCycle:       8273, pc_rdata: 00028322, pc_wdata: 00028326, insn: 00002117, mode: 3, rs1_addr:  0, rs1_rdata: 00000000, rs2_addr:  0, rs2_rdata: 00000000, rd_addr:  0, rd_wdata: 00000000, mem_addr: 00000000, mem_rdata: 00000000, mem_wdata: 00000000
ClkCycle:       8274, pc_rdata: 00028326, pc_wdata: 00028328, insn: 00000013, mode: 3, rs1_addr:  2, rs1_rdata: 00029fe8, rs2_addr:  0, rs2_rdata: 00000000, rd_addr:  8, rd_wdata: 00029fe8, mem_addr: 00029fe8, mem_rdata: 00000000, mem_wdata: 00000000
ClkCycle:       8275, pc_rdata: 00028328, pc_wdata: 0002832c, insn: 00000013, mode: 3, rs1_addr:  0, rs1_rdata: 00000000, rs2_addr:  0, rs2_rdata: 00000000, rd_addr:  0, rd_wdata: 00000000, mem_addr: 00000000, mem_rdata: 00000000, mem_wdata: 00000000
ClkCycle:       8276, pc_rdata: 0002832c, pc_wdata: 00028330, insn: 00000013, mode: 3, rs1_addr:  0, rs1_rdata: 00000000, rs2_addr:  0, rs2_rdata: 00000000, rd_addr:  0, rd_wdata: 00000000, mem_addr: 00000000, mem_rdata: 00000000, mem_wdata: 00000000
ClkCycle:       8277, pc_rdata: 00028330, pc_wdata: 00028334, insn: 00000013, mode: 3, rs1_addr:  0, rs1_rdata: 00000000, rs2_addr:  0, rs2_rdata: 00000000, rd_addr:  0, rd_wdata: 00000000, mem_addr: 00000000, mem_rdata: 00000000, mem_wdata: 00000000
ClkCycle:       8278, pc_rdata: 00028334, pc_wdata: 00028338, insn: 00000013, mode: 3, rs1_addr:  0, rs1_rdata: 00000000, rs2_addr:  0, rs2_rdata: 00000000, rd_addr:  0, rd_wdata: 00000000, mem_addr: 00000000, mem_rdata: 00000000, mem_wdata: 00000000
ClkCycle:       8279, pc_rdata: 00028338, pc_wdata: 0002833c, insn: 00000013, mode: 3, rs1_addr:  0, rs1_rdata: 00000000, rs2_addr:  0, rs2_rdata: 00000000, rd_addr:  0, rd_wdata: 00000000, mem_addr: 00000000, mem_rdata: 00000000, mem_wdata: 00000000
ClkCycle:       8280, pc_rdata: 0002833c, pc_wdata: 00028340, insn: 00000013, mode: 3, rs1_addr:  0, rs1_rdata: 00000000, rs2_addr:  0, rs2_rdata: 00000000, rd_addr:  0, rd_wdata: 00000000, mem_addr: 00000000, mem_rdata: 00000000, mem_wdata: 00000000
ClkCycle:       8281, pc_rdata: 00028340, pc_wdata: 00028342, insn: 00014306, mode: 3, rs1_addr:  2, rs1_rdata: 00029fe8, rs2_addr:  0, rs2_rdata: 00000000, rd_addr:  6, rd_wdata: 00000000, mem_addr: 0002a028, mem_rdata: 00000000, mem_wdata: 00000000
ClkCycle:       8282, pc_rdata: 00028342, pc_wdata: 00028346, insn: 00014306, mode: 3, rs1_addr:  0, rs1_rdata: 00000000, rs2_addr:  0, rs2_rdata: 00000000, rd_addr:  0, rd_wdata: 00000000, mem_addr: 00000000, mem_rdata: 00000000, mem_wdata: 00000000
ClkCycle:       8283, pc_rdata: 00028346, pc_wdata: 00028348, insn: 00130264, mode: 3, rs1_addr:  0, rs1_rdata: 00000000, rs2_addr:  0, rs2_rdata: 00000000, rd_addr:  0, rd_wdata: 00000000, mem_addr: 00000000, mem_rdata: 00000000, mem_wdata: 00000000
ClkCycle:       8284, pc_rdata: 00028348, pc_wdata: 0002834a, insn: 00130264, mode: 3, rs1_addr:  2, rs1_rdata: 00029fe8, rs2_addr: 12, rs2_rdata: 00000000, rd_addr:  9, rd_wdata: 0002a0f4, mem_addr: 0002a0f4, mem_rdata: 00000000, mem_wdata: 00000000
ClkCycle:       8285, pc_rdata: 0002834a, pc_wdata: 0002834e, insn: 00130264, mode: 3, rs1_addr:  0, rs1_rdata: 00000000, rs2_addr:  0, rs2_rdata: 00000000, rd_addr:  0, rd_wdata: 00000000, mem_addr: 00000000, mem_rdata: 00000000, mem_wdata: 00000000
ClkCycle:       8286, pc_rdata: 0002834e, pc_wdata: 00028352, insn: 00130000, mode: 3, rs1_addr:  0, rs1_rdata: 00000000, rs2_addr:  0, rs2_rdata: 00000000, rd_addr:  0, rd_wdata: 00000000, mem_addr: 00000000, mem_rdata: 00000000, mem_wdata: 00000000
ClkCycle:       8287, pc_rdata: 00028352, pc_wdata: 00028356, insn: 00130000, mode: 3, rs1_addr:  0, rs1_rdata: 00000000, rs2_addr:  0, rs2_rdata: 00000000, rd_addr:  0, rd_wdata: 00000000, mem_addr: 00000000, mem_rdata: 00000000, mem_wdata: 00000000
ClkCycle:       8288, pc_rdata: 00028356, pc_wdata: 0002835a, insn: 00130000, mode: 3, rs1_addr:  0, rs1_rdata: 00000000, rs2_addr:  0, rs2_rdata: 00000000, rd_addr:  0, rd_wdata: 00000000, mem_addr: 00000000, mem_rdata: 00000000, mem_wdata: 00000000
ClkCycle:       8289, pc_rdata: 0002835a, pc_wdata: 0002835e, insn: 00130000, mode: 3, rs1_addr:  0, rs1_rdata: 00000000, rs2_addr:  0, rs2_rdata: 00000000, rd_addr:  0, rd_wdata: 00000000, mem_addr: 00000000, mem_rdata: 00000000, mem_wdata: 00000000
ClkCycle:       8290, pc_rdata: 0002835e, pc_wdata: 00028362, insn: 00002117, mode: 3, rs1_addr: 14, rs1_rdata: 00000000, rs2_addr: 17, rs2_rdata: fffeffff, rd_addr:  0, rd_wdata: 00000211, mem_addr: 00000211, mem_rdata: 00000000, mem_wdata: fffeffff
ClkCycle:       8291, pc_rdata: 00028362, pc_wdata: 00028366, insn: 00002117, mode: 3, rs1_addr:  0, rs1_rdata: 00000000, rs2_addr:  0, rs2_rdata: 00000000, rd_addr:  0, rd_wdata: 00000000, mem_addr: 00000000, mem_rdata: 00000000, mem_wdata: 00000000
ClkCycle:       8292, pc_rdata: 00028366, pc_wdata: 00028368, insn: 00000013, mode: 3, rs1_addr:  2, rs1_rdata: 00029fe8, rs2_addr:  0, rs2_rdata: 00000000, rd_addr:  8, rd_wdata: 00029fe8, mem_addr: 00029fe8, mem_rdata: 00000000, mem_wdata: 00000000
ClkCycle:       8293, pc_rdata: 00028368, pc_wdata: 0002836c, insn: 00000013, mode: 3, rs1_addr:  0, rs1_rdata: 00000000, rs2_addr:  0, rs2_rdata: 00000000, rd_addr:  0, rd_wdata: 00000000, mem_addr: 00000000, mem_rdata: 00000000, mem_wdata: 00000000
ClkCycle:       8294, pc_rdata: 0002836c, pc_wdata: 00028370, insn: 00000013, mode: 3, rs1_addr:  0, rs1_rdata: 00000000, rs2_addr:  0, rs2_rdata: 00000000, rd_addr:  0, rd_wdata: 00000000, mem_addr: 00000000, mem_rdata: 00000000, mem_wdata: 00000000
ClkCycle:       8295, pc_rdata: 00028370, pc_wdata: 00028374, insn: 00000013, mode: 3, rs1_addr:  0, rs1_rdata: 00000000, rs2_addr:  0, rs2_rdata: 00000000, rd_addr:  0, rd_wdata: 00000000, mem_addr: 00000000, mem_rdata: 00000000, mem_wdata: 00000000
ClkCycle:       8296, pc_rdata: 00028374, pc_wdata: 00028378, insn: 00000013, mode: 3, rs1_addr:  0, rs1_rdata: 00000000, rs2_addr:  0, rs2_rdata: 00000000, rd_addr:  0, rd_wdata: 00000000, mem_addr: 00000000, mem_rdata: 00000000, mem_wdata: 00000000
ClkCycle:       8297, pc_rdata: 00028378, pc_wdata: 0002837c, insn: 00000013, mode: 3, rs1_addr:  0, rs1_rdata: 00000000, rs2_addr:  0, rs2_rdata: 00000000, rd_addr:  0, rd_wdata: 00000000, mem_addr: 00000000, mem_rdata: 00000000, mem_wdata: 00000000
ClkCycle:       8298, pc_rdata: 0002837c, pc_wdata: 00028380, insn: 00000013, mode: 3, rs1_addr:  0, rs1_rdata: 00000000, rs2_addr:  0, rs2_rdata: 00000000, rd_addr:  0, rd_wdata: 00000000, mem_addr: 00000000, mem_rdata: 00000000, mem_wdata: 00000000
ClkCycle:       8299, pc_rdata: 00028380, pc_wdata: 00028382, insn: 0001410a, mode: 3, rs1_addr:  2, rs1_rdata: 00029fe8, rs2_addr:  0, rs2_rdata: 00000000, rd_addr:  2, rd_wdata: 00000000, mem_addr: 0002a068, mem_rdata: 00000000, mem_wdata: 00000000
ClkCycle:       8300, pc_rdata: 00028382, pc_wdata: 00028386, insn: 0001410a, mode: 3, rs1_addr:  0, rs1_rdata: 00000000, rs2_addr:  0, rs2_rdata: 00000000, rd_addr:  0, rd_wdata: 00000000, mem_addr: 00000000, mem_rdata: 00000000, mem_wdata: 00000000
ClkCycle:       8301, pc_rdata: 00028386, pc_wdata: 00028388, insn: 00130224, mode: 3, rs1_addr:  0, rs1_rdata: 00000000, rs2_addr:  0, rs2_rdata: 00000000, rd_addr:  0, rd_wdata: 00000000, mem_addr: 00000000, mem_rdata: 00000000, mem_wdata: 00000000
ClkCycle:       8302, pc_rdata: 00028388, pc_wdata: 0002838a, insn: 00130224, mode: 3, rs1_addr:  2, rs1_rdata: 00000000, rs2_addr:  8, rs2_rdata: 00029fe8, rd_addr:  9, rd_wdata: 00000108, mem_addr: 00000108, mem_rdata: 00000000, mem_wdata: 00029fe8
ClkCycle:       8303, pc_rdata: 0002838a, pc_wdata: 0002838e, insn: 00130224, mode: 3, rs1_addr:  0, rs1_rdata: 00000000, rs2_addr:  0, rs2_rdata: 00000000, rd_addr:  0, rd_wdata: 00000000, mem_addr: 00000000, mem_rdata: 00000000, mem_wdata: 00000000
ClkCycle:       8304, pc_rdata: 0002838e, pc_wdata: 00028392, insn: 00130000, mode: 3, rs1_addr:  0, rs1_rdata: 00000000, rs2_addr:  0, rs2_rdata: 00000000, rd_addr:  0, rd_wdata: 00000000, mem_addr: 00000000, mem_rdata: 00000000, mem_wdata: 00000000
ClkCycle:       8305, pc_rdata: 00028392, pc_wdata: 00028396, insn: 00130000, mode: 3, rs1_addr:  0, rs1_rdata: 00000000, rs2_addr:  0, rs2_rdata: 00000000, rd_addr:  0, rd_wdata: 00000000, mem_addr: 00000000, mem_rdata: 00000000, mem_wdata: 00000000
ClkCycle:       8306, pc_rdata: 00028396, pc_wdata: 0002839a, insn: 00130000, mode: 3, rs1_addr:  0, rs1_rdata: 00000000, rs2_addr:  0, rs2_rdata: 00000000, rd_addr:  0, rd_wdata: 00000000, mem_addr: 00000000, mem_rdata: 00000000, mem_wdata: 00000000
ClkCycle:       8307, pc_rdata: 0002839a, pc_wdata: 0002839e, insn: 00130000, mode: 3, rs1_addr:  0, rs1_rdata: 00000000, rs2_addr:  0, rs2_rdata: 00000000, rd_addr:  0, rd_wdata: 00000000, mem_addr: 00000000, mem_rdata: 00000000, mem_wdata: 00000000
ClkCycle:       8308, pc_rdata: 0002839e, pc_wdata: 000283a2, insn: 00002117, mode: 3, rs1_addr: 14, rs1_rdata: 00000000, rs2_addr: 17, rs2_rdata: fffeffff, rd_addr:  0, rd_wdata: 00000211, mem_addr: 00000211, mem_rdata: 00000000, mem_wdata: fffeffff
ClkCycle:       8309, pc_rdata: 000283a2, pc_wdata: 000283a6, insn: 00002117, mode: 3, rs1_addr:  0, rs1_rdata: 00000000, rs2_addr:  0, rs2_rdata: 00000000, rd_addr:  0, rd_wdata: 00000000, mem_addr: 00000000, mem_rdata: 00000000, mem_wdata: 00000000
ClkCycle:       8310, pc_rdata: 000283a6, pc_wdata: 000283a8, insn: 00000013, mode: 3, rs1_addr:  2, rs1_rdata: 00000000, rs2_addr:  0, rs2_rdata: 00000000, rd_addr:  8, rd_wdata: 00000000, mem_addr: 00000000, mem_rdata: 00000000, mem_wdata: 00000000
ClkCycle:       8311, pc_rdata: 000283a8, pc_wdata: 000283ac, insn: 00000013, mode: 3, rs1_addr:  0, rs1_rdata: 00000000, rs2_addr:  0, rs2_rdata: 00000000, rd_addr:  0, rd_wdata: 00000000, mem_addr: 00000000, mem_rdata: 00000000, mem_wdata: 00000000
ClkCycle:       8312, pc_rdata: 000283ac, pc_wdata: 000283b0, insn: 00000013, mode: 3, rs1_addr:  0, rs1_rdata: 00000000, rs2_addr:  0, rs2_rdata: 00000000, rd_addr:  0, rd_wdata: 00000000, mem_addr: 00000000, mem_rdata: 00000000, mem_wdata: 00000000
ClkCycle:       8313, pc_rdata: 000283b0, pc_wdata: 000283b4, insn: 00000013, mode: 3, rs1_addr:  0, rs1_rdata: 00000000, rs2_addr:  0, rs2_rdata: 00000000, rd_addr:  0, rd_wdata: 00000000, mem_addr: 00000000, mem_rdata: 00000000, mem_wdata: 00000000
ClkCycle:       8314, pc_rdata: 000283b4, pc_wdata: 000283b8, insn: 00000013, mode: 3, rs1_addr:  0, rs1_rdata: 00000000, rs2_addr:  0, rs2_rdata: 00000000, rd_addr:  0, rd_wdata: 00000000, mem_addr: 00000000, mem_rdata: 00000000, mem_wdata: 00000000
ClkCycle:       8315, pc_rdata: 000283b8, pc_wdata: 000283bc, insn: 00000013, mode: 3, rs1_addr:  0, rs1_rdata: 00000000, rs2_addr:  0, rs2_rdata: 00000000, rd_addr:  0, rd_wdata: 00000000, mem_addr: 00000000, mem_rdata: 00000000, mem_wdata: 00000000
ClkCycle:       8316, pc_rdata: 000283bc, pc_wdata: 000283c0, insn: 00000013, mode: 3, rs1_addr:  0, rs1_rdata: 00000000, rs2_addr:  0, rs2_rdata: 00000000, rd_addr:  0, rd_wdata: 00000000, mem_addr: 00000000, mem_rdata: 00000000, mem_wdata: 00000000
ClkCycle:       8317, pc_rdata: 000283c0, pc_wdata: 000283c2, insn: 0001556e, mode: 3, rs1_addr:  2, rs1_rdata: 00000000, rs2_addr: 24, rs2_rdata: 00000000, rd_addr: 10, rd_wdata: 00000000, mem_addr: 000000f8, mem_rdata: 00000000, mem_wdata: 00000000
ClkCycle:       8318, pc_rdata: 000283c2, pc_wdata: 000283c6, insn: 0001556e, mode: 3, rs1_addr:  0, rs1_rdata: 00000000, rs2_addr:  0, rs2_rdata: 00000000, rd_addr:  0, rd_wdata: 00000000, mem_addr: 00000000, mem_rdata: 00000000, mem_wdata: 00000000
ClkCycle:       8319, pc_rdata: 000283c6, pc_wdata: 000283c8, insn: 00000013, mode: 3, rs1_addr:  0, rs1_rdata: 00000000, rs2_addr:  0, rs2_rdata: 00000000, rd_addr:  0, rd_wdata: 00000000, mem_addr: 00000000, mem_rdata: 00000000, mem_wdata: 00000000
ClkCycle:       8320, pc_rdata: 000283c8, pc_wdata: 000283cc, insn: 00000013, mode: 3, rs1_addr:  0, rs1_rdata: 00000000, rs2_addr:  0, rs2_rdata: 00000000, rd_addr:  0, rd_wdata: 00000000, mem_addr: 00000000, mem_rdata: 00000000, mem_wdata: 00000000
ClkCycle:       8321, pc_rdata: 000283cc, pc_wdata: 000283d0, insn: 00000013, mode: 3, rs1_addr:  0, rs1_rdata: 00000000, rs2_addr:  0, rs2_rdata: 00000000, rd_addr:  0, rd_wdata: 00000000, mem_addr: 00000000, mem_rdata: 00000000, mem_wdata: 00000000
ClkCycle:       8322, pc_rdata: 000283d0, pc_wdata: 000283d4, insn: 00000013, mode: 3, rs1_addr:  0, rs1_rdata: 00000000, rs2_addr:  0, rs2_rdata: 00000000, rd_addr:  0, rd_wdata: 00000000, mem_addr: 00000000, mem_rdata: 00000000, mem_wdata: 00000000
ClkCycle:       8323, pc_rdata: 000283d4, pc_wdata: 000283d8, insn: 00000013, mode: 3, rs1_addr:  0, rs1_rdata: 00000000, rs2_addr:  0, rs2_rdata: 00000000, rd_addr:  0, rd_wdata: 00000000, mem_addr: 00000000, mem_rdata: 00000000, mem_wdata: 00000000
ClkCycle:       8324, pc_rdata: 000283d8, pc_wdata: 000283dc, insn: 00000013, mode: 3, rs1_addr:  0, rs1_rdata: 00000000, rs2_addr:  0, rs2_rdata: 00000000, rd_addr:  0, rd_wdata: 00000000, mem_addr: 00000000, mem_rdata: 00000000, mem_wdata: 00000000
ClkCycle:       8325, pc_rdata: 000283dc, pc_wdata: 000283e0, insn: 00000013, mode: 3, rs1_addr:  0, rs1_rdata: 00000000, rs2_addr:  0, rs2_rdata: 00000000, rd_addr:  0, rd_wdata: 00000000, mem_addr: 00000000, mem_rdata: 00000000, mem_wdata: 00000000
ClkCycle:       8326, pc_rdata: 000283e0, pc_wdata: 000283e4, insn: 00002117, mode: 3, rs1_addr:  0, rs1_rdata: 00000000, rs2_addr:  0, rs2_rdata: 00000000, rd_addr:  2, rd_wdata: 0002a3e0, mem_addr: 0002a3e0, mem_rdata: 00000000, mem_wdata: 00000000
ClkCycle:       8327, pc_rdata: 000283e4, pc_wdata: 000283e8, insn: b2c10113, mode: 3, rs1_addr:  2, rs1_rdata: 00000000, rs2_addr: 12, rs2_rdata: 00000000, rd_addr:  2, rd_wdata: 00029f0c, mem_addr: 00029f0c, mem_rdata: 00000000, mem_wdata: 00000000
ClkCycle:       8328, pc_rdata: 000283e8, pc_wdata: 000283ec, insn: 00000013, mode: 3, rs1_addr:  0, rs1_rdata: 00000000, rs2_addr:  0, rs2_rdata: 00000000, rd_addr:  0, rd_wdata: 00000000, mem_addr: 00000000, mem_rdata: 00000000, mem_wdata: 00000000
ClkCycle:       8329, pc_rdata: 000283ec, pc_wdata: 000283f0, insn: 00000013, mode: 3, rs1_addr:  0, rs1_rdata: 00000000, rs2_addr:  0, rs2_rdata: 00000000, rd_addr:  0, rd_wdata: 00000000, mem_addr: 00000000, mem_rdata: 00000000, mem_wdata: 00000000
ClkCycle:       8330, pc_rdata: 000283f0, pc_wdata: 000283f4, insn: 00000013, mode: 3, rs1_addr:  0, rs1_rdata: 00000000, rs2_addr:  0, rs2_rdata: 00000000, rd_addr:  0, rd_wdata: 00000000, mem_addr: 00000000, mem_rdata: 00000000, mem_wdata: 00000000
ClkCycle:       8331, pc_rdata: 000283f4, pc_wdata: 000283f8, insn: 00000013, mode: 3, rs1_addr:  0, rs1_rdata: 00000000, rs2_addr:  0, rs2_rdata: 00000000, rd_addr:  0, rd_wdata: 00000000, mem_addr: 00000000, mem_rdata: 00000000, mem_wdata: 00000000
ClkCycle:       8332, pc_rdata: 000283f8, pc_wdata: 000283fc, insn: 00000013, mode: 3, rs1_addr:  0, rs1_rdata: 00000000, rs2_addr:  0, rs2_rdata: 00000000, rd_addr:  0, rd_wdata: 00000000, mem_addr: 00000000, mem_rdata: 00000000, mem_wdata: 00000000
ClkCycle:       8333, pc_rdata: 000283fc, pc_wdata: 00028400, insn: 00000013, mode: 3, rs1_addr:  0, rs1_rdata: 00000000, rs2_addr:  0, rs2_rdata: 00000000, rd_addr:  0, rd_wdata: 00000000, mem_addr: 00000000, mem_rdata: 00000000, mem_wdata: 00000000
ClkCycle:       8334, pc_rdata: 00028400, pc_wdata: 00028402, insn: 000152de, mode: 3, rs1_addr:  2, rs1_rdata: 00029f0c, rs2_addr: 20, rs2_rdata: ffffffff, rd_addr:  5, rd_wdata: 00000000, mem_addr: 0002a000, mem_rdata: 00000000, mem_wdata: ffffffff
ClkCycle:       8335, pc_rdata: 00028402, pc_wdata: 00028406, insn: 000152de, mode: 3, rs1_addr:  0, rs1_rdata: 00000000, rs2_addr:  0, rs2_rdata: 00000000, rd_addr:  0, rd_wdata: 00000000, mem_addr: 00000000, mem_rdata: 00000000, mem_wdata: 00000000
ClkCycle:       8336, pc_rdata: 00028406, pc_wdata: 00028408, insn: 00130454, mode: 3, rs1_addr:  0, rs1_rdata: 00000000, rs2_addr:  0, rs2_rdata: 00000000, rd_addr:  0, rd_wdata: 00000000, mem_addr: 00000000, mem_rdata: 00000000, mem_wdata: 00000000
ClkCycle:       8337, pc_rdata: 00028408, pc_wdata: 0002840a, insn: 00130454, mode: 3, rs1_addr:  2, rs1_rdata: 00029f0c, rs2_addr:  4, rs2_rdata: 6dfdffff, rd_addr: 13, rd_wdata: 0002a110, mem_addr: 0002a110, mem_rdata: 00000000, mem_wdata: 6dfdffff
ClkCycle:       8338, pc_rdata: 0002840a, pc_wdata: 0002840e, insn: 00130454, mode: 3, rs1_addr:  0, rs1_rdata: 00000000, rs2_addr:  0, rs2_rdata: 00000000, rd_addr:  0, rd_wdata: 00000000, mem_addr: 00000000, mem_rdata: 00000000, mem_wdata: 00000000
ClkCycle:       8339, pc_rdata: 0002840e, pc_wdata: 00028412, insn: 00130000, mode: 3, rs1_addr:  0, rs1_rdata: 00000000, rs2_addr:  0, rs2_rdata: 00000000, rd_addr:  0, rd_wdata: 00000000, mem_addr: 00000000, mem_rdata: 00000000, mem_wdata: 00000000
ClkCycle:       8340, pc_rdata: 00028412, pc_wdata: 00028416, insn: 00130000, mode: 3, rs1_addr:  0, rs1_rdata: 00000000, rs2_addr:  0, rs2_rdata: 00000000, rd_addr:  0, rd_wdata: 00000000, mem_addr: 00000000, mem_rdata: 00000000, mem_wdata: 00000000
ClkCycle:       8341, pc_rdata: 00028416, pc_wdata: 0002841a, insn: 00130000, mode: 3, rs1_addr:  0, rs1_rdata: 00000000, rs2_addr:  0, rs2_rdata: 00000000, rd_addr:  0, rd_wdata: 00000000, mem_addr: 00000000, mem_rdata: 00000000, mem_wdata: 00000000
ClkCycle:       8342, pc_rdata: 0002841a, pc_wdata: 0002841e, insn: 00130000, mode: 3, rs1_addr:  0, rs1_rdata: 00000000, rs2_addr:  0, rs2_rdata: 00000000, rd_addr:  0, rd_wdata: 00000000, mem_addr: 00000000, mem_rdata: 00000000, mem_wdata: 00000000
ClkCycle:       8343, pc_rdata: 0002841e, pc_wdata: 00028422, insn: 00002117, mode: 3, rs1_addr: 14, rs1_rdata: 00000000, rs2_addr: 17, rs2_rdata: fffeffff, rd_addr:  0, rd_wdata: 00000211, mem_addr: 00000211, mem_rdata: 00000000, mem_wdata: fffeffff
ClkCycle:       8344, pc_rdata: 00028422, pc_wdata: 00028426, insn: 00002117, mode: 3, rs1_addr:  0, rs1_rdata: 00000000, rs2_addr:  0, rs2_rdata: 00000000, rd_addr:  0, rd_wdata: 00000000, mem_addr: 00000000, mem_rdata: 00000000, mem_wdata: 00000000
ClkCycle:       8345, pc_rdata: 00028426, pc_wdata: 00028428, insn: 00000013, mode: 3, rs1_addr:  2, rs1_rdata: 00029f0c, rs2_addr:  0, rs2_rdata: 00000000, rd_addr:  8, rd_wdata: 00029f0c, mem_addr: 00029f0c, mem_rdata: 00000000, mem_wdata: 00000000
ClkCycle:       8346, pc_rdata: 00028428, pc_wdata: 0002842c, insn: 00000013, mode: 3, rs1_addr:  0, rs1_rdata: 00000000, rs2_addr:  0, rs2_rdata: 00000000, rd_addr:  0, rd_wdata: 00000000, mem_addr: 00000000, mem_rdata: 00000000, mem_wdata: 00000000
ClkCycle:       8347, pc_rdata: 0002842c, pc_wdata: 00028430, insn: 00000013, mode: 3, rs1_addr:  0, rs1_rdata: 00000000, rs2_addr:  0, rs2_rdata: 00000000, rd_addr:  0, rd_wdata: 00000000, mem_addr: 00000000, mem_rdata: 00000000, mem_wdata: 00000000
ClkCycle:       8348, pc_rdata: 00028430, pc_wdata: 00028434, insn: 00000013, mode: 3, rs1_addr:  0, rs1_rdata: 00000000, rs2_addr:  0, rs2_rdata: 00000000, rd_addr:  0, rd_wdata: 00000000, mem_addr: 00000000, mem_rdata: 00000000, mem_wdata: 00000000
ClkCycle:       8349, pc_rdata: 00028434, pc_wdata: 00028438, insn: 00000013, mode: 3, rs1_addr:  0, rs1_rdata: 00000000, rs2_addr:  0, rs2_rdata: 00000000, rd_addr:  0, rd_wdata: 00000000, mem_addr: 00000000, mem_rdata: 00000000, mem_wdata: 00000000
ClkCycle:       8350, pc_rdata: 00028438, pc_wdata: 0002843c, insn: 00000013, mode: 3, rs1_addr:  0, rs1_rdata: 00000000, rs2_addr:  0, rs2_rdata: 00000000, rd_addr:  0, rd_wdata: 00000000, mem_addr: 00000000, mem_rdata: 00000000, mem_wdata: 00000000
ClkCycle:       8351, pc_rdata: 0002843c, pc_wdata: 00028440, insn: 00000013, mode: 3, rs1_addr:  0, rs1_rdata: 00000000, rs2_addr:  0, rs2_rdata: 00000000, rd_addr:  0, rd_wdata: 00000000, mem_addr: 00000000, mem_rdata: 00000000, mem_wdata: 00000000
ClkCycle:       8352, pc_rdata: 00028440, pc_wdata: 00028442, insn: 000153be, mode: 3, rs1_addr:  2, rs1_rdata: 00029f0c, rs2_addr: 12, rs2_rdata: 00000000, rd_addr:  7, rd_wdata: 00000000, mem_addr: 00029ff8, mem_rdata: 00000000, mem_wdata: 00000000
ClkCycle:       8353, pc_rdata: 00028442, pc_wdata: 00028446, insn: 000153be, mode: 3, rs1_addr:  0, rs1_rdata: 00000000, rs2_addr:  0, rs2_rdata: 00000000, rd_addr:  0, rd_wdata: 00000000, mem_addr: 00000000, mem_rdata: 00000000, mem_wdata: 00000000
ClkCycle:       8354, pc_rdata: 00028446, pc_wdata: 00028448, insn: 00130474, mode: 3, rs1_addr:  0, rs1_rdata: 00000000, rs2_addr:  0, rs2_rdata: 00000000, rd_addr:  0, rd_wdata: 00000000, mem_addr: 00000000, mem_rdata: 00000000, mem_wdata: 00000000
ClkCycle:       8355, pc_rdata: 00028448, pc_wdata: 0002844a, insn: 00130474, mode: 3, rs1_addr:  2, rs1_rdata: 00029f0c, rs2_addr: 12, rs2_rdata: 00000000, rd_addr: 13, rd_wdata: 0002a118, mem_addr: 0002a118, mem_rdata: 00000000, mem_wdata: 00000000
ClkCycle:       8356, pc_rdata: 0002844a, pc_wdata: 0002844e, insn: 00130474, mode: 3, rs1_addr:  0, rs1_rdata: 00000000, rs2_addr:  0, rs2_rdata: 00000000, rd_addr:  0, rd_wdata: 00000000, mem_addr: 00000000, mem_rdata: 00000000, mem_wdata: 00000000
ClkCycle:       8357, pc_rdata: 0002844e, pc_wdata: 00028452, insn: 00130000, mode: 3, rs1_addr:  0, rs1_rdata: 00000000, rs2_addr:  0, rs2_rdata: 00000000, rd_addr:  0, rd_wdata: 00000000, mem_addr: 00000000, mem_rdata: 00000000, mem_wdata: 00000000
ClkCycle:       8358, pc_rdata: 00028452, pc_wdata: 00028456, insn: 00130000, mode: 3, rs1_addr:  0, rs1_rdata: 00000000, rs2_addr:  0, rs2_rdata: 00000000, rd_addr:  0, rd_wdata: 00000000, mem_addr: 00000000, mem_rdata: 00000000, mem_wdata: 00000000
ClkCycle:       8359, pc_rdata: 00028456, pc_wdata: 0002845a, insn: 00130000, mode: 3, rs1_addr:  0, rs1_rdata: 00000000, rs2_addr:  0, rs2_rdata: 00000000, rd_addr:  0, rd_wdata: 00000000, mem_addr: 00000000, mem_rdata: 00000000, mem_wdata: 00000000
ClkCycle:       8360, pc_rdata: 0002845a, pc_wdata: 0002845e, insn: 00130000, mode: 3, rs1_addr:  0, rs1_rdata: 00000000, rs2_addr:  0, rs2_rdata: 00000000, rd_addr:  0, rd_wdata: 00000000, mem_addr: 00000000, mem_rdata: 00000000, mem_wdata: 00000000
ClkCycle:       8361, pc_rdata: 0002845e, pc_wdata: 00028462, insn: 00002117, mode: 3, rs1_addr: 14, rs1_rdata: 00000000, rs2_addr: 17, rs2_rdata: fffeffff, rd_addr:  0, rd_wdata: 00000211, mem_addr: 00000211, mem_rdata: 00000000, mem_wdata: fffeffff
ClkCycle:       8362, pc_rdata: 00028462, pc_wdata: 00028466, insn: 00002117, mode: 3, rs1_addr:  0, rs1_rdata: 00000000, rs2_addr:  0, rs2_rdata: 00000000, rd_addr:  0, rd_wdata: 00000000, mem_addr: 00000000, mem_rdata: 00000000, mem_wdata: 00000000
ClkCycle:       8363, pc_rdata: 00028466, pc_wdata: 00028468, insn: 00000013, mode: 3, rs1_addr:  2, rs1_rdata: 00029f0c, rs2_addr:  0, rs2_rdata: 00000000, rd_addr:  8, rd_wdata: 00029f0c, mem_addr: 00029f0c, mem_rdata: 00000000, mem_wdata: 00000000
ClkCycle:       8364, pc_rdata: 00028468, pc_wdata: 0002846c, insn: 00000013, mode: 3, rs1_addr:  0, rs1_rdata: 00000000, rs2_addr:  0, rs2_rdata: 00000000, rd_addr:  0, rd_wdata: 00000000, mem_addr: 00000000, mem_rdata: 00000000, mem_wdata: 00000000
ClkCycle:       8365, pc_rdata: 0002846c, pc_wdata: 00028470, insn: 00000013, mode: 3, rs1_addr:  0, rs1_rdata: 00000000, rs2_addr:  0, rs2_rdata: 00000000, rd_addr:  0, rd_wdata: 00000000, mem_addr: 00000000, mem_rdata: 00000000, mem_wdata: 00000000
ClkCycle:       8366, pc_rdata: 00028470, pc_wdata: 00028474, insn: 00000013, mode: 3, rs1_addr:  0, rs1_rdata: 00000000, rs2_addr:  0, rs2_rdata: 00000000, rd_addr:  0, rd_wdata: 00000000, mem_addr: 00000000, mem_rdata: 00000000, mem_wdata: 00000000
ClkCycle:       8367, pc_rdata: 00028474, pc_wdata: 00028478, insn: 00000013, mode: 3, rs1_addr:  0, rs1_rdata: 00000000, rs2_addr:  0, rs2_rdata: 00000000, rd_addr:  0, rd_wdata: 00000000, mem_addr: 00000000, mem_rdata: 00000000, mem_wdata: 00000000
ClkCycle:       8368, pc_rdata: 00028478, pc_wdata: 0002847c, insn: 00000013, mode: 3, rs1_addr:  0, rs1_rdata: 00000000, rs2_addr:  0, rs2_rdata: 00000000, rd_addr:  0, rd_wdata: 00000000, mem_addr: 00000000, mem_rdata: 00000000, mem_wdata: 00000000
ClkCycle:       8369, pc_rdata: 0002847c, pc_wdata: 00028480, insn: 00000013, mode: 3, rs1_addr:  0, rs1_rdata: 00000000, rs2_addr:  0, rs2_rdata: 00000000, rd_addr:  0, rd_wdata: 00000000, mem_addr: 00000000, mem_rdata: 00000000, mem_wdata: 00000000
ClkCycle:       8370, pc_rdata: 00028480, pc_wdata: 00028482, insn: 00014ffe, mode: 3, rs1_addr:  2, rs1_rdata: 00029f0c, rs2_addr: 28, rs2_rdata: 00000000, rd_addr: 31, rd_wdata: 00000000, mem_addr: 00029fe8, mem_rdata: 00000000, mem_wdata: 00000000
ClkCycle:       8371, pc_rdata: 00028482, pc_wdata: 00028486, insn: 00014ffe, mode: 3, rs1_addr:  0, rs1_rdata: 00000000, rs2_addr:  0, rs2_rdata: 00000000, rd_addr:  0, rd_wdata: 00000000, mem_addr: 00000000, mem_rdata: 00000000, mem_wdata: 00000000
ClkCycle:       8372, pc_rdata: 00028486, pc_wdata: 00028488, insn: 001305f4, mode: 3, rs1_addr:  0, rs1_rdata: 00000000, rs2_addr:  0, rs2_rdata: 00000000, rd_addr:  0, rd_wdata: 00000000, mem_addr: 00000000, mem_rdata: 00000000, mem_wdata: 00000000
ClkCycle:       8373, pc_rdata: 00028488, pc_wdata: 0002848a, insn: 001305f4, mode: 3, rs1_addr:  2, rs1_rdata: 00029f0c, rs2_addr: 12, rs2_rdata: 00000000, rd_addr: 13, rd_wdata: 0002a1d8, mem_addr: 0002a1d8, mem_rdata: 00000000, mem_wdata: 00000000
ClkCycle:       8374, pc_rdata: 0002848a, pc_wdata: 0002848e, insn: 001305f4, mode: 3, rs1_addr:  0, rs1_rdata: 00000000, rs2_addr:  0, rs2_rdata: 00000000, rd_addr:  0, rd_wdata: 00000000, mem_addr: 00000000, mem_rdata: 00000000, mem_wdata: 00000000
ClkCycle:       8375, pc_rdata: 0002848e, pc_wdata: 00028492, insn: 00130000, mode: 3, rs1_addr:  0, rs1_rdata: 00000000, rs2_addr:  0, rs2_rdata: 00000000, rd_addr:  0, rd_wdata: 00000000, mem_addr: 00000000, mem_rdata: 00000000, mem_wdata: 00000000
ClkCycle:       8376, pc_rdata: 00028492, pc_wdata: 00028496, insn: 00130000, mode: 3, rs1_addr:  0, rs1_rdata: 00000000, rs2_addr:  0, rs2_rdata: 00000000, rd_addr:  0, rd_wdata: 00000000, mem_addr: 00000000, mem_rdata: 00000000, mem_wdata: 00000000
ClkCycle:       8377, pc_rdata: 00028496, pc_wdata: 0002849a, insn: 00130000, mode: 3, rs1_addr:  0, rs1_rdata: 00000000, rs2_addr:  0, rs2_rdata: 00000000, rd_addr:  0, rd_wdata: 00000000, mem_addr: 00000000, mem_rdata: 00000000, mem_wdata: 00000000
ClkCycle:       8378, pc_rdata: 0002849a, pc_wdata: 0002849e, insn: 00130000, mode: 3, rs1_addr:  0, rs1_rdata: 00000000, rs2_addr:  0, rs2_rdata: 00000000, rd_addr:  0, rd_wdata: 00000000, mem_addr: 00000000, mem_rdata: 00000000, mem_wdata: 00000000
ClkCycle:       8379, pc_rdata: 0002849e, pc_wdata: 000284a2, insn: 00002117, mode: 3, rs1_addr: 14, rs1_rdata: 00000000, rs2_addr: 17, rs2_rdata: fffeffff, rd_addr:  0, rd_wdata: 00000211, mem_addr: 00000211, mem_rdata: 00000000, mem_wdata: fffeffff
ClkCycle:       8380, pc_rdata: 000284a2, pc_wdata: 000284a6, insn: 00002117, mode: 3, rs1_addr:  0, rs1_rdata: 00000000, rs2_addr:  0, rs2_rdata: 00000000, rd_addr:  0, rd_wdata: 00000000, mem_addr: 00000000, mem_rdata: 00000000, mem_wdata: 00000000
ClkCycle:       8381, pc_rdata: 000284a6, pc_wdata: 000284a8, insn: 00000013, mode: 3, rs1_addr:  2, rs1_rdata: 00029f0c, rs2_addr:  0, rs2_rdata: 00000000, rd_addr:  8, rd_wdata: 00029f0c, mem_addr: 00029f0c, mem_rdata: 00000000, mem_wdata: 00000000
ClkCycle:       8382, pc_rdata: 000284a8, pc_wdata: 000284ac, insn: 00000013, mode: 3, rs1_addr:  0, rs1_rdata: 00000000, rs2_addr:  0, rs2_rdata: 00000000, rd_addr:  0, rd_wdata: 00000000, mem_addr: 00000000, mem_rdata: 00000000, mem_wdata: 00000000
ClkCycle:       8383, pc_rdata: 000284ac, pc_wdata: 000284b0, insn: 00000013, mode: 3, rs1_addr:  0, rs1_rdata: 00000000, rs2_addr:  0, rs2_rdata: 00000000, rd_addr:  0, rd_wdata: 00000000, mem_addr: 00000000, mem_rdata: 00000000, mem_wdata: 00000000
ClkCycle:       8384, pc_rdata: 000284b0, pc_wdata: 000284b4, insn: 00000013, mode: 3, rs1_addr:  0, rs1_rdata: 00000000, rs2_addr:  0, rs2_rdata: 00000000, rd_addr:  0, rd_wdata: 00000000, mem_addr: 00000000, mem_rdata: 00000000, mem_wdata: 00000000
ClkCycle:       8385, pc_rdata: 000284b4, pc_wdata: 000284b8, insn: 00000013, mode: 3, rs1_addr:  0, rs1_rdata: 00000000, rs2_addr:  0, rs2_rdata: 00000000, rd_addr:  0, rd_wdata: 00000000, mem_addr: 00000000, mem_rdata: 00000000, mem_wdata: 00000000
ClkCycle:       8386, pc_rdata: 000284b8, pc_wdata: 000284bc, insn: 00000013, mode: 3, rs1_addr:  0, rs1_rdata: 00000000, rs2_addr:  0, rs2_rdata: 00000000, rd_addr:  0, rd_wdata: 00000000, mem_addr: 00000000, mem_rdata: 00000000, mem_wdata: 00000000
ClkCycle:       8387, pc_rdata: 000284bc, pc_wdata: 000284c0, insn: 00000013, mode: 3, rs1_addr:  0, rs1_rdata: 00000000, rs2_addr:  0, rs2_rdata: 00000000, rd_addr:  0, rd_wdata: 00000000, mem_addr: 00000000, mem_rdata: 00000000, mem_wdata: 00000000
ClkCycle:       8388, pc_rdata: 000284c0, pc_wdata: 000284c2, insn: 00015d7a, mode: 3, rs1_addr:  2, rs1_rdata: 00029f0c, rs2_addr: 28, rs2_rdata: 00000000, rd_addr: 26, rd_wdata: 00000000, mem_addr: 00029fc8, mem_rdata: 00000000, mem_wdata: 00000000
ClkCycle:       8389, pc_rdata: 000284c2, pc_wdata: 000284c6, insn: 00015d7a, mode: 3, rs1_addr:  0, rs1_rdata: 00000000, rs2_addr:  0, rs2_rdata: 00000000, rd_addr:  0, rd_wdata: 00000000, mem_addr: 00000000, mem_rdata: 00000000, mem_wdata: 00000000
ClkCycle:       8390, pc_rdata: 000284c6, pc_wdata: 000284c8, insn: 001307a4, mode: 3, rs1_addr:  0, rs1_rdata: 00000000, rs2_addr:  0, rs2_rdata: 00000000, rd_addr:  0, rd_wdata: 00000000, mem_addr: 00000000, mem_rdata: 00000000, mem_wdata: 00000000
ClkCycle:       8391, pc_rdata: 000284c8, pc_wdata: 000284ca, insn: 001307a4, mode: 3, rs1_addr:  2, rs1_rdata: 00029f0c, rs2_addr:  8, rs2_rdata: 00029f0c, rd_addr:  9, rd_wdata: 0002a2d4, mem_addr: 0002a2d4, mem_rdata: 00000000, mem_wdata: 00029f0c
ClkCycle:       8392, pc_rdata: 000284ca, pc_wdata: 000284ce, insn: 001307a4, mode: 3, rs1_addr:  0, rs1_rdata: 00000000, rs2_addr:  0, rs2_rdata: 00000000, rd_addr:  0, rd_wdata: 00000000, mem_addr: 00000000, mem_rdata: 00000000, mem_wdata: 00000000
ClkCycle:       8393, pc_rdata: 000284ce, pc_wdata: 000284d2, insn: 00130000, mode: 3, rs1_addr:  0, rs1_rdata: 00000000, rs2_addr:  0, rs2_rdata: 00000000, rd_addr:  0, rd_wdata: 00000000, mem_addr: 00000000, mem_rdata: 00000000, mem_wdata: 00000000
ClkCycle:       8394, pc_rdata: 000284d2, pc_wdata: 000284d6, insn: 00130000, mode: 3, rs1_addr:  0, rs1_rdata: 00000000, rs2_addr:  0, rs2_rdata: 00000000, rd_addr:  0, rd_wdata: 00000000, mem_addr: 00000000, mem_rdata: 00000000, mem_wdata: 00000000
ClkCycle:       8395, pc_rdata: 000284d6, pc_wdata: 000284da, insn: 00130000, mode: 3, rs1_addr:  0, rs1_rdata: 00000000, rs2_addr:  0, rs2_rdata: 00000000, rd_addr:  0, rd_wdata: 00000000, mem_addr: 00000000, mem_rdata: 00000000, mem_wdata: 00000000
ClkCycle:       8396, pc_rdata: 000284da, pc_wdata: 000284de, insn: 00130000, mode: 3, rs1_addr:  0, rs1_rdata: 00000000, rs2_addr:  0, rs2_rdata: 00000000, rd_addr:  0, rd_wdata: 00000000, mem_addr: 00000000, mem_rdata: 00000000, mem_wdata: 00000000
ClkCycle:       8397, pc_rdata: 000284de, pc_wdata: 000284e2, insn: 00002117, mode: 3, rs1_addr: 14, rs1_rdata: 00000000, rs2_addr: 17, rs2_rdata: fffeffff, rd_addr:  0, rd_wdata: 00000211, mem_addr: 00000211, mem_rdata: 00000000, mem_wdata: fffeffff
ClkCycle:       8398, pc_rdata: 000284e2, pc_wdata: 000284e6, insn: 00002117, mode: 3, rs1_addr:  0, rs1_rdata: 00000000, rs2_addr:  0, rs2_rdata: 00000000, rd_addr:  0, rd_wdata: 00000000, mem_addr: 00000000, mem_rdata: 00000000, mem_wdata: 00000000
ClkCycle:       8399, pc_rdata: 000284e6, pc_wdata: 000284e8, insn: 00000013, mode: 3, rs1_addr:  2, rs1_rdata: 00029f0c, rs2_addr:  0, rs2_rdata: 00000000, rd_addr:  8, rd_wdata: 00029f0c, mem_addr: 00029f0c, mem_rdata: 00000000, mem_wdata: 00000000
ClkCycle:       8400, pc_rdata: 000284e8, pc_wdata: 000284ec, insn: 00000013, mode: 3, rs1_addr:  0, rs1_rdata: 00000000, rs2_addr:  0, rs2_rdata: 00000000, rd_addr:  0, rd_wdata: 00000000, mem_addr: 00000000, mem_rdata: 00000000, mem_wdata: 00000000
ClkCycle:       8401, pc_rdata: 000284ec, pc_wdata: 000284f0, insn: 00000013, mode: 3, rs1_addr:  0, rs1_rdata: 00000000, rs2_addr:  0, rs2_rdata: 00000000, rd_addr:  0, rd_wdata: 00000000, mem_addr: 00000000, mem_rdata: 00000000, mem_wdata: 00000000
ClkCycle:       8402, pc_rdata: 000284f0, pc_wdata: 000284f4, insn: 00000013, mode: 3, rs1_addr:  0, rs1_rdata: 00000000, rs2_addr:  0, rs2_rdata: 00000000, rd_addr:  0, rd_wdata: 00000000, mem_addr: 00000000, mem_rdata: 00000000, mem_wdata: 00000000
ClkCycle:       8403, pc_rdata: 000284f4, pc_wdata: 000284f8, insn: 00000013, mode: 3, rs1_addr:  0, rs1_rdata: 00000000, rs2_addr:  0, rs2_rdata: 00000000, rd_addr:  0, rd_wdata: 00000000, mem_addr: 00000000, mem_rdata: 00000000, mem_wdata: 00000000
ClkCycle:       8404, pc_rdata: 000284f8, pc_wdata: 000284fc, insn: 00000013, mode: 3, rs1_addr:  0, rs1_rdata: 00000000, rs2_addr:  0, rs2_rdata: 00000000, rd_addr:  0, rd_wdata: 00000000, mem_addr: 00000000, mem_rdata: 00000000, mem_wdata: 00000000
ClkCycle:       8405, pc_rdata: 000284fc, pc_wdata: 00028500, insn: 00000013, mode: 3, rs1_addr:  0, rs1_rdata: 00000000, rs2_addr:  0, rs2_rdata: 00000000, rd_addr:  0, rd_wdata: 00000000, mem_addr: 00000000, mem_rdata: 00000000, mem_wdata: 00000000
ClkCycle:       8406, pc_rdata: 00028500, pc_wdata: 00028502, insn: 00015e76, mode: 3, rs1_addr:  2, rs1_rdata: 00029f0c, rs2_addr: 28, rs2_rdata: 00000000, rd_addr: 28, rd_wdata: 00000000, mem_addr: 00029f88, mem_rdata: 00000000, mem_wdata: 00000000
ClkCycle:       8407, pc_rdata: 00028502, pc_wdata: 00028506, insn: 00015e76, mode: 3, rs1_addr:  0, rs1_rdata: 00000000, rs2_addr:  0, rs2_rdata: 00000000, rd_addr:  0, rd_wdata: 00000000, mem_addr: 00000000, mem_rdata: 00000000, mem_wdata: 00000000
ClkCycle:       8408, pc_rdata: 00028506, pc_wdata: 00028508, insn: 001307c4, mode: 3, rs1_addr:  0, rs1_rdata: 00000000, rs2_addr:  0, rs2_rdata: 00000000, rd_addr:  0, rd_wdata: 00000000, mem_addr: 00000000, mem_rdata: 00000000, mem_wdata: 00000000
ClkCycle:       8409, pc_rdata: 00028508, pc_wdata: 0002850a, insn: 001307c4, mode: 3, rs1_addr:  2, rs1_rdata: 00029f0c, rs2_addr:  4, rs2_rdata: 6dfdffff, rd_addr:  9, rd_wdata: 0002a2d0, mem_addr: 0002a2d0, mem_rdata: 00000000, mem_wdata: 6dfdffff
ClkCycle:       8410, pc_rdata: 0002850a, pc_wdata: 0002850e, insn: 001307c4, mode: 3, rs1_addr:  0, rs1_rdata: 00000000, rs2_addr:  0, rs2_rdata: 00000000, rd_addr:  0, rd_wdata: 00000000, mem_addr: 00000000, mem_rdata: 00000000, mem_wdata: 00000000
ClkCycle:       8411, pc_rdata: 0002850e, pc_wdata: 00028512, insn: 00130000, mode: 3, rs1_addr:  0, rs1_rdata: 00000000, rs2_addr:  0, rs2_rdata: 00000000, rd_addr:  0, rd_wdata: 00000000, mem_addr: 00000000, mem_rdata: 00000000, mem_wdata: 00000000
ClkCycle:       8412, pc_rdata: 00028512, pc_wdata: 00028516, insn: 00130000, mode: 3, rs1_addr:  0, rs1_rdata: 00000000, rs2_addr:  0, rs2_rdata: 00000000, rd_addr:  0, rd_wdata: 00000000, mem_addr: 00000000, mem_rdata: 00000000, mem_wdata: 00000000
ClkCycle:       8413, pc_rdata: 00028516, pc_wdata: 0002851a, insn: 00130000, mode: 3, rs1_addr:  0, rs1_rdata: 00000000, rs2_addr:  0, rs2_rdata: 00000000, rd_addr:  0, rd_wdata: 00000000, mem_addr: 00000000, mem_rdata: 00000000, mem_wdata: 00000000
ClkCycle:       8414, pc_rdata: 0002851a, pc_wdata: 0002851e, insn: 00130000, mode: 3, rs1_addr:  0, rs1_rdata: 00000000, rs2_addr:  0, rs2_rdata: 00000000, rd_addr:  0, rd_wdata: 00000000, mem_addr: 00000000, mem_rdata: 00000000, mem_wdata: 00000000
ClkCycle:       8415, pc_rdata: 0002851e, pc_wdata: 00028522, insn: 00002117, mode: 3, rs1_addr: 14, rs1_rdata: 00000000, rs2_addr: 17, rs2_rdata: fffeffff, rd_addr:  0, rd_wdata: 00000211, mem_addr: 00000211, mem_rdata: 00000000, mem_wdata: fffeffff
ClkCycle:       8416, pc_rdata: 00028522, pc_wdata: 00028526, insn: 00002117, mode: 3, rs1_addr:  0, rs1_rdata: 00000000, rs2_addr:  0, rs2_rdata: 00000000, rd_addr:  0, rd_wdata: 00000000, mem_addr: 00000000, mem_rdata: 00000000, mem_wdata: 00000000
ClkCycle:       8417, pc_rdata: 00028526, pc_wdata: 00028528, insn: 00000013, mode: 3, rs1_addr:  2, rs1_rdata: 00029f0c, rs2_addr:  0, rs2_rdata: 00000000, rd_addr:  8, rd_wdata: 00029f0c, mem_addr: 00029f0c, mem_rdata: 00000000, mem_wdata: 00000000
ClkCycle:       8418, pc_rdata: 00028528, pc_wdata: 0002852c, insn: 00000013, mode: 3, rs1_addr:  0, rs1_rdata: 00000000, rs2_addr:  0, rs2_rdata: 00000000, rd_addr:  0, rd_wdata: 00000000, mem_addr: 00000000, mem_rdata: 00000000, mem_wdata: 00000000
ClkCycle:       8419, pc_rdata: 0002852c, pc_wdata: 00028530, insn: 00000013, mode: 3, rs1_addr:  0, rs1_rdata: 00000000, rs2_addr:  0, rs2_rdata: 00000000, rd_addr:  0, rd_wdata: 00000000, mem_addr: 00000000, mem_rdata: 00000000, mem_wdata: 00000000
ClkCycle:       8420, pc_rdata: 00028530, pc_wdata: 00028534, insn: 00000013, mode: 3, rs1_addr:  0, rs1_rdata: 00000000, rs2_addr:  0, rs2_rdata: 00000000, rd_addr:  0, rd_wdata: 00000000, mem_addr: 00000000, mem_rdata: 00000000, mem_wdata: 00000000
ClkCycle:       8421, pc_rdata: 00028534, pc_wdata: 00028538, insn: 00000013, mode: 3, rs1_addr:  0, rs1_rdata: 00000000, rs2_addr:  0, rs2_rdata: 00000000, rd_addr:  0, rd_wdata: 00000000, mem_addr: 00000000, mem_rdata: 00000000, mem_wdata: 00000000
ClkCycle:       8422, pc_rdata: 00028538, pc_wdata: 0002853c, insn: 00000013, mode: 3, rs1_addr:  0, rs1_rdata: 00000000, rs2_addr:  0, rs2_rdata: 00000000, rd_addr:  0, rd_wdata: 00000000, mem_addr: 00000000, mem_rdata: 00000000, mem_wdata: 00000000
ClkCycle:       8423, pc_rdata: 0002853c, pc_wdata: 00028540, insn: 00000013, mode: 3, rs1_addr:  0, rs1_rdata: 00000000, rs2_addr:  0, rs2_rdata: 00000000, rd_addr:  0, rd_wdata: 00000000, mem_addr: 00000000, mem_rdata: 00000000, mem_wdata: 00000000
ClkCycle:       8424, pc_rdata: 00028540, pc_wdata: 00028542, insn: 00014ad6, mode: 3, rs1_addr:  2, rs1_rdata: 00029f0c, rs2_addr: 20, rs2_rdata: ffffffff, rd_addr: 21, rd_wdata: 00000000, mem_addr: 00029f60, mem_rdata: 00000000, mem_wdata: ffffffff
ClkCycle:       8425, pc_rdata: 00028542, pc_wdata: 00028546, insn: 00014ad6, mode: 3, rs1_addr:  0, rs1_rdata: 00000000, rs2_addr:  0, rs2_rdata: 00000000, rd_addr:  0, rd_wdata: 00000000, mem_addr: 00000000, mem_rdata: 00000000, mem_wdata: 00000000
ClkCycle:       8426, pc_rdata: 00028546, pc_wdata: 00028548, insn: 00130754, mode: 3, rs1_addr:  0, rs1_rdata: 00000000, rs2_addr:  0, rs2_rdata: 00000000, rd_addr:  0, rd_wdata: 00000000, mem_addr: 00000000, mem_rdata: 00000000, mem_wdata: 00000000
ClkCycle:       8427, pc_rdata: 00028548, pc_wdata: 0002854a, insn: 00130754, mode: 3, rs1_addr:  2, rs1_rdata: 00029f0c, rs2_addr:  4, rs2_rdata: 6dfdffff, rd_addr: 13, rd_wdata: 0002a290, mem_addr: 0002a290, mem_rdata: 00000000, mem_wdata: 6dfdffff
ClkCycle:       8428, pc_rdata: 0002854a, pc_wdata: 0002854e, insn: 00130754, mode: 3, rs1_addr:  0, rs1_rdata: 00000000, rs2_addr:  0, rs2_rdata: 00000000, rd_addr:  0, rd_wdata: 00000000, mem_addr: 00000000, mem_rdata: 00000000, mem_wdata: 00000000
ClkCycle:       8429, pc_rdata: 0002854e, pc_wdata: 00028552, insn: 00130000, mode: 3, rs1_addr:  0, rs1_rdata: 00000000, rs2_addr:  0, rs2_rdata: 00000000, rd_addr:  0, rd_wdata: 00000000, mem_addr: 00000000, mem_rdata: 00000000, mem_wdata: 00000000
ClkCycle:       8430, pc_rdata: 00028552, pc_wdata: 00028556, insn: 00130000, mode: 3, rs1_addr:  0, rs1_rdata: 00000000, rs2_addr:  0, rs2_rdata: 00000000, rd_addr:  0, rd_wdata: 00000000, mem_addr: 00000000, mem_rdata: 00000000, mem_wdata: 00000000
ClkCycle:       8431, pc_rdata: 00028556, pc_wdata: 0002855a, insn: 00130000, mode: 3, rs1_addr:  0, rs1_rdata: 00000000, rs2_addr:  0, rs2_rdata: 00000000, rd_addr:  0, rd_wdata: 00000000, mem_addr: 00000000, mem_rdata: 00000000, mem_wdata: 00000000
ClkCycle:       8432, pc_rdata: 0002855a, pc_wdata: 0002855e, insn: 00130000, mode: 3, rs1_addr:  0, rs1_rdata: 00000000, rs2_addr:  0, rs2_rdata: 00000000, rd_addr:  0, rd_wdata: 00000000, mem_addr: 00000000, mem_rdata: 00000000, mem_wdata: 00000000
ClkCycle:       8433, pc_rdata: 0002855e, pc_wdata: 00028562, insn: 00002117, mode: 3, rs1_addr: 14, rs1_rdata: 00000000, rs2_addr: 17, rs2_rdata: fffeffff, rd_addr:  0, rd_wdata: 00000211, mem_addr: 00000211, mem_rdata: 00000000, mem_wdata: fffeffff
ClkCycle:       8434, pc_rdata: 00028562, pc_wdata: 00028566, insn: 00002117, mode: 3, rs1_addr:  0, rs1_rdata: 00000000, rs2_addr:  0, rs2_rdata: 00000000, rd_addr:  0, rd_wdata: 00000000, mem_addr: 00000000, mem_rdata: 00000000, mem_wdata: 00000000
ClkCycle:       8435, pc_rdata: 00028566, pc_wdata: 00028568, insn: 00000013, mode: 3, rs1_addr:  2, rs1_rdata: 00029f0c, rs2_addr:  0, rs2_rdata: 00000000, rd_addr:  8, rd_wdata: 00029f0c, mem_addr: 00029f0c, mem_rdata: 00000000, mem_wdata: 00000000
ClkCycle:       8436, pc_rdata: 00028568, pc_wdata: 0002856c, insn: 00000013, mode: 3, rs1_addr:  0, rs1_rdata: 00000000, rs2_addr:  0, rs2_rdata: 00000000, rd_addr:  0, rd_wdata: 00000000, mem_addr: 00000000, mem_rdata: 00000000, mem_wdata: 00000000
ClkCycle:       8437, pc_rdata: 0002856c, pc_wdata: 00028570, insn: 00000013, mode: 3, rs1_addr:  0, rs1_rdata: 00000000, rs2_addr:  0, rs2_rdata: 00000000, rd_addr:  0, rd_wdata: 00000000, mem_addr: 00000000, mem_rdata: 00000000, mem_wdata: 00000000
ClkCycle:       8438, pc_rdata: 00028570, pc_wdata: 00028574, insn: 00000013, mode: 3, rs1_addr:  0, rs1_rdata: 00000000, rs2_addr:  0, rs2_rdata: 00000000, rd_addr:  0, rd_wdata: 00000000, mem_addr: 00000000, mem_rdata: 00000000, mem_wdata: 00000000
ClkCycle:       8439, pc_rdata: 00028574, pc_wdata: 00028578, insn: 00000013, mode: 3, rs1_addr:  0, rs1_rdata: 00000000, rs2_addr:  0, rs2_rdata: 00000000, rd_addr:  0, rd_wdata: 00000000, mem_addr: 00000000, mem_rdata: 00000000, mem_wdata: 00000000
ClkCycle:       8440, pc_rdata: 00028578, pc_wdata: 0002857c, insn: 00000013, mode: 3, rs1_addr:  0, rs1_rdata: 00000000, rs2_addr:  0, rs2_rdata: 00000000, rd_addr:  0, rd_wdata: 00000000, mem_addr: 00000000, mem_rdata: 00000000, mem_wdata: 00000000
ClkCycle:       8441, pc_rdata: 0002857c, pc_wdata: 00028580, insn: 00000013, mode: 3, rs1_addr:  0, rs1_rdata: 00000000, rs2_addr:  0, rs2_rdata: 00000000, rd_addr:  0, rd_wdata: 00000000, mem_addr: 00000000, mem_rdata: 00000000, mem_wdata: 00000000
ClkCycle:       8442, pc_rdata: 00028580, pc_wdata: 00028582, insn: 00015f2a, mode: 3, rs1_addr:  2, rs1_rdata: 00029f0c, rs2_addr:  8, rs2_rdata: 00029f0c, rd_addr: 30, rd_wdata: 00000000, mem_addr: 00029fb4, mem_rdata: 00000000, mem_wdata: 00029f0c
ClkCycle:       8443, pc_rdata: 00028582, pc_wdata: 00028586, insn: 00015f2a, mode: 3, rs1_addr:  0, rs1_rdata: 00000000, rs2_addr:  0, rs2_rdata: 00000000, rd_addr:  0, rd_wdata: 00000000, mem_addr: 00000000, mem_rdata: 00000000, mem_wdata: 00000000
ClkCycle:       8444, pc_rdata: 00028586, pc_wdata: 00028588, insn: 001307e4, mode: 3, rs1_addr:  0, rs1_rdata: 00000000, rs2_addr:  0, rs2_rdata: 00000000, rd_addr:  0, rd_wdata: 00000000, mem_addr: 00000000, mem_rdata: 00000000, mem_wdata: 00000000
ClkCycle:       8445, pc_rdata: 00028588, pc_wdata: 0002858a, insn: 001307e4, mode: 3, rs1_addr:  2, rs1_rdata: 00029f0c, rs2_addr: 12, rs2_rdata: 00000000, rd_addr:  9, rd_wdata: 0002a2d8, mem_addr: 0002a2d8, mem_rdata: 00000000, mem_wdata: 00000000
ClkCycle:       8446, pc_rdata: 0002858a, pc_wdata: 0002858e, insn: 001307e4, mode: 3, rs1_addr:  0, rs1_rdata: 00000000, rs2_addr:  0, rs2_rdata: 00000000, rd_addr:  0, rd_wdata: 00000000, mem_addr: 00000000, mem_rdata: 00000000, mem_wdata: 00000000
ClkCycle:       8447, pc_rdata: 0002858e, pc_wdata: 00028592, insn: 00130000, mode: 3, rs1_addr:  0, rs1_rdata: 00000000, rs2_addr:  0, rs2_rdata: 00000000, rd_addr:  0, rd_wdata: 00000000, mem_addr: 00000000, mem_rdata: 00000000, mem_wdata: 00000000
ClkCycle:       8448, pc_rdata: 00028592, pc_wdata: 00028596, insn: 00130000, mode: 3, rs1_addr:  0, rs1_rdata: 00000000, rs2_addr:  0, rs2_rdata: 00000000, rd_addr:  0, rd_wdata: 00000000, mem_addr: 00000000, mem_rdata: 00000000, mem_wdata: 00000000
ClkCycle:       8449, pc_rdata: 00028596, pc_wdata: 0002859a, insn: 00130000, mode: 3, rs1_addr:  0, rs1_rdata: 00000000, rs2_addr:  0, rs2_rdata: 00000000, rd_addr:  0, rd_wdata: 00000000, mem_addr: 00000000, mem_rdata: 00000000, mem_wdata: 00000000
ClkCycle:       8450, pc_rdata: 0002859a, pc_wdata: 0002859e, insn: 00130000, mode: 3, rs1_addr:  0, rs1_rdata: 00000000, rs2_addr:  0, rs2_rdata: 00000000, rd_addr:  0, rd_wdata: 00000000, mem_addr: 00000000, mem_rdata: 00000000, mem_wdata: 00000000
ClkCycle:       8451, pc_rdata: 0002859e, pc_wdata: 000285a2, insn: 00002117, mode: 3, rs1_addr: 14, rs1_rdata: 00000000, rs2_addr: 17, rs2_rdata: fffeffff, rd_addr:  0, rd_wdata: 00000211, mem_addr: 00000211, mem_rdata: 00000000, mem_wdata: fffeffff
ClkCycle:       8452, pc_rdata: 000285a2, pc_wdata: 000285a6, insn: 00002117, mode: 3, rs1_addr:  0, rs1_rdata: 00000000, rs2_addr:  0, rs2_rdata: 00000000, rd_addr:  0, rd_wdata: 00000000, mem_addr: 00000000, mem_rdata: 00000000, mem_wdata: 00000000
ClkCycle:       8453, pc_rdata: 000285a6, pc_wdata: 000285a8, insn: 00000013, mode: 3, rs1_addr:  2, rs1_rdata: 00029f0c, rs2_addr:  0, rs2_rdata: 00000000, rd_addr:  8, rd_wdata: 00029f0c, mem_addr: 00029f0c, mem_rdata: 00000000, mem_wdata: 00000000
ClkCycle:       8454, pc_rdata: 000285a8, pc_wdata: 000285ac, insn: 00000013, mode: 3, rs1_addr:  0, rs1_rdata: 00000000, rs2_addr:  0, rs2_rdata: 00000000, rd_addr:  0, rd_wdata: 00000000, mem_addr: 00000000, mem_rdata: 00000000, mem_wdata: 00000000
ClkCycle:       8455, pc_rdata: 000285ac, pc_wdata: 000285b0, insn: 00000013, mode: 3, rs1_addr:  0, rs1_rdata: 00000000, rs2_addr:  0, rs2_rdata: 00000000, rd_addr:  0, rd_wdata: 00000000, mem_addr: 00000000, mem_rdata: 00000000, mem_wdata: 00000000
ClkCycle:       8456, pc_rdata: 000285b0, pc_wdata: 000285b4, insn: 00000013, mode: 3, rs1_addr:  0, rs1_rdata: 00000000, rs2_addr:  0, rs2_rdata: 00000000, rd_addr:  0, rd_wdata: 00000000, mem_addr: 00000000, mem_rdata: 00000000, mem_wdata: 00000000
ClkCycle:       8457, pc_rdata: 000285b4, pc_wdata: 000285b8, insn: 00000013, mode: 3, rs1_addr:  0, rs1_rdata: 00000000, rs2_addr:  0, rs2_rdata: 00000000, rd_addr:  0, rd_wdata: 00000000, mem_addr: 00000000, mem_rdata: 00000000, mem_wdata: 00000000
ClkCycle:       8458, pc_rdata: 000285b8, pc_wdata: 000285bc, insn: 00000013, mode: 3, rs1_addr:  0, rs1_rdata: 00000000, rs2_addr:  0, rs2_rdata: 00000000, rd_addr:  0, rd_wdata: 00000000, mem_addr: 00000000, mem_rdata: 00000000, mem_wdata: 00000000
ClkCycle:       8459, pc_rdata: 000285bc, pc_wdata: 000285c0, insn: 00000013, mode: 3, rs1_addr:  0, rs1_rdata: 00000000, rs2_addr:  0, rs2_rdata: 00000000, rd_addr:  0, rd_wdata: 00000000, mem_addr: 00000000, mem_rdata: 00000000, mem_wdata: 00000000
ClkCycle:       8460, pc_rdata: 000285c0, pc_wdata: 000285c2, insn: 00014702, mode: 3, rs1_addr:  2, rs1_rdata: 00029f0c, rs2_addr:  0, rs2_rdata: 00000000, rd_addr: 14, rd_wdata: 00000000, mem_addr: 00029f0c, mem_rdata: 00000000, mem_wdata: 00000000
ClkCycle:       8461, pc_rdata: 000285c2, pc_wdata: 000285c6, insn: 00014702, mode: 3, rs1_addr:  0, rs1_rdata: 00000000, rs2_addr:  0, rs2_rdata: 00000000, rd_addr:  0, rd_wdata: 00000000, mem_addr: 00000000, mem_rdata: 00000000, mem_wdata: 00000000
ClkCycle:       8462, pc_rdata: 000285c6, pc_wdata: 000285c8, insn: 00000013, mode: 3, rs1_addr:  0, rs1_rdata: 00000000, rs2_addr:  0, rs2_rdata: 00000000, rd_addr:  0, rd_wdata: 00000000, mem_addr: 00000000, mem_rdata: 00000000, mem_wdata: 00000000
ClkCycle:       8463, pc_rdata: 000285c8, pc_wdata: 000285cc, insn: 00000013, mode: 3, rs1_addr:  0, rs1_rdata: 00000000, rs2_addr:  0, rs2_rdata: 00000000, rd_addr:  0, rd_wdata: 00000000, mem_addr: 00000000, mem_rdata: 00000000, mem_wdata: 00000000
ClkCycle:       8464, pc_rdata: 000285cc, pc_wdata: 000285d0, insn: 00000013, mode: 3, rs1_addr:  0, rs1_rdata: 00000000, rs2_addr:  0, rs2_rdata: 00000000, rd_addr:  0, rd_wdata: 00000000, mem_addr: 00000000, mem_rdata: 00000000, mem_wdata: 00000000
ClkCycle:       8465, pc_rdata: 000285d0, pc_wdata: 000285d4, insn: 00000013, mode: 3, rs1_addr:  0, rs1_rdata: 00000000, rs2_addr:  0, rs2_rdata: 00000000, rd_addr:  0, rd_wdata: 00000000, mem_addr: 00000000, mem_rdata: 00000000, mem_wdata: 00000000
ClkCycle:       8466, pc_rdata: 000285d4, pc_wdata: 000285d8, insn: 00000013, mode: 3, rs1_addr:  0, rs1_rdata: 00000000, rs2_addr:  0, rs2_rdata: 00000000, rd_addr:  0, rd_wdata: 00000000, mem_addr: 00000000, mem_rdata: 00000000, mem_wdata: 00000000
ClkCycle:       8467, pc_rdata: 000285d8, pc_wdata: 000285dc, insn: 00000013, mode: 3, rs1_addr:  0, rs1_rdata: 00000000, rs2_addr:  0, rs2_rdata: 00000000, rd_addr:  0, rd_wdata: 00000000, mem_addr: 00000000, mem_rdata: 00000000, mem_wdata: 00000000
ClkCycle:       8468, pc_rdata: 000285dc, pc_wdata: 000285e0, insn: 00000013, mode: 3, rs1_addr:  0, rs1_rdata: 00000000, rs2_addr:  0, rs2_rdata: 00000000, rd_addr:  0, rd_wdata: 00000000, mem_addr: 00000000, mem_rdata: 00000000, mem_wdata: 00000000
ClkCycle:       8469, pc_rdata: 000285e0, pc_wdata: 000285e4, insn: 00002117, mode: 3, rs1_addr:  0, rs1_rdata: 00000000, rs2_addr:  0, rs2_rdata: 00000000, rd_addr:  2, rd_wdata: 0002a5e0, mem_addr: 0002a5e0, mem_rdata: 00000000, mem_wdata: 00000000
ClkCycle:       8470, pc_rdata: 000285e4, pc_wdata: 000285e8, insn: a2010113, mode: 3, rs1_addr:  2, rs1_rdata: 00029f0c, rs2_addr:  0, rs2_rdata: 00000000, rd_addr:  2, rd_wdata: 0002a000, mem_addr: 0002a000, mem_rdata: 00000000, mem_wdata: 00000000
ClkCycle:       8471, pc_rdata: 000285e8, pc_wdata: 000285ec, insn: 00000013, mode: 3, rs1_addr:  0, rs1_rdata: 00000000, rs2_addr:  0, rs2_rdata: 00000000, rd_addr:  0, rd_wdata: 00000000, mem_addr: 00000000, mem_rdata: 00000000, mem_wdata: 00000000
ClkCycle:       8472, pc_rdata: 000285ec, pc_wdata: 000285f0, insn: 00000013, mode: 3, rs1_addr:  0, rs1_rdata: 00000000, rs2_addr:  0, rs2_rdata: 00000000, rd_addr:  0, rd_wdata: 00000000, mem_addr: 00000000, mem_rdata: 00000000, mem_wdata: 00000000
ClkCycle:       8473, pc_rdata: 000285f0, pc_wdata: 000285f4, insn: 00000013, mode: 3, rs1_addr:  0, rs1_rdata: 00000000, rs2_addr:  0, rs2_rdata: 00000000, rd_addr:  0, rd_wdata: 00000000, mem_addr: 00000000, mem_rdata: 00000000, mem_wdata: 00000000
ClkCycle:       8474, pc_rdata: 000285f4, pc_wdata: 000285f8, insn: 00000013, mode: 3, rs1_addr:  0, rs1_rdata: 00000000, rs2_addr:  0, rs2_rdata: 00000000, rd_addr:  0, rd_wdata: 00000000, mem_addr: 00000000, mem_rdata: 00000000, mem_wdata: 00000000
ClkCycle:       8475, pc_rdata: 000285f8, pc_wdata: 000285fc, insn: 00000013, mode: 3, rs1_addr:  0, rs1_rdata: 00000000, rs2_addr:  0, rs2_rdata: 00000000, rd_addr:  0, rd_wdata: 00000000, mem_addr: 00000000, mem_rdata: 00000000, mem_wdata: 00000000
ClkCycle:       8476, pc_rdata: 000285fc, pc_wdata: 00028600, insn: 00000013, mode: 3, rs1_addr:  0, rs1_rdata: 00000000, rs2_addr:  0, rs2_rdata: 00000000, rd_addr:  0, rd_wdata: 00000000, mem_addr: 00000000, mem_rdata: 00000000, mem_wdata: 00000000
ClkCycle:       8477, pc_rdata: 00028600, pc_wdata: 00028602, insn: 00014682, mode: 3, rs1_addr:  2, rs1_rdata: 0002a000, rs2_addr:  0, rs2_rdata: 00000000, rd_addr: 13, rd_wdata: 00000000, mem_addr: 0002a000, mem_rdata: 00000000, mem_wdata: 00000000
ClkCycle:       8478, pc_rdata: 00028602, pc_wdata: 00028606, insn: 00014682, mode: 3, rs1_addr:  0, rs1_rdata: 00000000, rs2_addr:  0, rs2_rdata: 00000000, rd_addr:  0, rd_wdata: 00000000, mem_addr: 00000000, mem_rdata: 00000000, mem_wdata: 00000000
ClkCycle:       8479, pc_rdata: 00028606, pc_wdata: 00028608, insn: 00000013, mode: 3, rs1_addr:  0, rs1_rdata: 00000000, rs2_addr:  0, rs2_rdata: 00000000, rd_addr:  0, rd_wdata: 00000000, mem_addr: 00000000, mem_rdata: 00000000, mem_wdata: 00000000
ClkCycle:       8480, pc_rdata: 00028608, pc_wdata: 0002860c, insn: 00000013, mode: 3, rs1_addr:  0, rs1_rdata: 00000000, rs2_addr:  0, rs2_rdata: 00000000, rd_addr:  0, rd_wdata: 00000000, mem_addr: 00000000, mem_rdata: 00000000, mem_wdata: 00000000
ClkCycle:       8481, pc_rdata: 0002860c, pc_wdata: 00028610, insn: 00000013, mode: 3, rs1_addr:  0, rs1_rdata: 00000000, rs2_addr:  0, rs2_rdata: 00000000, rd_addr:  0, rd_wdata: 00000000, mem_addr: 00000000, mem_rdata: 00000000, mem_wdata: 00000000
ClkCycle:       8482, pc_rdata: 00028610, pc_wdata: 00028614, insn: 00000013, mode: 3, rs1_addr:  0, rs1_rdata: 00000000, rs2_addr:  0, rs2_rdata: 00000000, rd_addr:  0, rd_wdata: 00000000, mem_addr: 00000000, mem_rdata: 00000000, mem_wdata: 00000000
ClkCycle:       8483, pc_rdata: 00028614, pc_wdata: 00028618, insn: 00000013, mode: 3, rs1_addr:  0, rs1_rdata: 00000000, rs2_addr:  0, rs2_rdata: 00000000, rd_addr:  0, rd_wdata: 00000000, mem_addr: 00000000, mem_rdata: 00000000, mem_wdata: 00000000
ClkCycle:       8484, pc_rdata: 00028618, pc_wdata: 0002861c, insn: 00000013, mode: 3, rs1_addr:  0, rs1_rdata: 00000000, rs2_addr:  0, rs2_rdata: 00000000, rd_addr:  0, rd_wdata: 00000000, mem_addr: 00000000, mem_rdata: 00000000, mem_wdata: 00000000
ClkCycle:       8485, pc_rdata: 0002861c, pc_wdata: 00028620, insn: 00000013, mode: 3, rs1_addr:  0, rs1_rdata: 00000000, rs2_addr:  0, rs2_rdata: 00000000, rd_addr:  0, rd_wdata: 00000000, mem_addr: 00000000, mem_rdata: 00000000, mem_wdata: 00000000
ClkCycle:       8486, pc_rdata: 00028620, pc_wdata: 00028624, insn: 00002117, mode: 3, rs1_addr:  0, rs1_rdata: 00000000, rs2_addr:  0, rs2_rdata: 00000000, rd_addr:  2, rd_wdata: 0002a620, mem_addr: 0002a620, mem_rdata: 00000000, mem_wdata: 00000000
ClkCycle:       8487, pc_rdata: 00028624, pc_wdata: 00028628, insn: 9e010113, mode: 3, rs1_addr:  2, rs1_rdata: 0002a000, rs2_addr:  0, rs2_rdata: 00000000, rd_addr:  2, rd_wdata: 0002a000, mem_addr: 0002a000, mem_rdata: 00000000, mem_wdata: 00000000
ClkCycle:       8488, pc_rdata: 00028628, pc_wdata: 0002862c, insn: 00000013, mode: 3, rs1_addr:  0, rs1_rdata: 00000000, rs2_addr:  0, rs2_rdata: 00000000, rd_addr:  0, rd_wdata: 00000000, mem_addr: 00000000, mem_rdata: 00000000, mem_wdata: 00000000
ClkCycle:       8489, pc_rdata: 0002862c, pc_wdata: 00028630, insn: 00000013, mode: 3, rs1_addr:  0, rs1_rdata: 00000000, rs2_addr:  0, rs2_rdata: 00000000, rd_addr:  0, rd_wdata: 00000000, mem_addr: 00000000, mem_rdata: 00000000, mem_wdata: 00000000
ClkCycle:       8490, pc_rdata: 00028630, pc_wdata: 00028634, insn: 00000013, mode: 3, rs1_addr:  0, rs1_rdata: 00000000, rs2_addr:  0, rs2_rdata: 00000000, rd_addr:  0, rd_wdata: 00000000, mem_addr: 00000000, mem_rdata: 00000000, mem_wdata: 00000000
ClkCycle:       8491, pc_rdata: 00028634, pc_wdata: 00028638, insn: 00000013, mode: 3, rs1_addr:  0, rs1_rdata: 00000000, rs2_addr:  0, rs2_rdata: 00000000, rd_addr:  0, rd_wdata: 00000000, mem_addr: 00000000, mem_rdata: 00000000, mem_wdata: 00000000
ClkCycle:       8492, pc_rdata: 00028638, pc_wdata: 0002863c, insn: 00000013, mode: 3, rs1_addr:  0, rs1_rdata: 00000000, rs2_addr:  0, rs2_rdata: 00000000, rd_addr:  0, rd_wdata: 00000000, mem_addr: 00000000, mem_rdata: 00000000, mem_wdata: 00000000
ClkCycle:       8493, pc_rdata: 0002863c, pc_wdata: 00028640, insn: 00000013, mode: 3, rs1_addr:  0, rs1_rdata: 00000000, rs2_addr:  0, rs2_rdata: 00000000, rd_addr:  0, rd_wdata: 00000000, mem_addr: 00000000, mem_rdata: 00000000, mem_wdata: 00000000
ClkCycle:       8494, pc_rdata: 00028640, pc_wdata: 00028642, insn: 00014a02, mode: 3, rs1_addr:  2, rs1_rdata: 0002a000, rs2_addr:  0, rs2_rdata: 00000000, rd_addr: 20, rd_wdata: 00000000, mem_addr: 0002a000, mem_rdata: 00000000, mem_wdata: 00000000
ClkCycle:       8495, pc_rdata: 00028642, pc_wdata: 00028646, insn: 00014a02, mode: 3, rs1_addr:  0, rs1_rdata: 00000000, rs2_addr:  0, rs2_rdata: 00000000, rd_addr:  0, rd_wdata: 00000000, mem_addr: 00000000, mem_rdata: 00000000, mem_wdata: 00000000
ClkCycle:       8496, pc_rdata: 00028646, pc_wdata: 00028648, insn: 00130944, mode: 3, rs1_addr:  0, rs1_rdata: 00000000, rs2_addr:  0, rs2_rdata: 00000000, rd_addr:  0, rd_wdata: 00000000, mem_addr: 00000000, mem_rdata: 00000000, mem_wdata: 00000000
ClkCycle:       8497, pc_rdata: 00028648, pc_wdata: 0002864a, insn: 00130944, mode: 3, rs1_addr:  2, rs1_rdata: 0002a000, rs2_addr: 20, rs2_rdata: 00000000, rd_addr:  9, rd_wdata: 0002a094, mem_addr: 0002a094, mem_rdata: 00000000, mem_wdata: 00000000
ClkCycle:       8498, pc_rdata: 0002864a, pc_wdata: 0002864e, insn: 00130944, mode: 3, rs1_addr:  0, rs1_rdata: 00000000, rs2_addr:  0, rs2_rdata: 00000000, rd_addr:  0, rd_wdata: 00000000, mem_addr: 00000000, mem_rdata: 00000000, mem_wdata: 00000000
ClkCycle:       8499, pc_rdata: 0002864e, pc_wdata: 00028652, insn: 00130000, mode: 3, rs1_addr:  0, rs1_rdata: 00000000, rs2_addr:  0, rs2_rdata: 00000000, rd_addr:  0, rd_wdata: 00000000, mem_addr: 00000000, mem_rdata: 00000000, mem_wdata: 00000000
ClkCycle:       8500, pc_rdata: 00028652, pc_wdata: 00028656, insn: 00130000, mode: 3, rs1_addr:  0, rs1_rdata: 00000000, rs2_addr:  0, rs2_rdata: 00000000, rd_addr:  0, rd_wdata: 00000000, mem_addr: 00000000, mem_rdata: 00000000, mem_wdata: 00000000
ClkCycle:       8501, pc_rdata: 00028656, pc_wdata: 0002865a, insn: 00130000, mode: 3, rs1_addr:  0, rs1_rdata: 00000000, rs2_addr:  0, rs2_rdata: 00000000, rd_addr:  0, rd_wdata: 00000000, mem_addr: 00000000, mem_rdata: 00000000, mem_wdata: 00000000
ClkCycle:       8502, pc_rdata: 0002865a, pc_wdata: 0002865e, insn: 00130000, mode: 3, rs1_addr:  0, rs1_rdata: 00000000, rs2_addr:  0, rs2_rdata: 00000000, rd_addr:  0, rd_wdata: 00000000, mem_addr: 00000000, mem_rdata: 00000000, mem_wdata: 00000000
ClkCycle:       8503, pc_rdata: 0002865e, pc_wdata: 00028662, insn: 00002117, mode: 3, rs1_addr: 14, rs1_rdata: 00000000, rs2_addr: 17, rs2_rdata: fffeffff, rd_addr:  0, rd_wdata: 00000211, mem_addr: 00000211, mem_rdata: 00000000, mem_wdata: fffeffff
ClkCycle:       8504, pc_rdata: 00028662, pc_wdata: 00028666, insn: 00002117, mode: 3, rs1_addr:  0, rs1_rdata: 00000000, rs2_addr:  0, rs2_rdata: 00000000, rd_addr:  0, rd_wdata: 00000000, mem_addr: 00000000, mem_rdata: 00000000, mem_wdata: 00000000
ClkCycle:       8505, pc_rdata: 00028666, pc_wdata: 00028668, insn: 00000013, mode: 3, rs1_addr:  2, rs1_rdata: 0002a000, rs2_addr:  0, rs2_rdata: 00000000, rd_addr:  8, rd_wdata: 0002a000, mem_addr: 0002a000, mem_rdata: 00000000, mem_wdata: 00000000
ClkCycle:       8506, pc_rdata: 00028668, pc_wdata: 0002866c, insn: 00000013, mode: 3, rs1_addr:  0, rs1_rdata: 00000000, rs2_addr:  0, rs2_rdata: 00000000, rd_addr:  0, rd_wdata: 00000000, mem_addr: 00000000, mem_rdata: 00000000, mem_wdata: 00000000
ClkCycle:       8507, pc_rdata: 0002866c, pc_wdata: 00028670, insn: 00000013, mode: 3, rs1_addr:  0, rs1_rdata: 00000000, rs2_addr:  0, rs2_rdata: 00000000, rd_addr:  0, rd_wdata: 00000000, mem_addr: 00000000, mem_rdata: 00000000, mem_wdata: 00000000
ClkCycle:       8508, pc_rdata: 00028670, pc_wdata: 00028674, insn: 00000013, mode: 3, rs1_addr:  0, rs1_rdata: 00000000, rs2_addr:  0, rs2_rdata: 00000000, rd_addr:  0, rd_wdata: 00000000, mem_addr: 00000000, mem_rdata: 00000000, mem_wdata: 00000000
ClkCycle:       8509, pc_rdata: 00028674, pc_wdata: 00028678, insn: 00000013, mode: 3, rs1_addr:  0, rs1_rdata: 00000000, rs2_addr:  0, rs2_rdata: 00000000, rd_addr:  0, rd_wdata: 00000000, mem_addr: 00000000, mem_rdata: 00000000, mem_wdata: 00000000
ClkCycle:       8510, pc_rdata: 00028678, pc_wdata: 0002867c, insn: 00000013, mode: 3, rs1_addr:  0, rs1_rdata: 00000000, rs2_addr:  0, rs2_rdata: 00000000, rd_addr:  0, rd_wdata: 00000000, mem_addr: 00000000, mem_rdata: 00000000, mem_wdata: 00000000
ClkCycle:       8511, pc_rdata: 0002867c, pc_wdata: 00028680, insn: 00000013, mode: 3, rs1_addr:  0, rs1_rdata: 00000000, rs2_addr:  0, rs2_rdata: 00000000, rd_addr:  0, rd_wdata: 00000000, mem_addr: 00000000, mem_rdata: 00000000, mem_wdata: 00000000
ClkCycle:       8512, pc_rdata: 00028680, pc_wdata: 00028682, insn: 00014782, mode: 3, rs1_addr:  2, rs1_rdata: 0002a000, rs2_addr:  0, rs2_rdata: 00000000, rd_addr: 15, rd_wdata: 00000000, mem_addr: 0002a000, mem_rdata: 00000000, mem_wdata: 00000000
ClkCycle:       8513, pc_rdata: 00028682, pc_wdata: 00028686, insn: 00014782, mode: 3, rs1_addr:  0, rs1_rdata: 00000000, rs2_addr:  0, rs2_rdata: 00000000, rd_addr:  0, rd_wdata: 00000000, mem_addr: 00000000, mem_rdata: 00000000, mem_wdata: 00000000
ClkCycle:       8514, pc_rdata: 00028686, pc_wdata: 00028688, insn: 00000013, mode: 3, rs1_addr:  0, rs1_rdata: 00000000, rs2_addr:  0, rs2_rdata: 00000000, rd_addr:  0, rd_wdata: 00000000, mem_addr: 00000000, mem_rdata: 00000000, mem_wdata: 00000000
ClkCycle:       8515, pc_rdata: 00028688, pc_wdata: 0002868c, insn: 00000013, mode: 3, rs1_addr:  0, rs1_rdata: 00000000, rs2_addr:  0, rs2_rdata: 00000000, rd_addr:  0, rd_wdata: 00000000, mem_addr: 00000000, mem_rdata: 00000000, mem_wdata: 00000000
ClkCycle:       8516, pc_rdata: 0002868c, pc_wdata: 00028690, insn: 00000013, mode: 3, rs1_addr:  0, rs1_rdata: 00000000, rs2_addr:  0, rs2_rdata: 00000000, rd_addr:  0, rd_wdata: 00000000, mem_addr: 00000000, mem_rdata: 00000000, mem_wdata: 00000000
ClkCycle:       8517, pc_rdata: 00028690, pc_wdata: 00028694, insn: 00000013, mode: 3, rs1_addr:  0, rs1_rdata: 00000000, rs2_addr:  0, rs2_rdata: 00000000, rd_addr:  0, rd_wdata: 00000000, mem_addr: 00000000, mem_rdata: 00000000, mem_wdata: 00000000
ClkCycle:       8518, pc_rdata: 00028694, pc_wdata: 00028698, insn: 00000013, mode: 3, rs1_addr:  0, rs1_rdata: 00000000, rs2_addr:  0, rs2_rdata: 00000000, rd_addr:  0, rd_wdata: 00000000, mem_addr: 00000000, mem_rdata: 00000000, mem_wdata: 00000000
ClkCycle:       8519, pc_rdata: 00028698, pc_wdata: 0002869c, insn: 00000013, mode: 3, rs1_addr:  0, rs1_rdata: 00000000, rs2_addr:  0, rs2_rdata: 00000000, rd_addr:  0, rd_wdata: 00000000, mem_addr: 00000000, mem_rdata: 00000000, mem_wdata: 00000000
ClkCycle:       8520, pc_rdata: 0002869c, pc_wdata: 000286a0, insn: 00000013, mode: 3, rs1_addr:  0, rs1_rdata: 00000000, rs2_addr:  0, rs2_rdata: 00000000, rd_addr:  0, rd_wdata: 00000000, mem_addr: 00000000, mem_rdata: 00000000, mem_wdata: 00000000
ClkCycle:       8521, pc_rdata: 000286a0, pc_wdata: 000286a4, insn: 00002117, mode: 3, rs1_addr:  0, rs1_rdata: 00000000, rs2_addr:  0, rs2_rdata: 00000000, rd_addr:  2, rd_wdata: 0002a6a0, mem_addr: 0002a6a0, mem_rdata: 00000000, mem_wdata: 00000000
ClkCycle:       8522, pc_rdata: 000286a4, pc_wdata: 000286a8, insn: 96010113, mode: 3, rs1_addr:  2, rs1_rdata: 0002a000, rs2_addr:  0, rs2_rdata: 00000000, rd_addr:  2, rd_wdata: 0002a000, mem_addr: 0002a000, mem_rdata: 00000000, mem_wdata: 00000000
ClkCycle:       8523, pc_rdata: 000286a8, pc_wdata: 000286ac, insn: 00000013, mode: 3, rs1_addr:  0, rs1_rdata: 00000000, rs2_addr:  0, rs2_rdata: 00000000, rd_addr:  0, rd_wdata: 00000000, mem_addr: 00000000, mem_rdata: 00000000, mem_wdata: 00000000
ClkCycle:       8524, pc_rdata: 000286ac, pc_wdata: 000286b0, insn: 00000013, mode: 3, rs1_addr:  0, rs1_rdata: 00000000, rs2_addr:  0, rs2_rdata: 00000000, rd_addr:  0, rd_wdata: 00000000, mem_addr: 00000000, mem_rdata: 00000000, mem_wdata: 00000000
ClkCycle:       8525, pc_rdata: 000286b0, pc_wdata: 000286b4, insn: 00000013, mode: 3, rs1_addr:  0, rs1_rdata: 00000000, rs2_addr:  0, rs2_rdata: 00000000, rd_addr:  0, rd_wdata: 00000000, mem_addr: 00000000, mem_rdata: 00000000, mem_wdata: 00000000
ClkCycle:       8526, pc_rdata: 000286b4, pc_wdata: 000286b8, insn: 00000013, mode: 3, rs1_addr:  0, rs1_rdata: 00000000, rs2_addr:  0, rs2_rdata: 00000000, rd_addr:  0, rd_wdata: 00000000, mem_addr: 00000000, mem_rdata: 00000000, mem_wdata: 00000000
ClkCycle:       8527, pc_rdata: 000286b8, pc_wdata: 000286bc, insn: 00000013, mode: 3, rs1_addr:  0, rs1_rdata: 00000000, rs2_addr:  0, rs2_rdata: 00000000, rd_addr:  0, rd_wdata: 00000000, mem_addr: 00000000, mem_rdata: 00000000, mem_wdata: 00000000
ClkCycle:       8528, pc_rdata: 000286bc, pc_wdata: 000286c0, insn: 00000013, mode: 3, rs1_addr:  0, rs1_rdata: 00000000, rs2_addr:  0, rs2_rdata: 00000000, rd_addr:  0, rd_wdata: 00000000, mem_addr: 00000000, mem_rdata: 00000000, mem_wdata: 00000000
ClkCycle:       8529, pc_rdata: 000286c0, pc_wdata: 000286c2, insn: 00014482, mode: 3, rs1_addr:  2, rs1_rdata: 0002a000, rs2_addr:  0, rs2_rdata: 00000000, rd_addr:  9, rd_wdata: 00000000, mem_addr: 0002a000, mem_rdata: 00000000, mem_wdata: 00000000
ClkCycle:       8530, pc_rdata: 000286c2, pc_wdata: 000286c6, insn: 00014482, mode: 3, rs1_addr:  0, rs1_rdata: 00000000, rs2_addr:  0, rs2_rdata: 00000000, rd_addr:  0, rd_wdata: 00000000, mem_addr: 00000000, mem_rdata: 00000000, mem_wdata: 00000000
ClkCycle:       8531, pc_rdata: 000286c6, pc_wdata: 000286c8, insn: 00000013, mode: 3, rs1_addr:  0, rs1_rdata: 00000000, rs2_addr:  0, rs2_rdata: 00000000, rd_addr:  0, rd_wdata: 00000000, mem_addr: 00000000, mem_rdata: 00000000, mem_wdata: 00000000
ClkCycle:       8532, pc_rdata: 000286c8, pc_wdata: 000286cc, insn: 00000013, mode: 3, rs1_addr:  0, rs1_rdata: 00000000, rs2_addr:  0, rs2_rdata: 00000000, rd_addr:  0, rd_wdata: 00000000, mem_addr: 00000000, mem_rdata: 00000000, mem_wdata: 00000000
ClkCycle:       8533, pc_rdata: 000286cc, pc_wdata: 000286d0, insn: 00000013, mode: 3, rs1_addr:  0, rs1_rdata: 00000000, rs2_addr:  0, rs2_rdata: 00000000, rd_addr:  0, rd_wdata: 00000000, mem_addr: 00000000, mem_rdata: 00000000, mem_wdata: 00000000
ClkCycle:       8534, pc_rdata: 000286d0, pc_wdata: 000286d4, insn: 00000013, mode: 3, rs1_addr:  0, rs1_rdata: 00000000, rs2_addr:  0, rs2_rdata: 00000000, rd_addr:  0, rd_wdata: 00000000, mem_addr: 00000000, mem_rdata: 00000000, mem_wdata: 00000000
ClkCycle:       8535, pc_rdata: 000286d4, pc_wdata: 000286d8, insn: 00000013, mode: 3, rs1_addr:  0, rs1_rdata: 00000000, rs2_addr:  0, rs2_rdata: 00000000, rd_addr:  0, rd_wdata: 00000000, mem_addr: 00000000, mem_rdata: 00000000, mem_wdata: 00000000
ClkCycle:       8536, pc_rdata: 000286d8, pc_wdata: 000286dc, insn: 00000013, mode: 3, rs1_addr:  0, rs1_rdata: 00000000, rs2_addr:  0, rs2_rdata: 00000000, rd_addr:  0, rd_wdata: 00000000, mem_addr: 00000000, mem_rdata: 00000000, mem_wdata: 00000000
ClkCycle:       8537, pc_rdata: 000286dc, pc_wdata: 000286e0, insn: 00000013, mode: 3, rs1_addr:  0, rs1_rdata: 00000000, rs2_addr:  0, rs2_rdata: 00000000, rd_addr:  0, rd_wdata: 00000000, mem_addr: 00000000, mem_rdata: 00000000, mem_wdata: 00000000
ClkCycle:       8538, pc_rdata: 000286e0, pc_wdata: 000286e4, insn: 00002117, mode: 3, rs1_addr:  0, rs1_rdata: 00000000, rs2_addr:  0, rs2_rdata: 00000000, rd_addr:  2, rd_wdata: 0002a6e0, mem_addr: 0002a6e0, mem_rdata: 00000000, mem_wdata: 00000000
ClkCycle:       8539, pc_rdata: 000286e4, pc_wdata: 000286e8, insn: 92010113, mode: 3, rs1_addr:  2, rs1_rdata: 0002a000, rs2_addr:  0, rs2_rdata: 00000000, rd_addr:  2, rd_wdata: 0002a000, mem_addr: 0002a000, mem_rdata: 00000000, mem_wdata: 00000000
ClkCycle:       8540, pc_rdata: 000286e8, pc_wdata: 000286ec, insn: 00000013, mode: 3, rs1_addr:  0, rs1_rdata: 00000000, rs2_addr:  0, rs2_rdata: 00000000, rd_addr:  0, rd_wdata: 00000000, mem_addr: 00000000, mem_rdata: 00000000, mem_wdata: 00000000
ClkCycle:       8541, pc_rdata: 000286ec, pc_wdata: 000286f0, insn: 00000013, mode: 3, rs1_addr:  0, rs1_rdata: 00000000, rs2_addr:  0, rs2_rdata: 00000000, rd_addr:  0, rd_wdata: 00000000, mem_addr: 00000000, mem_rdata: 00000000, mem_wdata: 00000000
ClkCycle:       8542, pc_rdata: 000286f0, pc_wdata: 000286f4, insn: 00000013, mode: 3, rs1_addr:  0, rs1_rdata: 00000000, rs2_addr:  0, rs2_rdata: 00000000, rd_addr:  0, rd_wdata: 00000000, mem_addr: 00000000, mem_rdata: 00000000, mem_wdata: 00000000
ClkCycle:       8543, pc_rdata: 000286f4, pc_wdata: 000286f8, insn: 00000013, mode: 3, rs1_addr:  0, rs1_rdata: 00000000, rs2_addr:  0, rs2_rdata: 00000000, rd_addr:  0, rd_wdata: 00000000, mem_addr: 00000000, mem_rdata: 00000000, mem_wdata: 00000000
ClkCycle:       8544, pc_rdata: 000286f8, pc_wdata: 000286fc, insn: 00000013, mode: 3, rs1_addr:  0, rs1_rdata: 00000000, rs2_addr:  0, rs2_rdata: 00000000, rd_addr:  0, rd_wdata: 00000000, mem_addr: 00000000, mem_rdata: 00000000, mem_wdata: 00000000
ClkCycle:       8545, pc_rdata: 000286fc, pc_wdata: 00028700, insn: 00000013, mode: 3, rs1_addr:  0, rs1_rdata: 00000000, rs2_addr:  0, rs2_rdata: 00000000, rd_addr:  0, rd_wdata: 00000000, mem_addr: 00000000, mem_rdata: 00000000, mem_wdata: 00000000
ClkCycle:       8546, pc_rdata: 00028700, pc_wdata: 00028702, insn: 00014982, mode: 3, rs1_addr:  2, rs1_rdata: 0002a000, rs2_addr:  0, rs2_rdata: 00000000, rd_addr: 19, rd_wdata: 00000000, mem_addr: 0002a000, mem_rdata: 00000000, mem_wdata: 00000000
ClkCycle:       8547, pc_rdata: 00028702, pc_wdata: 00028706, insn: 00014982, mode: 3, rs1_addr:  0, rs1_rdata: 00000000, rs2_addr:  0, rs2_rdata: 00000000, rd_addr:  0, rd_wdata: 00000000, mem_addr: 00000000, mem_rdata: 00000000, mem_wdata: 00000000
ClkCycle:       8548, pc_rdata: 00028706, pc_wdata: 00028708, insn: 00130b34, mode: 3, rs1_addr:  0, rs1_rdata: 00000000, rs2_addr:  0, rs2_rdata: 00000000, rd_addr:  0, rd_wdata: 00000000, mem_addr: 00000000, mem_rdata: 00000000, mem_wdata: 00000000
ClkCycle:       8549, pc_rdata: 00028708, pc_wdata: 0002870a, insn: 00130b34, mode: 3, rs1_addr:  2, rs1_rdata: 0002a000, rs2_addr: 24, rs2_rdata: 00000000, rd_addr: 13, rd_wdata: 0002a198, mem_addr: 0002a198, mem_rdata: 00000000, mem_wdata: 00000000
ClkCycle:       8550, pc_rdata: 0002870a, pc_wdata: 0002870e, insn: 00130b34, mode: 3, rs1_addr:  0, rs1_rdata: 00000000, rs2_addr:  0, rs2_rdata: 00000000, rd_addr:  0, rd_wdata: 00000000, mem_addr: 00000000, mem_rdata: 00000000, mem_wdata: 00000000
ClkCycle:       8551, pc_rdata: 0002870e, pc_wdata: 00028712, insn: 00130000, mode: 3, rs1_addr:  0, rs1_rdata: 00000000, rs2_addr:  0, rs2_rdata: 00000000, rd_addr:  0, rd_wdata: 00000000, mem_addr: 00000000, mem_rdata: 00000000, mem_wdata: 00000000
ClkCycle:       8552, pc_rdata: 00028712, pc_wdata: 00028716, insn: 00130000, mode: 3, rs1_addr:  0, rs1_rdata: 00000000, rs2_addr:  0, rs2_rdata: 00000000, rd_addr:  0, rd_wdata: 00000000, mem_addr: 00000000, mem_rdata: 00000000, mem_wdata: 00000000
ClkCycle:       8553, pc_rdata: 00028716, pc_wdata: 0002871a, insn: 00130000, mode: 3, rs1_addr:  0, rs1_rdata: 00000000, rs2_addr:  0, rs2_rdata: 00000000, rd_addr:  0, rd_wdata: 00000000, mem_addr: 00000000, mem_rdata: 00000000, mem_wdata: 00000000
ClkCycle:       8554, pc_rdata: 0002871a, pc_wdata: 0002871e, insn: 00130000, mode: 3, rs1_addr:  0, rs1_rdata: 00000000, rs2_addr:  0, rs2_rdata: 00000000, rd_addr:  0, rd_wdata: 00000000, mem_addr: 00000000, mem_rdata: 00000000, mem_wdata: 00000000
ClkCycle:       8555, pc_rdata: 0002871e, pc_wdata: 00028722, insn: 00002117, mode: 3, rs1_addr: 14, rs1_rdata: 00000000, rs2_addr: 17, rs2_rdata: fffeffff, rd_addr:  0, rd_wdata: 00000211, mem_addr: 00000211, mem_rdata: 00000000, mem_wdata: fffeffff
ClkCycle:       8556, pc_rdata: 00028722, pc_wdata: 00028726, insn: 00002117, mode: 3, rs1_addr:  0, rs1_rdata: 00000000, rs2_addr:  0, rs2_rdata: 00000000, rd_addr:  0, rd_wdata: 00000000, mem_addr: 00000000, mem_rdata: 00000000, mem_wdata: 00000000
ClkCycle:       8557, pc_rdata: 00028726, pc_wdata: 00028728, insn: 00000013, mode: 3, rs1_addr:  2, rs1_rdata: 0002a000, rs2_addr:  0, rs2_rdata: 00000000, rd_addr:  8, rd_wdata: 0002a000, mem_addr: 0002a000, mem_rdata: 00000000, mem_wdata: 00000000
ClkCycle:       8558, pc_rdata: 00028728, pc_wdata: 0002872c, insn: 00000013, mode: 3, rs1_addr:  0, rs1_rdata: 00000000, rs2_addr:  0, rs2_rdata: 00000000, rd_addr:  0, rd_wdata: 00000000, mem_addr: 00000000, mem_rdata: 00000000, mem_wdata: 00000000
ClkCycle:       8559, pc_rdata: 0002872c, pc_wdata: 00028730, insn: 00000013, mode: 3, rs1_addr:  0, rs1_rdata: 00000000, rs2_addr:  0, rs2_rdata: 00000000, rd_addr:  0, rd_wdata: 00000000, mem_addr: 00000000, mem_rdata: 00000000, mem_wdata: 00000000
ClkCycle:       8560, pc_rdata: 00028730, pc_wdata: 00028734, insn: 00000013, mode: 3, rs1_addr:  0, rs1_rdata: 00000000, rs2_addr:  0, rs2_rdata: 00000000, rd_addr:  0, rd_wdata: 00000000, mem_addr: 00000000, mem_rdata: 00000000, mem_wdata: 00000000
ClkCycle:       8561, pc_rdata: 00028734, pc_wdata: 00028738, insn: 00000013, mode: 3, rs1_addr:  0, rs1_rdata: 00000000, rs2_addr:  0, rs2_rdata: 00000000, rd_addr:  0, rd_wdata: 00000000, mem_addr: 00000000, mem_rdata: 00000000, mem_wdata: 00000000
ClkCycle:       8562, pc_rdata: 00028738, pc_wdata: 0002873c, insn: 00000013, mode: 3, rs1_addr:  0, rs1_rdata: 00000000, rs2_addr:  0, rs2_rdata: 00000000, rd_addr:  0, rd_wdata: 00000000, mem_addr: 00000000, mem_rdata: 00000000, mem_wdata: 00000000
ClkCycle:       8563, pc_rdata: 0002873c, pc_wdata: 00028740, insn: 00000013, mode: 3, rs1_addr:  0, rs1_rdata: 00000000, rs2_addr:  0, rs2_rdata: 00000000, rd_addr:  0, rd_wdata: 00000000, mem_addr: 00000000, mem_rdata: 00000000, mem_wdata: 00000000
ClkCycle:       8564, pc_rdata: 00028740, pc_wdata: 00028742, insn: 00014882, mode: 3, rs1_addr:  2, rs1_rdata: 0002a000, rs2_addr:  0, rs2_rdata: 00000000, rd_addr: 17, rd_wdata: 00000000, mem_addr: 0002a000, mem_rdata: 00000000, mem_wdata: 00000000
ClkCycle:       8565, pc_rdata: 00028742, pc_wdata: 00028746, insn: 00014882, mode: 3, rs1_addr:  0, rs1_rdata: 00000000, rs2_addr:  0, rs2_rdata: 00000000, rd_addr:  0, rd_wdata: 00000000, mem_addr: 00000000, mem_rdata: 00000000, mem_wdata: 00000000
ClkCycle:       8566, pc_rdata: 00028746, pc_wdata: 00028748, insn: 00130b14, mode: 3, rs1_addr:  0, rs1_rdata: 00000000, rs2_addr:  0, rs2_rdata: 00000000, rd_addr:  0, rd_wdata: 00000000, mem_addr: 00000000, mem_rdata: 00000000, mem_wdata: 00000000
ClkCycle:       8567, pc_rdata: 00028748, pc_wdata: 0002874a, insn: 00130b14, mode: 3, rs1_addr:  2, rs1_rdata: 0002a000, rs2_addr: 16, rs2_rdata: 00000000, rd_addr: 13, rd_wdata: 0002a190, mem_addr: 0002a190, mem_rdata: 00000000, mem_wdata: 00000000
ClkCycle:       8568, pc_rdata: 0002874a, pc_wdata: 0002874e, insn: 00130b14, mode: 3, rs1_addr:  0, rs1_rdata: 00000000, rs2_addr:  0, rs2_rdata: 00000000, rd_addr:  0, rd_wdata: 00000000, mem_addr: 00000000, mem_rdata: 00000000, mem_wdata: 00000000
ClkCycle:       8569, pc_rdata: 0002874e, pc_wdata: 00028752, insn: 00130000, mode: 3, rs1_addr:  0, rs1_rdata: 00000000, rs2_addr:  0, rs2_rdata: 00000000, rd_addr:  0, rd_wdata: 00000000, mem_addr: 00000000, mem_rdata: 00000000, mem_wdata: 00000000
ClkCycle:       8570, pc_rdata: 00028752, pc_wdata: 00028756, insn: 00130000, mode: 3, rs1_addr:  0, rs1_rdata: 00000000, rs2_addr:  0, rs2_rdata: 00000000, rd_addr:  0, rd_wdata: 00000000, mem_addr: 00000000, mem_rdata: 00000000, mem_wdata: 00000000
ClkCycle:       8571, pc_rdata: 00028756, pc_wdata: 0002875a, insn: 00130000, mode: 3, rs1_addr:  0, rs1_rdata: 00000000, rs2_addr:  0, rs2_rdata: 00000000, rd_addr:  0, rd_wdata: 00000000, mem_addr: 00000000, mem_rdata: 00000000, mem_wdata: 00000000
ClkCycle:       8572, pc_rdata: 0002875a, pc_wdata: 0002875e, insn: 00130000, mode: 3, rs1_addr:  0, rs1_rdata: 00000000, rs2_addr:  0, rs2_rdata: 00000000, rd_addr:  0, rd_wdata: 00000000, mem_addr: 00000000, mem_rdata: 00000000, mem_wdata: 00000000
ClkCycle:       8573, pc_rdata: 0002875e, pc_wdata: 00028762, insn: 00002117, mode: 3, rs1_addr: 14, rs1_rdata: 00000000, rs2_addr: 17, rs2_rdata: 00000000, rd_addr:  0, rd_wdata: 00000211, mem_addr: 00000211, mem_rdata: 00000000, mem_wdata: 00000000
ClkCycle:       8574, pc_rdata: 00028762, pc_wdata: 00028766, insn: 00002117, mode: 3, rs1_addr:  0, rs1_rdata: 00000000, rs2_addr:  0, rs2_rdata: 00000000, rd_addr:  0, rd_wdata: 00000000, mem_addr: 00000000, mem_rdata: 00000000, mem_wdata: 00000000
ClkCycle:       8575, pc_rdata: 00028766, pc_wdata: 00028768, insn: 00000013, mode: 3, rs1_addr:  2, rs1_rdata: 0002a000, rs2_addr:  0, rs2_rdata: 00000000, rd_addr:  8, rd_wdata: 0002a000, mem_addr: 0002a000, mem_rdata: 00000000, mem_wdata: 00000000
ClkCycle:       8576, pc_rdata: 00028768, pc_wdata: 0002876c, insn: 00000013, mode: 3, rs1_addr:  0, rs1_rdata: 00000000, rs2_addr:  0, rs2_rdata: 00000000, rd_addr:  0, rd_wdata: 00000000, mem_addr: 00000000, mem_rdata: 00000000, mem_wdata: 00000000
ClkCycle:       8577, pc_rdata: 0002876c, pc_wdata: 00028770, insn: 00000013, mode: 3, rs1_addr:  0, rs1_rdata: 00000000, rs2_addr:  0, rs2_rdata: 00000000, rd_addr:  0, rd_wdata: 00000000, mem_addr: 00000000, mem_rdata: 00000000, mem_wdata: 00000000
ClkCycle:       8578, pc_rdata: 00028770, pc_wdata: 00028774, insn: 00000013, mode: 3, rs1_addr:  0, rs1_rdata: 00000000, rs2_addr:  0, rs2_rdata: 00000000, rd_addr:  0, rd_wdata: 00000000, mem_addr: 00000000, mem_rdata: 00000000, mem_wdata: 00000000
ClkCycle:       8579, pc_rdata: 00028774, pc_wdata: 00028778, insn: 00000013, mode: 3, rs1_addr:  0, rs1_rdata: 00000000, rs2_addr:  0, rs2_rdata: 00000000, rd_addr:  0, rd_wdata: 00000000, mem_addr: 00000000, mem_rdata: 00000000, mem_wdata: 00000000
ClkCycle:       8580, pc_rdata: 00028778, pc_wdata: 0002877c, insn: 00000013, mode: 3, rs1_addr:  0, rs1_rdata: 00000000, rs2_addr:  0, rs2_rdata: 00000000, rd_addr:  0, rd_wdata: 00000000, mem_addr: 00000000, mem_rdata: 00000000, mem_wdata: 00000000
ClkCycle:       8581, pc_rdata: 0002877c, pc_wdata: 00028780, insn: 00000013, mode: 3, rs1_addr:  0, rs1_rdata: 00000000, rs2_addr:  0, rs2_rdata: 00000000, rd_addr:  0, rd_wdata: 00000000, mem_addr: 00000000, mem_rdata: 00000000, mem_wdata: 00000000
ClkCycle:       8582, pc_rdata: 00028780, pc_wdata: 00028782, insn: 00014582, mode: 3, rs1_addr:  2, rs1_rdata: 0002a000, rs2_addr:  0, rs2_rdata: 00000000, rd_addr: 11, rd_wdata: 00000000, mem_addr: 0002a000, mem_rdata: 00000000, mem_wdata: 00000000
ClkCycle:       8583, pc_rdata: 00028782, pc_wdata: 00028786, insn: 00014582, mode: 3, rs1_addr:  0, rs1_rdata: 00000000, rs2_addr:  0, rs2_rdata: 00000000, rd_addr:  0, rd_wdata: 00000000, mem_addr: 00000000, mem_rdata: 00000000, mem_wdata: 00000000
ClkCycle:       8584, pc_rdata: 00028786, pc_wdata: 00028788, insn: 00000013, mode: 3, rs1_addr:  0, rs1_rdata: 00000000, rs2_addr:  0, rs2_rdata: 00000000, rd_addr:  0, rd_wdata: 00000000, mem_addr: 00000000, mem_rdata: 00000000, mem_wdata: 00000000
ClkCycle:       8585, pc_rdata: 00028788, pc_wdata: 0002878c, insn: 00000013, mode: 3, rs1_addr:  0, rs1_rdata: 00000000, rs2_addr:  0, rs2_rdata: 00000000, rd_addr:  0, rd_wdata: 00000000, mem_addr: 00000000, mem_rdata: 00000000, mem_wdata: 00000000
ClkCycle:       8586, pc_rdata: 0002878c, pc_wdata: 00028790, insn: 00000013, mode: 3, rs1_addr:  0, rs1_rdata: 00000000, rs2_addr:  0, rs2_rdata: 00000000, rd_addr:  0, rd_wdata: 00000000, mem_addr: 00000000, mem_rdata: 00000000, mem_wdata: 00000000
ClkCycle:       8587, pc_rdata: 00028790, pc_wdata: 00028794, insn: 00000013, mode: 3, rs1_addr:  0, rs1_rdata: 00000000, rs2_addr:  0, rs2_rdata: 00000000, rd_addr:  0, rd_wdata: 00000000, mem_addr: 00000000, mem_rdata: 00000000, mem_wdata: 00000000
ClkCycle:       8588, pc_rdata: 00028794, pc_wdata: 00028798, insn: 00000013, mode: 3, rs1_addr:  0, rs1_rdata: 00000000, rs2_addr:  0, rs2_rdata: 00000000, rd_addr:  0, rd_wdata: 00000000, mem_addr: 00000000, mem_rdata: 00000000, mem_wdata: 00000000
ClkCycle:       8589, pc_rdata: 00028798, pc_wdata: 0002879c, insn: 00000013, mode: 3, rs1_addr:  0, rs1_rdata: 00000000, rs2_addr:  0, rs2_rdata: 00000000, rd_addr:  0, rd_wdata: 00000000, mem_addr: 00000000, mem_rdata: 00000000, mem_wdata: 00000000
ClkCycle:       8590, pc_rdata: 0002879c, pc_wdata: 000287a0, insn: 00000013, mode: 3, rs1_addr:  0, rs1_rdata: 00000000, rs2_addr:  0, rs2_rdata: 00000000, rd_addr:  0, rd_wdata: 00000000, mem_addr: 00000000, mem_rdata: 00000000, mem_wdata: 00000000
ClkCycle:       8591, pc_rdata: 000287a0, pc_wdata: 000287a4, insn: 00002117, mode: 3, rs1_addr:  0, rs1_rdata: 00000000, rs2_addr:  0, rs2_rdata: 00000000, rd_addr:  2, rd_wdata: 0002a7a0, mem_addr: 0002a7a0, mem_rdata: 00000000, mem_wdata: 00000000
ClkCycle:       8592, pc_rdata: 000287a4, pc_wdata: 000287a8, insn: 86010113, mode: 3, rs1_addr:  2, rs1_rdata: 0002a000, rs2_addr:  0, rs2_rdata: 00000000, rd_addr:  2, rd_wdata: 0002a000, mem_addr: 0002a000, mem_rdata: 00000000, mem_wdata: 00000000
ClkCycle:       8593, pc_rdata: 000287a8, pc_wdata: 000287ac, insn: 00000013, mode: 3, rs1_addr:  0, rs1_rdata: 00000000, rs2_addr:  0, rs2_rdata: 00000000, rd_addr:  0, rd_wdata: 00000000, mem_addr: 00000000, mem_rdata: 00000000, mem_wdata: 00000000
ClkCycle:       8594, pc_rdata: 000287ac, pc_wdata: 000287b0, insn: 00000013, mode: 3, rs1_addr:  0, rs1_rdata: 00000000, rs2_addr:  0, rs2_rdata: 00000000, rd_addr:  0, rd_wdata: 00000000, mem_addr: 00000000, mem_rdata: 00000000, mem_wdata: 00000000
ClkCycle:       8595, pc_rdata: 000287b0, pc_wdata: 000287b4, insn: 00000013, mode: 3, rs1_addr:  0, rs1_rdata: 00000000, rs2_addr:  0, rs2_rdata: 00000000, rd_addr:  0, rd_wdata: 00000000, mem_addr: 00000000, mem_rdata: 00000000, mem_wdata: 00000000
ClkCycle:       8596, pc_rdata: 000287b4, pc_wdata: 000287b8, insn: 00000013, mode: 3, rs1_addr:  0, rs1_rdata: 00000000, rs2_addr:  0, rs2_rdata: 00000000, rd_addr:  0, rd_wdata: 00000000, mem_addr: 00000000, mem_rdata: 00000000, mem_wdata: 00000000
ClkCycle:       8597, pc_rdata: 000287b8, pc_wdata: 000287bc, insn: 00000013, mode: 3, rs1_addr:  0, rs1_rdata: 00000000, rs2_addr:  0, rs2_rdata: 00000000, rd_addr:  0, rd_wdata: 00000000, mem_addr: 00000000, mem_rdata: 00000000, mem_wdata: 00000000
ClkCycle:       8598, pc_rdata: 000287bc, pc_wdata: 000287c0, insn: 00000013, mode: 3, rs1_addr:  0, rs1_rdata: 00000000, rs2_addr:  0, rs2_rdata: 00000000, rd_addr:  0, rd_wdata: 00000000, mem_addr: 00000000, mem_rdata: 00000000, mem_wdata: 00000000
ClkCycle:       8599, pc_rdata: 000287c0, pc_wdata: 000287c2, insn: 00014182, mode: 3, rs1_addr:  2, rs1_rdata: 0002a000, rs2_addr:  0, rs2_rdata: 00000000, rd_addr:  3, rd_wdata: 00000000, mem_addr: 0002a000, mem_rdata: 00000000, mem_wdata: 00000000
ClkCycle:       8600, pc_rdata: 000287c2, pc_wdata: 000287c6, insn: 00014182, mode: 3, rs1_addr:  0, rs1_rdata: 00000000, rs2_addr:  0, rs2_rdata: 00000000, rd_addr:  0, rd_wdata: 00000000, mem_addr: 00000000, mem_rdata: 00000000, mem_wdata: 00000000
ClkCycle:       8601, pc_rdata: 000287c6, pc_wdata: 000287c8, insn: 00130c34, mode: 3, rs1_addr:  0, rs1_rdata: 00000000, rs2_addr:  0, rs2_rdata: 00000000, rd_addr:  0, rd_wdata: 00000000, mem_addr: 00000000, mem_rdata: 00000000, mem_wdata: 00000000
ClkCycle:       8602, pc_rdata: 000287c8, pc_wdata: 000287ca, insn: 00130c34, mode: 3, rs1_addr:  2, rs1_rdata: 0002a000, rs2_addr: 24, rs2_rdata: 00000000, rd_addr: 13, rd_wdata: 0002a218, mem_addr: 0002a218, mem_rdata: 00000000, mem_wdata: 00000000
ClkCycle:       8603, pc_rdata: 000287ca, pc_wdata: 000287ce, insn: 00130c34, mode: 3, rs1_addr:  0, rs1_rdata: 00000000, rs2_addr:  0, rs2_rdata: 00000000, rd_addr:  0, rd_wdata: 00000000, mem_addr: 00000000, mem_rdata: 00000000, mem_wdata: 00000000
ClkCycle:       8604, pc_rdata: 000287ce, pc_wdata: 000287d2, insn: 00130000, mode: 3, rs1_addr:  0, rs1_rdata: 00000000, rs2_addr:  0, rs2_rdata: 00000000, rd_addr:  0, rd_wdata: 00000000, mem_addr: 00000000, mem_rdata: 00000000, mem_wdata: 00000000
ClkCycle:       8605, pc_rdata: 000287d2, pc_wdata: 000287d6, insn: 00130000, mode: 3, rs1_addr:  0, rs1_rdata: 00000000, rs2_addr:  0, rs2_rdata: 00000000, rd_addr:  0, rd_wdata: 00000000, mem_addr: 00000000, mem_rdata: 00000000, mem_wdata: 00000000
ClkCycle:       8606, pc_rdata: 000287d6, pc_wdata: 000287da, insn: 00130000, mode: 3, rs1_addr:  0, rs1_rdata: 00000000, rs2_addr:  0, rs2_rdata: 00000000, rd_addr:  0, rd_wdata: 00000000, mem_addr: 00000000, mem_rdata: 00000000, mem_wdata: 00000000
ClkCycle:       8607, pc_rdata: 000287da, pc_wdata: 000287de, insn: 00130000, mode: 3, rs1_addr:  0, rs1_rdata: 00000000, rs2_addr:  0, rs2_rdata: 00000000, rd_addr:  0, rd_wdata: 00000000, mem_addr: 00000000, mem_rdata: 00000000, mem_wdata: 00000000
ClkCycle:       8608, pc_rdata: 000287de, pc_wdata: 000287e2, insn: 00002117, mode: 3, rs1_addr: 14, rs1_rdata: 00000000, rs2_addr: 17, rs2_rdata: 00000000, rd_addr:  0, rd_wdata: 00000211, mem_addr: 00000211, mem_rdata: 00000000, mem_wdata: 00000000
ClkCycle:       8609, pc_rdata: 000287e2, pc_wdata: 000287e6, insn: 00002117, mode: 3, rs1_addr:  0, rs1_rdata: 00000000, rs2_addr:  0, rs2_rdata: 00000000, rd_addr:  0, rd_wdata: 00000000, mem_addr: 00000000, mem_rdata: 00000000, mem_wdata: 00000000
ClkCycle:       8610, pc_rdata: 000287e6, pc_wdata: 000287e8, insn: 00000013, mode: 3, rs1_addr:  2, rs1_rdata: 0002a000, rs2_addr:  0, rs2_rdata: 00000000, rd_addr:  8, rd_wdata: 0002a000, mem_addr: 0002a000, mem_rdata: 00000000, mem_wdata: 00000000
ClkCycle:       8611, pc_rdata: 000287e8, pc_wdata: 000287ec, insn: 00000013, mode: 3, rs1_addr:  0, rs1_rdata: 00000000, rs2_addr:  0, rs2_rdata: 00000000, rd_addr:  0, rd_wdata: 00000000, mem_addr: 00000000, mem_rdata: 00000000, mem_wdata: 00000000
ClkCycle:       8612, pc_rdata: 000287ec, pc_wdata: 000287f0, insn: 00000013, mode: 3, rs1_addr:  0, rs1_rdata: 00000000, rs2_addr:  0, rs2_rdata: 00000000, rd_addr:  0, rd_wdata: 00000000, mem_addr: 00000000, mem_rdata: 00000000, mem_wdata: 00000000
ClkCycle:       8613, pc_rdata: 000287f0, pc_wdata: 000287f4, insn: 00000013, mode: 3, rs1_addr:  0, rs1_rdata: 00000000, rs2_addr:  0, rs2_rdata: 00000000, rd_addr:  0, rd_wdata: 00000000, mem_addr: 00000000, mem_rdata: 00000000, mem_wdata: 00000000
ClkCycle:       8614, pc_rdata: 000287f4, pc_wdata: 000287f8, insn: 00000013, mode: 3, rs1_addr:  0, rs1_rdata: 00000000, rs2_addr:  0, rs2_rdata: 00000000, rd_addr:  0, rd_wdata: 00000000, mem_addr: 00000000, mem_rdata: 00000000, mem_wdata: 00000000
ClkCycle:       8615, pc_rdata: 000287f8, pc_wdata: 000287fc, insn: 00000013, mode: 3, rs1_addr:  0, rs1_rdata: 00000000, rs2_addr:  0, rs2_rdata: 00000000, rd_addr:  0, rd_wdata: 00000000, mem_addr: 00000000, mem_rdata: 00000000, mem_wdata: 00000000
ClkCycle:       8616, pc_rdata: 000287fc, pc_wdata: 00028800, insn: 00000013, mode: 3, rs1_addr:  0, rs1_rdata: 00000000, rs2_addr:  0, rs2_rdata: 00000000, rd_addr:  0, rd_wdata: 00000000, mem_addr: 00000000, mem_rdata: 00000000, mem_wdata: 00000000
ClkCycle:       8617, pc_rdata: 00028800, pc_wdata: 00028802, insn: 00014202, mode: 3, rs1_addr:  2, rs1_rdata: 0002a000, rs2_addr:  0, rs2_rdata: 00000000, rd_addr:  4, rd_wdata: 00000000, mem_addr: 0002a000, mem_rdata: 00000000, mem_wdata: 00000000
ClkCycle:       8618, pc_rdata: 00028802, pc_wdata: 00028806, insn: 00014202, mode: 3, rs1_addr:  0, rs1_rdata: 00000000, rs2_addr:  0, rs2_rdata: 00000000, rd_addr:  0, rd_wdata: 00000000, mem_addr: 00000000, mem_rdata: 00000000, mem_wdata: 00000000
ClkCycle:       8619, pc_rdata: 00028806, pc_wdata: 00028808, insn: 00130c44, mode: 3, rs1_addr:  0, rs1_rdata: 00000000, rs2_addr:  0, rs2_rdata: 00000000, rd_addr:  0, rd_wdata: 00000000, mem_addr: 00000000, mem_rdata: 00000000, mem_wdata: 00000000
ClkCycle:       8620, pc_rdata: 00028808, pc_wdata: 0002880a, insn: 00130c44, mode: 3, rs1_addr:  2, rs1_rdata: 0002a000, rs2_addr: 20, rs2_rdata: 00000000, rd_addr:  9, rd_wdata: 0002a214, mem_addr: 0002a214, mem_rdata: 00000000, mem_wdata: 00000000
ClkCycle:       8621, pc_rdata: 0002880a, pc_wdata: 0002880e, insn: 00130c44, mode: 3, rs1_addr:  0, rs1_rdata: 00000000, rs2_addr:  0, rs2_rdata: 00000000, rd_addr:  0, rd_wdata: 00000000, mem_addr: 00000000, mem_rdata: 00000000, mem_wdata: 00000000
ClkCycle:       8622, pc_rdata: 0002880e, pc_wdata: 00028812, insn: 00130000, mode: 3, rs1_addr:  0, rs1_rdata: 00000000, rs2_addr:  0, rs2_rdata: 00000000, rd_addr:  0, rd_wdata: 00000000, mem_addr: 00000000, mem_rdata: 00000000, mem_wdata: 00000000
ClkCycle:       8623, pc_rdata: 00028812, pc_wdata: 00028816, insn: 00130000, mode: 3, rs1_addr:  0, rs1_rdata: 00000000, rs2_addr:  0, rs2_rdata: 00000000, rd_addr:  0, rd_wdata: 00000000, mem_addr: 00000000, mem_rdata: 00000000, mem_wdata: 00000000
ClkCycle:       8624, pc_rdata: 00028816, pc_wdata: 0002881a, insn: 00130000, mode: 3, rs1_addr:  0, rs1_rdata: 00000000, rs2_addr:  0, rs2_rdata: 00000000, rd_addr:  0, rd_wdata: 00000000, mem_addr: 00000000, mem_rdata: 00000000, mem_wdata: 00000000
ClkCycle:       8625, pc_rdata: 0002881a, pc_wdata: 0002881e, insn: 00130000, mode: 3, rs1_addr:  0, rs1_rdata: 00000000, rs2_addr:  0, rs2_rdata: 00000000, rd_addr:  0, rd_wdata: 00000000, mem_addr: 00000000, mem_rdata: 00000000, mem_wdata: 00000000
ClkCycle:       8626, pc_rdata: 0002881e, pc_wdata: 00028822, insn: 00001117, mode: 3, rs1_addr: 14, rs1_rdata: 00000000, rs2_addr: 17, rs2_rdata: 00000000, rd_addr:  0, rd_wdata: 00000111, mem_addr: 00000111, mem_rdata: 00000000, mem_wdata: 00000000
ClkCycle:       8627, pc_rdata: 00028822, pc_wdata: 00028826, insn: 00001117, mode: 3, rs1_addr:  0, rs1_rdata: 00000000, rs2_addr:  0, rs2_rdata: 00000000, rd_addr:  0, rd_wdata: 00000000, mem_addr: 00000000, mem_rdata: 00000000, mem_wdata: 00000000
ClkCycle:       8628, pc_rdata: 00028826, pc_wdata: 00028828, insn: 00000013, mode: 3, rs1_addr:  2, rs1_rdata: 0002a000, rs2_addr:  0, rs2_rdata: 00000000, rd_addr:  8, rd_wdata: 0002a000, mem_addr: 0002a000, mem_rdata: 00000000, mem_wdata: 00000000
ClkCycle:       8629, pc_rdata: 00028828, pc_wdata: 0002882c, insn: 00000013, mode: 3, rs1_addr:  0, rs1_rdata: 00000000, rs2_addr:  0, rs2_rdata: 00000000, rd_addr:  0, rd_wdata: 00000000, mem_addr: 00000000, mem_rdata: 00000000, mem_wdata: 00000000
ClkCycle:       8630, pc_rdata: 0002882c, pc_wdata: 00028830, insn: 00000013, mode: 3, rs1_addr:  0, rs1_rdata: 00000000, rs2_addr:  0, rs2_rdata: 00000000, rd_addr:  0, rd_wdata: 00000000, mem_addr: 00000000, mem_rdata: 00000000, mem_wdata: 00000000
ClkCycle:       8631, pc_rdata: 00028830, pc_wdata: 00028834, insn: 00000013, mode: 3, rs1_addr:  0, rs1_rdata: 00000000, rs2_addr:  0, rs2_rdata: 00000000, rd_addr:  0, rd_wdata: 00000000, mem_addr: 00000000, mem_rdata: 00000000, mem_wdata: 00000000
ClkCycle:       8632, pc_rdata: 00028834, pc_wdata: 00028838, insn: 00000013, mode: 3, rs1_addr:  0, rs1_rdata: 00000000, rs2_addr:  0, rs2_rdata: 00000000, rd_addr:  0, rd_wdata: 00000000, mem_addr: 00000000, mem_rdata: 00000000, mem_wdata: 00000000
ClkCycle:       8633, pc_rdata: 00028838, pc_wdata: 0002883c, insn: 00000013, mode: 3, rs1_addr:  0, rs1_rdata: 00000000, rs2_addr:  0, rs2_rdata: 00000000, rd_addr:  0, rd_wdata: 00000000, mem_addr: 00000000, mem_rdata: 00000000, mem_wdata: 00000000
ClkCycle:       8634, pc_rdata: 0002883c, pc_wdata: 00028840, insn: 00000013, mode: 3, rs1_addr:  0, rs1_rdata: 00000000, rs2_addr:  0, rs2_rdata: 00000000, rd_addr:  0, rd_wdata: 00000000, mem_addr: 00000000, mem_rdata: 00000000, mem_wdata: 00000000
ClkCycle:       8635, pc_rdata: 00028840, pc_wdata: 00028842, insn: 00014c82, mode: 3, rs1_addr:  2, rs1_rdata: 0002a000, rs2_addr:  0, rs2_rdata: 00000000, rd_addr: 25, rd_wdata: 00000000, mem_addr: 0002a000, mem_rdata: 00000000, mem_wdata: 00000000
ClkCycle:       8636, pc_rdata: 00028842, pc_wdata: 00028846, insn: 00014c82, mode: 3, rs1_addr:  0, rs1_rdata: 00000000, rs2_addr:  0, rs2_rdata: 00000000, rd_addr:  0, rd_wdata: 00000000, mem_addr: 00000000, mem_rdata: 00000000, mem_wdata: 00000000
ClkCycle:       8637, pc_rdata: 00028846, pc_wdata: 00028848, insn: 00130d94, mode: 3, rs1_addr:  0, rs1_rdata: 00000000, rs2_addr:  0, rs2_rdata: 00000000, rd_addr:  0, rd_wdata: 00000000, mem_addr: 00000000, mem_rdata: 00000000, mem_wdata: 00000000
ClkCycle:       8638, pc_rdata: 00028848, pc_wdata: 0002884a, insn: 00130d94, mode: 3, rs1_addr:  2, rs1_rdata: 0002a000, rs2_addr: 16, rs2_rdata: 00000000, rd_addr: 13, rd_wdata: 0002a2d0, mem_addr: 0002a2d0, mem_rdata: 00000000, mem_wdata: 00000000
ClkCycle:       8639, pc_rdata: 0002884a, pc_wdata: 0002884e, insn: 00130d94, mode: 3, rs1_addr:  0, rs1_rdata: 00000000, rs2_addr:  0, rs2_rdata: 00000000, rd_addr:  0, rd_wdata: 00000000, mem_addr: 00000000, mem_rdata: 00000000, mem_wdata: 00000000
ClkCycle:       8640, pc_rdata: 0002884e, pc_wdata: 00028852, insn: 00130000, mode: 3, rs1_addr:  0, rs1_rdata: 00000000, rs2_addr:  0, rs2_rdata: 00000000, rd_addr:  0, rd_wdata: 00000000, mem_addr: 00000000, mem_rdata: 00000000, mem_wdata: 00000000
ClkCycle:       8641, pc_rdata: 00028852, pc_wdata: 00028856, insn: 00130000, mode: 3, rs1_addr:  0, rs1_rdata: 00000000, rs2_addr:  0, rs2_rdata: 00000000, rd_addr:  0, rd_wdata: 00000000, mem_addr: 00000000, mem_rdata: 00000000, mem_wdata: 00000000
ClkCycle:       8642, pc_rdata: 00028856, pc_wdata: 0002885a, insn: 00130000, mode: 3, rs1_addr:  0, rs1_rdata: 00000000, rs2_addr:  0, rs2_rdata: 00000000, rd_addr:  0, rd_wdata: 00000000, mem_addr: 00000000, mem_rdata: 00000000, mem_wdata: 00000000
ClkCycle:       8643, pc_rdata: 0002885a, pc_wdata: 0002885e, insn: 00130000, mode: 3, rs1_addr:  0, rs1_rdata: 00000000, rs2_addr:  0, rs2_rdata: 00000000, rd_addr:  0, rd_wdata: 00000000, mem_addr: 00000000, mem_rdata: 00000000, mem_wdata: 00000000
ClkCycle:       8644, pc_rdata: 0002885e, pc_wdata: 00028862, insn: 00001117, mode: 3, rs1_addr: 14, rs1_rdata: 00000000, rs2_addr: 17, rs2_rdata: 00000000, rd_addr:  0, rd_wdata: 00000111, mem_addr: 00000111, mem_rdata: 00000000, mem_wdata: 00000000
ClkCycle:       8645, pc_rdata: 00028862, pc_wdata: 00028866, insn: 00001117, mode: 3, rs1_addr:  0, rs1_rdata: 00000000, rs2_addr:  0, rs2_rdata: 00000000, rd_addr:  0, rd_wdata: 00000000, mem_addr: 00000000, mem_rdata: 00000000, mem_wdata: 00000000
ClkCycle:       8646, pc_rdata: 00028866, pc_wdata: 00028868, insn: 00000013, mode: 3, rs1_addr:  2, rs1_rdata: 0002a000, rs2_addr:  0, rs2_rdata: 00000000, rd_addr:  8, rd_wdata: 0002a000, mem_addr: 0002a000, mem_rdata: 00000000, mem_wdata: 00000000
ClkCycle:       8647, pc_rdata: 00028868, pc_wdata: 0002886c, insn: 00000013, mode: 3, rs1_addr:  0, rs1_rdata: 00000000, rs2_addr:  0, rs2_rdata: 00000000, rd_addr:  0, rd_wdata: 00000000, mem_addr: 00000000, mem_rdata: 00000000, mem_wdata: 00000000
ClkCycle:       8648, pc_rdata: 0002886c, pc_wdata: 00028870, insn: 00000013, mode: 3, rs1_addr:  0, rs1_rdata: 00000000, rs2_addr:  0, rs2_rdata: 00000000, rd_addr:  0, rd_wdata: 00000000, mem_addr: 00000000, mem_rdata: 00000000, mem_wdata: 00000000
ClkCycle:       8649, pc_rdata: 00028870, pc_wdata: 00028874, insn: 00000013, mode: 3, rs1_addr:  0, rs1_rdata: 00000000, rs2_addr:  0, rs2_rdata: 00000000, rd_addr:  0, rd_wdata: 00000000, mem_addr: 00000000, mem_rdata: 00000000, mem_wdata: 00000000
ClkCycle:       8650, pc_rdata: 00028874, pc_wdata: 00028878, insn: 00000013, mode: 3, rs1_addr:  0, rs1_rdata: 00000000, rs2_addr:  0, rs2_rdata: 00000000, rd_addr:  0, rd_wdata: 00000000, mem_addr: 00000000, mem_rdata: 00000000, mem_wdata: 00000000
ClkCycle:       8651, pc_rdata: 00028878, pc_wdata: 0002887c, insn: 00000013, mode: 3, rs1_addr:  0, rs1_rdata: 00000000, rs2_addr:  0, rs2_rdata: 00000000, rd_addr:  0, rd_wdata: 00000000, mem_addr: 00000000, mem_rdata: 00000000, mem_wdata: 00000000
ClkCycle:       8652, pc_rdata: 0002887c, pc_wdata: 00028880, insn: 00000013, mode: 3, rs1_addr:  0, rs1_rdata: 00000000, rs2_addr:  0, rs2_rdata: 00000000, rd_addr:  0, rd_wdata: 00000000, mem_addr: 00000000, mem_rdata: 00000000, mem_wdata: 00000000
ClkCycle:       8653, pc_rdata: 00028880, pc_wdata: 00028882, insn: 00014e82, mode: 3, rs1_addr:  2, rs1_rdata: 0002a000, rs2_addr:  0, rs2_rdata: 00000000, rd_addr: 29, rd_wdata: 00000000, mem_addr: 0002a000, mem_rdata: 00000000, mem_wdata: 00000000
ClkCycle:       8654, pc_rdata: 00028882, pc_wdata: 00028886, insn: 00014e82, mode: 3, rs1_addr:  0, rs1_rdata: 00000000, rs2_addr:  0, rs2_rdata: 00000000, rd_addr:  0, rd_wdata: 00000000, mem_addr: 00000000, mem_rdata: 00000000, mem_wdata: 00000000
ClkCycle:       8655, pc_rdata: 00028886, pc_wdata: 00028888, insn: 00130dd4, mode: 3, rs1_addr:  0, rs1_rdata: 00000000, rs2_addr:  0, rs2_rdata: 00000000, rd_addr:  0, rd_wdata: 00000000, mem_addr: 00000000, mem_rdata: 00000000, mem_wdata: 00000000
ClkCycle:       8656, pc_rdata: 00028888, pc_wdata: 0002888a, insn: 00130dd4, mode: 3, rs1_addr:  2, rs1_rdata: 0002a000, rs2_addr: 20, rs2_rdata: 00000000, rd_addr: 13, rd_wdata: 0002a2d4, mem_addr: 0002a2d4, mem_rdata: 00000000, mem_wdata: 00000000
ClkCycle:       8657, pc_rdata: 0002888a, pc_wdata: 0002888e, insn: 00130dd4, mode: 3, rs1_addr:  0, rs1_rdata: 00000000, rs2_addr:  0, rs2_rdata: 00000000, rd_addr:  0, rd_wdata: 00000000, mem_addr: 00000000, mem_rdata: 00000000, mem_wdata: 00000000
ClkCycle:       8658, pc_rdata: 0002888e, pc_wdata: 00028892, insn: 00130000, mode: 3, rs1_addr:  0, rs1_rdata: 00000000, rs2_addr:  0, rs2_rdata: 00000000, rd_addr:  0, rd_wdata: 00000000, mem_addr: 00000000, mem_rdata: 00000000, mem_wdata: 00000000
ClkCycle:       8659, pc_rdata: 00028892, pc_wdata: 00028896, insn: 00130000, mode: 3, rs1_addr:  0, rs1_rdata: 00000000, rs2_addr:  0, rs2_rdata: 00000000, rd_addr:  0, rd_wdata: 00000000, mem_addr: 00000000, mem_rdata: 00000000, mem_wdata: 00000000
ClkCycle:       8660, pc_rdata: 00028896, pc_wdata: 0002889a, insn: 00130000, mode: 3, rs1_addr:  0, rs1_rdata: 00000000, rs2_addr:  0, rs2_rdata: 00000000, rd_addr:  0, rd_wdata: 00000000, mem_addr: 00000000, mem_rdata: 00000000, mem_wdata: 00000000
ClkCycle:       8661, pc_rdata: 0002889a, pc_wdata: 0002889e, insn: 00130000, mode: 3, rs1_addr:  0, rs1_rdata: 00000000, rs2_addr:  0, rs2_rdata: 00000000, rd_addr:  0, rd_wdata: 00000000, mem_addr: 00000000, mem_rdata: 00000000, mem_wdata: 00000000
ClkCycle:       8662, pc_rdata: 0002889e, pc_wdata: 000288a2, insn: 00003097, mode: 3, rs1_addr: 14, rs1_rdata: 00000000, rs2_addr:  9, rs2_rdata: 0002a214, rd_addr:  0, rd_wdata: 00000309, mem_addr: 00000309, mem_rdata: 00000000, mem_wdata: 0002a214
ClkCycle:       8663, pc_rdata: 000288a2, pc_wdata: 000288a6, insn: 00003097, mode: 3, rs1_addr:  0, rs1_rdata: 00000000, rs2_addr:  0, rs2_rdata: 00000000, rd_addr:  0, rd_wdata: 00000000, mem_addr: 00000000, mem_rdata: 00000000, mem_wdata: 00000000
ClkCycle:       8664, pc_rdata: 000288a6, pc_wdata: 000288a8, insn: 00000013, mode: 3, rs1_addr:  2, rs1_rdata: 0002a000, rs2_addr:  0, rs2_rdata: 00000000, rd_addr:  8, rd_wdata: 0002a000, mem_addr: 0002a000, mem_rdata: 00000000, mem_wdata: 00000000
ClkCycle:       8665, pc_rdata: 000288a8, pc_wdata: 000288ac, insn: 00000013, mode: 3, rs1_addr:  0, rs1_rdata: 00000000, rs2_addr:  0, rs2_rdata: 00000000, rd_addr:  0, rd_wdata: 00000000, mem_addr: 00000000, mem_rdata: 00000000, mem_wdata: 00000000
ClkCycle:       8666, pc_rdata: 000288ac, pc_wdata: 000288b0, insn: 00000013, mode: 3, rs1_addr:  0, rs1_rdata: 00000000, rs2_addr:  0, rs2_rdata: 00000000, rd_addr:  0, rd_wdata: 00000000, mem_addr: 00000000, mem_rdata: 00000000, mem_wdata: 00000000
ClkCycle:       8667, pc_rdata: 000288b0, pc_wdata: 000288b4, insn: 00000013, mode: 3, rs1_addr:  0, rs1_rdata: 00000000, rs2_addr:  0, rs2_rdata: 00000000, rd_addr:  0, rd_wdata: 00000000, mem_addr: 00000000, mem_rdata: 00000000, mem_wdata: 00000000
ClkCycle:       8668, pc_rdata: 000288b4, pc_wdata: 000288b8, insn: 00000013, mode: 3, rs1_addr:  0, rs1_rdata: 00000000, rs2_addr:  0, rs2_rdata: 00000000, rd_addr:  0, rd_wdata: 00000000, mem_addr: 00000000, mem_rdata: 00000000, mem_wdata: 00000000
ClkCycle:       8669, pc_rdata: 000288b8, pc_wdata: 000288bc, insn: 00000013, mode: 3, rs1_addr:  0, rs1_rdata: 00000000, rs2_addr:  0, rs2_rdata: 00000000, rd_addr:  0, rd_wdata: 00000000, mem_addr: 00000000, mem_rdata: 00000000, mem_wdata: 00000000
ClkCycle:       8670, pc_rdata: 000288bc, pc_wdata: 000288c0, insn: 00000013, mode: 3, rs1_addr:  0, rs1_rdata: 00000000, rs2_addr:  0, rs2_rdata: 00000000, rd_addr:  0, rd_wdata: 00000000, mem_addr: 00000000, mem_rdata: 00000000, mem_wdata: 00000000
ClkCycle:       8671, pc_rdata: 000288c0, pc_wdata: 000288c4, insn: 00001117, mode: 3, rs1_addr:  0, rs1_rdata: 00000000, rs2_addr:  0, rs2_rdata: 00000000, rd_addr:  2, rd_wdata: 000298c0, mem_addr: 000298c0, mem_rdata: 00000000, mem_wdata: 00000000
ClkCycle:       8672, pc_rdata: 000288c4, pc_wdata: 000288c8, insn: 74010113, mode: 3, rs1_addr:  2, rs1_rdata: 0002a000, rs2_addr:  0, rs2_rdata: 00000000, rd_addr:  2, rd_wdata: 0002a000, mem_addr: 0002a000, mem_rdata: 00000000, mem_wdata: 00000000
ClkCycle:       8673, pc_rdata: 000288c8, pc_wdata: 000288cc, insn: 00000013, mode: 3, rs1_addr:  0, rs1_rdata: 00000000, rs2_addr:  0, rs2_rdata: 00000000, rd_addr:  0, rd_wdata: 00000000, mem_addr: 00000000, mem_rdata: 00000000, mem_wdata: 00000000
ClkCycle:       8674, pc_rdata: 000288cc, pc_wdata: 000288d0, insn: 00000013, mode: 3, rs1_addr:  0, rs1_rdata: 00000000, rs2_addr:  0, rs2_rdata: 00000000, rd_addr:  0, rd_wdata: 00000000, mem_addr: 00000000, mem_rdata: 00000000, mem_wdata: 00000000
ClkCycle:       8675, pc_rdata: 000288d0, pc_wdata: 000288d4, insn: 00000013, mode: 3, rs1_addr:  0, rs1_rdata: 00000000, rs2_addr:  0, rs2_rdata: 00000000, rd_addr:  0, rd_wdata: 00000000, mem_addr: 00000000, mem_rdata: 00000000, mem_wdata: 00000000
ClkCycle:       8676, pc_rdata: 000288d4, pc_wdata: 000288d8, insn: 00000013, mode: 3, rs1_addr:  0, rs1_rdata: 00000000, rs2_addr:  0, rs2_rdata: 00000000, rd_addr:  0, rd_wdata: 00000000, mem_addr: 00000000, mem_rdata: 00000000, mem_wdata: 00000000
ClkCycle:       8677, pc_rdata: 000288d8, pc_wdata: 000288dc, insn: 00000013, mode: 3, rs1_addr:  0, rs1_rdata: 00000000, rs2_addr:  0, rs2_rdata: 00000000, rd_addr:  0, rd_wdata: 00000000, mem_addr: 00000000, mem_rdata: 00000000, mem_wdata: 00000000
ClkCycle:       8678, pc_rdata: 000288dc, pc_wdata: 000288e0, insn: 00000013, mode: 3, rs1_addr:  0, rs1_rdata: 00000000, rs2_addr:  0, rs2_rdata: 00000000, rd_addr:  0, rd_wdata: 00000000, mem_addr: 00000000, mem_rdata: 00000000, mem_wdata: 00000000
ClkCycle:       8679, pc_rdata: 000288e0, pc_wdata: 000288e2, insn: 00014d82, mode: 3, rs1_addr:  2, rs1_rdata: 0002a000, rs2_addr:  0, rs2_rdata: 00000000, rd_addr: 27, rd_wdata: 00000000, mem_addr: 0002a000, mem_rdata: 00000000, mem_wdata: 00000000
ClkCycle:       8680, pc_rdata: 000288e2, pc_wdata: 000288e6, insn: 00014d82, mode: 3, rs1_addr:  0, rs1_rdata: 00000000, rs2_addr:  0, rs2_rdata: 00000000, rd_addr:  0, rd_wdata: 00000000, mem_addr: 00000000, mem_rdata: 00000000, mem_wdata: 00000000
ClkCycle:       8681, pc_rdata: 000288e6, pc_wdata: 000288e8, insn: 001301b0, mode: 3, rs1_addr:  0, rs1_rdata: 00000000, rs2_addr:  0, rs2_rdata: 00000000, rd_addr:  0, rd_wdata: 00000000, mem_addr: 00000000, mem_rdata: 00000000, mem_wdata: 00000000
ClkCycle:       8682, pc_rdata: 000288e8, pc_wdata: 000288ea, insn: 001301b0, mode: 3, rs1_addr:  2, rs1_rdata: 0002a000, rs2_addr:  8, rs2_rdata: 0002a000, rd_addr: 12, rd_wdata: 0002a0c8, mem_addr: 0002a0c8, mem_rdata: 00000000, mem_wdata: 0002a000
ClkCycle:       8683, pc_rdata: 000288ea, pc_wdata: 000288ee, insn: 001301b0, mode: 3, rs1_addr:  0, rs1_rdata: 00000000, rs2_addr:  0, rs2_rdata: 00000000, rd_addr:  0, rd_wdata: 00000000, mem_addr: 00000000, mem_rdata: 00000000, mem_wdata: 00000000
ClkCycle:       8684, pc_rdata: 000288ee, pc_wdata: 000288f2, insn: 00130000, mode: 3, rs1_addr:  0, rs1_rdata: 00000000, rs2_addr:  0, rs2_rdata: 00000000, rd_addr:  0, rd_wdata: 00000000, mem_addr: 00000000, mem_rdata: 00000000, mem_wdata: 00000000
ClkCycle:       8685, pc_rdata: 000288f2, pc_wdata: 000288f6, insn: 00130000, mode: 3, rs1_addr:  0, rs1_rdata: 00000000, rs2_addr:  0, rs2_rdata: 00000000, rd_addr:  0, rd_wdata: 00000000, mem_addr: 00000000, mem_rdata: 00000000, mem_wdata: 00000000
ClkCycle:       8686, pc_rdata: 000288f6, pc_wdata: 000288fa, insn: 00130000, mode: 3, rs1_addr:  0, rs1_rdata: 00000000, rs2_addr:  0, rs2_rdata: 00000000, rd_addr:  0, rd_wdata: 00000000, mem_addr: 00000000, mem_rdata: 00000000, mem_wdata: 00000000
ClkCycle:       8687, pc_rdata: 000288fa, pc_wdata: 000288fe, insn: 00130000, mode: 3, rs1_addr:  0, rs1_rdata: 00000000, rs2_addr:  0, rs2_rdata: 00000000, rd_addr:  0, rd_wdata: 00000000, mem_addr: 00000000, mem_rdata: 00000000, mem_wdata: 00000000
ClkCycle:       8688, pc_rdata: 000288fe, pc_wdata: 00028902, insn: 00001117, mode: 3, rs1_addr: 14, rs1_rdata: 00000000, rs2_addr: 17, rs2_rdata: 00000000, rd_addr:  0, rd_wdata: 00000111, mem_addr: 00000111, mem_rdata: 00000000, mem_wdata: 00000000
ClkCycle:       8689, pc_rdata: 00028902, pc_wdata: 00028906, insn: 00001117, mode: 3, rs1_addr:  0, rs1_rdata: 00000000, rs2_addr:  0, rs2_rdata: 00000000, rd_addr:  0, rd_wdata: 00000000, mem_addr: 00000000, mem_rdata: 00000000, mem_wdata: 00000000
ClkCycle:       8690, pc_rdata: 00028906, pc_wdata: 00028908, insn: 00000013, mode: 3, rs1_addr:  2, rs1_rdata: 0002a000, rs2_addr:  0, rs2_rdata: 00000000, rd_addr:  8, rd_wdata: 0002a000, mem_addr: 0002a000, mem_rdata: 00000000, mem_wdata: 00000000
ClkCycle:       8691, pc_rdata: 00028908, pc_wdata: 0002890c, insn: 00000013, mode: 3, rs1_addr:  0, rs1_rdata: 00000000, rs2_addr:  0, rs2_rdata: 00000000, rd_addr:  0, rd_wdata: 00000000, mem_addr: 00000000, mem_rdata: 00000000, mem_wdata: 00000000
ClkCycle:       8692, pc_rdata: 0002890c, pc_wdata: 00028910, insn: 00000013, mode: 3, rs1_addr:  0, rs1_rdata: 00000000, rs2_addr:  0, rs2_rdata: 00000000, rd_addr:  0, rd_wdata: 00000000, mem_addr: 00000000, mem_rdata: 00000000, mem_wdata: 00000000
ClkCycle:       8693, pc_rdata: 00028910, pc_wdata: 00028914, insn: 00000013, mode: 3, rs1_addr:  0, rs1_rdata: 00000000, rs2_addr:  0, rs2_rdata: 00000000, rd_addr:  0, rd_wdata: 00000000, mem_addr: 00000000, mem_rdata: 00000000, mem_wdata: 00000000
ClkCycle:       8694, pc_rdata: 00028914, pc_wdata: 00028918, insn: 00000013, mode: 3, rs1_addr:  0, rs1_rdata: 00000000, rs2_addr:  0, rs2_rdata: 00000000, rd_addr:  0, rd_wdata: 00000000, mem_addr: 00000000, mem_rdata: 00000000, mem_wdata: 00000000
ClkCycle:       8695, pc_rdata: 00028918, pc_wdata: 0002891c, insn: 00000013, mode: 3, rs1_addr:  0, rs1_rdata: 00000000, rs2_addr:  0, rs2_rdata: 00000000, rd_addr:  0, rd_wdata: 00000000, mem_addr: 00000000, mem_rdata: 00000000, mem_wdata: 00000000
ClkCycle:       8696, pc_rdata: 0002891c, pc_wdata: 00028920, insn: 00000013, mode: 3, rs1_addr:  0, rs1_rdata: 00000000, rs2_addr:  0, rs2_rdata: 00000000, rd_addr:  0, rd_wdata: 00000000, mem_addr: 00000000, mem_rdata: 00000000, mem_wdata: 00000000
ClkCycle:       8697, pc_rdata: 00028920, pc_wdata: 00028922, insn: 00014602, mode: 3, rs1_addr:  2, rs1_rdata: 0002a000, rs2_addr:  0, rs2_rdata: 00000000, rd_addr: 12, rd_wdata: 00000000, mem_addr: 0002a000, mem_rdata: 00000000, mem_wdata: 00000000
ClkCycle:       8698, pc_rdata: 00028922, pc_wdata: 00028926, insn: 00014602, mode: 3, rs1_addr:  0, rs1_rdata: 00000000, rs2_addr:  0, rs2_rdata: 00000000, rd_addr:  0, rd_wdata: 00000000, mem_addr: 00000000, mem_rdata: 00000000, mem_wdata: 00000000
ClkCycle:       8699, pc_rdata: 00028926, pc_wdata: 00028928, insn: 001300c0, mode: 3, rs1_addr:  0, rs1_rdata: 00000000, rs2_addr:  0, rs2_rdata: 00000000, rd_addr:  0, rd_wdata: 00000000, mem_addr: 00000000, mem_rdata: 00000000, mem_wdata: 00000000
ClkCycle:       8700, pc_rdata: 00028928, pc_wdata: 0002892a, insn: 001300c0, mode: 3, rs1_addr:  2, rs1_rdata: 0002a000, rs2_addr:  4, rs2_rdata: 00000000, rd_addr:  8, rd_wdata: 0002a044, mem_addr: 0002a044, mem_rdata: 00000000, mem_wdata: 00000000
ClkCycle:       8701, pc_rdata: 0002892a, pc_wdata: 0002892e, insn: 001300c0, mode: 3, rs1_addr:  0, rs1_rdata: 00000000, rs2_addr:  0, rs2_rdata: 00000000, rd_addr:  0, rd_wdata: 00000000, mem_addr: 00000000, mem_rdata: 00000000, mem_wdata: 00000000
ClkCycle:       8702, pc_rdata: 0002892e, pc_wdata: 00028932, insn: 00130000, mode: 3, rs1_addr:  0, rs1_rdata: 00000000, rs2_addr:  0, rs2_rdata: 00000000, rd_addr:  0, rd_wdata: 00000000, mem_addr: 00000000, mem_rdata: 00000000, mem_wdata: 00000000
ClkCycle:       8703, pc_rdata: 00028932, pc_wdata: 00028936, insn: 00130000, mode: 3, rs1_addr:  0, rs1_rdata: 00000000, rs2_addr:  0, rs2_rdata: 00000000, rd_addr:  0, rd_wdata: 00000000, mem_addr: 00000000, mem_rdata: 00000000, mem_wdata: 00000000
ClkCycle:       8704, pc_rdata: 00028936, pc_wdata: 0002893a, insn: 00130000, mode: 3, rs1_addr:  0, rs1_rdata: 00000000, rs2_addr:  0, rs2_rdata: 00000000, rd_addr:  0, rd_wdata: 00000000, mem_addr: 00000000, mem_rdata: 00000000, mem_wdata: 00000000
ClkCycle:       8705, pc_rdata: 0002893a, pc_wdata: 0002893e, insn: 00130000, mode: 3, rs1_addr:  0, rs1_rdata: 00000000, rs2_addr:  0, rs2_rdata: 00000000, rd_addr:  0, rd_wdata: 00000000, mem_addr: 00000000, mem_rdata: 00000000, mem_wdata: 00000000
ClkCycle:       8706, pc_rdata: 0002893e, pc_wdata: 00028942, insn: 00001117, mode: 3, rs1_addr: 14, rs1_rdata: 00000000, rs2_addr: 17, rs2_rdata: 00000000, rd_addr:  0, rd_wdata: 00000111, mem_addr: 00000111, mem_rdata: 00000000, mem_wdata: 00000000
ClkCycle:       8707, pc_rdata: 00028942, pc_wdata: 00028946, insn: 00001117, mode: 3, rs1_addr:  0, rs1_rdata: 00000000, rs2_addr:  0, rs2_rdata: 00000000, rd_addr:  0, rd_wdata: 00000000, mem_addr: 00000000, mem_rdata: 00000000, mem_wdata: 00000000
ClkCycle:       8708, pc_rdata: 00028946, pc_wdata: 00028948, insn: 00000013, mode: 3, rs1_addr:  2, rs1_rdata: 0002a000, rs2_addr:  0, rs2_rdata: 00000000, rd_addr:  8, rd_wdata: 0002a000, mem_addr: 0002a000, mem_rdata: 00000000, mem_wdata: 00000000
ClkCycle:       8709, pc_rdata: 00028948, pc_wdata: 0002894c, insn: 00000013, mode: 3, rs1_addr:  0, rs1_rdata: 00000000, rs2_addr:  0, rs2_rdata: 00000000, rd_addr:  0, rd_wdata: 00000000, mem_addr: 00000000, mem_rdata: 00000000, mem_wdata: 00000000
ClkCycle:       8710, pc_rdata: 0002894c, pc_wdata: 00028950, insn: 00000013, mode: 3, rs1_addr:  0, rs1_rdata: 00000000, rs2_addr:  0, rs2_rdata: 00000000, rd_addr:  0, rd_wdata: 00000000, mem_addr: 00000000, mem_rdata: 00000000, mem_wdata: 00000000
ClkCycle:       8711, pc_rdata: 00028950, pc_wdata: 00028954, insn: 00000013, mode: 3, rs1_addr:  0, rs1_rdata: 00000000, rs2_addr:  0, rs2_rdata: 00000000, rd_addr:  0, rd_wdata: 00000000, mem_addr: 00000000, mem_rdata: 00000000, mem_wdata: 00000000
ClkCycle:       8712, pc_rdata: 00028954, pc_wdata: 00028958, insn: 00000013, mode: 3, rs1_addr:  0, rs1_rdata: 00000000, rs2_addr:  0, rs2_rdata: 00000000, rd_addr:  0, rd_wdata: 00000000, mem_addr: 00000000, mem_rdata: 00000000, mem_wdata: 00000000
ClkCycle:       8713, pc_rdata: 00028958, pc_wdata: 0002895c, insn: 00000013, mode: 3, rs1_addr:  0, rs1_rdata: 00000000, rs2_addr:  0, rs2_rdata: 00000000, rd_addr:  0, rd_wdata: 00000000, mem_addr: 00000000, mem_rdata: 00000000, mem_wdata: 00000000
ClkCycle:       8714, pc_rdata: 0002895c, pc_wdata: 00028960, insn: 00000013, mode: 3, rs1_addr:  0, rs1_rdata: 00000000, rs2_addr:  0, rs2_rdata: 00000000, rd_addr:  0, rd_wdata: 00000000, mem_addr: 00000000, mem_rdata: 00000000, mem_wdata: 00000000
ClkCycle:       8715, pc_rdata: 00028960, pc_wdata: 00028962, insn: 00014402, mode: 3, rs1_addr:  2, rs1_rdata: 0002a000, rs2_addr:  0, rs2_rdata: 00000000, rd_addr:  8, rd_wdata: 00000000, mem_addr: 0002a000, mem_rdata: 00000000, mem_wdata: 00000000
ClkCycle:       8716, pc_rdata: 00028962, pc_wdata: 00028966, insn: 00014402, mode: 3, rs1_addr:  0, rs1_rdata: 00000000, rs2_addr:  0, rs2_rdata: 00000000, rd_addr:  0, rd_wdata: 00000000, mem_addr: 00000000, mem_rdata: 00000000, mem_wdata: 00000000
ClkCycle:       8717, pc_rdata: 00028966, pc_wdata: 00028968, insn: 006f0080, mode: 3, rs1_addr:  0, rs1_rdata: 00000000, rs2_addr:  0, rs2_rdata: 00000000, rd_addr:  0, rd_wdata: 00000000, mem_addr: 00000000, mem_rdata: 00000000, mem_wdata: 00000000
ClkCycle:       8718, pc_rdata: 00028968, pc_wdata: 0002896a, insn: 006f0080, mode: 3, rs1_addr:  2, rs1_rdata: 0002a000, rs2_addr:  0, rs2_rdata: 00000000, rd_addr:  8, rd_wdata: 0002a040, mem_addr: 0002a040, mem_rdata: 00000000, mem_wdata: 00000000
ClkCycle:       8719, pc_rdata: 0002896a, pc_wdata: 0002896e, insn: 006f0080, mode: 3, rs1_addr:  0, rs1_rdata: 00000000, rs2_addr:  0, rs2_rdata: 00000000, rd_addr:  0, rd_wdata: 00000000, mem_addr: 00000000, mem_rdata: 00000000, mem_wdata: 00000000
ClkCycle:       8720, pc_rdata: 0002896e, pc_wdata: 00028972, insn: 33031f81, mode: 3, rs1_addr:  2, rs1_rdata: 0002a000, rs2_addr: 24, rs2_rdata: 00000000, rd_addr:  0, rd_wdata: 00028972, mem_addr: 0003a1f8, mem_rdata: 00000000, mem_wdata: 00000000
ClkCycle:       8721, pc_rdata: 00028972, pc_wdata: 00038b66, insn: 33031f81, mode: 3, rs1_addr:  0, rs1_rdata: 00000000, rs2_addr:  0, rs2_rdata: 00000000, rd_addr:  0, rd_wdata: 00000000, mem_addr: 00000000, mem_rdata: 00000000, mem_wdata: 00000000
