ClkCycle:          5, pc_rdata: 00000000, pc_wdata: 00000004, insn: 7d5c0837, mode: 3, rs1_addr: 24, rs1_rdata: 00000000, rs2_addr: 21, rs2_rdata: 00000000, rd_addr: 16, rd_wdata: 7d5c0000, mem_addr: 7d5c0000, mem_rdata: 00000000, mem_wdata: 00000000
ClkCycle:          6, pc_rdata: 00000004, pc_wdata: 00000008, insn: ddb80813, mode: 3, rs1_addr: 16, rs1_rdata: 00000000, rs2_addr: 27, rs2_rdata: 00000000, rd_addr: 16, rd_wdata: 7d5bfddb, mem_addr: 7d5bfddb, mem_rdata: 00000000, mem_wdata: 00000000
ClkCycle:          7, pc_rdata: 00000008, pc_wdata: 0000000c, insn: 00b81813, mode: 3, rs1_addr: 16, rs1_rdata: 00000000, rs2_addr: 11, rs2_rdata: 00000000, rd_addr: 16, rd_wdata: dfeed800, mem_addr: dfeed800, mem_rdata: 00000000, mem_wdata: 00000000
ClkCycle:          8, pc_rdata: 0000000c, pc_wdata: 00000010, insn: 3ea80813, mode: 3, rs1_addr: 16, rs1_rdata: 7d5c0000, rs2_addr: 10, rs2_rdata: 00000000, rd_addr: 16, rd_wdata: dfeedbea, mem_addr: dfeedbea, mem_rdata: 00000000, mem_wdata: 00000000
ClkCycle:          9, pc_rdata: 00000010, pc_wdata: 00000014, insn: 00b81813, mode: 3, rs1_addr: 16, rs1_rdata: 7d5bfddb, rs2_addr: 11, rs2_rdata: 00000000, rd_addr: 16, rd_wdata: 76df5000, mem_addr: 76df5000, mem_rdata: 00000000, mem_wdata: 00000000
ClkCycle:         10, pc_rdata: 00000014, pc_wdata: 00000018, insn: 6ff80813, mode: 3, rs1_addr: 16, rs1_rdata: dfeed800, rs2_addr: 31, rs2_rdata: 00000000, rd_addr: 16, rd_wdata: 76df56ff, mem_addr: 76df56ff, mem_rdata: 00000000, mem_wdata: 00000000
ClkCycle:         11, pc_rdata: 00000018, pc_wdata: 0000001c, insn: 00a81813, mode: 3, rs1_addr: 16, rs1_rdata: dfeedbea, rs2_addr: 10, rs2_rdata: 00000000, rd_addr: 16, rd_wdata: 7d5bfc00, mem_addr: 7d5bfc00, mem_rdata: 00000000, mem_wdata: 00000000
ClkCycle:         12, pc_rdata: 0000001c, pc_wdata: 00000020, insn: 1db80813, mode: 3, rs1_addr: 16, rs1_rdata: 76df5000, rs2_addr: 27, rs2_rdata: 00000000, rd_addr: 16, rd_wdata: 7d5bfddb, mem_addr: 7d5bfddb, mem_rdata: 00000000, mem_wdata: 00000000
ClkCycle:         13, pc_rdata: 00000020, pc_wdata: 00000024, insn: 00785893, mode: 3, rs1_addr: 16, rs1_rdata: 76df56ff, rs2_addr:  7, rs2_rdata: 00000000, rd_addr: 17, rd_wdata: b6fab7fb, mem_addr: b6fab7fb, mem_rdata: 00000000, mem_wdata: 00000000
ClkCycle:         14, pc_rdata: 00000024, pc_wdata: 00000028, insn: 03985793, mode: 3, rs1_addr: 16, rs1_rdata: 7d5bfc00, rs2_addr: 25, rs2_rdata: 00000000, rd_addr: 15, rd_wdata: adfeedbe, mem_addr: adfeedbe, mem_rdata: 00000000, mem_wdata: 00000000
ClkCycle:         15, pc_rdata: 00000028, pc_wdata: 0000002c, insn: 00f8e8b3, mode: 3, rs1_addr: 17, rs1_rdata: 00000000, rs2_addr: 15, rs2_rdata: 00000000, rd_addr: 17, rd_wdata: bffeffff, mem_addr: bffeffff, mem_rdata: 00000000, mem_wdata: adfeedbe
ClkCycle:         16, pc_rdata: 0000002c, pc_wdata: 00000030, insn: 0078d913, mode: 3, rs1_addr: 17, rs1_rdata: b6fab7fb, rs2_addr:  7, rs2_rdata: 00000000, rd_addr: 18, rd_wdata: ff7ffdff, mem_addr: ff7ffdff, mem_rdata: 00000000, mem_wdata: 00000000
ClkCycle:         17, pc_rdata: 00000030, pc_wdata: 00000034, insn: 0398d793, mode: 3, rs1_addr: 17, rs1_rdata: b6fab7fb, rs2_addr: 25, rs2_rdata: 00000000, rd_addr: 15, rd_wdata: 7d5bffdf, mem_addr: 7d5bffdf, mem_rdata: 00000000, mem_wdata: 00000000
ClkCycle:         18, pc_rdata: 00000034, pc_wdata: 00000038, insn: 00f96933, mode: 3, rs1_addr: 18, rs1_rdata: 00000000, rs2_addr: 15, rs2_rdata: adfeedbe, rd_addr: 18, rd_wdata: ff7fffff, mem_addr: ff7fffff, mem_rdata: 00000000, mem_wdata: 7d5bffdf
ClkCycle:         19, pc_rdata: 00000038, pc_wdata: 0000003c, insn: 00795993, mode: 3, rs1_addr: 18, rs1_rdata: ff7ffdff, rs2_addr:  7, rs2_rdata: 00000000, rd_addr: 19, rd_wdata: dffeffff, mem_addr: dffeffff, mem_rdata: 00000000, mem_wdata: 00000000
ClkCycle:         20, pc_rdata: 0000003c, pc_wdata: 00000040, insn: 03995793, mode: 3, rs1_addr: 18, rs1_rdata: ff7ffdff, rs2_addr: 25, rs2_rdata: 00000000, rd_addr: 15, rd_wdata: 00fab7ff, mem_addr: 00fab7ff, mem_rdata: 00000000, mem_wdata: 00000000
ClkCycle:         21, pc_rdata: 00000040, pc_wdata: 00000044, insn: 00f9e9b3, mode: 3, rs1_addr: 19, rs1_rdata: 00000000, rs2_addr: 15, rs2_rdata: 7d5bffdf, rd_addr: 19, rd_wdata: dffeffff, mem_addr: dffeffff, mem_rdata: 00000000, mem_wdata: 00fab7ff
ClkCycle:         22, pc_rdata: 00000044, pc_wdata: 00000048, insn: 0079da13, mode: 3, rs1_addr: 19, rs1_rdata: dffeffff, rs2_addr:  7, rs2_rdata: 00000000, rd_addr: 20, rd_wdata: d5bffdff, mem_addr: d5bffdff, mem_rdata: 00000000, mem_wdata: 00000000
ClkCycle:         23, pc_rdata: 00000048, pc_wdata: 0000004c, insn: 0399d793, mode: 3, rs1_addr: 19, rs1_rdata: dffeffff, rs2_addr: 25, rs2_rdata: 00000000, rd_addr: 15, rd_wdata: 0001f56f, mem_addr: 0001f56f, mem_rdata: 00000000, mem_wdata: 00000000
ClkCycle:         24, pc_rdata: 0000004c, pc_wdata: 00000050, insn: 00fa6a33, mode: 3, rs1_addr: 20, rs1_rdata: 00000000, rs2_addr: 15, rs2_rdata: 00fab7ff, rd_addr: 20, rd_wdata: d5bffdff, mem_addr: d5bffdff, mem_rdata: 00000000, mem_wdata: 0001f56f
ClkCycle:         25, pc_rdata: 00000050, pc_wdata: 00000054, insn: 007a5a93, mode: 3, rs1_addr: 20, rs1_rdata: d5bffdff, rs2_addr:  7, rs2_rdata: 00000000, rd_addr: 21, rd_wdata: 0fab7ffb, mem_addr: 0fab7ffb, mem_rdata: 00000000, mem_wdata: 00000000
ClkCycle:         26, pc_rdata: 00000054, pc_wdata: 00000058, insn: 039a5793, mode: 3, rs1_addr: 20, rs1_rdata: d5bffdff, rs2_addr: 25, rs2_rdata: 00000000, rd_addr: 15, rd_wdata: 000003ea, mem_addr: 000003ea, mem_rdata: 00000000, mem_wdata: 00000000
ClkCycle:         27, pc_rdata: 00000058, pc_wdata: 0000005c, insn: 00faeab3, mode: 3, rs1_addr: 21, rs1_rdata: 00000000, rs2_addr: 15, rs2_rdata: 0001f56f, rd_addr: 21, rd_wdata: 0fab7ffb, mem_addr: 0fab7ffb, mem_rdata: 00000000, mem_wdata: 000003ea
ClkCycle:         28, pc_rdata: 0000005c, pc_wdata: 00000060, insn: 007adb13, mode: 3, rs1_addr: 21, rs1_rdata: 0fab7ffb, rs2_addr:  7, rs2_rdata: 00000000, rd_addr: 22, rd_wdata: 001f56ff, mem_addr: 001f56ff, mem_rdata: 00000000, mem_wdata: 00000000
ClkCycle:         29, pc_rdata: 00000060, pc_wdata: 00000064, insn: 039ad793, mode: 3, rs1_addr: 21, rs1_rdata: 0fab7ffb, rs2_addr: 25, rs2_rdata: 00000000, rd_addr: 15, rd_wdata: 00000007, mem_addr: 00000007, mem_rdata: 00000000, mem_wdata: 00000000
ClkCycle:         30, pc_rdata: 00000064, pc_wdata: 00000068, insn: 00fb6b33, mode: 3, rs1_addr: 22, rs1_rdata: 00000000, rs2_addr: 15, rs2_rdata: 000003ea, rd_addr: 22, rd_wdata: 001f56ff, mem_addr: 001f56ff, mem_rdata: 00000000, mem_wdata: 00000007
ClkCycle:         31, pc_rdata: 00000068, pc_wdata: 0000006c, insn: 007b5b93, mode: 3, rs1_addr: 22, rs1_rdata: 001f56ff, rs2_addr:  7, rs2_rdata: 00000000, rd_addr: 23, rd_wdata: 00003ead, mem_addr: 00003ead, mem_rdata: 00000000, mem_wdata: 00000000
ClkCycle:         32, pc_rdata: 0000006c, pc_wdata: 00000070, insn: 039b5793, mode: 3, rs1_addr: 22, rs1_rdata: 001f56ff, rs2_addr: 25, rs2_rdata: 00000000, rd_addr: 15, rd_wdata: 00000000, mem_addr: 00000000, mem_rdata: 00000000, mem_wdata: 00000000
ClkCycle:         33, pc_rdata: 00000070, pc_wdata: 00000074, insn: 00fbebb3, mode: 3, rs1_addr: 23, rs1_rdata: 00000000, rs2_addr: 15, rs2_rdata: 00000007, rd_addr: 23, rd_wdata: 00003ead, mem_addr: 00003ead, mem_rdata: 00000000, mem_wdata: 00000000
ClkCycle:         34, pc_rdata: 00000074, pc_wdata: 00000078, insn: 007bdc13, mode: 3, rs1_addr: 23, rs1_rdata: 00003ead, rs2_addr:  7, rs2_rdata: 00000000, rd_addr: 24, rd_wdata: 0000007d, mem_addr: 0000007d, mem_rdata: 00000000, mem_wdata: 00000000
ClkCycle:         35, pc_rdata: 00000078, pc_wdata: 0000007c, insn: 039bd793, mode: 3, rs1_addr: 23, rs1_rdata: 00003ead, rs2_addr: 25, rs2_rdata: 00000000, rd_addr: 15, rd_wdata: 00000000, mem_addr: 00000000, mem_rdata: 00000000, mem_wdata: 00000000
ClkCycle:         36, pc_rdata: 0000007c, pc_wdata: 00000080, insn: 00fc6c33, mode: 3, rs1_addr: 24, rs1_rdata: 00000000, rs2_addr: 15, rs2_rdata: 00000000, rd_addr: 24, rd_wdata: 0000007d, mem_addr: 0000007d, mem_rdata: 00000000, mem_wdata: 00000000
ClkCycle:         37, pc_rdata: 00000080, pc_wdata: 00000084, insn: 007c5c93, mode: 3, rs1_addr: 24, rs1_rdata: 0000007d, rs2_addr:  7, rs2_rdata: 00000000, rd_addr: 25, rd_wdata: 00000000, mem_addr: 00000000, mem_rdata: 00000000, mem_wdata: 00000000
ClkCycle:         38, pc_rdata: 00000084, pc_wdata: 00000088, insn: 039c5793, mode: 3, rs1_addr: 24, rs1_rdata: 0000007d, rs2_addr: 25, rs2_rdata: 00000000, rd_addr: 15, rd_wdata: 00000000, mem_addr: 00000000, mem_rdata: 00000000, mem_wdata: 00000000
ClkCycle:         39, pc_rdata: 00000088, pc_wdata: 0000008c, insn: 00fcecb3, mode: 3, rs1_addr: 25, rs1_rdata: 00000000, rs2_addr: 15, rs2_rdata: 00000000, rd_addr: 25, rd_wdata: 00000000, mem_addr: 00000000, mem_rdata: 00000000, mem_wdata: 00000000
ClkCycle:         40, pc_rdata: 0000008c, pc_wdata: 00000090, insn: 007cdd13, mode: 3, rs1_addr: 25, rs1_rdata: 00000000, rs2_addr:  7, rs2_rdata: 00000000, rd_addr: 26, rd_wdata: 00000000, mem_addr: 00000000, mem_rdata: 00000000, mem_wdata: 00000000
ClkCycle:         41, pc_rdata: 00000090, pc_wdata: 00000094, insn: 039cd793, mode: 3, rs1_addr: 25, rs1_rdata: 00000000, rs2_addr: 25, rs2_rdata: 00000000, rd_addr: 15, rd_wdata: 00000000, mem_addr: 00000000, mem_rdata: 00000000, mem_wdata: 00000000
ClkCycle:         42, pc_rdata: 00000094, pc_wdata: 00000098, insn: 00fd6d33, mode: 3, rs1_addr: 26, rs1_rdata: 00000000, rs2_addr: 15, rs2_rdata: 00000000, rd_addr: 26, rd_wdata: 00000000, mem_addr: 00000000, mem_rdata: 00000000, mem_wdata: 00000000
ClkCycle:         43, pc_rdata: 00000098, pc_wdata: 0000009c, insn: 007d5d93, mode: 3, rs1_addr: 26, rs1_rdata: 00000000, rs2_addr:  7, rs2_rdata: 00000000, rd_addr: 27, rd_wdata: 00000000, mem_addr: 00000000, mem_rdata: 00000000, mem_wdata: 00000000
ClkCycle:         44, pc_rdata: 0000009c, pc_wdata: 000000a0, insn: 039d5793, mode: 3, rs1_addr: 26, rs1_rdata: 00000000, rs2_addr: 25, rs2_rdata: 00000000, rd_addr: 15, rd_wdata: 00000000, mem_addr: 00000000, mem_rdata: 00000000, mem_wdata: 00000000
ClkCycle:         45, pc_rdata: 000000a0, pc_wdata: 000000a4, insn: 00fdedb3, mode: 3, rs1_addr: 27, rs1_rdata: 00000000, rs2_addr: 15, rs2_rdata: 00000000, rd_addr: 27, rd_wdata: 00000000, mem_addr: 00000000, mem_rdata: 00000000, mem_wdata: 00000000
ClkCycle:         46, pc_rdata: 000000a4, pc_wdata: 000000a8, insn: 007dde13, mode: 3, rs1_addr: 27, rs1_rdata: 00000000, rs2_addr:  7, rs2_rdata: 00000000, rd_addr: 28, rd_wdata: 00000000, mem_addr: 00000000, mem_rdata: 00000000, mem_wdata: 00000000
ClkCycle:         47, pc_rdata: 000000a8, pc_wdata: 000000ac, insn: 039dd793, mode: 3, rs1_addr: 27, rs1_rdata: 00000000, rs2_addr: 25, rs2_rdata: 00000000, rd_addr: 15, rd_wdata: 00000000, mem_addr: 00000000, mem_rdata: 00000000, mem_wdata: 00000000
ClkCycle:         48, pc_rdata: 000000ac, pc_wdata: 000000b0, insn: 00fe6e33, mode: 3, rs1_addr: 28, rs1_rdata: 00000000, rs2_addr: 15, rs2_rdata: 00000000, rd_addr: 28, rd_wdata: 00000000, mem_addr: 00000000, mem_rdata: 00000000, mem_wdata: 00000000
ClkCycle:         49, pc_rdata: 000000b0, pc_wdata: 000000b4, insn: 007e5e93, mode: 3, rs1_addr: 28, rs1_rdata: 00000000, rs2_addr:  7, rs2_rdata: 00000000, rd_addr: 29, rd_wdata: 00000000, mem_addr: 00000000, mem_rdata: 00000000, mem_wdata: 00000000
ClkCycle:         50, pc_rdata: 000000b4, pc_wdata: 000000b8, insn: 039e5793, mode: 3, rs1_addr: 28, rs1_rdata: 00000000, rs2_addr: 25, rs2_rdata: 00000000, rd_addr: 15, rd_wdata: 00000000, mem_addr: 00000000, mem_rdata: 00000000, mem_wdata: 00000000
ClkCycle:         51, pc_rdata: 000000b8, pc_wdata: 000000bc, insn: 00feeeb3, mode: 3, rs1_addr: 29, rs1_rdata: 00000000, rs2_addr: 15, rs2_rdata: 00000000, rd_addr: 29, rd_wdata: 00000000, mem_addr: 00000000, mem_rdata: 00000000, mem_wdata: 00000000
ClkCycle:         52, pc_rdata: 000000bc, pc_wdata: 000000c0, insn: 007edf13, mode: 3, rs1_addr: 29, rs1_rdata: 00000000, rs2_addr:  7, rs2_rdata: 00000000, rd_addr: 30, rd_wdata: 00000000, mem_addr: 00000000, mem_rdata: 00000000, mem_wdata: 00000000
ClkCycle:         53, pc_rdata: 000000c0, pc_wdata: 000000c4, insn: 039ed793, mode: 3, rs1_addr: 29, rs1_rdata: 00000000, rs2_addr: 25, rs2_rdata: 00000000, rd_addr: 15, rd_wdata: 00000000, mem_addr: 00000000, mem_rdata: 00000000, mem_wdata: 00000000
ClkCycle:         54, pc_rdata: 000000c4, pc_wdata: 000000c8, insn: 00ff6f33, mode: 3, rs1_addr: 30, rs1_rdata: 00000000, rs2_addr: 15, rs2_rdata: 00000000, rd_addr: 30, rd_wdata: 00000000, mem_addr: 00000000, mem_rdata: 00000000, mem_wdata: 00000000
ClkCycle:         55, pc_rdata: 000000c8, pc_wdata: 000000cc, insn: feedc0b7, mode: 3, rs1_addr: 27, rs1_rdata: 00000000, rs2_addr: 14, rs2_rdata: 00000000, rd_addr:  1, rd_wdata: feedc000, mem_addr: feedc000, mem_rdata: 00000000, mem_wdata: 00000000
ClkCycle:         56, pc_rdata: 000000cc, pc_wdata: 000000d0, insn: ead08093, mode: 3, rs1_addr:  1, rs1_rdata: 00000000, rs2_addr: 13, rs2_rdata: 00000000, rd_addr:  1, rd_wdata: feedbead, mem_addr: feedbead, mem_rdata: 00000000, mem_wdata: 00000000
ClkCycle:         57, pc_rdata: 000000d0, pc_wdata: 000000d4, insn: 00b09093, mode: 3, rs1_addr:  1, rs1_rdata: 00000000, rs2_addr: 11, rs2_rdata: 00000000, rd_addr:  1, rd_wdata: 6df56800, mem_addr: 6df56800, mem_rdata: 00000000, mem_wdata: 00000000
ClkCycle:         58, pc_rdata: 000000d4, pc_wdata: 000000d8, insn: 7f708093, mode: 3, rs1_addr:  1, rs1_rdata: feedc000, rs2_addr: 23, rs2_rdata: 00003ead, rd_addr:  1, rd_wdata: 6df56ff7, mem_addr: 6df56ff7, mem_rdata: 00000000, mem_wdata: 00003ead
ClkCycle:         59, pc_rdata: 000000d8, pc_wdata: 000000dc, insn: 00b09093, mode: 3, rs1_addr:  1, rs1_rdata: feedbead, rs2_addr: 11, rs2_rdata: 00000000, rd_addr:  1, rd_wdata: ab7fb800, mem_addr: ab7fb800, mem_rdata: 00000000, mem_wdata: 00000000
ClkCycle:         60, pc_rdata: 000000dc, pc_wdata: 000000e0, insn: 36f08093, mode: 3, rs1_addr:  1, rs1_rdata: 6df56800, rs2_addr: 15, rs2_rdata: 00000000, rd_addr:  1, rd_wdata: ab7fbb6f, mem_addr: ab7fbb6f, mem_rdata: 00000000, mem_wdata: 00000000
ClkCycle:         61, pc_rdata: 000000e0, pc_wdata: 000000e4, insn: 00a09093, mode: 3, rs1_addr:  1, rs1_rdata: 6df56ff7, rs2_addr: 10, rs2_rdata: 00000000, rd_addr:  1, rd_wdata: feedbc00, mem_addr: feedbc00, mem_rdata: 00000000, mem_wdata: 00000000
ClkCycle:         62, pc_rdata: 000000e4, pc_wdata: 000000e8, insn: 2ad08093, mode: 3, rs1_addr:  1, rs1_rdata: ab7fb800, rs2_addr: 13, rs2_rdata: 00000000, rd_addr:  1, rd_wdata: feedbead, mem_addr: feedbead, mem_rdata: 00000000, mem_wdata: 00000000
ClkCycle:         63, pc_rdata: 000000e8, pc_wdata: 000000ec, insn: 0070d113, mode: 3, rs1_addr:  1, rs1_rdata: ab7fbb6f, rs2_addr:  7, rs2_rdata: 00000000, rd_addr:  2, rd_wdata: 5bfddb7d, mem_addr: 5bfddb7d, mem_rdata: 00000000, mem_wdata: 00000000
ClkCycle:         64, pc_rdata: 000000ec, pc_wdata: 000000f0, insn: 0390d793, mode: 3, rs1_addr:  1, rs1_rdata: feedbc00, rs2_addr: 25, rs2_rdata: 00000000, rd_addr: 15, rd_wdata: 76df56ff, mem_addr: 76df56ff, mem_rdata: 00000000, mem_wdata: 00000000
ClkCycle:         65, pc_rdata: 000000f0, pc_wdata: 000000f4, insn: 00f16133, mode: 3, rs1_addr:  2, rs1_rdata: 00000000, rs2_addr: 15, rs2_rdata: 00000000, rd_addr:  2, rd_wdata: 7fffdfff, mem_addr: 7fffdfff, mem_rdata: 00000000, mem_wdata: 76df56ff
ClkCycle:         66, pc_rdata: 000000f4, pc_wdata: 000000f8, insn: 00715193, mode: 3, rs1_addr:  2, rs1_rdata: 5bfddb7d, rs2_addr:  7, rs2_rdata: 00000000, rd_addr:  3, rd_wdata: feffffbf, mem_addr: feffffbf, mem_rdata: 00000000, mem_wdata: 00000000
ClkCycle:         67, pc_rdata: 000000f8, pc_wdata: 000000fc, insn: 03915793, mode: 3, rs1_addr:  2, rs1_rdata: 5bfddb7d, rs2_addr: 25, rs2_rdata: 00000000, rd_addr: 15, rd_wdata: feedbfbf, mem_addr: feedbfbf, mem_rdata: 00000000, mem_wdata: 00000000
ClkCycle:         68, pc_rdata: 000000fc, pc_wdata: 00000100, insn: 00f1e1b3, mode: 3, rs1_addr:  3, rs1_rdata: 00000000, rs2_addr: 15, rs2_rdata: 76df56ff, rd_addr:  3, rd_wdata: feffffbf, mem_addr: feffffbf, mem_rdata: 00000000, mem_wdata: feedbfbf
ClkCycle:         69, pc_rdata: 00000100, pc_wdata: 00000104, insn: 0071d213, mode: 3, rs1_addr:  3, rs1_rdata: feffffbf, rs2_addr:  7, rs2_rdata: 00000000, rd_addr:  4, rd_wdata: 6dfdffff, mem_addr: 6dfdffff, mem_rdata: 00000000, mem_wdata: 00000000
ClkCycle:         70, pc_rdata: 00000104, pc_wdata: 00000108, insn: 0391d793, mode: 3, rs1_addr:  3, rs1_rdata: feffffbf, rs2_addr: 25, rs2_rdata: 00000000, rd_addr: 15, rd_wdata: 01fddb7f, mem_addr: 01fddb7f, mem_rdata: 00000000, mem_wdata: 00000000
ClkCycle:         71, pc_rdata: 00000108, pc_wdata: 0000010c, insn: 00f26233, mode: 3, rs1_addr:  4, rs1_rdata: 00000000, rs2_addr: 15, rs2_rdata: feedbfbf, rd_addr:  4, rd_wdata: 6dfdffff, mem_addr: 6dfdffff, mem_rdata: 00000000, mem_wdata: 01fddb7f
ClkCycle:         72, pc_rdata: 0000010c, pc_wdata: 00000110, insn: 00725293, mode: 3, rs1_addr:  4, rs1_rdata: 6dfdffff, rs2_addr:  7, rs2_rdata: 00000000, rd_addr:  5, rd_wdata: eedbfbff, mem_addr: eedbfbff, mem_rdata: 00000000, mem_wdata: 00000000
ClkCycle:         73, pc_rdata: 00000110, pc_wdata: 00000114, insn: 03925793, mode: 3, rs1_addr:  4, rs1_rdata: 6dfdffff, rs2_addr: 25, rs2_rdata: 00000000, rd_addr: 15, rd_wdata: 0003fbb6, mem_addr: 0003fbb6, mem_rdata: 00000000, mem_wdata: 00000000
ClkCycle:         74, pc_rdata: 00000114, pc_wdata: 00000118, insn: 00f2e2b3, mode: 3, rs1_addr:  5, rs1_rdata: 00000000, rs2_addr: 15, rs2_rdata: 01fddb7f, rd_addr:  5, rd_wdata: eedbfbff, mem_addr: eedbfbff, mem_rdata: 00000000, mem_wdata: 0003fbb6
ClkCycle:         75, pc_rdata: 00000118, pc_wdata: 0000011c, insn: 0072d313, mode: 3, rs1_addr:  5, rs1_rdata: eedbfbff, rs2_addr:  7, rs2_rdata: 00000000, rd_addr:  6, rd_wdata: 1fddb7f7, mem_addr: 1fddb7f7, mem_rdata: 00000000, mem_wdata: 00000000
ClkCycle:         76, pc_rdata: 0000011c, pc_wdata: 00000120, insn: 0392d793, mode: 3, rs1_addr:  5, rs1_rdata: eedbfbff, rs2_addr: 25, rs2_rdata: 00000000, rd_addr: 15, rd_wdata: 000007f7, mem_addr: 000007f7, mem_rdata: 00000000, mem_wdata: 00000000
ClkCycle:         77, pc_rdata: 00000120, pc_wdata: 00000124, insn: 00f36333, mode: 3, rs1_addr:  6, rs1_rdata: 00000000, rs2_addr: 15, rs2_rdata: 0003fbb6, rd_addr:  6, rd_wdata: 1fddb7f7, mem_addr: 1fddb7f7, mem_rdata: 00000000, mem_wdata: 000007f7
ClkCycle:         78, pc_rdata: 00000124, pc_wdata: 00000128, insn: 00735393, mode: 3, rs1_addr:  6, rs1_rdata: 1fddb7f7, rs2_addr:  7, rs2_rdata: 00000000, rd_addr:  7, rd_wdata: 003fbb6f, mem_addr: 003fbb6f, mem_rdata: 00000000, mem_wdata: 00000000
ClkCycle:         79, pc_rdata: 00000128, pc_wdata: 0000012c, insn: 03935793, mode: 3, rs1_addr:  6, rs1_rdata: 1fddb7f7, rs2_addr: 25, rs2_rdata: 00000000, rd_addr: 15, rd_wdata: 0000000f, mem_addr: 0000000f, mem_rdata: 00000000, mem_wdata: 00000000
ClkCycle:         80, pc_rdata: 0000012c, pc_wdata: 00000130, insn: 00f3e3b3, mode: 3, rs1_addr:  7, rs1_rdata: 00000000, rs2_addr: 15, rs2_rdata: 000007f7, rd_addr:  7, rd_wdata: 003fbb6f, mem_addr: 003fbb6f, mem_rdata: 00000000, mem_wdata: 0000000f
ClkCycle:         81, pc_rdata: 00000130, pc_wdata: 00000134, insn: 0073d413, mode: 3, rs1_addr:  7, rs1_rdata: 003fbb6f, rs2_addr:  7, rs2_rdata: 003fbb6f, rd_addr:  8, rd_wdata: 00007f76, mem_addr: 00007f76, mem_rdata: 00000000, mem_wdata: 003fbb6f
ClkCycle:         82, pc_rdata: 00000134, pc_wdata: 00000138, insn: 0393d793, mode: 3, rs1_addr:  7, rs1_rdata: 003fbb6f, rs2_addr: 25, rs2_rdata: 00000000, rd_addr: 15, rd_wdata: 00000000, mem_addr: 00000000, mem_rdata: 00000000, mem_wdata: 00000000
ClkCycle:         83, pc_rdata: 00000138, pc_wdata: 0000013c, insn: 00f46433, mode: 3, rs1_addr:  8, rs1_rdata: 00000000, rs2_addr: 15, rs2_rdata: 0000000f, rd_addr:  8, rd_wdata: 00007f76, mem_addr: 00007f76, mem_rdata: 00000000, mem_wdata: 00000000
ClkCycle:         84, pc_rdata: 0000013c, pc_wdata: 00000140, insn: 00745493, mode: 3, rs1_addr:  8, rs1_rdata: 00007f76, rs2_addr:  7, rs2_rdata: 003fbb6f, rd_addr:  9, rd_wdata: 000000fe, mem_addr: 000000fe, mem_rdata: 00000000, mem_wdata: 003fbb6f
ClkCycle:         85, pc_rdata: 00000140, pc_wdata: 00000144, insn: 03945793, mode: 3, rs1_addr:  8, rs1_rdata: 00007f76, rs2_addr: 25, rs2_rdata: 00000000, rd_addr: 15, rd_wdata: 00000000, mem_addr: 00000000, mem_rdata: 00000000, mem_wdata: 00000000
ClkCycle:         86, pc_rdata: 00000144, pc_wdata: 00000148, insn: 00f4e4b3, mode: 3, rs1_addr:  9, rs1_rdata: 00000000, rs2_addr: 15, rs2_rdata: 00000000, rd_addr:  9, rd_wdata: 000000fe, mem_addr: 000000fe, mem_rdata: 00000000, mem_wdata: 00000000
ClkCycle:         87, pc_rdata: 00000148, pc_wdata: 0000014c, insn: 0074d513, mode: 3, rs1_addr:  9, rs1_rdata: 000000fe, rs2_addr:  7, rs2_rdata: 003fbb6f, rd_addr: 10, rd_wdata: 00000001, mem_addr: 00000001, mem_rdata: 00000000, mem_wdata: 003fbb6f
ClkCycle:         88, pc_rdata: 0000014c, pc_wdata: 00000150, insn: 0394d793, mode: 3, rs1_addr:  9, rs1_rdata: 000000fe, rs2_addr: 25, rs2_rdata: 00000000, rd_addr: 15, rd_wdata: 00000000, mem_addr: 00000000, mem_rdata: 00000000, mem_wdata: 00000000
ClkCycle:         89, pc_rdata: 00000150, pc_wdata: 00000154, insn: 00f56533, mode: 3, rs1_addr: 10, rs1_rdata: 00000000, rs2_addr: 15, rs2_rdata: 00000000, rd_addr: 10, rd_wdata: 00000001, mem_addr: 00000001, mem_rdata: 00000000, mem_wdata: 00000000
ClkCycle:         90, pc_rdata: 00000154, pc_wdata: 00000158, insn: 00755593, mode: 3, rs1_addr: 10, rs1_rdata: 00000001, rs2_addr:  7, rs2_rdata: 003fbb6f, rd_addr: 11, rd_wdata: 00000000, mem_addr: 00000000, mem_rdata: 00000000, mem_wdata: 003fbb6f
ClkCycle:         91, pc_rdata: 00000158, pc_wdata: 0000015c, insn: 03955793, mode: 3, rs1_addr: 10, rs1_rdata: 00000001, rs2_addr: 25, rs2_rdata: 00000000, rd_addr: 15, rd_wdata: 00000000, mem_addr: 00000000, mem_rdata: 00000000, mem_wdata: 00000000
ClkCycle:         92, pc_rdata: 0000015c, pc_wdata: 00000160, insn: 00f5e5b3, mode: 3, rs1_addr: 11, rs1_rdata: 00000000, rs2_addr: 15, rs2_rdata: 00000000, rd_addr: 11, rd_wdata: 00000000, mem_addr: 00000000, mem_rdata: 00000000, mem_wdata: 00000000
ClkCycle:         93, pc_rdata: 00000160, pc_wdata: 00000164, insn: 0075d613, mode: 3, rs1_addr: 11, rs1_rdata: 00000000, rs2_addr:  7, rs2_rdata: 003fbb6f, rd_addr: 12, rd_wdata: 00000000, mem_addr: 00000000, mem_rdata: 00000000, mem_wdata: 003fbb6f
ClkCycle:         94, pc_rdata: 00000164, pc_wdata: 00000168, insn: 0395d793, mode: 3, rs1_addr: 11, rs1_rdata: 00000000, rs2_addr: 25, rs2_rdata: 00000000, rd_addr: 15, rd_wdata: 00000000, mem_addr: 00000000, mem_rdata: 00000000, mem_wdata: 00000000
ClkCycle:         95, pc_rdata: 00000168, pc_wdata: 0000016c, insn: 00f66633, mode: 3, rs1_addr: 12, rs1_rdata: 00000000, rs2_addr: 15, rs2_rdata: 00000000, rd_addr: 12, rd_wdata: 00000000, mem_addr: 00000000, mem_rdata: 00000000, mem_wdata: 00000000
ClkCycle:         96, pc_rdata: 0000016c, pc_wdata: 00000170, insn: 00765693, mode: 3, rs1_addr: 12, rs1_rdata: 00000000, rs2_addr:  7, rs2_rdata: 003fbb6f, rd_addr: 13, rd_wdata: 00000000, mem_addr: 00000000, mem_rdata: 00000000, mem_wdata: 003fbb6f
ClkCycle:         97, pc_rdata: 00000170, pc_wdata: 00000174, insn: 03965793, mode: 3, rs1_addr: 12, rs1_rdata: 00000000, rs2_addr: 25, rs2_rdata: 00000000, rd_addr: 15, rd_wdata: 00000000, mem_addr: 00000000, mem_rdata: 00000000, mem_wdata: 00000000
ClkCycle:         98, pc_rdata: 00000174, pc_wdata: 00000178, insn: 00f6e6b3, mode: 3, rs1_addr: 13, rs1_rdata: 00000000, rs2_addr: 15, rs2_rdata: 00000000, rd_addr: 13, rd_wdata: 00000000, mem_addr: 00000000, mem_rdata: 00000000, mem_wdata: 00000000
ClkCycle:         99, pc_rdata: 00000178, pc_wdata: 0000017c, insn: 00000013, mode: 3, rs1_addr:  0, rs1_rdata: 00000000, rs2_addr:  0, rs2_rdata: 00000000, rd_addr:  0, rd_wdata: 00000000, mem_addr: 00000000, mem_rdata: 00000000, mem_wdata: 00000000
ClkCycle:        100, pc_rdata: 0000017c, pc_wdata: 00000180, insn: 00000013, mode: 3, rs1_addr:  0, rs1_rdata: 00000000, rs2_addr:  0, rs2_rdata: 00000000, rd_addr:  0, rd_wdata: 00000000, mem_addr: 00000000, mem_rdata: 00000000, mem_wdata: 00000000
ClkCycle:        101, pc_rdata: 00000180, pc_wdata: 00000184, insn: 00003097, mode: 3, rs1_addr:  0, rs1_rdata: 00000000, rs2_addr:  0, rs2_rdata: 00000000, rd_addr:  1, rd_wdata: 00003180, mem_addr: 00003180, mem_rdata: 00000000, mem_wdata: 00000000
ClkCycle:        102, pc_rdata: 00000184, pc_wdata: 00000188, insn: f9808093, mode: 3, rs1_addr:  1, rs1_rdata: feedbead, rs2_addr: 24, rs2_rdata: 0000007d, rd_addr:  1, rd_wdata: 00003118, mem_addr: 00003118, mem_rdata: 00000000, mem_wdata: 0000007d
ClkCycle:        103, pc_rdata: 00000188, pc_wdata: 0000018c, insn: 00000013, mode: 3, rs1_addr:  0, rs1_rdata: 00000000, rs2_addr:  0, rs2_rdata: 00000000, rd_addr:  0, rd_wdata: 00000000, mem_addr: 00000000, mem_rdata: 00000000, mem_wdata: 00000000
ClkCycle:        104, pc_rdata: 0000018c, pc_wdata: 00000190, insn: 00000013, mode: 3, rs1_addr:  0, rs1_rdata: 00000000, rs2_addr:  0, rs2_rdata: 00000000, rd_addr:  0, rd_wdata: 00000000, mem_addr: 00000000, mem_rdata: 00000000, mem_wdata: 00000000
ClkCycle:        105, pc_rdata: 00000190, pc_wdata: 00000194, insn: 00000013, mode: 3, rs1_addr:  0, rs1_rdata: 00000000, rs2_addr:  0, rs2_rdata: 00000000, rd_addr:  0, rd_wdata: 00000000, mem_addr: 00000000, mem_rdata: 00000000, mem_wdata: 00000000
ClkCycle:        106, pc_rdata: 00000194, pc_wdata: 00000198, insn: 00000013, mode: 3, rs1_addr:  0, rs1_rdata: 00000000, rs2_addr:  0, rs2_rdata: 00000000, rd_addr:  0, rd_wdata: 00000000, mem_addr: 00000000, mem_rdata: 00000000, mem_wdata: 00000000
ClkCycle:        107, pc_rdata: 00000198, pc_wdata: 0000019c, insn: 00000013, mode: 3, rs1_addr:  0, rs1_rdata: 00000000, rs2_addr:  0, rs2_rdata: 00000000, rd_addr:  0, rd_wdata: 00000000, mem_addr: 00000000, mem_rdata: 00000000, mem_wdata: 00000000
ClkCycle:        108, pc_rdata: 0000019c, pc_wdata: 000001a0, insn: 00000013, mode: 3, rs1_addr:  0, rs1_rdata: 00000000, rs2_addr:  0, rs2_rdata: 00000000, rd_addr:  0, rd_wdata: 00000000, mem_addr: 00000000, mem_rdata: 00000000, mem_wdata: 00000000
ClkCycle:        109, pc_rdata: 000001a0, pc_wdata: 000001a4, insn: fff00693, mode: 3, rs1_addr:  0, rs1_rdata: 00000000, rs2_addr: 31, rs2_rdata: 00000000, rd_addr: 13, rd_wdata: ffffffff, mem_addr: ffffffff, mem_rdata: 00000000, mem_wdata: 00000000
ClkCycle:        110, pc_rdata: 000001a4, pc_wdata: 000001a8, insn: 03f69693, mode: 3, rs1_addr: 13, rs1_rdata: 00000000, rs2_addr: 31, rs2_rdata: 00000000, rd_addr: 13, rd_wdata: 80000000, mem_addr: 80000000, mem_rdata: 00000000, mem_wdata: 00000000
ClkCycle:        111, pc_rdata: 000001a8, pc_wdata: 000001aa, insn: 01138786, mode: 3, rs1_addr:  0, rs1_rdata: 00000000, rs2_addr:  1, rs2_rdata: 00003118, rd_addr: 15, rd_wdata: 00003118, mem_addr: 00003118, mem_rdata: 00000000, mem_wdata: 00003118
ClkCycle:        112, pc_rdata: 000001aa, pc_wdata: 000001ae, insn: 01138786, mode: 3, rs1_addr:  0, rs1_rdata: 00000000, rs2_addr:  0, rs2_rdata: 00000000, rd_addr:  0, rd_wdata: 00000000, mem_addr: 00000000, mem_rdata: 00000000, mem_wdata: 00000000
ClkCycle:        113, pc_rdata: 000001ae, pc_wdata: 000001b2, insn: dfd44027, mode: 3, rs1_addr: 14, rs1_rdata: 00000000, rs2_addr:  2, rs2_rdata: 7fffdfff, rd_addr:  2, rd_wdata: 00000402, mem_addr: 00000402, mem_rdata: 00000000, mem_wdata: 7fffdfff
ClkCycle:        114, pc_rdata: 000001b2, pc_wdata: 000001b6, insn: dfd44027, mode: 3, rs1_addr:  0, rs1_rdata: 00000000, rs2_addr:  0, rs2_rdata: 00000000, rd_addr:  0, rd_wdata: 00000000, mem_addr: 00000000, mem_rdata: 00000000, mem_wdata: 00000000
7fffffff80000000
ClkCycle:        115, pc_rdata: 000001b6, pc_wdata: 000001b8, insn: 00000413, mode: 3, rs1_addr: 15, rs1_rdata: 00003118, rs2_addr: 13, rs2_rdata: 80000000, rd_addr: 28, rd_wdata: 00003154, mem_addr: 00003154, mem_rdata: 00000000, mem_wdata: 80000000
ClkCycle:        116, pc_rdata: 000001b8, pc_wdata: 000001bc, insn: 00000413, mode: 3, rs1_addr:  0, rs1_rdata: 00000000, rs2_addr:  0, rs2_rdata: 00000000, rd_addr:  8, rd_wdata: 00000000, mem_addr: 00000000, mem_rdata: 00000000, mem_wdata: 00000000
ClkCycle:        117, pc_rdata: 000001bc, pc_wdata: 000001c0, insn: 00808593, mode: 3, rs1_addr:  1, rs1_rdata: 00003118, rs2_addr:  8, rs2_rdata: 00007f76, rd_addr: 11, rd_wdata: 00003120, mem_addr: 00003120, mem_rdata: 00000000, mem_wdata: 00000000
ClkCycle:        118, pc_rdata: 000001c0, pc_wdata: 000001c4, insn: 02000113, mode: 3, rs1_addr:  0, rs1_rdata: 00000000, rs2_addr:  0, rs2_rdata: 00000000, rd_addr:  2, rd_wdata: 00000020, mem_addr: 00000020, mem_rdata: 00000000, mem_wdata: 00000000
ClkCycle:        119, pc_rdata: 000001c4, pc_wdata: 000001c8, insn: 402585b3, mode: 3, rs1_addr: 11, rs1_rdata: 00000000, rs2_addr:  2, rs2_rdata: 00000402, rd_addr: 11, rd_wdata: 00003100, mem_addr: 00003100, mem_rdata: 00000000, mem_wdata: 00000020
0000000000000000
ClkCycle:        120, pc_rdata: 000001c8, pc_wdata: 000001ca, insn: 0001d180, mode: 3, rs1_addr: 11, rs1_rdata: 00003120, rs2_addr:  8, rs2_rdata: 00000000, rd_addr:  0, rd_wdata: 00003120, mem_addr: 00003120, mem_rdata: 00000000, mem_wdata: 00000000
ClkCycle:        121, pc_rdata: 000001ca, pc_wdata: 000001ce, insn: 0001d180, mode: 3, rs1_addr:  0, rs1_rdata: 00000000, rs2_addr:  0, rs2_rdata: 00000000, rd_addr:  0, rd_wdata: 00000000, mem_addr: 00000000, mem_rdata: 00000000, mem_wdata: 00000000
ClkCycle:        122, pc_rdata: 000001ce, pc_wdata: 000001d0, insn: 5513fff0, mode: 3, rs1_addr:  0, rs1_rdata: 00000000, rs2_addr:  0, rs2_rdata: 00000000, rd_addr:  0, rd_wdata: 00000000, mem_addr: 00000000, mem_rdata: 00000000, mem_wdata: 00000000
0000000000000000
ClkCycle:        123, pc_rdata: 000001d0, pc_wdata: 000001d2, insn: 5513fff0, mode: 3, rs1_addr: 15, rs1_rdata: 00003118, rs2_addr: 12, rs2_rdata: 00000000, rd_addr: 28, rd_wdata: 00003194, mem_addr: 00003194, mem_rdata: 00000000, mem_wdata: 00000000
ClkCycle:        124, pc_rdata: 000001d2, pc_wdata: 000001d6, insn: 5513fff0, mode: 3, rs1_addr:  0, rs1_rdata: 00000000, rs2_addr:  0, rs2_rdata: 00000000, rd_addr:  0, rd_wdata: 00000000, mem_addr: 00000000, mem_rdata: 00000000, mem_wdata: 00000000
ClkCycle:        125, pc_rdata: 000001d6, pc_wdata: 000001da, insn: 01130100, mode: 3, rs1_addr:  0, rs1_rdata: 00000000, rs2_addr: 16, rs2_rdata: 7d5bfddb, rd_addr: 10, rd_wdata: 00000000, mem_addr: 00000000, mem_rdata: 00000000, mem_wdata: 7d5bfddb
ClkCycle:        126, pc_rdata: 000001da, pc_wdata: 000001de, insn: 01130100, mode: 3, rs1_addr:  0, rs1_rdata: 00000000, rs2_addr:  0, rs2_rdata: 00000000, rd_addr:  0, rd_wdata: 00000000, mem_addr: 00000000, mem_rdata: 00000000, mem_wdata: 00000000
ClkCycle:        127, pc_rdata: 000001de, pc_wdata: 000001e2, insn: cce84024, mode: 3, rs1_addr:  8, rs1_rdata: 00000000, rs2_addr:  2, rs2_rdata: 00000020, rd_addr:  2, rd_wdata: 00000402, mem_addr: 00000402, mem_rdata: 00000000, mem_wdata: 00000020
ClkCycle:        128, pc_rdata: 000001e2, pc_wdata: 000001e6, insn: cce84024, mode: 3, rs1_addr:  0, rs1_rdata: 00000000, rs2_addr:  0, rs2_rdata: 00000000, rd_addr:  0, rd_wdata: 00000000, mem_addr: 00000000, mem_rdata: 00000000, mem_wdata: 00000000
0000000000000000
ClkCycle:        129, pc_rdata: 000001e6, pc_wdata: 000001e8, insn: 00100613, mode: 3, rs1_addr:  9, rs1_rdata: 000000fe, rs2_addr: 10, rs2_rdata: 00000000, rd_addr: 28, rd_wdata: 0000015a, mem_addr: 0000015a, mem_rdata: 00000000, mem_wdata: 00000000
ClkCycle:        130, pc_rdata: 000001e8, pc_wdata: 000001ec, insn: 00100613, mode: 3, rs1_addr:  0, rs1_rdata: 00000000, rs2_addr:  1, rs2_rdata: 00003118, rd_addr: 12, rd_wdata: 00000001, mem_addr: 00000001, mem_rdata: 00000000, mem_wdata: 00003118
ClkCycle:        131, pc_rdata: 000001ec, pc_wdata: 000001f0, insn: 01808713, mode: 3, rs1_addr:  1, rs1_rdata: 00003118, rs2_addr: 24, rs2_rdata: 0000007d, rd_addr: 14, rd_wdata: 00003130, mem_addr: 00003130, mem_rdata: 00000000, mem_wdata: 0000007d
ClkCycle:        132, pc_rdata: 000001f0, pc_wdata: 000001f4, insn: 01c00113, mode: 3, rs1_addr:  0, rs1_rdata: 00000000, rs2_addr: 28, rs2_rdata: 00000000, rd_addr:  2, rd_wdata: 0000001c, mem_addr: 0000001c, mem_rdata: 00000000, mem_wdata: 00000000
ClkCycle:        133, pc_rdata: 000001f4, pc_wdata: 000001f8, insn: 40270733, mode: 3, rs1_addr: 14, rs1_rdata: 00000000, rs2_addr:  2, rs2_rdata: 00000402, rd_addr: 14, rd_wdata: 00003114, mem_addr: 00003114, mem_rdata: 00000000, mem_wdata: 0000001c
0000000000000001
ClkCycle:        134, pc_rdata: 000001f8, pc_wdata: 000001fa, insn: 0001cf50, mode: 3, rs1_addr: 14, rs1_rdata: 00003130, rs2_addr: 12, rs2_rdata: 00000001, rd_addr: 28, rd_wdata: 00003130, mem_addr: 00003130, mem_rdata: 00000000, mem_wdata: 00000001
ClkCycle:        135, pc_rdata: 000001fa, pc_wdata: 000001fe, insn: 0001cf50, mode: 3, rs1_addr:  0, rs1_rdata: 00000000, rs2_addr:  0, rs2_rdata: 00000000, rd_addr:  0, rd_wdata: 00000000, mem_addr: 00000000, mem_rdata: 00000000, mem_wdata: 00000000
ClkCycle:        136, pc_rdata: 000001fe, pc_wdata: 00000200, insn: 97930010, mode: 3, rs1_addr:  0, rs1_rdata: 00000000, rs2_addr:  0, rs2_rdata: 00000000, rd_addr:  0, rd_wdata: 00000000, mem_addr: 00000000, mem_rdata: 00000000, mem_wdata: 00000000
ClkCycle:        137, pc_rdata: 00000200, pc_wdata: 00000202, insn: 97930010, mode: 3, rs1_addr:  2, rs1_rdata: 0000001c, rs2_addr:  0, rs2_rdata: 00000000, rd_addr: 12, rd_wdata: 0000001c, mem_addr: 0000001c, mem_rdata: 00000000, mem_wdata: 00000000
ClkCycle:        138, pc_rdata: 00000202, pc_wdata: 00000206, insn: 97930010, mode: 3, rs1_addr:  0, rs1_rdata: 00000000, rs2_addr:  0, rs2_rdata: 00000000, rd_addr:  0, rd_wdata: 00000000, mem_addr: 00000000, mem_rdata: 00000000, mem_wdata: 00000000
ClkCycle:        139, pc_rdata: 00000206, pc_wdata: 0000020a, insn: 8693fff7, mode: 3, rs1_addr: 15, rs1_rdata: 00003118, rs2_addr: 31, rs2_rdata: 00000000, rd_addr: 15, rd_wdata: 00000000, mem_addr: 00000000, mem_rdata: 00000000, mem_wdata: 00000000
ClkCycle:        140, pc_rdata: 0000020a, pc_wdata: 0000020e, insn: 8693fff7, mode: 3, rs1_addr:  0, rs1_rdata: 00000000, rs2_addr:  0, rs2_rdata: 00000000, rd_addr:  0, rd_wdata: 00000000, mem_addr: 00000000, mem_rdata: 00000000, mem_wdata: 00000000
ClkCycle:        141, pc_rdata: 0000020e, pc_wdata: 00000212, insn: 86b30000, mode: 3, rs1_addr:  1, rs1_rdata: 00003118, rs2_addr:  0, rs2_rdata: 00000000, rd_addr: 13, rd_wdata: 00003118, mem_addr: 00003118, mem_rdata: 00000000, mem_wdata: 00000000
ClkCycle:        142, pc_rdata: 00000212, pc_wdata: 00000216, insn: 86b30000, mode: 3, rs1_addr:  0, rs1_rdata: 00000000, rs2_addr:  0, rs2_rdata: 00000000, rd_addr:  0, rd_wdata: 00000000, mem_addr: 00000000, mem_rdata: 00000000, mem_wdata: 00000000
ClkCycle:        143, pc_rdata: 00000216, pc_wdata: 0000021a, insn: 00010001, mode: 3, rs1_addr:  3, rs1_rdata: feffffbf, rs2_addr:  0, rs2_rdata: 00000000, rd_addr: 13, rd_wdata: feffffbf, mem_addr: feffffbf, mem_rdata: 00000000, mem_wdata: 00000000
ClkCycle:        144, pc_rdata: 0000021a, pc_wdata: 0000021e, insn: 00010001, mode: 3, rs1_addr:  0, rs1_rdata: 00000000, rs2_addr:  0, rs2_rdata: 00000000, rd_addr:  0, rd_wdata: 00000000, mem_addr: 00000000, mem_rdata: 00000000, mem_wdata: 00000000
ClkCycle:        145, pc_rdata: 0000021e, pc_wdata: 00000220, insn: 02808613, mode: 3, rs1_addr:  0, rs1_rdata: 00000000, rs2_addr:  0, rs2_rdata: 00000000, rd_addr:  0, rd_wdata: 00000000, mem_addr: 00000000, mem_rdata: 00000000, mem_wdata: 00000000
ClkCycle:        146, pc_rdata: 00000220, pc_wdata: 00000224, insn: 02808613, mode: 3, rs1_addr:  1, rs1_rdata: 00003118, rs2_addr:  8, rs2_rdata: 00000000, rd_addr: 12, rd_wdata: 00003140, mem_addr: 00003140, mem_rdata: 00000000, mem_wdata: 00000000
ClkCycle:        147, pc_rdata: 00000224, pc_wdata: 00000228, insn: 00c00113, mode: 3, rs1_addr:  0, rs1_rdata: 00000000, rs2_addr: 12, rs2_rdata: 0000001c, rd_addr:  2, rd_wdata: 0000000c, mem_addr: 0000000c, mem_rdata: 00000000, mem_wdata: 00003140
ClkCycle:        148, pc_rdata: 00000228, pc_wdata: 0000022c, insn: 40260633, mode: 3, rs1_addr: 12, rs1_rdata: 0000001c, rs2_addr:  2, rs2_rdata: 0000001c, rd_addr: 12, rd_wdata: 00003134, mem_addr: 00003134, mem_rdata: 00000000, mem_wdata: 0000000c
0000000100003100
ClkCycle:        149, pc_rdata: 0000022c, pc_wdata: 0000022e, insn: 0001c64c, mode: 3, rs1_addr: 12, rs1_rdata: 00003140, rs2_addr: 11, rs2_rdata: 00003100, rd_addr: 12, rd_wdata: 00003140, mem_addr: 00003140, mem_rdata: 00000000, mem_wdata: 00003100
ClkCycle:        150, pc_rdata: 0000022e, pc_wdata: 00000232, insn: 0001c64c, mode: 3, rs1_addr:  0, rs1_rdata: 00000000, rs2_addr:  0, rs2_rdata: 00000000, rd_addr:  0, rd_wdata: 00000000, mem_addr: 00000000, mem_rdata: 00000000, mem_wdata: 00000000
ClkCycle:        151, pc_rdata: 00000232, pc_wdata: 00000234, insn: 85130040, mode: 3, rs1_addr:  0, rs1_rdata: 00000000, rs2_addr:  0, rs2_rdata: 00000000, rd_addr:  0, rd_wdata: 00000000, mem_addr: 00000000, mem_rdata: 00000000, mem_wdata: 00000000
ClkCycle:        152, pc_rdata: 00000234, pc_wdata: 00000236, insn: 85130040, mode: 3, rs1_addr:  2, rs1_rdata: 0000000c, rs2_addr:  4, rs2_rdata: 6dfdffff, rd_addr:  8, rd_wdata: 00000010, mem_addr: 00000010, mem_rdata: 00000000, mem_wdata: 6dfdffff
ClkCycle:        153, pc_rdata: 00000236, pc_wdata: 0000023a, insn: 85130040, mode: 3, rs1_addr:  0, rs1_rdata: 00000000, rs2_addr:  0, rs2_rdata: 00000000, rd_addr:  0, rd_wdata: 00000000, mem_addr: 00000000, mem_rdata: 00000000, mem_wdata: 00000000
ClkCycle:        154, pc_rdata: 0000023a, pc_wdata: 0000023e, insn: 053306c0, mode: 3, rs1_addr:  1, rs1_rdata: 00003118, rs2_addr: 12, rs2_rdata: 00003134, rd_addr: 10, rd_wdata: 00003184, mem_addr: 00003184, mem_rdata: 00000000, mem_wdata: 00003134
ClkCycle:        155, pc_rdata: 0000023e, pc_wdata: 00000242, insn: 053306c0, mode: 3, rs1_addr:  0, rs1_rdata: 00000000, rs2_addr:  0, rs2_rdata: 00000000, rd_addr:  0, rd_wdata: 00000000, mem_addr: 00000000, mem_rdata: 00000000, mem_wdata: 00000000
ClkCycle:        156, pc_rdata: 00000242, pc_wdata: 00000246, insn: 00010001, mode: 3, rs1_addr:  2, rs1_rdata: 0000000c, rs2_addr:  0, rs2_rdata: 00000000, rd_addr: 10, rd_wdata: 0000000c, mem_addr: 0000000c, mem_rdata: 00000000, mem_wdata: 00000000
ClkCycle:        157, pc_rdata: 00000246, pc_wdata: 0000024a, insn: 00010001, mode: 3, rs1_addr:  0, rs1_rdata: 00000000, rs2_addr:  0, rs2_rdata: 00000000, rd_addr:  0, rd_wdata: 00000000, mem_addr: 00000000, mem_rdata: 00000000, mem_wdata: 00000000
ClkCycle:        158, pc_rdata: 0000024a, pc_wdata: 0000024c, insn: 03808413, mode: 3, rs1_addr:  0, rs1_rdata: 00000000, rs2_addr:  0, rs2_rdata: 00000000, rd_addr:  0, rd_wdata: 00000000, mem_addr: 00000000, mem_rdata: 00000000, mem_wdata: 00000000
ClkCycle:        159, pc_rdata: 0000024c, pc_wdata: 00000250, insn: 03808413, mode: 3, rs1_addr:  1, rs1_rdata: 00003118, rs2_addr: 24, rs2_rdata: 0000007d, rd_addr:  8, rd_wdata: 00003150, mem_addr: 00003150, mem_rdata: 00000000, mem_wdata: 0000007d
ClkCycle:        160, pc_rdata: 00000250, pc_wdata: 00000254, insn: 00000113, mode: 3, rs1_addr:  0, rs1_rdata: 00000000, rs2_addr:  0, rs2_rdata: 00000000, rd_addr:  2, rd_wdata: 00000000, mem_addr: 00000000, mem_rdata: 00000000, mem_wdata: 00000000
ClkCycle:        161, pc_rdata: 00000254, pc_wdata: 00000258, insn: 40240433, mode: 3, rs1_addr:  8, rs1_rdata: 00000010, rs2_addr:  2, rs2_rdata: 0000000c, rd_addr:  8, rd_wdata: 00003150, mem_addr: 00003150, mem_rdata: 00000000, mem_wdata: 00000000
00000000000000fe
ClkCycle:        162, pc_rdata: 00000258, pc_wdata: 0000025a, insn: 0001c004, mode: 3, rs1_addr:  8, rs1_rdata: 00003150, rs2_addr:  9, rs2_rdata: 000000fe, rd_addr:  0, rd_wdata: 00003150, mem_addr: 00003150, mem_rdata: 00000000, mem_wdata: 000000fe
ClkCycle:        163, pc_rdata: 0000025a, pc_wdata: 0000025e, insn: 0001c004, mode: 3, rs1_addr:  0, rs1_rdata: 00000000, rs2_addr:  0, rs2_rdata: 00000000, rd_addr:  0, rd_wdata: 00000000, mem_addr: 00000000, mem_rdata: 00000000, mem_wdata: 00000000
ClkCycle:        164, pc_rdata: 0000025e, pc_wdata: 00000260, insn: 85130100, mode: 3, rs1_addr:  0, rs1_rdata: 00000000, rs2_addr:  0, rs2_rdata: 00000000, rd_addr:  0, rd_wdata: 00000000, mem_addr: 00000000, mem_rdata: 00000000, mem_wdata: 00000000
ClkCycle:        165, pc_rdata: 00000260, pc_wdata: 00000262, insn: 85130100, mode: 3, rs1_addr:  2, rs1_rdata: 00000000, rs2_addr:  0, rs2_rdata: 00000000, rd_addr:  8, rd_wdata: 00000080, mem_addr: 00000080, mem_rdata: 00000000, mem_wdata: 00000000
ClkCycle:        166, pc_rdata: 00000262, pc_wdata: 00000266, insn: 85130100, mode: 3, rs1_addr:  0, rs1_rdata: 00000000, rs2_addr:  0, rs2_rdata: 00000000, rd_addr:  0, rd_wdata: 00000000, mem_addr: 00000000, mem_rdata: 00000000, mem_wdata: 00000000
ClkCycle:        167, pc_rdata: 00000266, pc_wdata: 0000026a, insn: 053300c0, mode: 3, rs1_addr:  1, rs1_rdata: 00003118, rs2_addr: 12, rs2_rdata: 00003134, rd_addr: 10, rd_wdata: 00003124, mem_addr: 00003124, mem_rdata: 00000000, mem_wdata: 00003134
ClkCycle:        168, pc_rdata: 0000026a, pc_wdata: 0000026e, insn: 053300c0, mode: 3, rs1_addr:  0, rs1_rdata: 00000000, rs2_addr:  0, rs2_rdata: 00000000, rd_addr:  0, rd_wdata: 00000000, mem_addr: 00000000, mem_rdata: 00000000, mem_wdata: 00000000
ClkCycle:        169, pc_rdata: 0000026e, pc_wdata: 00000272, insn: 00010001, mode: 3, rs1_addr:  2, rs1_rdata: 00000000, rs2_addr:  0, rs2_rdata: 00000000, rd_addr: 10, rd_wdata: 00000000, mem_addr: 00000000, mem_rdata: 00000000, mem_wdata: 00000000
ClkCycle:        170, pc_rdata: 00000272, pc_wdata: 00000276, insn: 00010001, mode: 3, rs1_addr:  0, rs1_rdata: 00000000, rs2_addr:  0, rs2_rdata: 00000000, rd_addr:  0, rd_wdata: 00000000, mem_addr: 00000000, mem_rdata: 00000000, mem_wdata: 00000000
ClkCycle:        171, pc_rdata: 00000276, pc_wdata: 00000278, insn: 04808513, mode: 3, rs1_addr:  0, rs1_rdata: 00000000, rs2_addr:  0, rs2_rdata: 00000000, rd_addr:  0, rd_wdata: 00000000, mem_addr: 00000000, mem_rdata: 00000000, mem_wdata: 00000000
ClkCycle:        172, pc_rdata: 00000278, pc_wdata: 0000027c, insn: 04808513, mode: 3, rs1_addr:  1, rs1_rdata: 00003118, rs2_addr:  8, rs2_rdata: 00000080, rd_addr: 10, rd_wdata: 00003160, mem_addr: 00003160, mem_rdata: 00000000, mem_wdata: 00000080
ClkCycle:        173, pc_rdata: 0000027c, pc_wdata: 00000280, insn: 07800113, mode: 3, rs1_addr:  0, rs1_rdata: 00000000, rs2_addr: 24, rs2_rdata: 0000007d, rd_addr:  2, rd_wdata: 00000078, mem_addr: 00000078, mem_rdata: 00000000, mem_wdata: 0000007d
ClkCycle:        174, pc_rdata: 00000280, pc_wdata: 00000284, insn: 40250533, mode: 3, rs1_addr: 10, rs1_rdata: 00000000, rs2_addr:  2, rs2_rdata: 00000000, rd_addr: 10, rd_wdata: 000030e8, mem_addr: 000030e8, mem_rdata: 00000000, mem_wdata: 00000078
0000000100003100
ClkCycle:        175, pc_rdata: 00000284, pc_wdata: 00000286, insn: 0001dd2c, mode: 3, rs1_addr: 10, rs1_rdata: 00003160, rs2_addr: 11, rs2_rdata: 00003100, rd_addr: 24, rd_wdata: 00003160, mem_addr: 00003160, mem_rdata: 00000000, mem_wdata: 00003100
ClkCycle:        176, pc_rdata: 00000286, pc_wdata: 0000028a, insn: 0001dd2c, mode: 3, rs1_addr:  0, rs1_rdata: 00000000, rs2_addr:  0, rs2_rdata: 00000000, rd_addr:  0, rd_wdata: 00000000, mem_addr: 00000000, mem_rdata: 00000000, mem_wdata: 00000000
ClkCycle:        177, pc_rdata: 0000028a, pc_wdata: 0000028c, insn: 85130400, mode: 3, rs1_addr:  0, rs1_rdata: 00000000, rs2_addr:  0, rs2_rdata: 00000000, rd_addr:  0, rd_wdata: 00000000, mem_addr: 00000000, mem_rdata: 00000000, mem_wdata: 00000000
ClkCycle:        178, pc_rdata: 0000028c, pc_wdata: 0000028e, insn: 85130400, mode: 3, rs1_addr:  2, rs1_rdata: 00000078, rs2_addr:  0, rs2_rdata: 00000000, rd_addr:  8, rd_wdata: 00000278, mem_addr: 00000278, mem_rdata: 00000000, mem_wdata: 00000000
ClkCycle:        179, pc_rdata: 0000028e, pc_wdata: 00000292, insn: 85130400, mode: 3, rs1_addr:  0, rs1_rdata: 00000000, rs2_addr:  0, rs2_rdata: 00000000, rd_addr:  0, rd_wdata: 00000000, mem_addr: 00000000, mem_rdata: 00000000, mem_wdata: 00000000
ClkCycle:        180, pc_rdata: 00000292, pc_wdata: 00000296, insn: 053304c0, mode: 3, rs1_addr:  1, rs1_rdata: 00003118, rs2_addr: 12, rs2_rdata: 00003134, rd_addr: 10, rd_wdata: 00003164, mem_addr: 00003164, mem_rdata: 00000000, mem_wdata: 00003134
ClkCycle:        181, pc_rdata: 00000296, pc_wdata: 0000029a, insn: 053304c0, mode: 3, rs1_addr:  0, rs1_rdata: 00000000, rs2_addr:  0, rs2_rdata: 00000000, rd_addr:  0, rd_wdata: 00000000, mem_addr: 00000000, mem_rdata: 00000000, mem_wdata: 00000000
ClkCycle:        182, pc_rdata: 0000029a, pc_wdata: 0000029e, insn: 00010001, mode: 3, rs1_addr:  2, rs1_rdata: 00000078, rs2_addr:  0, rs2_rdata: 00000000, rd_addr: 10, rd_wdata: 00000078, mem_addr: 00000078, mem_rdata: 00000000, mem_wdata: 00000000
ClkCycle:        183, pc_rdata: 0000029e, pc_wdata: 000002a2, insn: 00010001, mode: 3, rs1_addr:  0, rs1_rdata: 00000000, rs2_addr:  0, rs2_rdata: 00000000, rd_addr:  0, rd_wdata: 00000000, mem_addr: 00000000, mem_rdata: 00000000, mem_wdata: 00000000
ClkCycle:        184, pc_rdata: 000002a2, pc_wdata: 000002a4, insn: 05808513, mode: 3, rs1_addr:  0, rs1_rdata: 00000000, rs2_addr:  0, rs2_rdata: 00000000, rd_addr:  0, rd_wdata: 00000000, mem_addr: 00000000, mem_rdata: 00000000, mem_wdata: 00000000
ClkCycle:        185, pc_rdata: 000002a4, pc_wdata: 000002a8, insn: 05808513, mode: 3, rs1_addr:  1, rs1_rdata: 00003118, rs2_addr: 24, rs2_rdata: 0000007d, rd_addr: 10, rd_wdata: 00003170, mem_addr: 00003170, mem_rdata: 00000000, mem_wdata: 0000007d
ClkCycle:        186, pc_rdata: 000002a8, pc_wdata: 000002ac, insn: 04000113, mode: 3, rs1_addr:  0, rs1_rdata: 00000000, rs2_addr:  0, rs2_rdata: 00000000, rd_addr:  2, rd_wdata: 00000040, mem_addr: 00000040, mem_rdata: 00000000, mem_wdata: 00000000
ClkCycle:        187, pc_rdata: 000002ac, pc_wdata: 000002b0, insn: 40250533, mode: 3, rs1_addr: 10, rs1_rdata: 00000078, rs2_addr:  2, rs2_rdata: 00000078, rd_addr: 10, rd_wdata: 00003130, mem_addr: 00003130, mem_rdata: 00000000, mem_wdata: 00000040
0000000100003100
ClkCycle:        188, pc_rdata: 000002b0, pc_wdata: 000002b2, insn: 0001c12c, mode: 3, rs1_addr: 10, rs1_rdata: 00003170, rs2_addr: 11, rs2_rdata: 00003100, rd_addr:  0, rd_wdata: 00003170, mem_addr: 00003170, mem_rdata: 00000000, mem_wdata: 00003100
ClkCycle:        189, pc_rdata: 000002b2, pc_wdata: 000002b6, insn: 0001c12c, mode: 3, rs1_addr:  0, rs1_rdata: 00000000, rs2_addr:  0, rs2_rdata: 00000000, rd_addr:  0, rd_wdata: 00000000, mem_addr: 00000000, mem_rdata: 00000000, mem_wdata: 00000000
ClkCycle:        190, pc_rdata: 000002b6, pc_wdata: 000002b8, insn: 85131000, mode: 3, rs1_addr:  0, rs1_rdata: 00000000, rs2_addr:  0, rs2_rdata: 00000000, rd_addr:  0, rd_wdata: 00000000, mem_addr: 00000000, mem_rdata: 00000000, mem_wdata: 00000000
ClkCycle:        191, pc_rdata: 000002b8, pc_wdata: 000002ba, insn: 85131000, mode: 3, rs1_addr:  2, rs1_rdata: 00000040, rs2_addr:  0, rs2_rdata: 00000000, rd_addr:  8, rd_wdata: 00000060, mem_addr: 00000060, mem_rdata: 00000000, mem_wdata: 00000000
ClkCycle:        192, pc_rdata: 000002ba, pc_wdata: 000002be, insn: 85131000, mode: 3, rs1_addr:  0, rs1_rdata: 00000000, rs2_addr:  0, rs2_rdata: 00000000, rd_addr:  0, rd_wdata: 00000000, mem_addr: 00000000, mem_rdata: 00000000, mem_wdata: 00000000
ClkCycle:        193, pc_rdata: 000002be, pc_wdata: 000002c2, insn: 05330400, mode: 3, rs1_addr:  1, rs1_rdata: 00003118, rs2_addr:  0, rs2_rdata: 00000000, rd_addr: 10, rd_wdata: 00003158, mem_addr: 00003158, mem_rdata: 00000000, mem_wdata: 00000000
ClkCycle:        194, pc_rdata: 000002c2, pc_wdata: 000002c6, insn: 05330400, mode: 3, rs1_addr:  0, rs1_rdata: 00000000, rs2_addr:  0, rs2_rdata: 00000000, rd_addr:  0, rd_wdata: 00000000, mem_addr: 00000000, mem_rdata: 00000000, mem_wdata: 00000000
ClkCycle:        195, pc_rdata: 000002c6, pc_wdata: 000002ca, insn: 00010001, mode: 3, rs1_addr:  2, rs1_rdata: 00000040, rs2_addr:  0, rs2_rdata: 00000000, rd_addr: 10, rd_wdata: 00000040, mem_addr: 00000040, mem_rdata: 00000000, mem_wdata: 00000000
ClkCycle:        196, pc_rdata: 000002ca, pc_wdata: 000002ce, insn: 00010001, mode: 3, rs1_addr:  0, rs1_rdata: 00000000, rs2_addr:  0, rs2_rdata: 00000000, rd_addr:  0, rd_wdata: 00000000, mem_addr: 00000000, mem_rdata: 00000000, mem_wdata: 00000000
ClkCycle:        197, pc_rdata: 000002ce, pc_wdata: 000002d0, insn: 06808513, mode: 3, rs1_addr:  0, rs1_rdata: 00000000, rs2_addr:  0, rs2_rdata: 00000000, rd_addr:  0, rd_wdata: 00000000, mem_addr: 00000000, mem_rdata: 00000000, mem_wdata: 00000000
ClkCycle:        198, pc_rdata: 000002d0, pc_wdata: 000002d4, insn: 06808513, mode: 3, rs1_addr:  1, rs1_rdata: 00003118, rs2_addr:  8, rs2_rdata: 00000060, rd_addr: 10, rd_wdata: 00003180, mem_addr: 00003180, mem_rdata: 00000000, mem_wdata: 00000060
ClkCycle:        199, pc_rdata: 000002d4, pc_wdata: 000002d8, insn: 01000113, mode: 3, rs1_addr:  0, rs1_rdata: 00000000, rs2_addr: 16, rs2_rdata: 7d5bfddb, rd_addr:  2, rd_wdata: 00000010, mem_addr: 00000010, mem_rdata: 00000000, mem_wdata: 7d5bfddb
ClkCycle:        200, pc_rdata: 000002d8, pc_wdata: 000002dc, insn: 40250533, mode: 3, rs1_addr: 10, rs1_rdata: 00000040, rs2_addr:  2, rs2_rdata: 00000040, rd_addr: 10, rd_wdata: 00003170, mem_addr: 00003170, mem_rdata: 00000000, mem_wdata: 00000010
0000000100003100
ClkCycle:        201, pc_rdata: 000002dc, pc_wdata: 000002de, insn: 0001c90c, mode: 3, rs1_addr: 10, rs1_rdata: 00003180, rs2_addr: 11, rs2_rdata: 00003100, rd_addr: 16, rd_wdata: 00003180, mem_addr: 00003180, mem_rdata: 00000000, mem_wdata: 00003100
ClkCycle:        202, pc_rdata: 000002de, pc_wdata: 000002e2, insn: 0001c90c, mode: 3, rs1_addr:  0, rs1_rdata: 00000000, rs2_addr:  0, rs2_rdata: 00000000, rd_addr:  0, rd_wdata: 00000000, mem_addr: 00000000, mem_rdata: 00000000, mem_wdata: 00000000
ClkCycle:        203, pc_rdata: 000002e2, pc_wdata: 000002e4, insn: 85134000, mode: 3, rs1_addr:  0, rs1_rdata: 00000000, rs2_addr:  0, rs2_rdata: 00000000, rd_addr:  0, rd_wdata: 00000000, mem_addr: 00000000, mem_rdata: 00000000, mem_wdata: 00000000
ClkCycle:        204, pc_rdata: 000002e4, pc_wdata: 000002e6, insn: 85134000, mode: 3, rs1_addr:  8, rs1_rdata: 00000060, rs2_addr:  0, rs2_rdata: 00000000, rd_addr:  8, rd_wdata: 00000000, mem_addr: 00000060, mem_rdata: 00000000, mem_wdata: 00000000
ClkCycle:        205, pc_rdata: 000002e6, pc_wdata: 000002ea, insn: 85134000, mode: 3, rs1_addr:  0, rs1_rdata: 00000000, rs2_addr:  0, rs2_rdata: 00000000, rd_addr:  0, rd_wdata: 00000000, mem_addr: 00000000, mem_rdata: 00000000, mem_wdata: 00000000
ClkCycle:        206, pc_rdata: 000002ea, pc_wdata: 000002ee, insn: 053306c0, mode: 3, rs1_addr:  1, rs1_rdata: 00003118, rs2_addr: 12, rs2_rdata: 00003134, rd_addr: 10, rd_wdata: 00003184, mem_addr: 00003184, mem_rdata: 00000000, mem_wdata: 00003134
ClkCycle:        207, pc_rdata: 000002ee, pc_wdata: 000002f2, insn: 053306c0, mode: 3, rs1_addr:  0, rs1_rdata: 00000000, rs2_addr:  0, rs2_rdata: 00000000, rd_addr:  0, rd_wdata: 00000000, mem_addr: 00000000, mem_rdata: 00000000, mem_wdata: 00000000
ClkCycle:        208, pc_rdata: 000002f2, pc_wdata: 000002f6, insn: 00010001, mode: 3, rs1_addr:  2, rs1_rdata: 00000010, rs2_addr:  0, rs2_rdata: 00000000, rd_addr: 10, rd_wdata: 00000010, mem_addr: 00000010, mem_rdata: 00000000, mem_wdata: 00000000
ClkCycle:        209, pc_rdata: 000002f6, pc_wdata: 000002fa, insn: 00010001, mode: 3, rs1_addr:  0, rs1_rdata: 00000000, rs2_addr:  0, rs2_rdata: 00000000, rd_addr:  0, rd_wdata: 00000000, mem_addr: 00000000, mem_rdata: 00000000, mem_wdata: 00000000
ClkCycle:        210, pc_rdata: 000002fa, pc_wdata: 000002fc, insn: 00b59593, mode: 3, rs1_addr:  0, rs1_rdata: 00000000, rs2_addr:  0, rs2_rdata: 00000000, rd_addr:  0, rd_wdata: 00000000, mem_addr: 00000000, mem_rdata: 00000000, mem_wdata: 00000000
ClkCycle:        211, pc_rdata: 000002fc, pc_wdata: 00000300, insn: 00b59593, mode: 3, rs1_addr: 11, rs1_rdata: 00003100, rs2_addr: 11, rs2_rdata: 00003100, rd_addr: 11, rd_wdata: 01880000, mem_addr: 01880000, mem_rdata: 00000000, mem_wdata: 00003100
ClkCycle:        212, pc_rdata: 00000300, pc_wdata: 00000304, insn: 07808513, mode: 3, rs1_addr:  1, rs1_rdata: 00003118, rs2_addr: 24, rs2_rdata: 0000007d, rd_addr: 10, rd_wdata: 00003190, mem_addr: 00003190, mem_rdata: 00000000, mem_wdata: 0000007d
ClkCycle:        213, pc_rdata: 00000304, pc_wdata: 00000308, insn: 00800113, mode: 3, rs1_addr:  0, rs1_rdata: 00000000, rs2_addr:  8, rs2_rdata: 00000000, rd_addr:  2, rd_wdata: 00000008, mem_addr: 00000008, mem_rdata: 00000000, mem_wdata: 00000000
ClkCycle:        214, pc_rdata: 00000308, pc_wdata: 0000030c, insn: 40250533, mode: 3, rs1_addr: 10, rs1_rdata: 00000010, rs2_addr:  2, rs2_rdata: 00000010, rd_addr: 10, rd_wdata: 00003188, mem_addr: 00003188, mem_rdata: 00000000, mem_wdata: 00000008
0000080001880000
ClkCycle:        215, pc_rdata: 0000030c, pc_wdata: 0000030e, insn: 0001c50c, mode: 3, rs1_addr: 10, rs1_rdata: 00003190, rs2_addr: 11, rs2_rdata: 01880000, rd_addr:  8, rd_wdata: 00003190, mem_addr: 00003190, mem_rdata: 00000000, mem_wdata: 01880000
ClkCycle:        216, pc_rdata: 0000030e, pc_wdata: 00000312, insn: 0001c50c, mode: 3, rs1_addr:  0, rs1_rdata: 00000000, rs2_addr:  0, rs2_rdata: 00000000, rd_addr:  0, rd_wdata: 00000000, mem_addr: 00000000, mem_rdata: 00000000, mem_wdata: 00000000
ClkCycle:        217, pc_rdata: 00000312, pc_wdata: 00000314, insn: 95930010, mode: 3, rs1_addr:  0, rs1_rdata: 00000000, rs2_addr:  0, rs2_rdata: 00000000, rd_addr:  0, rd_wdata: 00000000, mem_addr: 00000000, mem_rdata: 00000000, mem_wdata: 00000000
ClkCycle:        218, pc_rdata: 00000314, pc_wdata: 00000316, insn: 95930010, mode: 3, rs1_addr:  2, rs1_rdata: 00000008, rs2_addr:  0, rs2_rdata: 00000000, rd_addr: 12, rd_wdata: 00000008, mem_addr: 00000008, mem_rdata: 00000000, mem_wdata: 00000000
ClkCycle:        219, pc_rdata: 00000316, pc_wdata: 0000031a, insn: 95930010, mode: 3, rs1_addr:  0, rs1_rdata: 00000000, rs2_addr:  0, rs2_rdata: 00000000, rd_addr:  0, rd_wdata: 00000000, mem_addr: 00000000, mem_rdata: 00000000, mem_wdata: 00000000
ClkCycle:        220, pc_rdata: 0000031a, pc_wdata: 0000031e, insn: 01130800, mode: 3, rs1_addr:  1, rs1_rdata: 00003118, rs2_addr:  0, rs2_rdata: 00000000, rd_addr: 11, rd_wdata: 00003118, mem_addr: 00003118, mem_rdata: 00000000, mem_wdata: 00000000
ClkCycle:        221, pc_rdata: 0000031e, pc_wdata: 00000322, insn: 01130800, mode: 3, rs1_addr:  0, rs1_rdata: 00000000, rs2_addr:  0, rs2_rdata: 00000000, rd_addr:  0, rd_wdata: 00000000, mem_addr: 00000000, mem_rdata: 00000000, mem_wdata: 00000000
ClkCycle:        222, pc_rdata: 00000322, pc_wdata: 00000326, insn: d10c4025, mode: 3, rs1_addr: 10, rs1_rdata: 00003188, rs2_addr:  2, rs2_rdata: 00000008, rd_addr:  2, rd_wdata: 0000358a, mem_addr: 0000358a, mem_rdata: 00000000, mem_wdata: 00000008
ClkCycle:        223, pc_rdata: 00000326, pc_wdata: 0000032a, insn: d10c4025, mode: 3, rs1_addr:  0, rs1_rdata: 00000000, rs2_addr:  0, rs2_rdata: 00000000, rd_addr:  0, rd_wdata: 00000000, mem_addr: 00000000, mem_rdata: 00000000, mem_wdata: 00000000
0000000100003118
ClkCycle:        224, pc_rdata: 0000032a, pc_wdata: 0000032c, insn: 00100593, mode: 3, rs1_addr: 10, rs1_rdata: 00003188, rs2_addr: 11, rs2_rdata: 00003118, rd_addr:  0, rd_wdata: 000031a8, mem_addr: 000031a8, mem_rdata: 00000000, mem_wdata: 00003118
ClkCycle:        225, pc_rdata: 0000032c, pc_wdata: 00000330, insn: 00100593, mode: 3, rs1_addr:  0, rs1_rdata: 00000000, rs2_addr:  1, rs2_rdata: 00003118, rd_addr: 11, rd_wdata: 00000001, mem_addr: 00000001, mem_rdata: 00000000, mem_wdata: 00003118
ClkCycle:        226, pc_rdata: 00000330, pc_wdata: 00000334, insn: 00d59593, mode: 3, rs1_addr: 11, rs1_rdata: 00003118, rs2_addr: 13, rs2_rdata: feffffbf, rd_addr: 11, rd_wdata: 00002000, mem_addr: 00002000, mem_rdata: 00000000, mem_wdata: feffffbf
ClkCycle:        227, pc_rdata: 00000334, pc_wdata: 00000338, insn: 08808513, mode: 3, rs1_addr:  1, rs1_rdata: 00003118, rs2_addr:  8, rs2_rdata: 00000000, rd_addr: 10, rd_wdata: 000031a0, mem_addr: 000031a0, mem_rdata: 00000000, mem_wdata: 00000000
ClkCycle:        228, pc_rdata: 00000338, pc_wdata: 0000033c, insn: 05400113, mode: 3, rs1_addr:  0, rs1_rdata: 00000000, rs2_addr: 20, rs2_rdata: d5bffdff, rd_addr:  2, rd_wdata: 00000054, mem_addr: 00000054, mem_rdata: 00000000, mem_wdata: d5bffdff
ClkCycle:        229, pc_rdata: 0000033c, pc_wdata: 00000340, insn: 40250533, mode: 3, rs1_addr: 10, rs1_rdata: 00003188, rs2_addr:  2, rs2_rdata: 0000358a, rd_addr: 10, rd_wdata: 0000314c, mem_addr: 0000314c, mem_rdata: 00000000, mem_wdata: 00000054
0000000000002000
ClkCycle:        230, pc_rdata: 00000340, pc_wdata: 00000342, insn: 0001c96c, mode: 3, rs1_addr: 10, rs1_rdata: 000031a0, rs2_addr: 11, rs2_rdata: 00002000, rd_addr: 20, rd_wdata: 000031a0, mem_addr: 000031a0, mem_rdata: 00000000, mem_wdata: 00002000
ClkCycle:        231, pc_rdata: 00000342, pc_wdata: 00000346, insn: 0001c96c, mode: 3, rs1_addr:  0, rs1_rdata: 00000000, rs2_addr:  0, rs2_rdata: 00000000, rd_addr:  0, rd_wdata: 00000000, mem_addr: 00000000, mem_rdata: 00000000, mem_wdata: 00000000
ClkCycle:        232, pc_rdata: 00000346, pc_wdata: 00000348, insn: 95930010, mode: 3, rs1_addr:  0, rs1_rdata: 00000000, rs2_addr:  0, rs2_rdata: 00000000, rd_addr:  0, rd_wdata: 00000000, mem_addr: 00000000, mem_rdata: 00000000, mem_wdata: 00000000
ClkCycle:        233, pc_rdata: 00000348, pc_wdata: 0000034a, insn: 95930010, mode: 3, rs1_addr:  2, rs1_rdata: 00000054, rs2_addr:  0, rs2_rdata: 00000000, rd_addr: 12, rd_wdata: 00000054, mem_addr: 00000054, mem_rdata: 00000000, mem_wdata: 00000000
ClkCycle:        234, pc_rdata: 0000034a, pc_wdata: 0000034e, insn: 95930010, mode: 3, rs1_addr:  0, rs1_rdata: 00000000, rs2_addr:  0, rs2_rdata: 00000000, rd_addr:  0, rd_wdata: 00000000, mem_addr: 00000000, mem_rdata: 00000000, mem_wdata: 00000000
ClkCycle:        235, pc_rdata: 0000034e, pc_wdata: 00000352, insn: 01130900, mode: 3, rs1_addr:  1, rs1_rdata: 00003118, rs2_addr: 16, rs2_rdata: 7d5bfddb, rd_addr: 11, rd_wdata: 31180000, mem_addr: 31180000, mem_rdata: 00000000, mem_wdata: 7d5bfddb
ClkCycle:        236, pc_rdata: 00000352, pc_wdata: 00000356, insn: 01130900, mode: 3, rs1_addr:  0, rs1_rdata: 00000000, rs2_addr:  0, rs2_rdata: 00000000, rd_addr:  0, rd_wdata: 00000000, mem_addr: 00000000, mem_rdata: 00000000, mem_wdata: 00000000
ClkCycle:        237, pc_rdata: 00000356, pc_wdata: 0000035a, insn: dd6c4025, mode: 3, rs1_addr: 10, rs1_rdata: 0000314c, rs2_addr:  2, rs2_rdata: 00000054, rd_addr:  2, rd_wdata: 0000354e, mem_addr: 0000354e, mem_rdata: 00000000, mem_wdata: 00000054
ClkCycle:        238, pc_rdata: 0000035a, pc_wdata: 0000035e, insn: dd6c4025, mode: 3, rs1_addr:  0, rs1_rdata: 00000000, rs2_addr:  0, rs2_rdata: 00000000, rd_addr:  0, rd_wdata: 00000000, mem_addr: 00000000, mem_rdata: 00000000, mem_wdata: 00000000
0001000031180000
ClkCycle:        239, pc_rdata: 0000035e, pc_wdata: 00000360, insn: 00100593, mode: 3, rs1_addr: 10, rs1_rdata: 0000314c, rs2_addr: 11, rs2_rdata: 31180000, rd_addr: 28, rd_wdata: 000031c8, mem_addr: 000031c8, mem_rdata: 00000000, mem_wdata: 31180000
ClkCycle:        240, pc_rdata: 00000360, pc_wdata: 00000364, insn: 00100593, mode: 3, rs1_addr:  0, rs1_rdata: 00000000, rs2_addr:  1, rs2_rdata: 00003118, rd_addr: 11, rd_wdata: 00000001, mem_addr: 00000001, mem_rdata: 00000000, mem_wdata: 00003118
ClkCycle:        241, pc_rdata: 00000364, pc_wdata: 00000368, insn: 00f59593, mode: 3, rs1_addr: 11, rs1_rdata: 31180000, rs2_addr: 15, rs2_rdata: 00000000, rd_addr: 11, rd_wdata: 00008000, mem_addr: 00008000, mem_rdata: 00000000, mem_wdata: 00000000
ClkCycle:        242, pc_rdata: 00000368, pc_wdata: 0000036c, insn: 09808513, mode: 3, rs1_addr:  1, rs1_rdata: 00003118, rs2_addr: 24, rs2_rdata: 0000007d, rd_addr: 10, rd_wdata: 000031b0, mem_addr: 000031b0, mem_rdata: 00000000, mem_wdata: 0000007d
ClkCycle:        243, pc_rdata: 0000036c, pc_wdata: 00000370, insn: 00800113, mode: 3, rs1_addr:  0, rs1_rdata: 00000000, rs2_addr:  8, rs2_rdata: 00000000, rd_addr:  2, rd_wdata: 00000008, mem_addr: 00000008, mem_rdata: 00000000, mem_wdata: 00000000
ClkCycle:        244, pc_rdata: 00000370, pc_wdata: 00000374, insn: 40250533, mode: 3, rs1_addr: 10, rs1_rdata: 0000314c, rs2_addr:  2, rs2_rdata: 0000354e, rd_addr: 10, rd_wdata: 000031a8, mem_addr: 000031a8, mem_rdata: 00000000, mem_wdata: 00000008
0000000000008000
ClkCycle:        245, pc_rdata: 00000374, pc_wdata: 00000376, insn: 0001c50c, mode: 3, rs1_addr: 10, rs1_rdata: 000031b0, rs2_addr: 11, rs2_rdata: 00008000, rd_addr:  8, rd_wdata: 000031b0, mem_addr: 000031b0, mem_rdata: 00000000, mem_wdata: 00008000
ClkCycle:        246, pc_rdata: 00000376, pc_wdata: 0000037a, insn: 0001c50c, mode: 3, rs1_addr:  0, rs1_rdata: 00000000, rs2_addr:  0, rs2_rdata: 00000000, rd_addr:  0, rd_wdata: 00000000, mem_addr: 00000000, mem_rdata: 00000000, mem_wdata: 00000000
ClkCycle:        247, pc_rdata: 0000037a, pc_wdata: 0000037c, insn: 95930010, mode: 3, rs1_addr:  0, rs1_rdata: 00000000, rs2_addr:  0, rs2_rdata: 00000000, rd_addr:  0, rd_wdata: 00000000, mem_addr: 00000000, mem_rdata: 00000000, mem_wdata: 00000000
ClkCycle:        248, pc_rdata: 0000037c, pc_wdata: 0000037e, insn: 95930010, mode: 3, rs1_addr:  2, rs1_rdata: 00000008, rs2_addr:  0, rs2_rdata: 00000000, rd_addr: 12, rd_wdata: 00000008, mem_addr: 00000008, mem_rdata: 00000000, mem_wdata: 00000000
ClkCycle:        249, pc_rdata: 0000037e, pc_wdata: 00000382, insn: 95930010, mode: 3, rs1_addr:  0, rs1_rdata: 00000000, rs2_addr:  0, rs2_rdata: 00000000, rd_addr:  0, rd_wdata: 00000000, mem_addr: 00000000, mem_rdata: 00000000, mem_wdata: 00000000
ClkCycle:        250, pc_rdata: 00000382, pc_wdata: 00000386, insn: 01130a00, mode: 3, rs1_addr:  1, rs1_rdata: 00003118, rs2_addr:  0, rs2_rdata: 00000000, rd_addr: 11, rd_wdata: 00003118, mem_addr: 00003118, mem_rdata: 00000000, mem_wdata: 00000000
ClkCycle:        251, pc_rdata: 00000386, pc_wdata: 0000038a, insn: 01130a00, mode: 3, rs1_addr:  0, rs1_rdata: 00000000, rs2_addr:  0, rs2_rdata: 00000000, rd_addr:  0, rd_wdata: 00000000, mem_addr: 00000000, mem_rdata: 00000000, mem_wdata: 00000000
ClkCycle:        252, pc_rdata: 0000038a, pc_wdata: 0000038e, insn: c90c4025, mode: 3, rs1_addr: 10, rs1_rdata: 000031a8, rs2_addr:  2, rs2_rdata: 00000008, rd_addr:  2, rd_wdata: 000035aa, mem_addr: 000035aa, mem_rdata: 00000000, mem_wdata: 00000008
ClkCycle:        253, pc_rdata: 0000038e, pc_wdata: 00000392, insn: c90c4025, mode: 3, rs1_addr:  0, rs1_rdata: 00000000, rs2_addr:  0, rs2_rdata: 00000000, rd_addr:  0, rd_wdata: 00000000, mem_addr: 00000000, mem_rdata: 00000000, mem_wdata: 00000000
0000000100003118
ClkCycle:        254, pc_rdata: 00000392, pc_wdata: 00000394, insn: 00100593, mode: 3, rs1_addr: 10, rs1_rdata: 000031a8, rs2_addr: 11, rs2_rdata: 00003118, rd_addr: 16, rd_wdata: 000031b8, mem_addr: 000031b8, mem_rdata: 00000000, mem_wdata: 00003118
ClkCycle:        255, pc_rdata: 00000394, pc_wdata: 00000398, insn: 00100593, mode: 3, rs1_addr:  0, rs1_rdata: 00000000, rs2_addr:  1, rs2_rdata: 00003118, rd_addr: 11, rd_wdata: 00000001, mem_addr: 00000001, mem_rdata: 00000000, mem_wdata: 00003118
ClkCycle:        256, pc_rdata: 00000398, pc_wdata: 0000039c, insn: 01159593, mode: 3, rs1_addr: 11, rs1_rdata: 00003118, rs2_addr: 17, rs2_rdata: bffeffff, rd_addr: 11, rd_wdata: 00020000, mem_addr: 00020000, mem_rdata: 00000000, mem_wdata: bffeffff
ClkCycle:        257, pc_rdata: 0000039c, pc_wdata: 000003a0, insn: 0a808513, mode: 3, rs1_addr:  1, rs1_rdata: 00003118, rs2_addr:  8, rs2_rdata: 00000000, rd_addr: 10, rd_wdata: 000031c0, mem_addr: 000031c0, mem_rdata: 00000000, mem_wdata: 00000000
ClkCycle:        258, pc_rdata: 000003a0, pc_wdata: 000003a4, insn: 00400113, mode: 3, rs1_addr:  0, rs1_rdata: 00000000, rs2_addr:  4, rs2_rdata: 6dfdffff, rd_addr:  2, rd_wdata: 00000004, mem_addr: 00000004, mem_rdata: 00000000, mem_wdata: 6dfdffff
ClkCycle:        259, pc_rdata: 000003a4, pc_wdata: 000003a8, insn: 40250533, mode: 3, rs1_addr: 10, rs1_rdata: 000031a8, rs2_addr:  2, rs2_rdata: 000035aa, rd_addr: 10, rd_wdata: 000031bc, mem_addr: 000031bc, mem_rdata: 00000000, mem_wdata: 00000004
0000000000020000
ClkCycle:        260, pc_rdata: 000003a8, pc_wdata: 000003aa, insn: 0001c14c, mode: 3, rs1_addr: 10, rs1_rdata: 000031c0, rs2_addr: 11, rs2_rdata: 00020000, rd_addr:  4, rd_wdata: 000031c0, mem_addr: 000031c0, mem_rdata: 00000000, mem_wdata: 00020000
ClkCycle:        261, pc_rdata: 000003aa, pc_wdata: 000003ae, insn: 0001c14c, mode: 3, rs1_addr:  0, rs1_rdata: 00000000, rs2_addr:  0, rs2_rdata: 00000000, rd_addr:  0, rd_wdata: 00000000, mem_addr: 00000000, mem_rdata: 00000000, mem_wdata: 00000000
ClkCycle:        262, pc_rdata: 000003ae, pc_wdata: 000003b0, insn: 95930010, mode: 3, rs1_addr:  0, rs1_rdata: 00000000, rs2_addr:  0, rs2_rdata: 00000000, rd_addr:  0, rd_wdata: 00000000, mem_addr: 00000000, mem_rdata: 00000000, mem_wdata: 00000000
ClkCycle:        263, pc_rdata: 000003b0, pc_wdata: 000003b2, insn: 95930010, mode: 3, rs1_addr:  2, rs1_rdata: 00000004, rs2_addr:  0, rs2_rdata: 00000000, rd_addr: 12, rd_wdata: 00000004, mem_addr: 00000004, mem_rdata: 00000000, mem_wdata: 00000000
ClkCycle:        264, pc_rdata: 000003b2, pc_wdata: 000003b6, insn: 95930010, mode: 3, rs1_addr:  0, rs1_rdata: 00000000, rs2_addr:  0, rs2_rdata: 00000000, rd_addr:  0, rd_wdata: 00000000, mem_addr: 00000000, mem_rdata: 00000000, mem_wdata: 00000000
ClkCycle:        265, pc_rdata: 000003b6, pc_wdata: 000003ba, insn: 01130b00, mode: 3, rs1_addr:  1, rs1_rdata: 00003118, rs2_addr: 16, rs2_rdata: 7d5bfddb, rd_addr: 11, rd_wdata: 31180000, mem_addr: 31180000, mem_rdata: 00000000, mem_wdata: 7d5bfddb
ClkCycle:        266, pc_rdata: 000003ba, pc_wdata: 000003be, insn: 01130b00, mode: 3, rs1_addr:  0, rs1_rdata: 00000000, rs2_addr:  0, rs2_rdata: 00000000, rd_addr:  0, rd_wdata: 00000000, mem_addr: 00000000, mem_rdata: 00000000, mem_wdata: 00000000
ClkCycle:        267, pc_rdata: 000003be, pc_wdata: 000003c2, insn: d90c4025, mode: 3, rs1_addr: 10, rs1_rdata: 000031bc, rs2_addr:  2, rs2_rdata: 00000004, rd_addr:  2, rd_wdata: 000035be, mem_addr: 000035be, mem_rdata: 00000000, mem_wdata: 00000004
ClkCycle:        268, pc_rdata: 000003c2, pc_wdata: 000003c6, insn: d90c4025, mode: 3, rs1_addr:  0, rs1_rdata: 00000000, rs2_addr:  0, rs2_rdata: 00000000, rd_addr:  0, rd_wdata: 00000000, mem_addr: 00000000, mem_rdata: 00000000, mem_wdata: 00000000
0001000031180000
ClkCycle:        269, pc_rdata: 000003c6, pc_wdata: 000003c8, insn: 00100593, mode: 3, rs1_addr: 10, rs1_rdata: 000031bc, rs2_addr: 11, rs2_rdata: 31180000, rd_addr: 16, rd_wdata: 000031ec, mem_addr: 000031ec, mem_rdata: 00000000, mem_wdata: 31180000
ClkCycle:        270, pc_rdata: 000003c8, pc_wdata: 000003cc, insn: 00100593, mode: 3, rs1_addr:  0, rs1_rdata: 00000000, rs2_addr:  1, rs2_rdata: 00003118, rd_addr: 11, rd_wdata: 00000001, mem_addr: 00000001, mem_rdata: 00000000, mem_wdata: 00003118
ClkCycle:        271, pc_rdata: 000003cc, pc_wdata: 000003d0, insn: 01359593, mode: 3, rs1_addr: 11, rs1_rdata: 31180000, rs2_addr: 19, rs2_rdata: dffeffff, rd_addr: 11, rd_wdata: 00080000, mem_addr: 00080000, mem_rdata: 00000000, mem_wdata: dffeffff
ClkCycle:        272, pc_rdata: 000003d0, pc_wdata: 000003d4, insn: 0b808513, mode: 3, rs1_addr:  1, rs1_rdata: 00003118, rs2_addr: 24, rs2_rdata: 0000007d, rd_addr: 10, rd_wdata: 000031d0, mem_addr: 000031d0, mem_rdata: 00000000, mem_wdata: 0000007d
ClkCycle:        273, pc_rdata: 000003d4, pc_wdata: 000003d8, insn: 03c00113, mode: 3, rs1_addr:  0, rs1_rdata: 00000000, rs2_addr: 28, rs2_rdata: 00000000, rd_addr:  2, rd_wdata: 0000003c, mem_addr: 0000003c, mem_rdata: 00000000, mem_wdata: 00000000
ClkCycle:        274, pc_rdata: 000003d8, pc_wdata: 000003dc, insn: 40250533, mode: 3, rs1_addr: 10, rs1_rdata: 000031bc, rs2_addr:  2, rs2_rdata: 000035be, rd_addr: 10, rd_wdata: 00003194, mem_addr: 00003194, mem_rdata: 00000000, mem_wdata: 0000003c
0000000000080000
ClkCycle:        275, pc_rdata: 000003dc, pc_wdata: 000003de, insn: 0001dd4c, mode: 3, rs1_addr: 10, rs1_rdata: 000031d0, rs2_addr: 11, rs2_rdata: 00080000, rd_addr: 28, rd_wdata: 000031d0, mem_addr: 000031d0, mem_rdata: 00000000, mem_wdata: 00080000
ClkCycle:        276, pc_rdata: 000003de, pc_wdata: 000003e2, insn: 0001dd4c, mode: 3, rs1_addr:  0, rs1_rdata: 00000000, rs2_addr:  0, rs2_rdata: 00000000, rd_addr:  0, rd_wdata: 00000000, mem_addr: 00000000, mem_rdata: 00000000, mem_wdata: 00000000
ClkCycle:        277, pc_rdata: 000003e2, pc_wdata: 000003e4, insn: 95930010, mode: 3, rs1_addr:  0, rs1_rdata: 00000000, rs2_addr:  0, rs2_rdata: 00000000, rd_addr:  0, rd_wdata: 00000000, mem_addr: 00000000, mem_rdata: 00000000, mem_wdata: 00000000
ClkCycle:        278, pc_rdata: 000003e4, pc_wdata: 000003e6, insn: 95930010, mode: 3, rs1_addr:  2, rs1_rdata: 0000003c, rs2_addr:  0, rs2_rdata: 00000000, rd_addr: 12, rd_wdata: 0000003c, mem_addr: 0000003c, mem_rdata: 00000000, mem_wdata: 00000000
ClkCycle:        279, pc_rdata: 000003e6, pc_wdata: 000003ea, insn: 95930010, mode: 3, rs1_addr:  0, rs1_rdata: 00000000, rs2_addr:  0, rs2_rdata: 00000000, rd_addr:  0, rd_wdata: 00000000, mem_addr: 00000000, mem_rdata: 00000000, mem_wdata: 00000000
ClkCycle:        280, pc_rdata: 000003ea, pc_wdata: 000003ee, insn: 01130c00, mode: 3, rs1_addr:  1, rs1_rdata: 00003118, rs2_addr:  0, rs2_rdata: 00000000, rd_addr: 11, rd_wdata: 00003118, mem_addr: 00003118, mem_rdata: 00000000, mem_wdata: 00000000
ClkCycle:        281, pc_rdata: 000003ee, pc_wdata: 000003f2, insn: 01130c00, mode: 3, rs1_addr:  0, rs1_rdata: 00000000, rs2_addr:  0, rs2_rdata: 00000000, rd_addr:  0, rd_wdata: 00000000, mem_addr: 00000000, mem_rdata: 00000000, mem_wdata: 00000000
ClkCycle:        282, pc_rdata: 000003f2, pc_wdata: 000003f6, insn: cd4c4025, mode: 3, rs1_addr: 10, rs1_rdata: 00003194, rs2_addr:  2, rs2_rdata: 0000003c, rd_addr:  2, rd_wdata: 00003596, mem_addr: 00003596, mem_rdata: 00000000, mem_wdata: 0000003c
ClkCycle:        283, pc_rdata: 000003f6, pc_wdata: 000003fa, insn: cd4c4025, mode: 3, rs1_addr:  0, rs1_rdata: 00000000, rs2_addr:  0, rs2_rdata: 00000000, rd_addr:  0, rd_wdata: 00000000, mem_addr: 00000000, mem_rdata: 00000000, mem_wdata: 00000000
0000000100003118
ClkCycle:        284, pc_rdata: 000003fa, pc_wdata: 000003fc, insn: 00100593, mode: 3, rs1_addr: 10, rs1_rdata: 00003194, rs2_addr: 11, rs2_rdata: 00003118, rd_addr: 28, rd_wdata: 000031b0, mem_addr: 000031b0, mem_rdata: 00000000, mem_wdata: 00003118
ClkCycle:        285, pc_rdata: 000003fc, pc_wdata: 00000400, insn: 00100593, mode: 3, rs1_addr:  0, rs1_rdata: 00000000, rs2_addr:  1, rs2_rdata: 00003118, rd_addr: 11, rd_wdata: 00000001, mem_addr: 00000001, mem_rdata: 00000000, mem_wdata: 00003118
ClkCycle:        286, pc_rdata: 00000400, pc_wdata: 00000404, insn: 01559593, mode: 3, rs1_addr: 11, rs1_rdata: 00003118, rs2_addr: 21, rs2_rdata: 0fab7ffb, rd_addr: 11, rd_wdata: 00200000, mem_addr: 00200000, mem_rdata: 00000000, mem_wdata: 0fab7ffb
ClkCycle:        287, pc_rdata: 00000404, pc_wdata: 00000408, insn: 0c808513, mode: 3, rs1_addr:  1, rs1_rdata: 00003118, rs2_addr:  8, rs2_rdata: 00000000, rd_addr: 10, rd_wdata: 000031e0, mem_addr: 000031e0, mem_rdata: 00000000, mem_wdata: 00000000
ClkCycle:        288, pc_rdata: 00000408, pc_wdata: 0000040c, insn: 03400113, mode: 3, rs1_addr:  0, rs1_rdata: 00000000, rs2_addr: 20, rs2_rdata: d5bffdff, rd_addr:  2, rd_wdata: 00000034, mem_addr: 00000034, mem_rdata: 00000000, mem_wdata: d5bffdff
ClkCycle:        289, pc_rdata: 0000040c, pc_wdata: 00000410, insn: 40250533, mode: 3, rs1_addr: 10, rs1_rdata: 00003194, rs2_addr:  2, rs2_rdata: 00003596, rd_addr: 10, rd_wdata: 000031ac, mem_addr: 000031ac, mem_rdata: 00000000, mem_wdata: 00000034
0000000000200000
ClkCycle:        290, pc_rdata: 00000410, pc_wdata: 00000412, insn: 0001d94c, mode: 3, rs1_addr: 10, rs1_rdata: 000031e0, rs2_addr: 11, rs2_rdata: 00200000, rd_addr: 20, rd_wdata: 000031e0, mem_addr: 000031e0, mem_rdata: 00000000, mem_wdata: 00200000
ClkCycle:        291, pc_rdata: 00000412, pc_wdata: 00000416, insn: 0001d94c, mode: 3, rs1_addr:  0, rs1_rdata: 00000000, rs2_addr:  0, rs2_rdata: 00000000, rd_addr:  0, rd_wdata: 00000000, mem_addr: 00000000, mem_rdata: 00000000, mem_wdata: 00000000
ClkCycle:        292, pc_rdata: 00000416, pc_wdata: 00000418, insn: 95930010, mode: 3, rs1_addr:  0, rs1_rdata: 00000000, rs2_addr:  0, rs2_rdata: 00000000, rd_addr:  0, rd_wdata: 00000000, mem_addr: 00000000, mem_rdata: 00000000, mem_wdata: 00000000
ClkCycle:        293, pc_rdata: 00000418, pc_wdata: 0000041a, insn: 95930010, mode: 3, rs1_addr:  2, rs1_rdata: 00000034, rs2_addr:  0, rs2_rdata: 00000000, rd_addr: 12, rd_wdata: 00000034, mem_addr: 00000034, mem_rdata: 00000000, mem_wdata: 00000000
ClkCycle:        294, pc_rdata: 0000041a, pc_wdata: 0000041e, insn: 95930010, mode: 3, rs1_addr:  0, rs1_rdata: 00000000, rs2_addr:  0, rs2_rdata: 00000000, rd_addr:  0, rd_wdata: 00000000, mem_addr: 00000000, mem_rdata: 00000000, mem_wdata: 00000000
ClkCycle:        295, pc_rdata: 0000041e, pc_wdata: 00000422, insn: 01130d00, mode: 3, rs1_addr:  1, rs1_rdata: 00003118, rs2_addr: 16, rs2_rdata: 7d5bfddb, rd_addr: 11, rd_wdata: 31180000, mem_addr: 31180000, mem_rdata: 00000000, mem_wdata: 7d5bfddb
ClkCycle:        296, pc_rdata: 00000422, pc_wdata: 00000426, insn: 01130d00, mode: 3, rs1_addr:  0, rs1_rdata: 00000000, rs2_addr:  0, rs2_rdata: 00000000, rd_addr:  0, rd_wdata: 00000000, mem_addr: 00000000, mem_rdata: 00000000, mem_wdata: 00000000
ClkCycle:        297, pc_rdata: 00000426, pc_wdata: 0000042a, insn: dd2c4025, mode: 3, rs1_addr: 10, rs1_rdata: 000031ac, rs2_addr:  2, rs2_rdata: 00000034, rd_addr:  2, rd_wdata: 000035ae, mem_addr: 000035ae, mem_rdata: 00000000, mem_wdata: 00000034
ClkCycle:        298, pc_rdata: 0000042a, pc_wdata: 0000042e, insn: dd2c4025, mode: 3, rs1_addr:  0, rs1_rdata: 00000000, rs2_addr:  0, rs2_rdata: 00000000, rd_addr:  0, rd_wdata: 00000000, mem_addr: 00000000, mem_rdata: 00000000, mem_wdata: 00000000
0001000031180000
ClkCycle:        299, pc_rdata: 0000042e, pc_wdata: 00000430, insn: 00100593, mode: 3, rs1_addr: 10, rs1_rdata: 000031ac, rs2_addr: 11, rs2_rdata: 31180000, rd_addr: 24, rd_wdata: 00003224, mem_addr: 00003224, mem_rdata: 00000000, mem_wdata: 31180000
ClkCycle:        300, pc_rdata: 00000430, pc_wdata: 00000434, insn: 00100593, mode: 3, rs1_addr:  0, rs1_rdata: 00000000, rs2_addr:  1, rs2_rdata: 00003118, rd_addr: 11, rd_wdata: 00000001, mem_addr: 00000001, mem_rdata: 00000000, mem_wdata: 00003118
ClkCycle:        301, pc_rdata: 00000434, pc_wdata: 00000438, insn: 01759593, mode: 3, rs1_addr: 11, rs1_rdata: 31180000, rs2_addr: 23, rs2_rdata: 00003ead, rd_addr: 11, rd_wdata: 00800000, mem_addr: 00800000, mem_rdata: 00000000, mem_wdata: 00003ead
ClkCycle:        302, pc_rdata: 00000438, pc_wdata: 0000043c, insn: 0d808513, mode: 3, rs1_addr:  1, rs1_rdata: 00003118, rs2_addr: 24, rs2_rdata: 0000007d, rd_addr: 10, rd_wdata: 000031f0, mem_addr: 000031f0, mem_rdata: 00000000, mem_wdata: 0000007d
ClkCycle:        303, pc_rdata: 0000043c, pc_wdata: 00000440, insn: 01800113, mode: 3, rs1_addr:  0, rs1_rdata: 00000000, rs2_addr: 24, rs2_rdata: 0000007d, rd_addr:  2, rd_wdata: 00000018, mem_addr: 00000018, mem_rdata: 00000000, mem_wdata: 0000007d
ClkCycle:        304, pc_rdata: 00000440, pc_wdata: 00000444, insn: 40250533, mode: 3, rs1_addr: 10, rs1_rdata: 000031ac, rs2_addr:  2, rs2_rdata: 000035ae, rd_addr: 10, rd_wdata: 000031d8, mem_addr: 000031d8, mem_rdata: 00000000, mem_wdata: 00000018
0000000000800000
ClkCycle:        305, pc_rdata: 00000444, pc_wdata: 00000446, insn: 0001cd0c, mode: 3, rs1_addr: 10, rs1_rdata: 000031f0, rs2_addr: 11, rs2_rdata: 00800000, rd_addr: 24, rd_wdata: 000031f0, mem_addr: 000031f0, mem_rdata: 00000000, mem_wdata: 00800000
ClkCycle:        306, pc_rdata: 00000446, pc_wdata: 0000044a, insn: 0001cd0c, mode: 3, rs1_addr:  0, rs1_rdata: 00000000, rs2_addr:  0, rs2_rdata: 00000000, rd_addr:  0, rd_wdata: 00000000, mem_addr: 00000000, mem_rdata: 00000000, mem_wdata: 00000000
ClkCycle:        307, pc_rdata: 0000044a, pc_wdata: 0000044c, insn: 95930010, mode: 3, rs1_addr:  0, rs1_rdata: 00000000, rs2_addr:  0, rs2_rdata: 00000000, rd_addr:  0, rd_wdata: 00000000, mem_addr: 00000000, mem_rdata: 00000000, mem_wdata: 00000000
ClkCycle:        308, pc_rdata: 0000044c, pc_wdata: 0000044e, insn: 95930010, mode: 3, rs1_addr:  2, rs1_rdata: 00000018, rs2_addr:  0, rs2_rdata: 00000000, rd_addr: 12, rd_wdata: 00000018, mem_addr: 00000018, mem_rdata: 00000000, mem_wdata: 00000000
ClkCycle:        309, pc_rdata: 0000044e, pc_wdata: 00000452, insn: 95930010, mode: 3, rs1_addr:  0, rs1_rdata: 00000000, rs2_addr:  0, rs2_rdata: 00000000, rd_addr:  0, rd_wdata: 00000000, mem_addr: 00000000, mem_rdata: 00000000, mem_wdata: 00000000
ClkCycle:        310, pc_rdata: 00000452, pc_wdata: 00000456, insn: 01130e00, mode: 3, rs1_addr:  1, rs1_rdata: 00003118, rs2_addr:  0, rs2_rdata: 00000000, rd_addr: 11, rd_wdata: 00003118, mem_addr: 00003118, mem_rdata: 00000000, mem_wdata: 00000000
ClkCycle:        311, pc_rdata: 00000456, pc_wdata: 0000045a, insn: 01130e00, mode: 3, rs1_addr:  0, rs1_rdata: 00000000, rs2_addr:  0, rs2_rdata: 00000000, rd_addr:  0, rd_wdata: 00000000, mem_addr: 00000000, mem_rdata: 00000000, mem_wdata: 00000000
ClkCycle:        312, pc_rdata: 0000045a, pc_wdata: 0000045e, insn: cd4c4025, mode: 3, rs1_addr: 10, rs1_rdata: 000031d8, rs2_addr:  2, rs2_rdata: 00000018, rd_addr:  2, rd_wdata: 000035da, mem_addr: 000035da, mem_rdata: 00000000, mem_wdata: 00000018
ClkCycle:        313, pc_rdata: 0000045e, pc_wdata: 00000462, insn: cd4c4025, mode: 3, rs1_addr:  0, rs1_rdata: 00000000, rs2_addr:  0, rs2_rdata: 00000000, rd_addr:  0, rd_wdata: 00000000, mem_addr: 00000000, mem_rdata: 00000000, mem_wdata: 00000000
0000000100003118
ClkCycle:        314, pc_rdata: 00000462, pc_wdata: 00000464, insn: 00100593, mode: 3, rs1_addr: 10, rs1_rdata: 000031d8, rs2_addr: 11, rs2_rdata: 00003118, rd_addr: 28, rd_wdata: 000031f4, mem_addr: 000031f4, mem_rdata: 00000000, mem_wdata: 00003118
ClkCycle:        315, pc_rdata: 00000464, pc_wdata: 00000468, insn: 00100593, mode: 3, rs1_addr:  0, rs1_rdata: 00000000, rs2_addr:  1, rs2_rdata: 00003118, rd_addr: 11, rd_wdata: 00000001, mem_addr: 00000001, mem_rdata: 00000000, mem_wdata: 00003118
ClkCycle:        316, pc_rdata: 00000468, pc_wdata: 0000046c, insn: 01959593, mode: 3, rs1_addr: 11, rs1_rdata: 00003118, rs2_addr: 25, rs2_rdata: 00000000, rd_addr: 11, rd_wdata: 02000000, mem_addr: 02000000, mem_rdata: 00000000, mem_wdata: 00000000
ClkCycle:        317, pc_rdata: 0000046c, pc_wdata: 00000470, insn: 0e808513, mode: 3, rs1_addr:  1, rs1_rdata: 00003118, rs2_addr:  8, rs2_rdata: 00000000, rd_addr: 10, rd_wdata: 00003200, mem_addr: 00003200, mem_rdata: 00000000, mem_wdata: 00000000
ClkCycle:        318, pc_rdata: 00000470, pc_wdata: 00000474, insn: 03c00113, mode: 3, rs1_addr:  0, rs1_rdata: 00000000, rs2_addr: 28, rs2_rdata: 00000000, rd_addr:  2, rd_wdata: 0000003c, mem_addr: 0000003c, mem_rdata: 00000000, mem_wdata: 00000000
ClkCycle:        319, pc_rdata: 00000474, pc_wdata: 00000478, insn: 40250533, mode: 3, rs1_addr: 10, rs1_rdata: 000031d8, rs2_addr:  2, rs2_rdata: 000035da, rd_addr: 10, rd_wdata: 000031c4, mem_addr: 000031c4, mem_rdata: 00000000, mem_wdata: 0000003c
0000000002000000
ClkCycle:        320, pc_rdata: 00000478, pc_wdata: 0000047a, insn: 0001dd4c, mode: 3, rs1_addr: 10, rs1_rdata: 00003200, rs2_addr: 11, rs2_rdata: 02000000, rd_addr: 28, rd_wdata: 00003200, mem_addr: 00003200, mem_rdata: 00000000, mem_wdata: 02000000
ClkCycle:        321, pc_rdata: 0000047a, pc_wdata: 0000047e, insn: 0001dd4c, mode: 3, rs1_addr:  0, rs1_rdata: 00000000, rs2_addr:  0, rs2_rdata: 00000000, rd_addr:  0, rd_wdata: 00000000, mem_addr: 00000000, mem_rdata: 00000000, mem_wdata: 00000000
ClkCycle:        322, pc_rdata: 0000047e, pc_wdata: 00000480, insn: 95930010, mode: 3, rs1_addr:  0, rs1_rdata: 00000000, rs2_addr:  0, rs2_rdata: 00000000, rd_addr:  0, rd_wdata: 00000000, mem_addr: 00000000, mem_rdata: 00000000, mem_wdata: 00000000
ClkCycle:        323, pc_rdata: 00000480, pc_wdata: 00000482, insn: 95930010, mode: 3, rs1_addr:  2, rs1_rdata: 0000003c, rs2_addr:  0, rs2_rdata: 00000000, rd_addr: 12, rd_wdata: 0000003c, mem_addr: 0000003c, mem_rdata: 00000000, mem_wdata: 00000000
ClkCycle:        324, pc_rdata: 00000482, pc_wdata: 00000486, insn: 95930010, mode: 3, rs1_addr:  0, rs1_rdata: 00000000, rs2_addr:  0, rs2_rdata: 00000000, rd_addr:  0, rd_wdata: 00000000, mem_addr: 00000000, mem_rdata: 00000000, mem_wdata: 00000000
ClkCycle:        325, pc_rdata: 00000486, pc_wdata: 0000048a, insn: 01130f00, mode: 3, rs1_addr:  1, rs1_rdata: 00003118, rs2_addr: 16, rs2_rdata: 7d5bfddb, rd_addr: 11, rd_wdata: 31180000, mem_addr: 31180000, mem_rdata: 00000000, mem_wdata: 7d5bfddb
ClkCycle:        326, pc_rdata: 0000048a, pc_wdata: 0000048e, insn: 01130f00, mode: 3, rs1_addr:  0, rs1_rdata: 00000000, rs2_addr:  0, rs2_rdata: 00000000, rd_addr:  0, rd_wdata: 00000000, mem_addr: 00000000, mem_rdata: 00000000, mem_wdata: 00000000
ClkCycle:        327, pc_rdata: 0000048e, pc_wdata: 00000492, insn: cd6c4025, mode: 3, rs1_addr: 10, rs1_rdata: 000031c4, rs2_addr:  2, rs2_rdata: 0000003c, rd_addr:  2, rd_wdata: 000035c6, mem_addr: 000035c6, mem_rdata: 00000000, mem_wdata: 0000003c
ClkCycle:        328, pc_rdata: 00000492, pc_wdata: 00000496, insn: cd6c4025, mode: 3, rs1_addr:  0, rs1_rdata: 00000000, rs2_addr:  0, rs2_rdata: 00000000, rd_addr:  0, rd_wdata: 00000000, mem_addr: 00000000, mem_rdata: 00000000, mem_wdata: 00000000
0001000031180000
ClkCycle:        329, pc_rdata: 00000496, pc_wdata: 00000498, insn: 00100593, mode: 3, rs1_addr: 10, rs1_rdata: 000031c4, rs2_addr: 11, rs2_rdata: 31180000, rd_addr: 28, rd_wdata: 00003220, mem_addr: 00003220, mem_rdata: 00000000, mem_wdata: 31180000
ClkCycle:        330, pc_rdata: 00000498, pc_wdata: 0000049c, insn: 00100593, mode: 3, rs1_addr:  0, rs1_rdata: 00000000, rs2_addr:  1, rs2_rdata: 00003118, rd_addr: 11, rd_wdata: 00000001, mem_addr: 00000001, mem_rdata: 00000000, mem_wdata: 00003118
ClkCycle:        331, pc_rdata: 0000049c, pc_wdata: 000004a0, insn: 01b59593, mode: 3, rs1_addr: 11, rs1_rdata: 31180000, rs2_addr: 27, rs2_rdata: 00000000, rd_addr: 11, rd_wdata: 08000000, mem_addr: 08000000, mem_rdata: 00000000, mem_wdata: 00000000
ClkCycle:        332, pc_rdata: 000004a0, pc_wdata: 000004a4, insn: 0f808513, mode: 3, rs1_addr:  1, rs1_rdata: 00003118, rs2_addr: 24, rs2_rdata: 0000007d, rd_addr: 10, rd_wdata: 00003210, mem_addr: 00003210, mem_rdata: 00000000, mem_wdata: 0000007d
ClkCycle:        333, pc_rdata: 000004a4, pc_wdata: 000004a8, insn: 00800113, mode: 3, rs1_addr:  0, rs1_rdata: 00000000, rs2_addr:  8, rs2_rdata: 00000000, rd_addr:  2, rd_wdata: 00000008, mem_addr: 00000008, mem_rdata: 00000000, mem_wdata: 00000000
ClkCycle:        334, pc_rdata: 000004a8, pc_wdata: 000004ac, insn: 40250533, mode: 3, rs1_addr: 10, rs1_rdata: 000031c4, rs2_addr:  2, rs2_rdata: 000035c6, rd_addr: 10, rd_wdata: 00003208, mem_addr: 00003208, mem_rdata: 00000000, mem_wdata: 00000008
0000000008000000
ClkCycle:        335, pc_rdata: 000004ac, pc_wdata: 000004ae, insn: 0001c50c, mode: 3, rs1_addr: 10, rs1_rdata: 00003210, rs2_addr: 11, rs2_rdata: 08000000, rd_addr:  8, rd_wdata: 00003210, mem_addr: 00003210, mem_rdata: 00000000, mem_wdata: 08000000
ClkCycle:        336, pc_rdata: 000004ae, pc_wdata: 000004b2, insn: 0001c50c, mode: 3, rs1_addr:  0, rs1_rdata: 00000000, rs2_addr:  0, rs2_rdata: 00000000, rd_addr:  0, rd_wdata: 00000000, mem_addr: 00000000, mem_rdata: 00000000, mem_wdata: 00000000
ClkCycle:        337, pc_rdata: 000004b2, pc_wdata: 000004b4, insn: 95930010, mode: 3, rs1_addr:  0, rs1_rdata: 00000000, rs2_addr:  0, rs2_rdata: 00000000, rd_addr:  0, rd_wdata: 00000000, mem_addr: 00000000, mem_rdata: 00000000, mem_wdata: 00000000
ClkCycle:        338, pc_rdata: 000004b4, pc_wdata: 000004b6, insn: 95930010, mode: 3, rs1_addr:  2, rs1_rdata: 00000008, rs2_addr:  0, rs2_rdata: 00000000, rd_addr: 12, rd_wdata: 00000008, mem_addr: 00000008, mem_rdata: 00000000, mem_wdata: 00000000
ClkCycle:        339, pc_rdata: 000004b6, pc_wdata: 000004ba, insn: 95930010, mode: 3, rs1_addr:  0, rs1_rdata: 00000000, rs2_addr:  0, rs2_rdata: 00000000, rd_addr:  0, rd_wdata: 00000000, mem_addr: 00000000, mem_rdata: 00000000, mem_wdata: 00000000
ClkCycle:        340, pc_rdata: 000004ba, pc_wdata: 000004be, insn: 01131000, mode: 3, rs1_addr:  1, rs1_rdata: 00003118, rs2_addr:  0, rs2_rdata: 00000000, rd_addr: 11, rd_wdata: 00003118, mem_addr: 00003118, mem_rdata: 00000000, mem_wdata: 00000000
ClkCycle:        341, pc_rdata: 000004be, pc_wdata: 000004c2, insn: 01131000, mode: 3, rs1_addr:  0, rs1_rdata: 00000000, rs2_addr:  0, rs2_rdata: 00000000, rd_addr:  0, rd_wdata: 00000000, mem_addr: 00000000, mem_rdata: 00000000, mem_wdata: 00000000
ClkCycle:        342, pc_rdata: 000004c2, pc_wdata: 000004c6, insn: dd6c4025, mode: 3, rs1_addr: 10, rs1_rdata: 00003208, rs2_addr:  2, rs2_rdata: 00000008, rd_addr:  2, rd_wdata: 0000360a, mem_addr: 0000360a, mem_rdata: 00000000, mem_wdata: 00000008
ClkCycle:        343, pc_rdata: 000004c6, pc_wdata: 000004ca, insn: dd6c4025, mode: 3, rs1_addr:  0, rs1_rdata: 00000000, rs2_addr:  0, rs2_rdata: 00000000, rd_addr:  0, rd_wdata: 00000000, mem_addr: 00000000, mem_rdata: 00000000, mem_wdata: 00000000
0000000100003118
ClkCycle:        344, pc_rdata: 000004ca, pc_wdata: 000004cc, insn: 00100593, mode: 3, rs1_addr: 10, rs1_rdata: 00003208, rs2_addr: 11, rs2_rdata: 00003118, rd_addr: 28, rd_wdata: 00003284, mem_addr: 00003284, mem_rdata: 00000000, mem_wdata: 00003118
ClkCycle:        345, pc_rdata: 000004cc, pc_wdata: 000004d0, insn: 00100593, mode: 3, rs1_addr:  0, rs1_rdata: 00000000, rs2_addr:  1, rs2_rdata: 00003118, rd_addr: 11, rd_wdata: 00000001, mem_addr: 00000001, mem_rdata: 00000000, mem_wdata: 00003118
ClkCycle:        346, pc_rdata: 000004d0, pc_wdata: 000004d4, insn: 01d59593, mode: 3, rs1_addr: 11, rs1_rdata: 00003118, rs2_addr: 29, rs2_rdata: 00000000, rd_addr: 11, rd_wdata: 20000000, mem_addr: 20000000, mem_rdata: 00000000, mem_wdata: 00000000
ClkCycle:        347, pc_rdata: 000004d4, pc_wdata: 000004d8, insn: 10808513, mode: 3, rs1_addr:  1, rs1_rdata: 00003118, rs2_addr:  8, rs2_rdata: 00000000, rd_addr: 10, rd_wdata: 00003220, mem_addr: 00003220, mem_rdata: 00000000, mem_wdata: 00000000
ClkCycle:        348, pc_rdata: 000004d8, pc_wdata: 000004dc, insn: 02400113, mode: 3, rs1_addr:  0, rs1_rdata: 00000000, rs2_addr:  4, rs2_rdata: 6dfdffff, rd_addr:  2, rd_wdata: 00000024, mem_addr: 00000024, mem_rdata: 00000000, mem_wdata: 6dfdffff
ClkCycle:        349, pc_rdata: 000004dc, pc_wdata: 000004e0, insn: 40250533, mode: 3, rs1_addr: 10, rs1_rdata: 00003208, rs2_addr:  2, rs2_rdata: 0000360a, rd_addr: 10, rd_wdata: 000031fc, mem_addr: 000031fc, mem_rdata: 00000000, mem_wdata: 00000024
0000000020000000
ClkCycle:        350, pc_rdata: 000004e0, pc_wdata: 000004e2, insn: 0001d14c, mode: 3, rs1_addr: 10, rs1_rdata: 00003220, rs2_addr: 11, rs2_rdata: 20000000, rd_addr:  4, rd_wdata: 00003220, mem_addr: 00003220, mem_rdata: 00000000, mem_wdata: 20000000
ClkCycle:        351, pc_rdata: 000004e2, pc_wdata: 000004e6, insn: 0001d14c, mode: 3, rs1_addr:  0, rs1_rdata: 00000000, rs2_addr:  0, rs2_rdata: 00000000, rd_addr:  0, rd_wdata: 00000000, mem_addr: 00000000, mem_rdata: 00000000, mem_wdata: 00000000
ClkCycle:        352, pc_rdata: 000004e6, pc_wdata: 000004e8, insn: 95930010, mode: 3, rs1_addr:  0, rs1_rdata: 00000000, rs2_addr:  0, rs2_rdata: 00000000, rd_addr:  0, rd_wdata: 00000000, mem_addr: 00000000, mem_rdata: 00000000, mem_wdata: 00000000
ClkCycle:        353, pc_rdata: 000004e8, pc_wdata: 000004ea, insn: 95930010, mode: 3, rs1_addr:  2, rs1_rdata: 00000024, rs2_addr:  0, rs2_rdata: 00000000, rd_addr: 12, rd_wdata: 00000024, mem_addr: 00000024, mem_rdata: 00000000, mem_wdata: 00000000
ClkCycle:        354, pc_rdata: 000004ea, pc_wdata: 000004ee, insn: 95930010, mode: 3, rs1_addr:  0, rs1_rdata: 00000000, rs2_addr:  0, rs2_rdata: 00000000, rd_addr:  0, rd_wdata: 00000000, mem_addr: 00000000, mem_rdata: 00000000, mem_wdata: 00000000
ClkCycle:        355, pc_rdata: 000004ee, pc_wdata: 000004f2, insn: 01131100, mode: 3, rs1_addr:  1, rs1_rdata: 00003118, rs2_addr: 16, rs2_rdata: 7d5bfddb, rd_addr: 11, rd_wdata: 31180000, mem_addr: 31180000, mem_rdata: 00000000, mem_wdata: 7d5bfddb
ClkCycle:        356, pc_rdata: 000004f2, pc_wdata: 000004f6, insn: 01131100, mode: 3, rs1_addr:  0, rs1_rdata: 00000000, rs2_addr:  0, rs2_rdata: 00000000, rd_addr:  0, rd_wdata: 00000000, mem_addr: 00000000, mem_rdata: 00000000, mem_wdata: 00000000
ClkCycle:        357, pc_rdata: 000004f6, pc_wdata: 000004fa, insn: d54c4025, mode: 3, rs1_addr: 10, rs1_rdata: 000031fc, rs2_addr:  2, rs2_rdata: 00000024, rd_addr:  2, rd_wdata: 000035fe, mem_addr: 000035fe, mem_rdata: 00000000, mem_wdata: 00000024
ClkCycle:        358, pc_rdata: 000004fa, pc_wdata: 000004fe, insn: d54c4025, mode: 3, rs1_addr:  0, rs1_rdata: 00000000, rs2_addr:  0, rs2_rdata: 00000000, rd_addr:  0, rd_wdata: 00000000, mem_addr: 00000000, mem_rdata: 00000000, mem_wdata: 00000000
0001000031180000
ClkCycle:        359, pc_rdata: 000004fe, pc_wdata: 00000500, insn: 00100593, mode: 3, rs1_addr: 10, rs1_rdata: 000031fc, rs2_addr: 11, rs2_rdata: 31180000, rd_addr: 12, rd_wdata: 00003228, mem_addr: 00003228, mem_rdata: 00000000, mem_wdata: 31180000
ClkCycle:        360, pc_rdata: 00000500, pc_wdata: 00000504, insn: 00100593, mode: 3, rs1_addr:  0, rs1_rdata: 00000000, rs2_addr:  1, rs2_rdata: 00003118, rd_addr: 11, rd_wdata: 00000001, mem_addr: 00000001, mem_rdata: 00000000, mem_wdata: 00003118
ClkCycle:        361, pc_rdata: 00000504, pc_wdata: 00000508, insn: 01f59593, mode: 3, rs1_addr: 11, rs1_rdata: 31180000, rs2_addr: 31, rs2_rdata: 00000000, rd_addr: 11, rd_wdata: 80000000, mem_addr: 80000000, mem_rdata: 00000000, mem_wdata: 00000000
ClkCycle:        362, pc_rdata: 00000508, pc_wdata: 0000050c, insn: 11808513, mode: 3, rs1_addr:  1, rs1_rdata: 00003118, rs2_addr: 24, rs2_rdata: 0000007d, rd_addr: 10, rd_wdata: 00003230, mem_addr: 00003230, mem_rdata: 00000000, mem_wdata: 0000007d
ClkCycle:        363, pc_rdata: 0000050c, pc_wdata: 00000510, insn: 00000113, mode: 3, rs1_addr:  0, rs1_rdata: 00000000, rs2_addr:  0, rs2_rdata: 00000000, rd_addr:  2, rd_wdata: 00000000, mem_addr: 00000000, mem_rdata: 00000000, mem_wdata: 00000000
ClkCycle:        364, pc_rdata: 00000510, pc_wdata: 00000514, insn: 40250533, mode: 3, rs1_addr: 10, rs1_rdata: 000031fc, rs2_addr:  2, rs2_rdata: 000035fe, rd_addr: 10, rd_wdata: 00003230, mem_addr: 00003230, mem_rdata: 00000000, mem_wdata: 00000000
0000000080000000
ClkCycle:        365, pc_rdata: 00000514, pc_wdata: 00000516, insn: 0001c10c, mode: 3, rs1_addr: 10, rs1_rdata: 00003230, rs2_addr: 11, rs2_rdata: 80000000, rd_addr:  0, rd_wdata: 00003230, mem_addr: 00003230, mem_rdata: 00000000, mem_wdata: 80000000
ClkCycle:        366, pc_rdata: 00000516, pc_wdata: 0000051a, insn: 0001c10c, mode: 3, rs1_addr:  0, rs1_rdata: 00000000, rs2_addr:  0, rs2_rdata: 00000000, rd_addr:  0, rd_wdata: 00000000, mem_addr: 00000000, mem_rdata: 00000000, mem_wdata: 00000000
ClkCycle:        367, pc_rdata: 0000051a, pc_wdata: 0000051c, insn: 95930010, mode: 3, rs1_addr:  0, rs1_rdata: 00000000, rs2_addr:  0, rs2_rdata: 00000000, rd_addr:  0, rd_wdata: 00000000, mem_addr: 00000000, mem_rdata: 00000000, mem_wdata: 00000000
ClkCycle:        368, pc_rdata: 0000051c, pc_wdata: 0000051e, insn: 95930010, mode: 3, rs1_addr:  2, rs1_rdata: 00000000, rs2_addr:  0, rs2_rdata: 00000000, rd_addr: 12, rd_wdata: 00000000, mem_addr: 00000000, mem_rdata: 00000000, mem_wdata: 00000000
ClkCycle:        369, pc_rdata: 0000051e, pc_wdata: 00000522, insn: 95930010, mode: 3, rs1_addr:  0, rs1_rdata: 00000000, rs2_addr:  0, rs2_rdata: 00000000, rd_addr:  0, rd_wdata: 00000000, mem_addr: 00000000, mem_rdata: 00000000, mem_wdata: 00000000
ClkCycle:        370, pc_rdata: 00000522, pc_wdata: 00000526, insn: 01131200, mode: 3, rs1_addr:  1, rs1_rdata: 00003118, rs2_addr:  0, rs2_rdata: 00000000, rd_addr: 11, rd_wdata: 00003118, mem_addr: 00003118, mem_rdata: 00000000, mem_wdata: 00000000
ClkCycle:        371, pc_rdata: 00000526, pc_wdata: 0000052a, insn: 01131200, mode: 3, rs1_addr:  0, rs1_rdata: 00000000, rs2_addr:  0, rs2_rdata: 00000000, rd_addr:  0, rd_wdata: 00000000, mem_addr: 00000000, mem_rdata: 00000000, mem_wdata: 00000000
ClkCycle:        372, pc_rdata: 0000052a, pc_wdata: 0000052e, insn: d10c4025, mode: 3, rs1_addr: 10, rs1_rdata: 00003230, rs2_addr:  2, rs2_rdata: 00000000, rd_addr:  2, rd_wdata: 00003632, mem_addr: 00003632, mem_rdata: 00000000, mem_wdata: 00000000
ClkCycle:        373, pc_rdata: 0000052e, pc_wdata: 00000532, insn: d10c4025, mode: 3, rs1_addr:  0, rs1_rdata: 00000000, rs2_addr:  0, rs2_rdata: 00000000, rd_addr:  0, rd_wdata: 00000000, mem_addr: 00000000, mem_rdata: 00000000, mem_wdata: 00000000
0000000100003118
ClkCycle:        374, pc_rdata: 00000532, pc_wdata: 00000534, insn: 00100593, mode: 3, rs1_addr: 10, rs1_rdata: 00003230, rs2_addr: 11, rs2_rdata: 00003118, rd_addr:  0, rd_wdata: 00003250, mem_addr: 00003250, mem_rdata: 00000000, mem_wdata: 00003118
ClkCycle:        375, pc_rdata: 00000534, pc_wdata: 00000538, insn: 00100593, mode: 3, rs1_addr:  0, rs1_rdata: 00000000, rs2_addr:  1, rs2_rdata: 00003118, rd_addr: 11, rd_wdata: 00000001, mem_addr: 00000001, mem_rdata: 00000000, mem_wdata: 00003118
ClkCycle:        376, pc_rdata: 00000538, pc_wdata: 0000053c, insn: 02159593, mode: 3, rs1_addr: 11, rs1_rdata: 00003118, rs2_addr:  1, rs2_rdata: 00003118, rd_addr: 11, rd_wdata: 00000002, mem_addr: 00000002, mem_rdata: 00000000, mem_wdata: 00003118
ClkCycle:        377, pc_rdata: 0000053c, pc_wdata: 00000540, insn: 12808513, mode: 3, rs1_addr:  1, rs1_rdata: 00003118, rs2_addr:  8, rs2_rdata: 00000000, rd_addr: 10, rd_wdata: 00003240, mem_addr: 00003240, mem_rdata: 00000000, mem_wdata: 00000000
ClkCycle:        378, pc_rdata: 00000540, pc_wdata: 00000544, insn: 07400113, mode: 3, rs1_addr:  0, rs1_rdata: 00000000, rs2_addr: 20, rs2_rdata: d5bffdff, rd_addr:  2, rd_wdata: 00000074, mem_addr: 00000074, mem_rdata: 00000000, mem_wdata: d5bffdff
ClkCycle:        379, pc_rdata: 00000544, pc_wdata: 00000548, insn: 40250533, mode: 3, rs1_addr: 10, rs1_rdata: 00003230, rs2_addr:  2, rs2_rdata: 00003632, rd_addr: 10, rd_wdata: 000031cc, mem_addr: 000031cc, mem_rdata: 00000000, mem_wdata: 00000074
0000000000000002
ClkCycle:        380, pc_rdata: 00000548, pc_wdata: 0000054a, insn: 0001d96c, mode: 3, rs1_addr: 10, rs1_rdata: 00003240, rs2_addr: 11, rs2_rdata: 00000002, rd_addr: 20, rd_wdata: 00003240, mem_addr: 00003240, mem_rdata: 00000000, mem_wdata: 00000002
ClkCycle:        381, pc_rdata: 0000054a, pc_wdata: 0000054e, insn: 0001d96c, mode: 3, rs1_addr:  0, rs1_rdata: 00000000, rs2_addr:  0, rs2_rdata: 00000000, rd_addr:  0, rd_wdata: 00000000, mem_addr: 00000000, mem_rdata: 00000000, mem_wdata: 00000000
ClkCycle:        382, pc_rdata: 0000054e, pc_wdata: 00000550, insn: 95930010, mode: 3, rs1_addr:  0, rs1_rdata: 00000000, rs2_addr:  0, rs2_rdata: 00000000, rd_addr:  0, rd_wdata: 00000000, mem_addr: 00000000, mem_rdata: 00000000, mem_wdata: 00000000
ClkCycle:        383, pc_rdata: 00000550, pc_wdata: 00000552, insn: 95930010, mode: 3, rs1_addr:  2, rs1_rdata: 00000074, rs2_addr:  0, rs2_rdata: 00000000, rd_addr: 12, rd_wdata: 00000074, mem_addr: 00000074, mem_rdata: 00000000, mem_wdata: 00000000
ClkCycle:        384, pc_rdata: 00000552, pc_wdata: 00000556, insn: 95930010, mode: 3, rs1_addr:  0, rs1_rdata: 00000000, rs2_addr:  0, rs2_rdata: 00000000, rd_addr:  0, rd_wdata: 00000000, mem_addr: 00000000, mem_rdata: 00000000, mem_wdata: 00000000
ClkCycle:        385, pc_rdata: 00000556, pc_wdata: 0000055a, insn: 01131300, mode: 3, rs1_addr:  1, rs1_rdata: 00003118, rs2_addr: 16, rs2_rdata: 7d5bfddb, rd_addr: 11, rd_wdata: 31180000, mem_addr: 31180000, mem_rdata: 00000000, mem_wdata: 7d5bfddb
ClkCycle:        386, pc_rdata: 0000055a, pc_wdata: 0000055e, insn: 01131300, mode: 3, rs1_addr:  0, rs1_rdata: 00000000, rs2_addr:  0, rs2_rdata: 00000000, rd_addr:  0, rd_wdata: 00000000, mem_addr: 00000000, mem_rdata: 00000000, mem_wdata: 00000000
ClkCycle:        387, pc_rdata: 0000055e, pc_wdata: 00000562, insn: cd0c4025, mode: 3, rs1_addr: 10, rs1_rdata: 000031cc, rs2_addr:  2, rs2_rdata: 00000074, rd_addr:  2, rd_wdata: 000035ce, mem_addr: 000035ce, mem_rdata: 00000000, mem_wdata: 00000074
ClkCycle:        388, pc_rdata: 00000562, pc_wdata: 00000566, insn: cd0c4025, mode: 3, rs1_addr:  0, rs1_rdata: 00000000, rs2_addr:  0, rs2_rdata: 00000000, rd_addr:  0, rd_wdata: 00000000, mem_addr: 00000000, mem_rdata: 00000000, mem_wdata: 00000000
0001000031180000
ClkCycle:        389, pc_rdata: 00000566, pc_wdata: 00000568, insn: 00100593, mode: 3, rs1_addr: 10, rs1_rdata: 000031cc, rs2_addr: 11, rs2_rdata: 31180000, rd_addr: 24, rd_wdata: 000031e4, mem_addr: 000031e4, mem_rdata: 00000000, mem_wdata: 31180000
ClkCycle:        390, pc_rdata: 00000568, pc_wdata: 0000056c, insn: 00100593, mode: 3, rs1_addr:  0, rs1_rdata: 00000000, rs2_addr:  1, rs2_rdata: 00003118, rd_addr: 11, rd_wdata: 00000001, mem_addr: 00000001, mem_rdata: 00000000, mem_wdata: 00003118
ClkCycle:        391, pc_rdata: 0000056c, pc_wdata: 00000570, insn: 02359593, mode: 3, rs1_addr: 11, rs1_rdata: 31180000, rs2_addr:  3, rs2_rdata: feffffbf, rd_addr: 11, rd_wdata: 00000008, mem_addr: 00000008, mem_rdata: 00000000, mem_wdata: feffffbf
ClkCycle:        392, pc_rdata: 00000570, pc_wdata: 00000574, insn: 13808513, mode: 3, rs1_addr:  1, rs1_rdata: 00003118, rs2_addr: 24, rs2_rdata: 0000007d, rd_addr: 10, rd_wdata: 00003250, mem_addr: 00003250, mem_rdata: 00000000, mem_wdata: 0000007d
ClkCycle:        393, pc_rdata: 00000574, pc_wdata: 00000578, insn: 01c00113, mode: 3, rs1_addr:  0, rs1_rdata: 00000000, rs2_addr: 28, rs2_rdata: 00000000, rd_addr:  2, rd_wdata: 0000001c, mem_addr: 0000001c, mem_rdata: 00000000, mem_wdata: 00000000
ClkCycle:        394, pc_rdata: 00000578, pc_wdata: 0000057c, insn: 40250533, mode: 3, rs1_addr: 10, rs1_rdata: 000031cc, rs2_addr:  2, rs2_rdata: 000035ce, rd_addr: 10, rd_wdata: 00003234, mem_addr: 00003234, mem_rdata: 00000000, mem_wdata: 0000001c
0000000000000008
ClkCycle:        395, pc_rdata: 0000057c, pc_wdata: 0000057e, insn: 0001cd4c, mode: 3, rs1_addr: 10, rs1_rdata: 00003250, rs2_addr: 11, rs2_rdata: 00000008, rd_addr: 28, rd_wdata: 00003250, mem_addr: 00003250, mem_rdata: 00000000, mem_wdata: 00000008
ClkCycle:        396, pc_rdata: 0000057e, pc_wdata: 00000582, insn: 0001cd4c, mode: 3, rs1_addr:  0, rs1_rdata: 00000000, rs2_addr:  0, rs2_rdata: 00000000, rd_addr:  0, rd_wdata: 00000000, mem_addr: 00000000, mem_rdata: 00000000, mem_wdata: 00000000
ClkCycle:        397, pc_rdata: 00000582, pc_wdata: 00000584, insn: 95930010, mode: 3, rs1_addr:  0, rs1_rdata: 00000000, rs2_addr:  0, rs2_rdata: 00000000, rd_addr:  0, rd_wdata: 00000000, mem_addr: 00000000, mem_rdata: 00000000, mem_wdata: 00000000
ClkCycle:        398, pc_rdata: 00000584, pc_wdata: 00000586, insn: 95930010, mode: 3, rs1_addr:  2, rs1_rdata: 0000001c, rs2_addr:  0, rs2_rdata: 00000000, rd_addr: 12, rd_wdata: 0000001c, mem_addr: 0000001c, mem_rdata: 00000000, mem_wdata: 00000000
ClkCycle:        399, pc_rdata: 00000586, pc_wdata: 0000058a, insn: 95930010, mode: 3, rs1_addr:  0, rs1_rdata: 00000000, rs2_addr:  0, rs2_rdata: 00000000, rd_addr:  0, rd_wdata: 00000000, mem_addr: 00000000, mem_rdata: 00000000, mem_wdata: 00000000
ClkCycle:        400, pc_rdata: 0000058a, pc_wdata: 0000058e, insn: 01131400, mode: 3, rs1_addr:  1, rs1_rdata: 00003118, rs2_addr:  0, rs2_rdata: 00000000, rd_addr: 11, rd_wdata: 00003118, mem_addr: 00003118, mem_rdata: 00000000, mem_wdata: 00000000
ClkCycle:        401, pc_rdata: 0000058e, pc_wdata: 00000592, insn: 01131400, mode: 3, rs1_addr:  0, rs1_rdata: 00000000, rs2_addr:  0, rs2_rdata: 00000000, rd_addr:  0, rd_wdata: 00000000, mem_addr: 00000000, mem_rdata: 00000000, mem_wdata: 00000000
ClkCycle:        402, pc_rdata: 00000592, pc_wdata: 00000596, insn: cd6c4025, mode: 3, rs1_addr: 10, rs1_rdata: 00003234, rs2_addr:  2, rs2_rdata: 0000001c, rd_addr:  2, rd_wdata: 00003636, mem_addr: 00003636, mem_rdata: 00000000, mem_wdata: 0000001c
ClkCycle:        403, pc_rdata: 00000596, pc_wdata: 0000059a, insn: cd6c4025, mode: 3, rs1_addr:  0, rs1_rdata: 00000000, rs2_addr:  0, rs2_rdata: 00000000, rd_addr:  0, rd_wdata: 00000000, mem_addr: 00000000, mem_rdata: 00000000, mem_wdata: 00000000
0000000100003118
ClkCycle:        404, pc_rdata: 0000059a, pc_wdata: 0000059c, insn: 00100593, mode: 3, rs1_addr: 10, rs1_rdata: 00003234, rs2_addr: 11, rs2_rdata: 00003118, rd_addr: 28, rd_wdata: 00003290, mem_addr: 00003290, mem_rdata: 00000000, mem_wdata: 00003118
ClkCycle:        405, pc_rdata: 0000059c, pc_wdata: 000005a0, insn: 00100593, mode: 3, rs1_addr:  0, rs1_rdata: 00000000, rs2_addr:  1, rs2_rdata: 00003118, rd_addr: 11, rd_wdata: 00000001, mem_addr: 00000001, mem_rdata: 00000000, mem_wdata: 00003118
ClkCycle:        406, pc_rdata: 000005a0, pc_wdata: 000005a4, insn: 02559593, mode: 3, rs1_addr: 11, rs1_rdata: 00003118, rs2_addr:  5, rs2_rdata: eedbfbff, rd_addr: 11, rd_wdata: 00000020, mem_addr: 00000020, mem_rdata: 00000000, mem_wdata: eedbfbff
ClkCycle:        407, pc_rdata: 000005a4, pc_wdata: 000005a8, insn: 14808513, mode: 3, rs1_addr:  1, rs1_rdata: 00003118, rs2_addr:  8, rs2_rdata: 00000000, rd_addr: 10, rd_wdata: 00003260, mem_addr: 00003260, mem_rdata: 00000000, mem_wdata: 00000000
ClkCycle:        408, pc_rdata: 000005a8, pc_wdata: 000005ac, insn: 04c00113, mode: 3, rs1_addr:  0, rs1_rdata: 00000000, rs2_addr: 12, rs2_rdata: 0000001c, rd_addr:  2, rd_wdata: 0000004c, mem_addr: 0000004c, mem_rdata: 00000000, mem_wdata: 0000001c
ClkCycle:        409, pc_rdata: 000005ac, pc_wdata: 000005b0, insn: 40250533, mode: 3, rs1_addr: 10, rs1_rdata: 00003234, rs2_addr:  2, rs2_rdata: 00003636, rd_addr: 10, rd_wdata: 00003214, mem_addr: 00003214, mem_rdata: 00000000, mem_wdata: 0000004c
0000000000000020
ClkCycle:        410, pc_rdata: 000005b0, pc_wdata: 000005b2, insn: 0001c56c, mode: 3, rs1_addr: 10, rs1_rdata: 00003260, rs2_addr: 11, rs2_rdata: 00000020, rd_addr: 12, rd_wdata: 00003260, mem_addr: 00003260, mem_rdata: 00000000, mem_wdata: 00000020
ClkCycle:        411, pc_rdata: 000005b2, pc_wdata: 000005b6, insn: 0001c56c, mode: 3, rs1_addr:  0, rs1_rdata: 00000000, rs2_addr:  0, rs2_rdata: 00000000, rd_addr:  0, rd_wdata: 00000000, mem_addr: 00000000, mem_rdata: 00000000, mem_wdata: 00000000
ClkCycle:        412, pc_rdata: 000005b6, pc_wdata: 000005b8, insn: 95930010, mode: 3, rs1_addr:  0, rs1_rdata: 00000000, rs2_addr:  0, rs2_rdata: 00000000, rd_addr:  0, rd_wdata: 00000000, mem_addr: 00000000, mem_rdata: 00000000, mem_wdata: 00000000
ClkCycle:        413, pc_rdata: 000005b8, pc_wdata: 000005ba, insn: 95930010, mode: 3, rs1_addr:  2, rs1_rdata: 0000004c, rs2_addr:  0, rs2_rdata: 00000000, rd_addr: 12, rd_wdata: 0000004c, mem_addr: 0000004c, mem_rdata: 00000000, mem_wdata: 00000000
ClkCycle:        414, pc_rdata: 000005ba, pc_wdata: 000005be, insn: 95930010, mode: 3, rs1_addr:  0, rs1_rdata: 00000000, rs2_addr:  0, rs2_rdata: 00000000, rd_addr:  0, rd_wdata: 00000000, mem_addr: 00000000, mem_rdata: 00000000, mem_wdata: 00000000
ClkCycle:        415, pc_rdata: 000005be, pc_wdata: 000005c2, insn: 01131500, mode: 3, rs1_addr:  1, rs1_rdata: 00003118, rs2_addr: 16, rs2_rdata: 7d5bfddb, rd_addr: 11, rd_wdata: 31180000, mem_addr: 31180000, mem_rdata: 00000000, mem_wdata: 7d5bfddb
ClkCycle:        416, pc_rdata: 000005c2, pc_wdata: 000005c6, insn: 01131500, mode: 3, rs1_addr:  0, rs1_rdata: 00000000, rs2_addr:  0, rs2_rdata: 00000000, rd_addr:  0, rd_wdata: 00000000, mem_addr: 00000000, mem_rdata: 00000000, mem_wdata: 00000000
ClkCycle:        417, pc_rdata: 000005c6, pc_wdata: 000005ca, insn: d96c4025, mode: 3, rs1_addr: 10, rs1_rdata: 00003214, rs2_addr:  2, rs2_rdata: 0000004c, rd_addr:  2, rd_wdata: 00003616, mem_addr: 00003616, mem_rdata: 00000000, mem_wdata: 0000004c
ClkCycle:        418, pc_rdata: 000005ca, pc_wdata: 000005ce, insn: d96c4025, mode: 3, rs1_addr:  0, rs1_rdata: 00000000, rs2_addr:  0, rs2_rdata: 00000000, rd_addr:  0, rd_wdata: 00000000, mem_addr: 00000000, mem_rdata: 00000000, mem_wdata: 00000000
0001000031180000
ClkCycle:        419, pc_rdata: 000005ce, pc_wdata: 000005d0, insn: 00100593, mode: 3, rs1_addr: 10, rs1_rdata: 00003214, rs2_addr: 11, rs2_rdata: 31180000, rd_addr: 20, rd_wdata: 00003288, mem_addr: 00003288, mem_rdata: 00000000, mem_wdata: 31180000
ClkCycle:        420, pc_rdata: 000005d0, pc_wdata: 000005d4, insn: 00100593, mode: 3, rs1_addr:  0, rs1_rdata: 00000000, rs2_addr:  1, rs2_rdata: 00003118, rd_addr: 11, rd_wdata: 00000001, mem_addr: 00000001, mem_rdata: 00000000, mem_wdata: 00003118
ClkCycle:        421, pc_rdata: 000005d4, pc_wdata: 000005d8, insn: 02759593, mode: 3, rs1_addr: 11, rs1_rdata: 31180000, rs2_addr:  7, rs2_rdata: 003fbb6f, rd_addr: 11, rd_wdata: 00000080, mem_addr: 00000080, mem_rdata: 00000000, mem_wdata: 003fbb6f
ClkCycle:        422, pc_rdata: 000005d8, pc_wdata: 000005dc, insn: 15808513, mode: 3, rs1_addr:  1, rs1_rdata: 00003118, rs2_addr: 24, rs2_rdata: 0000007d, rd_addr: 10, rd_wdata: 00003270, mem_addr: 00003270, mem_rdata: 00000000, mem_wdata: 0000007d
ClkCycle:        423, pc_rdata: 000005dc, pc_wdata: 000005e0, insn: 00400113, mode: 3, rs1_addr:  0, rs1_rdata: 00000000, rs2_addr:  4, rs2_rdata: 6dfdffff, rd_addr:  2, rd_wdata: 00000004, mem_addr: 00000004, mem_rdata: 00000000, mem_wdata: 6dfdffff
ClkCycle:        424, pc_rdata: 000005e0, pc_wdata: 000005e4, insn: 40250533, mode: 3, rs1_addr: 10, rs1_rdata: 00003214, rs2_addr:  2, rs2_rdata: 00003616, rd_addr: 10, rd_wdata: 0000326c, mem_addr: 0000326c, mem_rdata: 00000000, mem_wdata: 00000004
0000000000000080
ClkCycle:        425, pc_rdata: 000005e4, pc_wdata: 000005e6, insn: 0001c14c, mode: 3, rs1_addr: 10, rs1_rdata: 00003270, rs2_addr: 11, rs2_rdata: 00000080, rd_addr:  4, rd_wdata: 00003270, mem_addr: 00003270, mem_rdata: 00000000, mem_wdata: 00000080
ClkCycle:        426, pc_rdata: 000005e6, pc_wdata: 000005ea, insn: 0001c14c, mode: 3, rs1_addr:  0, rs1_rdata: 00000000, rs2_addr:  0, rs2_rdata: 00000000, rd_addr:  0, rd_wdata: 00000000, mem_addr: 00000000, mem_rdata: 00000000, mem_wdata: 00000000
ClkCycle:        427, pc_rdata: 000005ea, pc_wdata: 000005ec, insn: 95930010, mode: 3, rs1_addr:  0, rs1_rdata: 00000000, rs2_addr:  0, rs2_rdata: 00000000, rd_addr:  0, rd_wdata: 00000000, mem_addr: 00000000, mem_rdata: 00000000, mem_wdata: 00000000
ClkCycle:        428, pc_rdata: 000005ec, pc_wdata: 000005ee, insn: 95930010, mode: 3, rs1_addr:  2, rs1_rdata: 00000004, rs2_addr:  0, rs2_rdata: 00000000, rd_addr: 12, rd_wdata: 00000004, mem_addr: 00000004, mem_rdata: 00000000, mem_wdata: 00000000
ClkCycle:        429, pc_rdata: 000005ee, pc_wdata: 000005f2, insn: 95930010, mode: 3, rs1_addr:  0, rs1_rdata: 00000000, rs2_addr:  0, rs2_rdata: 00000000, rd_addr:  0, rd_wdata: 00000000, mem_addr: 00000000, mem_rdata: 00000000, mem_wdata: 00000000
ClkCycle:        430, pc_rdata: 000005f2, pc_wdata: 000005f6, insn: 01131600, mode: 3, rs1_addr:  1, rs1_rdata: 00003118, rs2_addr:  0, rs2_rdata: 00000000, rd_addr: 11, rd_wdata: 00003118, mem_addr: 00003118, mem_rdata: 00000000, mem_wdata: 00000000
ClkCycle:        431, pc_rdata: 000005f6, pc_wdata: 000005fa, insn: 01131600, mode: 3, rs1_addr:  0, rs1_rdata: 00000000, rs2_addr:  0, rs2_rdata: 00000000, rd_addr:  0, rd_wdata: 00000000, mem_addr: 00000000, mem_rdata: 00000000, mem_wdata: 00000000
ClkCycle:        432, pc_rdata: 000005fa, pc_wdata: 000005fe, insn: c96c4025, mode: 3, rs1_addr: 10, rs1_rdata: 0000326c, rs2_addr:  2, rs2_rdata: 00000004, rd_addr:  2, rd_wdata: 0000366e, mem_addr: 0000366e, mem_rdata: 00000000, mem_wdata: 00000004
ClkCycle:        433, pc_rdata: 000005fe, pc_wdata: 00000602, insn: c96c4025, mode: 3, rs1_addr:  0, rs1_rdata: 00000000, rs2_addr:  0, rs2_rdata: 00000000, rd_addr:  0, rd_wdata: 00000000, mem_addr: 00000000, mem_rdata: 00000000, mem_wdata: 00000000
0000000100003118
ClkCycle:        434, pc_rdata: 00000602, pc_wdata: 00000604, insn: 00100593, mode: 3, rs1_addr: 10, rs1_rdata: 0000326c, rs2_addr: 11, rs2_rdata: 00003118, rd_addr: 20, rd_wdata: 000032c0, mem_addr: 000032c0, mem_rdata: 00000000, mem_wdata: 00003118
ClkCycle:        435, pc_rdata: 00000604, pc_wdata: 00000608, insn: 00100593, mode: 3, rs1_addr:  0, rs1_rdata: 00000000, rs2_addr:  1, rs2_rdata: 00003118, rd_addr: 11, rd_wdata: 00000001, mem_addr: 00000001, mem_rdata: 00000000, mem_wdata: 00003118
ClkCycle:        436, pc_rdata: 00000608, pc_wdata: 0000060c, insn: 02959593, mode: 3, rs1_addr: 11, rs1_rdata: 00003118, rs2_addr:  9, rs2_rdata: 000000fe, rd_addr: 11, rd_wdata: 00000200, mem_addr: 00000200, mem_rdata: 00000000, mem_wdata: 000000fe
ClkCycle:        437, pc_rdata: 0000060c, pc_wdata: 00000610, insn: 16808513, mode: 3, rs1_addr:  1, rs1_rdata: 00003118, rs2_addr:  8, rs2_rdata: 00000000, rd_addr: 10, rd_wdata: 00003280, mem_addr: 00003280, mem_rdata: 00000000, mem_wdata: 00000000
ClkCycle:        438, pc_rdata: 00000610, pc_wdata: 00000614, insn: 04400113, mode: 3, rs1_addr:  0, rs1_rdata: 00000000, rs2_addr:  4, rs2_rdata: 6dfdffff, rd_addr:  2, rd_wdata: 00000044, mem_addr: 00000044, mem_rdata: 00000000, mem_wdata: 6dfdffff
ClkCycle:        439, pc_rdata: 00000614, pc_wdata: 00000618, insn: 40250533, mode: 3, rs1_addr: 10, rs1_rdata: 0000326c, rs2_addr:  2, rs2_rdata: 0000366e, rd_addr: 10, rd_wdata: 0000323c, mem_addr: 0000323c, mem_rdata: 00000000, mem_wdata: 00000044
0000000000000200
ClkCycle:        440, pc_rdata: 00000618, pc_wdata: 0000061a, insn: 0001c16c, mode: 3, rs1_addr: 10, rs1_rdata: 00003280, rs2_addr: 11, rs2_rdata: 00000200, rd_addr:  4, rd_wdata: 00003280, mem_addr: 00003280, mem_rdata: 00000000, mem_wdata: 00000200
ClkCycle:        441, pc_rdata: 0000061a, pc_wdata: 0000061e, insn: 0001c16c, mode: 3, rs1_addr:  0, rs1_rdata: 00000000, rs2_addr:  0, rs2_rdata: 00000000, rd_addr:  0, rd_wdata: 00000000, mem_addr: 00000000, mem_rdata: 00000000, mem_wdata: 00000000
ClkCycle:        442, pc_rdata: 0000061e, pc_wdata: 00000620, insn: 95930010, mode: 3, rs1_addr:  0, rs1_rdata: 00000000, rs2_addr:  0, rs2_rdata: 00000000, rd_addr:  0, rd_wdata: 00000000, mem_addr: 00000000, mem_rdata: 00000000, mem_wdata: 00000000
ClkCycle:        443, pc_rdata: 00000620, pc_wdata: 00000622, insn: 95930010, mode: 3, rs1_addr:  2, rs1_rdata: 00000044, rs2_addr:  0, rs2_rdata: 00000000, rd_addr: 12, rd_wdata: 00000044, mem_addr: 00000044, mem_rdata: 00000000, mem_wdata: 00000000
ClkCycle:        444, pc_rdata: 00000622, pc_wdata: 00000626, insn: 95930010, mode: 3, rs1_addr:  0, rs1_rdata: 00000000, rs2_addr:  0, rs2_rdata: 00000000, rd_addr:  0, rd_wdata: 00000000, mem_addr: 00000000, mem_rdata: 00000000, mem_wdata: 00000000
ClkCycle:        445, pc_rdata: 00000626, pc_wdata: 0000062a, insn: 01131700, mode: 3, rs1_addr:  1, rs1_rdata: 00003118, rs2_addr: 16, rs2_rdata: 7d5bfddb, rd_addr: 11, rd_wdata: 31180000, mem_addr: 31180000, mem_rdata: 00000000, mem_wdata: 7d5bfddb
ClkCycle:        446, pc_rdata: 0000062a, pc_wdata: 0000062e, insn: 01131700, mode: 3, rs1_addr:  0, rs1_rdata: 00000000, rs2_addr:  0, rs2_rdata: 00000000, rd_addr:  0, rd_wdata: 00000000, mem_addr: 00000000, mem_rdata: 00000000, mem_wdata: 00000000
ClkCycle:        447, pc_rdata: 0000062e, pc_wdata: 00000632, insn: d94c4025, mode: 3, rs1_addr: 10, rs1_rdata: 0000323c, rs2_addr:  2, rs2_rdata: 00000044, rd_addr:  2, rd_wdata: 0000363e, mem_addr: 0000363e, mem_rdata: 00000000, mem_wdata: 00000044
ClkCycle:        448, pc_rdata: 00000632, pc_wdata: 00000636, insn: d94c4025, mode: 3, rs1_addr:  0, rs1_rdata: 00000000, rs2_addr:  0, rs2_rdata: 00000000, rd_addr:  0, rd_wdata: 00000000, mem_addr: 00000000, mem_rdata: 00000000, mem_wdata: 00000000
0001000031180000
ClkCycle:        449, pc_rdata: 00000636, pc_wdata: 00000638, insn: 00100593, mode: 3, rs1_addr: 10, rs1_rdata: 0000323c, rs2_addr: 11, rs2_rdata: 31180000, rd_addr: 20, rd_wdata: 00003270, mem_addr: 00003270, mem_rdata: 00000000, mem_wdata: 31180000
ClkCycle:        450, pc_rdata: 00000638, pc_wdata: 0000063c, insn: 00100593, mode: 3, rs1_addr:  0, rs1_rdata: 00000000, rs2_addr:  1, rs2_rdata: 00003118, rd_addr: 11, rd_wdata: 00000001, mem_addr: 00000001, mem_rdata: 00000000, mem_wdata: 00003118
ClkCycle:        451, pc_rdata: 0000063c, pc_wdata: 00000640, insn: 02b59593, mode: 3, rs1_addr: 11, rs1_rdata: 31180000, rs2_addr: 11, rs2_rdata: 31180000, rd_addr: 11, rd_wdata: 00000800, mem_addr: 00000800, mem_rdata: 00000000, mem_wdata: 00000001
ClkCycle:        452, pc_rdata: 00000640, pc_wdata: 00000644, insn: 17808513, mode: 3, rs1_addr:  1, rs1_rdata: 00003118, rs2_addr: 24, rs2_rdata: 0000007d, rd_addr: 10, rd_wdata: 00003290, mem_addr: 00003290, mem_rdata: 00000000, mem_wdata: 0000007d
ClkCycle:        453, pc_rdata: 00000644, pc_wdata: 00000648, insn: 01400113, mode: 3, rs1_addr:  0, rs1_rdata: 00000000, rs2_addr: 20, rs2_rdata: d5bffdff, rd_addr:  2, rd_wdata: 00000014, mem_addr: 00000014, mem_rdata: 00000000, mem_wdata: d5bffdff
ClkCycle:        454, pc_rdata: 00000648, pc_wdata: 0000064c, insn: 40250533, mode: 3, rs1_addr: 10, rs1_rdata: 0000323c, rs2_addr:  2, rs2_rdata: 0000363e, rd_addr: 10, rd_wdata: 0000327c, mem_addr: 0000327c, mem_rdata: 00000000, mem_wdata: 00000014
0000000000000800
ClkCycle:        455, pc_rdata: 0000064c, pc_wdata: 0000064e, insn: 0001c94c, mode: 3, rs1_addr: 10, rs1_rdata: 00003290, rs2_addr: 11, rs2_rdata: 00000800, rd_addr: 20, rd_wdata: 00003290, mem_addr: 00003290, mem_rdata: 00000000, mem_wdata: 00000800
ClkCycle:        456, pc_rdata: 0000064e, pc_wdata: 00000652, insn: 0001c94c, mode: 3, rs1_addr:  0, rs1_rdata: 00000000, rs2_addr:  0, rs2_rdata: 00000000, rd_addr:  0, rd_wdata: 00000000, mem_addr: 00000000, mem_rdata: 00000000, mem_wdata: 00000000
ClkCycle:        457, pc_rdata: 00000652, pc_wdata: 00000654, insn: 95930010, mode: 3, rs1_addr:  0, rs1_rdata: 00000000, rs2_addr:  0, rs2_rdata: 00000000, rd_addr:  0, rd_wdata: 00000000, mem_addr: 00000000, mem_rdata: 00000000, mem_wdata: 00000000
ClkCycle:        458, pc_rdata: 00000654, pc_wdata: 00000656, insn: 95930010, mode: 3, rs1_addr:  2, rs1_rdata: 00000014, rs2_addr:  0, rs2_rdata: 00000000, rd_addr: 12, rd_wdata: 00000014, mem_addr: 00000014, mem_rdata: 00000000, mem_wdata: 00000000
ClkCycle:        459, pc_rdata: 00000656, pc_wdata: 0000065a, insn: 95930010, mode: 3, rs1_addr:  0, rs1_rdata: 00000000, rs2_addr:  0, rs2_rdata: 00000000, rd_addr:  0, rd_wdata: 00000000, mem_addr: 00000000, mem_rdata: 00000000, mem_wdata: 00000000
ClkCycle:        460, pc_rdata: 0000065a, pc_wdata: 0000065e, insn: 01131800, mode: 3, rs1_addr:  1, rs1_rdata: 00003118, rs2_addr:  0, rs2_rdata: 00000000, rd_addr: 11, rd_wdata: 00003118, mem_addr: 00003118, mem_rdata: 00000000, mem_wdata: 00000000
ClkCycle:        461, pc_rdata: 0000065e, pc_wdata: 00000662, insn: 01131800, mode: 3, rs1_addr:  0, rs1_rdata: 00000000, rs2_addr:  0, rs2_rdata: 00000000, rd_addr:  0, rd_wdata: 00000000, mem_addr: 00000000, mem_rdata: 00000000, mem_wdata: 00000000
ClkCycle:        462, pc_rdata: 00000662, pc_wdata: 00000666, insn: d50c4025, mode: 3, rs1_addr: 10, rs1_rdata: 0000327c, rs2_addr:  2, rs2_rdata: 00000014, rd_addr:  2, rd_wdata: 0000367e, mem_addr: 0000367e, mem_rdata: 00000000, mem_wdata: 00000014
ClkCycle:        463, pc_rdata: 00000666, pc_wdata: 0000066a, insn: d50c4025, mode: 3, rs1_addr:  0, rs1_rdata: 00000000, rs2_addr:  0, rs2_rdata: 00000000, rd_addr:  0, rd_wdata: 00000000, mem_addr: 00000000, mem_rdata: 00000000, mem_wdata: 00000000
0000000100003118
ClkCycle:        464, pc_rdata: 0000066a, pc_wdata: 0000066c, insn: 00100593, mode: 3, rs1_addr: 10, rs1_rdata: 0000327c, rs2_addr: 11, rs2_rdata: 00003118, rd_addr:  8, rd_wdata: 000032a4, mem_addr: 000032a4, mem_rdata: 00000000, mem_wdata: 00003118
ClkCycle:        465, pc_rdata: 0000066c, pc_wdata: 00000670, insn: 00100593, mode: 3, rs1_addr:  0, rs1_rdata: 00000000, rs2_addr:  1, rs2_rdata: 00003118, rd_addr: 11, rd_wdata: 00000001, mem_addr: 00000001, mem_rdata: 00000000, mem_wdata: 00003118
ClkCycle:        466, pc_rdata: 00000670, pc_wdata: 00000674, insn: 02d59593, mode: 3, rs1_addr: 11, rs1_rdata: 00003118, rs2_addr: 13, rs2_rdata: feffffbf, rd_addr: 11, rd_wdata: 00002000, mem_addr: 00002000, mem_rdata: 00000000, mem_wdata: feffffbf
ClkCycle:        467, pc_rdata: 00000674, pc_wdata: 00000678, insn: 18808513, mode: 3, rs1_addr:  1, rs1_rdata: 00003118, rs2_addr:  8, rs2_rdata: 00000000, rd_addr: 10, rd_wdata: 000032a0, mem_addr: 000032a0, mem_rdata: 00000000, mem_wdata: 00000000
ClkCycle:        468, pc_rdata: 00000678, pc_wdata: 0000067c, insn: 01c00113, mode: 3, rs1_addr:  0, rs1_rdata: 00000000, rs2_addr: 28, rs2_rdata: 00000000, rd_addr:  2, rd_wdata: 0000001c, mem_addr: 0000001c, mem_rdata: 00000000, mem_wdata: 00000000
ClkCycle:        469, pc_rdata: 0000067c, pc_wdata: 00000680, insn: 40250533, mode: 3, rs1_addr: 10, rs1_rdata: 0000327c, rs2_addr:  2, rs2_rdata: 0000367e, rd_addr: 10, rd_wdata: 00003284, mem_addr: 00003284, mem_rdata: 00000000, mem_wdata: 0000001c
0000000000002000
ClkCycle:        470, pc_rdata: 00000680, pc_wdata: 00000682, insn: 0001cd4c, mode: 3, rs1_addr: 10, rs1_rdata: 000032a0, rs2_addr: 11, rs2_rdata: 00002000, rd_addr: 28, rd_wdata: 000032a0, mem_addr: 000032a0, mem_rdata: 00000000, mem_wdata: 00002000
ClkCycle:        471, pc_rdata: 00000682, pc_wdata: 00000686, insn: 0001cd4c, mode: 3, rs1_addr:  0, rs1_rdata: 00000000, rs2_addr:  0, rs2_rdata: 00000000, rd_addr:  0, rd_wdata: 00000000, mem_addr: 00000000, mem_rdata: 00000000, mem_wdata: 00000000
ClkCycle:        472, pc_rdata: 00000686, pc_wdata: 00000688, insn: 95930010, mode: 3, rs1_addr:  0, rs1_rdata: 00000000, rs2_addr:  0, rs2_rdata: 00000000, rd_addr:  0, rd_wdata: 00000000, mem_addr: 00000000, mem_rdata: 00000000, mem_wdata: 00000000
ClkCycle:        473, pc_rdata: 00000688, pc_wdata: 0000068a, insn: 95930010, mode: 3, rs1_addr:  2, rs1_rdata: 0000001c, rs2_addr:  0, rs2_rdata: 00000000, rd_addr: 12, rd_wdata: 0000001c, mem_addr: 0000001c, mem_rdata: 00000000, mem_wdata: 00000000
ClkCycle:        474, pc_rdata: 0000068a, pc_wdata: 0000068e, insn: 95930010, mode: 3, rs1_addr:  0, rs1_rdata: 00000000, rs2_addr:  0, rs2_rdata: 00000000, rd_addr:  0, rd_wdata: 00000000, mem_addr: 00000000, mem_rdata: 00000000, mem_wdata: 00000000
ClkCycle:        475, pc_rdata: 0000068e, pc_wdata: 00000692, insn: 01131900, mode: 3, rs1_addr:  1, rs1_rdata: 00003118, rs2_addr: 16, rs2_rdata: 7d5bfddb, rd_addr: 11, rd_wdata: 31180000, mem_addr: 31180000, mem_rdata: 00000000, mem_wdata: 7d5bfddb
ClkCycle:        476, pc_rdata: 00000692, pc_wdata: 00000696, insn: 01131900, mode: 3, rs1_addr:  0, rs1_rdata: 00000000, rs2_addr:  0, rs2_rdata: 00000000, rd_addr:  0, rd_wdata: 00000000, mem_addr: 00000000, mem_rdata: 00000000, mem_wdata: 00000000
ClkCycle:        477, pc_rdata: 00000696, pc_wdata: 0000069a, insn: d56c4025, mode: 3, rs1_addr: 10, rs1_rdata: 00003284, rs2_addr:  2, rs2_rdata: 0000001c, rd_addr:  2, rd_wdata: 00003686, mem_addr: 00003686, mem_rdata: 00000000, mem_wdata: 0000001c
ClkCycle:        478, pc_rdata: 0000069a, pc_wdata: 0000069e, insn: d56c4025, mode: 3, rs1_addr:  0, rs1_rdata: 00000000, rs2_addr:  0, rs2_rdata: 00000000, rd_addr:  0, rd_wdata: 00000000, mem_addr: 00000000, mem_rdata: 00000000, mem_wdata: 00000000
0001000031180000
ClkCycle:        479, pc_rdata: 0000069e, pc_wdata: 000006a0, insn: 00100593, mode: 3, rs1_addr: 10, rs1_rdata: 00003284, rs2_addr: 11, rs2_rdata: 31180000, rd_addr: 12, rd_wdata: 000032f0, mem_addr: 000032f0, mem_rdata: 00000000, mem_wdata: 31180000
ClkCycle:        480, pc_rdata: 000006a0, pc_wdata: 000006a4, insn: 00100593, mode: 3, rs1_addr:  0, rs1_rdata: 00000000, rs2_addr:  1, rs2_rdata: 00003118, rd_addr: 11, rd_wdata: 00000001, mem_addr: 00000001, mem_rdata: 00000000, mem_wdata: 00003118
ClkCycle:        481, pc_rdata: 000006a4, pc_wdata: 000006a8, insn: 02f59593, mode: 3, rs1_addr: 11, rs1_rdata: 31180000, rs2_addr: 15, rs2_rdata: 00000000, rd_addr: 11, rd_wdata: 00008000, mem_addr: 00008000, mem_rdata: 00000000, mem_wdata: 00000000
ClkCycle:        482, pc_rdata: 000006a8, pc_wdata: 000006ac, insn: 19808513, mode: 3, rs1_addr:  1, rs1_rdata: 00003118, rs2_addr: 24, rs2_rdata: 0000007d, rd_addr: 10, rd_wdata: 000032b0, mem_addr: 000032b0, mem_rdata: 00000000, mem_wdata: 0000007d
ClkCycle:        483, pc_rdata: 000006ac, pc_wdata: 000006b0, insn: 00800113, mode: 3, rs1_addr:  0, rs1_rdata: 00000000, rs2_addr:  8, rs2_rdata: 00000000, rd_addr:  2, rd_wdata: 00000008, mem_addr: 00000008, mem_rdata: 00000000, mem_wdata: 00000000
ClkCycle:        484, pc_rdata: 000006b0, pc_wdata: 000006b4, insn: 40250533, mode: 3, rs1_addr: 10, rs1_rdata: 00003284, rs2_addr:  2, rs2_rdata: 00003686, rd_addr: 10, rd_wdata: 000032a8, mem_addr: 000032a8, mem_rdata: 00000000, mem_wdata: 00000008
0000000000008000
ClkCycle:        485, pc_rdata: 000006b4, pc_wdata: 000006b6, insn: 0001c50c, mode: 3, rs1_addr: 10, rs1_rdata: 000032b0, rs2_addr: 11, rs2_rdata: 00008000, rd_addr:  8, rd_wdata: 000032b0, mem_addr: 000032b0, mem_rdata: 00000000, mem_wdata: 00008000
ClkCycle:        486, pc_rdata: 000006b6, pc_wdata: 000006ba, insn: 0001c50c, mode: 3, rs1_addr:  0, rs1_rdata: 00000000, rs2_addr:  0, rs2_rdata: 00000000, rd_addr:  0, rd_wdata: 00000000, mem_addr: 00000000, mem_rdata: 00000000, mem_wdata: 00000000
ClkCycle:        487, pc_rdata: 000006ba, pc_wdata: 000006bc, insn: 95930010, mode: 3, rs1_addr:  0, rs1_rdata: 00000000, rs2_addr:  0, rs2_rdata: 00000000, rd_addr:  0, rd_wdata: 00000000, mem_addr: 00000000, mem_rdata: 00000000, mem_wdata: 00000000
ClkCycle:        488, pc_rdata: 000006bc, pc_wdata: 000006be, insn: 95930010, mode: 3, rs1_addr:  2, rs1_rdata: 00000008, rs2_addr:  0, rs2_rdata: 00000000, rd_addr: 12, rd_wdata: 00000008, mem_addr: 00000008, mem_rdata: 00000000, mem_wdata: 00000000
ClkCycle:        489, pc_rdata: 000006be, pc_wdata: 000006c2, insn: 95930010, mode: 3, rs1_addr:  0, rs1_rdata: 00000000, rs2_addr:  0, rs2_rdata: 00000000, rd_addr:  0, rd_wdata: 00000000, mem_addr: 00000000, mem_rdata: 00000000, mem_wdata: 00000000
ClkCycle:        490, pc_rdata: 000006c2, pc_wdata: 000006c6, insn: 01131a00, mode: 3, rs1_addr:  1, rs1_rdata: 00003118, rs2_addr:  0, rs2_rdata: 00000000, rd_addr: 11, rd_wdata: 00003118, mem_addr: 00003118, mem_rdata: 00000000, mem_wdata: 00000000
ClkCycle:        491, pc_rdata: 000006c6, pc_wdata: 000006ca, insn: 01131a00, mode: 3, rs1_addr:  0, rs1_rdata: 00000000, rs2_addr:  0, rs2_rdata: 00000000, rd_addr:  0, rd_wdata: 00000000, mem_addr: 00000000, mem_rdata: 00000000, mem_wdata: 00000000
ClkCycle:        492, pc_rdata: 000006ca, pc_wdata: 000006ce, insn: c90c4025, mode: 3, rs1_addr: 10, rs1_rdata: 000032a8, rs2_addr:  2, rs2_rdata: 00000008, rd_addr:  2, rd_wdata: 000036aa, mem_addr: 000036aa, mem_rdata: 00000000, mem_wdata: 00000008
ClkCycle:        493, pc_rdata: 000006ce, pc_wdata: 000006d2, insn: c90c4025, mode: 3, rs1_addr:  0, rs1_rdata: 00000000, rs2_addr:  0, rs2_rdata: 00000000, rd_addr:  0, rd_wdata: 00000000, mem_addr: 00000000, mem_rdata: 00000000, mem_wdata: 00000000
0000000100003118
ClkCycle:        494, pc_rdata: 000006d2, pc_wdata: 000006d4, insn: 00100593, mode: 3, rs1_addr: 10, rs1_rdata: 000032a8, rs2_addr: 11, rs2_rdata: 00003118, rd_addr: 16, rd_wdata: 000032b8, mem_addr: 000032b8, mem_rdata: 00000000, mem_wdata: 00003118
ClkCycle:        495, pc_rdata: 000006d4, pc_wdata: 000006d8, insn: 00100593, mode: 3, rs1_addr:  0, rs1_rdata: 00000000, rs2_addr:  1, rs2_rdata: 00003118, rd_addr: 11, rd_wdata: 00000001, mem_addr: 00000001, mem_rdata: 00000000, mem_wdata: 00003118
ClkCycle:        496, pc_rdata: 000006d8, pc_wdata: 000006dc, insn: 03159593, mode: 3, rs1_addr: 11, rs1_rdata: 00003118, rs2_addr: 17, rs2_rdata: bffeffff, rd_addr: 11, rd_wdata: 00020000, mem_addr: 00020000, mem_rdata: 00000000, mem_wdata: bffeffff
ClkCycle:        497, pc_rdata: 000006dc, pc_wdata: 000006e0, insn: 1a808513, mode: 3, rs1_addr:  1, rs1_rdata: 00003118, rs2_addr:  8, rs2_rdata: 00000000, rd_addr: 10, rd_wdata: 000032c0, mem_addr: 000032c0, mem_rdata: 00000000, mem_wdata: 00000000
ClkCycle:        498, pc_rdata: 000006e0, pc_wdata: 000006e4, insn: 00400113, mode: 3, rs1_addr:  0, rs1_rdata: 00000000, rs2_addr:  4, rs2_rdata: 6dfdffff, rd_addr:  2, rd_wdata: 00000004, mem_addr: 00000004, mem_rdata: 00000000, mem_wdata: 6dfdffff
ClkCycle:        499, pc_rdata: 000006e4, pc_wdata: 000006e8, insn: 40250533, mode: 3, rs1_addr: 10, rs1_rdata: 000032a8, rs2_addr:  2, rs2_rdata: 000036aa, rd_addr: 10, rd_wdata: 000032bc, mem_addr: 000032bc, mem_rdata: 00000000, mem_wdata: 00000004
0000000000020000
ClkCycle:        500, pc_rdata: 000006e8, pc_wdata: 000006ea, insn: 0001c14c, mode: 3, rs1_addr: 10, rs1_rdata: 000032c0, rs2_addr: 11, rs2_rdata: 00020000, rd_addr:  4, rd_wdata: 000032c0, mem_addr: 000032c0, mem_rdata: 00000000, mem_wdata: 00020000
ClkCycle:        501, pc_rdata: 000006ea, pc_wdata: 000006ee, insn: 0001c14c, mode: 3, rs1_addr:  0, rs1_rdata: 00000000, rs2_addr:  0, rs2_rdata: 00000000, rd_addr:  0, rd_wdata: 00000000, mem_addr: 00000000, mem_rdata: 00000000, mem_wdata: 00000000
ClkCycle:        502, pc_rdata: 000006ee, pc_wdata: 000006f0, insn: 95930010, mode: 3, rs1_addr:  0, rs1_rdata: 00000000, rs2_addr:  0, rs2_rdata: 00000000, rd_addr:  0, rd_wdata: 00000000, mem_addr: 00000000, mem_rdata: 00000000, mem_wdata: 00000000
ClkCycle:        503, pc_rdata: 000006f0, pc_wdata: 000006f2, insn: 95930010, mode: 3, rs1_addr:  2, rs1_rdata: 00000004, rs2_addr:  0, rs2_rdata: 00000000, rd_addr: 12, rd_wdata: 00000004, mem_addr: 00000004, mem_rdata: 00000000, mem_wdata: 00000000
ClkCycle:        504, pc_rdata: 000006f2, pc_wdata: 000006f6, insn: 95930010, mode: 3, rs1_addr:  0, rs1_rdata: 00000000, rs2_addr:  0, rs2_rdata: 00000000, rd_addr:  0, rd_wdata: 00000000, mem_addr: 00000000, mem_rdata: 00000000, mem_wdata: 00000000
ClkCycle:        505, pc_rdata: 000006f6, pc_wdata: 000006fa, insn: 01131b00, mode: 3, rs1_addr:  1, rs1_rdata: 00003118, rs2_addr: 16, rs2_rdata: 7d5bfddb, rd_addr: 11, rd_wdata: 31180000, mem_addr: 31180000, mem_rdata: 00000000, mem_wdata: 7d5bfddb
ClkCycle:        506, pc_rdata: 000006fa, pc_wdata: 000006fe, insn: 01131b00, mode: 3, rs1_addr:  0, rs1_rdata: 00000000, rs2_addr:  0, rs2_rdata: 00000000, rd_addr:  0, rd_wdata: 00000000, mem_addr: 00000000, mem_rdata: 00000000, mem_wdata: 00000000
ClkCycle:        507, pc_rdata: 000006fe, pc_wdata: 00000702, insn: d54c4025, mode: 3, rs1_addr: 10, rs1_rdata: 000032bc, rs2_addr:  2, rs2_rdata: 00000004, rd_addr:  2, rd_wdata: 000036be, mem_addr: 000036be, mem_rdata: 00000000, mem_wdata: 00000004
ClkCycle:        508, pc_rdata: 00000702, pc_wdata: 00000706, insn: d54c4025, mode: 3, rs1_addr:  0, rs1_rdata: 00000000, rs2_addr:  0, rs2_rdata: 00000000, rd_addr:  0, rd_wdata: 00000000, mem_addr: 00000000, mem_rdata: 00000000, mem_wdata: 00000000
0001000031180000
ClkCycle:        509, pc_rdata: 00000706, pc_wdata: 00000708, insn: 00100593, mode: 3, rs1_addr: 10, rs1_rdata: 000032bc, rs2_addr: 11, rs2_rdata: 31180000, rd_addr: 12, rd_wdata: 000032e8, mem_addr: 000032e8, mem_rdata: 00000000, mem_wdata: 31180000
ClkCycle:        510, pc_rdata: 00000708, pc_wdata: 0000070c, insn: 00100593, mode: 3, rs1_addr:  0, rs1_rdata: 00000000, rs2_addr:  1, rs2_rdata: 00003118, rd_addr: 11, rd_wdata: 00000001, mem_addr: 00000001, mem_rdata: 00000000, mem_wdata: 00003118
ClkCycle:        511, pc_rdata: 0000070c, pc_wdata: 00000710, insn: 03359593, mode: 3, rs1_addr: 11, rs1_rdata: 31180000, rs2_addr: 19, rs2_rdata: dffeffff, rd_addr: 11, rd_wdata: 00080000, mem_addr: 00080000, mem_rdata: 00000000, mem_wdata: dffeffff
ClkCycle:        512, pc_rdata: 00000710, pc_wdata: 00000714, insn: 1b808513, mode: 3, rs1_addr:  1, rs1_rdata: 00003118, rs2_addr: 24, rs2_rdata: 0000007d, rd_addr: 10, rd_wdata: 000032d0, mem_addr: 000032d0, mem_rdata: 00000000, mem_wdata: 0000007d
ClkCycle:        513, pc_rdata: 00000714, pc_wdata: 00000718, insn: 03c00113, mode: 3, rs1_addr:  0, rs1_rdata: 00000000, rs2_addr: 28, rs2_rdata: 00000000, rd_addr:  2, rd_wdata: 0000003c, mem_addr: 0000003c, mem_rdata: 00000000, mem_wdata: 00000000
ClkCycle:        514, pc_rdata: 00000718, pc_wdata: 0000071c, insn: 40250533, mode: 3, rs1_addr: 10, rs1_rdata: 000032bc, rs2_addr:  2, rs2_rdata: 000036be, rd_addr: 10, rd_wdata: 00003294, mem_addr: 00003294, mem_rdata: 00000000, mem_wdata: 0000003c
0000000000080000
ClkCycle:        515, pc_rdata: 0000071c, pc_wdata: 0000071e, insn: 0001dd4c, mode: 3, rs1_addr: 10, rs1_rdata: 000032d0, rs2_addr: 11, rs2_rdata: 00080000, rd_addr: 28, rd_wdata: 000032d0, mem_addr: 000032d0, mem_rdata: 00000000, mem_wdata: 00080000
ClkCycle:        516, pc_rdata: 0000071e, pc_wdata: 00000722, insn: 0001dd4c, mode: 3, rs1_addr:  0, rs1_rdata: 00000000, rs2_addr:  0, rs2_rdata: 00000000, rd_addr:  0, rd_wdata: 00000000, mem_addr: 00000000, mem_rdata: 00000000, mem_wdata: 00000000
ClkCycle:        517, pc_rdata: 00000722, pc_wdata: 00000724, insn: 95930010, mode: 3, rs1_addr:  0, rs1_rdata: 00000000, rs2_addr:  0, rs2_rdata: 00000000, rd_addr:  0, rd_wdata: 00000000, mem_addr: 00000000, mem_rdata: 00000000, mem_wdata: 00000000
ClkCycle:        518, pc_rdata: 00000724, pc_wdata: 00000726, insn: 95930010, mode: 3, rs1_addr:  2, rs1_rdata: 0000003c, rs2_addr:  0, rs2_rdata: 00000000, rd_addr: 12, rd_wdata: 0000003c, mem_addr: 0000003c, mem_rdata: 00000000, mem_wdata: 00000000
ClkCycle:        519, pc_rdata: 00000726, pc_wdata: 0000072a, insn: 95930010, mode: 3, rs1_addr:  0, rs1_rdata: 00000000, rs2_addr:  0, rs2_rdata: 00000000, rd_addr:  0, rd_wdata: 00000000, mem_addr: 00000000, mem_rdata: 00000000, mem_wdata: 00000000
ClkCycle:        520, pc_rdata: 0000072a, pc_wdata: 0000072e, insn: 01131c00, mode: 3, rs1_addr:  1, rs1_rdata: 00003118, rs2_addr:  0, rs2_rdata: 00000000, rd_addr: 11, rd_wdata: 00003118, mem_addr: 00003118, mem_rdata: 00000000, mem_wdata: 00000000
ClkCycle:        521, pc_rdata: 0000072e, pc_wdata: 00000732, insn: 01131c00, mode: 3, rs1_addr:  0, rs1_rdata: 00000000, rs2_addr:  0, rs2_rdata: 00000000, rd_addr:  0, rd_wdata: 00000000, mem_addr: 00000000, mem_rdata: 00000000, mem_wdata: 00000000
ClkCycle:        522, pc_rdata: 00000732, pc_wdata: 00000736, insn: c16c4025, mode: 3, rs1_addr: 10, rs1_rdata: 00003294, rs2_addr:  2, rs2_rdata: 0000003c, rd_addr:  2, rd_wdata: 00003696, mem_addr: 00003696, mem_rdata: 00000000, mem_wdata: 0000003c
ClkCycle:        523, pc_rdata: 00000736, pc_wdata: 0000073a, insn: c16c4025, mode: 3, rs1_addr:  0, rs1_rdata: 00000000, rs2_addr:  0, rs2_rdata: 00000000, rd_addr:  0, rd_wdata: 00000000, mem_addr: 00000000, mem_rdata: 00000000, mem_wdata: 00000000
0000000100003118
ClkCycle:        524, pc_rdata: 0000073a, pc_wdata: 0000073c, insn: 00100593, mode: 3, rs1_addr: 10, rs1_rdata: 00003294, rs2_addr: 11, rs2_rdata: 00003118, rd_addr:  4, rd_wdata: 000032d8, mem_addr: 000032d8, mem_rdata: 00000000, mem_wdata: 00003118
ClkCycle:        525, pc_rdata: 0000073c, pc_wdata: 00000740, insn: 00100593, mode: 3, rs1_addr:  0, rs1_rdata: 00000000, rs2_addr:  1, rs2_rdata: 00003118, rd_addr: 11, rd_wdata: 00000001, mem_addr: 00000001, mem_rdata: 00000000, mem_wdata: 00003118
ClkCycle:        526, pc_rdata: 00000740, pc_wdata: 00000744, insn: 03559593, mode: 3, rs1_addr: 11, rs1_rdata: 00003118, rs2_addr: 21, rs2_rdata: 0fab7ffb, rd_addr: 11, rd_wdata: 00200000, mem_addr: 00200000, mem_rdata: 00000000, mem_wdata: 0fab7ffb
ClkCycle:        527, pc_rdata: 00000744, pc_wdata: 00000748, insn: 1c808513, mode: 3, rs1_addr:  1, rs1_rdata: 00003118, rs2_addr:  8, rs2_rdata: 00000000, rd_addr: 10, rd_wdata: 000032e0, mem_addr: 000032e0, mem_rdata: 00000000, mem_wdata: 00000000
ClkCycle:        528, pc_rdata: 00000748, pc_wdata: 0000074c, insn: 04000113, mode: 3, rs1_addr:  0, rs1_rdata: 00000000, rs2_addr:  0, rs2_rdata: 00000000, rd_addr:  2, rd_wdata: 00000040, mem_addr: 00000040, mem_rdata: 00000000, mem_wdata: 00000000
ClkCycle:        529, pc_rdata: 0000074c, pc_wdata: 00000750, insn: 40250533, mode: 3, rs1_addr: 10, rs1_rdata: 00003294, rs2_addr:  2, rs2_rdata: 00003696, rd_addr: 10, rd_wdata: 000032a0, mem_addr: 000032a0, mem_rdata: 00000000, mem_wdata: 00000040
0000000000200000
ClkCycle:        530, pc_rdata: 00000750, pc_wdata: 00000752, insn: 0001c12c, mode: 3, rs1_addr: 10, rs1_rdata: 000032e0, rs2_addr: 11, rs2_rdata: 00200000, rd_addr:  0, rd_wdata: 000032e0, mem_addr: 000032e0, mem_rdata: 00000000, mem_wdata: 00200000
ClkCycle:        531, pc_rdata: 00000752, pc_wdata: 00000756, insn: 0001c12c, mode: 3, rs1_addr:  0, rs1_rdata: 00000000, rs2_addr:  0, rs2_rdata: 00000000, rd_addr:  0, rd_wdata: 00000000, mem_addr: 00000000, mem_rdata: 00000000, mem_wdata: 00000000
ClkCycle:        532, pc_rdata: 00000756, pc_wdata: 00000758, insn: 95930010, mode: 3, rs1_addr:  0, rs1_rdata: 00000000, rs2_addr:  0, rs2_rdata: 00000000, rd_addr:  0, rd_wdata: 00000000, mem_addr: 00000000, mem_rdata: 00000000, mem_wdata: 00000000
ClkCycle:        533, pc_rdata: 00000758, pc_wdata: 0000075a, insn: 95930010, mode: 3, rs1_addr:  2, rs1_rdata: 00000040, rs2_addr:  0, rs2_rdata: 00000000, rd_addr: 12, rd_wdata: 00000040, mem_addr: 00000040, mem_rdata: 00000000, mem_wdata: 00000000
ClkCycle:        534, pc_rdata: 0000075a, pc_wdata: 0000075e, insn: 95930010, mode: 3, rs1_addr:  0, rs1_rdata: 00000000, rs2_addr:  0, rs2_rdata: 00000000, rd_addr:  0, rd_wdata: 00000000, mem_addr: 00000000, mem_rdata: 00000000, mem_wdata: 00000000
ClkCycle:        535, pc_rdata: 0000075e, pc_wdata: 00000762, insn: 01131d00, mode: 3, rs1_addr:  1, rs1_rdata: 00003118, rs2_addr: 16, rs2_rdata: 7d5bfddb, rd_addr: 11, rd_wdata: 31180000, mem_addr: 31180000, mem_rdata: 00000000, mem_wdata: 7d5bfddb
ClkCycle:        536, pc_rdata: 00000762, pc_wdata: 00000766, insn: 01131d00, mode: 3, rs1_addr:  0, rs1_rdata: 00000000, rs2_addr:  0, rs2_rdata: 00000000, rd_addr:  0, rd_wdata: 00000000, mem_addr: 00000000, mem_rdata: 00000000, mem_wdata: 00000000
ClkCycle:        537, pc_rdata: 00000766, pc_wdata: 0000076a, insn: c96c4025, mode: 3, rs1_addr: 10, rs1_rdata: 000032a0, rs2_addr:  2, rs2_rdata: 00000040, rd_addr:  2, rd_wdata: 000036a2, mem_addr: 000036a2, mem_rdata: 00000000, mem_wdata: 00000040
ClkCycle:        538, pc_rdata: 0000076a, pc_wdata: 0000076e, insn: c96c4025, mode: 3, rs1_addr:  0, rs1_rdata: 00000000, rs2_addr:  0, rs2_rdata: 00000000, rd_addr:  0, rd_wdata: 00000000, mem_addr: 00000000, mem_rdata: 00000000, mem_wdata: 00000000
0001000031180000
ClkCycle:        539, pc_rdata: 0000076e, pc_wdata: 00000770, insn: 00100593, mode: 3, rs1_addr: 10, rs1_rdata: 000032a0, rs2_addr: 11, rs2_rdata: 31180000, rd_addr: 20, rd_wdata: 000032f4, mem_addr: 000032f4, mem_rdata: 00000000, mem_wdata: 31180000
ClkCycle:        540, pc_rdata: 00000770, pc_wdata: 00000774, insn: 00100593, mode: 3, rs1_addr:  0, rs1_rdata: 00000000, rs2_addr:  1, rs2_rdata: 00003118, rd_addr: 11, rd_wdata: 00000001, mem_addr: 00000001, mem_rdata: 00000000, mem_wdata: 00003118
ClkCycle:        541, pc_rdata: 00000774, pc_wdata: 00000778, insn: 03759593, mode: 3, rs1_addr: 11, rs1_rdata: 31180000, rs2_addr: 23, rs2_rdata: 00003ead, rd_addr: 11, rd_wdata: 00800000, mem_addr: 00800000, mem_rdata: 00000000, mem_wdata: 00003ead
ClkCycle:        542, pc_rdata: 00000778, pc_wdata: 0000077c, insn: 1d808513, mode: 3, rs1_addr:  1, rs1_rdata: 00003118, rs2_addr: 24, rs2_rdata: 0000007d, rd_addr: 10, rd_wdata: 000032f0, mem_addr: 000032f0, mem_rdata: 00000000, mem_wdata: 0000007d
ClkCycle:        543, pc_rdata: 0000077c, pc_wdata: 00000780, insn: 02400113, mode: 3, rs1_addr:  0, rs1_rdata: 00000000, rs2_addr:  4, rs2_rdata: 6dfdffff, rd_addr:  2, rd_wdata: 00000024, mem_addr: 00000024, mem_rdata: 00000000, mem_wdata: 6dfdffff
ClkCycle:        544, pc_rdata: 00000780, pc_wdata: 00000784, insn: 40250533, mode: 3, rs1_addr: 10, rs1_rdata: 000032a0, rs2_addr:  2, rs2_rdata: 000036a2, rd_addr: 10, rd_wdata: 000032cc, mem_addr: 000032cc, mem_rdata: 00000000, mem_wdata: 00000024
0000000000800000
ClkCycle:        545, pc_rdata: 00000784, pc_wdata: 00000786, insn: 0001d14c, mode: 3, rs1_addr: 10, rs1_rdata: 000032f0, rs2_addr: 11, rs2_rdata: 00800000, rd_addr:  4, rd_wdata: 000032f0, mem_addr: 000032f0, mem_rdata: 00000000, mem_wdata: 00800000
ClkCycle:        546, pc_rdata: 00000786, pc_wdata: 0000078a, insn: 0001d14c, mode: 3, rs1_addr:  0, rs1_rdata: 00000000, rs2_addr:  0, rs2_rdata: 00000000, rd_addr:  0, rd_wdata: 00000000, mem_addr: 00000000, mem_rdata: 00000000, mem_wdata: 00000000
ClkCycle:        547, pc_rdata: 0000078a, pc_wdata: 0000078c, insn: 95930010, mode: 3, rs1_addr:  0, rs1_rdata: 00000000, rs2_addr:  0, rs2_rdata: 00000000, rd_addr:  0, rd_wdata: 00000000, mem_addr: 00000000, mem_rdata: 00000000, mem_wdata: 00000000
ClkCycle:        548, pc_rdata: 0000078c, pc_wdata: 0000078e, insn: 95930010, mode: 3, rs1_addr:  2, rs1_rdata: 00000024, rs2_addr:  0, rs2_rdata: 00000000, rd_addr: 12, rd_wdata: 00000024, mem_addr: 00000024, mem_rdata: 00000000, mem_wdata: 00000000
ClkCycle:        549, pc_rdata: 0000078e, pc_wdata: 00000792, insn: 95930010, mode: 3, rs1_addr:  0, rs1_rdata: 00000000, rs2_addr:  0, rs2_rdata: 00000000, rd_addr:  0, rd_wdata: 00000000, mem_addr: 00000000, mem_rdata: 00000000, mem_wdata: 00000000
ClkCycle:        550, pc_rdata: 00000792, pc_wdata: 00000796, insn: 01131e00, mode: 3, rs1_addr:  1, rs1_rdata: 00003118, rs2_addr:  0, rs2_rdata: 00000000, rd_addr: 11, rd_wdata: 00003118, mem_addr: 00003118, mem_rdata: 00000000, mem_wdata: 00000000
ClkCycle:        551, pc_rdata: 00000796, pc_wdata: 0000079a, insn: 01131e00, mode: 3, rs1_addr:  0, rs1_rdata: 00000000, rs2_addr:  0, rs2_rdata: 00000000, rd_addr:  0, rd_wdata: 00000000, mem_addr: 00000000, mem_rdata: 00000000, mem_wdata: 00000000
ClkCycle:        552, pc_rdata: 0000079a, pc_wdata: 0000079e, insn: d56c4025, mode: 3, rs1_addr: 10, rs1_rdata: 000032cc, rs2_addr:  2, rs2_rdata: 00000024, rd_addr:  2, rd_wdata: 000036ce, mem_addr: 000036ce, mem_rdata: 00000000, mem_wdata: 00000024
ClkCycle:        553, pc_rdata: 0000079e, pc_wdata: 000007a2, insn: d56c4025, mode: 3, rs1_addr:  0, rs1_rdata: 00000000, rs2_addr:  0, rs2_rdata: 00000000, rd_addr:  0, rd_wdata: 00000000, mem_addr: 00000000, mem_rdata: 00000000, mem_wdata: 00000000
0000000100003118
ClkCycle:        554, pc_rdata: 000007a2, pc_wdata: 000007a4, insn: 00100593, mode: 3, rs1_addr: 10, rs1_rdata: 000032cc, rs2_addr: 11, rs2_rdata: 00003118, rd_addr: 12, rd_wdata: 00003338, mem_addr: 00003338, mem_rdata: 00000000, mem_wdata: 00003118
ClkCycle:        555, pc_rdata: 000007a4, pc_wdata: 000007a8, insn: 00100593, mode: 3, rs1_addr:  0, rs1_rdata: 00000000, rs2_addr:  1, rs2_rdata: 00003118, rd_addr: 11, rd_wdata: 00000001, mem_addr: 00000001, mem_rdata: 00000000, mem_wdata: 00003118
ClkCycle:        556, pc_rdata: 000007a8, pc_wdata: 000007ac, insn: 03959593, mode: 3, rs1_addr: 11, rs1_rdata: 00003118, rs2_addr: 25, rs2_rdata: 00000000, rd_addr: 11, rd_wdata: 02000000, mem_addr: 02000000, mem_rdata: 00000000, mem_wdata: 00000000
ClkCycle:        557, pc_rdata: 000007ac, pc_wdata: 000007b0, insn: 1e808513, mode: 3, rs1_addr:  1, rs1_rdata: 00003118, rs2_addr:  8, rs2_rdata: 00000000, rd_addr: 10, rd_wdata: 00003300, mem_addr: 00003300, mem_rdata: 00000000, mem_wdata: 00000000
ClkCycle:        558, pc_rdata: 000007b0, pc_wdata: 000007b4, insn: 01400113, mode: 3, rs1_addr:  0, rs1_rdata: 00000000, rs2_addr: 20, rs2_rdata: d5bffdff, rd_addr:  2, rd_wdata: 00000014, mem_addr: 00000014, mem_rdata: 00000000, mem_wdata: d5bffdff
ClkCycle:        559, pc_rdata: 000007b4, pc_wdata: 000007b8, insn: 40250533, mode: 3, rs1_addr: 10, rs1_rdata: 000032cc, rs2_addr:  2, rs2_rdata: 000036ce, rd_addr: 10, rd_wdata: 000032ec, mem_addr: 000032ec, mem_rdata: 00000000, mem_wdata: 00000014
0000000002000000
ClkCycle:        560, pc_rdata: 000007b8, pc_wdata: 000007ba, insn: 0001c94c, mode: 3, rs1_addr: 10, rs1_rdata: 00003300, rs2_addr: 11, rs2_rdata: 02000000, rd_addr: 20, rd_wdata: 00003300, mem_addr: 00003300, mem_rdata: 00000000, mem_wdata: 02000000
ClkCycle:        561, pc_rdata: 000007ba, pc_wdata: 000007be, insn: 0001c94c, mode: 3, rs1_addr:  0, rs1_rdata: 00000000, rs2_addr:  0, rs2_rdata: 00000000, rd_addr:  0, rd_wdata: 00000000, mem_addr: 00000000, mem_rdata: 00000000, mem_wdata: 00000000
ClkCycle:        562, pc_rdata: 000007be, pc_wdata: 000007c0, insn: 95930010, mode: 3, rs1_addr:  0, rs1_rdata: 00000000, rs2_addr:  0, rs2_rdata: 00000000, rd_addr:  0, rd_wdata: 00000000, mem_addr: 00000000, mem_rdata: 00000000, mem_wdata: 00000000
ClkCycle:        563, pc_rdata: 000007c0, pc_wdata: 000007c2, insn: 95930010, mode: 3, rs1_addr:  2, rs1_rdata: 00000014, rs2_addr:  0, rs2_rdata: 00000000, rd_addr: 12, rd_wdata: 00000014, mem_addr: 00000014, mem_rdata: 00000000, mem_wdata: 00000000
ClkCycle:        564, pc_rdata: 000007c2, pc_wdata: 000007c6, insn: 95930010, mode: 3, rs1_addr:  0, rs1_rdata: 00000000, rs2_addr:  0, rs2_rdata: 00000000, rd_addr:  0, rd_wdata: 00000000, mem_addr: 00000000, mem_rdata: 00000000, mem_wdata: 00000000
ClkCycle:        565, pc_rdata: 000007c6, pc_wdata: 000007ca, insn: 01131f00, mode: 3, rs1_addr:  1, rs1_rdata: 00003118, rs2_addr: 16, rs2_rdata: 7d5bfddb, rd_addr: 11, rd_wdata: 31180000, mem_addr: 31180000, mem_rdata: 00000000, mem_wdata: 7d5bfddb
ClkCycle:        566, pc_rdata: 000007ca, pc_wdata: 000007ce, insn: 01131f00, mode: 3, rs1_addr:  0, rs1_rdata: 00000000, rs2_addr:  0, rs2_rdata: 00000000, rd_addr:  0, rd_wdata: 00000000, mem_addr: 00000000, mem_rdata: 00000000, mem_wdata: 00000000
ClkCycle:        567, pc_rdata: 000007ce, pc_wdata: 000007d2, insn: cd0c4025, mode: 3, rs1_addr: 10, rs1_rdata: 000032ec, rs2_addr:  2, rs2_rdata: 00000014, rd_addr:  2, rd_wdata: 000036ee, mem_addr: 000036ee, mem_rdata: 00000000, mem_wdata: 00000014
ClkCycle:        568, pc_rdata: 000007d2, pc_wdata: 000007d6, insn: cd0c4025, mode: 3, rs1_addr:  0, rs1_rdata: 00000000, rs2_addr:  0, rs2_rdata: 00000000, rd_addr:  0, rd_wdata: 00000000, mem_addr: 00000000, mem_rdata: 00000000, mem_wdata: 00000000
0001000031180000
ClkCycle:        569, pc_rdata: 000007d6, pc_wdata: 000007d8, insn: 00100593, mode: 3, rs1_addr: 10, rs1_rdata: 000032ec, rs2_addr: 11, rs2_rdata: 31180000, rd_addr: 24, rd_wdata: 00003304, mem_addr: 00003304, mem_rdata: 00000000, mem_wdata: 31180000
ClkCycle:        570, pc_rdata: 000007d8, pc_wdata: 000007dc, insn: 00100593, mode: 3, rs1_addr:  0, rs1_rdata: 00000000, rs2_addr:  1, rs2_rdata: 00003118, rd_addr: 11, rd_wdata: 00000001, mem_addr: 00000001, mem_rdata: 00000000, mem_wdata: 00003118
ClkCycle:        571, pc_rdata: 000007dc, pc_wdata: 000007e0, insn: 03b59593, mode: 3, rs1_addr: 11, rs1_rdata: 31180000, rs2_addr: 27, rs2_rdata: 00000000, rd_addr: 11, rd_wdata: 08000000, mem_addr: 08000000, mem_rdata: 00000000, mem_wdata: 00000000
ClkCycle:        572, pc_rdata: 000007e0, pc_wdata: 000007e4, insn: 1f808513, mode: 3, rs1_addr:  1, rs1_rdata: 00003118, rs2_addr: 24, rs2_rdata: 0000007d, rd_addr: 10, rd_wdata: 00003310, mem_addr: 00003310, mem_rdata: 00000000, mem_wdata: 0000007d
ClkCycle:        573, pc_rdata: 000007e4, pc_wdata: 000007e8, insn: 04800113, mode: 3, rs1_addr:  0, rs1_rdata: 00000000, rs2_addr:  8, rs2_rdata: 00000000, rd_addr:  2, rd_wdata: 00000048, mem_addr: 00000048, mem_rdata: 00000000, mem_wdata: 00000000
ClkCycle:        574, pc_rdata: 000007e8, pc_wdata: 000007ec, insn: 40250533, mode: 3, rs1_addr: 10, rs1_rdata: 000032ec, rs2_addr:  2, rs2_rdata: 000036ee, rd_addr: 10, rd_wdata: 000032c8, mem_addr: 000032c8, mem_rdata: 00000000, mem_wdata: 00000048
0000000008000000
ClkCycle:        575, pc_rdata: 000007ec, pc_wdata: 000007ee, insn: 0001c52c, mode: 3, rs1_addr: 10, rs1_rdata: 00003310, rs2_addr: 11, rs2_rdata: 08000000, rd_addr:  8, rd_wdata: 00003310, mem_addr: 00003310, mem_rdata: 00000000, mem_wdata: 08000000
ClkCycle:        576, pc_rdata: 000007ee, pc_wdata: 000007f2, insn: 0001c52c, mode: 3, rs1_addr:  0, rs1_rdata: 00000000, rs2_addr:  0, rs2_rdata: 00000000, rd_addr:  0, rd_wdata: 00000000, mem_addr: 00000000, mem_rdata: 00000000, mem_wdata: 00000000
ClkCycle:        577, pc_rdata: 000007f2, pc_wdata: 000007f4, insn: 95930010, mode: 3, rs1_addr:  0, rs1_rdata: 00000000, rs2_addr:  0, rs2_rdata: 00000000, rd_addr:  0, rd_wdata: 00000000, mem_addr: 00000000, mem_rdata: 00000000, mem_wdata: 00000000
ClkCycle:        578, pc_rdata: 000007f4, pc_wdata: 000007f6, insn: 95930010, mode: 3, rs1_addr:  2, rs1_rdata: 00000048, rs2_addr:  0, rs2_rdata: 00000000, rd_addr: 12, rd_wdata: 00000048, mem_addr: 00000048, mem_rdata: 00000000, mem_wdata: 00000000
ClkCycle:        579, pc_rdata: 000007f6, pc_wdata: 000007fa, insn: 95930010, mode: 3, rs1_addr:  0, rs1_rdata: 00000000, rs2_addr:  0, rs2_rdata: 00000000, rd_addr:  0, rd_wdata: 00000000, mem_addr: 00000000, mem_rdata: 00000000, mem_wdata: 00000000
ClkCycle:        580, pc_rdata: 000007fa, pc_wdata: 000007fe, insn: 01132000, mode: 3, rs1_addr:  1, rs1_rdata: 00003118, rs2_addr:  0, rs2_rdata: 00000000, rd_addr: 11, rd_wdata: 00003118, mem_addr: 00003118, mem_rdata: 00000000, mem_wdata: 00000000
ClkCycle:        581, pc_rdata: 000007fe, pc_wdata: 00000802, insn: 01132000, mode: 3, rs1_addr:  0, rs1_rdata: 00000000, rs2_addr:  0, rs2_rdata: 00000000, rd_addr:  0, rd_wdata: 00000000, mem_addr: 00000000, mem_rdata: 00000000, mem_wdata: 00000000
ClkCycle:        582, pc_rdata: 00000802, pc_wdata: 00000806, insn: c90c4025, mode: 3, rs1_addr: 10, rs1_rdata: 000032c8, rs2_addr:  2, rs2_rdata: 00000048, rd_addr:  2, rd_wdata: 000036ca, mem_addr: 000036ca, mem_rdata: 00000000, mem_wdata: 00000048
ClkCycle:        583, pc_rdata: 00000806, pc_wdata: 0000080a, insn: c90c4025, mode: 3, rs1_addr:  0, rs1_rdata: 00000000, rs2_addr:  0, rs2_rdata: 00000000, rd_addr:  0, rd_wdata: 00000000, mem_addr: 00000000, mem_rdata: 00000000, mem_wdata: 00000000
0000000100003118
ClkCycle:        584, pc_rdata: 0000080a, pc_wdata: 0000080c, insn: 00100593, mode: 3, rs1_addr: 10, rs1_rdata: 000032c8, rs2_addr: 11, rs2_rdata: 00003118, rd_addr: 16, rd_wdata: 000032d8, mem_addr: 000032d8, mem_rdata: 00000000, mem_wdata: 00003118
ClkCycle:        585, pc_rdata: 0000080c, pc_wdata: 00000810, insn: 00100593, mode: 3, rs1_addr:  0, rs1_rdata: 00000000, rs2_addr:  1, rs2_rdata: 00003118, rd_addr: 11, rd_wdata: 00000001, mem_addr: 00000001, mem_rdata: 00000000, mem_wdata: 00003118
ClkCycle:        586, pc_rdata: 00000810, pc_wdata: 00000814, insn: 03d59593, mode: 3, rs1_addr: 11, rs1_rdata: 00003118, rs2_addr: 29, rs2_rdata: 00000000, rd_addr: 11, rd_wdata: 20000000, mem_addr: 20000000, mem_rdata: 00000000, mem_wdata: 00000000
ClkCycle:        587, pc_rdata: 00000814, pc_wdata: 00000818, insn: 20808513, mode: 3, rs1_addr:  1, rs1_rdata: 00003118, rs2_addr:  8, rs2_rdata: 00000000, rd_addr: 10, rd_wdata: 00003320, mem_addr: 00003320, mem_rdata: 00000000, mem_wdata: 00000000
ClkCycle:        588, pc_rdata: 00000818, pc_wdata: 0000081c, insn: 05400113, mode: 3, rs1_addr:  0, rs1_rdata: 00000000, rs2_addr: 20, rs2_rdata: d5bffdff, rd_addr:  2, rd_wdata: 00000054, mem_addr: 00000054, mem_rdata: 00000000, mem_wdata: d5bffdff
ClkCycle:        589, pc_rdata: 0000081c, pc_wdata: 00000820, insn: 40250533, mode: 3, rs1_addr: 10, rs1_rdata: 000032c8, rs2_addr:  2, rs2_rdata: 000036ca, rd_addr: 10, rd_wdata: 000032cc, mem_addr: 000032cc, mem_rdata: 00000000, mem_wdata: 00000054
0000000020000000
ClkCycle:        590, pc_rdata: 00000820, pc_wdata: 00000822, insn: 0001c96c, mode: 3, rs1_addr: 10, rs1_rdata: 00003320, rs2_addr: 11, rs2_rdata: 20000000, rd_addr: 20, rd_wdata: 00003320, mem_addr: 00003320, mem_rdata: 00000000, mem_wdata: 20000000
ClkCycle:        591, pc_rdata: 00000822, pc_wdata: 00000826, insn: 0001c96c, mode: 3, rs1_addr:  0, rs1_rdata: 00000000, rs2_addr:  0, rs2_rdata: 00000000, rd_addr:  0, rd_wdata: 00000000, mem_addr: 00000000, mem_rdata: 00000000, mem_wdata: 00000000
ClkCycle:        592, pc_rdata: 00000826, pc_wdata: 00000828, insn: 95930010, mode: 3, rs1_addr:  0, rs1_rdata: 00000000, rs2_addr:  0, rs2_rdata: 00000000, rd_addr:  0, rd_wdata: 00000000, mem_addr: 00000000, mem_rdata: 00000000, mem_wdata: 00000000
ClkCycle:        593, pc_rdata: 00000828, pc_wdata: 0000082a, insn: 95930010, mode: 3, rs1_addr:  2, rs1_rdata: 00000054, rs2_addr:  0, rs2_rdata: 00000000, rd_addr: 12, rd_wdata: 00000054, mem_addr: 00000054, mem_rdata: 00000000, mem_wdata: 00000000
ClkCycle:        594, pc_rdata: 0000082a, pc_wdata: 0000082e, insn: 95930010, mode: 3, rs1_addr:  0, rs1_rdata: 00000000, rs2_addr:  0, rs2_rdata: 00000000, rd_addr:  0, rd_wdata: 00000000, mem_addr: 00000000, mem_rdata: 00000000, mem_wdata: 00000000
ClkCycle:        595, pc_rdata: 0000082e, pc_wdata: 00000832, insn: 01132100, mode: 3, rs1_addr:  1, rs1_rdata: 00003118, rs2_addr: 16, rs2_rdata: 7d5bfddb, rd_addr: 11, rd_wdata: 31180000, mem_addr: 31180000, mem_rdata: 00000000, mem_wdata: 7d5bfddb
ClkCycle:        596, pc_rdata: 00000832, pc_wdata: 00000836, insn: 01132100, mode: 3, rs1_addr:  0, rs1_rdata: 00000000, rs2_addr:  0, rs2_rdata: 00000000, rd_addr:  0, rd_wdata: 00000000, mem_addr: 00000000, mem_rdata: 00000000, mem_wdata: 00000000
ClkCycle:        597, pc_rdata: 00000836, pc_wdata: 0000083a, insn: c16c4025, mode: 3, rs1_addr: 10, rs1_rdata: 000032cc, rs2_addr:  2, rs2_rdata: 00000054, rd_addr:  2, rd_wdata: 000036ce, mem_addr: 000036ce, mem_rdata: 00000000, mem_wdata: 00000054
ClkCycle:        598, pc_rdata: 0000083a, pc_wdata: 0000083e, insn: c16c4025, mode: 3, rs1_addr:  0, rs1_rdata: 00000000, rs2_addr:  0, rs2_rdata: 00000000, rd_addr:  0, rd_wdata: 00000000, mem_addr: 00000000, mem_rdata: 00000000, mem_wdata: 00000000
0001000031180000
ClkCycle:        599, pc_rdata: 0000083e, pc_wdata: 00000840, insn: ffe00593, mode: 3, rs1_addr: 10, rs1_rdata: 000032cc, rs2_addr: 11, rs2_rdata: 31180000, rd_addr:  4, rd_wdata: 00003310, mem_addr: 00003310, mem_rdata: 00000000, mem_wdata: 31180000
ClkCycle:        600, pc_rdata: 00000840, pc_wdata: 00000844, insn: ffe00593, mode: 3, rs1_addr:  0, rs1_rdata: 00000000, rs2_addr: 30, rs2_rdata: 00000000, rd_addr: 11, rd_wdata: fffffffe, mem_addr: fffffffe, mem_rdata: 00000000, mem_wdata: 00000000
ClkCycle:        601, pc_rdata: 00000844, pc_wdata: 00000848, insn: 21808513, mode: 3, rs1_addr:  1, rs1_rdata: 00003118, rs2_addr: 24, rs2_rdata: 0000007d, rd_addr: 10, rd_wdata: 00003330, mem_addr: 00003330, mem_rdata: 00000000, mem_wdata: 0000007d
ClkCycle:        602, pc_rdata: 00000848, pc_wdata: 0000084c, insn: 02800113, mode: 3, rs1_addr:  0, rs1_rdata: 00000000, rs2_addr:  8, rs2_rdata: 00000000, rd_addr:  2, rd_wdata: 00000028, mem_addr: 00000028, mem_rdata: 00000000, mem_wdata: 00000000
ClkCycle:        603, pc_rdata: 0000084c, pc_wdata: 00000850, insn: 40250533, mode: 3, rs1_addr: 10, rs1_rdata: 000032cc, rs2_addr:  2, rs2_rdata: 000036ce, rd_addr: 10, rd_wdata: 00003308, mem_addr: 00003308, mem_rdata: 00000000, mem_wdata: 00000028
00000000fffffffe
ClkCycle:        604, pc_rdata: 00000850, pc_wdata: 00000852, insn: 0001d50c, mode: 3, rs1_addr: 10, rs1_rdata: 00003330, rs2_addr: 11, rs2_rdata: fffffffe, rd_addr:  8, rd_wdata: 00003330, mem_addr: 00003330, mem_rdata: 00000000, mem_wdata: fffffffe
ClkCycle:        605, pc_rdata: 00000852, pc_wdata: 00000856, insn: 0001d50c, mode: 3, rs1_addr:  0, rs1_rdata: 00000000, rs2_addr:  0, rs2_rdata: 00000000, rd_addr:  0, rd_wdata: 00000000, mem_addr: 00000000, mem_rdata: 00000000, mem_wdata: 00000000
ClkCycle:        606, pc_rdata: 00000856, pc_wdata: 00000858, insn: 95930010, mode: 3, rs1_addr:  0, rs1_rdata: 00000000, rs2_addr:  0, rs2_rdata: 00000000, rd_addr:  0, rd_wdata: 00000000, mem_addr: 00000000, mem_rdata: 00000000, mem_wdata: 00000000
ClkCycle:        607, pc_rdata: 00000858, pc_wdata: 0000085a, insn: 95930010, mode: 3, rs1_addr:  2, rs1_rdata: 00000028, rs2_addr:  0, rs2_rdata: 00000000, rd_addr: 12, rd_wdata: 00000028, mem_addr: 00000028, mem_rdata: 00000000, mem_wdata: 00000000
ClkCycle:        608, pc_rdata: 0000085a, pc_wdata: 0000085e, insn: 95930010, mode: 3, rs1_addr:  0, rs1_rdata: 00000000, rs2_addr:  0, rs2_rdata: 00000000, rd_addr:  0, rd_wdata: 00000000, mem_addr: 00000000, mem_rdata: 00000000, mem_wdata: 00000000
ClkCycle:        609, pc_rdata: 0000085e, pc_wdata: 00000862, insn: 8513fff5, mode: 3, rs1_addr: 11, rs1_rdata: fffffffe, rs2_addr: 31, rs2_rdata: 00000000, rd_addr: 11, rd_wdata: 00000000, mem_addr: 00000000, mem_rdata: 00000000, mem_wdata: 00000000
ClkCycle:        610, pc_rdata: 00000862, pc_wdata: 00000866, insn: 8513fff5, mode: 3, rs1_addr:  0, rs1_rdata: 00000000, rs2_addr:  0, rs2_rdata: 00000000, rd_addr:  0, rd_wdata: 00000000, mem_addr: 00000000, mem_rdata: 00000000, mem_wdata: 00000000
ClkCycle:        611, pc_rdata: 00000866, pc_wdata: 0000086a, insn: 05330780, mode: 3, rs1_addr:  1, rs1_rdata: 00003118, rs2_addr: 24, rs2_rdata: 0000007d, rd_addr: 10, rd_wdata: 00003190, mem_addr: 00003190, mem_rdata: 00000000, mem_wdata: 0000007d
ClkCycle:        612, pc_rdata: 0000086a, pc_wdata: 0000086e, insn: 05330780, mode: 3, rs1_addr:  0, rs1_rdata: 00000000, rs2_addr:  0, rs2_rdata: 00000000, rd_addr:  0, rd_wdata: 00000000, mem_addr: 00000000, mem_rdata: 00000000, mem_wdata: 00000000
ClkCycle:        613, pc_rdata: 0000086e, pc_wdata: 00000872, insn: 00010001, mode: 3, rs1_addr:  2, rs1_rdata: 00000028, rs2_addr:  0, rs2_rdata: 00000000, rd_addr: 10, rd_wdata: 00000028, mem_addr: 00000028, mem_rdata: 00000000, mem_wdata: 00000000
ClkCycle:        614, pc_rdata: 00000872, pc_wdata: 00000876, insn: 00010001, mode: 3, rs1_addr:  0, rs1_rdata: 00000000, rs2_addr:  0, rs2_rdata: 00000000, rd_addr:  0, rd_wdata: 00000000, mem_addr: 00000000, mem_rdata: 00000000, mem_wdata: 00000000
ClkCycle:        615, pc_rdata: 00000876, pc_wdata: 00000878, insn: 03c59593, mode: 3, rs1_addr:  0, rs1_rdata: 00000000, rs2_addr:  0, rs2_rdata: 00000000, rd_addr:  0, rd_wdata: 00000000, mem_addr: 00000000, mem_rdata: 00000000, mem_wdata: 00000000
ClkCycle:        616, pc_rdata: 00000878, pc_wdata: 0000087c, insn: 03c59593, mode: 3, rs1_addr: 11, rs1_rdata: 00000000, rs2_addr: 28, rs2_rdata: 00000000, rd_addr: 11, rd_wdata: 00000000, mem_addr: 00000000, mem_rdata: 00000000, mem_wdata: 00000000
ClkCycle:        617, pc_rdata: 0000087c, pc_wdata: 00000880, insn: fff5c593, mode: 3, rs1_addr: 11, rs1_rdata: 00000000, rs2_addr: 31, rs2_rdata: 00000000, rd_addr: 11, rd_wdata: ffffffff, mem_addr: ffffffff, mem_rdata: 00000000, mem_wdata: 00000000
ClkCycle:        618, pc_rdata: 00000880, pc_wdata: 00000884, insn: 22808513, mode: 3, rs1_addr:  1, rs1_rdata: 00003118, rs2_addr:  8, rs2_rdata: 00000000, rd_addr: 10, rd_wdata: 00003340, mem_addr: 00003340, mem_rdata: 00000000, mem_wdata: 00000000
ClkCycle:        619, pc_rdata: 00000884, pc_wdata: 00000888, insn: 04000113, mode: 3, rs1_addr:  0, rs1_rdata: 00000000, rs2_addr:  0, rs2_rdata: 00000000, rd_addr:  2, rd_wdata: 00000040, mem_addr: 00000040, mem_rdata: 00000000, mem_wdata: 00000000
ClkCycle:        620, pc_rdata: 00000888, pc_wdata: 0000088c, insn: 40250533, mode: 3, rs1_addr: 10, rs1_rdata: 00000028, rs2_addr:  2, rs2_rdata: 00000028, rd_addr: 10, rd_wdata: 00003300, mem_addr: 00003300, mem_rdata: 00000000, mem_wdata: 00000040
f0000000ffffffff
ClkCycle:        621, pc_rdata: 0000088c, pc_wdata: 0000088e, insn: 0001c12c, mode: 3, rs1_addr: 10, rs1_rdata: 00003340, rs2_addr: 11, rs2_rdata: ffffffff, rd_addr:  0, rd_wdata: 00003340, mem_addr: 00003340, mem_rdata: 00000000, mem_wdata: ffffffff
ClkCycle:        622, pc_rdata: 0000088e, pc_wdata: 00000892, insn: 0001c12c, mode: 3, rs1_addr:  0, rs1_rdata: 00000000, rs2_addr:  0, rs2_rdata: 00000000, rd_addr:  0, rd_wdata: 00000000, mem_addr: 00000000, mem_rdata: 00000000, mem_wdata: 00000000
ClkCycle:        623, pc_rdata: 00000892, pc_wdata: 00000894, insn: 95930010, mode: 3, rs1_addr:  0, rs1_rdata: 00000000, rs2_addr:  0, rs2_rdata: 00000000, rd_addr:  0, rd_wdata: 00000000, mem_addr: 00000000, mem_rdata: 00000000, mem_wdata: 00000000
ClkCycle:        624, pc_rdata: 00000894, pc_wdata: 00000896, insn: 95930010, mode: 3, rs1_addr:  2, rs1_rdata: 00000040, rs2_addr:  0, rs2_rdata: 00000000, rd_addr: 12, rd_wdata: 00000040, mem_addr: 00000040, mem_rdata: 00000000, mem_wdata: 00000000
ClkCycle:        625, pc_rdata: 00000896, pc_wdata: 0000089a, insn: 95930010, mode: 3, rs1_addr:  0, rs1_rdata: 00000000, rs2_addr:  0, rs2_rdata: 00000000, rd_addr:  0, rd_wdata: 00000000, mem_addr: 00000000, mem_rdata: 00000000, mem_wdata: 00000000
ClkCycle:        626, pc_rdata: 0000089a, pc_wdata: 0000089e, insn: 8513fff5, mode: 3, rs1_addr: 11, rs1_rdata: ffffffff, rs2_addr: 31, rs2_rdata: 00000000, rd_addr: 11, rd_wdata: 80000000, mem_addr: 80000000, mem_rdata: 00000000, mem_wdata: 00000000
ClkCycle:        627, pc_rdata: 0000089e, pc_wdata: 000008a2, insn: 8513fff5, mode: 3, rs1_addr:  0, rs1_rdata: 00000000, rs2_addr:  0, rs2_rdata: 00000000, rd_addr:  0, rd_wdata: 00000000, mem_addr: 00000000, mem_rdata: 00000000, mem_wdata: 00000000
ClkCycle:        628, pc_rdata: 000008a2, pc_wdata: 000008a6, insn: 053300c0, mode: 3, rs1_addr:  1, rs1_rdata: 00003118, rs2_addr: 12, rs2_rdata: 00000040, rd_addr: 10, rd_wdata: 00003124, mem_addr: 00003124, mem_rdata: 00000000, mem_wdata: 00000040
ClkCycle:        629, pc_rdata: 000008a6, pc_wdata: 000008aa, insn: 053300c0, mode: 3, rs1_addr:  0, rs1_rdata: 00000000, rs2_addr:  0, rs2_rdata: 00000000, rd_addr:  0, rd_wdata: 00000000, mem_addr: 00000000, mem_rdata: 00000000, mem_wdata: 00000000
ClkCycle:        630, pc_rdata: 000008aa, pc_wdata: 000008ae, insn: 00010001, mode: 3, rs1_addr:  2, rs1_rdata: 00000040, rs2_addr:  0, rs2_rdata: 00000000, rd_addr: 10, rd_wdata: 00000040, mem_addr: 00000040, mem_rdata: 00000000, mem_wdata: 00000000
ClkCycle:        631, pc_rdata: 000008ae, pc_wdata: 000008b2, insn: 00010001, mode: 3, rs1_addr:  0, rs1_rdata: 00000000, rs2_addr:  0, rs2_rdata: 00000000, rd_addr:  0, rd_wdata: 00000000, mem_addr: 00000000, mem_rdata: 00000000, mem_wdata: 00000000
ClkCycle:        632, pc_rdata: 000008b2, pc_wdata: 000008b4, insn: 03e59593, mode: 3, rs1_addr:  0, rs1_rdata: 00000000, rs2_addr:  0, rs2_rdata: 00000000, rd_addr:  0, rd_wdata: 00000000, mem_addr: 00000000, mem_rdata: 00000000, mem_wdata: 00000000
ClkCycle:        633, pc_rdata: 000008b4, pc_wdata: 000008b8, insn: 03e59593, mode: 3, rs1_addr: 11, rs1_rdata: 80000000, rs2_addr: 30, rs2_rdata: 00000000, rd_addr: 11, rd_wdata: 00000000, mem_addr: 00000000, mem_rdata: 00000000, mem_wdata: 00000000
ClkCycle:        634, pc_rdata: 000008b8, pc_wdata: 000008bc, insn: fff5c593, mode: 3, rs1_addr: 11, rs1_rdata: 80000000, rs2_addr: 31, rs2_rdata: 00000000, rd_addr: 11, rd_wdata: ffffffff, mem_addr: ffffffff, mem_rdata: 00000000, mem_wdata: 00000000
ClkCycle:        635, pc_rdata: 000008bc, pc_wdata: 000008c0, insn: 23808513, mode: 3, rs1_addr:  1, rs1_rdata: 00003118, rs2_addr: 24, rs2_rdata: 0000007d, rd_addr: 10, rd_wdata: 00003350, mem_addr: 00003350, mem_rdata: 00000000, mem_wdata: 0000007d
ClkCycle:        636, pc_rdata: 000008c0, pc_wdata: 000008c4, insn: 02800113, mode: 3, rs1_addr:  0, rs1_rdata: 00000000, rs2_addr:  8, rs2_rdata: 00000000, rd_addr:  2, rd_wdata: 00000028, mem_addr: 00000028, mem_rdata: 00000000, mem_wdata: 00000000
ClkCycle:        637, pc_rdata: 000008c4, pc_wdata: 000008c8, insn: 40250533, mode: 3, rs1_addr: 10, rs1_rdata: 00000040, rs2_addr:  2, rs2_rdata: 00000040, rd_addr: 10, rd_wdata: 00003328, mem_addr: 00003328, mem_rdata: 00000000, mem_wdata: 00000028
e0000000ffffffff
ClkCycle:        638, pc_rdata: 000008c8, pc_wdata: 000008ca, insn: 0001d50c, mode: 3, rs1_addr: 10, rs1_rdata: 00003350, rs2_addr: 11, rs2_rdata: ffffffff, rd_addr:  8, rd_wdata: 00003350, mem_addr: 00003350, mem_rdata: 00000000, mem_wdata: ffffffff
ClkCycle:        639, pc_rdata: 000008ca, pc_wdata: 000008ce, insn: 0001d50c, mode: 3, rs1_addr:  0, rs1_rdata: 00000000, rs2_addr:  0, rs2_rdata: 00000000, rd_addr:  0, rd_wdata: 00000000, mem_addr: 00000000, mem_rdata: 00000000, mem_wdata: 00000000
ClkCycle:        640, pc_rdata: 000008ce, pc_wdata: 000008d0, insn: 85935555, mode: 3, rs1_addr:  0, rs1_rdata: 00000000, rs2_addr:  0, rs2_rdata: 00000000, rd_addr:  0, rd_wdata: 00000000, mem_addr: 00000000, mem_rdata: 00000000, mem_wdata: 00000000
ClkCycle:        641, pc_rdata: 000008d0, pc_wdata: 000008d2, insn: 85935555, mode: 3, rs1_addr:  0, rs1_rdata: 00000000, rs2_addr: 21, rs2_rdata: 0fab7ffb, rd_addr: 10, rd_wdata: fffffff5, mem_addr: fffffff5, mem_rdata: 00000000, mem_wdata: 0fab7ffb
ClkCycle:        642, pc_rdata: 000008d2, pc_wdata: 000008d6, insn: 85935555, mode: 3, rs1_addr:  0, rs1_rdata: 00000000, rs2_addr:  0, rs2_rdata: 00000000, rd_addr:  0, rd_wdata: 00000000, mem_addr: 00000000, mem_rdata: 00000000, mem_wdata: 00000000
ClkCycle:        643, pc_rdata: 000008d6, pc_wdata: 000008da, insn: 859300b5, mode: 3, rs1_addr: 11, rs1_rdata: ffffffff, rs2_addr: 11, rs2_rdata: ffffffff, rd_addr: 11, rd_wdata: 0000000a, mem_addr: 0000000a, mem_rdata: 00000000, mem_wdata: ffffffff
ClkCycle:        644, pc_rdata: 000008da, pc_wdata: 000008de, insn: 859300b5, mode: 3, rs1_addr:  0, rs1_rdata: 00000000, rs2_addr:  0, rs2_rdata: 00000000, rd_addr:  0, rd_wdata: 00000000, mem_addr: 00000000, mem_rdata: 00000000, mem_wdata: 00000000
ClkCycle:        645, pc_rdata: 000008de, pc_wdata: 000008e2, insn: 859300b5, mode: 3, rs1_addr: 11, rs1_rdata: ffffffff, rs2_addr: 11, rs2_rdata: ffffffff, rd_addr: 11, rd_wdata: 00000015, mem_addr: 00000015, mem_rdata: 00000000, mem_wdata: 0000000a
ClkCycle:        646, pc_rdata: 000008e2, pc_wdata: 000008e6, insn: 859300b5, mode: 3, rs1_addr:  0, rs1_rdata: 00000000, rs2_addr:  0, rs2_rdata: 00000000, rd_addr:  0, rd_wdata: 00000000, mem_addr: 00000000, mem_rdata: 00000000, mem_wdata: 00000000
ClkCycle:        647, pc_rdata: 000008e6, pc_wdata: 000008ea, insn: 859300a5, mode: 3, rs1_addr: 11, rs1_rdata: 0000000a, rs2_addr: 10, rs2_rdata: fffffff5, rd_addr: 11, rd_wdata: 0000001f, mem_addr: 0000001f, mem_rdata: 00000000, mem_wdata: fffffff5
ClkCycle:        648, pc_rdata: 000008ea, pc_wdata: 000008ee, insn: 859300a5, mode: 3, rs1_addr:  0, rs1_rdata: 00000000, rs2_addr:  0, rs2_rdata: 00000000, rd_addr:  0, rd_wdata: 00000000, mem_addr: 00000000, mem_rdata: 00000000, mem_wdata: 00000000
ClkCycle:        649, pc_rdata: 000008ee, pc_wdata: 000008f2, insn: 01132400, mode: 3, rs1_addr:  1, rs1_rdata: 00003118, rs2_addr:  0, rs2_rdata: 00000000, rd_addr: 11, rd_wdata: 00003358, mem_addr: 00003358, mem_rdata: 00000000, mem_wdata: 00000000
ClkCycle:        650, pc_rdata: 000008f2, pc_wdata: 000008f6, insn: 01132400, mode: 3, rs1_addr:  0, rs1_rdata: 00000000, rs2_addr:  0, rs2_rdata: 00000000, rd_addr:  0, rd_wdata: 00000000, mem_addr: 00000000, mem_rdata: 00000000, mem_wdata: 00000000
ClkCycle:        651, pc_rdata: 000008f6, pc_wdata: 000008fa, insn: c94c4025, mode: 3, rs1_addr: 10, rs1_rdata: fffffff5, rs2_addr:  2, rs2_rdata: 00000028, rd_addr:  2, rd_wdata: 000003f7, mem_addr: 000003f7, mem_rdata: 00000000, mem_wdata: 00000028
ClkCycle:        652, pc_rdata: 000008fa, pc_wdata: 000008fe, insn: c94c4025, mode: 3, rs1_addr:  0, rs1_rdata: 00000000, rs2_addr:  0, rs2_rdata: 00000000, rd_addr:  0, rd_wdata: 00000000, mem_addr: 00000000, mem_rdata: 00000000, mem_wdata: 00000000
0000000100003358
ClkCycle:        653, pc_rdata: 000008fe, pc_wdata: 00000900, insn: aaaab5b7, mode: 3, rs1_addr: 10, rs1_rdata: fffffff5, rs2_addr: 11, rs2_rdata: 00003358, rd_addr: 20, rd_wdata: 00000009, mem_addr: 00000009, mem_rdata: 00000000, mem_wdata: 00003358
ClkCycle:        654, pc_rdata: 00000900, pc_wdata: 00000904, insn: aaaab5b7, mode: 3, rs1_addr: 21, rs1_rdata: 0fab7ffb, rs2_addr: 10, rs2_rdata: fffffff5, rd_addr: 11, rd_wdata: aaaab000, mem_addr: aaaab000, mem_rdata: 00000000, mem_wdata: fffffff5
ClkCycle:        655, pc_rdata: 00000904, pc_wdata: 00000908, insn: aaa58593, mode: 3, rs1_addr: 11, rs1_rdata: 00003358, rs2_addr: 10, rs2_rdata: fffffff5, rd_addr: 11, rd_wdata: aaaaaaaa, mem_addr: aaaaaaaa, mem_rdata: 00000000, mem_wdata: fffffff5
ClkCycle:        656, pc_rdata: 00000908, pc_wdata: 0000090c, insn: 00b59593, mode: 3, rs1_addr: 11, rs1_rdata: 00003358, rs2_addr: 11, rs2_rdata: 00003358, rd_addr: 11, rd_wdata: 55555000, mem_addr: 55555000, mem_rdata: 00000000, mem_wdata: aaaaaaaa
ClkCycle:        657, pc_rdata: 0000090c, pc_wdata: 00000910, insn: 55558593, mode: 3, rs1_addr: 11, rs1_rdata: aaaab000, rs2_addr: 21, rs2_rdata: 0fab7ffb, rd_addr: 11, rd_wdata: 55555555, mem_addr: 55555555, mem_rdata: 00000000, mem_wdata: 0fab7ffb
ClkCycle:        658, pc_rdata: 00000910, pc_wdata: 00000914, insn: 00b59593, mode: 3, rs1_addr: 11, rs1_rdata: aaaaaaaa, rs2_addr: 11, rs2_rdata: aaaaaaaa, rd_addr: 11, rd_wdata: aaaaa800, mem_addr: aaaaa800, mem_rdata: 00000000, mem_wdata: 55555555
ClkCycle:        659, pc_rdata: 00000914, pc_wdata: 00000918, insn: 2aa58593, mode: 3, rs1_addr: 11, rs1_rdata: 55555000, rs2_addr: 10, rs2_rdata: fffffff5, rd_addr: 11, rd_wdata: aaaaaaaa, mem_addr: aaaaaaaa, mem_rdata: 00000000, mem_wdata: fffffff5
ClkCycle:        660, pc_rdata: 00000918, pc_wdata: 0000091c, insn: 00a59593, mode: 3, rs1_addr: 11, rs1_rdata: 55555555, rs2_addr: 10, rs2_rdata: fffffff5, rd_addr: 11, rd_wdata: aaaaa800, mem_addr: aaaaa800, mem_rdata: 00000000, mem_wdata: fffffff5
ClkCycle:        661, pc_rdata: 0000091c, pc_wdata: 00000920, insn: 2aa58593, mode: 3, rs1_addr: 11, rs1_rdata: aaaaa800, rs2_addr: 10, rs2_rdata: fffffff5, rd_addr: 11, rd_wdata: aaaaaaaa, mem_addr: aaaaaaaa, mem_rdata: 00000000, mem_wdata: fffffff5
ClkCycle:        662, pc_rdata: 00000920, pc_wdata: 00000924, insn: 24808513, mode: 3, rs1_addr:  1, rs1_rdata: 00003118, rs2_addr:  8, rs2_rdata: 00000000, rd_addr: 10, rd_wdata: 00003360, mem_addr: 00003360, mem_rdata: 00000000, mem_wdata: 00000000
ClkCycle:        663, pc_rdata: 00000924, pc_wdata: 00000928, insn: 03000113, mode: 3, rs1_addr:  0, rs1_rdata: 00000000, rs2_addr: 16, rs2_rdata: 7d5bfddb, rd_addr:  2, rd_wdata: 00000030, mem_addr: 00000030, mem_rdata: 00000000, mem_wdata: 7d5bfddb
ClkCycle:        664, pc_rdata: 00000928, pc_wdata: 0000092c, insn: 40250533, mode: 3, rs1_addr: 10, rs1_rdata: fffffff5, rs2_addr:  2, rs2_rdata: 000003f7, rd_addr: 10, rd_wdata: 00003330, mem_addr: 00003330, mem_rdata: 00000000, mem_wdata: 00000030
aaaaaaaaaaaaaaaa
ClkCycle:        665, pc_rdata: 0000092c, pc_wdata: 0000092e, insn: 0001d90c, mode: 3, rs1_addr: 10, rs1_rdata: 00003360, rs2_addr: 11, rs2_rdata: aaaaaaaa, rd_addr: 16, rd_wdata: 00003360, mem_addr: 00003360, mem_rdata: 00000000, mem_wdata: aaaaaaaa
ClkCycle:        666, pc_rdata: 0000092e, pc_wdata: 00000932, insn: 0001d90c, mode: 3, rs1_addr:  0, rs1_rdata: 00000000, rs2_addr:  0, rs2_rdata: 00000000, rd_addr:  0, rd_wdata: 00000000, mem_addr: 00000000, mem_rdata: 00000000, mem_wdata: 00000000
ClkCycle:        667, pc_rdata: 00000932, pc_wdata: 00000934, insn: 8513ffd0, mode: 3, rs1_addr:  0, rs1_rdata: 00000000, rs2_addr:  0, rs2_rdata: 00000000, rd_addr:  0, rd_wdata: 00000000, mem_addr: 00000000, mem_rdata: 00000000, mem_wdata: 00000000
0000000000000040
ClkCycle:        668, pc_rdata: 00000934, pc_wdata: 00000936, insn: 8513ffd0, mode: 3, rs1_addr: 15, rs1_rdata: 00000000, rs2_addr: 12, rs2_rdata: 00000040, rd_addr: 28, rd_wdata: 0000003c, mem_addr: 0000003c, mem_rdata: 00000000, mem_wdata: 00000040
ClkCycle:        669, pc_rdata: 00000936, pc_wdata: 0000093a, insn: 8513ffd0, mode: 3, rs1_addr:  0, rs1_rdata: 00000000, rs2_addr:  0, rs2_rdata: 00000000, rd_addr:  0, rd_wdata: 00000000, mem_addr: 00000000, mem_rdata: 00000000, mem_wdata: 00000000
ClkCycle:        670, pc_rdata: 0000093a, pc_wdata: 0000093e, insn: 053304c0, mode: 3, rs1_addr:  1, rs1_rdata: 00003118, rs2_addr: 12, rs2_rdata: 00000040, rd_addr: 10, rd_wdata: 00003164, mem_addr: 00003164, mem_rdata: 00000000, mem_wdata: 00000040
ClkCycle:        671, pc_rdata: 0000093e, pc_wdata: 00000942, insn: 053304c0, mode: 3, rs1_addr:  0, rs1_rdata: 00000000, rs2_addr:  0, rs2_rdata: 00000000, rd_addr:  0, rd_wdata: 00000000, mem_addr: 00000000, mem_rdata: 00000000, mem_wdata: 00000000
ClkCycle:        672, pc_rdata: 00000942, pc_wdata: 00000946, insn: 00010001, mode: 3, rs1_addr:  2, rs1_rdata: 00000030, rs2_addr:  0, rs2_rdata: 00000000, rd_addr: 10, rd_wdata: 00000030, mem_addr: 00000030, mem_rdata: 00000000, mem_wdata: 00000000
ClkCycle:        673, pc_rdata: 00000946, pc_wdata: 0000094a, insn: 00010001, mode: 3, rs1_addr:  0, rs1_rdata: 00000000, rs2_addr:  0, rs2_rdata: 00000000, rd_addr:  0, rd_wdata: 00000000, mem_addr: 00000000, mem_rdata: 00000000, mem_wdata: 00000000
ClkCycle:        674, pc_rdata: 0000094a, pc_wdata: 0000094c, insn: 25808513, mode: 3, rs1_addr:  0, rs1_rdata: 00000000, rs2_addr:  0, rs2_rdata: 00000000, rd_addr:  0, rd_wdata: 00000000, mem_addr: 00000000, mem_rdata: 00000000, mem_wdata: 00000000
ClkCycle:        675, pc_rdata: 0000094c, pc_wdata: 00000950, insn: 25808513, mode: 3, rs1_addr:  1, rs1_rdata: 00003118, rs2_addr: 24, rs2_rdata: 0000007d, rd_addr: 10, rd_wdata: 00003370, mem_addr: 00003370, mem_rdata: 00000000, mem_wdata: 0000007d
ClkCycle:        676, pc_rdata: 00000950, pc_wdata: 00000954, insn: 02400113, mode: 3, rs1_addr:  0, rs1_rdata: 00000000, rs2_addr:  4, rs2_rdata: 6dfdffff, rd_addr:  2, rd_wdata: 00000024, mem_addr: 00000024, mem_rdata: 00000000, mem_wdata: 6dfdffff
ClkCycle:        677, pc_rdata: 00000954, pc_wdata: 00000958, insn: 40250533, mode: 3, rs1_addr: 10, rs1_rdata: 00000030, rs2_addr:  2, rs2_rdata: 00000030, rd_addr: 10, rd_wdata: 0000334c, mem_addr: 0000334c, mem_rdata: 00000000, mem_wdata: 00000024
aaaaaaaaaaaaaaaa
ClkCycle:        678, pc_rdata: 00000958, pc_wdata: 0000095a, insn: 0001d14c, mode: 3, rs1_addr: 10, rs1_rdata: 00003370, rs2_addr: 11, rs2_rdata: aaaaaaaa, rd_addr:  4, rd_wdata: 00003370, mem_addr: 00003370, mem_rdata: 00000000, mem_wdata: aaaaaaaa
ClkCycle:        679, pc_rdata: 0000095a, pc_wdata: 0000095e, insn: 0001d14c, mode: 3, rs1_addr:  0, rs1_rdata: 00000000, rs2_addr:  0, rs2_rdata: 00000000, rd_addr:  0, rd_wdata: 00000000, mem_addr: 00000000, mem_rdata: 00000000, mem_wdata: 00000000
ClkCycle:        680, pc_rdata: 0000095e, pc_wdata: 00000960, insn: 8513ff70, mode: 3, rs1_addr:  0, rs1_rdata: 00000000, rs2_addr:  0, rs2_rdata: 00000000, rd_addr:  0, rd_wdata: 00000000, mem_addr: 00000000, mem_rdata: 00000000, mem_wdata: 00000000
0000000000000040
ClkCycle:        681, pc_rdata: 00000960, pc_wdata: 00000962, insn: 8513ff70, mode: 3, rs1_addr: 14, rs1_rdata: 00003114, rs2_addr: 12, rs2_rdata: 00000040, rd_addr: 28, rd_wdata: 00003190, mem_addr: 00003190, mem_rdata: 00000000, mem_wdata: 00000040
ClkCycle:        682, pc_rdata: 00000962, pc_wdata: 00000966, insn: 8513ff70, mode: 3, rs1_addr:  0, rs1_rdata: 00000000, rs2_addr:  0, rs2_rdata: 00000000, rd_addr:  0, rd_wdata: 00000000, mem_addr: 00000000, mem_rdata: 00000000, mem_wdata: 00000000
ClkCycle:        683, pc_rdata: 00000966, pc_wdata: 0000096a, insn: 053301c0, mode: 3, rs1_addr:  1, rs1_rdata: 00003118, rs2_addr: 28, rs2_rdata: 00000000, rd_addr: 10, rd_wdata: 00003134, mem_addr: 00003134, mem_rdata: 00000000, mem_wdata: 00000000
ClkCycle:        684, pc_rdata: 0000096a, pc_wdata: 0000096e, insn: 053301c0, mode: 3, rs1_addr:  0, rs1_rdata: 00000000, rs2_addr:  0, rs2_rdata: 00000000, rd_addr:  0, rd_wdata: 00000000, mem_addr: 00000000, mem_rdata: 00000000, mem_wdata: 00000000
ClkCycle:        685, pc_rdata: 0000096e, pc_wdata: 00000972, insn: 00010001, mode: 3, rs1_addr:  2, rs1_rdata: 00000024, rs2_addr:  0, rs2_rdata: 00000000, rd_addr: 10, rd_wdata: 00000024, mem_addr: 00000024, mem_rdata: 00000000, mem_wdata: 00000000
ClkCycle:        686, pc_rdata: 00000972, pc_wdata: 00000976, insn: 00010001, mode: 3, rs1_addr:  0, rs1_rdata: 00000000, rs2_addr:  0, rs2_rdata: 00000000, rd_addr:  0, rd_wdata: 00000000, mem_addr: 00000000, mem_rdata: 00000000, mem_wdata: 00000000
ClkCycle:        687, pc_rdata: 00000976, pc_wdata: 00000978, insn: 26808513, mode: 3, rs1_addr:  0, rs1_rdata: 00000000, rs2_addr:  0, rs2_rdata: 00000000, rd_addr:  0, rd_wdata: 00000000, mem_addr: 00000000, mem_rdata: 00000000, mem_wdata: 00000000
ClkCycle:        688, pc_rdata: 00000978, pc_wdata: 0000097c, insn: 26808513, mode: 3, rs1_addr:  1, rs1_rdata: 00003118, rs2_addr:  8, rs2_rdata: 00000000, rd_addr: 10, rd_wdata: 00003380, mem_addr: 00003380, mem_rdata: 00000000, mem_wdata: 00000000
ClkCycle:        689, pc_rdata: 0000097c, pc_wdata: 00000980, insn: 03000113, mode: 3, rs1_addr:  0, rs1_rdata: 00000000, rs2_addr: 16, rs2_rdata: 7d5bfddb, rd_addr:  2, rd_wdata: 00000030, mem_addr: 00000030, mem_rdata: 00000000, mem_wdata: 7d5bfddb
ClkCycle:        690, pc_rdata: 00000980, pc_wdata: 00000984, insn: 40250533, mode: 3, rs1_addr: 10, rs1_rdata: 00000024, rs2_addr:  2, rs2_rdata: 00000024, rd_addr: 10, rd_wdata: 00003350, mem_addr: 00003350, mem_rdata: 00000000, mem_wdata: 00000030
aaaaaaaaaaaaaaaa
ClkCycle:        691, pc_rdata: 00000984, pc_wdata: 00000986, insn: 0001d90c, mode: 3, rs1_addr: 10, rs1_rdata: 00003380, rs2_addr: 11, rs2_rdata: aaaaaaaa, rd_addr: 16, rd_wdata: 00003380, mem_addr: 00003380, mem_rdata: 00000000, mem_wdata: aaaaaaaa
ClkCycle:        692, pc_rdata: 00000986, pc_wdata: 0000098a, insn: 0001d90c, mode: 3, rs1_addr:  0, rs1_rdata: 00000000, rs2_addr:  0, rs2_rdata: 00000000, rd_addr:  0, rd_wdata: 00000000, mem_addr: 00000000, mem_rdata: 00000000, mem_wdata: 00000000
ClkCycle:        693, pc_rdata: 0000098a, pc_wdata: 0000098c, insn: 8513fdf0, mode: 3, rs1_addr:  0, rs1_rdata: 00000000, rs2_addr:  0, rs2_rdata: 00000000, rd_addr:  0, rd_wdata: 00000000, mem_addr: 00000000, mem_rdata: 00000000, mem_wdata: 00000000
0000000000000040
ClkCycle:        694, pc_rdata: 0000098c, pc_wdata: 0000098e, insn: 8513fdf0, mode: 3, rs1_addr: 11, rs1_rdata: aaaaaaaa, rs2_addr: 12, rs2_rdata: 00000040, rd_addr: 28, rd_wdata: aaaaab26, mem_addr: aaaaab26, mem_rdata: 00000000, mem_wdata: 00000040
ClkCycle:        695, pc_rdata: 0000098e, pc_wdata: 00000992, insn: 8513fdf0, mode: 3, rs1_addr:  0, rs1_rdata: 00000000, rs2_addr:  0, rs2_rdata: 00000000, rd_addr:  0, rd_wdata: 00000000, mem_addr: 00000000, mem_rdata: 00000000, mem_wdata: 00000000
ClkCycle:        696, pc_rdata: 00000992, pc_wdata: 00000996, insn: 05330140, mode: 3, rs1_addr:  1, rs1_rdata: 00003118, rs2_addr: 20, rs2_rdata: d5bffdff, rd_addr: 10, rd_wdata: 0000312c, mem_addr: 0000312c, mem_rdata: 00000000, mem_wdata: d5bffdff
ClkCycle:        697, pc_rdata: 00000996, pc_wdata: 0000099a, insn: 05330140, mode: 3, rs1_addr:  0, rs1_rdata: 00000000, rs2_addr:  0, rs2_rdata: 00000000, rd_addr:  0, rd_wdata: 00000000, mem_addr: 00000000, mem_rdata: 00000000, mem_wdata: 00000000
ClkCycle:        698, pc_rdata: 0000099a, pc_wdata: 0000099e, insn: 00010001, mode: 3, rs1_addr:  2, rs1_rdata: 00000030, rs2_addr:  0, rs2_rdata: 00000000, rd_addr: 10, rd_wdata: 00000030, mem_addr: 00000030, mem_rdata: 00000000, mem_wdata: 00000000
ClkCycle:        699, pc_rdata: 0000099e, pc_wdata: 000009a2, insn: 00010001, mode: 3, rs1_addr:  0, rs1_rdata: 00000000, rs2_addr:  0, rs2_rdata: 00000000, rd_addr:  0, rd_wdata: 00000000, mem_addr: 00000000, mem_rdata: 00000000, mem_wdata: 00000000
ClkCycle:        700, pc_rdata: 000009a2, pc_wdata: 000009a4, insn: 27808513, mode: 3, rs1_addr:  0, rs1_rdata: 00000000, rs2_addr:  0, rs2_rdata: 00000000, rd_addr:  0, rd_wdata: 00000000, mem_addr: 00000000, mem_rdata: 00000000, mem_wdata: 00000000
ClkCycle:        701, pc_rdata: 000009a4, pc_wdata: 000009a8, insn: 27808513, mode: 3, rs1_addr:  1, rs1_rdata: 00003118, rs2_addr: 24, rs2_rdata: 0000007d, rd_addr: 10, rd_wdata: 00003390, mem_addr: 00003390, mem_rdata: 00000000, mem_wdata: 0000007d
ClkCycle:        702, pc_rdata: 000009a8, pc_wdata: 000009ac, insn: 02800113, mode: 3, rs1_addr:  0, rs1_rdata: 00000000, rs2_addr:  8, rs2_rdata: 00000000, rd_addr:  2, rd_wdata: 00000028, mem_addr: 00000028, mem_rdata: 00000000, mem_wdata: 00000000
ClkCycle:        703, pc_rdata: 000009ac, pc_wdata: 000009b0, insn: 40250533, mode: 3, rs1_addr: 10, rs1_rdata: 00000030, rs2_addr:  2, rs2_rdata: 00000030, rd_addr: 10, rd_wdata: 00003368, mem_addr: 00003368, mem_rdata: 00000000, mem_wdata: 00000028
aaaaaaaaaaaaaaaa
ClkCycle:        704, pc_rdata: 000009b0, pc_wdata: 000009b2, insn: 0001d50c, mode: 3, rs1_addr: 10, rs1_rdata: 00003390, rs2_addr: 11, rs2_rdata: aaaaaaaa, rd_addr:  8, rd_wdata: 00003390, mem_addr: 00003390, mem_rdata: 00000000, mem_wdata: aaaaaaaa
ClkCycle:        705, pc_rdata: 000009b2, pc_wdata: 000009b6, insn: 0001d50c, mode: 3, rs1_addr:  0, rs1_rdata: 00000000, rs2_addr:  0, rs2_rdata: 00000000, rd_addr:  0, rd_wdata: 00000000, mem_addr: 00000000, mem_rdata: 00000000, mem_wdata: 00000000
ClkCycle:        706, pc_rdata: 000009b6, pc_wdata: 000009b8, insn: 8513f7f0, mode: 3, rs1_addr:  0, rs1_rdata: 00000000, rs2_addr:  0, rs2_rdata: 00000000, rd_addr:  0, rd_wdata: 00000000, mem_addr: 00000000, mem_rdata: 00000000, mem_wdata: 00000000
0000000000000040
ClkCycle:        707, pc_rdata: 000009b8, pc_wdata: 000009ba, insn: 8513f7f0, mode: 3, rs1_addr: 15, rs1_rdata: 00000000, rs2_addr: 12, rs2_rdata: 00000040, rd_addr: 12, rd_wdata: 0000006c, mem_addr: 0000006c, mem_rdata: 00000000, mem_wdata: 00000040
ClkCycle:        708, pc_rdata: 000009ba, pc_wdata: 000009be, insn: 8513f7f0, mode: 3, rs1_addr:  0, rs1_rdata: 00000000, rs2_addr:  0, rs2_rdata: 00000000, rd_addr:  0, rd_wdata: 00000000, mem_addr: 00000000, mem_rdata: 00000000, mem_wdata: 00000000
ClkCycle:        709, pc_rdata: 000009be, pc_wdata: 000009c2, insn: 05330480, mode: 3, rs1_addr:  1, rs1_rdata: 00003118, rs2_addr:  8, rs2_rdata: 00000000, rd_addr: 10, rd_wdata: 00003160, mem_addr: 00003160, mem_rdata: 00000000, mem_wdata: 00000000
ClkCycle:        710, pc_rdata: 000009c2, pc_wdata: 000009c6, insn: 05330480, mode: 3, rs1_addr:  0, rs1_rdata: 00000000, rs2_addr:  0, rs2_rdata: 00000000, rd_addr:  0, rd_wdata: 00000000, mem_addr: 00000000, mem_rdata: 00000000, mem_wdata: 00000000
ClkCycle:        711, pc_rdata: 000009c6, pc_wdata: 000009ca, insn: 00010001, mode: 3, rs1_addr:  2, rs1_rdata: 00000028, rs2_addr:  0, rs2_rdata: 00000000, rd_addr: 10, rd_wdata: 00000028, mem_addr: 00000028, mem_rdata: 00000000, mem_wdata: 00000000
ClkCycle:        712, pc_rdata: 000009ca, pc_wdata: 000009ce, insn: 00010001, mode: 3, rs1_addr:  0, rs1_rdata: 00000000, rs2_addr:  0, rs2_rdata: 00000000, rd_addr:  0, rd_wdata: 00000000, mem_addr: 00000000, mem_rdata: 00000000, mem_wdata: 00000000
ClkCycle:        713, pc_rdata: 000009ce, pc_wdata: 000009d0, insn: 28808513, mode: 3, rs1_addr:  0, rs1_rdata: 00000000, rs2_addr:  0, rs2_rdata: 00000000, rd_addr:  0, rd_wdata: 00000000, mem_addr: 00000000, mem_rdata: 00000000, mem_wdata: 00000000
ClkCycle:        714, pc_rdata: 000009d0, pc_wdata: 000009d4, insn: 28808513, mode: 3, rs1_addr:  1, rs1_rdata: 00003118, rs2_addr:  8, rs2_rdata: 00000000, rd_addr: 10, rd_wdata: 000033a0, mem_addr: 000033a0, mem_rdata: 00000000, mem_wdata: 00000000
ClkCycle:        715, pc_rdata: 000009d4, pc_wdata: 000009d8, insn: 03400113, mode: 3, rs1_addr:  0, rs1_rdata: 00000000, rs2_addr: 20, rs2_rdata: d5bffdff, rd_addr:  2, rd_wdata: 00000034, mem_addr: 00000034, mem_rdata: 00000000, mem_wdata: d5bffdff
ClkCycle:        716, pc_rdata: 000009d8, pc_wdata: 000009dc, insn: 40250533, mode: 3, rs1_addr: 10, rs1_rdata: 00000028, rs2_addr:  2, rs2_rdata: 00000028, rd_addr: 10, rd_wdata: 0000336c, mem_addr: 0000336c, mem_rdata: 00000000, mem_wdata: 00000034
aaaaaaaaaaaaaaaa
ClkCycle:        717, pc_rdata: 000009dc, pc_wdata: 000009de, insn: 0001d94c, mode: 3, rs1_addr: 10, rs1_rdata: 000033a0, rs2_addr: 11, rs2_rdata: aaaaaaaa, rd_addr: 20, rd_wdata: 000033a0, mem_addr: 000033a0, mem_rdata: 00000000, mem_wdata: aaaaaaaa
ClkCycle:        718, pc_rdata: 000009de, pc_wdata: 000009e2, insn: 0001d94c, mode: 3, rs1_addr:  0, rs1_rdata: 00000000, rs2_addr:  0, rs2_rdata: 00000000, rd_addr:  0, rd_wdata: 00000000, mem_addr: 00000000, mem_rdata: 00000000, mem_wdata: 00000000
ClkCycle:        719, pc_rdata: 000009e2, pc_wdata: 000009e4, insn: 8513dff0, mode: 3, rs1_addr:  0, rs1_rdata: 00000000, rs2_addr:  0, rs2_rdata: 00000000, rd_addr:  0, rd_wdata: 00000000, mem_addr: 00000000, mem_rdata: 00000000, mem_wdata: 00000000
0000000000000040
ClkCycle:        720, pc_rdata: 000009e4, pc_wdata: 000009e6, insn: 8513dff0, mode: 3, rs1_addr: 15, rs1_rdata: 00000000, rs2_addr: 12, rs2_rdata: 00000040, rd_addr: 28, rd_wdata: 0000007c, mem_addr: 0000007c, mem_rdata: 00000000, mem_wdata: 00000040
ClkCycle:        721, pc_rdata: 000009e6, pc_wdata: 000009ea, insn: 8513dff0, mode: 3, rs1_addr:  0, rs1_rdata: 00000000, rs2_addr:  0, rs2_rdata: 00000000, rd_addr:  0, rd_wdata: 00000000, mem_addr: 00000000, mem_rdata: 00000000, mem_wdata: 00000000
ClkCycle:        722, pc_rdata: 000009ea, pc_wdata: 000009ee, insn: 053301c0, mode: 3, rs1_addr:  1, rs1_rdata: 00003118, rs2_addr: 28, rs2_rdata: 00000000, rd_addr: 10, rd_wdata: 00003134, mem_addr: 00003134, mem_rdata: 00000000, mem_wdata: 00000000
ClkCycle:        723, pc_rdata: 000009ee, pc_wdata: 000009f2, insn: 053301c0, mode: 3, rs1_addr:  0, rs1_rdata: 00000000, rs2_addr:  0, rs2_rdata: 00000000, rd_addr:  0, rd_wdata: 00000000, mem_addr: 00000000, mem_rdata: 00000000, mem_wdata: 00000000
ClkCycle:        724, pc_rdata: 000009f2, pc_wdata: 000009f6, insn: 00010001, mode: 3, rs1_addr:  2, rs1_rdata: 00000034, rs2_addr:  0, rs2_rdata: 00000000, rd_addr: 10, rd_wdata: 00000034, mem_addr: 00000034, mem_rdata: 00000000, mem_wdata: 00000000
ClkCycle:        725, pc_rdata: 000009f6, pc_wdata: 000009fa, insn: 00010001, mode: 3, rs1_addr:  0, rs1_rdata: 00000000, rs2_addr:  0, rs2_rdata: 00000000, rd_addr:  0, rd_wdata: 00000000, mem_addr: 00000000, mem_rdata: 00000000, mem_wdata: 00000000
ClkCycle:        726, pc_rdata: 000009fa, pc_wdata: 000009fc, insn: 29808513, mode: 3, rs1_addr:  0, rs1_rdata: 00000000, rs2_addr:  0, rs2_rdata: 00000000, rd_addr:  0, rd_wdata: 00000000, mem_addr: 00000000, mem_rdata: 00000000, mem_wdata: 00000000
ClkCycle:        727, pc_rdata: 000009fc, pc_wdata: 00000a00, insn: 29808513, mode: 3, rs1_addr:  1, rs1_rdata: 00003118, rs2_addr: 24, rs2_rdata: 0000007d, rd_addr: 10, rd_wdata: 000033b0, mem_addr: 000033b0, mem_rdata: 00000000, mem_wdata: 0000007d
ClkCycle:        728, pc_rdata: 00000a00, pc_wdata: 00000a04, insn: 07800113, mode: 3, rs1_addr:  0, rs1_rdata: 00000000, rs2_addr: 24, rs2_rdata: 0000007d, rd_addr:  2, rd_wdata: 00000078, mem_addr: 00000078, mem_rdata: 00000000, mem_wdata: 0000007d
ClkCycle:        729, pc_rdata: 00000a04, pc_wdata: 00000a08, insn: 40250533, mode: 3, rs1_addr: 10, rs1_rdata: 00000034, rs2_addr:  2, rs2_rdata: 00000034, rd_addr: 10, rd_wdata: 00003338, mem_addr: 00003338, mem_rdata: 00000000, mem_wdata: 00000078
aaaaaaaaaaaaaaaa
ClkCycle:        730, pc_rdata: 00000a08, pc_wdata: 00000a0a, insn: 0001dd2c, mode: 3, rs1_addr: 10, rs1_rdata: 000033b0, rs2_addr: 11, rs2_rdata: aaaaaaaa, rd_addr: 24, rd_wdata: 000033b0, mem_addr: 000033b0, mem_rdata: 00000000, mem_wdata: aaaaaaaa
ClkCycle:        731, pc_rdata: 00000a0a, pc_wdata: 00000a0e, insn: 0001dd2c, mode: 3, rs1_addr:  0, rs1_rdata: 00000000, rs2_addr:  0, rs2_rdata: 00000000, rd_addr:  0, rd_wdata: 00000000, mem_addr: 00000000, mem_rdata: 00000000, mem_wdata: 00000000
ClkCycle:        732, pc_rdata: 00000a0e, pc_wdata: 00000a10, insn: 95930010, mode: 3, rs1_addr:  0, rs1_rdata: 00000000, rs2_addr:  0, rs2_rdata: 00000000, rd_addr:  0, rd_wdata: 00000000, mem_addr: 00000000, mem_rdata: 00000000, mem_wdata: 00000000
ClkCycle:        733, pc_rdata: 00000a10, pc_wdata: 00000a12, insn: 95930010, mode: 3, rs1_addr:  2, rs1_rdata: 00000078, rs2_addr:  0, rs2_rdata: 00000000, rd_addr: 12, rd_wdata: 00000078, mem_addr: 00000078, mem_rdata: 00000000, mem_wdata: 00000000
ClkCycle:        734, pc_rdata: 00000a12, pc_wdata: 00000a16, insn: 95930010, mode: 3, rs1_addr:  0, rs1_rdata: 00000000, rs2_addr:  0, rs2_rdata: 00000000, rd_addr:  0, rd_wdata: 00000000, mem_addr: 00000000, mem_rdata: 00000000, mem_wdata: 00000000
ClkCycle:        735, pc_rdata: 00000a16, pc_wdata: 00000a1a, insn: 8513fff5, mode: 3, rs1_addr: 11, rs1_rdata: aaaaaaaa, rs2_addr: 31, rs2_rdata: 00000000, rd_addr: 11, rd_wdata: 00000000, mem_addr: 00000000, mem_rdata: 00000000, mem_wdata: 00000000
ClkCycle:        736, pc_rdata: 00000a1a, pc_wdata: 00000a1e, insn: 8513fff5, mode: 3, rs1_addr:  0, rs1_rdata: 00000000, rs2_addr:  0, rs2_rdata: 00000000, rd_addr:  0, rd_wdata: 00000000, mem_addr: 00000000, mem_rdata: 00000000, mem_wdata: 00000000
ClkCycle:        737, pc_rdata: 00000a1e, pc_wdata: 00000a22, insn: 05330540, mode: 3, rs1_addr:  1, rs1_rdata: 00003118, rs2_addr: 20, rs2_rdata: d5bffdff, rd_addr: 10, rd_wdata: 0000316c, mem_addr: 0000316c, mem_rdata: 00000000, mem_wdata: d5bffdff
ClkCycle:        738, pc_rdata: 00000a22, pc_wdata: 00000a26, insn: 05330540, mode: 3, rs1_addr:  0, rs1_rdata: 00000000, rs2_addr:  0, rs2_rdata: 00000000, rd_addr:  0, rd_wdata: 00000000, mem_addr: 00000000, mem_rdata: 00000000, mem_wdata: 00000000
ClkCycle:        739, pc_rdata: 00000a26, pc_wdata: 00000a2a, insn: 00010001, mode: 3, rs1_addr:  2, rs1_rdata: 00000078, rs2_addr:  0, rs2_rdata: 00000000, rd_addr: 10, rd_wdata: 00000078, mem_addr: 00000078, mem_rdata: 00000000, mem_wdata: 00000000
ClkCycle:        740, pc_rdata: 00000a2a, pc_wdata: 00000a2e, insn: 00010001, mode: 3, rs1_addr:  0, rs1_rdata: 00000000, rs2_addr:  0, rs2_rdata: 00000000, rd_addr:  0, rd_wdata: 00000000, mem_addr: 00000000, mem_rdata: 00000000, mem_wdata: 00000000
ClkCycle:        741, pc_rdata: 00000a2e, pc_wdata: 00000a30, insn: 00c59593, mode: 3, rs1_addr:  0, rs1_rdata: 00000000, rs2_addr:  0, rs2_rdata: 00000000, rd_addr:  0, rd_wdata: 00000000, mem_addr: 00000000, mem_rdata: 00000000, mem_wdata: 00000000
ClkCycle:        742, pc_rdata: 00000a30, pc_wdata: 00000a34, insn: 00c59593, mode: 3, rs1_addr: 11, rs1_rdata: 00000000, rs2_addr: 12, rs2_rdata: 00000078, rd_addr: 11, rd_wdata: 00000000, mem_addr: 00000000, mem_rdata: 00000000, mem_wdata: 00000078
ClkCycle:        743, pc_rdata: 00000a34, pc_wdata: 00000a38, insn: fff5c593, mode: 3, rs1_addr: 11, rs1_rdata: 00000000, rs2_addr: 31, rs2_rdata: 00000000, rd_addr: 11, rd_wdata: ffffffff, mem_addr: ffffffff, mem_rdata: 00000000, mem_wdata: 00000000
ClkCycle:        744, pc_rdata: 00000a38, pc_wdata: 00000a3c, insn: 2a808513, mode: 3, rs1_addr:  1, rs1_rdata: 00003118, rs2_addr:  8, rs2_rdata: 00000000, rd_addr: 10, rd_wdata: 000033c0, mem_addr: 000033c0, mem_rdata: 00000000, mem_wdata: 00000000
ClkCycle:        745, pc_rdata: 00000a3c, pc_wdata: 00000a40, insn: 02400113, mode: 3, rs1_addr:  0, rs1_rdata: 00000000, rs2_addr:  4, rs2_rdata: 6dfdffff, rd_addr:  2, rd_wdata: 00000024, mem_addr: 00000024, mem_rdata: 00000000, mem_wdata: 6dfdffff
ClkCycle:        746, pc_rdata: 00000a40, pc_wdata: 00000a44, insn: 40250533, mode: 3, rs1_addr: 10, rs1_rdata: 00000078, rs2_addr:  2, rs2_rdata: 00000078, rd_addr: 10, rd_wdata: 0000339c, mem_addr: 0000339c, mem_rdata: 00000000, mem_wdata: 00000024
55555000ffffffff
ClkCycle:        747, pc_rdata: 00000a44, pc_wdata: 00000a46, insn: 0001d14c, mode: 3, rs1_addr: 10, rs1_rdata: 000033c0, rs2_addr: 11, rs2_rdata: ffffffff, rd_addr:  4, rd_wdata: 000033c0, mem_addr: 000033c0, mem_rdata: 00000000, mem_wdata: ffffffff
ClkCycle:        748, pc_rdata: 00000a46, pc_wdata: 00000a4a, insn: 0001d14c, mode: 3, rs1_addr:  0, rs1_rdata: 00000000, rs2_addr:  0, rs2_rdata: 00000000, rd_addr:  0, rd_wdata: 00000000, mem_addr: 00000000, mem_rdata: 00000000, mem_wdata: 00000000
ClkCycle:        749, pc_rdata: 00000a4a, pc_wdata: 00000a4c, insn: 95930010, mode: 3, rs1_addr:  0, rs1_rdata: 00000000, rs2_addr:  0, rs2_rdata: 00000000, rd_addr:  0, rd_wdata: 00000000, mem_addr: 00000000, mem_rdata: 00000000, mem_wdata: 00000000
ClkCycle:        750, pc_rdata: 00000a4c, pc_wdata: 00000a4e, insn: 95930010, mode: 3, rs1_addr:  2, rs1_rdata: 00000024, rs2_addr:  0, rs2_rdata: 00000000, rd_addr: 12, rd_wdata: 00000024, mem_addr: 00000024, mem_rdata: 00000000, mem_wdata: 00000000
ClkCycle:        751, pc_rdata: 00000a4e, pc_wdata: 00000a52, insn: 95930010, mode: 3, rs1_addr:  0, rs1_rdata: 00000000, rs2_addr:  0, rs2_rdata: 00000000, rd_addr:  0, rd_wdata: 00000000, mem_addr: 00000000, mem_rdata: 00000000, mem_wdata: 00000000
ClkCycle:        752, pc_rdata: 00000a52, pc_wdata: 00000a56, insn: 8513fff5, mode: 3, rs1_addr: 11, rs1_rdata: ffffffff, rs2_addr: 31, rs2_rdata: 00000000, rd_addr: 11, rd_wdata: 80000000, mem_addr: 80000000, mem_rdata: 00000000, mem_wdata: 00000000
ClkCycle:        753, pc_rdata: 00000a56, pc_wdata: 00000a5a, insn: 8513fff5, mode: 3, rs1_addr:  0, rs1_rdata: 00000000, rs2_addr:  0, rs2_rdata: 00000000, rd_addr:  0, rd_wdata: 00000000, mem_addr: 00000000, mem_rdata: 00000000, mem_wdata: 00000000
ClkCycle:        754, pc_rdata: 00000a5a, pc_wdata: 00000a5e, insn: 053304c0, mode: 3, rs1_addr:  1, rs1_rdata: 00003118, rs2_addr: 12, rs2_rdata: 00000024, rd_addr: 10, rd_wdata: 00003164, mem_addr: 00003164, mem_rdata: 00000000, mem_wdata: 00000024
ClkCycle:        755, pc_rdata: 00000a5e, pc_wdata: 00000a62, insn: 053304c0, mode: 3, rs1_addr:  0, rs1_rdata: 00000000, rs2_addr:  0, rs2_rdata: 00000000, rd_addr:  0, rd_wdata: 00000000, mem_addr: 00000000, mem_rdata: 00000000, mem_wdata: 00000000
ClkCycle:        756, pc_rdata: 00000a62, pc_wdata: 00000a66, insn: 00010001, mode: 3, rs1_addr:  2, rs1_rdata: 00000024, rs2_addr:  0, rs2_rdata: 00000000, rd_addr: 10, rd_wdata: 00000024, mem_addr: 00000024, mem_rdata: 00000000, mem_wdata: 00000000
ClkCycle:        757, pc_rdata: 00000a66, pc_wdata: 00000a6a, insn: 00010001, mode: 3, rs1_addr:  0, rs1_rdata: 00000000, rs2_addr:  0, rs2_rdata: 00000000, rd_addr:  0, rd_wdata: 00000000, mem_addr: 00000000, mem_rdata: 00000000, mem_wdata: 00000000
ClkCycle:        758, pc_rdata: 00000a6a, pc_wdata: 00000a6c, insn: 00e59593, mode: 3, rs1_addr:  0, rs1_rdata: 00000000, rs2_addr:  0, rs2_rdata: 00000000, rd_addr:  0, rd_wdata: 00000000, mem_addr: 00000000, mem_rdata: 00000000, mem_wdata: 00000000
ClkCycle:        759, pc_rdata: 00000a6c, pc_wdata: 00000a70, insn: 00e59593, mode: 3, rs1_addr: 11, rs1_rdata: 80000000, rs2_addr: 14, rs2_rdata: 00003114, rd_addr: 11, rd_wdata: 00000000, mem_addr: 00000000, mem_rdata: 00000000, mem_wdata: 00003114
ClkCycle:        760, pc_rdata: 00000a70, pc_wdata: 00000a74, insn: fff5c593, mode: 3, rs1_addr: 11, rs1_rdata: 80000000, rs2_addr: 31, rs2_rdata: 00000000, rd_addr: 11, rd_wdata: ffffffff, mem_addr: ffffffff, mem_rdata: 00000000, mem_wdata: 00000000
ClkCycle:        761, pc_rdata: 00000a74, pc_wdata: 00000a78, insn: 2b808513, mode: 3, rs1_addr:  1, rs1_rdata: 00003118, rs2_addr: 24, rs2_rdata: 0000007d, rd_addr: 10, rd_wdata: 000033d0, mem_addr: 000033d0, mem_rdata: 00000000, mem_wdata: 0000007d
ClkCycle:        762, pc_rdata: 00000a78, pc_wdata: 00000a7c, insn: 03400113, mode: 3, rs1_addr:  0, rs1_rdata: 00000000, rs2_addr: 20, rs2_rdata: d5bffdff, rd_addr:  2, rd_wdata: 00000034, mem_addr: 00000034, mem_rdata: 00000000, mem_wdata: d5bffdff
ClkCycle:        763, pc_rdata: 00000a7c, pc_wdata: 00000a80, insn: 40250533, mode: 3, rs1_addr: 10, rs1_rdata: 00000024, rs2_addr:  2, rs2_rdata: 00000024, rd_addr: 10, rd_wdata: 0000339c, mem_addr: 0000339c, mem_rdata: 00000000, mem_wdata: 00000034
ffffe000ffffffff
ClkCycle:        764, pc_rdata: 00000a80, pc_wdata: 00000a82, insn: 0001d94c, mode: 3, rs1_addr: 10, rs1_rdata: 000033d0, rs2_addr: 11, rs2_rdata: ffffffff, rd_addr: 20, rd_wdata: 000033d0, mem_addr: 000033d0, mem_rdata: 00000000, mem_wdata: ffffffff
ClkCycle:        765, pc_rdata: 00000a82, pc_wdata: 00000a86, insn: 0001d94c, mode: 3, rs1_addr:  0, rs1_rdata: 00000000, rs2_addr:  0, rs2_rdata: 00000000, rd_addr:  0, rd_wdata: 00000000, mem_addr: 00000000, mem_rdata: 00000000, mem_wdata: 00000000
ClkCycle:        766, pc_rdata: 00000a86, pc_wdata: 00000a88, insn: 95930010, mode: 3, rs1_addr:  0, rs1_rdata: 00000000, rs2_addr:  0, rs2_rdata: 00000000, rd_addr:  0, rd_wdata: 00000000, mem_addr: 00000000, mem_rdata: 00000000, mem_wdata: 00000000
ClkCycle:        767, pc_rdata: 00000a88, pc_wdata: 00000a8a, insn: 95930010, mode: 3, rs1_addr:  2, rs1_rdata: 00000034, rs2_addr:  0, rs2_rdata: 00000000, rd_addr: 12, rd_wdata: 00000034, mem_addr: 00000034, mem_rdata: 00000000, mem_wdata: 00000000
ClkCycle:        768, pc_rdata: 00000a8a, pc_wdata: 00000a8e, insn: 95930010, mode: 3, rs1_addr:  0, rs1_rdata: 00000000, rs2_addr:  0, rs2_rdata: 00000000, rd_addr:  0, rd_wdata: 00000000, mem_addr: 00000000, mem_rdata: 00000000, mem_wdata: 00000000
ClkCycle:        769, pc_rdata: 00000a8e, pc_wdata: 00000a92, insn: 8513fff5, mode: 3, rs1_addr: 11, rs1_rdata: ffffffff, rs2_addr: 31, rs2_rdata: 00000000, rd_addr: 11, rd_wdata: 80000000, mem_addr: 80000000, mem_rdata: 00000000, mem_wdata: 00000000
ClkCycle:        770, pc_rdata: 00000a92, pc_wdata: 00000a96, insn: 8513fff5, mode: 3, rs1_addr:  0, rs1_rdata: 00000000, rs2_addr:  0, rs2_rdata: 00000000, rd_addr:  0, rd_wdata: 00000000, mem_addr: 00000000, mem_rdata: 00000000, mem_wdata: 00000000
ClkCycle:        771, pc_rdata: 00000a96, pc_wdata: 00000a9a, insn: 053306c0, mode: 3, rs1_addr:  1, rs1_rdata: 00003118, rs2_addr: 12, rs2_rdata: 00000034, rd_addr: 10, rd_wdata: 00003184, mem_addr: 00003184, mem_rdata: 00000000, mem_wdata: 00000034
ClkCycle:        772, pc_rdata: 00000a9a, pc_wdata: 00000a9e, insn: 053306c0, mode: 3, rs1_addr:  0, rs1_rdata: 00000000, rs2_addr:  0, rs2_rdata: 00000000, rd_addr:  0, rd_wdata: 00000000, mem_addr: 00000000, mem_rdata: 00000000, mem_wdata: 00000000
ClkCycle:        773, pc_rdata: 00000a9e, pc_wdata: 00000aa2, insn: 00010001, mode: 3, rs1_addr:  2, rs1_rdata: 00000034, rs2_addr:  0, rs2_rdata: 00000000, rd_addr: 10, rd_wdata: 00000034, mem_addr: 00000034, mem_rdata: 00000000, mem_wdata: 00000000
ClkCycle:        774, pc_rdata: 00000aa2, pc_wdata: 00000aa6, insn: 00010001, mode: 3, rs1_addr:  0, rs1_rdata: 00000000, rs2_addr:  0, rs2_rdata: 00000000, rd_addr:  0, rd_wdata: 00000000, mem_addr: 00000000, mem_rdata: 00000000, mem_wdata: 00000000
ClkCycle:        775, pc_rdata: 00000aa6, pc_wdata: 00000aa8, insn: 01059593, mode: 3, rs1_addr:  0, rs1_rdata: 00000000, rs2_addr:  0, rs2_rdata: 00000000, rd_addr:  0, rd_wdata: 00000000, mem_addr: 00000000, mem_rdata: 00000000, mem_wdata: 00000000
ClkCycle:        776, pc_rdata: 00000aa8, pc_wdata: 00000aac, insn: 01059593, mode: 3, rs1_addr: 11, rs1_rdata: 80000000, rs2_addr: 16, rs2_rdata: 7d5bfddb, rd_addr: 11, rd_wdata: 00000000, mem_addr: 00000000, mem_rdata: 00000000, mem_wdata: 7d5bfddb
ClkCycle:        777, pc_rdata: 00000aac, pc_wdata: 00000ab0, insn: fff5c593, mode: 3, rs1_addr: 11, rs1_rdata: 80000000, rs2_addr: 31, rs2_rdata: 00000000, rd_addr: 11, rd_wdata: ffffffff, mem_addr: ffffffff, mem_rdata: 00000000, mem_wdata: 00000000
ClkCycle:        778, pc_rdata: 00000ab0, pc_wdata: 00000ab4, insn: 2c808513, mode: 3, rs1_addr:  1, rs1_rdata: 00003118, rs2_addr:  8, rs2_rdata: 00000000, rd_addr: 10, rd_wdata: 000033e0, mem_addr: 000033e0, mem_rdata: 00000000, mem_wdata: 00000000
ClkCycle:        779, pc_rdata: 00000ab4, pc_wdata: 00000ab8, insn: 04c00113, mode: 3, rs1_addr:  0, rs1_rdata: 00000000, rs2_addr: 12, rs2_rdata: 00000034, rd_addr:  2, rd_wdata: 0000004c, mem_addr: 0000004c, mem_rdata: 00000000, mem_wdata: 00000034
ClkCycle:        780, pc_rdata: 00000ab8, pc_wdata: 00000abc, insn: 40250533, mode: 3, rs1_addr: 10, rs1_rdata: 00000034, rs2_addr:  2, rs2_rdata: 00000034, rd_addr: 10, rd_wdata: 00003394, mem_addr: 00003394, mem_rdata: 00000000, mem_wdata: 0000004c
ffff8000ffffffff
ClkCycle:        781, pc_rdata: 00000abc, pc_wdata: 00000abe, insn: 0001c56c, mode: 3, rs1_addr: 10, rs1_rdata: 000033e0, rs2_addr: 11, rs2_rdata: ffffffff, rd_addr: 12, rd_wdata: 000033e0, mem_addr: 000033e0, mem_rdata: 00000000, mem_wdata: ffffffff
ClkCycle:        782, pc_rdata: 00000abe, pc_wdata: 00000ac2, insn: 0001c56c, mode: 3, rs1_addr:  0, rs1_rdata: 00000000, rs2_addr:  0, rs2_rdata: 00000000, rd_addr:  0, rd_wdata: 00000000, mem_addr: 00000000, mem_rdata: 00000000, mem_wdata: 00000000
ClkCycle:        783, pc_rdata: 00000ac2, pc_wdata: 00000ac4, insn: 95930010, mode: 3, rs1_addr:  0, rs1_rdata: 00000000, rs2_addr:  0, rs2_rdata: 00000000, rd_addr:  0, rd_wdata: 00000000, mem_addr: 00000000, mem_rdata: 00000000, mem_wdata: 00000000
ClkCycle:        784, pc_rdata: 00000ac4, pc_wdata: 00000ac6, insn: 95930010, mode: 3, rs1_addr:  2, rs1_rdata: 0000004c, rs2_addr:  0, rs2_rdata: 00000000, rd_addr: 12, rd_wdata: 0000004c, mem_addr: 0000004c, mem_rdata: 00000000, mem_wdata: 00000000
ClkCycle:        785, pc_rdata: 00000ac6, pc_wdata: 00000aca, insn: 95930010, mode: 3, rs1_addr:  0, rs1_rdata: 00000000, rs2_addr:  0, rs2_rdata: 00000000, rd_addr:  0, rd_wdata: 00000000, mem_addr: 00000000, mem_rdata: 00000000, mem_wdata: 00000000
ClkCycle:        786, pc_rdata: 00000aca, pc_wdata: 00000ace, insn: 8513fff5, mode: 3, rs1_addr: 11, rs1_rdata: ffffffff, rs2_addr: 31, rs2_rdata: 00000000, rd_addr: 11, rd_wdata: 80000000, mem_addr: 80000000, mem_rdata: 00000000, mem_wdata: 00000000
ClkCycle:        787, pc_rdata: 00000ace, pc_wdata: 00000ad2, insn: 8513fff5, mode: 3, rs1_addr:  0, rs1_rdata: 00000000, rs2_addr:  0, rs2_rdata: 00000000, rd_addr:  0, rd_wdata: 00000000, mem_addr: 00000000, mem_rdata: 00000000, mem_wdata: 00000000
ClkCycle:        788, pc_rdata: 00000ad2, pc_wdata: 00000ad6, insn: 053300c0, mode: 3, rs1_addr:  1, rs1_rdata: 00003118, rs2_addr: 12, rs2_rdata: 0000004c, rd_addr: 10, rd_wdata: 00003124, mem_addr: 00003124, mem_rdata: 00000000, mem_wdata: 0000004c
ClkCycle:        789, pc_rdata: 00000ad6, pc_wdata: 00000ada, insn: 053300c0, mode: 3, rs1_addr:  0, rs1_rdata: 00000000, rs2_addr:  0, rs2_rdata: 00000000, rd_addr:  0, rd_wdata: 00000000, mem_addr: 00000000, mem_rdata: 00000000, mem_wdata: 00000000
ClkCycle:        790, pc_rdata: 00000ada, pc_wdata: 00000ade, insn: 00010001, mode: 3, rs1_addr:  2, rs1_rdata: 0000004c, rs2_addr:  0, rs2_rdata: 00000000, rd_addr: 10, rd_wdata: 0000004c, mem_addr: 0000004c, mem_rdata: 00000000, mem_wdata: 00000000
ClkCycle:        791, pc_rdata: 00000ade, pc_wdata: 00000ae2, insn: 00010001, mode: 3, rs1_addr:  0, rs1_rdata: 00000000, rs2_addr:  0, rs2_rdata: 00000000, rd_addr:  0, rd_wdata: 00000000, mem_addr: 00000000, mem_rdata: 00000000, mem_wdata: 00000000
ClkCycle:        792, pc_rdata: 00000ae2, pc_wdata: 00000ae4, insn: 01259593, mode: 3, rs1_addr:  0, rs1_rdata: 00000000, rs2_addr:  0, rs2_rdata: 00000000, rd_addr:  0, rd_wdata: 00000000, mem_addr: 00000000, mem_rdata: 00000000, mem_wdata: 00000000
ClkCycle:        793, pc_rdata: 00000ae4, pc_wdata: 00000ae8, insn: 01259593, mode: 3, rs1_addr: 11, rs1_rdata: 80000000, rs2_addr: 18, rs2_rdata: ff7fffff, rd_addr: 11, rd_wdata: 00000000, mem_addr: 00000000, mem_rdata: 00000000, mem_wdata: ff7fffff
ClkCycle:        794, pc_rdata: 00000ae8, pc_wdata: 00000aec, insn: fff5c593, mode: 3, rs1_addr: 11, rs1_rdata: 80000000, rs2_addr: 31, rs2_rdata: 00000000, rd_addr: 11, rd_wdata: ffffffff, mem_addr: ffffffff, mem_rdata: 00000000, mem_wdata: 00000000
ClkCycle:        795, pc_rdata: 00000aec, pc_wdata: 00000af0, insn: 2d808513, mode: 3, rs1_addr:  1, rs1_rdata: 00003118, rs2_addr: 24, rs2_rdata: 0000007d, rd_addr: 10, rd_wdata: 000033f0, mem_addr: 000033f0, mem_rdata: 00000000, mem_wdata: 0000007d
ClkCycle:        796, pc_rdata: 00000af0, pc_wdata: 00000af4, insn: 02400113, mode: 3, rs1_addr:  0, rs1_rdata: 00000000, rs2_addr:  4, rs2_rdata: 6dfdffff, rd_addr:  2, rd_wdata: 00000024, mem_addr: 00000024, mem_rdata: 00000000, mem_wdata: 6dfdffff
ClkCycle:        797, pc_rdata: 00000af4, pc_wdata: 00000af8, insn: 40250533, mode: 3, rs1_addr: 10, rs1_rdata: 0000004c, rs2_addr:  2, rs2_rdata: 0000004c, rd_addr: 10, rd_wdata: 000033cc, mem_addr: 000033cc, mem_rdata: 00000000, mem_wdata: 00000024
fffe0000ffffffff
ClkCycle:        798, pc_rdata: 00000af8, pc_wdata: 00000afa, insn: 0001d14c, mode: 3, rs1_addr: 10, rs1_rdata: 000033f0, rs2_addr: 11, rs2_rdata: ffffffff, rd_addr:  4, rd_wdata: 000033f0, mem_addr: 000033f0, mem_rdata: 00000000, mem_wdata: ffffffff
ClkCycle:        799, pc_rdata: 00000afa, pc_wdata: 00000afe, insn: 0001d14c, mode: 3, rs1_addr:  0, rs1_rdata: 00000000, rs2_addr:  0, rs2_rdata: 00000000, rd_addr:  0, rd_wdata: 00000000, mem_addr: 00000000, mem_rdata: 00000000, mem_wdata: 00000000
ClkCycle:        800, pc_rdata: 00000afe, pc_wdata: 00000b00, insn: 95930010, mode: 3, rs1_addr:  0, rs1_rdata: 00000000, rs2_addr:  0, rs2_rdata: 00000000, rd_addr:  0, rd_wdata: 00000000, mem_addr: 00000000, mem_rdata: 00000000, mem_wdata: 00000000
ClkCycle:        801, pc_rdata: 00000b00, pc_wdata: 00000b02, insn: 95930010, mode: 3, rs1_addr:  2, rs1_rdata: 00000024, rs2_addr:  0, rs2_rdata: 00000000, rd_addr: 12, rd_wdata: 00000024, mem_addr: 00000024, mem_rdata: 00000000, mem_wdata: 00000000
ClkCycle:        802, pc_rdata: 00000b02, pc_wdata: 00000b06, insn: 95930010, mode: 3, rs1_addr:  0, rs1_rdata: 00000000, rs2_addr:  0, rs2_rdata: 00000000, rd_addr:  0, rd_wdata: 00000000, mem_addr: 00000000, mem_rdata: 00000000, mem_wdata: 00000000
ClkCycle:        803, pc_rdata: 00000b06, pc_wdata: 00000b0a, insn: 8513fff5, mode: 3, rs1_addr: 11, rs1_rdata: ffffffff, rs2_addr: 31, rs2_rdata: 00000000, rd_addr: 11, rd_wdata: 80000000, mem_addr: 80000000, mem_rdata: 00000000, mem_wdata: 00000000
ClkCycle:        804, pc_rdata: 00000b0a, pc_wdata: 00000b0e, insn: 8513fff5, mode: 3, rs1_addr:  0, rs1_rdata: 00000000, rs2_addr:  0, rs2_rdata: 00000000, rd_addr:  0, rd_wdata: 00000000, mem_addr: 00000000, mem_rdata: 00000000, mem_wdata: 00000000
ClkCycle:        805, pc_rdata: 00000b0e, pc_wdata: 00000b12, insn: 053300c0, mode: 3, rs1_addr:  1, rs1_rdata: 00003118, rs2_addr: 12, rs2_rdata: 00000024, rd_addr: 10, rd_wdata: 00003124, mem_addr: 00003124, mem_rdata: 00000000, mem_wdata: 00000024
ClkCycle:        806, pc_rdata: 00000b12, pc_wdata: 00000b16, insn: 053300c0, mode: 3, rs1_addr:  0, rs1_rdata: 00000000, rs2_addr:  0, rs2_rdata: 00000000, rd_addr:  0, rd_wdata: 00000000, mem_addr: 00000000, mem_rdata: 00000000, mem_wdata: 00000000
ClkCycle:        807, pc_rdata: 00000b16, pc_wdata: 00000b1a, insn: 00010001, mode: 3, rs1_addr:  2, rs1_rdata: 00000024, rs2_addr:  0, rs2_rdata: 00000000, rd_addr: 10, rd_wdata: 00000024, mem_addr: 00000024, mem_rdata: 00000000, mem_wdata: 00000000
ClkCycle:        808, pc_rdata: 00000b1a, pc_wdata: 00000b1e, insn: 00010001, mode: 3, rs1_addr:  0, rs1_rdata: 00000000, rs2_addr:  0, rs2_rdata: 00000000, rd_addr:  0, rd_wdata: 00000000, mem_addr: 00000000, mem_rdata: 00000000, mem_wdata: 00000000
ClkCycle:        809, pc_rdata: 00000b1e, pc_wdata: 00000b20, insn: 01459593, mode: 3, rs1_addr:  0, rs1_rdata: 00000000, rs2_addr:  0, rs2_rdata: 00000000, rd_addr:  0, rd_wdata: 00000000, mem_addr: 00000000, mem_rdata: 00000000, mem_wdata: 00000000
ClkCycle:        810, pc_rdata: 00000b20, pc_wdata: 00000b24, insn: 01459593, mode: 3, rs1_addr: 11, rs1_rdata: 80000000, rs2_addr: 20, rs2_rdata: d5bffdff, rd_addr: 11, rd_wdata: 00000000, mem_addr: 00000000, mem_rdata: 00000000, mem_wdata: d5bffdff
ClkCycle:        811, pc_rdata: 00000b24, pc_wdata: 00000b28, insn: fff5c593, mode: 3, rs1_addr: 11, rs1_rdata: 80000000, rs2_addr: 31, rs2_rdata: 00000000, rd_addr: 11, rd_wdata: ffffffff, mem_addr: ffffffff, mem_rdata: 00000000, mem_wdata: 00000000
ClkCycle:        812, pc_rdata: 00000b28, pc_wdata: 00000b2c, insn: 2e808513, mode: 3, rs1_addr:  1, rs1_rdata: 00003118, rs2_addr:  8, rs2_rdata: 00000000, rd_addr: 10, rd_wdata: 00003400, mem_addr: 00003400, mem_rdata: 00000000, mem_wdata: 00000000
ClkCycle:        813, pc_rdata: 00000b2c, pc_wdata: 00000b30, insn: 03c00113, mode: 3, rs1_addr:  0, rs1_rdata: 00000000, rs2_addr: 28, rs2_rdata: 00000000, rd_addr:  2, rd_wdata: 0000003c, mem_addr: 0000003c, mem_rdata: 00000000, mem_wdata: 00000000
ClkCycle:        814, pc_rdata: 00000b30, pc_wdata: 00000b34, insn: 40250533, mode: 3, rs1_addr: 10, rs1_rdata: 00000024, rs2_addr:  2, rs2_rdata: 00000024, rd_addr: 10, rd_wdata: 000033c4, mem_addr: 000033c4, mem_rdata: 00000000, mem_wdata: 0000003c
fff80000ffffffff
ClkCycle:        815, pc_rdata: 00000b34, pc_wdata: 00000b36, insn: 0001dd4c, mode: 3, rs1_addr: 10, rs1_rdata: 00003400, rs2_addr: 11, rs2_rdata: ffffffff, rd_addr: 28, rd_wdata: 00003400, mem_addr: 00003400, mem_rdata: 00000000, mem_wdata: ffffffff
ClkCycle:        816, pc_rdata: 00000b36, pc_wdata: 00000b3a, insn: 0001dd4c, mode: 3, rs1_addr:  0, rs1_rdata: 00000000, rs2_addr:  0, rs2_rdata: 00000000, rd_addr:  0, rd_wdata: 00000000, mem_addr: 00000000, mem_rdata: 00000000, mem_wdata: 00000000
ClkCycle:        817, pc_rdata: 00000b3a, pc_wdata: 00000b3c, insn: 95930010, mode: 3, rs1_addr:  0, rs1_rdata: 00000000, rs2_addr:  0, rs2_rdata: 00000000, rd_addr:  0, rd_wdata: 00000000, mem_addr: 00000000, mem_rdata: 00000000, mem_wdata: 00000000
ClkCycle:        818, pc_rdata: 00000b3c, pc_wdata: 00000b3e, insn: 95930010, mode: 3, rs1_addr:  2, rs1_rdata: 0000003c, rs2_addr:  0, rs2_rdata: 00000000, rd_addr: 12, rd_wdata: 0000003c, mem_addr: 0000003c, mem_rdata: 00000000, mem_wdata: 00000000
ClkCycle:        819, pc_rdata: 00000b3e, pc_wdata: 00000b42, insn: 95930010, mode: 3, rs1_addr:  0, rs1_rdata: 00000000, rs2_addr:  0, rs2_rdata: 00000000, rd_addr:  0, rd_wdata: 00000000, mem_addr: 00000000, mem_rdata: 00000000, mem_wdata: 00000000
ClkCycle:        820, pc_rdata: 00000b42, pc_wdata: 00000b46, insn: 8513fff5, mode: 3, rs1_addr: 11, rs1_rdata: ffffffff, rs2_addr: 31, rs2_rdata: 00000000, rd_addr: 11, rd_wdata: 80000000, mem_addr: 80000000, mem_rdata: 00000000, mem_wdata: 00000000
ClkCycle:        821, pc_rdata: 00000b46, pc_wdata: 00000b4a, insn: 8513fff5, mode: 3, rs1_addr:  0, rs1_rdata: 00000000, rs2_addr:  0, rs2_rdata: 00000000, rd_addr:  0, rd_wdata: 00000000, mem_addr: 00000000, mem_rdata: 00000000, mem_wdata: 00000000
ClkCycle:        822, pc_rdata: 00000b4a, pc_wdata: 00000b4e, insn: 05330400, mode: 3, rs1_addr:  1, rs1_rdata: 00003118, rs2_addr:  0, rs2_rdata: 00000000, rd_addr: 10, rd_wdata: 00003158, mem_addr: 00003158, mem_rdata: 00000000, mem_wdata: 00000000
ClkCycle:        823, pc_rdata: 00000b4e, pc_wdata: 00000b52, insn: 05330400, mode: 3, rs1_addr:  0, rs1_rdata: 00000000, rs2_addr:  0, rs2_rdata: 00000000, rd_addr:  0, rd_wdata: 00000000, mem_addr: 00000000, mem_rdata: 00000000, mem_wdata: 00000000
ClkCycle:        824, pc_rdata: 00000b52, pc_wdata: 00000b56, insn: 00010001, mode: 3, rs1_addr:  2, rs1_rdata: 0000003c, rs2_addr:  0, rs2_rdata: 00000000, rd_addr: 10, rd_wdata: 0000003c, mem_addr: 0000003c, mem_rdata: 00000000, mem_wdata: 00000000
ClkCycle:        825, pc_rdata: 00000b56, pc_wdata: 00000b5a, insn: 00010001, mode: 3, rs1_addr:  0, rs1_rdata: 00000000, rs2_addr:  0, rs2_rdata: 00000000, rd_addr:  0, rd_wdata: 00000000, mem_addr: 00000000, mem_rdata: 00000000, mem_wdata: 00000000
ClkCycle:        826, pc_rdata: 00000b5a, pc_wdata: 00000b5c, insn: 01659593, mode: 3, rs1_addr:  0, rs1_rdata: 00000000, rs2_addr:  0, rs2_rdata: 00000000, rd_addr:  0, rd_wdata: 00000000, mem_addr: 00000000, mem_rdata: 00000000, mem_wdata: 00000000
ClkCycle:        827, pc_rdata: 00000b5c, pc_wdata: 00000b60, insn: 01659593, mode: 3, rs1_addr: 11, rs1_rdata: 80000000, rs2_addr: 22, rs2_rdata: 001f56ff, rd_addr: 11, rd_wdata: 00000000, mem_addr: 00000000, mem_rdata: 00000000, mem_wdata: 001f56ff
ClkCycle:        828, pc_rdata: 00000b60, pc_wdata: 00000b64, insn: fff5c593, mode: 3, rs1_addr: 11, rs1_rdata: 80000000, rs2_addr: 31, rs2_rdata: 00000000, rd_addr: 11, rd_wdata: ffffffff, mem_addr: ffffffff, mem_rdata: 00000000, mem_wdata: 00000000
ClkCycle:        829, pc_rdata: 00000b64, pc_wdata: 00000b68, insn: 2f808513, mode: 3, rs1_addr:  1, rs1_rdata: 00003118, rs2_addr: 24, rs2_rdata: 0000007d, rd_addr: 10, rd_wdata: 00003410, mem_addr: 00003410, mem_rdata: 00000000, mem_wdata: 0000007d
ClkCycle:        830, pc_rdata: 00000b68, pc_wdata: 00000b6c, insn: 02000113, mode: 3, rs1_addr:  0, rs1_rdata: 00000000, rs2_addr:  0, rs2_rdata: 00000000, rd_addr:  2, rd_wdata: 00000020, mem_addr: 00000020, mem_rdata: 00000000, mem_wdata: 00000000
ClkCycle:        831, pc_rdata: 00000b6c, pc_wdata: 00000b70, insn: 40250533, mode: 3, rs1_addr: 10, rs1_rdata: 0000003c, rs2_addr:  2, rs2_rdata: 0000003c, rd_addr: 10, rd_wdata: 000033f0, mem_addr: 000033f0, mem_rdata: 00000000, mem_wdata: 00000020
ffe00000ffffffff
ClkCycle:        832, pc_rdata: 00000b70, pc_wdata: 00000b72, insn: 0001d10c, mode: 3, rs1_addr: 10, rs1_rdata: 00003410, rs2_addr: 11, rs2_rdata: ffffffff, rd_addr:  0, rd_wdata: 00003410, mem_addr: 00003410, mem_rdata: 00000000, mem_wdata: ffffffff
ClkCycle:        833, pc_rdata: 00000b72, pc_wdata: 00000b76, insn: 0001d10c, mode: 3, rs1_addr:  0, rs1_rdata: 00000000, rs2_addr:  0, rs2_rdata: 00000000, rd_addr:  0, rd_wdata: 00000000, mem_addr: 00000000, mem_rdata: 00000000, mem_wdata: 00000000
ClkCycle:        834, pc_rdata: 00000b76, pc_wdata: 00000b78, insn: 95930010, mode: 3, rs1_addr:  0, rs1_rdata: 00000000, rs2_addr:  0, rs2_rdata: 00000000, rd_addr:  0, rd_wdata: 00000000, mem_addr: 00000000, mem_rdata: 00000000, mem_wdata: 00000000
ClkCycle:        835, pc_rdata: 00000b78, pc_wdata: 00000b7a, insn: 95930010, mode: 3, rs1_addr:  2, rs1_rdata: 00000020, rs2_addr:  0, rs2_rdata: 00000000, rd_addr: 12, rd_wdata: 00000020, mem_addr: 00000020, mem_rdata: 00000000, mem_wdata: 00000000
ClkCycle:        836, pc_rdata: 00000b7a, pc_wdata: 00000b7e, insn: 95930010, mode: 3, rs1_addr:  0, rs1_rdata: 00000000, rs2_addr:  0, rs2_rdata: 00000000, rd_addr:  0, rd_wdata: 00000000, mem_addr: 00000000, mem_rdata: 00000000, mem_wdata: 00000000
ClkCycle:        837, pc_rdata: 00000b7e, pc_wdata: 00000b82, insn: 8513fff5, mode: 3, rs1_addr: 11, rs1_rdata: ffffffff, rs2_addr: 31, rs2_rdata: 00000000, rd_addr: 11, rd_wdata: 80000000, mem_addr: 80000000, mem_rdata: 00000000, mem_wdata: 00000000
ClkCycle:        838, pc_rdata: 00000b82, pc_wdata: 00000b86, insn: 8513fff5, mode: 3, rs1_addr:  0, rs1_rdata: 00000000, rs2_addr:  0, rs2_rdata: 00000000, rd_addr:  0, rd_wdata: 00000000, mem_addr: 00000000, mem_rdata: 00000000, mem_wdata: 00000000
ClkCycle:        839, pc_rdata: 00000b86, pc_wdata: 00000b8a, insn: 05330280, mode: 3, rs1_addr:  1, rs1_rdata: 00003118, rs2_addr:  8, rs2_rdata: 00000000, rd_addr: 10, rd_wdata: 00003140, mem_addr: 00003140, mem_rdata: 00000000, mem_wdata: 00000000
ClkCycle:        840, pc_rdata: 00000b8a, pc_wdata: 00000b8e, insn: 05330280, mode: 3, rs1_addr:  0, rs1_rdata: 00000000, rs2_addr:  0, rs2_rdata: 00000000, rd_addr:  0, rd_wdata: 00000000, mem_addr: 00000000, mem_rdata: 00000000, mem_wdata: 00000000
ClkCycle:        841, pc_rdata: 00000b8e, pc_wdata: 00000b92, insn: 00010001, mode: 3, rs1_addr:  2, rs1_rdata: 00000020, rs2_addr:  0, rs2_rdata: 00000000, rd_addr: 10, rd_wdata: 00000020, mem_addr: 00000020, mem_rdata: 00000000, mem_wdata: 00000000
ClkCycle:        842, pc_rdata: 00000b92, pc_wdata: 00000b96, insn: 00010001, mode: 3, rs1_addr:  0, rs1_rdata: 00000000, rs2_addr:  0, rs2_rdata: 00000000, rd_addr:  0, rd_wdata: 00000000, mem_addr: 00000000, mem_rdata: 00000000, mem_wdata: 00000000
ClkCycle:        843, pc_rdata: 00000b96, pc_wdata: 00000b98, insn: 01859593, mode: 3, rs1_addr:  0, rs1_rdata: 00000000, rs2_addr:  0, rs2_rdata: 00000000, rd_addr:  0, rd_wdata: 00000000, mem_addr: 00000000, mem_rdata: 00000000, mem_wdata: 00000000
ClkCycle:        844, pc_rdata: 00000b98, pc_wdata: 00000b9c, insn: 01859593, mode: 3, rs1_addr: 11, rs1_rdata: 80000000, rs2_addr: 24, rs2_rdata: 0000007d, rd_addr: 11, rd_wdata: 00000000, mem_addr: 00000000, mem_rdata: 00000000, mem_wdata: 0000007d
ClkCycle:        845, pc_rdata: 00000b9c, pc_wdata: 00000ba0, insn: fff5c593, mode: 3, rs1_addr: 11, rs1_rdata: 80000000, rs2_addr: 31, rs2_rdata: 00000000, rd_addr: 11, rd_wdata: ffffffff, mem_addr: ffffffff, mem_rdata: 00000000, mem_wdata: 00000000
ClkCycle:        846, pc_rdata: 00000ba0, pc_wdata: 00000ba4, insn: 30808513, mode: 3, rs1_addr:  1, rs1_rdata: 00003118, rs2_addr:  8, rs2_rdata: 00000000, rd_addr: 10, rd_wdata: 00003420, mem_addr: 00003420, mem_rdata: 00000000, mem_wdata: 00000000
ClkCycle:        847, pc_rdata: 00000ba4, pc_wdata: 00000ba8, insn: 04c00113, mode: 3, rs1_addr:  0, rs1_rdata: 00000000, rs2_addr: 12, rs2_rdata: 00000020, rd_addr:  2, rd_wdata: 0000004c, mem_addr: 0000004c, mem_rdata: 00000000, mem_wdata: 00000020
ClkCycle:        848, pc_rdata: 00000ba8, pc_wdata: 00000bac, insn: 40250533, mode: 3, rs1_addr: 10, rs1_rdata: 00000020, rs2_addr:  2, rs2_rdata: 00000020, rd_addr: 10, rd_wdata: 000033d4, mem_addr: 000033d4, mem_rdata: 00000000, mem_wdata: 0000004c
ff800000ffffffff
ClkCycle:        849, pc_rdata: 00000bac, pc_wdata: 00000bae, insn: 0001c56c, mode: 3, rs1_addr: 10, rs1_rdata: 00003420, rs2_addr: 11, rs2_rdata: ffffffff, rd_addr: 12, rd_wdata: 00003420, mem_addr: 00003420, mem_rdata: 00000000, mem_wdata: ffffffff
ClkCycle:        850, pc_rdata: 00000bae, pc_wdata: 00000bb2, insn: 0001c56c, mode: 3, rs1_addr:  0, rs1_rdata: 00000000, rs2_addr:  0, rs2_rdata: 00000000, rd_addr:  0, rd_wdata: 00000000, mem_addr: 00000000, mem_rdata: 00000000, mem_wdata: 00000000
ClkCycle:        851, pc_rdata: 00000bb2, pc_wdata: 00000bb4, insn: 95930010, mode: 3, rs1_addr:  0, rs1_rdata: 00000000, rs2_addr:  0, rs2_rdata: 00000000, rd_addr:  0, rd_wdata: 00000000, mem_addr: 00000000, mem_rdata: 00000000, mem_wdata: 00000000
ClkCycle:        852, pc_rdata: 00000bb4, pc_wdata: 00000bb6, insn: 95930010, mode: 3, rs1_addr:  2, rs1_rdata: 0000004c, rs2_addr:  0, rs2_rdata: 00000000, rd_addr: 12, rd_wdata: 0000004c, mem_addr: 0000004c, mem_rdata: 00000000, mem_wdata: 00000000
ClkCycle:        853, pc_rdata: 00000bb6, pc_wdata: 00000bba, insn: 95930010, mode: 3, rs1_addr:  0, rs1_rdata: 00000000, rs2_addr:  0, rs2_rdata: 00000000, rd_addr:  0, rd_wdata: 00000000, mem_addr: 00000000, mem_rdata: 00000000, mem_wdata: 00000000
ClkCycle:        854, pc_rdata: 00000bba, pc_wdata: 00000bbe, insn: 8513fff5, mode: 3, rs1_addr: 11, rs1_rdata: ffffffff, rs2_addr: 31, rs2_rdata: 00000000, rd_addr: 11, rd_wdata: 80000000, mem_addr: 80000000, mem_rdata: 00000000, mem_wdata: 00000000
ClkCycle:        855, pc_rdata: 00000bbe, pc_wdata: 00000bc2, insn: 8513fff5, mode: 3, rs1_addr:  0, rs1_rdata: 00000000, rs2_addr:  0, rs2_rdata: 00000000, rd_addr:  0, rd_wdata: 00000000, mem_addr: 00000000, mem_rdata: 00000000, mem_wdata: 00000000
ClkCycle:        856, pc_rdata: 00000bc2, pc_wdata: 00000bc6, insn: 05330040, mode: 3, rs1_addr:  1, rs1_rdata: 00003118, rs2_addr:  4, rs2_rdata: 6dfdffff, rd_addr: 10, rd_wdata: 0000311c, mem_addr: 0000311c, mem_rdata: 00000000, mem_wdata: 6dfdffff
ClkCycle:        857, pc_rdata: 00000bc6, pc_wdata: 00000bca, insn: 05330040, mode: 3, rs1_addr:  0, rs1_rdata: 00000000, rs2_addr:  0, rs2_rdata: 00000000, rd_addr:  0, rd_wdata: 00000000, mem_addr: 00000000, mem_rdata: 00000000, mem_wdata: 00000000
ClkCycle:        858, pc_rdata: 00000bca, pc_wdata: 00000bce, insn: 00010001, mode: 3, rs1_addr:  2, rs1_rdata: 0000004c, rs2_addr:  0, rs2_rdata: 00000000, rd_addr: 10, rd_wdata: 0000004c, mem_addr: 0000004c, mem_rdata: 00000000, mem_wdata: 00000000
ClkCycle:        859, pc_rdata: 00000bce, pc_wdata: 00000bd2, insn: 00010001, mode: 3, rs1_addr:  0, rs1_rdata: 00000000, rs2_addr:  0, rs2_rdata: 00000000, rd_addr:  0, rd_wdata: 00000000, mem_addr: 00000000, mem_rdata: 00000000, mem_wdata: 00000000
ClkCycle:        860, pc_rdata: 00000bd2, pc_wdata: 00000bd4, insn: 01a59593, mode: 3, rs1_addr:  0, rs1_rdata: 00000000, rs2_addr:  0, rs2_rdata: 00000000, rd_addr:  0, rd_wdata: 00000000, mem_addr: 00000000, mem_rdata: 00000000, mem_wdata: 00000000
ClkCycle:        861, pc_rdata: 00000bd4, pc_wdata: 00000bd8, insn: 01a59593, mode: 3, rs1_addr: 11, rs1_rdata: 80000000, rs2_addr: 26, rs2_rdata: 00000000, rd_addr: 11, rd_wdata: 00000000, mem_addr: 00000000, mem_rdata: 00000000, mem_wdata: 00000000
ClkCycle:        862, pc_rdata: 00000bd8, pc_wdata: 00000bdc, insn: fff5c593, mode: 3, rs1_addr: 11, rs1_rdata: 80000000, rs2_addr: 31, rs2_rdata: 00000000, rd_addr: 11, rd_wdata: ffffffff, mem_addr: ffffffff, mem_rdata: 00000000, mem_wdata: 00000000
ClkCycle:        863, pc_rdata: 00000bdc, pc_wdata: 00000be0, insn: 31808513, mode: 3, rs1_addr:  1, rs1_rdata: 00003118, rs2_addr: 24, rs2_rdata: 0000007d, rd_addr: 10, rd_wdata: 00003430, mem_addr: 00003430, mem_rdata: 00000000, mem_wdata: 0000007d
ClkCycle:        864, pc_rdata: 00000be0, pc_wdata: 00000be4, insn: 01800113, mode: 3, rs1_addr:  0, rs1_rdata: 00000000, rs2_addr: 24, rs2_rdata: 0000007d, rd_addr:  2, rd_wdata: 00000018, mem_addr: 00000018, mem_rdata: 00000000, mem_wdata: 0000007d
ClkCycle:        865, pc_rdata: 00000be4, pc_wdata: 00000be8, insn: 40250533, mode: 3, rs1_addr: 10, rs1_rdata: 0000004c, rs2_addr:  2, rs2_rdata: 0000004c, rd_addr: 10, rd_wdata: 00003418, mem_addr: 00003418, mem_rdata: 00000000, mem_wdata: 00000018
fe000000ffffffff
ClkCycle:        866, pc_rdata: 00000be8, pc_wdata: 00000bea, insn: 0001cd0c, mode: 3, rs1_addr: 10, rs1_rdata: 00003430, rs2_addr: 11, rs2_rdata: ffffffff, rd_addr: 24, rd_wdata: 00003430, mem_addr: 00003430, mem_rdata: 00000000, mem_wdata: ffffffff
ClkCycle:        867, pc_rdata: 00000bea, pc_wdata: 00000bee, insn: 0001cd0c, mode: 3, rs1_addr:  0, rs1_rdata: 00000000, rs2_addr:  0, rs2_rdata: 00000000, rd_addr:  0, rd_wdata: 00000000, mem_addr: 00000000, mem_rdata: 00000000, mem_wdata: 00000000
ClkCycle:        868, pc_rdata: 00000bee, pc_wdata: 00000bf0, insn: 95930010, mode: 3, rs1_addr:  0, rs1_rdata: 00000000, rs2_addr:  0, rs2_rdata: 00000000, rd_addr:  0, rd_wdata: 00000000, mem_addr: 00000000, mem_rdata: 00000000, mem_wdata: 00000000
ClkCycle:        869, pc_rdata: 00000bf0, pc_wdata: 00000bf2, insn: 95930010, mode: 3, rs1_addr:  2, rs1_rdata: 00000018, rs2_addr:  0, rs2_rdata: 00000000, rd_addr: 12, rd_wdata: 00000018, mem_addr: 00000018, mem_rdata: 00000000, mem_wdata: 00000000
ClkCycle:        870, pc_rdata: 00000bf2, pc_wdata: 00000bf6, insn: 95930010, mode: 3, rs1_addr:  0, rs1_rdata: 00000000, rs2_addr:  0, rs2_rdata: 00000000, rd_addr:  0, rd_wdata: 00000000, mem_addr: 00000000, mem_rdata: 00000000, mem_wdata: 00000000
ClkCycle:        871, pc_rdata: 00000bf6, pc_wdata: 00000bfa, insn: 8513fff5, mode: 3, rs1_addr: 11, rs1_rdata: ffffffff, rs2_addr: 31, rs2_rdata: 00000000, rd_addr: 11, rd_wdata: 80000000, mem_addr: 80000000, mem_rdata: 00000000, mem_wdata: 00000000
ClkCycle:        872, pc_rdata: 00000bfa, pc_wdata: 00000bfe, insn: 8513fff5, mode: 3, rs1_addr:  0, rs1_rdata: 00000000, rs2_addr:  0, rs2_rdata: 00000000, rd_addr:  0, rd_wdata: 00000000, mem_addr: 00000000, mem_rdata: 00000000, mem_wdata: 00000000
ClkCycle:        873, pc_rdata: 00000bfe, pc_wdata: 00000c02, insn: 05330480, mode: 3, rs1_addr:  1, rs1_rdata: 00003118, rs2_addr:  8, rs2_rdata: 00000000, rd_addr: 10, rd_wdata: 00003160, mem_addr: 00003160, mem_rdata: 00000000, mem_wdata: 00000000
ClkCycle:        874, pc_rdata: 00000c02, pc_wdata: 00000c06, insn: 05330480, mode: 3, rs1_addr:  0, rs1_rdata: 00000000, rs2_addr:  0, rs2_rdata: 00000000, rd_addr:  0, rd_wdata: 00000000, mem_addr: 00000000, mem_rdata: 00000000, mem_wdata: 00000000
ClkCycle:        875, pc_rdata: 00000c06, pc_wdata: 00000c0a, insn: 00010001, mode: 3, rs1_addr:  2, rs1_rdata: 00000018, rs2_addr:  0, rs2_rdata: 00000000, rd_addr: 10, rd_wdata: 00000018, mem_addr: 00000018, mem_rdata: 00000000, mem_wdata: 00000000
ClkCycle:        876, pc_rdata: 00000c0a, pc_wdata: 00000c0e, insn: 00010001, mode: 3, rs1_addr:  0, rs1_rdata: 00000000, rs2_addr:  0, rs2_rdata: 00000000, rd_addr:  0, rd_wdata: 00000000, mem_addr: 00000000, mem_rdata: 00000000, mem_wdata: 00000000
ClkCycle:        877, pc_rdata: 00000c0e, pc_wdata: 00000c10, insn: 01c59593, mode: 3, rs1_addr:  0, rs1_rdata: 00000000, rs2_addr:  0, rs2_rdata: 00000000, rd_addr:  0, rd_wdata: 00000000, mem_addr: 00000000, mem_rdata: 00000000, mem_wdata: 00000000
ClkCycle:        878, pc_rdata: 00000c10, pc_wdata: 00000c14, insn: 01c59593, mode: 3, rs1_addr: 11, rs1_rdata: 80000000, rs2_addr: 28, rs2_rdata: 00000000, rd_addr: 11, rd_wdata: 00000000, mem_addr: 00000000, mem_rdata: 00000000, mem_wdata: 00000000
ClkCycle:        879, pc_rdata: 00000c14, pc_wdata: 00000c18, insn: fff5c593, mode: 3, rs1_addr: 11, rs1_rdata: 80000000, rs2_addr: 31, rs2_rdata: 00000000, rd_addr: 11, rd_wdata: ffffffff, mem_addr: ffffffff, mem_rdata: 00000000, mem_wdata: 00000000
ClkCycle:        880, pc_rdata: 00000c18, pc_wdata: 00000c1c, insn: 32808513, mode: 3, rs1_addr:  1, rs1_rdata: 00003118, rs2_addr:  8, rs2_rdata: 00000000, rd_addr: 10, rd_wdata: 00003440, mem_addr: 00003440, mem_rdata: 00000000, mem_wdata: 00000000
ClkCycle:        881, pc_rdata: 00000c1c, pc_wdata: 00000c20, insn: 03c00113, mode: 3, rs1_addr:  0, rs1_rdata: 00000000, rs2_addr: 28, rs2_rdata: 00000000, rd_addr:  2, rd_wdata: 0000003c, mem_addr: 0000003c, mem_rdata: 00000000, mem_wdata: 00000000
ClkCycle:        882, pc_rdata: 00000c20, pc_wdata: 00000c24, insn: 40250533, mode: 3, rs1_addr: 10, rs1_rdata: 00000018, rs2_addr:  2, rs2_rdata: 00000018, rd_addr: 10, rd_wdata: 00003404, mem_addr: 00003404, mem_rdata: 00000000, mem_wdata: 0000003c
f8000000ffffffff
ClkCycle:        883, pc_rdata: 00000c24, pc_wdata: 00000c26, insn: 0001dd4c, mode: 3, rs1_addr: 10, rs1_rdata: 00003440, rs2_addr: 11, rs2_rdata: ffffffff, rd_addr: 28, rd_wdata: 00003440, mem_addr: 00003440, mem_rdata: 00000000, mem_wdata: ffffffff
ClkCycle:        884, pc_rdata: 00000c26, pc_wdata: 00000c2a, insn: 0001dd4c, mode: 3, rs1_addr:  0, rs1_rdata: 00000000, rs2_addr:  0, rs2_rdata: 00000000, rd_addr:  0, rd_wdata: 00000000, mem_addr: 00000000, mem_rdata: 00000000, mem_wdata: 00000000
ClkCycle:        885, pc_rdata: 00000c2a, pc_wdata: 00000c2c, insn: 95930010, mode: 3, rs1_addr:  0, rs1_rdata: 00000000, rs2_addr:  0, rs2_rdata: 00000000, rd_addr:  0, rd_wdata: 00000000, mem_addr: 00000000, mem_rdata: 00000000, mem_wdata: 00000000
ClkCycle:        886, pc_rdata: 00000c2c, pc_wdata: 00000c2e, insn: 95930010, mode: 3, rs1_addr:  2, rs1_rdata: 0000003c, rs2_addr:  0, rs2_rdata: 00000000, rd_addr: 12, rd_wdata: 0000003c, mem_addr: 0000003c, mem_rdata: 00000000, mem_wdata: 00000000
ClkCycle:        887, pc_rdata: 00000c2e, pc_wdata: 00000c32, insn: 95930010, mode: 3, rs1_addr:  0, rs1_rdata: 00000000, rs2_addr:  0, rs2_rdata: 00000000, rd_addr:  0, rd_wdata: 00000000, mem_addr: 00000000, mem_rdata: 00000000, mem_wdata: 00000000
ClkCycle:        888, pc_rdata: 00000c32, pc_wdata: 00000c36, insn: 8513fff5, mode: 3, rs1_addr: 11, rs1_rdata: ffffffff, rs2_addr: 31, rs2_rdata: 00000000, rd_addr: 11, rd_wdata: 80000000, mem_addr: 80000000, mem_rdata: 00000000, mem_wdata: 00000000
ClkCycle:        889, pc_rdata: 00000c36, pc_wdata: 00000c3a, insn: 8513fff5, mode: 3, rs1_addr:  0, rs1_rdata: 00000000, rs2_addr:  0, rs2_rdata: 00000000, rd_addr:  0, rd_wdata: 00000000, mem_addr: 00000000, mem_rdata: 00000000, mem_wdata: 00000000
ClkCycle:        890, pc_rdata: 00000c3a, pc_wdata: 00000c3e, insn: 05330480, mode: 3, rs1_addr:  1, rs1_rdata: 00003118, rs2_addr:  8, rs2_rdata: 00000000, rd_addr: 10, rd_wdata: 00003160, mem_addr: 00003160, mem_rdata: 00000000, mem_wdata: 00000000
ClkCycle:        891, pc_rdata: 00000c3e, pc_wdata: 00000c42, insn: 05330480, mode: 3, rs1_addr:  0, rs1_rdata: 00000000, rs2_addr:  0, rs2_rdata: 00000000, rd_addr:  0, rd_wdata: 00000000, mem_addr: 00000000, mem_rdata: 00000000, mem_wdata: 00000000
ClkCycle:        892, pc_rdata: 00000c42, pc_wdata: 00000c46, insn: 00010001, mode: 3, rs1_addr:  2, rs1_rdata: 0000003c, rs2_addr:  0, rs2_rdata: 00000000, rd_addr: 10, rd_wdata: 0000003c, mem_addr: 0000003c, mem_rdata: 00000000, mem_wdata: 00000000
ClkCycle:        893, pc_rdata: 00000c46, pc_wdata: 00000c4a, insn: 00010001, mode: 3, rs1_addr:  0, rs1_rdata: 00000000, rs2_addr:  0, rs2_rdata: 00000000, rd_addr:  0, rd_wdata: 00000000, mem_addr: 00000000, mem_rdata: 00000000, mem_wdata: 00000000
ClkCycle:        894, pc_rdata: 00000c4a, pc_wdata: 00000c4c, insn: 01e59593, mode: 3, rs1_addr:  0, rs1_rdata: 00000000, rs2_addr:  0, rs2_rdata: 00000000, rd_addr:  0, rd_wdata: 00000000, mem_addr: 00000000, mem_rdata: 00000000, mem_wdata: 00000000
ClkCycle:        895, pc_rdata: 00000c4c, pc_wdata: 00000c50, insn: 01e59593, mode: 3, rs1_addr: 11, rs1_rdata: 80000000, rs2_addr: 30, rs2_rdata: 00000000, rd_addr: 11, rd_wdata: 00000000, mem_addr: 00000000, mem_rdata: 00000000, mem_wdata: 00000000
ClkCycle:        896, pc_rdata: 00000c50, pc_wdata: 00000c54, insn: fff5c593, mode: 3, rs1_addr: 11, rs1_rdata: 80000000, rs2_addr: 31, rs2_rdata: 00000000, rd_addr: 11, rd_wdata: ffffffff, mem_addr: ffffffff, mem_rdata: 00000000, mem_wdata: 00000000
ClkCycle:        897, pc_rdata: 00000c54, pc_wdata: 00000c58, insn: 33808513, mode: 3, rs1_addr:  1, rs1_rdata: 00003118, rs2_addr: 24, rs2_rdata: 0000007d, rd_addr: 10, rd_wdata: 00003450, mem_addr: 00003450, mem_rdata: 00000000, mem_wdata: 0000007d
ClkCycle:        898, pc_rdata: 00000c58, pc_wdata: 00000c5c, insn: 07400113, mode: 3, rs1_addr:  0, rs1_rdata: 00000000, rs2_addr: 20, rs2_rdata: d5bffdff, rd_addr:  2, rd_wdata: 00000074, mem_addr: 00000074, mem_rdata: 00000000, mem_wdata: d5bffdff
ClkCycle:        899, pc_rdata: 00000c5c, pc_wdata: 00000c60, insn: 40250533, mode: 3, rs1_addr: 10, rs1_rdata: 0000003c, rs2_addr:  2, rs2_rdata: 0000003c, rd_addr: 10, rd_wdata: 000033dc, mem_addr: 000033dc, mem_rdata: 00000000, mem_wdata: 00000074
e0000000ffffffff
ClkCycle:        900, pc_rdata: 00000c60, pc_wdata: 00000c62, insn: 0001d96c, mode: 3, rs1_addr: 10, rs1_rdata: 00003450, rs2_addr: 11, rs2_rdata: ffffffff, rd_addr: 20, rd_wdata: 00003450, mem_addr: 00003450, mem_rdata: 00000000, mem_wdata: ffffffff
ClkCycle:        901, pc_rdata: 00000c62, pc_wdata: 00000c66, insn: 0001d96c, mode: 3, rs1_addr:  0, rs1_rdata: 00000000, rs2_addr:  0, rs2_rdata: 00000000, rd_addr:  0, rd_wdata: 00000000, mem_addr: 00000000, mem_rdata: 00000000, mem_wdata: 00000000
ClkCycle:        902, pc_rdata: 00000c66, pc_wdata: 00000c68, insn: 95930010, mode: 3, rs1_addr:  0, rs1_rdata: 00000000, rs2_addr:  0, rs2_rdata: 00000000, rd_addr:  0, rd_wdata: 00000000, mem_addr: 00000000, mem_rdata: 00000000, mem_wdata: 00000000
ClkCycle:        903, pc_rdata: 00000c68, pc_wdata: 00000c6a, insn: 95930010, mode: 3, rs1_addr:  2, rs1_rdata: 00000074, rs2_addr:  0, rs2_rdata: 00000000, rd_addr: 12, rd_wdata: 00000074, mem_addr: 00000074, mem_rdata: 00000000, mem_wdata: 00000000
ClkCycle:        904, pc_rdata: 00000c6a, pc_wdata: 00000c6e, insn: 95930010, mode: 3, rs1_addr:  0, rs1_rdata: 00000000, rs2_addr:  0, rs2_rdata: 00000000, rd_addr:  0, rd_wdata: 00000000, mem_addr: 00000000, mem_rdata: 00000000, mem_wdata: 00000000
ClkCycle:        905, pc_rdata: 00000c6e, pc_wdata: 00000c72, insn: 8513fff5, mode: 3, rs1_addr: 11, rs1_rdata: ffffffff, rs2_addr: 31, rs2_rdata: 00000000, rd_addr: 11, rd_wdata: 80000000, mem_addr: 80000000, mem_rdata: 00000000, mem_wdata: 00000000
ClkCycle:        906, pc_rdata: 00000c72, pc_wdata: 00000c76, insn: 8513fff5, mode: 3, rs1_addr:  0, rs1_rdata: 00000000, rs2_addr:  0, rs2_rdata: 00000000, rd_addr:  0, rd_wdata: 00000000, mem_addr: 00000000, mem_rdata: 00000000, mem_wdata: 00000000
ClkCycle:        907, pc_rdata: 00000c76, pc_wdata: 00000c7a, insn: 05330300, mode: 3, rs1_addr:  1, rs1_rdata: 00003118, rs2_addr: 16, rs2_rdata: 7d5bfddb, rd_addr: 10, rd_wdata: 00003148, mem_addr: 00003148, mem_rdata: 00000000, mem_wdata: 7d5bfddb
ClkCycle:        908, pc_rdata: 00000c7a, pc_wdata: 00000c7e, insn: 05330300, mode: 3, rs1_addr:  0, rs1_rdata: 00000000, rs2_addr:  0, rs2_rdata: 00000000, rd_addr:  0, rd_wdata: 00000000, mem_addr: 00000000, mem_rdata: 00000000, mem_wdata: 00000000
ClkCycle:        909, pc_rdata: 00000c7e, pc_wdata: 00000c82, insn: 00010001, mode: 3, rs1_addr:  2, rs1_rdata: 00000074, rs2_addr:  0, rs2_rdata: 00000000, rd_addr: 10, rd_wdata: 00000074, mem_addr: 00000074, mem_rdata: 00000000, mem_wdata: 00000000
ClkCycle:        910, pc_rdata: 00000c82, pc_wdata: 00000c86, insn: 00010001, mode: 3, rs1_addr:  0, rs1_rdata: 00000000, rs2_addr:  0, rs2_rdata: 00000000, rd_addr:  0, rd_wdata: 00000000, mem_addr: 00000000, mem_rdata: 00000000, mem_wdata: 00000000
ClkCycle:        911, pc_rdata: 00000c86, pc_wdata: 00000c88, insn: 02059593, mode: 3, rs1_addr:  0, rs1_rdata: 00000000, rs2_addr:  0, rs2_rdata: 00000000, rd_addr:  0, rd_wdata: 00000000, mem_addr: 00000000, mem_rdata: 00000000, mem_wdata: 00000000
ClkCycle:        912, pc_rdata: 00000c88, pc_wdata: 00000c8c, insn: 02059593, mode: 3, rs1_addr: 11, rs1_rdata: 80000000, rs2_addr:  0, rs2_rdata: 00000000, rd_addr: 11, rd_wdata: 80000000, mem_addr: 80000000, mem_rdata: 00000000, mem_wdata: 00000000
ClkCycle:        913, pc_rdata: 00000c8c, pc_wdata: 00000c90, insn: fff5c593, mode: 3, rs1_addr: 11, rs1_rdata: 80000000, rs2_addr: 31, rs2_rdata: 00000000, rd_addr: 11, rd_wdata: 7fffffff, mem_addr: 7fffffff, mem_rdata: 00000000, mem_wdata: 00000000
ClkCycle:        914, pc_rdata: 00000c90, pc_wdata: 00000c94, insn: 34808513, mode: 3, rs1_addr:  1, rs1_rdata: 00003118, rs2_addr:  8, rs2_rdata: 00000000, rd_addr: 10, rd_wdata: 00003460, mem_addr: 00003460, mem_rdata: 00000000, mem_wdata: 00000000
ClkCycle:        915, pc_rdata: 00000c94, pc_wdata: 00000c98, insn: 02800113, mode: 3, rs1_addr:  0, rs1_rdata: 00000000, rs2_addr:  8, rs2_rdata: 00000000, rd_addr:  2, rd_wdata: 00000028, mem_addr: 00000028, mem_rdata: 00000000, mem_wdata: 00000000
ClkCycle:        916, pc_rdata: 00000c98, pc_wdata: 00000c9c, insn: 40250533, mode: 3, rs1_addr: 10, rs1_rdata: 00000074, rs2_addr:  2, rs2_rdata: 00000074, rd_addr: 10, rd_wdata: 00003438, mem_addr: 00003438, mem_rdata: 00000000, mem_wdata: 00000028
7fffffff7fffffff
ClkCycle:        917, pc_rdata: 00000c9c, pc_wdata: 00000c9e, insn: 0001d50c, mode: 3, rs1_addr: 10, rs1_rdata: 00003460, rs2_addr: 11, rs2_rdata: 7fffffff, rd_addr:  8, rd_wdata: 00003460, mem_addr: 00003460, mem_rdata: 00000000, mem_wdata: 7fffffff
ClkCycle:        918, pc_rdata: 00000c9e, pc_wdata: 00000ca2, insn: 0001d50c, mode: 3, rs1_addr:  0, rs1_rdata: 00000000, rs2_addr:  0, rs2_rdata: 00000000, rd_addr:  0, rd_wdata: 00000000, mem_addr: 00000000, mem_rdata: 00000000, mem_wdata: 00000000
ClkCycle:        919, pc_rdata: 00000ca2, pc_wdata: 00000ca4, insn: 95930010, mode: 3, rs1_addr:  0, rs1_rdata: 00000000, rs2_addr:  0, rs2_rdata: 00000000, rd_addr:  0, rd_wdata: 00000000, mem_addr: 00000000, mem_rdata: 00000000, mem_wdata: 00000000
ClkCycle:        920, pc_rdata: 00000ca4, pc_wdata: 00000ca6, insn: 95930010, mode: 3, rs1_addr:  2, rs1_rdata: 00000028, rs2_addr:  0, rs2_rdata: 00000000, rd_addr: 12, rd_wdata: 00000028, mem_addr: 00000028, mem_rdata: 00000000, mem_wdata: 00000000
ClkCycle:        921, pc_rdata: 00000ca6, pc_wdata: 00000caa, insn: 95930010, mode: 3, rs1_addr:  0, rs1_rdata: 00000000, rs2_addr:  0, rs2_rdata: 00000000, rd_addr:  0, rd_wdata: 00000000, mem_addr: 00000000, mem_rdata: 00000000, mem_wdata: 00000000
ClkCycle:        922, pc_rdata: 00000caa, pc_wdata: 00000cae, insn: 8513fff5, mode: 3, rs1_addr: 11, rs1_rdata: 7fffffff, rs2_addr: 31, rs2_rdata: 00000000, rd_addr: 11, rd_wdata: 80000000, mem_addr: 80000000, mem_rdata: 00000000, mem_wdata: 00000000
ClkCycle:        923, pc_rdata: 00000cae, pc_wdata: 00000cb2, insn: 8513fff5, mode: 3, rs1_addr:  0, rs1_rdata: 00000000, rs2_addr:  0, rs2_rdata: 00000000, rd_addr:  0, rd_wdata: 00000000, mem_addr: 00000000, mem_rdata: 00000000, mem_wdata: 00000000
ClkCycle:        924, pc_rdata: 00000cb2, pc_wdata: 00000cb6, insn: 05330080, mode: 3, rs1_addr:  1, rs1_rdata: 00003118, rs2_addr:  8, rs2_rdata: 00000000, rd_addr: 10, rd_wdata: 00003120, mem_addr: 00003120, mem_rdata: 00000000, mem_wdata: 00000000
ClkCycle:        925, pc_rdata: 00000cb6, pc_wdata: 00000cba, insn: 05330080, mode: 3, rs1_addr:  0, rs1_rdata: 00000000, rs2_addr:  0, rs2_rdata: 00000000, rd_addr:  0, rd_wdata: 00000000, mem_addr: 00000000, mem_rdata: 00000000, mem_wdata: 00000000
ClkCycle:        926, pc_rdata: 00000cba, pc_wdata: 00000cbe, insn: 00010001, mode: 3, rs1_addr:  2, rs1_rdata: 00000028, rs2_addr:  0, rs2_rdata: 00000000, rd_addr: 10, rd_wdata: 00000028, mem_addr: 00000028, mem_rdata: 00000000, mem_wdata: 00000000
ClkCycle:        927, pc_rdata: 00000cbe, pc_wdata: 00000cc2, insn: 00010001, mode: 3, rs1_addr:  0, rs1_rdata: 00000000, rs2_addr:  0, rs2_rdata: 00000000, rd_addr:  0, rd_wdata: 00000000, mem_addr: 00000000, mem_rdata: 00000000, mem_wdata: 00000000
ClkCycle:        928, pc_rdata: 00000cc2, pc_wdata: 00000cc4, insn: 02259593, mode: 3, rs1_addr:  0, rs1_rdata: 00000000, rs2_addr:  0, rs2_rdata: 00000000, rd_addr:  0, rd_wdata: 00000000, mem_addr: 00000000, mem_rdata: 00000000, mem_wdata: 00000000
ClkCycle:        929, pc_rdata: 00000cc4, pc_wdata: 00000cc8, insn: 02259593, mode: 3, rs1_addr: 11, rs1_rdata: 80000000, rs2_addr:  2, rs2_rdata: 00000028, rd_addr: 11, rd_wdata: 00000000, mem_addr: 00000000, mem_rdata: 00000000, mem_wdata: 00000028
ClkCycle:        930, pc_rdata: 00000cc8, pc_wdata: 00000ccc, insn: fff5c593, mode: 3, rs1_addr: 11, rs1_rdata: 80000000, rs2_addr: 31, rs2_rdata: 00000000, rd_addr: 11, rd_wdata: ffffffff, mem_addr: ffffffff, mem_rdata: 00000000, mem_wdata: 00000000
ClkCycle:        931, pc_rdata: 00000ccc, pc_wdata: 00000cd0, insn: 35808513, mode: 3, rs1_addr:  1, rs1_rdata: 00003118, rs2_addr: 24, rs2_rdata: 0000007d, rd_addr: 10, rd_wdata: 00003470, mem_addr: 00003470, mem_rdata: 00000000, mem_wdata: 0000007d
ClkCycle:        932, pc_rdata: 00000cd0, pc_wdata: 00000cd4, insn: 00c00113, mode: 3, rs1_addr:  0, rs1_rdata: 00000000, rs2_addr: 12, rs2_rdata: 00000028, rd_addr:  2, rd_wdata: 0000000c, mem_addr: 0000000c, mem_rdata: 00000000, mem_wdata: 00000028
ClkCycle:        933, pc_rdata: 00000cd4, pc_wdata: 00000cd8, insn: 40250533, mode: 3, rs1_addr: 10, rs1_rdata: 00000028, rs2_addr:  2, rs2_rdata: 00000028, rd_addr: 10, rd_wdata: 00003464, mem_addr: 00003464, mem_rdata: 00000000, mem_wdata: 0000000c
fffffffeffffffff
ClkCycle:        934, pc_rdata: 00000cd8, pc_wdata: 00000cda, insn: 0001c54c, mode: 3, rs1_addr: 10, rs1_rdata: 00003470, rs2_addr: 11, rs2_rdata: ffffffff, rd_addr: 12, rd_wdata: 00003470, mem_addr: 00003470, mem_rdata: 00000000, mem_wdata: ffffffff
ClkCycle:        935, pc_rdata: 00000cda, pc_wdata: 00000cde, insn: 0001c54c, mode: 3, rs1_addr:  0, rs1_rdata: 00000000, rs2_addr:  0, rs2_rdata: 00000000, rd_addr:  0, rd_wdata: 00000000, mem_addr: 00000000, mem_rdata: 00000000, mem_wdata: 00000000
ClkCycle:        936, pc_rdata: 00000cde, pc_wdata: 00000ce0, insn: 95930010, mode: 3, rs1_addr:  0, rs1_rdata: 00000000, rs2_addr:  0, rs2_rdata: 00000000, rd_addr:  0, rd_wdata: 00000000, mem_addr: 00000000, mem_rdata: 00000000, mem_wdata: 00000000
ClkCycle:        937, pc_rdata: 00000ce0, pc_wdata: 00000ce2, insn: 95930010, mode: 3, rs1_addr:  2, rs1_rdata: 0000000c, rs2_addr:  0, rs2_rdata: 00000000, rd_addr: 12, rd_wdata: 0000000c, mem_addr: 0000000c, mem_rdata: 00000000, mem_wdata: 00000000
ClkCycle:        938, pc_rdata: 00000ce2, pc_wdata: 00000ce6, insn: 95930010, mode: 3, rs1_addr:  0, rs1_rdata: 00000000, rs2_addr:  0, rs2_rdata: 00000000, rd_addr:  0, rd_wdata: 00000000, mem_addr: 00000000, mem_rdata: 00000000, mem_wdata: 00000000
ClkCycle:        939, pc_rdata: 00000ce6, pc_wdata: 00000cea, insn: 8513fff5, mode: 3, rs1_addr: 11, rs1_rdata: ffffffff, rs2_addr: 31, rs2_rdata: 00000000, rd_addr: 11, rd_wdata: 80000000, mem_addr: 80000000, mem_rdata: 00000000, mem_wdata: 00000000
ClkCycle:        940, pc_rdata: 00000cea, pc_wdata: 00000cee, insn: 8513fff5, mode: 3, rs1_addr:  0, rs1_rdata: 00000000, rs2_addr:  0, rs2_rdata: 00000000, rd_addr:  0, rd_wdata: 00000000, mem_addr: 00000000, mem_rdata: 00000000, mem_wdata: 00000000
ClkCycle:        941, pc_rdata: 00000cee, pc_wdata: 00000cf2, insn: 053303c0, mode: 3, rs1_addr:  1, rs1_rdata: 00003118, rs2_addr: 28, rs2_rdata: 00000000, rd_addr: 10, rd_wdata: 00003154, mem_addr: 00003154, mem_rdata: 00000000, mem_wdata: 00000000
ClkCycle:        942, pc_rdata: 00000cf2, pc_wdata: 00000cf6, insn: 053303c0, mode: 3, rs1_addr:  0, rs1_rdata: 00000000, rs2_addr:  0, rs2_rdata: 00000000, rd_addr:  0, rd_wdata: 00000000, mem_addr: 00000000, mem_rdata: 00000000, mem_wdata: 00000000
ClkCycle:        943, pc_rdata: 00000cf6, pc_wdata: 00000cfa, insn: 00010001, mode: 3, rs1_addr:  2, rs1_rdata: 0000000c, rs2_addr:  0, rs2_rdata: 00000000, rd_addr: 10, rd_wdata: 0000000c, mem_addr: 0000000c, mem_rdata: 00000000, mem_wdata: 00000000
ClkCycle:        944, pc_rdata: 00000cfa, pc_wdata: 00000cfe, insn: 00010001, mode: 3, rs1_addr:  0, rs1_rdata: 00000000, rs2_addr:  0, rs2_rdata: 00000000, rd_addr:  0, rd_wdata: 00000000, mem_addr: 00000000, mem_rdata: 00000000, mem_wdata: 00000000
ClkCycle:        945, pc_rdata: 00000cfe, pc_wdata: 00000d00, insn: 02459593, mode: 3, rs1_addr:  0, rs1_rdata: 00000000, rs2_addr:  0, rs2_rdata: 00000000, rd_addr:  0, rd_wdata: 00000000, mem_addr: 00000000, mem_rdata: 00000000, mem_wdata: 00000000
ClkCycle:        946, pc_rdata: 00000d00, pc_wdata: 00000d04, insn: 02459593, mode: 3, rs1_addr: 11, rs1_rdata: 80000000, rs2_addr:  4, rs2_rdata: 6dfdffff, rd_addr: 11, rd_wdata: 00000000, mem_addr: 00000000, mem_rdata: 00000000, mem_wdata: 6dfdffff
ClkCycle:        947, pc_rdata: 00000d04, pc_wdata: 00000d08, insn: fff5c593, mode: 3, rs1_addr: 11, rs1_rdata: 80000000, rs2_addr: 31, rs2_rdata: 00000000, rd_addr: 11, rd_wdata: ffffffff, mem_addr: ffffffff, mem_rdata: 00000000, mem_wdata: 00000000
ClkCycle:        948, pc_rdata: 00000d08, pc_wdata: 00000d0c, insn: 36808513, mode: 3, rs1_addr:  1, rs1_rdata: 00003118, rs2_addr:  8, rs2_rdata: 00000000, rd_addr: 10, rd_wdata: 00003480, mem_addr: 00003480, mem_rdata: 00000000, mem_wdata: 00000000
ClkCycle:        949, pc_rdata: 00000d0c, pc_wdata: 00000d10, insn: 06c00113, mode: 3, rs1_addr:  0, rs1_rdata: 00000000, rs2_addr: 12, rs2_rdata: 0000000c, rd_addr:  2, rd_wdata: 0000006c, mem_addr: 0000006c, mem_rdata: 00000000, mem_wdata: 0000000c
ClkCycle:        950, pc_rdata: 00000d10, pc_wdata: 00000d14, insn: 40250533, mode: 3, rs1_addr: 10, rs1_rdata: 0000000c, rs2_addr:  2, rs2_rdata: 0000000c, rd_addr: 10, rd_wdata: 00003414, mem_addr: 00003414, mem_rdata: 00000000, mem_wdata: 0000006c
fffffff8ffffffff
ClkCycle:        951, pc_rdata: 00000d14, pc_wdata: 00000d16, insn: 0001d56c, mode: 3, rs1_addr: 10, rs1_rdata: 00003480, rs2_addr: 11, rs2_rdata: ffffffff, rd_addr: 12, rd_wdata: 00003480, mem_addr: 00003480, mem_rdata: 00000000, mem_wdata: ffffffff
ClkCycle:        952, pc_rdata: 00000d16, pc_wdata: 00000d1a, insn: 0001d56c, mode: 3, rs1_addr:  0, rs1_rdata: 00000000, rs2_addr:  0, rs2_rdata: 00000000, rd_addr:  0, rd_wdata: 00000000, mem_addr: 00000000, mem_rdata: 00000000, mem_wdata: 00000000
ClkCycle:        953, pc_rdata: 00000d1a, pc_wdata: 00000d1c, insn: 95930010, mode: 3, rs1_addr:  0, rs1_rdata: 00000000, rs2_addr:  0, rs2_rdata: 00000000, rd_addr:  0, rd_wdata: 00000000, mem_addr: 00000000, mem_rdata: 00000000, mem_wdata: 00000000
ClkCycle:        954, pc_rdata: 00000d1c, pc_wdata: 00000d1e, insn: 95930010, mode: 3, rs1_addr:  2, rs1_rdata: 0000006c, rs2_addr:  0, rs2_rdata: 00000000, rd_addr: 12, rd_wdata: 0000006c, mem_addr: 0000006c, mem_rdata: 00000000, mem_wdata: 00000000
ClkCycle:        955, pc_rdata: 00000d1e, pc_wdata: 00000d22, insn: 95930010, mode: 3, rs1_addr:  0, rs1_rdata: 00000000, rs2_addr:  0, rs2_rdata: 00000000, rd_addr:  0, rd_wdata: 00000000, mem_addr: 00000000, mem_rdata: 00000000, mem_wdata: 00000000
ClkCycle:        956, pc_rdata: 00000d22, pc_wdata: 00000d26, insn: 8513fff5, mode: 3, rs1_addr: 11, rs1_rdata: ffffffff, rs2_addr: 31, rs2_rdata: 00000000, rd_addr: 11, rd_wdata: 80000000, mem_addr: 80000000, mem_rdata: 00000000, mem_wdata: 00000000
ClkCycle:        957, pc_rdata: 00000d26, pc_wdata: 00000d2a, insn: 8513fff5, mode: 3, rs1_addr:  0, rs1_rdata: 00000000, rs2_addr:  0, rs2_rdata: 00000000, rd_addr:  0, rd_wdata: 00000000, mem_addr: 00000000, mem_rdata: 00000000, mem_wdata: 00000000
ClkCycle:        958, pc_rdata: 00000d2a, pc_wdata: 00000d2e, insn: 05330280, mode: 3, rs1_addr:  1, rs1_rdata: 00003118, rs2_addr:  8, rs2_rdata: 00000000, rd_addr: 10, rd_wdata: 00003140, mem_addr: 00003140, mem_rdata: 00000000, mem_wdata: 00000000
ClkCycle:        959, pc_rdata: 00000d2e, pc_wdata: 00000d32, insn: 05330280, mode: 3, rs1_addr:  0, rs1_rdata: 00000000, rs2_addr:  0, rs2_rdata: 00000000, rd_addr:  0, rd_wdata: 00000000, mem_addr: 00000000, mem_rdata: 00000000, mem_wdata: 00000000
ClkCycle:        960, pc_rdata: 00000d32, pc_wdata: 00000d36, insn: 00010001, mode: 3, rs1_addr:  2, rs1_rdata: 0000006c, rs2_addr:  0, rs2_rdata: 00000000, rd_addr: 10, rd_wdata: 0000006c, mem_addr: 0000006c, mem_rdata: 00000000, mem_wdata: 00000000
ClkCycle:        961, pc_rdata: 00000d36, pc_wdata: 00000d3a, insn: 00010001, mode: 3, rs1_addr:  0, rs1_rdata: 00000000, rs2_addr:  0, rs2_rdata: 00000000, rd_addr:  0, rd_wdata: 00000000, mem_addr: 00000000, mem_rdata: 00000000, mem_wdata: 00000000
ClkCycle:        962, pc_rdata: 00000d3a, pc_wdata: 00000d3c, insn: 02659593, mode: 3, rs1_addr:  0, rs1_rdata: 00000000, rs2_addr:  0, rs2_rdata: 00000000, rd_addr:  0, rd_wdata: 00000000, mem_addr: 00000000, mem_rdata: 00000000, mem_wdata: 00000000
ClkCycle:        963, pc_rdata: 00000d3c, pc_wdata: 00000d40, insn: 02659593, mode: 3, rs1_addr: 11, rs1_rdata: 80000000, rs2_addr:  6, rs2_rdata: 1fddb7f7, rd_addr: 11, rd_wdata: 00000000, mem_addr: 00000000, mem_rdata: 00000000, mem_wdata: 1fddb7f7
ClkCycle:        964, pc_rdata: 00000d40, pc_wdata: 00000d44, insn: fff5c593, mode: 3, rs1_addr: 11, rs1_rdata: 80000000, rs2_addr: 31, rs2_rdata: 00000000, rd_addr: 11, rd_wdata: ffffffff, mem_addr: ffffffff, mem_rdata: 00000000, mem_wdata: 00000000
ClkCycle:        965, pc_rdata: 00000d44, pc_wdata: 00000d48, insn: 37808513, mode: 3, rs1_addr:  1, rs1_rdata: 00003118, rs2_addr: 24, rs2_rdata: 0000007d, rd_addr: 10, rd_wdata: 00003490, mem_addr: 00003490, mem_rdata: 00000000, mem_wdata: 0000007d
ClkCycle:        966, pc_rdata: 00000d48, pc_wdata: 00000d4c, insn: 03400113, mode: 3, rs1_addr:  0, rs1_rdata: 00000000, rs2_addr: 20, rs2_rdata: d5bffdff, rd_addr:  2, rd_wdata: 00000034, mem_addr: 00000034, mem_rdata: 00000000, mem_wdata: d5bffdff
ClkCycle:        967, pc_rdata: 00000d4c, pc_wdata: 00000d50, insn: 40250533, mode: 3, rs1_addr: 10, rs1_rdata: 0000006c, rs2_addr:  2, rs2_rdata: 0000006c, rd_addr: 10, rd_wdata: 0000345c, mem_addr: 0000345c, mem_rdata: 00000000, mem_wdata: 00000034
ffffffe0ffffffff
ClkCycle:        968, pc_rdata: 00000d50, pc_wdata: 00000d52, insn: 0001d94c, mode: 3, rs1_addr: 10, rs1_rdata: 00003490, rs2_addr: 11, rs2_rdata: ffffffff, rd_addr: 20, rd_wdata: 00003490, mem_addr: 00003490, mem_rdata: 00000000, mem_wdata: ffffffff
ClkCycle:        969, pc_rdata: 00000d52, pc_wdata: 00000d56, insn: 0001d94c, mode: 3, rs1_addr:  0, rs1_rdata: 00000000, rs2_addr:  0, rs2_rdata: 00000000, rd_addr:  0, rd_wdata: 00000000, mem_addr: 00000000, mem_rdata: 00000000, mem_wdata: 00000000
ClkCycle:        970, pc_rdata: 00000d56, pc_wdata: 00000d58, insn: 95930010, mode: 3, rs1_addr:  0, rs1_rdata: 00000000, rs2_addr:  0, rs2_rdata: 00000000, rd_addr:  0, rd_wdata: 00000000, mem_addr: 00000000, mem_rdata: 00000000, mem_wdata: 00000000
ClkCycle:        971, pc_rdata: 00000d58, pc_wdata: 00000d5a, insn: 95930010, mode: 3, rs1_addr:  2, rs1_rdata: 00000034, rs2_addr:  0, rs2_rdata: 00000000, rd_addr: 12, rd_wdata: 00000034, mem_addr: 00000034, mem_rdata: 00000000, mem_wdata: 00000000
ClkCycle:        972, pc_rdata: 00000d5a, pc_wdata: 00000d5e, insn: 95930010, mode: 3, rs1_addr:  0, rs1_rdata: 00000000, rs2_addr:  0, rs2_rdata: 00000000, rd_addr:  0, rd_wdata: 00000000, mem_addr: 00000000, mem_rdata: 00000000, mem_wdata: 00000000
ClkCycle:        973, pc_rdata: 00000d5e, pc_wdata: 00000d62, insn: 8513fff5, mode: 3, rs1_addr: 11, rs1_rdata: ffffffff, rs2_addr: 31, rs2_rdata: 00000000, rd_addr: 11, rd_wdata: 80000000, mem_addr: 80000000, mem_rdata: 00000000, mem_wdata: 00000000
ClkCycle:        974, pc_rdata: 00000d62, pc_wdata: 00000d66, insn: 8513fff5, mode: 3, rs1_addr:  0, rs1_rdata: 00000000, rs2_addr:  0, rs2_rdata: 00000000, rd_addr:  0, rd_wdata: 00000000, mem_addr: 00000000, mem_rdata: 00000000, mem_wdata: 00000000
ClkCycle:        975, pc_rdata: 00000d66, pc_wdata: 00000d6a, insn: 05330100, mode: 3, rs1_addr:  1, rs1_rdata: 00003118, rs2_addr: 16, rs2_rdata: 7d5bfddb, rd_addr: 10, rd_wdata: 00003128, mem_addr: 00003128, mem_rdata: 00000000, mem_wdata: 7d5bfddb
ClkCycle:        976, pc_rdata: 00000d6a, pc_wdata: 00000d6e, insn: 05330100, mode: 3, rs1_addr:  0, rs1_rdata: 00000000, rs2_addr:  0, rs2_rdata: 00000000, rd_addr:  0, rd_wdata: 00000000, mem_addr: 00000000, mem_rdata: 00000000, mem_wdata: 00000000
ClkCycle:        977, pc_rdata: 00000d6e, pc_wdata: 00000d72, insn: 00010001, mode: 3, rs1_addr:  2, rs1_rdata: 00000034, rs2_addr:  0, rs2_rdata: 00000000, rd_addr: 10, rd_wdata: 00000034, mem_addr: 00000034, mem_rdata: 00000000, mem_wdata: 00000000
ClkCycle:        978, pc_rdata: 00000d72, pc_wdata: 00000d76, insn: 00010001, mode: 3, rs1_addr:  0, rs1_rdata: 00000000, rs2_addr:  0, rs2_rdata: 00000000, rd_addr:  0, rd_wdata: 00000000, mem_addr: 00000000, mem_rdata: 00000000, mem_wdata: 00000000
ClkCycle:        979, pc_rdata: 00000d76, pc_wdata: 00000d78, insn: 02959593, mode: 3, rs1_addr:  0, rs1_rdata: 00000000, rs2_addr:  0, rs2_rdata: 00000000, rd_addr:  0, rd_wdata: 00000000, mem_addr: 00000000, mem_rdata: 00000000, mem_wdata: 00000000
ClkCycle:        980, pc_rdata: 00000d78, pc_wdata: 00000d7c, insn: 02959593, mode: 3, rs1_addr: 11, rs1_rdata: 80000000, rs2_addr:  9, rs2_rdata: 000000fe, rd_addr: 11, rd_wdata: 00000000, mem_addr: 00000000, mem_rdata: 00000000, mem_wdata: 000000fe
ClkCycle:        981, pc_rdata: 00000d7c, pc_wdata: 00000d80, insn: fff5c593, mode: 3, rs1_addr: 11, rs1_rdata: 80000000, rs2_addr: 31, rs2_rdata: 00000000, rd_addr: 11, rd_wdata: ffffffff, mem_addr: ffffffff, mem_rdata: 00000000, mem_wdata: 00000000
ClkCycle:        982, pc_rdata: 00000d80, pc_wdata: 00000d84, insn: 38808513, mode: 3, rs1_addr:  1, rs1_rdata: 00003118, rs2_addr:  8, rs2_rdata: 00000000, rd_addr: 10, rd_wdata: 000034a0, mem_addr: 000034a0, mem_rdata: 00000000, mem_wdata: 00000000
ClkCycle:        983, pc_rdata: 00000d84, pc_wdata: 00000d88, insn: 00800113, mode: 3, rs1_addr:  0, rs1_rdata: 00000000, rs2_addr:  8, rs2_rdata: 00000000, rd_addr:  2, rd_wdata: 00000008, mem_addr: 00000008, mem_rdata: 00000000, mem_wdata: 00000000
ClkCycle:        984, pc_rdata: 00000d88, pc_wdata: 00000d8c, insn: 40250533, mode: 3, rs1_addr: 10, rs1_rdata: 00000034, rs2_addr:  2, rs2_rdata: 00000034, rd_addr: 10, rd_wdata: 00003498, mem_addr: 00003498, mem_rdata: 00000000, mem_wdata: 00000008
ffffff00ffffffff
ClkCycle:        985, pc_rdata: 00000d8c, pc_wdata: 00000d8e, insn: 0001c50c, mode: 3, rs1_addr: 10, rs1_rdata: 000034a0, rs2_addr: 11, rs2_rdata: ffffffff, rd_addr:  8, rd_wdata: 000034a0, mem_addr: 000034a0, mem_rdata: 00000000, mem_wdata: ffffffff
ClkCycle:        986, pc_rdata: 00000d8e, pc_wdata: 00000d92, insn: 0001c50c, mode: 3, rs1_addr:  0, rs1_rdata: 00000000, rs2_addr:  0, rs2_rdata: 00000000, rd_addr:  0, rd_wdata: 00000000, mem_addr: 00000000, mem_rdata: 00000000, mem_wdata: 00000000
ClkCycle:        987, pc_rdata: 00000d92, pc_wdata: 00000d94, insn: 95930010, mode: 3, rs1_addr:  0, rs1_rdata: 00000000, rs2_addr:  0, rs2_rdata: 00000000, rd_addr:  0, rd_wdata: 00000000, mem_addr: 00000000, mem_rdata: 00000000, mem_wdata: 00000000
ClkCycle:        988, pc_rdata: 00000d94, pc_wdata: 00000d96, insn: 95930010, mode: 3, rs1_addr:  2, rs1_rdata: 00000008, rs2_addr:  0, rs2_rdata: 00000000, rd_addr: 12, rd_wdata: 00000008, mem_addr: 00000008, mem_rdata: 00000000, mem_wdata: 00000000
ClkCycle:        989, pc_rdata: 00000d96, pc_wdata: 00000d9a, insn: 95930010, mode: 3, rs1_addr:  0, rs1_rdata: 00000000, rs2_addr:  0, rs2_rdata: 00000000, rd_addr:  0, rd_wdata: 00000000, mem_addr: 00000000, mem_rdata: 00000000, mem_wdata: 00000000
ClkCycle:        990, pc_rdata: 00000d9a, pc_wdata: 00000d9e, insn: 8513fff5, mode: 3, rs1_addr: 11, rs1_rdata: ffffffff, rs2_addr: 31, rs2_rdata: 00000000, rd_addr: 11, rd_wdata: 80000000, mem_addr: 80000000, mem_rdata: 00000000, mem_wdata: 00000000
ClkCycle:        991, pc_rdata: 00000d9e, pc_wdata: 00000da2, insn: 8513fff5, mode: 3, rs1_addr:  0, rs1_rdata: 00000000, rs2_addr:  0, rs2_rdata: 00000000, rd_addr:  0, rd_wdata: 00000000, mem_addr: 00000000, mem_rdata: 00000000, mem_wdata: 00000000
ClkCycle:        992, pc_rdata: 00000da2, pc_wdata: 00000da6, insn: 05330340, mode: 3, rs1_addr:  1, rs1_rdata: 00003118, rs2_addr: 20, rs2_rdata: d5bffdff, rd_addr: 10, rd_wdata: 0000314c, mem_addr: 0000314c, mem_rdata: 00000000, mem_wdata: d5bffdff
ClkCycle:        993, pc_rdata: 00000da6, pc_wdata: 00000daa, insn: 05330340, mode: 3, rs1_addr:  0, rs1_rdata: 00000000, rs2_addr:  0, rs2_rdata: 00000000, rd_addr:  0, rd_wdata: 00000000, mem_addr: 00000000, mem_rdata: 00000000, mem_wdata: 00000000
ClkCycle:        994, pc_rdata: 00000daa, pc_wdata: 00000dae, insn: 00010001, mode: 3, rs1_addr:  2, rs1_rdata: 00000008, rs2_addr:  0, rs2_rdata: 00000000, rd_addr: 10, rd_wdata: 00000008, mem_addr: 00000008, mem_rdata: 00000000, mem_wdata: 00000000
ClkCycle:        995, pc_rdata: 00000dae, pc_wdata: 00000db2, insn: 00010001, mode: 3, rs1_addr:  0, rs1_rdata: 00000000, rs2_addr:  0, rs2_rdata: 00000000, rd_addr:  0, rd_wdata: 00000000, mem_addr: 00000000, mem_rdata: 00000000, mem_wdata: 00000000
ClkCycle:        996, pc_rdata: 00000db2, pc_wdata: 00000db4, insn: 02b59593, mode: 3, rs1_addr:  0, rs1_rdata: 00000000, rs2_addr:  0, rs2_rdata: 00000000, rd_addr:  0, rd_wdata: 00000000, mem_addr: 00000000, mem_rdata: 00000000, mem_wdata: 00000000
ClkCycle:        997, pc_rdata: 00000db4, pc_wdata: 00000db8, insn: 02b59593, mode: 3, rs1_addr: 11, rs1_rdata: 80000000, rs2_addr: 11, rs2_rdata: 80000000, rd_addr: 11, rd_wdata: 00000000, mem_addr: 00000000, mem_rdata: 00000000, mem_wdata: 80000000
ClkCycle:        998, pc_rdata: 00000db8, pc_wdata: 00000dbc, insn: fff5c593, mode: 3, rs1_addr: 11, rs1_rdata: 80000000, rs2_addr: 31, rs2_rdata: 00000000, rd_addr: 11, rd_wdata: ffffffff, mem_addr: ffffffff, mem_rdata: 00000000, mem_wdata: 00000000
ClkCycle:        999, pc_rdata: 00000dbc, pc_wdata: 00000dc0, insn: 39808513, mode: 3, rs1_addr:  1, rs1_rdata: 00003118, rs2_addr: 24, rs2_rdata: 0000007d, rd_addr: 10, rd_wdata: 000034b0, mem_addr: 000034b0, mem_rdata: 00000000, mem_wdata: 0000007d
ClkCycle:       1000, pc_rdata: 00000dc0, pc_wdata: 00000dc4, insn: 03400113, mode: 3, rs1_addr:  0, rs1_rdata: 00000000, rs2_addr: 20, rs2_rdata: d5bffdff, rd_addr:  2, rd_wdata: 00000034, mem_addr: 00000034, mem_rdata: 00000000, mem_wdata: d5bffdff
ClkCycle:       1001, pc_rdata: 00000dc4, pc_wdata: 00000dc8, insn: 40250533, mode: 3, rs1_addr: 10, rs1_rdata: 00000008, rs2_addr:  2, rs2_rdata: 00000008, rd_addr: 10, rd_wdata: 0000347c, mem_addr: 0000347c, mem_rdata: 00000000, mem_wdata: 00000034
fffffc00ffffffff
ClkCycle:       1002, pc_rdata: 00000dc8, pc_wdata: 00000dca, insn: 0001d94c, mode: 3, rs1_addr: 10, rs1_rdata: 000034b0, rs2_addr: 11, rs2_rdata: ffffffff, rd_addr: 20, rd_wdata: 000034b0, mem_addr: 000034b0, mem_rdata: 00000000, mem_wdata: ffffffff
ClkCycle:       1003, pc_rdata: 00000dca, pc_wdata: 00000dce, insn: 0001d94c, mode: 3, rs1_addr:  0, rs1_rdata: 00000000, rs2_addr:  0, rs2_rdata: 00000000, rd_addr:  0, rd_wdata: 00000000, mem_addr: 00000000, mem_rdata: 00000000, mem_wdata: 00000000
ClkCycle:       1004, pc_rdata: 00000dce, pc_wdata: 00000dd0, insn: 95930010, mode: 3, rs1_addr:  0, rs1_rdata: 00000000, rs2_addr:  0, rs2_rdata: 00000000, rd_addr:  0, rd_wdata: 00000000, mem_addr: 00000000, mem_rdata: 00000000, mem_wdata: 00000000
ClkCycle:       1005, pc_rdata: 00000dd0, pc_wdata: 00000dd2, insn: 95930010, mode: 3, rs1_addr:  2, rs1_rdata: 00000034, rs2_addr:  0, rs2_rdata: 00000000, rd_addr: 12, rd_wdata: 00000034, mem_addr: 00000034, mem_rdata: 00000000, mem_wdata: 00000000
ClkCycle:       1006, pc_rdata: 00000dd2, pc_wdata: 00000dd6, insn: 95930010, mode: 3, rs1_addr:  0, rs1_rdata: 00000000, rs2_addr:  0, rs2_rdata: 00000000, rd_addr:  0, rd_wdata: 00000000, mem_addr: 00000000, mem_rdata: 00000000, mem_wdata: 00000000
ClkCycle:       1007, pc_rdata: 00000dd6, pc_wdata: 00000dda, insn: 8513fff5, mode: 3, rs1_addr: 11, rs1_rdata: ffffffff, rs2_addr: 31, rs2_rdata: 00000000, rd_addr: 11, rd_wdata: 80000000, mem_addr: 80000000, mem_rdata: 00000000, mem_wdata: 00000000
ClkCycle:       1008, pc_rdata: 00000dda, pc_wdata: 00000dde, insn: 8513fff5, mode: 3, rs1_addr:  0, rs1_rdata: 00000000, rs2_addr:  0, rs2_rdata: 00000000, rd_addr:  0, rd_wdata: 00000000, mem_addr: 00000000, mem_rdata: 00000000, mem_wdata: 00000000
ClkCycle:       1009, pc_rdata: 00000dde, pc_wdata: 00000de2, insn: 053303c0, mode: 3, rs1_addr:  1, rs1_rdata: 00003118, rs2_addr: 28, rs2_rdata: 00000000, rd_addr: 10, rd_wdata: 00003154, mem_addr: 00003154, mem_rdata: 00000000, mem_wdata: 00000000
ClkCycle:       1010, pc_rdata: 00000de2, pc_wdata: 00000de6, insn: 053303c0, mode: 3, rs1_addr:  0, rs1_rdata: 00000000, rs2_addr:  0, rs2_rdata: 00000000, rd_addr:  0, rd_wdata: 00000000, mem_addr: 00000000, mem_rdata: 00000000, mem_wdata: 00000000
ClkCycle:       1011, pc_rdata: 00000de6, pc_wdata: 00000dea, insn: 00010001, mode: 3, rs1_addr:  2, rs1_rdata: 00000034, rs2_addr:  0, rs2_rdata: 00000000, rd_addr: 10, rd_wdata: 00000034, mem_addr: 00000034, mem_rdata: 00000000, mem_wdata: 00000000
ClkCycle:       1012, pc_rdata: 00000dea, pc_wdata: 00000dee, insn: 00010001, mode: 3, rs1_addr:  0, rs1_rdata: 00000000, rs2_addr:  0, rs2_rdata: 00000000, rd_addr:  0, rd_wdata: 00000000, mem_addr: 00000000, mem_rdata: 00000000, mem_wdata: 00000000
ClkCycle:       1013, pc_rdata: 00000dee, pc_wdata: 00000df0, insn: 02d59593, mode: 3, rs1_addr:  0, rs1_rdata: 00000000, rs2_addr:  0, rs2_rdata: 00000000, rd_addr:  0, rd_wdata: 00000000, mem_addr: 00000000, mem_rdata: 00000000, mem_wdata: 00000000
ClkCycle:       1014, pc_rdata: 00000df0, pc_wdata: 00000df4, insn: 02d59593, mode: 3, rs1_addr: 11, rs1_rdata: 80000000, rs2_addr: 13, rs2_rdata: feffffbf, rd_addr: 11, rd_wdata: 00000000, mem_addr: 00000000, mem_rdata: 00000000, mem_wdata: feffffbf
ClkCycle:       1015, pc_rdata: 00000df4, pc_wdata: 00000df8, insn: fff5c593, mode: 3, rs1_addr: 11, rs1_rdata: 80000000, rs2_addr: 31, rs2_rdata: 00000000, rd_addr: 11, rd_wdata: ffffffff, mem_addr: ffffffff, mem_rdata: 00000000, mem_wdata: 00000000
ClkCycle:       1016, pc_rdata: 00000df8, pc_wdata: 00000dfc, insn: 3a808513, mode: 3, rs1_addr:  1, rs1_rdata: 00003118, rs2_addr:  8, rs2_rdata: 00000000, rd_addr: 10, rd_wdata: 000034c0, mem_addr: 000034c0, mem_rdata: 00000000, mem_wdata: 00000000
ClkCycle:       1017, pc_rdata: 00000dfc, pc_wdata: 00000e00, insn: 07800113, mode: 3, rs1_addr:  0, rs1_rdata: 00000000, rs2_addr: 24, rs2_rdata: 0000007d, rd_addr:  2, rd_wdata: 00000078, mem_addr: 00000078, mem_rdata: 00000000, mem_wdata: 0000007d
ClkCycle:       1018, pc_rdata: 00000e00, pc_wdata: 00000e04, insn: 40250533, mode: 3, rs1_addr: 10, rs1_rdata: 00000034, rs2_addr:  2, rs2_rdata: 00000034, rd_addr: 10, rd_wdata: 00003448, mem_addr: 00003448, mem_rdata: 00000000, mem_wdata: 00000078
fffff000ffffffff
ClkCycle:       1019, pc_rdata: 00000e04, pc_wdata: 00000e06, insn: 0001dd2c, mode: 3, rs1_addr: 10, rs1_rdata: 000034c0, rs2_addr: 11, rs2_rdata: ffffffff, rd_addr: 24, rd_wdata: 000034c0, mem_addr: 000034c0, mem_rdata: 00000000, mem_wdata: ffffffff
ClkCycle:       1020, pc_rdata: 00000e06, pc_wdata: 00000e0a, insn: 0001dd2c, mode: 3, rs1_addr:  0, rs1_rdata: 00000000, rs2_addr:  0, rs2_rdata: 00000000, rd_addr:  0, rd_wdata: 00000000, mem_addr: 00000000, mem_rdata: 00000000, mem_wdata: 00000000
ClkCycle:       1021, pc_rdata: 00000e0a, pc_wdata: 00000e0c, insn: 95930010, mode: 3, rs1_addr:  0, rs1_rdata: 00000000, rs2_addr:  0, rs2_rdata: 00000000, rd_addr:  0, rd_wdata: 00000000, mem_addr: 00000000, mem_rdata: 00000000, mem_wdata: 00000000
ClkCycle:       1022, pc_rdata: 00000e0c, pc_wdata: 00000e0e, insn: 95930010, mode: 3, rs1_addr:  2, rs1_rdata: 00000078, rs2_addr:  0, rs2_rdata: 00000000, rd_addr: 12, rd_wdata: 00000078, mem_addr: 00000078, mem_rdata: 00000000, mem_wdata: 00000000
ClkCycle:       1023, pc_rdata: 00000e0e, pc_wdata: 00000e12, insn: 95930010, mode: 3, rs1_addr:  0, rs1_rdata: 00000000, rs2_addr:  0, rs2_rdata: 00000000, rd_addr:  0, rd_wdata: 00000000, mem_addr: 00000000, mem_rdata: 00000000, mem_wdata: 00000000
ClkCycle:       1024, pc_rdata: 00000e12, pc_wdata: 00000e16, insn: 8513fff5, mode: 3, rs1_addr: 11, rs1_rdata: ffffffff, rs2_addr: 31, rs2_rdata: 00000000, rd_addr: 11, rd_wdata: 80000000, mem_addr: 80000000, mem_rdata: 00000000, mem_wdata: 00000000
ClkCycle:       1025, pc_rdata: 00000e16, pc_wdata: 00000e1a, insn: 8513fff5, mode: 3, rs1_addr:  0, rs1_rdata: 00000000, rs2_addr:  0, rs2_rdata: 00000000, rd_addr:  0, rd_wdata: 00000000, mem_addr: 00000000, mem_rdata: 00000000, mem_wdata: 00000000
ClkCycle:       1026, pc_rdata: 00000e1a, pc_wdata: 00000e1e, insn: 05330180, mode: 3, rs1_addr:  1, rs1_rdata: 00003118, rs2_addr: 24, rs2_rdata: 0000007d, rd_addr: 10, rd_wdata: 00003130, mem_addr: 00003130, mem_rdata: 00000000, mem_wdata: 0000007d
ClkCycle:       1027, pc_rdata: 00000e1e, pc_wdata: 00000e22, insn: 05330180, mode: 3, rs1_addr:  0, rs1_rdata: 00000000, rs2_addr:  0, rs2_rdata: 00000000, rd_addr:  0, rd_wdata: 00000000, mem_addr: 00000000, mem_rdata: 00000000, mem_wdata: 00000000
ClkCycle:       1028, pc_rdata: 00000e22, pc_wdata: 00000e26, insn: 00010001, mode: 3, rs1_addr:  2, rs1_rdata: 00000078, rs2_addr:  0, rs2_rdata: 00000000, rd_addr: 10, rd_wdata: 00000078, mem_addr: 00000078, mem_rdata: 00000000, mem_wdata: 00000000
ClkCycle:       1029, pc_rdata: 00000e26, pc_wdata: 00000e2a, insn: 00010001, mode: 3, rs1_addr:  0, rs1_rdata: 00000000, rs2_addr:  0, rs2_rdata: 00000000, rd_addr:  0, rd_wdata: 00000000, mem_addr: 00000000, mem_rdata: 00000000, mem_wdata: 00000000
ClkCycle:       1030, pc_rdata: 00000e2a, pc_wdata: 00000e2c, insn: 02f59593, mode: 3, rs1_addr:  0, rs1_rdata: 00000000, rs2_addr:  0, rs2_rdata: 00000000, rd_addr:  0, rd_wdata: 00000000, mem_addr: 00000000, mem_rdata: 00000000, mem_wdata: 00000000
ClkCycle:       1031, pc_rdata: 00000e2c, pc_wdata: 00000e30, insn: 02f59593, mode: 3, rs1_addr: 11, rs1_rdata: 80000000, rs2_addr: 15, rs2_rdata: 00000000, rd_addr: 11, rd_wdata: 00000000, mem_addr: 00000000, mem_rdata: 00000000, mem_wdata: 00000000
ClkCycle:       1032, pc_rdata: 00000e30, pc_wdata: 00000e34, insn: fff5c593, mode: 3, rs1_addr: 11, rs1_rdata: 80000000, rs2_addr: 31, rs2_rdata: 00000000, rd_addr: 11, rd_wdata: ffffffff, mem_addr: ffffffff, mem_rdata: 00000000, mem_wdata: 00000000
ClkCycle:       1033, pc_rdata: 00000e34, pc_wdata: 00000e38, insn: 3b808513, mode: 3, rs1_addr:  1, rs1_rdata: 00003118, rs2_addr: 24, rs2_rdata: 0000007d, rd_addr: 10, rd_wdata: 000034d0, mem_addr: 000034d0, mem_rdata: 00000000, mem_wdata: 0000007d
ClkCycle:       1034, pc_rdata: 00000e38, pc_wdata: 00000e3c, insn: 00000113, mode: 3, rs1_addr:  0, rs1_rdata: 00000000, rs2_addr:  0, rs2_rdata: 00000000, rd_addr:  2, rd_wdata: 00000000, mem_addr: 00000000, mem_rdata: 00000000, mem_wdata: 00000000
ClkCycle:       1035, pc_rdata: 00000e3c, pc_wdata: 00000e40, insn: 40250533, mode: 3, rs1_addr: 10, rs1_rdata: 00000078, rs2_addr:  2, rs2_rdata: 00000078, rd_addr: 10, rd_wdata: 000034d0, mem_addr: 000034d0, mem_rdata: 00000000, mem_wdata: 00000000
ffffc000ffffffff
ClkCycle:       1036, pc_rdata: 00000e40, pc_wdata: 00000e42, insn: 0001c10c, mode: 3, rs1_addr: 10, rs1_rdata: 000034d0, rs2_addr: 11, rs2_rdata: ffffffff, rd_addr:  0, rd_wdata: 000034d0, mem_addr: 000034d0, mem_rdata: 00000000, mem_wdata: ffffffff
ClkCycle:       1037, pc_rdata: 00000e42, pc_wdata: 00000e46, insn: 0001c10c, mode: 3, rs1_addr:  0, rs1_rdata: 00000000, rs2_addr:  0, rs2_rdata: 00000000, rd_addr:  0, rd_wdata: 00000000, mem_addr: 00000000, mem_rdata: 00000000, mem_wdata: 00000000
ClkCycle:       1038, pc_rdata: 00000e46, pc_wdata: 00000e48, insn: 95930010, mode: 3, rs1_addr:  0, rs1_rdata: 00000000, rs2_addr:  0, rs2_rdata: 00000000, rd_addr:  0, rd_wdata: 00000000, mem_addr: 00000000, mem_rdata: 00000000, mem_wdata: 00000000
ClkCycle:       1039, pc_rdata: 00000e48, pc_wdata: 00000e4a, insn: 95930010, mode: 3, rs1_addr:  2, rs1_rdata: 00000000, rs2_addr:  0, rs2_rdata: 00000000, rd_addr: 12, rd_wdata: 00000000, mem_addr: 00000000, mem_rdata: 00000000, mem_wdata: 00000000
ClkCycle:       1040, pc_rdata: 00000e4a, pc_wdata: 00000e4e, insn: 95930010, mode: 3, rs1_addr:  0, rs1_rdata: 00000000, rs2_addr:  0, rs2_rdata: 00000000, rd_addr:  0, rd_wdata: 00000000, mem_addr: 00000000, mem_rdata: 00000000, mem_wdata: 00000000
ClkCycle:       1041, pc_rdata: 00000e4e, pc_wdata: 00000e52, insn: 8513fff5, mode: 3, rs1_addr: 11, rs1_rdata: ffffffff, rs2_addr: 31, rs2_rdata: 00000000, rd_addr: 11, rd_wdata: 80000000, mem_addr: 80000000, mem_rdata: 00000000, mem_wdata: 00000000
ClkCycle:       1042, pc_rdata: 00000e52, pc_wdata: 00000e56, insn: 8513fff5, mode: 3, rs1_addr:  0, rs1_rdata: 00000000, rs2_addr:  0, rs2_rdata: 00000000, rd_addr:  0, rd_wdata: 00000000, mem_addr: 00000000, mem_rdata: 00000000, mem_wdata: 00000000
ClkCycle:       1043, pc_rdata: 00000e56, pc_wdata: 00000e5a, insn: 053304c0, mode: 3, rs1_addr:  1, rs1_rdata: 00003118, rs2_addr: 12, rs2_rdata: 00000000, rd_addr: 10, rd_wdata: 00003164, mem_addr: 00003164, mem_rdata: 00000000, mem_wdata: 00000000
ClkCycle:       1044, pc_rdata: 00000e5a, pc_wdata: 00000e5e, insn: 053304c0, mode: 3, rs1_addr:  0, rs1_rdata: 00000000, rs2_addr:  0, rs2_rdata: 00000000, rd_addr:  0, rd_wdata: 00000000, mem_addr: 00000000, mem_rdata: 00000000, mem_wdata: 00000000
ClkCycle:       1045, pc_rdata: 00000e5e, pc_wdata: 00000e62, insn: 00010001, mode: 3, rs1_addr:  2, rs1_rdata: 00000000, rs2_addr:  0, rs2_rdata: 00000000, rd_addr: 10, rd_wdata: 00000000, mem_addr: 00000000, mem_rdata: 00000000, mem_wdata: 00000000
ClkCycle:       1046, pc_rdata: 00000e62, pc_wdata: 00000e66, insn: 00010001, mode: 3, rs1_addr:  0, rs1_rdata: 00000000, rs2_addr:  0, rs2_rdata: 00000000, rd_addr:  0, rd_wdata: 00000000, mem_addr: 00000000, mem_rdata: 00000000, mem_wdata: 00000000
ClkCycle:       1047, pc_rdata: 00000e66, pc_wdata: 00000e68, insn: 03159593, mode: 3, rs1_addr:  0, rs1_rdata: 00000000, rs2_addr:  0, rs2_rdata: 00000000, rd_addr:  0, rd_wdata: 00000000, mem_addr: 00000000, mem_rdata: 00000000, mem_wdata: 00000000
ClkCycle:       1048, pc_rdata: 00000e68, pc_wdata: 00000e6c, insn: 03159593, mode: 3, rs1_addr: 11, rs1_rdata: 80000000, rs2_addr: 17, rs2_rdata: bffeffff, rd_addr: 11, rd_wdata: 00000000, mem_addr: 00000000, mem_rdata: 00000000, mem_wdata: bffeffff
ClkCycle:       1049, pc_rdata: 00000e6c, pc_wdata: 00000e70, insn: fff5c593, mode: 3, rs1_addr: 11, rs1_rdata: 80000000, rs2_addr: 31, rs2_rdata: 00000000, rd_addr: 11, rd_wdata: ffffffff, mem_addr: ffffffff, mem_rdata: 00000000, mem_wdata: 00000000
ClkCycle:       1050, pc_rdata: 00000e70, pc_wdata: 00000e74, insn: 3c808513, mode: 3, rs1_addr:  1, rs1_rdata: 00003118, rs2_addr:  8, rs2_rdata: 00000000, rd_addr: 10, rd_wdata: 000034e0, mem_addr: 000034e0, mem_rdata: 00000000, mem_wdata: 00000000
ClkCycle:       1051, pc_rdata: 00000e74, pc_wdata: 00000e78, insn: 04800113, mode: 3, rs1_addr:  0, rs1_rdata: 00000000, rs2_addr:  8, rs2_rdata: 00000000, rd_addr:  2, rd_wdata: 00000048, mem_addr: 00000048, mem_rdata: 00000000, mem_wdata: 00000000
ClkCycle:       1052, pc_rdata: 00000e78, pc_wdata: 00000e7c, insn: 40250533, mode: 3, rs1_addr: 10, rs1_rdata: 00000000, rs2_addr:  2, rs2_rdata: 00000000, rd_addr: 10, rd_wdata: 00003498, mem_addr: 00003498, mem_rdata: 00000000, mem_wdata: 00000048
ffff0000ffffffff
ClkCycle:       1053, pc_rdata: 00000e7c, pc_wdata: 00000e7e, insn: 0001c52c, mode: 3, rs1_addr: 10, rs1_rdata: 000034e0, rs2_addr: 11, rs2_rdata: ffffffff, rd_addr:  8, rd_wdata: 000034e0, mem_addr: 000034e0, mem_rdata: 00000000, mem_wdata: ffffffff
ClkCycle:       1054, pc_rdata: 00000e7e, pc_wdata: 00000e82, insn: 0001c52c, mode: 3, rs1_addr:  0, rs1_rdata: 00000000, rs2_addr:  0, rs2_rdata: 00000000, rd_addr:  0, rd_wdata: 00000000, mem_addr: 00000000, mem_rdata: 00000000, mem_wdata: 00000000
ClkCycle:       1055, pc_rdata: 00000e82, pc_wdata: 00000e84, insn: 95930010, mode: 3, rs1_addr:  0, rs1_rdata: 00000000, rs2_addr:  0, rs2_rdata: 00000000, rd_addr:  0, rd_wdata: 00000000, mem_addr: 00000000, mem_rdata: 00000000, mem_wdata: 00000000
ClkCycle:       1056, pc_rdata: 00000e84, pc_wdata: 00000e86, insn: 95930010, mode: 3, rs1_addr:  2, rs1_rdata: 00000048, rs2_addr:  0, rs2_rdata: 00000000, rd_addr: 12, rd_wdata: 00000048, mem_addr: 00000048, mem_rdata: 00000000, mem_wdata: 00000000
ClkCycle:       1057, pc_rdata: 00000e86, pc_wdata: 00000e8a, insn: 95930010, mode: 3, rs1_addr:  0, rs1_rdata: 00000000, rs2_addr:  0, rs2_rdata: 00000000, rd_addr:  0, rd_wdata: 00000000, mem_addr: 00000000, mem_rdata: 00000000, mem_wdata: 00000000
ClkCycle:       1058, pc_rdata: 00000e8a, pc_wdata: 00000e8e, insn: 8513fff5, mode: 3, rs1_addr: 11, rs1_rdata: ffffffff, rs2_addr: 31, rs2_rdata: 00000000, rd_addr: 11, rd_wdata: 80000000, mem_addr: 80000000, mem_rdata: 00000000, mem_wdata: 00000000
ClkCycle:       1059, pc_rdata: 00000e8e, pc_wdata: 00000e92, insn: 8513fff5, mode: 3, rs1_addr:  0, rs1_rdata: 00000000, rs2_addr:  0, rs2_rdata: 00000000, rd_addr:  0, rd_wdata: 00000000, mem_addr: 00000000, mem_rdata: 00000000, mem_wdata: 00000000
ClkCycle:       1060, pc_rdata: 00000e92, pc_wdata: 00000e96, insn: 05330380, mode: 3, rs1_addr:  1, rs1_rdata: 00003118, rs2_addr: 24, rs2_rdata: 0000007d, rd_addr: 10, rd_wdata: 00003150, mem_addr: 00003150, mem_rdata: 00000000, mem_wdata: 0000007d
ClkCycle:       1061, pc_rdata: 00000e96, pc_wdata: 00000e9a, insn: 05330380, mode: 3, rs1_addr:  0, rs1_rdata: 00000000, rs2_addr:  0, rs2_rdata: 00000000, rd_addr:  0, rd_wdata: 00000000, mem_addr: 00000000, mem_rdata: 00000000, mem_wdata: 00000000
ClkCycle:       1062, pc_rdata: 00000e9a, pc_wdata: 00000e9e, insn: 00010001, mode: 3, rs1_addr:  2, rs1_rdata: 00000048, rs2_addr:  0, rs2_rdata: 00000000, rd_addr: 10, rd_wdata: 00000048, mem_addr: 00000048, mem_rdata: 00000000, mem_wdata: 00000000
ClkCycle:       1063, pc_rdata: 00000e9e, pc_wdata: 00000ea2, insn: 00010001, mode: 3, rs1_addr:  0, rs1_rdata: 00000000, rs2_addr:  0, rs2_rdata: 00000000, rd_addr:  0, rd_wdata: 00000000, mem_addr: 00000000, mem_rdata: 00000000, mem_wdata: 00000000
ClkCycle:       1064, pc_rdata: 00000ea2, pc_wdata: 00000ea4, insn: 03359593, mode: 3, rs1_addr:  0, rs1_rdata: 00000000, rs2_addr:  0, rs2_rdata: 00000000, rd_addr:  0, rd_wdata: 00000000, mem_addr: 00000000, mem_rdata: 00000000, mem_wdata: 00000000
ClkCycle:       1065, pc_rdata: 00000ea4, pc_wdata: 00000ea8, insn: 03359593, mode: 3, rs1_addr: 11, rs1_rdata: 80000000, rs2_addr: 19, rs2_rdata: dffeffff, rd_addr: 11, rd_wdata: 00000000, mem_addr: 00000000, mem_rdata: 00000000, mem_wdata: dffeffff
ClkCycle:       1066, pc_rdata: 00000ea8, pc_wdata: 00000eac, insn: fff5c593, mode: 3, rs1_addr: 11, rs1_rdata: 80000000, rs2_addr: 31, rs2_rdata: 00000000, rd_addr: 11, rd_wdata: ffffffff, mem_addr: ffffffff, mem_rdata: 00000000, mem_wdata: 00000000
ClkCycle:       1067, pc_rdata: 00000eac, pc_wdata: 00000eb0, insn: 3d808513, mode: 3, rs1_addr:  1, rs1_rdata: 00003118, rs2_addr: 24, rs2_rdata: 0000007d, rd_addr: 10, rd_wdata: 000034f0, mem_addr: 000034f0, mem_rdata: 00000000, mem_wdata: 0000007d
ClkCycle:       1068, pc_rdata: 00000eb0, pc_wdata: 00000eb4, insn: 04000113, mode: 3, rs1_addr:  0, rs1_rdata: 00000000, rs2_addr:  0, rs2_rdata: 00000000, rd_addr:  2, rd_wdata: 00000040, mem_addr: 00000040, mem_rdata: 00000000, mem_wdata: 00000000
ClkCycle:       1069, pc_rdata: 00000eb4, pc_wdata: 00000eb8, insn: 40250533, mode: 3, rs1_addr: 10, rs1_rdata: 00000048, rs2_addr:  2, rs2_rdata: 00000048, rd_addr: 10, rd_wdata: 000034b0, mem_addr: 000034b0, mem_rdata: 00000000, mem_wdata: 00000040
fffc0000ffffffff
ClkCycle:       1070, pc_rdata: 00000eb8, pc_wdata: 00000eba, insn: 0001c12c, mode: 3, rs1_addr: 10, rs1_rdata: 000034f0, rs2_addr: 11, rs2_rdata: ffffffff, rd_addr:  0, rd_wdata: 000034f0, mem_addr: 000034f0, mem_rdata: 00000000, mem_wdata: ffffffff
ClkCycle:       1071, pc_rdata: 00000eba, pc_wdata: 00000ebe, insn: 0001c12c, mode: 3, rs1_addr:  0, rs1_rdata: 00000000, rs2_addr:  0, rs2_rdata: 00000000, rd_addr:  0, rd_wdata: 00000000, mem_addr: 00000000, mem_rdata: 00000000, mem_wdata: 00000000
ClkCycle:       1072, pc_rdata: 00000ebe, pc_wdata: 00000ec0, insn: 95930010, mode: 3, rs1_addr:  0, rs1_rdata: 00000000, rs2_addr:  0, rs2_rdata: 00000000, rd_addr:  0, rd_wdata: 00000000, mem_addr: 00000000, mem_rdata: 00000000, mem_wdata: 00000000
ClkCycle:       1073, pc_rdata: 00000ec0, pc_wdata: 00000ec2, insn: 95930010, mode: 3, rs1_addr:  2, rs1_rdata: 00000040, rs2_addr:  0, rs2_rdata: 00000000, rd_addr: 12, rd_wdata: 00000040, mem_addr: 00000040, mem_rdata: 00000000, mem_wdata: 00000000
ClkCycle:       1074, pc_rdata: 00000ec2, pc_wdata: 00000ec6, insn: 95930010, mode: 3, rs1_addr:  0, rs1_rdata: 00000000, rs2_addr:  0, rs2_rdata: 00000000, rd_addr:  0, rd_wdata: 00000000, mem_addr: 00000000, mem_rdata: 00000000, mem_wdata: 00000000
ClkCycle:       1075, pc_rdata: 00000ec6, pc_wdata: 00000eca, insn: 8513fff5, mode: 3, rs1_addr: 11, rs1_rdata: ffffffff, rs2_addr: 31, rs2_rdata: 00000000, rd_addr: 11, rd_wdata: 80000000, mem_addr: 80000000, mem_rdata: 00000000, mem_wdata: 00000000
ClkCycle:       1076, pc_rdata: 00000eca, pc_wdata: 00000ece, insn: 8513fff5, mode: 3, rs1_addr:  0, rs1_rdata: 00000000, rs2_addr:  0, rs2_rdata: 00000000, rd_addr:  0, rd_wdata: 00000000, mem_addr: 00000000, mem_rdata: 00000000, mem_wdata: 00000000
ClkCycle:       1077, pc_rdata: 00000ece, pc_wdata: 00000ed2, insn: 05330480, mode: 3, rs1_addr:  1, rs1_rdata: 00003118, rs2_addr:  8, rs2_rdata: 00000000, rd_addr: 10, rd_wdata: 00003160, mem_addr: 00003160, mem_rdata: 00000000, mem_wdata: 00000000
ClkCycle:       1078, pc_rdata: 00000ed2, pc_wdata: 00000ed6, insn: 05330480, mode: 3, rs1_addr:  0, rs1_rdata: 00000000, rs2_addr:  0, rs2_rdata: 00000000, rd_addr:  0, rd_wdata: 00000000, mem_addr: 00000000, mem_rdata: 00000000, mem_wdata: 00000000
ClkCycle:       1079, pc_rdata: 00000ed6, pc_wdata: 00000eda, insn: 00010001, mode: 3, rs1_addr:  2, rs1_rdata: 00000040, rs2_addr:  0, rs2_rdata: 00000000, rd_addr: 10, rd_wdata: 00000040, mem_addr: 00000040, mem_rdata: 00000000, mem_wdata: 00000000
ClkCycle:       1080, pc_rdata: 00000eda, pc_wdata: 00000ede, insn: 00010001, mode: 3, rs1_addr:  0, rs1_rdata: 00000000, rs2_addr:  0, rs2_rdata: 00000000, rd_addr:  0, rd_wdata: 00000000, mem_addr: 00000000, mem_rdata: 00000000, mem_wdata: 00000000
ClkCycle:       1081, pc_rdata: 00000ede, pc_wdata: 00000ee0, insn: 03559593, mode: 3, rs1_addr:  0, rs1_rdata: 00000000, rs2_addr:  0, rs2_rdata: 00000000, rd_addr:  0, rd_wdata: 00000000, mem_addr: 00000000, mem_rdata: 00000000, mem_wdata: 00000000
ClkCycle:       1082, pc_rdata: 00000ee0, pc_wdata: 00000ee4, insn: 03559593, mode: 3, rs1_addr: 11, rs1_rdata: 80000000, rs2_addr: 21, rs2_rdata: 0fab7ffb, rd_addr: 11, rd_wdata: 00000000, mem_addr: 00000000, mem_rdata: 00000000, mem_wdata: 0fab7ffb
ClkCycle:       1083, pc_rdata: 00000ee4, pc_wdata: 00000ee8, insn: fff5c593, mode: 3, rs1_addr: 11, rs1_rdata: 80000000, rs2_addr: 31, rs2_rdata: 00000000, rd_addr: 11, rd_wdata: ffffffff, mem_addr: ffffffff, mem_rdata: 00000000, mem_wdata: 00000000
ClkCycle:       1084, pc_rdata: 00000ee8, pc_wdata: 00000eec, insn: 3e808513, mode: 3, rs1_addr:  1, rs1_rdata: 00003118, rs2_addr:  8, rs2_rdata: 00000000, rd_addr: 10, rd_wdata: 00003500, mem_addr: 00003500, mem_rdata: 00000000, mem_wdata: 00000000
ClkCycle:       1085, pc_rdata: 00000eec, pc_wdata: 00000ef0, insn: 04c00113, mode: 3, rs1_addr:  0, rs1_rdata: 00000000, rs2_addr: 12, rs2_rdata: 00000040, rd_addr:  2, rd_wdata: 0000004c, mem_addr: 0000004c, mem_rdata: 00000000, mem_wdata: 00000040
ClkCycle:       1086, pc_rdata: 00000ef0, pc_wdata: 00000ef4, insn: 40250533, mode: 3, rs1_addr: 10, rs1_rdata: 00000040, rs2_addr:  2, rs2_rdata: 00000040, rd_addr: 10, rd_wdata: 000034b4, mem_addr: 000034b4, mem_rdata: 00000000, mem_wdata: 0000004c
fff00000ffffffff
ClkCycle:       1087, pc_rdata: 00000ef4, pc_wdata: 00000ef6, insn: 0001c56c, mode: 3, rs1_addr: 10, rs1_rdata: 00003500, rs2_addr: 11, rs2_rdata: ffffffff, rd_addr: 12, rd_wdata: 00003500, mem_addr: 00003500, mem_rdata: 00000000, mem_wdata: ffffffff
ClkCycle:       1088, pc_rdata: 00000ef6, pc_wdata: 00000efa, insn: 0001c56c, mode: 3, rs1_addr:  0, rs1_rdata: 00000000, rs2_addr:  0, rs2_rdata: 00000000, rd_addr:  0, rd_wdata: 00000000, mem_addr: 00000000, mem_rdata: 00000000, mem_wdata: 00000000
ClkCycle:       1089, pc_rdata: 00000efa, pc_wdata: 00000efc, insn: 95930010, mode: 3, rs1_addr:  0, rs1_rdata: 00000000, rs2_addr:  0, rs2_rdata: 00000000, rd_addr:  0, rd_wdata: 00000000, mem_addr: 00000000, mem_rdata: 00000000, mem_wdata: 00000000
ClkCycle:       1090, pc_rdata: 00000efc, pc_wdata: 00000efe, insn: 95930010, mode: 3, rs1_addr:  2, rs1_rdata: 0000004c, rs2_addr:  0, rs2_rdata: 00000000, rd_addr: 12, rd_wdata: 0000004c, mem_addr: 0000004c, mem_rdata: 00000000, mem_wdata: 00000000
ClkCycle:       1091, pc_rdata: 00000efe, pc_wdata: 00000f02, insn: 95930010, mode: 3, rs1_addr:  0, rs1_rdata: 00000000, rs2_addr:  0, rs2_rdata: 00000000, rd_addr:  0, rd_wdata: 00000000, mem_addr: 00000000, mem_rdata: 00000000, mem_wdata: 00000000
ClkCycle:       1092, pc_rdata: 00000f02, pc_wdata: 00000f06, insn: 8513fff5, mode: 3, rs1_addr: 11, rs1_rdata: ffffffff, rs2_addr: 31, rs2_rdata: 00000000, rd_addr: 11, rd_wdata: 80000000, mem_addr: 80000000, mem_rdata: 00000000, mem_wdata: 00000000
ClkCycle:       1093, pc_rdata: 00000f06, pc_wdata: 00000f0a, insn: 8513fff5, mode: 3, rs1_addr:  0, rs1_rdata: 00000000, rs2_addr:  0, rs2_rdata: 00000000, rd_addr:  0, rd_wdata: 00000000, mem_addr: 00000000, mem_rdata: 00000000, mem_wdata: 00000000
ClkCycle:       1094, pc_rdata: 00000f0a, pc_wdata: 00000f0e, insn: 05330740, mode: 3, rs1_addr:  1, rs1_rdata: 00003118, rs2_addr: 20, rs2_rdata: d5bffdff, rd_addr: 10, rd_wdata: 0000318c, mem_addr: 0000318c, mem_rdata: 00000000, mem_wdata: d5bffdff
ClkCycle:       1095, pc_rdata: 00000f0e, pc_wdata: 00000f12, insn: 05330740, mode: 3, rs1_addr:  0, rs1_rdata: 00000000, rs2_addr:  0, rs2_rdata: 00000000, rd_addr:  0, rd_wdata: 00000000, mem_addr: 00000000, mem_rdata: 00000000, mem_wdata: 00000000
ClkCycle:       1096, pc_rdata: 00000f12, pc_wdata: 00000f16, insn: 00010001, mode: 3, rs1_addr:  2, rs1_rdata: 0000004c, rs2_addr:  0, rs2_rdata: 00000000, rd_addr: 10, rd_wdata: 0000004c, mem_addr: 0000004c, mem_rdata: 00000000, mem_wdata: 00000000
ClkCycle:       1097, pc_rdata: 00000f16, pc_wdata: 00000f1a, insn: 00010001, mode: 3, rs1_addr:  0, rs1_rdata: 00000000, rs2_addr:  0, rs2_rdata: 00000000, rd_addr:  0, rd_wdata: 00000000, mem_addr: 00000000, mem_rdata: 00000000, mem_wdata: 00000000
ClkCycle:       1098, pc_rdata: 00000f1a, pc_wdata: 00000f1c, insn: 03759593, mode: 3, rs1_addr:  0, rs1_rdata: 00000000, rs2_addr:  0, rs2_rdata: 00000000, rd_addr:  0, rd_wdata: 00000000, mem_addr: 00000000, mem_rdata: 00000000, mem_wdata: 00000000
ClkCycle:       1099, pc_rdata: 00000f1c, pc_wdata: 00000f20, insn: 03759593, mode: 3, rs1_addr: 11, rs1_rdata: 80000000, rs2_addr: 23, rs2_rdata: 00003ead, rd_addr: 11, rd_wdata: 00000000, mem_addr: 00000000, mem_rdata: 00000000, mem_wdata: 00003ead
ClkCycle:       1100, pc_rdata: 00000f20, pc_wdata: 00000f24, insn: fff5c593, mode: 3, rs1_addr: 11, rs1_rdata: 80000000, rs2_addr: 31, rs2_rdata: 00000000, rd_addr: 11, rd_wdata: ffffffff, mem_addr: ffffffff, mem_rdata: 00000000, mem_wdata: 00000000
ClkCycle:       1101, pc_rdata: 00000f24, pc_wdata: 00000f28, insn: 3f808513, mode: 3, rs1_addr:  1, rs1_rdata: 00003118, rs2_addr: 24, rs2_rdata: 0000007d, rd_addr: 10, rd_wdata: 00003510, mem_addr: 00003510, mem_rdata: 00000000, mem_wdata: 0000007d
ClkCycle:       1102, pc_rdata: 00000f28, pc_wdata: 00000f2c, insn: 05400113, mode: 3, rs1_addr:  0, rs1_rdata: 00000000, rs2_addr: 20, rs2_rdata: d5bffdff, rd_addr:  2, rd_wdata: 00000054, mem_addr: 00000054, mem_rdata: 00000000, mem_wdata: d5bffdff
ClkCycle:       1103, pc_rdata: 00000f2c, pc_wdata: 00000f30, insn: 40250533, mode: 3, rs1_addr: 10, rs1_rdata: 0000004c, rs2_addr:  2, rs2_rdata: 0000004c, rd_addr: 10, rd_wdata: 000034bc, mem_addr: 000034bc, mem_rdata: 00000000, mem_wdata: 00000054
ffc00000ffffffff
ClkCycle:       1104, pc_rdata: 00000f30, pc_wdata: 00000f32, insn: 0001c96c, mode: 3, rs1_addr: 10, rs1_rdata: 00003510, rs2_addr: 11, rs2_rdata: ffffffff, rd_addr: 20, rd_wdata: 00003510, mem_addr: 00003510, mem_rdata: 00000000, mem_wdata: ffffffff
ClkCycle:       1105, pc_rdata: 00000f32, pc_wdata: 00000f36, insn: 0001c96c, mode: 3, rs1_addr:  0, rs1_rdata: 00000000, rs2_addr:  0, rs2_rdata: 00000000, rd_addr:  0, rd_wdata: 00000000, mem_addr: 00000000, mem_rdata: 00000000, mem_wdata: 00000000
ClkCycle:       1106, pc_rdata: 00000f36, pc_wdata: 00000f38, insn: 95930010, mode: 3, rs1_addr:  0, rs1_rdata: 00000000, rs2_addr:  0, rs2_rdata: 00000000, rd_addr:  0, rd_wdata: 00000000, mem_addr: 00000000, mem_rdata: 00000000, mem_wdata: 00000000
ClkCycle:       1107, pc_rdata: 00000f38, pc_wdata: 00000f3a, insn: 95930010, mode: 3, rs1_addr:  2, rs1_rdata: 00000054, rs2_addr:  0, rs2_rdata: 00000000, rd_addr: 12, rd_wdata: 00000054, mem_addr: 00000054, mem_rdata: 00000000, mem_wdata: 00000000
ClkCycle:       1108, pc_rdata: 00000f3a, pc_wdata: 00000f3e, insn: 95930010, mode: 3, rs1_addr:  0, rs1_rdata: 00000000, rs2_addr:  0, rs2_rdata: 00000000, rd_addr:  0, rd_wdata: 00000000, mem_addr: 00000000, mem_rdata: 00000000, mem_wdata: 00000000
ClkCycle:       1109, pc_rdata: 00000f3e, pc_wdata: 00000f42, insn: 8513fff5, mode: 3, rs1_addr: 11, rs1_rdata: ffffffff, rs2_addr: 31, rs2_rdata: 00000000, rd_addr: 11, rd_wdata: 80000000, mem_addr: 80000000, mem_rdata: 00000000, mem_wdata: 00000000
ClkCycle:       1110, pc_rdata: 00000f42, pc_wdata: 00000f46, insn: 8513fff5, mode: 3, rs1_addr:  0, rs1_rdata: 00000000, rs2_addr:  0, rs2_rdata: 00000000, rd_addr:  0, rd_wdata: 00000000, mem_addr: 00000000, mem_rdata: 00000000, mem_wdata: 00000000
ClkCycle:       1111, pc_rdata: 00000f46, pc_wdata: 00000f4a, insn: 05330200, mode: 3, rs1_addr:  1, rs1_rdata: 00003118, rs2_addr:  0, rs2_rdata: 00000000, rd_addr: 10, rd_wdata: 00003138, mem_addr: 00003138, mem_rdata: 00000000, mem_wdata: 00000000
ClkCycle:       1112, pc_rdata: 00000f4a, pc_wdata: 00000f4e, insn: 05330200, mode: 3, rs1_addr:  0, rs1_rdata: 00000000, rs2_addr:  0, rs2_rdata: 00000000, rd_addr:  0, rd_wdata: 00000000, mem_addr: 00000000, mem_rdata: 00000000, mem_wdata: 00000000
ClkCycle:       1113, pc_rdata: 00000f4e, pc_wdata: 00000f52, insn: 00010001, mode: 3, rs1_addr:  2, rs1_rdata: 00000054, rs2_addr:  0, rs2_rdata: 00000000, rd_addr: 10, rd_wdata: 00000054, mem_addr: 00000054, mem_rdata: 00000000, mem_wdata: 00000000
ClkCycle:       1114, pc_rdata: 00000f52, pc_wdata: 00000f56, insn: 00010001, mode: 3, rs1_addr:  0, rs1_rdata: 00000000, rs2_addr:  0, rs2_rdata: 00000000, rd_addr:  0, rd_wdata: 00000000, mem_addr: 00000000, mem_rdata: 00000000, mem_wdata: 00000000
ClkCycle:       1115, pc_rdata: 00000f56, pc_wdata: 00000f58, insn: 03959593, mode: 3, rs1_addr:  0, rs1_rdata: 00000000, rs2_addr:  0, rs2_rdata: 00000000, rd_addr:  0, rd_wdata: 00000000, mem_addr: 00000000, mem_rdata: 00000000, mem_wdata: 00000000
ClkCycle:       1116, pc_rdata: 00000f58, pc_wdata: 00000f5c, insn: 03959593, mode: 3, rs1_addr: 11, rs1_rdata: 80000000, rs2_addr: 25, rs2_rdata: 00000000, rd_addr: 11, rd_wdata: 00000000, mem_addr: 00000000, mem_rdata: 00000000, mem_wdata: 00000000
ClkCycle:       1117, pc_rdata: 00000f5c, pc_wdata: 00000f60, insn: fff5c593, mode: 3, rs1_addr: 11, rs1_rdata: 80000000, rs2_addr: 31, rs2_rdata: 00000000, rd_addr: 11, rd_wdata: ffffffff, mem_addr: ffffffff, mem_rdata: 00000000, mem_wdata: 00000000
ClkCycle:       1118, pc_rdata: 00000f60, pc_wdata: 00000f64, insn: 40808513, mode: 3, rs1_addr:  1, rs1_rdata: 00003118, rs2_addr:  8, rs2_rdata: 00000000, rd_addr: 10, rd_wdata: 00003520, mem_addr: 00003520, mem_rdata: 00000000, mem_wdata: 00000000
ClkCycle:       1119, pc_rdata: 00000f64, pc_wdata: 00000f68, insn: 03000113, mode: 3, rs1_addr:  0, rs1_rdata: 00000000, rs2_addr: 16, rs2_rdata: 7d5bfddb, rd_addr:  2, rd_wdata: 00000030, mem_addr: 00000030, mem_rdata: 00000000, mem_wdata: 7d5bfddb
ClkCycle:       1120, pc_rdata: 00000f68, pc_wdata: 00000f6c, insn: 40250533, mode: 3, rs1_addr: 10, rs1_rdata: 00000054, rs2_addr:  2, rs2_rdata: 00000054, rd_addr: 10, rd_wdata: 000034f0, mem_addr: 000034f0, mem_rdata: 00000000, mem_wdata: 00000030
ff000000ffffffff
ClkCycle:       1121, pc_rdata: 00000f6c, pc_wdata: 00000f6e, insn: 0001d90c, mode: 3, rs1_addr: 10, rs1_rdata: 00003520, rs2_addr: 11, rs2_rdata: ffffffff, rd_addr: 16, rd_wdata: 00003520, mem_addr: 00003520, mem_rdata: 00000000, mem_wdata: ffffffff
ClkCycle:       1122, pc_rdata: 00000f6e, pc_wdata: 00000f72, insn: 0001d90c, mode: 3, rs1_addr:  0, rs1_rdata: 00000000, rs2_addr:  0, rs2_rdata: 00000000, rd_addr:  0, rd_wdata: 00000000, mem_addr: 00000000, mem_rdata: 00000000, mem_wdata: 00000000
ClkCycle:       1123, pc_rdata: 00000f72, pc_wdata: 00000f74, insn: 95930010, mode: 3, rs1_addr:  0, rs1_rdata: 00000000, rs2_addr:  0, rs2_rdata: 00000000, rd_addr:  0, rd_wdata: 00000000, mem_addr: 00000000, mem_rdata: 00000000, mem_wdata: 00000000
ClkCycle:       1124, pc_rdata: 00000f74, pc_wdata: 00000f76, insn: 95930010, mode: 3, rs1_addr:  2, rs1_rdata: 00000030, rs2_addr:  0, rs2_rdata: 00000000, rd_addr: 12, rd_wdata: 00000030, mem_addr: 00000030, mem_rdata: 00000000, mem_wdata: 00000000
ClkCycle:       1125, pc_rdata: 00000f76, pc_wdata: 00000f7a, insn: 95930010, mode: 3, rs1_addr:  0, rs1_rdata: 00000000, rs2_addr:  0, rs2_rdata: 00000000, rd_addr:  0, rd_wdata: 00000000, mem_addr: 00000000, mem_rdata: 00000000, mem_wdata: 00000000
ClkCycle:       1126, pc_rdata: 00000f7a, pc_wdata: 00000f7e, insn: 8513fff5, mode: 3, rs1_addr: 11, rs1_rdata: ffffffff, rs2_addr: 31, rs2_rdata: 00000000, rd_addr: 11, rd_wdata: 80000000, mem_addr: 80000000, mem_rdata: 00000000, mem_wdata: 00000000
ClkCycle:       1127, pc_rdata: 00000f7e, pc_wdata: 00000f82, insn: 8513fff5, mode: 3, rs1_addr:  0, rs1_rdata: 00000000, rs2_addr:  0, rs2_rdata: 00000000, rd_addr:  0, rd_wdata: 00000000, mem_addr: 00000000, mem_rdata: 00000000, mem_wdata: 00000000
ClkCycle:       1128, pc_rdata: 00000f82, pc_wdata: 00000f86, insn: 05330040, mode: 3, rs1_addr:  1, rs1_rdata: 00003118, rs2_addr:  4, rs2_rdata: 6dfdffff, rd_addr: 10, rd_wdata: 0000311c, mem_addr: 0000311c, mem_rdata: 00000000, mem_wdata: 6dfdffff
ClkCycle:       1129, pc_rdata: 00000f86, pc_wdata: 00000f8a, insn: 05330040, mode: 3, rs1_addr:  0, rs1_rdata: 00000000, rs2_addr:  0, rs2_rdata: 00000000, rd_addr:  0, rd_wdata: 00000000, mem_addr: 00000000, mem_rdata: 00000000, mem_wdata: 00000000
ClkCycle:       1130, pc_rdata: 00000f8a, pc_wdata: 00000f8e, insn: 00010001, mode: 3, rs1_addr:  2, rs1_rdata: 00000030, rs2_addr:  0, rs2_rdata: 00000000, rd_addr: 10, rd_wdata: 00000030, mem_addr: 00000030, mem_rdata: 00000000, mem_wdata: 00000000
ClkCycle:       1131, pc_rdata: 00000f8e, pc_wdata: 00000f92, insn: 00010001, mode: 3, rs1_addr:  0, rs1_rdata: 00000000, rs2_addr:  0, rs2_rdata: 00000000, rd_addr:  0, rd_wdata: 00000000, mem_addr: 00000000, mem_rdata: 00000000, mem_wdata: 00000000
ClkCycle:       1132, pc_rdata: 00000f92, pc_wdata: 00000f94, insn: 1f813483, mode: 3, rs1_addr:  0, rs1_rdata: 00000000, rs2_addr:  0, rs2_rdata: 00000000, rd_addr:  0, rd_wdata: 00000000, mem_addr: 00000000, mem_rdata: 00000000, mem_wdata: 00000000
ClkCycle:       1133, pc_rdata: 00000f94, pc_wdata: 00000f98, insn: 1f813483, mode: 3, rs1_addr:  2, rs1_rdata: 00000030, rs2_addr: 24, rs2_rdata: 0000007d, rd_addr:  9, rd_wdata: 00000000, mem_addr: 00000228, mem_rdata: 00000000, mem_wdata: 0000007d
ClkCycle:       1134, pc_rdata: 00000f98, pc_wdata: 00000f9c, insn: 20013303, mode: 3, rs1_addr:  2, rs1_rdata: 00000030, rs2_addr:  0, rs2_rdata: 00000000, rd_addr:  6, rd_wdata: 00000000, mem_addr: 00000230, mem_rdata: 00000000, mem_wdata: 00000000
ClkCycle:       1135, pc_rdata: 00000f9c, pc_wdata: 00000fa0, insn: 00930333, mode: 3, rs1_addr:  6, rs1_rdata: 1fddb7f7, rs2_addr:  9, rs2_rdata: 000000fe, rd_addr:  6, rd_wdata: 00000230, mem_addr: 00000230, mem_rdata: 00000000, mem_wdata: 00000000
ClkCycle:       1137, pc_rdata: 00000fa0, pc_wdata: 00000fa4, insn: 00000337, mode: 3, rs1_addr:  0, rs1_rdata: 00000000, rs2_addr:  0, rs2_rdata: 00000000, rd_addr:  6, rd_wdata: 00000000, mem_addr: 00000000, mem_rdata: 00000000, mem_wdata: 00000000
ClkCycle:       1138, pc_rdata: 00000fa4, pc_wdata: 00000fa8, insn: 00030313, mode: 3, rs1_addr:  6, rs1_rdata: 00000000, rs2_addr:  0, rs2_rdata: 00000000, rd_addr:  6, rd_wdata: 00000000, mem_addr: 00000000, mem_rdata: 00000000, mem_wdata: 00000000
ClkCycle:       1139, pc_rdata: 00000fa8, pc_wdata: 00000fac, insn: 00b31313, mode: 3, rs1_addr:  6, rs1_rdata: 00000000, rs2_addr: 11, rs2_rdata: 80000000, rd_addr:  6, rd_wdata: 00000000, mem_addr: 00000000, mem_rdata: 00000000, mem_wdata: 80000000
ClkCycle:       1140, pc_rdata: 00000fac, pc_wdata: 00000fb0, insn: 5d630313, mode: 3, rs1_addr:  6, rs1_rdata: 00000000, rs2_addr: 22, rs2_rdata: 001f56ff, rd_addr:  6, rd_wdata: 000005d6, mem_addr: 000005d6, mem_rdata: 00000000, mem_wdata: 001f56ff
ClkCycle:       1141, pc_rdata: 00000fb0, pc_wdata: 00000fb4, insn: 00b31313, mode: 3, rs1_addr:  6, rs1_rdata: 00000000, rs2_addr: 11, rs2_rdata: 80000000, rd_addr:  6, rd_wdata: 002eb000, mem_addr: 002eb000, mem_rdata: 00000000, mem_wdata: 80000000
ClkCycle:       1142, pc_rdata: 00000fb4, pc_wdata: 00000fb8, insn: 43630313, mode: 3, rs1_addr:  6, rs1_rdata: 00000000, rs2_addr: 22, rs2_rdata: 001f56ff, rd_addr:  6, rd_wdata: 002eb436, mem_addr: 002eb436, mem_rdata: 00000000, mem_wdata: 001f56ff
ClkCycle:       1143, pc_rdata: 00000fb8, pc_wdata: 00000fbc, insn: 00a31313, mode: 3, rs1_addr:  6, rs1_rdata: 000005d6, rs2_addr: 10, rs2_rdata: 00000030, rd_addr:  6, rd_wdata: bad0d800, mem_addr: bad0d800, mem_rdata: 00000000, mem_wdata: 00000030
ClkCycle:       1144, pc_rdata: 00000fbc, pc_wdata: 00000fc0, insn: 2d030313, mode: 3, rs1_addr:  6, rs1_rdata: 002eb000, rs2_addr: 16, rs2_rdata: 7d5bfddb, rd_addr:  6, rd_wdata: bad0dad0, mem_addr: bad0dad0, mem_rdata: 00000000, mem_wdata: 7d5bfddb
00000000bad0dad0
ClkCycle:       1145, pc_rdata: 00000fc0, pc_wdata: 00000fc4, insn: fe64be23, mode: 3, rs1_addr:  9, rs1_rdata: 00000000, rs2_addr:  6, rs2_rdata: 002eb436, rd_addr: 28, rd_wdata: fffffffc, mem_addr: fffffffc, mem_rdata: 00000000, mem_wdata: bad0dad0
ClkCycle:       1146, pc_rdata: 00000fc4, pc_wdata: 00000fc8, insn: 0040006f, mode: 3, rs1_addr:  0, rs1_rdata: 00000000, rs2_addr:  4, rs2_rdata: 6dfdffff, rd_addr:  0, rd_wdata: 00000fc8, mem_addr: 00000004, mem_rdata: 00000000, mem_wdata: 6dfdffff
ClkCycle:       1147, pc_rdata: 00000fc8, pc_wdata: 00000fc8, insn: 0f174085, mode: 3, rs1_addr:  0, rs1_rdata: 00000000, rs2_addr:  0, rs2_rdata: 00000000, rd_addr:  0, rd_wdata: 00000000, mem_addr: 00000000, mem_rdata: 00000000, mem_wdata: 00000000
ClkCycle:       1148, pc_rdata: 00000fc8, pc_wdata: 00000fca, insn: 0f174085, mode: 3, rs1_addr:  0, rs1_rdata: 00000000, rs2_addr:  1, rs2_rdata: 00003118, rd_addr:  1, rd_wdata: 00000001, mem_addr: 00000001, mem_rdata: 00000000, mem_wdata: 00003118
ClkCycle:       1149, pc_rdata: 00000fca, pc_wdata: 00000fce, insn: 0f174085, mode: 3, rs1_addr:  0, rs1_rdata: 00000000, rs2_addr:  0, rs2_rdata: 00000000, rd_addr:  0, rd_wdata: 00000000, mem_addr: 00000000, mem_rdata: 00000000, mem_wdata: 00000000
ClkCycle:       1150, pc_rdata: 00000fce, pc_wdata: 00000fd2, insn: bfe5021f, mode: 3, rs1_addr: 30, rs1_rdata: 00000000, rs2_addr:  1, rs2_rdata: 00003118, rd_addr: 30, rd_wdata: 021f0fce, mem_addr: 021f0fce, mem_rdata: 00000000, mem_wdata: 00000001
ClkCycle:       1151, pc_rdata: 00000fd2, pc_wdata: 00000fd6, insn: bfe5021f, mode: 3, rs1_addr:  0, rs1_rdata: 00000000, rs2_addr:  0, rs2_rdata: 00000000, rd_addr:  0, rd_wdata: 00000000, mem_addr: 00000000, mem_rdata: 00000000, mem_wdata: 00000000
ClkCycle:       1154, pc_rdata: 00000fce, pc_wdata: 00000fd2, insn: 2b230000, mode: 3, rs1_addr:  0, rs1_rdata: 00000000, rs2_addr:  0, rs2_rdata: 00000000, rd_addr:  0, rd_wdata: 00000000, mem_addr: 00000000, mem_rdata: 00000000, mem_wdata: 00000000
0000000000000000
ClkCycle:       4239, pc_rdata: 00004002, pc_wdata: 00004004, insn: ddb80813, mode: 3, rs1_addr:  2, rs1_rdata: 00000030, rs2_addr:  0, rs2_rdata: 00000000, rd_addr:  8, rd_wdata: 00000030, mem_addr: 00000030, mem_rdata: 00000000, mem_wdata: 00000000
ClkCycle:       4240, pc_rdata: 00004004, pc_wdata: 00004008, insn: ddb80813, mode: 3, rs1_addr: 16, rs1_rdata: 7d5bfddb, rs2_addr: 27, rs2_rdata: 00000000, rd_addr: 16, rd_wdata: 7d5bfbb6, mem_addr: 7d5bfbb6, mem_rdata: 00000000, mem_wdata: 00000000
ClkCycle:       4241, pc_rdata: 00004008, pc_wdata: 0000400c, insn: 00b81813, mode: 3, rs1_addr: 16, rs1_rdata: 7d5bfddb, rs2_addr: 11, rs2_rdata: 80000000, rd_addr: 16, rd_wdata: dfddb000, mem_addr: dfddb000, mem_rdata: 00000000, mem_wdata: 80000000
ClkCycle:       4242, pc_rdata: 0000400c, pc_wdata: 00004010, insn: 3ea80813, mode: 3, rs1_addr: 16, rs1_rdata: 7d5bfddb, rs2_addr: 10, rs2_rdata: 00000030, rd_addr: 16, rd_wdata: dfddb3ea, mem_addr: dfddb3ea, mem_rdata: 00000000, mem_wdata: 00000030
ClkCycle:       4243, pc_rdata: 00004010, pc_wdata: 00004014, insn: 00b81813, mode: 3, rs1_addr: 16, rs1_rdata: 7d5bfbb6, rs2_addr: 11, rs2_rdata: 80000000, rd_addr: 16, rd_wdata: ed9f5000, mem_addr: ed9f5000, mem_rdata: 00000000, mem_wdata: 80000000
ClkCycle:       4244, pc_rdata: 00004014, pc_wdata: 00004018, insn: 6ff80813, mode: 3, rs1_addr: 16, rs1_rdata: dfddb000, rs2_addr: 31, rs2_rdata: 00000000, rd_addr: 16, rd_wdata: ed9f56ff, mem_addr: ed9f56ff, mem_rdata: 00000000, mem_wdata: 00000000
ClkCycle:       4245, pc_rdata: 00004018, pc_wdata: 0000401c, insn: 00a81813, mode: 3, rs1_addr: 16, rs1_rdata: dfddb3ea, rs2_addr: 10, rs2_rdata: 00000030, rd_addr: 16, rd_wdata: 7d5bfc00, mem_addr: 7d5bfc00, mem_rdata: 00000000, mem_wdata: 00000030
ClkCycle:       4246, pc_rdata: 0000401c, pc_wdata: 00004020, insn: 1db80813, mode: 3, rs1_addr: 16, rs1_rdata: ed9f5000, rs2_addr: 27, rs2_rdata: 00000000, rd_addr: 16, rd_wdata: 7d5bfddb, mem_addr: 7d5bfddb, mem_rdata: 00000000, mem_wdata: 00000000
ClkCycle:       4247, pc_rdata: 00004020, pc_wdata: 00004024, insn: 00785893, mode: 3, rs1_addr: 16, rs1_rdata: ed9f56ff, rs2_addr:  7, rs2_rdata: 003fbb6f, rd_addr: 17, rd_wdata: 6cfab7fb, mem_addr: 6cfab7fb, mem_rdata: 00000000, mem_wdata: 003fbb6f
ClkCycle:       4248, pc_rdata: 00004024, pc_wdata: 00004028, insn: 03985793, mode: 3, rs1_addr: 16, rs1_rdata: 7d5bfc00, rs2_addr: 25, rs2_rdata: 00000000, rd_addr: 15, rd_wdata: adfddb3e, mem_addr: adfddb3e, mem_rdata: 00000000, mem_wdata: 00000000
ClkCycle:       4249, pc_rdata: 00004028, pc_wdata: 0000402c, insn: 00f8e8b3, mode: 3, rs1_addr: 17, rs1_rdata: bffeffff, rs2_addr: 15, rs2_rdata: 00000000, rd_addr: 17, rd_wdata: edffffff, mem_addr: edffffff, mem_rdata: 00000000, mem_wdata: adfddb3e
ClkCycle:       4250, pc_rdata: 0000402c, pc_wdata: 00004030, insn: 0078d913, mode: 3, rs1_addr: 17, rs1_rdata: 6cfab7fb, rs2_addr:  7, rs2_rdata: 003fbb6f, rd_addr: 18, rd_wdata: ffdbffff, mem_addr: ffdbffff, mem_rdata: 00000000, mem_wdata: 003fbb6f
ClkCycle:       4251, pc_rdata: 00004030, pc_wdata: 00004034, insn: 0398d793, mode: 3, rs1_addr: 17, rs1_rdata: 6cfab7fb, rs2_addr: 25, rs2_rdata: 00000000, rd_addr: 15, rd_wdata: 7d5bfff6, mem_addr: 7d5bfff6, mem_rdata: 00000000, mem_wdata: 00000000
ClkCycle:       4252, pc_rdata: 00004034, pc_wdata: 00004038, insn: 00f96933, mode: 3, rs1_addr: 18, rs1_rdata: ff7fffff, rs2_addr: 15, rs2_rdata: adfddb3e, rd_addr: 18, rd_wdata: ffdbffff, mem_addr: ffdbffff, mem_rdata: 00000000, mem_wdata: 7d5bfff6
ClkCycle:       4253, pc_rdata: 00004038, pc_wdata: 0000403c, insn: 00795993, mode: 3, rs1_addr: 18, rs1_rdata: ffdbffff, rs2_addr:  7, rs2_rdata: 003fbb6f, rd_addr: 19, rd_wdata: dfffb7ff, mem_addr: dfffb7ff, mem_rdata: 00000000, mem_wdata: 003fbb6f
ClkCycle:       4254, pc_rdata: 0000403c, pc_wdata: 00004040, insn: 03995793, mode: 3, rs1_addr: 18, rs1_rdata: ffdbffff, rs2_addr: 25, rs2_rdata: 00000000, rd_addr: 15, rd_wdata: 00fab7ff, mem_addr: 00fab7ff, mem_rdata: 00000000, mem_wdata: 00000000
ClkCycle:       4255, pc_rdata: 00004040, pc_wdata: 00004044, insn: 00f9e9b3, mode: 3, rs1_addr: 19, rs1_rdata: dffeffff, rs2_addr: 15, rs2_rdata: 7d5bfff6, rd_addr: 19, rd_wdata: dfffb7ff, mem_addr: dfffb7ff, mem_rdata: 00000000, mem_wdata: 00fab7ff
ClkCycle:       4256, pc_rdata: 00004044, pc_wdata: 00004048, insn: 0079da13, mode: 3, rs1_addr: 19, rs1_rdata: dfffb7ff, rs2_addr:  7, rs2_rdata: 003fbb6f, rd_addr: 20, rd_wdata: d5bfff6f, mem_addr: d5bfff6f, mem_rdata: 00000000, mem_wdata: 003fbb6f
ClkCycle:       4257, pc_rdata: 00004048, pc_wdata: 0000404c, insn: 0399d793, mode: 3, rs1_addr: 19, rs1_rdata: dfffb7ff, rs2_addr: 25, rs2_rdata: 00000000, rd_addr: 15, rd_wdata: 0001f56f, mem_addr: 0001f56f, mem_rdata: 00000000, mem_wdata: 00000000
ClkCycle:       4258, pc_rdata: 0000404c, pc_wdata: 00004050, insn: 00fa6a33, mode: 3, rs1_addr: 20, rs1_rdata: d5bffdff, rs2_addr: 15, rs2_rdata: 00fab7ff, rd_addr: 20, rd_wdata: d5bfff6f, mem_addr: d5bfff6f, mem_rdata: 00000000, mem_wdata: 0001f56f
ClkCycle:       4259, pc_rdata: 00004050, pc_wdata: 00004054, insn: 007a5a93, mode: 3, rs1_addr: 20, rs1_rdata: d5bfff6f, rs2_addr:  7, rs2_rdata: 003fbb6f, rd_addr: 21, rd_wdata: 0fab7ffe, mem_addr: 0fab7ffe, mem_rdata: 00000000, mem_wdata: 003fbb6f
ClkCycle:       4260, pc_rdata: 00004054, pc_wdata: 00004058, insn: 039a5793, mode: 3, rs1_addr: 20, rs1_rdata: d5bfff6f, rs2_addr: 25, rs2_rdata: 00000000, rd_addr: 15, rd_wdata: 000003ea, mem_addr: 000003ea, mem_rdata: 00000000, mem_wdata: 00000000
ClkCycle:       4261, pc_rdata: 00004058, pc_wdata: 0000405c, insn: 00faeab3, mode: 3, rs1_addr: 21, rs1_rdata: 0fab7ffb, rs2_addr: 15, rs2_rdata: 0001f56f, rd_addr: 21, rd_wdata: 0fab7ffe, mem_addr: 0fab7ffe, mem_rdata: 00000000, mem_wdata: 000003ea
ClkCycle:       4262, pc_rdata: 0000405c, pc_wdata: 00004060, insn: 007adb13, mode: 3, rs1_addr: 21, rs1_rdata: 0fab7ffe, rs2_addr:  7, rs2_rdata: 003fbb6f, rd_addr: 22, rd_wdata: 001f56ff, mem_addr: 001f56ff, mem_rdata: 00000000, mem_wdata: 003fbb6f
ClkCycle:       4263, pc_rdata: 00004060, pc_wdata: 00004064, insn: 039ad793, mode: 3, rs1_addr: 21, rs1_rdata: 0fab7ffe, rs2_addr: 25, rs2_rdata: 00000000, rd_addr: 15, rd_wdata: 00000007, mem_addr: 00000007, mem_rdata: 00000000, mem_wdata: 00000000
ClkCycle:       4264, pc_rdata: 00004064, pc_wdata: 00004068, insn: 00fb6b33, mode: 3, rs1_addr: 22, rs1_rdata: 001f56ff, rs2_addr: 15, rs2_rdata: 000003ea, rd_addr: 22, rd_wdata: 001f56ff, mem_addr: 001f56ff, mem_rdata: 00000000, mem_wdata: 00000007
ClkCycle:       4265, pc_rdata: 00004068, pc_wdata: 0000406c, insn: 007b5b93, mode: 3, rs1_addr: 22, rs1_rdata: 001f56ff, rs2_addr:  7, rs2_rdata: 003fbb6f, rd_addr: 23, rd_wdata: 00003ead, mem_addr: 00003ead, mem_rdata: 00000000, mem_wdata: 003fbb6f
ClkCycle:       4266, pc_rdata: 0000406c, pc_wdata: 00004070, insn: 039b5793, mode: 3, rs1_addr: 22, rs1_rdata: 001f56ff, rs2_addr: 25, rs2_rdata: 00000000, rd_addr: 15, rd_wdata: 00000000, mem_addr: 00000000, mem_rdata: 00000000, mem_wdata: 00000000
ClkCycle:       4267, pc_rdata: 00004070, pc_wdata: 00004074, insn: 00fbebb3, mode: 3, rs1_addr: 23, rs1_rdata: 00003ead, rs2_addr: 15, rs2_rdata: 00000007, rd_addr: 23, rd_wdata: 00003ead, mem_addr: 00003ead, mem_rdata: 00000000, mem_wdata: 00000000
ClkCycle:       4268, pc_rdata: 00004074, pc_wdata: 00004078, insn: 007bdc13, mode: 3, rs1_addr: 23, rs1_rdata: 00003ead, rs2_addr:  7, rs2_rdata: 003fbb6f, rd_addr: 24, rd_wdata: 0000007d, mem_addr: 0000007d, mem_rdata: 00000000, mem_wdata: 003fbb6f
ClkCycle:       4269, pc_rdata: 00004078, pc_wdata: 0000407c, insn: 039bd793, mode: 3, rs1_addr: 23, rs1_rdata: 00003ead, rs2_addr: 25, rs2_rdata: 00000000, rd_addr: 15, rd_wdata: 00000000, mem_addr: 00000000, mem_rdata: 00000000, mem_wdata: 00000000
ClkCycle:       4270, pc_rdata: 0000407c, pc_wdata: 00004080, insn: 00fc6c33, mode: 3, rs1_addr: 24, rs1_rdata: 0000007d, rs2_addr: 15, rs2_rdata: 00000000, rd_addr: 24, rd_wdata: 0000007d, mem_addr: 0000007d, mem_rdata: 00000000, mem_wdata: 00000000
ClkCycle:       4271, pc_rdata: 00004080, pc_wdata: 00004084, insn: 007c5c93, mode: 3, rs1_addr: 24, rs1_rdata: 0000007d, rs2_addr:  7, rs2_rdata: 003fbb6f, rd_addr: 25, rd_wdata: 00000000, mem_addr: 00000000, mem_rdata: 00000000, mem_wdata: 003fbb6f
ClkCycle:       4272, pc_rdata: 00004084, pc_wdata: 00004088, insn: 039c5793, mode: 3, rs1_addr: 24, rs1_rdata: 0000007d, rs2_addr: 25, rs2_rdata: 00000000, rd_addr: 15, rd_wdata: 00000000, mem_addr: 00000000, mem_rdata: 00000000, mem_wdata: 00000000
ClkCycle:       4273, pc_rdata: 00004088, pc_wdata: 0000408c, insn: 00fcecb3, mode: 3, rs1_addr: 25, rs1_rdata: 00000000, rs2_addr: 15, rs2_rdata: 00000000, rd_addr: 25, rd_wdata: 00000000, mem_addr: 00000000, mem_rdata: 00000000, mem_wdata: 00000000
ClkCycle:       4274, pc_rdata: 0000408c, pc_wdata: 00004090, insn: 007cdd13, mode: 3, rs1_addr: 25, rs1_rdata: 00000000, rs2_addr:  7, rs2_rdata: 003fbb6f, rd_addr: 26, rd_wdata: 00000000, mem_addr: 00000000, mem_rdata: 00000000, mem_wdata: 003fbb6f
ClkCycle:       4275, pc_rdata: 00004090, pc_wdata: 00004094, insn: 039cd793, mode: 3, rs1_addr: 25, rs1_rdata: 00000000, rs2_addr: 25, rs2_rdata: 00000000, rd_addr: 15, rd_wdata: 00000000, mem_addr: 00000000, mem_rdata: 00000000, mem_wdata: 00000000
ClkCycle:       4276, pc_rdata: 00004094, pc_wdata: 00004098, insn: 00fd6d33, mode: 3, rs1_addr: 26, rs1_rdata: 00000000, rs2_addr: 15, rs2_rdata: 00000000, rd_addr: 26, rd_wdata: 00000000, mem_addr: 00000000, mem_rdata: 00000000, mem_wdata: 00000000
ClkCycle:       4277, pc_rdata: 00004098, pc_wdata: 0000409c, insn: 007d5d93, mode: 3, rs1_addr: 26, rs1_rdata: 00000000, rs2_addr:  7, rs2_rdata: 003fbb6f, rd_addr: 27, rd_wdata: 00000000, mem_addr: 00000000, mem_rdata: 00000000, mem_wdata: 003fbb6f
ClkCycle:       4278, pc_rdata: 0000409c, pc_wdata: 000040a0, insn: 039d5793, mode: 3, rs1_addr: 26, rs1_rdata: 00000000, rs2_addr: 25, rs2_rdata: 00000000, rd_addr: 15, rd_wdata: 00000000, mem_addr: 00000000, mem_rdata: 00000000, mem_wdata: 00000000
ClkCycle:       4279, pc_rdata: 000040a0, pc_wdata: 000040a4, insn: 00fdedb3, mode: 3, rs1_addr: 27, rs1_rdata: 00000000, rs2_addr: 15, rs2_rdata: 00000000, rd_addr: 27, rd_wdata: 00000000, mem_addr: 00000000, mem_rdata: 00000000, mem_wdata: 00000000
ClkCycle:       4280, pc_rdata: 000040a4, pc_wdata: 000040a8, insn: 007dde13, mode: 3, rs1_addr: 27, rs1_rdata: 00000000, rs2_addr:  7, rs2_rdata: 003fbb6f, rd_addr: 28, rd_wdata: 00000000, mem_addr: 00000000, mem_rdata: 00000000, mem_wdata: 003fbb6f
ClkCycle:       4281, pc_rdata: 000040a8, pc_wdata: 000040ac, insn: 039dd793, mode: 3, rs1_addr: 27, rs1_rdata: 00000000, rs2_addr: 25, rs2_rdata: 00000000, rd_addr: 15, rd_wdata: 00000000, mem_addr: 00000000, mem_rdata: 00000000, mem_wdata: 00000000
ClkCycle:       4282, pc_rdata: 000040ac, pc_wdata: 000040b0, insn: 00fe6e33, mode: 3, rs1_addr: 28, rs1_rdata: 00000000, rs2_addr: 15, rs2_rdata: 00000000, rd_addr: 28, rd_wdata: 00000000, mem_addr: 00000000, mem_rdata: 00000000, mem_wdata: 00000000
ClkCycle:       4283, pc_rdata: 000040b0, pc_wdata: 000040b4, insn: 007e5e93, mode: 3, rs1_addr: 28, rs1_rdata: 00000000, rs2_addr:  7, rs2_rdata: 003fbb6f, rd_addr: 29, rd_wdata: 00000000, mem_addr: 00000000, mem_rdata: 00000000, mem_wdata: 003fbb6f
ClkCycle:       4284, pc_rdata: 000040b4, pc_wdata: 000040b8, insn: 039e5793, mode: 3, rs1_addr: 28, rs1_rdata: 00000000, rs2_addr: 25, rs2_rdata: 00000000, rd_addr: 15, rd_wdata: 00000000, mem_addr: 00000000, mem_rdata: 00000000, mem_wdata: 00000000
ClkCycle:       4285, pc_rdata: 000040b8, pc_wdata: 000040bc, insn: 00feeeb3, mode: 3, rs1_addr: 29, rs1_rdata: 00000000, rs2_addr: 15, rs2_rdata: 00000000, rd_addr: 29, rd_wdata: 00000000, mem_addr: 00000000, mem_rdata: 00000000, mem_wdata: 00000000
ClkCycle:       4286, pc_rdata: 000040bc, pc_wdata: 000040c0, insn: 007edf13, mode: 3, rs1_addr: 29, rs1_rdata: 00000000, rs2_addr:  7, rs2_rdata: 003fbb6f, rd_addr: 30, rd_wdata: 00000000, mem_addr: 00000000, mem_rdata: 00000000, mem_wdata: 003fbb6f
ClkCycle:       4287, pc_rdata: 000040c0, pc_wdata: 000040c4, insn: 039ed793, mode: 3, rs1_addr: 29, rs1_rdata: 00000000, rs2_addr: 25, rs2_rdata: 00000000, rd_addr: 15, rd_wdata: 00000000, mem_addr: 00000000, mem_rdata: 00000000, mem_wdata: 00000000
ClkCycle:       4288, pc_rdata: 000040c4, pc_wdata: 000040c8, insn: 00ff6f33, mode: 3, rs1_addr: 30, rs1_rdata: 021f0fce, rs2_addr: 15, rs2_rdata: 00000000, rd_addr: 30, rd_wdata: 00000000, mem_addr: 00000000, mem_rdata: 00000000, mem_wdata: 00000000
ClkCycle:       4289, pc_rdata: 000040c8, pc_wdata: 000040cc, insn: feedc0b7, mode: 3, rs1_addr: 27, rs1_rdata: 00000000, rs2_addr: 14, rs2_rdata: 00003114, rd_addr:  1, rd_wdata: feedc000, mem_addr: feedc000, mem_rdata: 00000000, mem_wdata: 00003114
ClkCycle:       4290, pc_rdata: 000040cc, pc_wdata: 000040d0, insn: ead08093, mode: 3, rs1_addr:  1, rs1_rdata: 00000001, rs2_addr: 13, rs2_rdata: feffffbf, rd_addr:  1, rd_wdata: feedbead, mem_addr: feedbead, mem_rdata: 00000000, mem_wdata: feffffbf
ClkCycle:       4291, pc_rdata: 000040d0, pc_wdata: 000040d4, insn: 00b09093, mode: 3, rs1_addr:  1, rs1_rdata: 00000001, rs2_addr: 11, rs2_rdata: 80000000, rd_addr:  1, rd_wdata: 6df56800, mem_addr: 6df56800, mem_rdata: 00000000, mem_wdata: 80000000
ClkCycle:       4292, pc_rdata: 000040d4, pc_wdata: 000040d8, insn: 7f708093, mode: 3, rs1_addr:  1, rs1_rdata: feedc000, rs2_addr: 23, rs2_rdata: 00003ead, rd_addr:  1, rd_wdata: 6df56ff7, mem_addr: 6df56ff7, mem_rdata: 00000000, mem_wdata: 00003ead
ClkCycle:       4293, pc_rdata: 000040d8, pc_wdata: 000040dc, insn: 00b09093, mode: 3, rs1_addr:  1, rs1_rdata: feedbead, rs2_addr: 11, rs2_rdata: 80000000, rd_addr:  1, rd_wdata: ab7fb800, mem_addr: ab7fb800, mem_rdata: 00000000, mem_wdata: 80000000
ClkCycle:       4294, pc_rdata: 000040dc, pc_wdata: 000040e0, insn: 36f08093, mode: 3, rs1_addr:  1, rs1_rdata: 6df56800, rs2_addr: 15, rs2_rdata: 00000000, rd_addr:  1, rd_wdata: ab7fbb6f, mem_addr: ab7fbb6f, mem_rdata: 00000000, mem_wdata: 00000000
ClkCycle:       4295, pc_rdata: 000040e0, pc_wdata: 000040e4, insn: 00a09093, mode: 3, rs1_addr:  1, rs1_rdata: 6df56ff7, rs2_addr: 10, rs2_rdata: 00000030, rd_addr:  1, rd_wdata: feedbc00, mem_addr: feedbc00, mem_rdata: 00000000, mem_wdata: 00000030
ClkCycle:       4296, pc_rdata: 000040e4, pc_wdata: 000040e8, insn: 2ad08093, mode: 3, rs1_addr:  1, rs1_rdata: ab7fb800, rs2_addr: 13, rs2_rdata: feffffbf, rd_addr:  1, rd_wdata: feedbead, mem_addr: feedbead, mem_rdata: 00000000, mem_wdata: feffffbf
ClkCycle:       4297, pc_rdata: 000040e8, pc_wdata: 000040ec, insn: 0070d113, mode: 3, rs1_addr:  1, rs1_rdata: ab7fbb6f, rs2_addr:  7, rs2_rdata: 003fbb6f, rd_addr:  2, rd_wdata: 5bfddb7d, mem_addr: 5bfddb7d, mem_rdata: 00000000, mem_wdata: 003fbb6f
ClkCycle:       4298, pc_rdata: 000040ec, pc_wdata: 000040f0, insn: 0390d793, mode: 3, rs1_addr:  1, rs1_rdata: feedbc00, rs2_addr: 25, rs2_rdata: 00000000, rd_addr: 15, rd_wdata: 76df56ff, mem_addr: 76df56ff, mem_rdata: 00000000, mem_wdata: 00000000
ClkCycle:       4299, pc_rdata: 000040f0, pc_wdata: 000040f4, insn: 00f16133, mode: 3, rs1_addr:  2, rs1_rdata: 00000030, rs2_addr: 15, rs2_rdata: 00000000, rd_addr:  2, rd_wdata: 7fffdfff, mem_addr: 7fffdfff, mem_rdata: 00000000, mem_wdata: 76df56ff
ClkCycle:       4300, pc_rdata: 000040f4, pc_wdata: 000040f8, insn: 00715193, mode: 3, rs1_addr:  2, rs1_rdata: 5bfddb7d, rs2_addr:  7, rs2_rdata: 003fbb6f, rd_addr:  3, rd_wdata: feffffbf, mem_addr: feffffbf, mem_rdata: 00000000, mem_wdata: 003fbb6f
ClkCycle:       4301, pc_rdata: 000040f8, pc_wdata: 000040fc, insn: 03915793, mode: 3, rs1_addr:  2, rs1_rdata: 5bfddb7d, rs2_addr: 25, rs2_rdata: 00000000, rd_addr: 15, rd_wdata: feedbfbf, mem_addr: feedbfbf, mem_rdata: 00000000, mem_wdata: 00000000
ClkCycle:       4302, pc_rdata: 000040fc, pc_wdata: 00004100, insn: 00f1e1b3, mode: 3, rs1_addr:  3, rs1_rdata: feffffbf, rs2_addr: 15, rs2_rdata: 76df56ff, rd_addr:  3, rd_wdata: feffffbf, mem_addr: feffffbf, mem_rdata: 00000000, mem_wdata: feedbfbf
ClkCycle:       4303, pc_rdata: 00004100, pc_wdata: 00004104, insn: 0071d213, mode: 3, rs1_addr:  3, rs1_rdata: feffffbf, rs2_addr:  7, rs2_rdata: 003fbb6f, rd_addr:  4, rd_wdata: 6dfdffff, mem_addr: 6dfdffff, mem_rdata: 00000000, mem_wdata: 003fbb6f
ClkCycle:       4304, pc_rdata: 00004104, pc_wdata: 00004108, insn: 0391d793, mode: 3, rs1_addr:  3, rs1_rdata: feffffbf, rs2_addr: 25, rs2_rdata: 00000000, rd_addr: 15, rd_wdata: 01fddb7f, mem_addr: 01fddb7f, mem_rdata: 00000000, mem_wdata: 00000000
ClkCycle:       4305, pc_rdata: 00004108, pc_wdata: 0000410c, insn: 00f26233, mode: 3, rs1_addr:  4, rs1_rdata: 6dfdffff, rs2_addr: 15, rs2_rdata: feedbfbf, rd_addr:  4, rd_wdata: 6dfdffff, mem_addr: 6dfdffff, mem_rdata: 00000000, mem_wdata: 01fddb7f
ClkCycle:       4306, pc_rdata: 0000410c, pc_wdata: 00004110, insn: 00725293, mode: 3, rs1_addr:  4, rs1_rdata: 6dfdffff, rs2_addr:  7, rs2_rdata: 003fbb6f, rd_addr:  5, rd_wdata: eedbfbff, mem_addr: eedbfbff, mem_rdata: 00000000, mem_wdata: 003fbb6f
ClkCycle:       4307, pc_rdata: 00004110, pc_wdata: 00004114, insn: 03925793, mode: 3, rs1_addr:  4, rs1_rdata: 6dfdffff, rs2_addr: 25, rs2_rdata: 00000000, rd_addr: 15, rd_wdata: 0003fbb6, mem_addr: 0003fbb6, mem_rdata: 00000000, mem_wdata: 00000000
ClkCycle:       4308, pc_rdata: 00004114, pc_wdata: 00004118, insn: 00f2e2b3, mode: 3, rs1_addr:  5, rs1_rdata: eedbfbff, rs2_addr: 15, rs2_rdata: 01fddb7f, rd_addr:  5, rd_wdata: eedbfbff, mem_addr: eedbfbff, mem_rdata: 00000000, mem_wdata: 0003fbb6
ClkCycle:       4309, pc_rdata: 00004118, pc_wdata: 0000411c, insn: 0072d313, mode: 3, rs1_addr:  5, rs1_rdata: eedbfbff, rs2_addr:  7, rs2_rdata: 003fbb6f, rd_addr:  6, rd_wdata: 1fddb7f7, mem_addr: 1fddb7f7, mem_rdata: 00000000, mem_wdata: 003fbb6f
ClkCycle:       4310, pc_rdata: 0000411c, pc_wdata: 00004120, insn: 0392d793, mode: 3, rs1_addr:  5, rs1_rdata: eedbfbff, rs2_addr: 25, rs2_rdata: 00000000, rd_addr: 15, rd_wdata: 000007f7, mem_addr: 000007f7, mem_rdata: 00000000, mem_wdata: 00000000
ClkCycle:       4311, pc_rdata: 00004120, pc_wdata: 00004124, insn: 00f36333, mode: 3, rs1_addr:  6, rs1_rdata: bad0dad0, rs2_addr: 15, rs2_rdata: 0003fbb6, rd_addr:  6, rd_wdata: 1fddb7f7, mem_addr: 1fddb7f7, mem_rdata: 00000000, mem_wdata: 000007f7
ClkCycle:       4312, pc_rdata: 00004124, pc_wdata: 00004128, insn: 00735393, mode: 3, rs1_addr:  6, rs1_rdata: 1fddb7f7, rs2_addr:  7, rs2_rdata: 003fbb6f, rd_addr:  7, rd_wdata: 003fbb6f, mem_addr: 003fbb6f, mem_rdata: 00000000, mem_wdata: 003fbb6f
ClkCycle:       4313, pc_rdata: 00004128, pc_wdata: 0000412c, insn: 03935793, mode: 3, rs1_addr:  6, rs1_rdata: 1fddb7f7, rs2_addr: 25, rs2_rdata: 00000000, rd_addr: 15, rd_wdata: 0000000f, mem_addr: 0000000f, mem_rdata: 00000000, mem_wdata: 00000000
ClkCycle:       4314, pc_rdata: 0000412c, pc_wdata: 00004130, insn: 00f3e3b3, mode: 3, rs1_addr:  7, rs1_rdata: 003fbb6f, rs2_addr: 15, rs2_rdata: 000007f7, rd_addr:  7, rd_wdata: 003fbb6f, mem_addr: 003fbb6f, mem_rdata: 00000000, mem_wdata: 0000000f
ClkCycle:       4315, pc_rdata: 00004130, pc_wdata: 00004134, insn: 0073d413, mode: 3, rs1_addr:  7, rs1_rdata: 003fbb6f, rs2_addr:  7, rs2_rdata: 003fbb6f, rd_addr:  8, rd_wdata: 00007f76, mem_addr: 00007f76, mem_rdata: 00000000, mem_wdata: 003fbb6f
ClkCycle:       4316, pc_rdata: 00004134, pc_wdata: 00004138, insn: 0393d793, mode: 3, rs1_addr:  7, rs1_rdata: 003fbb6f, rs2_addr: 25, rs2_rdata: 00000000, rd_addr: 15, rd_wdata: 00000000, mem_addr: 00000000, mem_rdata: 00000000, mem_wdata: 00000000
ClkCycle:       4317, pc_rdata: 00004138, pc_wdata: 0000413c, insn: 00f46433, mode: 3, rs1_addr:  8, rs1_rdata: 00000030, rs2_addr: 15, rs2_rdata: 0000000f, rd_addr:  8, rd_wdata: 00007f76, mem_addr: 00007f76, mem_rdata: 00000000, mem_wdata: 00000000
ClkCycle:       4318, pc_rdata: 0000413c, pc_wdata: 00004140, insn: 00745493, mode: 3, rs1_addr:  8, rs1_rdata: 00007f76, rs2_addr:  7, rs2_rdata: 003fbb6f, rd_addr:  9, rd_wdata: 000000fe, mem_addr: 000000fe, mem_rdata: 00000000, mem_wdata: 003fbb6f
ClkCycle:       4319, pc_rdata: 00004140, pc_wdata: 00004144, insn: 03945793, mode: 3, rs1_addr:  8, rs1_rdata: 00007f76, rs2_addr: 25, rs2_rdata: 00000000, rd_addr: 15, rd_wdata: 00000000, mem_addr: 00000000, mem_rdata: 00000000, mem_wdata: 00000000
ClkCycle:       4320, pc_rdata: 00004144, pc_wdata: 00004148, insn: 00f4e4b3, mode: 3, rs1_addr:  9, rs1_rdata: 00000000, rs2_addr: 15, rs2_rdata: 00000000, rd_addr:  9, rd_wdata: 000000fe, mem_addr: 000000fe, mem_rdata: 00000000, mem_wdata: 00000000
ClkCycle:       4321, pc_rdata: 00004148, pc_wdata: 0000414c, insn: 0074d513, mode: 3, rs1_addr:  9, rs1_rdata: 000000fe, rs2_addr:  7, rs2_rdata: 003fbb6f, rd_addr: 10, rd_wdata: 00000001, mem_addr: 00000001, mem_rdata: 00000000, mem_wdata: 003fbb6f
ClkCycle:       4322, pc_rdata: 0000414c, pc_wdata: 00004150, insn: 0394d793, mode: 3, rs1_addr:  9, rs1_rdata: 000000fe, rs2_addr: 25, rs2_rdata: 00000000, rd_addr: 15, rd_wdata: 00000000, mem_addr: 00000000, mem_rdata: 00000000, mem_wdata: 00000000
ClkCycle:       4323, pc_rdata: 00004150, pc_wdata: 00004154, insn: 00f56533, mode: 3, rs1_addr: 10, rs1_rdata: 00000030, rs2_addr: 15, rs2_rdata: 00000000, rd_addr: 10, rd_wdata: 00000001, mem_addr: 00000001, mem_rdata: 00000000, mem_wdata: 00000000
ClkCycle:       4324, pc_rdata: 00004154, pc_wdata: 00004158, insn: 00755593, mode: 3, rs1_addr: 10, rs1_rdata: 00000001, rs2_addr:  7, rs2_rdata: 003fbb6f, rd_addr: 11, rd_wdata: 00000000, mem_addr: 00000000, mem_rdata: 00000000, mem_wdata: 003fbb6f
ClkCycle:       4325, pc_rdata: 00004158, pc_wdata: 0000415c, insn: 03955793, mode: 3, rs1_addr: 10, rs1_rdata: 00000001, rs2_addr: 25, rs2_rdata: 00000000, rd_addr: 15, rd_wdata: 00000000, mem_addr: 00000000, mem_rdata: 00000000, mem_wdata: 00000000
ClkCycle:       4326, pc_rdata: 0000415c, pc_wdata: 00004160, insn: 00f5e5b3, mode: 3, rs1_addr: 11, rs1_rdata: 80000000, rs2_addr: 15, rs2_rdata: 00000000, rd_addr: 11, rd_wdata: 00000000, mem_addr: 00000000, mem_rdata: 00000000, mem_wdata: 00000000
ClkCycle:       4327, pc_rdata: 00004160, pc_wdata: 00004164, insn: 0075d613, mode: 3, rs1_addr: 11, rs1_rdata: 00000000, rs2_addr:  7, rs2_rdata: 003fbb6f, rd_addr: 12, rd_wdata: 00000000, mem_addr: 00000000, mem_rdata: 00000000, mem_wdata: 003fbb6f
ClkCycle:       4328, pc_rdata: 00004164, pc_wdata: 00004168, insn: 0395d793, mode: 3, rs1_addr: 11, rs1_rdata: 00000000, rs2_addr: 25, rs2_rdata: 00000000, rd_addr: 15, rd_wdata: 00000000, mem_addr: 00000000, mem_rdata: 00000000, mem_wdata: 00000000
ClkCycle:       4329, pc_rdata: 00004168, pc_wdata: 0000416c, insn: 00f66633, mode: 3, rs1_addr: 12, rs1_rdata: 00000030, rs2_addr: 15, rs2_rdata: 00000000, rd_addr: 12, rd_wdata: 00000000, mem_addr: 00000000, mem_rdata: 00000000, mem_wdata: 00000000
ClkCycle:       4330, pc_rdata: 0000416c, pc_wdata: 00004170, insn: 00765693, mode: 3, rs1_addr: 12, rs1_rdata: 00000000, rs2_addr:  7, rs2_rdata: 003fbb6f, rd_addr: 13, rd_wdata: 00000000, mem_addr: 00000000, mem_rdata: 00000000, mem_wdata: 003fbb6f
ClkCycle:       4331, pc_rdata: 00004170, pc_wdata: 00004174, insn: 03965793, mode: 3, rs1_addr: 12, rs1_rdata: 00000000, rs2_addr: 25, rs2_rdata: 00000000, rd_addr: 15, rd_wdata: 00000000, mem_addr: 00000000, mem_rdata: 00000000, mem_wdata: 00000000
ClkCycle:       4332, pc_rdata: 00004174, pc_wdata: 00004178, insn: 00f6e6b3, mode: 3, rs1_addr: 13, rs1_rdata: feffffbf, rs2_addr: 15, rs2_rdata: 00000000, rd_addr: 13, rd_wdata: 00000000, mem_addr: 00000000, mem_rdata: 00000000, mem_wdata: 00000000
ClkCycle:       4333, pc_rdata: 00004178, pc_wdata: 0000417c, insn: 00000013, mode: 3, rs1_addr:  0, rs1_rdata: 00000000, rs2_addr:  0, rs2_rdata: 00000000, rd_addr:  0, rd_wdata: 00000000, mem_addr: 00000000, mem_rdata: 00000000, mem_wdata: 00000000
ClkCycle:       4334, pc_rdata: 0000417c, pc_wdata: 00004180, insn: 00000013, mode: 3, rs1_addr:  0, rs1_rdata: 00000000, rs2_addr:  0, rs2_rdata: 00000000, rd_addr:  0, rd_wdata: 00000000, mem_addr: 00000000, mem_rdata: 00000000, mem_wdata: 00000000
ClkCycle:       4335, pc_rdata: 00004180, pc_wdata: 00004184, insn: 00003097, mode: 3, rs1_addr:  0, rs1_rdata: 00000000, rs2_addr:  0, rs2_rdata: 00000000, rd_addr:  1, rd_wdata: 00007180, mem_addr: 00007180, mem_rdata: 00000000, mem_wdata: 00000000
ClkCycle:       4336, pc_rdata: 00004184, pc_wdata: 00004188, insn: f9808093, mode: 3, rs1_addr:  1, rs1_rdata: feedbead, rs2_addr: 24, rs2_rdata: 0000007d, rd_addr:  1, rd_wdata: 00007118, mem_addr: 00007118, mem_rdata: 00000000, mem_wdata: 0000007d
ClkCycle:       4337, pc_rdata: 00004188, pc_wdata: 0000418c, insn: 00000013, mode: 3, rs1_addr:  0, rs1_rdata: 00000000, rs2_addr:  0, rs2_rdata: 00000000, rd_addr:  0, rd_wdata: 00000000, mem_addr: 00000000, mem_rdata: 00000000, mem_wdata: 00000000
ClkCycle:       4338, pc_rdata: 0000418c, pc_wdata: 00004190, insn: 00000013, mode: 3, rs1_addr:  0, rs1_rdata: 00000000, rs2_addr:  0, rs2_rdata: 00000000, rd_addr:  0, rd_wdata: 00000000, mem_addr: 00000000, mem_rdata: 00000000, mem_wdata: 00000000
ClkCycle:       4339, pc_rdata: 00004190, pc_wdata: 00004194, insn: 00000013, mode: 3, rs1_addr:  0, rs1_rdata: 00000000, rs2_addr:  0, rs2_rdata: 00000000, rd_addr:  0, rd_wdata: 00000000, mem_addr: 00000000, mem_rdata: 00000000, mem_wdata: 00000000
ClkCycle:       4340, pc_rdata: 00004194, pc_wdata: 00004198, insn: 00000013, mode: 3, rs1_addr:  0, rs1_rdata: 00000000, rs2_addr:  0, rs2_rdata: 00000000, rd_addr:  0, rd_wdata: 00000000, mem_addr: 00000000, mem_rdata: 00000000, mem_wdata: 00000000
ClkCycle:       4341, pc_rdata: 00004198, pc_wdata: 0000419c, insn: 00000013, mode: 3, rs1_addr:  0, rs1_rdata: 00000000, rs2_addr:  0, rs2_rdata: 00000000, rd_addr:  0, rd_wdata: 00000000, mem_addr: 00000000, mem_rdata: 00000000, mem_wdata: 00000000
ClkCycle:       4342, pc_rdata: 0000419c, pc_wdata: 000041a0, insn: 00000013, mode: 3, rs1_addr:  0, rs1_rdata: 00000000, rs2_addr:  0, rs2_rdata: 00000000, rd_addr:  0, rd_wdata: 00000000, mem_addr: 00000000, mem_rdata: 00000000, mem_wdata: 00000000
ClkCycle:       4343, pc_rdata: 000041a0, pc_wdata: 000041a4, insn: fff00693, mode: 3, rs1_addr:  0, rs1_rdata: 00000000, rs2_addr: 31, rs2_rdata: 00000000, rd_addr: 13, rd_wdata: ffffffff, mem_addr: ffffffff, mem_rdata: 00000000, mem_wdata: 00000000
ClkCycle:       4344, pc_rdata: 000041a4, pc_wdata: 000041a8, insn: 03f69693, mode: 3, rs1_addr: 13, rs1_rdata: 00000000, rs2_addr: 31, rs2_rdata: 00000000, rd_addr: 13, rd_wdata: 80000000, mem_addr: 80000000, mem_rdata: 00000000, mem_wdata: 00000000
ClkCycle:       4345, pc_rdata: 000041a8, pc_wdata: 000041aa, insn: 01138786, mode: 3, rs1_addr:  0, rs1_rdata: 00000000, rs2_addr:  1, rs2_rdata: 00007118, rd_addr: 15, rd_wdata: 00007118, mem_addr: 00007118, mem_rdata: 00000000, mem_wdata: 00007118
ClkCycle:       4346, pc_rdata: 000041aa, pc_wdata: 000041ae, insn: 01138786, mode: 3, rs1_addr:  0, rs1_rdata: 00000000, rs2_addr:  0, rs2_rdata: 00000000, rd_addr:  0, rd_wdata: 00000000, mem_addr: 00000000, mem_rdata: 00000000, mem_wdata: 00000000
ClkCycle:       4347, pc_rdata: 000041ae, pc_wdata: 000041b2, insn: dfd44027, mode: 3, rs1_addr: 14, rs1_rdata: 00003114, rs2_addr:  2, rs2_rdata: 7fffdfff, rd_addr:  2, rd_wdata: 00003516, mem_addr: 00003516, mem_rdata: 00000000, mem_wdata: 7fffdfff
ClkCycle:       4348, pc_rdata: 000041b2, pc_wdata: 000041b6, insn: dfd44027, mode: 3, rs1_addr:  0, rs1_rdata: 00000000, rs2_addr:  0, rs2_rdata: 00000000, rd_addr:  0, rd_wdata: 00000000, mem_addr: 00000000, mem_rdata: 00000000, mem_wdata: 00000000
7fffffff80000000
ClkCycle:       4349, pc_rdata: 000041b6, pc_wdata: 000041b8, insn: 00000413, mode: 3, rs1_addr: 15, rs1_rdata: 00007118, rs2_addr: 13, rs2_rdata: 80000000, rd_addr: 28, rd_wdata: 00007154, mem_addr: 00007154, mem_rdata: 00000000, mem_wdata: 80000000
ClkCycle:       4350, pc_rdata: 000041b8, pc_wdata: 000041bc, insn: 00000413, mode: 3, rs1_addr:  0, rs1_rdata: 00000000, rs2_addr:  0, rs2_rdata: 00000000, rd_addr:  8, rd_wdata: 00000000, mem_addr: 00000000, mem_rdata: 00000000, mem_wdata: 00000000
ClkCycle:       4351, pc_rdata: 000041bc, pc_wdata: 000041c0, insn: 00808593, mode: 3, rs1_addr:  1, rs1_rdata: 00007118, rs2_addr:  8, rs2_rdata: 00007f76, rd_addr: 11, rd_wdata: 00007120, mem_addr: 00007120, mem_rdata: 00000000, mem_wdata: 00000000
ClkCycle:       4352, pc_rdata: 000041c0, pc_wdata: 000041c4, insn: 02000113, mode: 3, rs1_addr:  0, rs1_rdata: 00000000, rs2_addr:  0, rs2_rdata: 00000000, rd_addr:  2, rd_wdata: 00000020, mem_addr: 00000020, mem_rdata: 00000000, mem_wdata: 00000000
ClkCycle:       4353, pc_rdata: 000041c4, pc_wdata: 000041c8, insn: 402585b3, mode: 3, rs1_addr: 11, rs1_rdata: 00000000, rs2_addr:  2, rs2_rdata: 00003516, rd_addr: 11, rd_wdata: 00007100, mem_addr: 00007100, mem_rdata: 00000000, mem_wdata: 00000020
0000000000000000
ClkCycle:       4354, pc_rdata: 000041c8, pc_wdata: 000041ca, insn: 0001d180, mode: 3, rs1_addr: 11, rs1_rdata: 00007120, rs2_addr:  8, rs2_rdata: 00000000, rd_addr:  0, rd_wdata: 00007120, mem_addr: 00007120, mem_rdata: 00000000, mem_wdata: 00000000
ClkCycle:       4355, pc_rdata: 000041ca, pc_wdata: 000041ce, insn: 0001d180, mode: 3, rs1_addr:  0, rs1_rdata: 00000000, rs2_addr:  0, rs2_rdata: 00000000, rd_addr:  0, rd_wdata: 00000000, mem_addr: 00000000, mem_rdata: 00000000, mem_wdata: 00000000
ClkCycle:       4356, pc_rdata: 000041ce, pc_wdata: 000041d0, insn: 5513fff0, mode: 3, rs1_addr:  0, rs1_rdata: 00000000, rs2_addr:  0, rs2_rdata: 00000000, rd_addr:  0, rd_wdata: 00000000, mem_addr: 00000000, mem_rdata: 00000000, mem_wdata: 00000000
0000000000000000
ClkCycle:       4357, pc_rdata: 000041d0, pc_wdata: 000041d2, insn: 5513fff0, mode: 3, rs1_addr: 15, rs1_rdata: 00007118, rs2_addr: 12, rs2_rdata: 00000000, rd_addr: 28, rd_wdata: 00007194, mem_addr: 00007194, mem_rdata: 00000000, mem_wdata: 00000000
ClkCycle:       4358, pc_rdata: 000041d2, pc_wdata: 000041d6, insn: 5513fff0, mode: 3, rs1_addr:  0, rs1_rdata: 00000000, rs2_addr:  0, rs2_rdata: 00000000, rd_addr:  0, rd_wdata: 00000000, mem_addr: 00000000, mem_rdata: 00000000, mem_wdata: 00000000
ClkCycle:       4359, pc_rdata: 000041d6, pc_wdata: 000041da, insn: 01130100, mode: 3, rs1_addr:  0, rs1_rdata: 00000000, rs2_addr: 16, rs2_rdata: 7d5bfddb, rd_addr: 10, rd_wdata: 00000000, mem_addr: 00000000, mem_rdata: 00000000, mem_wdata: 7d5bfddb
ClkCycle:       4360, pc_rdata: 000041da, pc_wdata: 000041de, insn: 01130100, mode: 3, rs1_addr:  0, rs1_rdata: 00000000, rs2_addr:  0, rs2_rdata: 00000000, rd_addr:  0, rd_wdata: 00000000, mem_addr: 00000000, mem_rdata: 00000000, mem_wdata: 00000000
ClkCycle:       4361, pc_rdata: 000041de, pc_wdata: 000041e2, insn: cce84024, mode: 3, rs1_addr:  8, rs1_rdata: 00000000, rs2_addr:  2, rs2_rdata: 00000020, rd_addr:  2, rd_wdata: 00000402, mem_addr: 00000402, mem_rdata: 00000000, mem_wdata: 00000020
ClkCycle:       4362, pc_rdata: 000041e2, pc_wdata: 000041e6, insn: cce84024, mode: 3, rs1_addr:  0, rs1_rdata: 00000000, rs2_addr:  0, rs2_rdata: 00000000, rd_addr:  0, rd_wdata: 00000000, mem_addr: 00000000, mem_rdata: 00000000, mem_wdata: 00000000
0000000000000000
ClkCycle:       4363, pc_rdata: 000041e6, pc_wdata: 000041e8, insn: 00100613, mode: 3, rs1_addr:  9, rs1_rdata: 000000fe, rs2_addr: 10, rs2_rdata: 00000000, rd_addr: 28, rd_wdata: 0000015a, mem_addr: 0000015a, mem_rdata: 00000000, mem_wdata: 00000000
ClkCycle:       4364, pc_rdata: 000041e8, pc_wdata: 000041ec, insn: 00100613, mode: 3, rs1_addr:  0, rs1_rdata: 00000000, rs2_addr:  1, rs2_rdata: 00007118, rd_addr: 12, rd_wdata: 00000001, mem_addr: 00000001, mem_rdata: 00000000, mem_wdata: 00007118
ClkCycle:       4365, pc_rdata: 000041ec, pc_wdata: 000041f0, insn: 01808713, mode: 3, rs1_addr:  1, rs1_rdata: 00007118, rs2_addr: 24, rs2_rdata: 0000007d, rd_addr: 14, rd_wdata: 00007130, mem_addr: 00007130, mem_rdata: 00000000, mem_wdata: 0000007d
ClkCycle:       4366, pc_rdata: 000041f0, pc_wdata: 000041f4, insn: 01c00113, mode: 3, rs1_addr:  0, rs1_rdata: 00000000, rs2_addr: 28, rs2_rdata: 00000000, rd_addr:  2, rd_wdata: 0000001c, mem_addr: 0000001c, mem_rdata: 00000000, mem_wdata: 00000000
ClkCycle:       4367, pc_rdata: 000041f4, pc_wdata: 000041f8, insn: 40270733, mode: 3, rs1_addr: 14, rs1_rdata: 00003114, rs2_addr:  2, rs2_rdata: 00000402, rd_addr: 14, rd_wdata: 00007114, mem_addr: 00007114, mem_rdata: 00000000, mem_wdata: 0000001c
0000000000000001
ClkCycle:       4368, pc_rdata: 000041f8, pc_wdata: 000041fa, insn: 0001cf50, mode: 3, rs1_addr: 14, rs1_rdata: 00007130, rs2_addr: 12, rs2_rdata: 00000001, rd_addr: 28, rd_wdata: 00007130, mem_addr: 00007130, mem_rdata: 00000000, mem_wdata: 00000001
ClkCycle:       4369, pc_rdata: 000041fa, pc_wdata: 000041fe, insn: 0001cf50, mode: 3, rs1_addr:  0, rs1_rdata: 00000000, rs2_addr:  0, rs2_rdata: 00000000, rd_addr:  0, rd_wdata: 00000000, mem_addr: 00000000, mem_rdata: 00000000, mem_wdata: 00000000
ClkCycle:       4370, pc_rdata: 000041fe, pc_wdata: 00004200, insn: 97930010, mode: 3, rs1_addr:  0, rs1_rdata: 00000000, rs2_addr:  0, rs2_rdata: 00000000, rd_addr:  0, rd_wdata: 00000000, mem_addr: 00000000, mem_rdata: 00000000, mem_wdata: 00000000
ClkCycle:       4371, pc_rdata: 00004200, pc_wdata: 00004202, insn: 97930010, mode: 3, rs1_addr:  2, rs1_rdata: 0000001c, rs2_addr:  0, rs2_rdata: 00000000, rd_addr: 12, rd_wdata: 0000001c, mem_addr: 0000001c, mem_rdata: 00000000, mem_wdata: 00000000
ClkCycle:       4372, pc_rdata: 00004202, pc_wdata: 00004206, insn: 97930010, mode: 3, rs1_addr:  0, rs1_rdata: 00000000, rs2_addr:  0, rs2_rdata: 00000000, rd_addr:  0, rd_wdata: 00000000, mem_addr: 00000000, mem_rdata: 00000000, mem_wdata: 00000000
ClkCycle:       4373, pc_rdata: 00004206, pc_wdata: 0000420a, insn: 8693fff7, mode: 3, rs1_addr: 15, rs1_rdata: 00007118, rs2_addr: 31, rs2_rdata: 00000000, rd_addr: 15, rd_wdata: 00000000, mem_addr: 00000000, mem_rdata: 00000000, mem_wdata: 00000000
ClkCycle:       4374, pc_rdata: 0000420a, pc_wdata: 0000420e, insn: 8693fff7, mode: 3, rs1_addr:  0, rs1_rdata: 00000000, rs2_addr:  0, rs2_rdata: 00000000, rd_addr:  0, rd_wdata: 00000000, mem_addr: 00000000, mem_rdata: 00000000, mem_wdata: 00000000
ClkCycle:       4375, pc_rdata: 0000420e, pc_wdata: 00004212, insn: 86b30000, mode: 3, rs1_addr:  1, rs1_rdata: 00007118, rs2_addr:  0, rs2_rdata: 00000000, rd_addr: 13, rd_wdata: 00007118, mem_addr: 00007118, mem_rdata: 00000000, mem_wdata: 00000000
ClkCycle:       4376, pc_rdata: 00004212, pc_wdata: 00004216, insn: 86b30000, mode: 3, rs1_addr:  0, rs1_rdata: 00000000, rs2_addr:  0, rs2_rdata: 00000000, rd_addr:  0, rd_wdata: 00000000, mem_addr: 00000000, mem_rdata: 00000000, mem_wdata: 00000000
ClkCycle:       4377, pc_rdata: 00004216, pc_wdata: 0000421a, insn: 00010001, mode: 3, rs1_addr:  3, rs1_rdata: feffffbf, rs2_addr:  0, rs2_rdata: 00000000, rd_addr: 13, rd_wdata: feffffbf, mem_addr: feffffbf, mem_rdata: 00000000, mem_wdata: 00000000
ClkCycle:       4378, pc_rdata: 0000421a, pc_wdata: 0000421e, insn: 00010001, mode: 3, rs1_addr:  0, rs1_rdata: 00000000, rs2_addr:  0, rs2_rdata: 00000000, rd_addr:  0, rd_wdata: 00000000, mem_addr: 00000000, mem_rdata: 00000000, mem_wdata: 00000000
ClkCycle:       4379, pc_rdata: 0000421e, pc_wdata: 00004220, insn: 02808613, mode: 3, rs1_addr:  0, rs1_rdata: 00000000, rs2_addr:  0, rs2_rdata: 00000000, rd_addr:  0, rd_wdata: 00000000, mem_addr: 00000000, mem_rdata: 00000000, mem_wdata: 00000000
ClkCycle:       4380, pc_rdata: 00004220, pc_wdata: 00004224, insn: 02808613, mode: 3, rs1_addr:  1, rs1_rdata: 00007118, rs2_addr:  8, rs2_rdata: 00000000, rd_addr: 12, rd_wdata: 00007140, mem_addr: 00007140, mem_rdata: 00000000, mem_wdata: 00000000
ClkCycle:       4381, pc_rdata: 00004224, pc_wdata: 00004228, insn: 00c00113, mode: 3, rs1_addr:  0, rs1_rdata: 00000000, rs2_addr: 12, rs2_rdata: 0000001c, rd_addr:  2, rd_wdata: 0000000c, mem_addr: 0000000c, mem_rdata: 00000000, mem_wdata: 00007140
ClkCycle:       4382, pc_rdata: 00004228, pc_wdata: 0000422c, insn: 40260633, mode: 3, rs1_addr: 12, rs1_rdata: 0000001c, rs2_addr:  2, rs2_rdata: 0000001c, rd_addr: 12, rd_wdata: 00007134, mem_addr: 00007134, mem_rdata: 00000000, mem_wdata: 0000000c
0000000100007100
ClkCycle:       4383, pc_rdata: 0000422c, pc_wdata: 0000422e, insn: 0001c64c, mode: 3, rs1_addr: 12, rs1_rdata: 00007140, rs2_addr: 11, rs2_rdata: 00007100, rd_addr: 12, rd_wdata: 00007140, mem_addr: 00007140, mem_rdata: 00000000, mem_wdata: 00007100
ClkCycle:       4384, pc_rdata: 0000422e, pc_wdata: 00004232, insn: 0001c64c, mode: 3, rs1_addr:  0, rs1_rdata: 00000000, rs2_addr:  0, rs2_rdata: 00000000, rd_addr:  0, rd_wdata: 00000000, mem_addr: 00000000, mem_rdata: 00000000, mem_wdata: 00000000
ClkCycle:       4385, pc_rdata: 00004232, pc_wdata: 00004234, insn: 85130040, mode: 3, rs1_addr:  0, rs1_rdata: 00000000, rs2_addr:  0, rs2_rdata: 00000000, rd_addr:  0, rd_wdata: 00000000, mem_addr: 00000000, mem_rdata: 00000000, mem_wdata: 00000000
ClkCycle:       4386, pc_rdata: 00004234, pc_wdata: 00004236, insn: 85130040, mode: 3, rs1_addr:  2, rs1_rdata: 0000000c, rs2_addr:  4, rs2_rdata: 6dfdffff, rd_addr:  8, rd_wdata: 00000010, mem_addr: 00000010, mem_rdata: 00000000, mem_wdata: 6dfdffff
ClkCycle:       4387, pc_rdata: 00004236, pc_wdata: 0000423a, insn: 85130040, mode: 3, rs1_addr:  0, rs1_rdata: 00000000, rs2_addr:  0, rs2_rdata: 00000000, rd_addr:  0, rd_wdata: 00000000, mem_addr: 00000000, mem_rdata: 00000000, mem_wdata: 00000000
ClkCycle:       4388, pc_rdata: 0000423a, pc_wdata: 0000423e, insn: 053306c0, mode: 3, rs1_addr:  1, rs1_rdata: 00007118, rs2_addr: 12, rs2_rdata: 00007134, rd_addr: 10, rd_wdata: 00007184, mem_addr: 00007184, mem_rdata: 00000000, mem_wdata: 00007134
ClkCycle:       4389, pc_rdata: 0000423e, pc_wdata: 00004242, insn: 053306c0, mode: 3, rs1_addr:  0, rs1_rdata: 00000000, rs2_addr:  0, rs2_rdata: 00000000, rd_addr:  0, rd_wdata: 00000000, mem_addr: 00000000, mem_rdata: 00000000, mem_wdata: 00000000
ClkCycle:       4390, pc_rdata: 00004242, pc_wdata: 00004246, insn: 00010001, mode: 3, rs1_addr:  2, rs1_rdata: 0000000c, rs2_addr:  0, rs2_rdata: 00000000, rd_addr: 10, rd_wdata: 0000000c, mem_addr: 0000000c, mem_rdata: 00000000, mem_wdata: 00000000
ClkCycle:       4391, pc_rdata: 00004246, pc_wdata: 0000424a, insn: 00010001, mode: 3, rs1_addr:  0, rs1_rdata: 00000000, rs2_addr:  0, rs2_rdata: 00000000, rd_addr:  0, rd_wdata: 00000000, mem_addr: 00000000, mem_rdata: 00000000, mem_wdata: 00000000
ClkCycle:       4392, pc_rdata: 0000424a, pc_wdata: 0000424c, insn: 03808413, mode: 3, rs1_addr:  0, rs1_rdata: 00000000, rs2_addr:  0, rs2_rdata: 00000000, rd_addr:  0, rd_wdata: 00000000, mem_addr: 00000000, mem_rdata: 00000000, mem_wdata: 00000000
ClkCycle:       4393, pc_rdata: 0000424c, pc_wdata: 00004250, insn: 03808413, mode: 3, rs1_addr:  1, rs1_rdata: 00007118, rs2_addr: 24, rs2_rdata: 0000007d, rd_addr:  8, rd_wdata: 00007150, mem_addr: 00007150, mem_rdata: 00000000, mem_wdata: 0000007d
ClkCycle:       4394, pc_rdata: 00004250, pc_wdata: 00004254, insn: 00000113, mode: 3, rs1_addr:  0, rs1_rdata: 00000000, rs2_addr:  0, rs2_rdata: 00000000, rd_addr:  2, rd_wdata: 00000000, mem_addr: 00000000, mem_rdata: 00000000, mem_wdata: 00000000
ClkCycle:       4395, pc_rdata: 00004254, pc_wdata: 00004258, insn: 40240433, mode: 3, rs1_addr:  8, rs1_rdata: 00000010, rs2_addr:  2, rs2_rdata: 0000000c, rd_addr:  8, rd_wdata: 00007150, mem_addr: 00007150, mem_rdata: 00000000, mem_wdata: 00000000
00000000000000fe
ClkCycle:       4396, pc_rdata: 00004258, pc_wdata: 0000425a, insn: 0001c004, mode: 3, rs1_addr:  8, rs1_rdata: 00007150, rs2_addr:  9, rs2_rdata: 000000fe, rd_addr:  0, rd_wdata: 00007150, mem_addr: 00007150, mem_rdata: 00000000, mem_wdata: 000000fe
ClkCycle:       4397, pc_rdata: 0000425a, pc_wdata: 0000425e, insn: 0001c004, mode: 3, rs1_addr:  0, rs1_rdata: 00000000, rs2_addr:  0, rs2_rdata: 00000000, rd_addr:  0, rd_wdata: 00000000, mem_addr: 00000000, mem_rdata: 00000000, mem_wdata: 00000000
ClkCycle:       4398, pc_rdata: 0000425e, pc_wdata: 00004260, insn: 85130100, mode: 3, rs1_addr:  0, rs1_rdata: 00000000, rs2_addr:  0, rs2_rdata: 00000000, rd_addr:  0, rd_wdata: 00000000, mem_addr: 00000000, mem_rdata: 00000000, mem_wdata: 00000000
ClkCycle:       4399, pc_rdata: 00004260, pc_wdata: 00004262, insn: 85130100, mode: 3, rs1_addr:  2, rs1_rdata: 00000000, rs2_addr:  0, rs2_rdata: 00000000, rd_addr:  8, rd_wdata: 00000080, mem_addr: 00000080, mem_rdata: 00000000, mem_wdata: 00000000
ClkCycle:       4400, pc_rdata: 00004262, pc_wdata: 00004266, insn: 85130100, mode: 3, rs1_addr:  0, rs1_rdata: 00000000, rs2_addr:  0, rs2_rdata: 00000000, rd_addr:  0, rd_wdata: 00000000, mem_addr: 00000000, mem_rdata: 00000000, mem_wdata: 00000000
ClkCycle:       4401, pc_rdata: 00004266, pc_wdata: 0000426a, insn: 053300c0, mode: 3, rs1_addr:  1, rs1_rdata: 00007118, rs2_addr: 12, rs2_rdata: 00007134, rd_addr: 10, rd_wdata: 00007124, mem_addr: 00007124, mem_rdata: 00000000, mem_wdata: 00007134
ClkCycle:       4402, pc_rdata: 0000426a, pc_wdata: 0000426e, insn: 053300c0, mode: 3, rs1_addr:  0, rs1_rdata: 00000000, rs2_addr:  0, rs2_rdata: 00000000, rd_addr:  0, rd_wdata: 00000000, mem_addr: 00000000, mem_rdata: 00000000, mem_wdata: 00000000
ClkCycle:       4403, pc_rdata: 0000426e, pc_wdata: 00004272, insn: 00010001, mode: 3, rs1_addr:  2, rs1_rdata: 00000000, rs2_addr:  0, rs2_rdata: 00000000, rd_addr: 10, rd_wdata: 00000000, mem_addr: 00000000, mem_rdata: 00000000, mem_wdata: 00000000
ClkCycle:       4404, pc_rdata: 00004272, pc_wdata: 00004276, insn: 00010001, mode: 3, rs1_addr:  0, rs1_rdata: 00000000, rs2_addr:  0, rs2_rdata: 00000000, rd_addr:  0, rd_wdata: 00000000, mem_addr: 00000000, mem_rdata: 00000000, mem_wdata: 00000000
ClkCycle:       4405, pc_rdata: 00004276, pc_wdata: 00004278, insn: 04808513, mode: 3, rs1_addr:  0, rs1_rdata: 00000000, rs2_addr:  0, rs2_rdata: 00000000, rd_addr:  0, rd_wdata: 00000000, mem_addr: 00000000, mem_rdata: 00000000, mem_wdata: 00000000
ClkCycle:       4406, pc_rdata: 00004278, pc_wdata: 0000427c, insn: 04808513, mode: 3, rs1_addr:  1, rs1_rdata: 00007118, rs2_addr:  8, rs2_rdata: 00000080, rd_addr: 10, rd_wdata: 00007160, mem_addr: 00007160, mem_rdata: 00000000, mem_wdata: 00000080
ClkCycle:       4407, pc_rdata: 0000427c, pc_wdata: 00004280, insn: 07800113, mode: 3, rs1_addr:  0, rs1_rdata: 00000000, rs2_addr: 24, rs2_rdata: 0000007d, rd_addr:  2, rd_wdata: 00000078, mem_addr: 00000078, mem_rdata: 00000000, mem_wdata: 0000007d
ClkCycle:       4408, pc_rdata: 00004280, pc_wdata: 00004284, insn: 40250533, mode: 3, rs1_addr: 10, rs1_rdata: 00000000, rs2_addr:  2, rs2_rdata: 00000000, rd_addr: 10, rd_wdata: 000070e8, mem_addr: 000070e8, mem_rdata: 00000000, mem_wdata: 00000078
0000000100007100
ClkCycle:       4409, pc_rdata: 00004284, pc_wdata: 00004286, insn: 0001dd2c, mode: 3, rs1_addr: 10, rs1_rdata: 00007160, rs2_addr: 11, rs2_rdata: 00007100, rd_addr: 24, rd_wdata: 00007160, mem_addr: 00007160, mem_rdata: 00000000, mem_wdata: 00007100
ClkCycle:       4410, pc_rdata: 00004286, pc_wdata: 0000428a, insn: 0001dd2c, mode: 3, rs1_addr:  0, rs1_rdata: 00000000, rs2_addr:  0, rs2_rdata: 00000000, rd_addr:  0, rd_wdata: 00000000, mem_addr: 00000000, mem_rdata: 00000000, mem_wdata: 00000000
ClkCycle:       4411, pc_rdata: 0000428a, pc_wdata: 0000428c, insn: 85130400, mode: 3, rs1_addr:  0, rs1_rdata: 00000000, rs2_addr:  0, rs2_rdata: 00000000, rd_addr:  0, rd_wdata: 00000000, mem_addr: 00000000, mem_rdata: 00000000, mem_wdata: 00000000
ClkCycle:       4412, pc_rdata: 0000428c, pc_wdata: 0000428e, insn: 85130400, mode: 3, rs1_addr:  2, rs1_rdata: 00000078, rs2_addr:  0, rs2_rdata: 00000000, rd_addr:  8, rd_wdata: 00000278, mem_addr: 00000278, mem_rdata: 00000000, mem_wdata: 00000000
ClkCycle:       4413, pc_rdata: 0000428e, pc_wdata: 00004292, insn: 85130400, mode: 3, rs1_addr:  0, rs1_rdata: 00000000, rs2_addr:  0, rs2_rdata: 00000000, rd_addr:  0, rd_wdata: 00000000, mem_addr: 00000000, mem_rdata: 00000000, mem_wdata: 00000000
ClkCycle:       4414, pc_rdata: 00004292, pc_wdata: 00004296, insn: 053304c0, mode: 3, rs1_addr:  1, rs1_rdata: 00007118, rs2_addr: 12, rs2_rdata: 00007134, rd_addr: 10, rd_wdata: 00007164, mem_addr: 00007164, mem_rdata: 00000000, mem_wdata: 00007134
ClkCycle:       4415, pc_rdata: 00004296, pc_wdata: 0000429a, insn: 053304c0, mode: 3, rs1_addr:  0, rs1_rdata: 00000000, rs2_addr:  0, rs2_rdata: 00000000, rd_addr:  0, rd_wdata: 00000000, mem_addr: 00000000, mem_rdata: 00000000, mem_wdata: 00000000
ClkCycle:       4416, pc_rdata: 0000429a, pc_wdata: 0000429e, insn: 00010001, mode: 3, rs1_addr:  2, rs1_rdata: 00000078, rs2_addr:  0, rs2_rdata: 00000000, rd_addr: 10, rd_wdata: 00000078, mem_addr: 00000078, mem_rdata: 00000000, mem_wdata: 00000000
ClkCycle:       4417, pc_rdata: 0000429e, pc_wdata: 000042a2, insn: 00010001, mode: 3, rs1_addr:  0, rs1_rdata: 00000000, rs2_addr:  0, rs2_rdata: 00000000, rd_addr:  0, rd_wdata: 00000000, mem_addr: 00000000, mem_rdata: 00000000, mem_wdata: 00000000
ClkCycle:       4418, pc_rdata: 000042a2, pc_wdata: 000042a4, insn: 05808513, mode: 3, rs1_addr:  0, rs1_rdata: 00000000, rs2_addr:  0, rs2_rdata: 00000000, rd_addr:  0, rd_wdata: 00000000, mem_addr: 00000000, mem_rdata: 00000000, mem_wdata: 00000000
ClkCycle:       4419, pc_rdata: 000042a4, pc_wdata: 000042a8, insn: 05808513, mode: 3, rs1_addr:  1, rs1_rdata: 00007118, rs2_addr: 24, rs2_rdata: 0000007d, rd_addr: 10, rd_wdata: 00007170, mem_addr: 00007170, mem_rdata: 00000000, mem_wdata: 0000007d
ClkCycle:       4420, pc_rdata: 000042a8, pc_wdata: 000042ac, insn: 04000113, mode: 3, rs1_addr:  0, rs1_rdata: 00000000, rs2_addr:  0, rs2_rdata: 00000000, rd_addr:  2, rd_wdata: 00000040, mem_addr: 00000040, mem_rdata: 00000000, mem_wdata: 00000000
ClkCycle:       4421, pc_rdata: 000042ac, pc_wdata: 000042b0, insn: 40250533, mode: 3, rs1_addr: 10, rs1_rdata: 00000078, rs2_addr:  2, rs2_rdata: 00000078, rd_addr: 10, rd_wdata: 00007130, mem_addr: 00007130, mem_rdata: 00000000, mem_wdata: 00000040
0000000100007100
ClkCycle:       4422, pc_rdata: 000042b0, pc_wdata: 000042b2, insn: 0001c12c, mode: 3, rs1_addr: 10, rs1_rdata: 00007170, rs2_addr: 11, rs2_rdata: 00007100, rd_addr:  0, rd_wdata: 00007170, mem_addr: 00007170, mem_rdata: 00000000, mem_wdata: 00007100
ClkCycle:       4423, pc_rdata: 000042b2, pc_wdata: 000042b6, insn: 0001c12c, mode: 3, rs1_addr:  0, rs1_rdata: 00000000, rs2_addr:  0, rs2_rdata: 00000000, rd_addr:  0, rd_wdata: 00000000, mem_addr: 00000000, mem_rdata: 00000000, mem_wdata: 00000000
ClkCycle:       4424, pc_rdata: 000042b6, pc_wdata: 000042b8, insn: 85131000, mode: 3, rs1_addr:  0, rs1_rdata: 00000000, rs2_addr:  0, rs2_rdata: 00000000, rd_addr:  0, rd_wdata: 00000000, mem_addr: 00000000, mem_rdata: 00000000, mem_wdata: 00000000
ClkCycle:       4425, pc_rdata: 000042b8, pc_wdata: 000042ba, insn: 85131000, mode: 3, rs1_addr:  2, rs1_rdata: 00000040, rs2_addr:  0, rs2_rdata: 00000000, rd_addr:  8, rd_wdata: 00000060, mem_addr: 00000060, mem_rdata: 00000000, mem_wdata: 00000000
ClkCycle:       4426, pc_rdata: 000042ba, pc_wdata: 000042be, insn: 85131000, mode: 3, rs1_addr:  0, rs1_rdata: 00000000, rs2_addr:  0, rs2_rdata: 00000000, rd_addr:  0, rd_wdata: 00000000, mem_addr: 00000000, mem_rdata: 00000000, mem_wdata: 00000000
ClkCycle:       4427, pc_rdata: 000042be, pc_wdata: 000042c2, insn: 05330400, mode: 3, rs1_addr:  1, rs1_rdata: 00007118, rs2_addr:  0, rs2_rdata: 00000000, rd_addr: 10, rd_wdata: 00007158, mem_addr: 00007158, mem_rdata: 00000000, mem_wdata: 00000000
ClkCycle:       4428, pc_rdata: 000042c2, pc_wdata: 000042c6, insn: 05330400, mode: 3, rs1_addr:  0, rs1_rdata: 00000000, rs2_addr:  0, rs2_rdata: 00000000, rd_addr:  0, rd_wdata: 00000000, mem_addr: 00000000, mem_rdata: 00000000, mem_wdata: 00000000
ClkCycle:       4429, pc_rdata: 000042c6, pc_wdata: 000042ca, insn: 00010001, mode: 3, rs1_addr:  2, rs1_rdata: 00000040, rs2_addr:  0, rs2_rdata: 00000000, rd_addr: 10, rd_wdata: 00000040, mem_addr: 00000040, mem_rdata: 00000000, mem_wdata: 00000000
ClkCycle:       4430, pc_rdata: 000042ca, pc_wdata: 000042ce, insn: 00010001, mode: 3, rs1_addr:  0, rs1_rdata: 00000000, rs2_addr:  0, rs2_rdata: 00000000, rd_addr:  0, rd_wdata: 00000000, mem_addr: 00000000, mem_rdata: 00000000, mem_wdata: 00000000
ClkCycle:       4431, pc_rdata: 000042ce, pc_wdata: 000042d0, insn: 06808513, mode: 3, rs1_addr:  0, rs1_rdata: 00000000, rs2_addr:  0, rs2_rdata: 00000000, rd_addr:  0, rd_wdata: 00000000, mem_addr: 00000000, mem_rdata: 00000000, mem_wdata: 00000000
ClkCycle:       4432, pc_rdata: 000042d0, pc_wdata: 000042d4, insn: 06808513, mode: 3, rs1_addr:  1, rs1_rdata: 00007118, rs2_addr:  8, rs2_rdata: 00000060, rd_addr: 10, rd_wdata: 00007180, mem_addr: 00007180, mem_rdata: 00000000, mem_wdata: 00000060
ClkCycle:       4433, pc_rdata: 000042d4, pc_wdata: 000042d8, insn: 01000113, mode: 3, rs1_addr:  0, rs1_rdata: 00000000, rs2_addr: 16, rs2_rdata: 7d5bfddb, rd_addr:  2, rd_wdata: 00000010, mem_addr: 00000010, mem_rdata: 00000000, mem_wdata: 7d5bfddb
ClkCycle:       4434, pc_rdata: 000042d8, pc_wdata: 000042dc, insn: 40250533, mode: 3, rs1_addr: 10, rs1_rdata: 00000040, rs2_addr:  2, rs2_rdata: 00000040, rd_addr: 10, rd_wdata: 00007170, mem_addr: 00007170, mem_rdata: 00000000, mem_wdata: 00000010
0000000100007100
ClkCycle:       4435, pc_rdata: 000042dc, pc_wdata: 000042de, insn: 0001c90c, mode: 3, rs1_addr: 10, rs1_rdata: 00007180, rs2_addr: 11, rs2_rdata: 00007100, rd_addr: 16, rd_wdata: 00007180, mem_addr: 00007180, mem_rdata: 00000000, mem_wdata: 00007100
ClkCycle:       4436, pc_rdata: 000042de, pc_wdata: 000042e2, insn: 0001c90c, mode: 3, rs1_addr:  0, rs1_rdata: 00000000, rs2_addr:  0, rs2_rdata: 00000000, rd_addr:  0, rd_wdata: 00000000, mem_addr: 00000000, mem_rdata: 00000000, mem_wdata: 00000000
ClkCycle:       4437, pc_rdata: 000042e2, pc_wdata: 000042e4, insn: 85134000, mode: 3, rs1_addr:  0, rs1_rdata: 00000000, rs2_addr:  0, rs2_rdata: 00000000, rd_addr:  0, rd_wdata: 00000000, mem_addr: 00000000, mem_rdata: 00000000, mem_wdata: 00000000
ClkCycle:       4438, pc_rdata: 000042e4, pc_wdata: 000042e6, insn: 85134000, mode: 3, rs1_addr:  8, rs1_rdata: 00000060, rs2_addr:  0, rs2_rdata: 00000000, rd_addr:  8, rd_wdata: 00000000, mem_addr: 00000060, mem_rdata: 00000000, mem_wdata: 00000000
ClkCycle:       4439, pc_rdata: 000042e6, pc_wdata: 000042ea, insn: 85134000, mode: 3, rs1_addr:  0, rs1_rdata: 00000000, rs2_addr:  0, rs2_rdata: 00000000, rd_addr:  0, rd_wdata: 00000000, mem_addr: 00000000, mem_rdata: 00000000, mem_wdata: 00000000
ClkCycle:       4440, pc_rdata: 000042ea, pc_wdata: 000042ee, insn: 053306c0, mode: 3, rs1_addr:  1, rs1_rdata: 00007118, rs2_addr: 12, rs2_rdata: 00007134, rd_addr: 10, rd_wdata: 00007184, mem_addr: 00007184, mem_rdata: 00000000, mem_wdata: 00007134
ClkCycle:       4441, pc_rdata: 000042ee, pc_wdata: 000042f2, insn: 053306c0, mode: 3, rs1_addr:  0, rs1_rdata: 00000000, rs2_addr:  0, rs2_rdata: 00000000, rd_addr:  0, rd_wdata: 00000000, mem_addr: 00000000, mem_rdata: 00000000, mem_wdata: 00000000
ClkCycle:       4442, pc_rdata: 000042f2, pc_wdata: 000042f6, insn: 00010001, mode: 3, rs1_addr:  2, rs1_rdata: 00000010, rs2_addr:  0, rs2_rdata: 00000000, rd_addr: 10, rd_wdata: 00000010, mem_addr: 00000010, mem_rdata: 00000000, mem_wdata: 00000000
ClkCycle:       4443, pc_rdata: 000042f6, pc_wdata: 000042fa, insn: 00010001, mode: 3, rs1_addr:  0, rs1_rdata: 00000000, rs2_addr:  0, rs2_rdata: 00000000, rd_addr:  0, rd_wdata: 00000000, mem_addr: 00000000, mem_rdata: 00000000, mem_wdata: 00000000
ClkCycle:       4444, pc_rdata: 000042fa, pc_wdata: 000042fc, insn: 00b59593, mode: 3, rs1_addr:  0, rs1_rdata: 00000000, rs2_addr:  0, rs2_rdata: 00000000, rd_addr:  0, rd_wdata: 00000000, mem_addr: 00000000, mem_rdata: 00000000, mem_wdata: 00000000
ClkCycle:       4445, pc_rdata: 000042fc, pc_wdata: 00004300, insn: 00b59593, mode: 3, rs1_addr: 11, rs1_rdata: 00007100, rs2_addr: 11, rs2_rdata: 00007100, rd_addr: 11, rd_wdata: 03880000, mem_addr: 03880000, mem_rdata: 00000000, mem_wdata: 00007100
ClkCycle:       4446, pc_rdata: 00004300, pc_wdata: 00004304, insn: 07808513, mode: 3, rs1_addr:  1, rs1_rdata: 00007118, rs2_addr: 24, rs2_rdata: 0000007d, rd_addr: 10, rd_wdata: 00007190, mem_addr: 00007190, mem_rdata: 00000000, mem_wdata: 0000007d
ClkCycle:       4447, pc_rdata: 00004304, pc_wdata: 00004308, insn: 00800113, mode: 3, rs1_addr:  0, rs1_rdata: 00000000, rs2_addr:  8, rs2_rdata: 00000000, rd_addr:  2, rd_wdata: 00000008, mem_addr: 00000008, mem_rdata: 00000000, mem_wdata: 00000000
ClkCycle:       4448, pc_rdata: 00004308, pc_wdata: 0000430c, insn: 40250533, mode: 3, rs1_addr: 10, rs1_rdata: 00000010, rs2_addr:  2, rs2_rdata: 00000010, rd_addr: 10, rd_wdata: 00007188, mem_addr: 00007188, mem_rdata: 00000000, mem_wdata: 00000008
0000080003880000
ClkCycle:       4449, pc_rdata: 0000430c, pc_wdata: 0000430e, insn: 0001c50c, mode: 3, rs1_addr: 10, rs1_rdata: 00007190, rs2_addr: 11, rs2_rdata: 03880000, rd_addr:  8, rd_wdata: 00007190, mem_addr: 00007190, mem_rdata: 00000000, mem_wdata: 03880000
ClkCycle:       4450, pc_rdata: 0000430e, pc_wdata: 00004312, insn: 0001c50c, mode: 3, rs1_addr:  0, rs1_rdata: 00000000, rs2_addr:  0, rs2_rdata: 00000000, rd_addr:  0, rd_wdata: 00000000, mem_addr: 00000000, mem_rdata: 00000000, mem_wdata: 00000000
ClkCycle:       4451, pc_rdata: 00004312, pc_wdata: 00004314, insn: 95930010, mode: 3, rs1_addr:  0, rs1_rdata: 00000000, rs2_addr:  0, rs2_rdata: 00000000, rd_addr:  0, rd_wdata: 00000000, mem_addr: 00000000, mem_rdata: 00000000, mem_wdata: 00000000
ClkCycle:       4452, pc_rdata: 00004314, pc_wdata: 00004316, insn: 95930010, mode: 3, rs1_addr:  2, rs1_rdata: 00000008, rs2_addr:  0, rs2_rdata: 00000000, rd_addr: 12, rd_wdata: 00000008, mem_addr: 00000008, mem_rdata: 00000000, mem_wdata: 00000000
ClkCycle:       4453, pc_rdata: 00004316, pc_wdata: 0000431a, insn: 95930010, mode: 3, rs1_addr:  0, rs1_rdata: 00000000, rs2_addr:  0, rs2_rdata: 00000000, rd_addr:  0, rd_wdata: 00000000, mem_addr: 00000000, mem_rdata: 00000000, mem_wdata: 00000000
ClkCycle:       4454, pc_rdata: 0000431a, pc_wdata: 0000431e, insn: 01130800, mode: 3, rs1_addr:  1, rs1_rdata: 00007118, rs2_addr:  0, rs2_rdata: 00000000, rd_addr: 11, rd_wdata: 00007118, mem_addr: 00007118, mem_rdata: 00000000, mem_wdata: 00000000
ClkCycle:       4455, pc_rdata: 0000431e, pc_wdata: 00004322, insn: 01130800, mode: 3, rs1_addr:  0, rs1_rdata: 00000000, rs2_addr:  0, rs2_rdata: 00000000, rd_addr:  0, rd_wdata: 00000000, mem_addr: 00000000, mem_rdata: 00000000, mem_wdata: 00000000
ClkCycle:       4456, pc_rdata: 00004322, pc_wdata: 00004326, insn: d10c4025, mode: 3, rs1_addr: 10, rs1_rdata: 00007188, rs2_addr:  2, rs2_rdata: 00000008, rd_addr:  2, rd_wdata: 0000758a, mem_addr: 0000758a, mem_rdata: 00000000, mem_wdata: 00000008
ClkCycle:       4457, pc_rdata: 00004326, pc_wdata: 0000432a, insn: d10c4025, mode: 3, rs1_addr:  0, rs1_rdata: 00000000, rs2_addr:  0, rs2_rdata: 00000000, rd_addr:  0, rd_wdata: 00000000, mem_addr: 00000000, mem_rdata: 00000000, mem_wdata: 00000000
0000000100007118
ClkCycle:       4458, pc_rdata: 0000432a, pc_wdata: 0000432c, insn: 00100593, mode: 3, rs1_addr: 10, rs1_rdata: 00007188, rs2_addr: 11, rs2_rdata: 00007118, rd_addr:  0, rd_wdata: 000071a8, mem_addr: 000071a8, mem_rdata: 00000000, mem_wdata: 00007118
ClkCycle:       4459, pc_rdata: 0000432c, pc_wdata: 00004330, insn: 00100593, mode: 3, rs1_addr:  0, rs1_rdata: 00000000, rs2_addr:  1, rs2_rdata: 00007118, rd_addr: 11, rd_wdata: 00000001, mem_addr: 00000001, mem_rdata: 00000000, mem_wdata: 00007118
ClkCycle:       4460, pc_rdata: 00004330, pc_wdata: 00004334, insn: 00d59593, mode: 3, rs1_addr: 11, rs1_rdata: 00007118, rs2_addr: 13, rs2_rdata: feffffbf, rd_addr: 11, rd_wdata: 00002000, mem_addr: 00002000, mem_rdata: 00000000, mem_wdata: feffffbf
ClkCycle:       4461, pc_rdata: 00004334, pc_wdata: 00004338, insn: 08808513, mode: 3, rs1_addr:  1, rs1_rdata: 00007118, rs2_addr:  8, rs2_rdata: 00000000, rd_addr: 10, rd_wdata: 000071a0, mem_addr: 000071a0, mem_rdata: 00000000, mem_wdata: 00000000
ClkCycle:       4462, pc_rdata: 00004338, pc_wdata: 0000433c, insn: 05400113, mode: 3, rs1_addr:  0, rs1_rdata: 00000000, rs2_addr: 20, rs2_rdata: d5bfff6f, rd_addr:  2, rd_wdata: 00000054, mem_addr: 00000054, mem_rdata: 00000000, mem_wdata: d5bfff6f
ClkCycle:       4463, pc_rdata: 0000433c, pc_wdata: 00004340, insn: 40250533, mode: 3, rs1_addr: 10, rs1_rdata: 00007188, rs2_addr:  2, rs2_rdata: 0000758a, rd_addr: 10, rd_wdata: 0000714c, mem_addr: 0000714c, mem_rdata: 00000000, mem_wdata: 00000054
0000000000002000
ClkCycle:       4464, pc_rdata: 00004340, pc_wdata: 00004342, insn: 0001c96c, mode: 3, rs1_addr: 10, rs1_rdata: 000071a0, rs2_addr: 11, rs2_rdata: 00002000, rd_addr: 20, rd_wdata: 000071a0, mem_addr: 000071a0, mem_rdata: 00000000, mem_wdata: 00002000
ClkCycle:       4465, pc_rdata: 00004342, pc_wdata: 00004346, insn: 0001c96c, mode: 3, rs1_addr:  0, rs1_rdata: 00000000, rs2_addr:  0, rs2_rdata: 00000000, rd_addr:  0, rd_wdata: 00000000, mem_addr: 00000000, mem_rdata: 00000000, mem_wdata: 00000000
ClkCycle:       4466, pc_rdata: 00004346, pc_wdata: 00004348, insn: 95930010, mode: 3, rs1_addr:  0, rs1_rdata: 00000000, rs2_addr:  0, rs2_rdata: 00000000, rd_addr:  0, rd_wdata: 00000000, mem_addr: 00000000, mem_rdata: 00000000, mem_wdata: 00000000
ClkCycle:       4467, pc_rdata: 00004348, pc_wdata: 0000434a, insn: 95930010, mode: 3, rs1_addr:  2, rs1_rdata: 00000054, rs2_addr:  0, rs2_rdata: 00000000, rd_addr: 12, rd_wdata: 00000054, mem_addr: 00000054, mem_rdata: 00000000, mem_wdata: 00000000
ClkCycle:       4468, pc_rdata: 0000434a, pc_wdata: 0000434e, insn: 95930010, mode: 3, rs1_addr:  0, rs1_rdata: 00000000, rs2_addr:  0, rs2_rdata: 00000000, rd_addr:  0, rd_wdata: 00000000, mem_addr: 00000000, mem_rdata: 00000000, mem_wdata: 00000000
ClkCycle:       4469, pc_rdata: 0000434e, pc_wdata: 00004352, insn: 01130900, mode: 3, rs1_addr:  1, rs1_rdata: 00007118, rs2_addr: 16, rs2_rdata: 7d5bfddb, rd_addr: 11, rd_wdata: 71180000, mem_addr: 71180000, mem_rdata: 00000000, mem_wdata: 7d5bfddb
ClkCycle:       4470, pc_rdata: 00004352, pc_wdata: 00004356, insn: 01130900, mode: 3, rs1_addr:  0, rs1_rdata: 00000000, rs2_addr:  0, rs2_rdata: 00000000, rd_addr:  0, rd_wdata: 00000000, mem_addr: 00000000, mem_rdata: 00000000, mem_wdata: 00000000
ClkCycle:       4471, pc_rdata: 00004356, pc_wdata: 0000435a, insn: dd6c4025, mode: 3, rs1_addr: 10, rs1_rdata: 0000714c, rs2_addr:  2, rs2_rdata: 00000054, rd_addr:  2, rd_wdata: 0000754e, mem_addr: 0000754e, mem_rdata: 00000000, mem_wdata: 00000054
ClkCycle:       4472, pc_rdata: 0000435a, pc_wdata: 0000435e, insn: dd6c4025, mode: 3, rs1_addr:  0, rs1_rdata: 00000000, rs2_addr:  0, rs2_rdata: 00000000, rd_addr:  0, rd_wdata: 00000000, mem_addr: 00000000, mem_rdata: 00000000, mem_wdata: 00000000
0001000071180000
ClkCycle:       4473, pc_rdata: 0000435e, pc_wdata: 00004360, insn: 00100593, mode: 3, rs1_addr: 10, rs1_rdata: 0000714c, rs2_addr: 11, rs2_rdata: 71180000, rd_addr: 28, rd_wdata: 000071c8, mem_addr: 000071c8, mem_rdata: 00000000, mem_wdata: 71180000
ClkCycle:       4474, pc_rdata: 00004360, pc_wdata: 00004364, insn: 00100593, mode: 3, rs1_addr:  0, rs1_rdata: 00000000, rs2_addr:  1, rs2_rdata: 00007118, rd_addr: 11, rd_wdata: 00000001, mem_addr: 00000001, mem_rdata: 00000000, mem_wdata: 00007118
ClkCycle:       4475, pc_rdata: 00004364, pc_wdata: 00004368, insn: 00f59593, mode: 3, rs1_addr: 11, rs1_rdata: 71180000, rs2_addr: 15, rs2_rdata: 00000000, rd_addr: 11, rd_wdata: 00008000, mem_addr: 00008000, mem_rdata: 00000000, mem_wdata: 00000000
ClkCycle:       4476, pc_rdata: 00004368, pc_wdata: 0000436c, insn: 09808513, mode: 3, rs1_addr:  1, rs1_rdata: 00007118, rs2_addr: 24, rs2_rdata: 0000007d, rd_addr: 10, rd_wdata: 000071b0, mem_addr: 000071b0, mem_rdata: 00000000, mem_wdata: 0000007d
ClkCycle:       4477, pc_rdata: 0000436c, pc_wdata: 00004370, insn: 00800113, mode: 3, rs1_addr:  0, rs1_rdata: 00000000, rs2_addr:  8, rs2_rdata: 00000000, rd_addr:  2, rd_wdata: 00000008, mem_addr: 00000008, mem_rdata: 00000000, mem_wdata: 00000000
ClkCycle:       4478, pc_rdata: 00004370, pc_wdata: 00004374, insn: 40250533, mode: 3, rs1_addr: 10, rs1_rdata: 0000714c, rs2_addr:  2, rs2_rdata: 0000754e, rd_addr: 10, rd_wdata: 000071a8, mem_addr: 000071a8, mem_rdata: 00000000, mem_wdata: 00000008
0000000000008000
ClkCycle:       4479, pc_rdata: 00004374, pc_wdata: 00004376, insn: 0001c50c, mode: 3, rs1_addr: 10, rs1_rdata: 000071b0, rs2_addr: 11, rs2_rdata: 00008000, rd_addr:  8, rd_wdata: 000071b0, mem_addr: 000071b0, mem_rdata: 00000000, mem_wdata: 00008000
ClkCycle:       4480, pc_rdata: 00004376, pc_wdata: 0000437a, insn: 0001c50c, mode: 3, rs1_addr:  0, rs1_rdata: 00000000, rs2_addr:  0, rs2_rdata: 00000000, rd_addr:  0, rd_wdata: 00000000, mem_addr: 00000000, mem_rdata: 00000000, mem_wdata: 00000000
ClkCycle:       4481, pc_rdata: 0000437a, pc_wdata: 0000437c, insn: 95930010, mode: 3, rs1_addr:  0, rs1_rdata: 00000000, rs2_addr:  0, rs2_rdata: 00000000, rd_addr:  0, rd_wdata: 00000000, mem_addr: 00000000, mem_rdata: 00000000, mem_wdata: 00000000
ClkCycle:       4482, pc_rdata: 0000437c, pc_wdata: 0000437e, insn: 95930010, mode: 3, rs1_addr:  2, rs1_rdata: 00000008, rs2_addr:  0, rs2_rdata: 00000000, rd_addr: 12, rd_wdata: 00000008, mem_addr: 00000008, mem_rdata: 00000000, mem_wdata: 00000000
ClkCycle:       4483, pc_rdata: 0000437e, pc_wdata: 00004382, insn: 95930010, mode: 3, rs1_addr:  0, rs1_rdata: 00000000, rs2_addr:  0, rs2_rdata: 00000000, rd_addr:  0, rd_wdata: 00000000, mem_addr: 00000000, mem_rdata: 00000000, mem_wdata: 00000000
ClkCycle:       4484, pc_rdata: 00004382, pc_wdata: 00004386, insn: 01130a00, mode: 3, rs1_addr:  1, rs1_rdata: 00007118, rs2_addr:  0, rs2_rdata: 00000000, rd_addr: 11, rd_wdata: 00007118, mem_addr: 00007118, mem_rdata: 00000000, mem_wdata: 00000000
ClkCycle:       4485, pc_rdata: 00004386, pc_wdata: 0000438a, insn: 01130a00, mode: 3, rs1_addr:  0, rs1_rdata: 00000000, rs2_addr:  0, rs2_rdata: 00000000, rd_addr:  0, rd_wdata: 00000000, mem_addr: 00000000, mem_rdata: 00000000, mem_wdata: 00000000
ClkCycle:       4486, pc_rdata: 0000438a, pc_wdata: 0000438e, insn: c90c4025, mode: 3, rs1_addr: 10, rs1_rdata: 000071a8, rs2_addr:  2, rs2_rdata: 00000008, rd_addr:  2, rd_wdata: 000075aa, mem_addr: 000075aa, mem_rdata: 00000000, mem_wdata: 00000008
ClkCycle:       4487, pc_rdata: 0000438e, pc_wdata: 00004392, insn: c90c4025, mode: 3, rs1_addr:  0, rs1_rdata: 00000000, rs2_addr:  0, rs2_rdata: 00000000, rd_addr:  0, rd_wdata: 00000000, mem_addr: 00000000, mem_rdata: 00000000, mem_wdata: 00000000
0000000100007118
ClkCycle:       4488, pc_rdata: 00004392, pc_wdata: 00004394, insn: 00100593, mode: 3, rs1_addr: 10, rs1_rdata: 000071a8, rs2_addr: 11, rs2_rdata: 00007118, rd_addr: 16, rd_wdata: 000071b8, mem_addr: 000071b8, mem_rdata: 00000000, mem_wdata: 00007118
ClkCycle:       4489, pc_rdata: 00004394, pc_wdata: 00004398, insn: 00100593, mode: 3, rs1_addr:  0, rs1_rdata: 00000000, rs2_addr:  1, rs2_rdata: 00007118, rd_addr: 11, rd_wdata: 00000001, mem_addr: 00000001, mem_rdata: 00000000, mem_wdata: 00007118
ClkCycle:       4490, pc_rdata: 00004398, pc_wdata: 0000439c, insn: 01159593, mode: 3, rs1_addr: 11, rs1_rdata: 00007118, rs2_addr: 17, rs2_rdata: edffffff, rd_addr: 11, rd_wdata: 00020000, mem_addr: 00020000, mem_rdata: 00000000, mem_wdata: edffffff
ClkCycle:       4491, pc_rdata: 0000439c, pc_wdata: 000043a0, insn: 0a808513, mode: 3, rs1_addr:  1, rs1_rdata: 00007118, rs2_addr:  8, rs2_rdata: 00000000, rd_addr: 10, rd_wdata: 000071c0, mem_addr: 000071c0, mem_rdata: 00000000, mem_wdata: 00000000
ClkCycle:       4492, pc_rdata: 000043a0, pc_wdata: 000043a4, insn: 00400113, mode: 3, rs1_addr:  0, rs1_rdata: 00000000, rs2_addr:  4, rs2_rdata: 6dfdffff, rd_addr:  2, rd_wdata: 00000004, mem_addr: 00000004, mem_rdata: 00000000, mem_wdata: 6dfdffff
ClkCycle:       4493, pc_rdata: 000043a4, pc_wdata: 000043a8, insn: 40250533, mode: 3, rs1_addr: 10, rs1_rdata: 000071a8, rs2_addr:  2, rs2_rdata: 000075aa, rd_addr: 10, rd_wdata: 000071bc, mem_addr: 000071bc, mem_rdata: 00000000, mem_wdata: 00000004
0000000000020000
ClkCycle:       4494, pc_rdata: 000043a8, pc_wdata: 000043aa, insn: 0001c14c, mode: 3, rs1_addr: 10, rs1_rdata: 000071c0, rs2_addr: 11, rs2_rdata: 00020000, rd_addr:  4, rd_wdata: 000071c0, mem_addr: 000071c0, mem_rdata: 00000000, mem_wdata: 00020000
ClkCycle:       4495, pc_rdata: 000043aa, pc_wdata: 000043ae, insn: 0001c14c, mode: 3, rs1_addr:  0, rs1_rdata: 00000000, rs2_addr:  0, rs2_rdata: 00000000, rd_addr:  0, rd_wdata: 00000000, mem_addr: 00000000, mem_rdata: 00000000, mem_wdata: 00000000
ClkCycle:       4496, pc_rdata: 000043ae, pc_wdata: 000043b0, insn: 95930010, mode: 3, rs1_addr:  0, rs1_rdata: 00000000, rs2_addr:  0, rs2_rdata: 00000000, rd_addr:  0, rd_wdata: 00000000, mem_addr: 00000000, mem_rdata: 00000000, mem_wdata: 00000000
ClkCycle:       4497, pc_rdata: 000043b0, pc_wdata: 000043b2, insn: 95930010, mode: 3, rs1_addr:  2, rs1_rdata: 00000004, rs2_addr:  0, rs2_rdata: 00000000, rd_addr: 12, rd_wdata: 00000004, mem_addr: 00000004, mem_rdata: 00000000, mem_wdata: 00000000
ClkCycle:       4498, pc_rdata: 000043b2, pc_wdata: 000043b6, insn: 95930010, mode: 3, rs1_addr:  0, rs1_rdata: 00000000, rs2_addr:  0, rs2_rdata: 00000000, rd_addr:  0, rd_wdata: 00000000, mem_addr: 00000000, mem_rdata: 00000000, mem_wdata: 00000000
ClkCycle:       4499, pc_rdata: 000043b6, pc_wdata: 000043ba, insn: 01130b00, mode: 3, rs1_addr:  1, rs1_rdata: 00007118, rs2_addr: 16, rs2_rdata: 7d5bfddb, rd_addr: 11, rd_wdata: 71180000, mem_addr: 71180000, mem_rdata: 00000000, mem_wdata: 7d5bfddb
ClkCycle:       4500, pc_rdata: 000043ba, pc_wdata: 000043be, insn: 01130b00, mode: 3, rs1_addr:  0, rs1_rdata: 00000000, rs2_addr:  0, rs2_rdata: 00000000, rd_addr:  0, rd_wdata: 00000000, mem_addr: 00000000, mem_rdata: 00000000, mem_wdata: 00000000
ClkCycle:       4501, pc_rdata: 000043be, pc_wdata: 000043c2, insn: d90c4025, mode: 3, rs1_addr: 10, rs1_rdata: 000071bc, rs2_addr:  2, rs2_rdata: 00000004, rd_addr:  2, rd_wdata: 000075be, mem_addr: 000075be, mem_rdata: 00000000, mem_wdata: 00000004
ClkCycle:       4502, pc_rdata: 000043c2, pc_wdata: 000043c6, insn: d90c4025, mode: 3, rs1_addr:  0, rs1_rdata: 00000000, rs2_addr:  0, rs2_rdata: 00000000, rd_addr:  0, rd_wdata: 00000000, mem_addr: 00000000, mem_rdata: 00000000, mem_wdata: 00000000
0001000071180000
ClkCycle:       4503, pc_rdata: 000043c6, pc_wdata: 000043c8, insn: 00100593, mode: 3, rs1_addr: 10, rs1_rdata: 000071bc, rs2_addr: 11, rs2_rdata: 71180000, rd_addr: 16, rd_wdata: 000071ec, mem_addr: 000071ec, mem_rdata: 00000000, mem_wdata: 71180000
ClkCycle:       4504, pc_rdata: 000043c8, pc_wdata: 000043cc, insn: 00100593, mode: 3, rs1_addr:  0, rs1_rdata: 00000000, rs2_addr:  1, rs2_rdata: 00007118, rd_addr: 11, rd_wdata: 00000001, mem_addr: 00000001, mem_rdata: 00000000, mem_wdata: 00007118
ClkCycle:       4505, pc_rdata: 000043cc, pc_wdata: 000043d0, insn: 01359593, mode: 3, rs1_addr: 11, rs1_rdata: 71180000, rs2_addr: 19, rs2_rdata: dfffb7ff, rd_addr: 11, rd_wdata: 00080000, mem_addr: 00080000, mem_rdata: 00000000, mem_wdata: dfffb7ff
ClkCycle:       4506, pc_rdata: 000043d0, pc_wdata: 000043d4, insn: 0b808513, mode: 3, rs1_addr:  1, rs1_rdata: 00007118, rs2_addr: 24, rs2_rdata: 0000007d, rd_addr: 10, rd_wdata: 000071d0, mem_addr: 000071d0, mem_rdata: 00000000, mem_wdata: 0000007d
ClkCycle:       4507, pc_rdata: 000043d4, pc_wdata: 000043d8, insn: 03c00113, mode: 3, rs1_addr:  0, rs1_rdata: 00000000, rs2_addr: 28, rs2_rdata: 00000000, rd_addr:  2, rd_wdata: 0000003c, mem_addr: 0000003c, mem_rdata: 00000000, mem_wdata: 00000000
ClkCycle:       4508, pc_rdata: 000043d8, pc_wdata: 000043dc, insn: 40250533, mode: 3, rs1_addr: 10, rs1_rdata: 000071bc, rs2_addr:  2, rs2_rdata: 000075be, rd_addr: 10, rd_wdata: 00007194, mem_addr: 00007194, mem_rdata: 00000000, mem_wdata: 0000003c
0000000000080000
ClkCycle:       4509, pc_rdata: 000043dc, pc_wdata: 000043de, insn: 0001dd4c, mode: 3, rs1_addr: 10, rs1_rdata: 000071d0, rs2_addr: 11, rs2_rdata: 00080000, rd_addr: 28, rd_wdata: 000071d0, mem_addr: 000071d0, mem_rdata: 00000000, mem_wdata: 00080000
ClkCycle:       4510, pc_rdata: 000043de, pc_wdata: 000043e2, insn: 0001dd4c, mode: 3, rs1_addr:  0, rs1_rdata: 00000000, rs2_addr:  0, rs2_rdata: 00000000, rd_addr:  0, rd_wdata: 00000000, mem_addr: 00000000, mem_rdata: 00000000, mem_wdata: 00000000
ClkCycle:       4511, pc_rdata: 000043e2, pc_wdata: 000043e4, insn: 95930010, mode: 3, rs1_addr:  0, rs1_rdata: 00000000, rs2_addr:  0, rs2_rdata: 00000000, rd_addr:  0, rd_wdata: 00000000, mem_addr: 00000000, mem_rdata: 00000000, mem_wdata: 00000000
ClkCycle:       4512, pc_rdata: 000043e4, pc_wdata: 000043e6, insn: 95930010, mode: 3, rs1_addr:  2, rs1_rdata: 0000003c, rs2_addr:  0, rs2_rdata: 00000000, rd_addr: 12, rd_wdata: 0000003c, mem_addr: 0000003c, mem_rdata: 00000000, mem_wdata: 00000000
ClkCycle:       4513, pc_rdata: 000043e6, pc_wdata: 000043ea, insn: 95930010, mode: 3, rs1_addr:  0, rs1_rdata: 00000000, rs2_addr:  0, rs2_rdata: 00000000, rd_addr:  0, rd_wdata: 00000000, mem_addr: 00000000, mem_rdata: 00000000, mem_wdata: 00000000
ClkCycle:       4514, pc_rdata: 000043ea, pc_wdata: 000043ee, insn: 01130c00, mode: 3, rs1_addr:  1, rs1_rdata: 00007118, rs2_addr:  0, rs2_rdata: 00000000, rd_addr: 11, rd_wdata: 00007118, mem_addr: 00007118, mem_rdata: 00000000, mem_wdata: 00000000
ClkCycle:       4515, pc_rdata: 000043ee, pc_wdata: 000043f2, insn: 01130c00, mode: 3, rs1_addr:  0, rs1_rdata: 00000000, rs2_addr:  0, rs2_rdata: 00000000, rd_addr:  0, rd_wdata: 00000000, mem_addr: 00000000, mem_rdata: 00000000, mem_wdata: 00000000
ClkCycle:       4516, pc_rdata: 000043f2, pc_wdata: 000043f6, insn: cd4c4025, mode: 3, rs1_addr: 10, rs1_rdata: 00007194, rs2_addr:  2, rs2_rdata: 0000003c, rd_addr:  2, rd_wdata: 00007596, mem_addr: 00007596, mem_rdata: 00000000, mem_wdata: 0000003c
ClkCycle:       4517, pc_rdata: 000043f6, pc_wdata: 000043fa, insn: cd4c4025, mode: 3, rs1_addr:  0, rs1_rdata: 00000000, rs2_addr:  0, rs2_rdata: 00000000, rd_addr:  0, rd_wdata: 00000000, mem_addr: 00000000, mem_rdata: 00000000, mem_wdata: 00000000
0000000100007118
ClkCycle:       4518, pc_rdata: 000043fa, pc_wdata: 000043fc, insn: 00100593, mode: 3, rs1_addr: 10, rs1_rdata: 00007194, rs2_addr: 11, rs2_rdata: 00007118, rd_addr: 28, rd_wdata: 000071b0, mem_addr: 000071b0, mem_rdata: 00000000, mem_wdata: 00007118
ClkCycle:       4519, pc_rdata: 000043fc, pc_wdata: 00004400, insn: 00100593, mode: 3, rs1_addr:  0, rs1_rdata: 00000000, rs2_addr:  1, rs2_rdata: 00007118, rd_addr: 11, rd_wdata: 00000001, mem_addr: 00000001, mem_rdata: 00000000, mem_wdata: 00007118
ClkCycle:       4520, pc_rdata: 00004400, pc_wdata: 00004404, insn: 01559593, mode: 3, rs1_addr: 11, rs1_rdata: 00007118, rs2_addr: 21, rs2_rdata: 0fab7ffe, rd_addr: 11, rd_wdata: 00200000, mem_addr: 00200000, mem_rdata: 00000000, mem_wdata: 0fab7ffe
ClkCycle:       4521, pc_rdata: 00004404, pc_wdata: 00004408, insn: 0c808513, mode: 3, rs1_addr:  1, rs1_rdata: 00007118, rs2_addr:  8, rs2_rdata: 00000000, rd_addr: 10, rd_wdata: 000071e0, mem_addr: 000071e0, mem_rdata: 00000000, mem_wdata: 00000000
ClkCycle:       4522, pc_rdata: 00004408, pc_wdata: 0000440c, insn: 03400113, mode: 3, rs1_addr:  0, rs1_rdata: 00000000, rs2_addr: 20, rs2_rdata: d5bfff6f, rd_addr:  2, rd_wdata: 00000034, mem_addr: 00000034, mem_rdata: 00000000, mem_wdata: d5bfff6f
ClkCycle:       4523, pc_rdata: 0000440c, pc_wdata: 00004410, insn: 40250533, mode: 3, rs1_addr: 10, rs1_rdata: 00007194, rs2_addr:  2, rs2_rdata: 00007596, rd_addr: 10, rd_wdata: 000071ac, mem_addr: 000071ac, mem_rdata: 00000000, mem_wdata: 00000034
0000000000200000
ClkCycle:       4524, pc_rdata: 00004410, pc_wdata: 00004412, insn: 0001d94c, mode: 3, rs1_addr: 10, rs1_rdata: 000071e0, rs2_addr: 11, rs2_rdata: 00200000, rd_addr: 20, rd_wdata: 000071e0, mem_addr: 000071e0, mem_rdata: 00000000, mem_wdata: 00200000
ClkCycle:       4525, pc_rdata: 00004412, pc_wdata: 00004416, insn: 0001d94c, mode: 3, rs1_addr:  0, rs1_rdata: 00000000, rs2_addr:  0, rs2_rdata: 00000000, rd_addr:  0, rd_wdata: 00000000, mem_addr: 00000000, mem_rdata: 00000000, mem_wdata: 00000000
ClkCycle:       4526, pc_rdata: 00004416, pc_wdata: 00004418, insn: 95930010, mode: 3, rs1_addr:  0, rs1_rdata: 00000000, rs2_addr:  0, rs2_rdata: 00000000, rd_addr:  0, rd_wdata: 00000000, mem_addr: 00000000, mem_rdata: 00000000, mem_wdata: 00000000
ClkCycle:       4527, pc_rdata: 00004418, pc_wdata: 0000441a, insn: 95930010, mode: 3, rs1_addr:  2, rs1_rdata: 00000034, rs2_addr:  0, rs2_rdata: 00000000, rd_addr: 12, rd_wdata: 00000034, mem_addr: 00000034, mem_rdata: 00000000, mem_wdata: 00000000
ClkCycle:       4528, pc_rdata: 0000441a, pc_wdata: 0000441e, insn: 95930010, mode: 3, rs1_addr:  0, rs1_rdata: 00000000, rs2_addr:  0, rs2_rdata: 00000000, rd_addr:  0, rd_wdata: 00000000, mem_addr: 00000000, mem_rdata: 00000000, mem_wdata: 00000000
ClkCycle:       4529, pc_rdata: 0000441e, pc_wdata: 00004422, insn: 01130d00, mode: 3, rs1_addr:  1, rs1_rdata: 00007118, rs2_addr: 16, rs2_rdata: 7d5bfddb, rd_addr: 11, rd_wdata: 71180000, mem_addr: 71180000, mem_rdata: 00000000, mem_wdata: 7d5bfddb
ClkCycle:       4530, pc_rdata: 00004422, pc_wdata: 00004426, insn: 01130d00, mode: 3, rs1_addr:  0, rs1_rdata: 00000000, rs2_addr:  0, rs2_rdata: 00000000, rd_addr:  0, rd_wdata: 00000000, mem_addr: 00000000, mem_rdata: 00000000, mem_wdata: 00000000
ClkCycle:       4531, pc_rdata: 00004426, pc_wdata: 0000442a, insn: dd2c4025, mode: 3, rs1_addr: 10, rs1_rdata: 000071ac, rs2_addr:  2, rs2_rdata: 00000034, rd_addr:  2, rd_wdata: 000075ae, mem_addr: 000075ae, mem_rdata: 00000000, mem_wdata: 00000034
ClkCycle:       4532, pc_rdata: 0000442a, pc_wdata: 0000442e, insn: dd2c4025, mode: 3, rs1_addr:  0, rs1_rdata: 00000000, rs2_addr:  0, rs2_rdata: 00000000, rd_addr:  0, rd_wdata: 00000000, mem_addr: 00000000, mem_rdata: 00000000, mem_wdata: 00000000
0001000071180000
ClkCycle:       4533, pc_rdata: 0000442e, pc_wdata: 00004430, insn: 00100593, mode: 3, rs1_addr: 10, rs1_rdata: 000071ac, rs2_addr: 11, rs2_rdata: 71180000, rd_addr: 24, rd_wdata: 00007224, mem_addr: 00007224, mem_rdata: 00000000, mem_wdata: 71180000
ClkCycle:       4534, pc_rdata: 00004430, pc_wdata: 00004434, insn: 00100593, mode: 3, rs1_addr:  0, rs1_rdata: 00000000, rs2_addr:  1, rs2_rdata: 00007118, rd_addr: 11, rd_wdata: 00000001, mem_addr: 00000001, mem_rdata: 00000000, mem_wdata: 00007118
ClkCycle:       4535, pc_rdata: 00004434, pc_wdata: 00004438, insn: 01759593, mode: 3, rs1_addr: 11, rs1_rdata: 71180000, rs2_addr: 23, rs2_rdata: 00003ead, rd_addr: 11, rd_wdata: 00800000, mem_addr: 00800000, mem_rdata: 00000000, mem_wdata: 00003ead
ClkCycle:       4536, pc_rdata: 00004438, pc_wdata: 0000443c, insn: 0d808513, mode: 3, rs1_addr:  1, rs1_rdata: 00007118, rs2_addr: 24, rs2_rdata: 0000007d, rd_addr: 10, rd_wdata: 000071f0, mem_addr: 000071f0, mem_rdata: 00000000, mem_wdata: 0000007d
ClkCycle:       4537, pc_rdata: 0000443c, pc_wdata: 00004440, insn: 01800113, mode: 3, rs1_addr:  0, rs1_rdata: 00000000, rs2_addr: 24, rs2_rdata: 0000007d, rd_addr:  2, rd_wdata: 00000018, mem_addr: 00000018, mem_rdata: 00000000, mem_wdata: 0000007d
ClkCycle:       4538, pc_rdata: 00004440, pc_wdata: 00004444, insn: 40250533, mode: 3, rs1_addr: 10, rs1_rdata: 000071ac, rs2_addr:  2, rs2_rdata: 000075ae, rd_addr: 10, rd_wdata: 000071d8, mem_addr: 000071d8, mem_rdata: 00000000, mem_wdata: 00000018
0000000000800000
ClkCycle:       4539, pc_rdata: 00004444, pc_wdata: 00004446, insn: 0001cd0c, mode: 3, rs1_addr: 10, rs1_rdata: 000071f0, rs2_addr: 11, rs2_rdata: 00800000, rd_addr: 24, rd_wdata: 000071f0, mem_addr: 000071f0, mem_rdata: 00000000, mem_wdata: 00800000
ClkCycle:       4540, pc_rdata: 00004446, pc_wdata: 0000444a, insn: 0001cd0c, mode: 3, rs1_addr:  0, rs1_rdata: 00000000, rs2_addr:  0, rs2_rdata: 00000000, rd_addr:  0, rd_wdata: 00000000, mem_addr: 00000000, mem_rdata: 00000000, mem_wdata: 00000000
ClkCycle:       4541, pc_rdata: 0000444a, pc_wdata: 0000444c, insn: 95930010, mode: 3, rs1_addr:  0, rs1_rdata: 00000000, rs2_addr:  0, rs2_rdata: 00000000, rd_addr:  0, rd_wdata: 00000000, mem_addr: 00000000, mem_rdata: 00000000, mem_wdata: 00000000
ClkCycle:       4542, pc_rdata: 0000444c, pc_wdata: 0000444e, insn: 95930010, mode: 3, rs1_addr:  2, rs1_rdata: 00000018, rs2_addr:  0, rs2_rdata: 00000000, rd_addr: 12, rd_wdata: 00000018, mem_addr: 00000018, mem_rdata: 00000000, mem_wdata: 00000000
ClkCycle:       4543, pc_rdata: 0000444e, pc_wdata: 00004452, insn: 95930010, mode: 3, rs1_addr:  0, rs1_rdata: 00000000, rs2_addr:  0, rs2_rdata: 00000000, rd_addr:  0, rd_wdata: 00000000, mem_addr: 00000000, mem_rdata: 00000000, mem_wdata: 00000000
ClkCycle:       4544, pc_rdata: 00004452, pc_wdata: 00004456, insn: 01130e00, mode: 3, rs1_addr:  1, rs1_rdata: 00007118, rs2_addr:  0, rs2_rdata: 00000000, rd_addr: 11, rd_wdata: 00007118, mem_addr: 00007118, mem_rdata: 00000000, mem_wdata: 00000000
ClkCycle:       4545, pc_rdata: 00004456, pc_wdata: 0000445a, insn: 01130e00, mode: 3, rs1_addr:  0, rs1_rdata: 00000000, rs2_addr:  0, rs2_rdata: 00000000, rd_addr:  0, rd_wdata: 00000000, mem_addr: 00000000, mem_rdata: 00000000, mem_wdata: 00000000
ClkCycle:       4546, pc_rdata: 0000445a, pc_wdata: 0000445e, insn: cd4c4025, mode: 3, rs1_addr: 10, rs1_rdata: 000071d8, rs2_addr:  2, rs2_rdata: 00000018, rd_addr:  2, rd_wdata: 000075da, mem_addr: 000075da, mem_rdata: 00000000, mem_wdata: 00000018
ClkCycle:       4547, pc_rdata: 0000445e, pc_wdata: 00004462, insn: cd4c4025, mode: 3, rs1_addr:  0, rs1_rdata: 00000000, rs2_addr:  0, rs2_rdata: 00000000, rd_addr:  0, rd_wdata: 00000000, mem_addr: 00000000, mem_rdata: 00000000, mem_wdata: 00000000
0000000100007118
ClkCycle:       4548, pc_rdata: 00004462, pc_wdata: 00004464, insn: 00100593, mode: 3, rs1_addr: 10, rs1_rdata: 000071d8, rs2_addr: 11, rs2_rdata: 00007118, rd_addr: 28, rd_wdata: 000071f4, mem_addr: 000071f4, mem_rdata: 00000000, mem_wdata: 00007118
ClkCycle:       4549, pc_rdata: 00004464, pc_wdata: 00004468, insn: 00100593, mode: 3, rs1_addr:  0, rs1_rdata: 00000000, rs2_addr:  1, rs2_rdata: 00007118, rd_addr: 11, rd_wdata: 00000001, mem_addr: 00000001, mem_rdata: 00000000, mem_wdata: 00007118
ClkCycle:       4550, pc_rdata: 00004468, pc_wdata: 0000446c, insn: 01959593, mode: 3, rs1_addr: 11, rs1_rdata: 00007118, rs2_addr: 25, rs2_rdata: 00000000, rd_addr: 11, rd_wdata: 02000000, mem_addr: 02000000, mem_rdata: 00000000, mem_wdata: 00000000
ClkCycle:       4551, pc_rdata: 0000446c, pc_wdata: 00004470, insn: 0e808513, mode: 3, rs1_addr:  1, rs1_rdata: 00007118, rs2_addr:  8, rs2_rdata: 00000000, rd_addr: 10, rd_wdata: 00007200, mem_addr: 00007200, mem_rdata: 00000000, mem_wdata: 00000000
ClkCycle:       4552, pc_rdata: 00004470, pc_wdata: 00004474, insn: 03c00113, mode: 3, rs1_addr:  0, rs1_rdata: 00000000, rs2_addr: 28, rs2_rdata: 00000000, rd_addr:  2, rd_wdata: 0000003c, mem_addr: 0000003c, mem_rdata: 00000000, mem_wdata: 00000000
ClkCycle:       4553, pc_rdata: 00004474, pc_wdata: 00004478, insn: 40250533, mode: 3, rs1_addr: 10, rs1_rdata: 000071d8, rs2_addr:  2, rs2_rdata: 000075da, rd_addr: 10, rd_wdata: 000071c4, mem_addr: 000071c4, mem_rdata: 00000000, mem_wdata: 0000003c
0000000002000000
ClkCycle:       4554, pc_rdata: 00004478, pc_wdata: 0000447a, insn: 0001dd4c, mode: 3, rs1_addr: 10, rs1_rdata: 00007200, rs2_addr: 11, rs2_rdata: 02000000, rd_addr: 28, rd_wdata: 00007200, mem_addr: 00007200, mem_rdata: 00000000, mem_wdata: 02000000
ClkCycle:       4555, pc_rdata: 0000447a, pc_wdata: 0000447e, insn: 0001dd4c, mode: 3, rs1_addr:  0, rs1_rdata: 00000000, rs2_addr:  0, rs2_rdata: 00000000, rd_addr:  0, rd_wdata: 00000000, mem_addr: 00000000, mem_rdata: 00000000, mem_wdata: 00000000
ClkCycle:       4556, pc_rdata: 0000447e, pc_wdata: 00004480, insn: 95930010, mode: 3, rs1_addr:  0, rs1_rdata: 00000000, rs2_addr:  0, rs2_rdata: 00000000, rd_addr:  0, rd_wdata: 00000000, mem_addr: 00000000, mem_rdata: 00000000, mem_wdata: 00000000
ClkCycle:       4557, pc_rdata: 00004480, pc_wdata: 00004482, insn: 95930010, mode: 3, rs1_addr:  2, rs1_rdata: 0000003c, rs2_addr:  0, rs2_rdata: 00000000, rd_addr: 12, rd_wdata: 0000003c, mem_addr: 0000003c, mem_rdata: 00000000, mem_wdata: 00000000
ClkCycle:       4558, pc_rdata: 00004482, pc_wdata: 00004486, insn: 95930010, mode: 3, rs1_addr:  0, rs1_rdata: 00000000, rs2_addr:  0, rs2_rdata: 00000000, rd_addr:  0, rd_wdata: 00000000, mem_addr: 00000000, mem_rdata: 00000000, mem_wdata: 00000000
ClkCycle:       4559, pc_rdata: 00004486, pc_wdata: 0000448a, insn: 01130f00, mode: 3, rs1_addr:  1, rs1_rdata: 00007118, rs2_addr: 16, rs2_rdata: 7d5bfddb, rd_addr: 11, rd_wdata: 71180000, mem_addr: 71180000, mem_rdata: 00000000, mem_wdata: 7d5bfddb
ClkCycle:       4560, pc_rdata: 0000448a, pc_wdata: 0000448e, insn: 01130f00, mode: 3, rs1_addr:  0, rs1_rdata: 00000000, rs2_addr:  0, rs2_rdata: 00000000, rd_addr:  0, rd_wdata: 00000000, mem_addr: 00000000, mem_rdata: 00000000, mem_wdata: 00000000
ClkCycle:       4561, pc_rdata: 0000448e, pc_wdata: 00004492, insn: cd6c4025, mode: 3, rs1_addr: 10, rs1_rdata: 000071c4, rs2_addr:  2, rs2_rdata: 0000003c, rd_addr:  2, rd_wdata: 000075c6, mem_addr: 000075c6, mem_rdata: 00000000, mem_wdata: 0000003c
ClkCycle:       4562, pc_rdata: 00004492, pc_wdata: 00004496, insn: cd6c4025, mode: 3, rs1_addr:  0, rs1_rdata: 00000000, rs2_addr:  0, rs2_rdata: 00000000, rd_addr:  0, rd_wdata: 00000000, mem_addr: 00000000, mem_rdata: 00000000, mem_wdata: 00000000
0001000071180000
ClkCycle:       4563, pc_rdata: 00004496, pc_wdata: 00004498, insn: 00100593, mode: 3, rs1_addr: 10, rs1_rdata: 000071c4, rs2_addr: 11, rs2_rdata: 71180000, rd_addr: 28, rd_wdata: 00007220, mem_addr: 00007220, mem_rdata: 00000000, mem_wdata: 71180000
ClkCycle:       4564, pc_rdata: 00004498, pc_wdata: 0000449c, insn: 00100593, mode: 3, rs1_addr:  0, rs1_rdata: 00000000, rs2_addr:  1, rs2_rdata: 00007118, rd_addr: 11, rd_wdata: 00000001, mem_addr: 00000001, mem_rdata: 00000000, mem_wdata: 00007118
ClkCycle:       4565, pc_rdata: 0000449c, pc_wdata: 000044a0, insn: 01b59593, mode: 3, rs1_addr: 11, rs1_rdata: 71180000, rs2_addr: 27, rs2_rdata: 00000000, rd_addr: 11, rd_wdata: 08000000, mem_addr: 08000000, mem_rdata: 00000000, mem_wdata: 00000000
ClkCycle:       4566, pc_rdata: 000044a0, pc_wdata: 000044a4, insn: 0f808513, mode: 3, rs1_addr:  1, rs1_rdata: 00007118, rs2_addr: 24, rs2_rdata: 0000007d, rd_addr: 10, rd_wdata: 00007210, mem_addr: 00007210, mem_rdata: 00000000, mem_wdata: 0000007d
ClkCycle:       4567, pc_rdata: 000044a4, pc_wdata: 000044a8, insn: 00800113, mode: 3, rs1_addr:  0, rs1_rdata: 00000000, rs2_addr:  8, rs2_rdata: 00000000, rd_addr:  2, rd_wdata: 00000008, mem_addr: 00000008, mem_rdata: 00000000, mem_wdata: 00000000
ClkCycle:       4568, pc_rdata: 000044a8, pc_wdata: 000044ac, insn: 40250533, mode: 3, rs1_addr: 10, rs1_rdata: 000071c4, rs2_addr:  2, rs2_rdata: 000075c6, rd_addr: 10, rd_wdata: 00007208, mem_addr: 00007208, mem_rdata: 00000000, mem_wdata: 00000008
0000000008000000
ClkCycle:       4569, pc_rdata: 000044ac, pc_wdata: 000044ae, insn: 0001c50c, mode: 3, rs1_addr: 10, rs1_rdata: 00007210, rs2_addr: 11, rs2_rdata: 08000000, rd_addr:  8, rd_wdata: 00007210, mem_addr: 00007210, mem_rdata: 00000000, mem_wdata: 08000000
ClkCycle:       4570, pc_rdata: 000044ae, pc_wdata: 000044b2, insn: 0001c50c, mode: 3, rs1_addr:  0, rs1_rdata: 00000000, rs2_addr:  0, rs2_rdata: 00000000, rd_addr:  0, rd_wdata: 00000000, mem_addr: 00000000, mem_rdata: 00000000, mem_wdata: 00000000
ClkCycle:       4571, pc_rdata: 000044b2, pc_wdata: 000044b4, insn: 95930010, mode: 3, rs1_addr:  0, rs1_rdata: 00000000, rs2_addr:  0, rs2_rdata: 00000000, rd_addr:  0, rd_wdata: 00000000, mem_addr: 00000000, mem_rdata: 00000000, mem_wdata: 00000000
ClkCycle:       4572, pc_rdata: 000044b4, pc_wdata: 000044b6, insn: 95930010, mode: 3, rs1_addr:  2, rs1_rdata: 00000008, rs2_addr:  0, rs2_rdata: 00000000, rd_addr: 12, rd_wdata: 00000008, mem_addr: 00000008, mem_rdata: 00000000, mem_wdata: 00000000
ClkCycle:       4573, pc_rdata: 000044b6, pc_wdata: 000044ba, insn: 95930010, mode: 3, rs1_addr:  0, rs1_rdata: 00000000, rs2_addr:  0, rs2_rdata: 00000000, rd_addr:  0, rd_wdata: 00000000, mem_addr: 00000000, mem_rdata: 00000000, mem_wdata: 00000000
ClkCycle:       4574, pc_rdata: 000044ba, pc_wdata: 000044be, insn: 01131000, mode: 3, rs1_addr:  1, rs1_rdata: 00007118, rs2_addr:  0, rs2_rdata: 00000000, rd_addr: 11, rd_wdata: 00007118, mem_addr: 00007118, mem_rdata: 00000000, mem_wdata: 00000000
ClkCycle:       4575, pc_rdata: 000044be, pc_wdata: 000044c2, insn: 01131000, mode: 3, rs1_addr:  0, rs1_rdata: 00000000, rs2_addr:  0, rs2_rdata: 00000000, rd_addr:  0, rd_wdata: 00000000, mem_addr: 00000000, mem_rdata: 00000000, mem_wdata: 00000000
ClkCycle:       4576, pc_rdata: 000044c2, pc_wdata: 000044c6, insn: dd6c4025, mode: 3, rs1_addr: 10, rs1_rdata: 00007208, rs2_addr:  2, rs2_rdata: 00000008, rd_addr:  2, rd_wdata: 0000760a, mem_addr: 0000760a, mem_rdata: 00000000, mem_wdata: 00000008
ClkCycle:       4577, pc_rdata: 000044c6, pc_wdata: 000044ca, insn: dd6c4025, mode: 3, rs1_addr:  0, rs1_rdata: 00000000, rs2_addr:  0, rs2_rdata: 00000000, rd_addr:  0, rd_wdata: 00000000, mem_addr: 00000000, mem_rdata: 00000000, mem_wdata: 00000000
0000000100007118
ClkCycle:       4578, pc_rdata: 000044ca, pc_wdata: 000044cc, insn: 00100593, mode: 3, rs1_addr: 10, rs1_rdata: 00007208, rs2_addr: 11, rs2_rdata: 00007118, rd_addr: 28, rd_wdata: 00007284, mem_addr: 00007284, mem_rdata: 00000000, mem_wdata: 00007118
ClkCycle:       4579, pc_rdata: 000044cc, pc_wdata: 000044d0, insn: 00100593, mode: 3, rs1_addr:  0, rs1_rdata: 00000000, rs2_addr:  1, rs2_rdata: 00007118, rd_addr: 11, rd_wdata: 00000001, mem_addr: 00000001, mem_rdata: 00000000, mem_wdata: 00007118
ClkCycle:       4580, pc_rdata: 000044d0, pc_wdata: 000044d4, insn: 01d59593, mode: 3, rs1_addr: 11, rs1_rdata: 00007118, rs2_addr: 29, rs2_rdata: 00000000, rd_addr: 11, rd_wdata: 20000000, mem_addr: 20000000, mem_rdata: 00000000, mem_wdata: 00000000
ClkCycle:       4581, pc_rdata: 000044d4, pc_wdata: 000044d8, insn: 10808513, mode: 3, rs1_addr:  1, rs1_rdata: 00007118, rs2_addr:  8, rs2_rdata: 00000000, rd_addr: 10, rd_wdata: 00007220, mem_addr: 00007220, mem_rdata: 00000000, mem_wdata: 00000000
ClkCycle:       4582, pc_rdata: 000044d8, pc_wdata: 000044dc, insn: 02400113, mode: 3, rs1_addr:  0, rs1_rdata: 00000000, rs2_addr:  4, rs2_rdata: 6dfdffff, rd_addr:  2, rd_wdata: 00000024, mem_addr: 00000024, mem_rdata: 00000000, mem_wdata: 6dfdffff
ClkCycle:       4583, pc_rdata: 000044dc, pc_wdata: 000044e0, insn: 40250533, mode: 3, rs1_addr: 10, rs1_rdata: 00007208, rs2_addr:  2, rs2_rdata: 0000760a, rd_addr: 10, rd_wdata: 000071fc, mem_addr: 000071fc, mem_rdata: 00000000, mem_wdata: 00000024
0000000020000000
ClkCycle:       4584, pc_rdata: 000044e0, pc_wdata: 000044e2, insn: 0001d14c, mode: 3, rs1_addr: 10, rs1_rdata: 00007220, rs2_addr: 11, rs2_rdata: 20000000, rd_addr:  4, rd_wdata: 00007220, mem_addr: 00007220, mem_rdata: 00000000, mem_wdata: 20000000
ClkCycle:       4585, pc_rdata: 000044e2, pc_wdata: 000044e6, insn: 0001d14c, mode: 3, rs1_addr:  0, rs1_rdata: 00000000, rs2_addr:  0, rs2_rdata: 00000000, rd_addr:  0, rd_wdata: 00000000, mem_addr: 00000000, mem_rdata: 00000000, mem_wdata: 00000000
ClkCycle:       4586, pc_rdata: 000044e6, pc_wdata: 000044e8, insn: 95930010, mode: 3, rs1_addr:  0, rs1_rdata: 00000000, rs2_addr:  0, rs2_rdata: 00000000, rd_addr:  0, rd_wdata: 00000000, mem_addr: 00000000, mem_rdata: 00000000, mem_wdata: 00000000
ClkCycle:       4587, pc_rdata: 000044e8, pc_wdata: 000044ea, insn: 95930010, mode: 3, rs1_addr:  2, rs1_rdata: 00000024, rs2_addr:  0, rs2_rdata: 00000000, rd_addr: 12, rd_wdata: 00000024, mem_addr: 00000024, mem_rdata: 00000000, mem_wdata: 00000000
ClkCycle:       4588, pc_rdata: 000044ea, pc_wdata: 000044ee, insn: 95930010, mode: 3, rs1_addr:  0, rs1_rdata: 00000000, rs2_addr:  0, rs2_rdata: 00000000, rd_addr:  0, rd_wdata: 00000000, mem_addr: 00000000, mem_rdata: 00000000, mem_wdata: 00000000
ClkCycle:       4589, pc_rdata: 000044ee, pc_wdata: 000044f2, insn: 01131100, mode: 3, rs1_addr:  1, rs1_rdata: 00007118, rs2_addr: 16, rs2_rdata: 7d5bfddb, rd_addr: 11, rd_wdata: 71180000, mem_addr: 71180000, mem_rdata: 00000000, mem_wdata: 7d5bfddb
ClkCycle:       4590, pc_rdata: 000044f2, pc_wdata: 000044f6, insn: 01131100, mode: 3, rs1_addr:  0, rs1_rdata: 00000000, rs2_addr:  0, rs2_rdata: 00000000, rd_addr:  0, rd_wdata: 00000000, mem_addr: 00000000, mem_rdata: 00000000, mem_wdata: 00000000
ClkCycle:       4591, pc_rdata: 000044f6, pc_wdata: 000044fa, insn: d54c4025, mode: 3, rs1_addr: 10, rs1_rdata: 000071fc, rs2_addr:  2, rs2_rdata: 00000024, rd_addr:  2, rd_wdata: 000075fe, mem_addr: 000075fe, mem_rdata: 00000000, mem_wdata: 00000024
ClkCycle:       4592, pc_rdata: 000044fa, pc_wdata: 000044fe, insn: d54c4025, mode: 3, rs1_addr:  0, rs1_rdata: 00000000, rs2_addr:  0, rs2_rdata: 00000000, rd_addr:  0, rd_wdata: 00000000, mem_addr: 00000000, mem_rdata: 00000000, mem_wdata: 00000000
0001000071180000
ClkCycle:       4593, pc_rdata: 000044fe, pc_wdata: 00004500, insn: 00100593, mode: 3, rs1_addr: 10, rs1_rdata: 000071fc, rs2_addr: 11, rs2_rdata: 71180000, rd_addr: 12, rd_wdata: 00007228, mem_addr: 00007228, mem_rdata: 00000000, mem_wdata: 71180000
ClkCycle:       4594, pc_rdata: 00004500, pc_wdata: 00004504, insn: 00100593, mode: 3, rs1_addr:  0, rs1_rdata: 00000000, rs2_addr:  1, rs2_rdata: 00007118, rd_addr: 11, rd_wdata: 00000001, mem_addr: 00000001, mem_rdata: 00000000, mem_wdata: 00007118
ClkCycle:       4595, pc_rdata: 00004504, pc_wdata: 00004508, insn: 01f59593, mode: 3, rs1_addr: 11, rs1_rdata: 71180000, rs2_addr: 31, rs2_rdata: 00000000, rd_addr: 11, rd_wdata: 80000000, mem_addr: 80000000, mem_rdata: 00000000, mem_wdata: 00000000
ClkCycle:       4596, pc_rdata: 00004508, pc_wdata: 0000450c, insn: 11808513, mode: 3, rs1_addr:  1, rs1_rdata: 00007118, rs2_addr: 24, rs2_rdata: 0000007d, rd_addr: 10, rd_wdata: 00007230, mem_addr: 00007230, mem_rdata: 00000000, mem_wdata: 0000007d
ClkCycle:       4597, pc_rdata: 0000450c, pc_wdata: 00004510, insn: 00000113, mode: 3, rs1_addr:  0, rs1_rdata: 00000000, rs2_addr:  0, rs2_rdata: 00000000, rd_addr:  2, rd_wdata: 00000000, mem_addr: 00000000, mem_rdata: 00000000, mem_wdata: 00000000
ClkCycle:       4598, pc_rdata: 00004510, pc_wdata: 00004514, insn: 40250533, mode: 3, rs1_addr: 10, rs1_rdata: 000071fc, rs2_addr:  2, rs2_rdata: 000075fe, rd_addr: 10, rd_wdata: 00007230, mem_addr: 00007230, mem_rdata: 00000000, mem_wdata: 00000000
0000000080000000
ClkCycle:       4599, pc_rdata: 00004514, pc_wdata: 00004516, insn: 0001c10c, mode: 3, rs1_addr: 10, rs1_rdata: 00007230, rs2_addr: 11, rs2_rdata: 80000000, rd_addr:  0, rd_wdata: 00007230, mem_addr: 00007230, mem_rdata: 00000000, mem_wdata: 80000000
ClkCycle:       4600, pc_rdata: 00004516, pc_wdata: 0000451a, insn: 0001c10c, mode: 3, rs1_addr:  0, rs1_rdata: 00000000, rs2_addr:  0, rs2_rdata: 00000000, rd_addr:  0, rd_wdata: 00000000, mem_addr: 00000000, mem_rdata: 00000000, mem_wdata: 00000000
ClkCycle:       4601, pc_rdata: 0000451a, pc_wdata: 0000451c, insn: 95930010, mode: 3, rs1_addr:  0, rs1_rdata: 00000000, rs2_addr:  0, rs2_rdata: 00000000, rd_addr:  0, rd_wdata: 00000000, mem_addr: 00000000, mem_rdata: 00000000, mem_wdata: 00000000
ClkCycle:       4602, pc_rdata: 0000451c, pc_wdata: 0000451e, insn: 95930010, mode: 3, rs1_addr:  2, rs1_rdata: 00000000, rs2_addr:  0, rs2_rdata: 00000000, rd_addr: 12, rd_wdata: 00000000, mem_addr: 00000000, mem_rdata: 00000000, mem_wdata: 00000000
ClkCycle:       4603, pc_rdata: 0000451e, pc_wdata: 00004522, insn: 95930010, mode: 3, rs1_addr:  0, rs1_rdata: 00000000, rs2_addr:  0, rs2_rdata: 00000000, rd_addr:  0, rd_wdata: 00000000, mem_addr: 00000000, mem_rdata: 00000000, mem_wdata: 00000000
ClkCycle:       4604, pc_rdata: 00004522, pc_wdata: 00004526, insn: 01131200, mode: 3, rs1_addr:  1, rs1_rdata: 00007118, rs2_addr:  0, rs2_rdata: 00000000, rd_addr: 11, rd_wdata: 00007118, mem_addr: 00007118, mem_rdata: 00000000, mem_wdata: 00000000
ClkCycle:       4605, pc_rdata: 00004526, pc_wdata: 0000452a, insn: 01131200, mode: 3, rs1_addr:  0, rs1_rdata: 00000000, rs2_addr:  0, rs2_rdata: 00000000, rd_addr:  0, rd_wdata: 00000000, mem_addr: 00000000, mem_rdata: 00000000, mem_wdata: 00000000
ClkCycle:       4606, pc_rdata: 0000452a, pc_wdata: 0000452e, insn: d10c4025, mode: 3, rs1_addr: 10, rs1_rdata: 00007230, rs2_addr:  2, rs2_rdata: 00000000, rd_addr:  2, rd_wdata: 00007632, mem_addr: 00007632, mem_rdata: 00000000, mem_wdata: 00000000
ClkCycle:       4607, pc_rdata: 0000452e, pc_wdata: 00004532, insn: d10c4025, mode: 3, rs1_addr:  0, rs1_rdata: 00000000, rs2_addr:  0, rs2_rdata: 00000000, rd_addr:  0, rd_wdata: 00000000, mem_addr: 00000000, mem_rdata: 00000000, mem_wdata: 00000000
0000000100007118
ClkCycle:       4608, pc_rdata: 00004532, pc_wdata: 00004534, insn: 00100593, mode: 3, rs1_addr: 10, rs1_rdata: 00007230, rs2_addr: 11, rs2_rdata: 00007118, rd_addr:  0, rd_wdata: 00007250, mem_addr: 00007250, mem_rdata: 00000000, mem_wdata: 00007118
ClkCycle:       4609, pc_rdata: 00004534, pc_wdata: 00004538, insn: 00100593, mode: 3, rs1_addr:  0, rs1_rdata: 00000000, rs2_addr:  1, rs2_rdata: 00007118, rd_addr: 11, rd_wdata: 00000001, mem_addr: 00000001, mem_rdata: 00000000, mem_wdata: 00007118
ClkCycle:       4610, pc_rdata: 00004538, pc_wdata: 0000453c, insn: 02159593, mode: 3, rs1_addr: 11, rs1_rdata: 00007118, rs2_addr:  1, rs2_rdata: 00007118, rd_addr: 11, rd_wdata: 00000002, mem_addr: 00000002, mem_rdata: 00000000, mem_wdata: 00007118
ClkCycle:       4611, pc_rdata: 0000453c, pc_wdata: 00004540, insn: 12808513, mode: 3, rs1_addr:  1, rs1_rdata: 00007118, rs2_addr:  8, rs2_rdata: 00000000, rd_addr: 10, rd_wdata: 00007240, mem_addr: 00007240, mem_rdata: 00000000, mem_wdata: 00000000
ClkCycle:       4612, pc_rdata: 00004540, pc_wdata: 00004544, insn: 07400113, mode: 3, rs1_addr:  0, rs1_rdata: 00000000, rs2_addr: 20, rs2_rdata: d5bfff6f, rd_addr:  2, rd_wdata: 00000074, mem_addr: 00000074, mem_rdata: 00000000, mem_wdata: d5bfff6f
ClkCycle:       4613, pc_rdata: 00004544, pc_wdata: 00004548, insn: 40250533, mode: 3, rs1_addr: 10, rs1_rdata: 00007230, rs2_addr:  2, rs2_rdata: 00007632, rd_addr: 10, rd_wdata: 000071cc, mem_addr: 000071cc, mem_rdata: 00000000, mem_wdata: 00000074
0000000000000002
ClkCycle:       4614, pc_rdata: 00004548, pc_wdata: 0000454a, insn: 0001d96c, mode: 3, rs1_addr: 10, rs1_rdata: 00007240, rs2_addr: 11, rs2_rdata: 00000002, rd_addr: 20, rd_wdata: 00007240, mem_addr: 00007240, mem_rdata: 00000000, mem_wdata: 00000002
ClkCycle:       4615, pc_rdata: 0000454a, pc_wdata: 0000454e, insn: 0001d96c, mode: 3, rs1_addr:  0, rs1_rdata: 00000000, rs2_addr:  0, rs2_rdata: 00000000, rd_addr:  0, rd_wdata: 00000000, mem_addr: 00000000, mem_rdata: 00000000, mem_wdata: 00000000
ClkCycle:       4616, pc_rdata: 0000454e, pc_wdata: 00004550, insn: 95930010, mode: 3, rs1_addr:  0, rs1_rdata: 00000000, rs2_addr:  0, rs2_rdata: 00000000, rd_addr:  0, rd_wdata: 00000000, mem_addr: 00000000, mem_rdata: 00000000, mem_wdata: 00000000
ClkCycle:       4617, pc_rdata: 00004550, pc_wdata: 00004552, insn: 95930010, mode: 3, rs1_addr:  2, rs1_rdata: 00000074, rs2_addr:  0, rs2_rdata: 00000000, rd_addr: 12, rd_wdata: 00000074, mem_addr: 00000074, mem_rdata: 00000000, mem_wdata: 00000000
ClkCycle:       4618, pc_rdata: 00004552, pc_wdata: 00004556, insn: 95930010, mode: 3, rs1_addr:  0, rs1_rdata: 00000000, rs2_addr:  0, rs2_rdata: 00000000, rd_addr:  0, rd_wdata: 00000000, mem_addr: 00000000, mem_rdata: 00000000, mem_wdata: 00000000
ClkCycle:       4619, pc_rdata: 00004556, pc_wdata: 0000455a, insn: 01131300, mode: 3, rs1_addr:  1, rs1_rdata: 00007118, rs2_addr: 16, rs2_rdata: 7d5bfddb, rd_addr: 11, rd_wdata: 71180000, mem_addr: 71180000, mem_rdata: 00000000, mem_wdata: 7d5bfddb
ClkCycle:       4620, pc_rdata: 0000455a, pc_wdata: 0000455e, insn: 01131300, mode: 3, rs1_addr:  0, rs1_rdata: 00000000, rs2_addr:  0, rs2_rdata: 00000000, rd_addr:  0, rd_wdata: 00000000, mem_addr: 00000000, mem_rdata: 00000000, mem_wdata: 00000000
ClkCycle:       4621, pc_rdata: 0000455e, pc_wdata: 00004562, insn: cd0c4025, mode: 3, rs1_addr: 10, rs1_rdata: 000071cc, rs2_addr:  2, rs2_rdata: 00000074, rd_addr:  2, rd_wdata: 000075ce, mem_addr: 000075ce, mem_rdata: 00000000, mem_wdata: 00000074
ClkCycle:       4622, pc_rdata: 00004562, pc_wdata: 00004566, insn: cd0c4025, mode: 3, rs1_addr:  0, rs1_rdata: 00000000, rs2_addr:  0, rs2_rdata: 00000000, rd_addr:  0, rd_wdata: 00000000, mem_addr: 00000000, mem_rdata: 00000000, mem_wdata: 00000000
0001000071180000
ClkCycle:       4623, pc_rdata: 00004566, pc_wdata: 00004568, insn: 00100593, mode: 3, rs1_addr: 10, rs1_rdata: 000071cc, rs2_addr: 11, rs2_rdata: 71180000, rd_addr: 24, rd_wdata: 000071e4, mem_addr: 000071e4, mem_rdata: 00000000, mem_wdata: 71180000
ClkCycle:       4624, pc_rdata: 00004568, pc_wdata: 0000456c, insn: 00100593, mode: 3, rs1_addr:  0, rs1_rdata: 00000000, rs2_addr:  1, rs2_rdata: 00007118, rd_addr: 11, rd_wdata: 00000001, mem_addr: 00000001, mem_rdata: 00000000, mem_wdata: 00007118
ClkCycle:       4625, pc_rdata: 0000456c, pc_wdata: 00004570, insn: 02359593, mode: 3, rs1_addr: 11, rs1_rdata: 71180000, rs2_addr:  3, rs2_rdata: feffffbf, rd_addr: 11, rd_wdata: 00000008, mem_addr: 00000008, mem_rdata: 00000000, mem_wdata: feffffbf
ClkCycle:       4626, pc_rdata: 00004570, pc_wdata: 00004574, insn: 13808513, mode: 3, rs1_addr:  1, rs1_rdata: 00007118, rs2_addr: 24, rs2_rdata: 0000007d, rd_addr: 10, rd_wdata: 00007250, mem_addr: 00007250, mem_rdata: 00000000, mem_wdata: 0000007d
ClkCycle:       4627, pc_rdata: 00004574, pc_wdata: 00004578, insn: 01c00113, mode: 3, rs1_addr:  0, rs1_rdata: 00000000, rs2_addr: 28, rs2_rdata: 00000000, rd_addr:  2, rd_wdata: 0000001c, mem_addr: 0000001c, mem_rdata: 00000000, mem_wdata: 00000000
ClkCycle:       4628, pc_rdata: 00004578, pc_wdata: 0000457c, insn: 40250533, mode: 3, rs1_addr: 10, rs1_rdata: 000071cc, rs2_addr:  2, rs2_rdata: 000075ce, rd_addr: 10, rd_wdata: 00007234, mem_addr: 00007234, mem_rdata: 00000000, mem_wdata: 0000001c
0000000000000008
ClkCycle:       4629, pc_rdata: 0000457c, pc_wdata: 0000457e, insn: 0001cd4c, mode: 3, rs1_addr: 10, rs1_rdata: 00007250, rs2_addr: 11, rs2_rdata: 00000008, rd_addr: 28, rd_wdata: 00007250, mem_addr: 00007250, mem_rdata: 00000000, mem_wdata: 00000008
ClkCycle:       4630, pc_rdata: 0000457e, pc_wdata: 00004582, insn: 0001cd4c, mode: 3, rs1_addr:  0, rs1_rdata: 00000000, rs2_addr:  0, rs2_rdata: 00000000, rd_addr:  0, rd_wdata: 00000000, mem_addr: 00000000, mem_rdata: 00000000, mem_wdata: 00000000
ClkCycle:       4631, pc_rdata: 00004582, pc_wdata: 00004584, insn: 95930010, mode: 3, rs1_addr:  0, rs1_rdata: 00000000, rs2_addr:  0, rs2_rdata: 00000000, rd_addr:  0, rd_wdata: 00000000, mem_addr: 00000000, mem_rdata: 00000000, mem_wdata: 00000000
ClkCycle:       4632, pc_rdata: 00004584, pc_wdata: 00004586, insn: 95930010, mode: 3, rs1_addr:  2, rs1_rdata: 0000001c, rs2_addr:  0, rs2_rdata: 00000000, rd_addr: 12, rd_wdata: 0000001c, mem_addr: 0000001c, mem_rdata: 00000000, mem_wdata: 00000000
ClkCycle:       4633, pc_rdata: 00004586, pc_wdata: 0000458a, insn: 95930010, mode: 3, rs1_addr:  0, rs1_rdata: 00000000, rs2_addr:  0, rs2_rdata: 00000000, rd_addr:  0, rd_wdata: 00000000, mem_addr: 00000000, mem_rdata: 00000000, mem_wdata: 00000000
ClkCycle:       4634, pc_rdata: 0000458a, pc_wdata: 0000458e, insn: 01131400, mode: 3, rs1_addr:  1, rs1_rdata: 00007118, rs2_addr:  0, rs2_rdata: 00000000, rd_addr: 11, rd_wdata: 00007118, mem_addr: 00007118, mem_rdata: 00000000, mem_wdata: 00000000
ClkCycle:       4635, pc_rdata: 0000458e, pc_wdata: 00004592, insn: 01131400, mode: 3, rs1_addr:  0, rs1_rdata: 00000000, rs2_addr:  0, rs2_rdata: 00000000, rd_addr:  0, rd_wdata: 00000000, mem_addr: 00000000, mem_rdata: 00000000, mem_wdata: 00000000
ClkCycle:       4636, pc_rdata: 00004592, pc_wdata: 00004596, insn: cd6c4025, mode: 3, rs1_addr: 10, rs1_rdata: 00007234, rs2_addr:  2, rs2_rdata: 0000001c, rd_addr:  2, rd_wdata: 00007636, mem_addr: 00007636, mem_rdata: 00000000, mem_wdata: 0000001c
ClkCycle:       4637, pc_rdata: 00004596, pc_wdata: 0000459a, insn: cd6c4025, mode: 3, rs1_addr:  0, rs1_rdata: 00000000, rs2_addr:  0, rs2_rdata: 00000000, rd_addr:  0, rd_wdata: 00000000, mem_addr: 00000000, mem_rdata: 00000000, mem_wdata: 00000000
0000000100007118
ClkCycle:       4638, pc_rdata: 0000459a, pc_wdata: 0000459c, insn: 00100593, mode: 3, rs1_addr: 10, rs1_rdata: 00007234, rs2_addr: 11, rs2_rdata: 00007118, rd_addr: 28, rd_wdata: 00007290, mem_addr: 00007290, mem_rdata: 00000000, mem_wdata: 00007118
ClkCycle:       4639, pc_rdata: 0000459c, pc_wdata: 000045a0, insn: 00100593, mode: 3, rs1_addr:  0, rs1_rdata: 00000000, rs2_addr:  1, rs2_rdata: 00007118, rd_addr: 11, rd_wdata: 00000001, mem_addr: 00000001, mem_rdata: 00000000, mem_wdata: 00007118
ClkCycle:       4640, pc_rdata: 000045a0, pc_wdata: 000045a4, insn: 02559593, mode: 3, rs1_addr: 11, rs1_rdata: 00007118, rs2_addr:  5, rs2_rdata: eedbfbff, rd_addr: 11, rd_wdata: 00000020, mem_addr: 00000020, mem_rdata: 00000000, mem_wdata: eedbfbff
ClkCycle:       4641, pc_rdata: 000045a4, pc_wdata: 000045a8, insn: 14808513, mode: 3, rs1_addr:  1, rs1_rdata: 00007118, rs2_addr:  8, rs2_rdata: 00000000, rd_addr: 10, rd_wdata: 00007260, mem_addr: 00007260, mem_rdata: 00000000, mem_wdata: 00000000
ClkCycle:       4642, pc_rdata: 000045a8, pc_wdata: 000045ac, insn: 04c00113, mode: 3, rs1_addr:  0, rs1_rdata: 00000000, rs2_addr: 12, rs2_rdata: 0000001c, rd_addr:  2, rd_wdata: 0000004c, mem_addr: 0000004c, mem_rdata: 00000000, mem_wdata: 0000001c
ClkCycle:       4643, pc_rdata: 000045ac, pc_wdata: 000045b0, insn: 40250533, mode: 3, rs1_addr: 10, rs1_rdata: 00007234, rs2_addr:  2, rs2_rdata: 00007636, rd_addr: 10, rd_wdata: 00007214, mem_addr: 00007214, mem_rdata: 00000000, mem_wdata: 0000004c
0000000000000020
ClkCycle:       4644, pc_rdata: 000045b0, pc_wdata: 000045b2, insn: 0001c56c, mode: 3, rs1_addr: 10, rs1_rdata: 00007260, rs2_addr: 11, rs2_rdata: 00000020, rd_addr: 12, rd_wdata: 00007260, mem_addr: 00007260, mem_rdata: 00000000, mem_wdata: 00000020
ClkCycle:       4645, pc_rdata: 000045b2, pc_wdata: 000045b6, insn: 0001c56c, mode: 3, rs1_addr:  0, rs1_rdata: 00000000, rs2_addr:  0, rs2_rdata: 00000000, rd_addr:  0, rd_wdata: 00000000, mem_addr: 00000000, mem_rdata: 00000000, mem_wdata: 00000000
ClkCycle:       4646, pc_rdata: 000045b6, pc_wdata: 000045b8, insn: 95930010, mode: 3, rs1_addr:  0, rs1_rdata: 00000000, rs2_addr:  0, rs2_rdata: 00000000, rd_addr:  0, rd_wdata: 00000000, mem_addr: 00000000, mem_rdata: 00000000, mem_wdata: 00000000
ClkCycle:       4647, pc_rdata: 000045b8, pc_wdata: 000045ba, insn: 95930010, mode: 3, rs1_addr:  2, rs1_rdata: 0000004c, rs2_addr:  0, rs2_rdata: 00000000, rd_addr: 12, rd_wdata: 0000004c, mem_addr: 0000004c, mem_rdata: 00000000, mem_wdata: 00000000
ClkCycle:       4648, pc_rdata: 000045ba, pc_wdata: 000045be, insn: 95930010, mode: 3, rs1_addr:  0, rs1_rdata: 00000000, rs2_addr:  0, rs2_rdata: 00000000, rd_addr:  0, rd_wdata: 00000000, mem_addr: 00000000, mem_rdata: 00000000, mem_wdata: 00000000
ClkCycle:       4649, pc_rdata: 000045be, pc_wdata: 000045c2, insn: 01131500, mode: 3, rs1_addr:  1, rs1_rdata: 00007118, rs2_addr: 16, rs2_rdata: 7d5bfddb, rd_addr: 11, rd_wdata: 71180000, mem_addr: 71180000, mem_rdata: 00000000, mem_wdata: 7d5bfddb
ClkCycle:       4650, pc_rdata: 000045c2, pc_wdata: 000045c6, insn: 01131500, mode: 3, rs1_addr:  0, rs1_rdata: 00000000, rs2_addr:  0, rs2_rdata: 00000000, rd_addr:  0, rd_wdata: 00000000, mem_addr: 00000000, mem_rdata: 00000000, mem_wdata: 00000000
ClkCycle:       4651, pc_rdata: 000045c6, pc_wdata: 000045ca, insn: d96c4025, mode: 3, rs1_addr: 10, rs1_rdata: 00007214, rs2_addr:  2, rs2_rdata: 0000004c, rd_addr:  2, rd_wdata: 00007616, mem_addr: 00007616, mem_rdata: 00000000, mem_wdata: 0000004c
ClkCycle:       4652, pc_rdata: 000045ca, pc_wdata: 000045ce, insn: d96c4025, mode: 3, rs1_addr:  0, rs1_rdata: 00000000, rs2_addr:  0, rs2_rdata: 00000000, rd_addr:  0, rd_wdata: 00000000, mem_addr: 00000000, mem_rdata: 00000000, mem_wdata: 00000000
0001000071180000
ClkCycle:       4653, pc_rdata: 000045ce, pc_wdata: 000045d0, insn: 00100593, mode: 3, rs1_addr: 10, rs1_rdata: 00007214, rs2_addr: 11, rs2_rdata: 71180000, rd_addr: 20, rd_wdata: 00007288, mem_addr: 00007288, mem_rdata: 00000000, mem_wdata: 71180000
ClkCycle:       4654, pc_rdata: 000045d0, pc_wdata: 000045d4, insn: 00100593, mode: 3, rs1_addr:  0, rs1_rdata: 00000000, rs2_addr:  1, rs2_rdata: 00007118, rd_addr: 11, rd_wdata: 00000001, mem_addr: 00000001, mem_rdata: 00000000, mem_wdata: 00007118
ClkCycle:       4655, pc_rdata: 000045d4, pc_wdata: 000045d8, insn: 02759593, mode: 3, rs1_addr: 11, rs1_rdata: 71180000, rs2_addr:  7, rs2_rdata: 003fbb6f, rd_addr: 11, rd_wdata: 00000080, mem_addr: 00000080, mem_rdata: 00000000, mem_wdata: 003fbb6f
ClkCycle:       4656, pc_rdata: 000045d8, pc_wdata: 000045dc, insn: 15808513, mode: 3, rs1_addr:  1, rs1_rdata: 00007118, rs2_addr: 24, rs2_rdata: 0000007d, rd_addr: 10, rd_wdata: 00007270, mem_addr: 00007270, mem_rdata: 00000000, mem_wdata: 0000007d
ClkCycle:       4657, pc_rdata: 000045dc, pc_wdata: 000045e0, insn: 00400113, mode: 3, rs1_addr:  0, rs1_rdata: 00000000, rs2_addr:  4, rs2_rdata: 6dfdffff, rd_addr:  2, rd_wdata: 00000004, mem_addr: 00000004, mem_rdata: 00000000, mem_wdata: 6dfdffff
ClkCycle:       4658, pc_rdata: 000045e0, pc_wdata: 000045e4, insn: 40250533, mode: 3, rs1_addr: 10, rs1_rdata: 00007214, rs2_addr:  2, rs2_rdata: 00007616, rd_addr: 10, rd_wdata: 0000726c, mem_addr: 0000726c, mem_rdata: 00000000, mem_wdata: 00000004
0000000000000080
ClkCycle:       4659, pc_rdata: 000045e4, pc_wdata: 000045e6, insn: 0001c14c, mode: 3, rs1_addr: 10, rs1_rdata: 00007270, rs2_addr: 11, rs2_rdata: 00000080, rd_addr:  4, rd_wdata: 00007270, mem_addr: 00007270, mem_rdata: 00000000, mem_wdata: 00000080
ClkCycle:       4660, pc_rdata: 000045e6, pc_wdata: 000045ea, insn: 0001c14c, mode: 3, rs1_addr:  0, rs1_rdata: 00000000, rs2_addr:  0, rs2_rdata: 00000000, rd_addr:  0, rd_wdata: 00000000, mem_addr: 00000000, mem_rdata: 00000000, mem_wdata: 00000000
ClkCycle:       4661, pc_rdata: 000045ea, pc_wdata: 000045ec, insn: 95930010, mode: 3, rs1_addr:  0, rs1_rdata: 00000000, rs2_addr:  0, rs2_rdata: 00000000, rd_addr:  0, rd_wdata: 00000000, mem_addr: 00000000, mem_rdata: 00000000, mem_wdata: 00000000
ClkCycle:       4662, pc_rdata: 000045ec, pc_wdata: 000045ee, insn: 95930010, mode: 3, rs1_addr:  2, rs1_rdata: 00000004, rs2_addr:  0, rs2_rdata: 00000000, rd_addr: 12, rd_wdata: 00000004, mem_addr: 00000004, mem_rdata: 00000000, mem_wdata: 00000000
ClkCycle:       4663, pc_rdata: 000045ee, pc_wdata: 000045f2, insn: 95930010, mode: 3, rs1_addr:  0, rs1_rdata: 00000000, rs2_addr:  0, rs2_rdata: 00000000, rd_addr:  0, rd_wdata: 00000000, mem_addr: 00000000, mem_rdata: 00000000, mem_wdata: 00000000
ClkCycle:       4664, pc_rdata: 000045f2, pc_wdata: 000045f6, insn: 01131600, mode: 3, rs1_addr:  1, rs1_rdata: 00007118, rs2_addr:  0, rs2_rdata: 00000000, rd_addr: 11, rd_wdata: 00007118, mem_addr: 00007118, mem_rdata: 00000000, mem_wdata: 00000000
ClkCycle:       4665, pc_rdata: 000045f6, pc_wdata: 000045fa, insn: 01131600, mode: 3, rs1_addr:  0, rs1_rdata: 00000000, rs2_addr:  0, rs2_rdata: 00000000, rd_addr:  0, rd_wdata: 00000000, mem_addr: 00000000, mem_rdata: 00000000, mem_wdata: 00000000
ClkCycle:       4666, pc_rdata: 000045fa, pc_wdata: 000045fe, insn: c96c4025, mode: 3, rs1_addr: 10, rs1_rdata: 0000726c, rs2_addr:  2, rs2_rdata: 00000004, rd_addr:  2, rd_wdata: 0000766e, mem_addr: 0000766e, mem_rdata: 00000000, mem_wdata: 00000004
ClkCycle:       4667, pc_rdata: 000045fe, pc_wdata: 00004602, insn: c96c4025, mode: 3, rs1_addr:  0, rs1_rdata: 00000000, rs2_addr:  0, rs2_rdata: 00000000, rd_addr:  0, rd_wdata: 00000000, mem_addr: 00000000, mem_rdata: 00000000, mem_wdata: 00000000
0000000100007118
ClkCycle:       4668, pc_rdata: 00004602, pc_wdata: 00004604, insn: 00100593, mode: 3, rs1_addr: 10, rs1_rdata: 0000726c, rs2_addr: 11, rs2_rdata: 00007118, rd_addr: 20, rd_wdata: 000072c0, mem_addr: 000072c0, mem_rdata: 00000000, mem_wdata: 00007118
ClkCycle:       4669, pc_rdata: 00004604, pc_wdata: 00004608, insn: 00100593, mode: 3, rs1_addr:  0, rs1_rdata: 00000000, rs2_addr:  1, rs2_rdata: 00007118, rd_addr: 11, rd_wdata: 00000001, mem_addr: 00000001, mem_rdata: 00000000, mem_wdata: 00007118
ClkCycle:       4670, pc_rdata: 00004608, pc_wdata: 0000460c, insn: 02959593, mode: 3, rs1_addr: 11, rs1_rdata: 00007118, rs2_addr:  9, rs2_rdata: 000000fe, rd_addr: 11, rd_wdata: 00000200, mem_addr: 00000200, mem_rdata: 00000000, mem_wdata: 000000fe
ClkCycle:       4671, pc_rdata: 0000460c, pc_wdata: 00004610, insn: 16808513, mode: 3, rs1_addr:  1, rs1_rdata: 00007118, rs2_addr:  8, rs2_rdata: 00000000, rd_addr: 10, rd_wdata: 00007280, mem_addr: 00007280, mem_rdata: 00000000, mem_wdata: 00000000
ClkCycle:       4672, pc_rdata: 00004610, pc_wdata: 00004614, insn: 04400113, mode: 3, rs1_addr:  0, rs1_rdata: 00000000, rs2_addr:  4, rs2_rdata: 6dfdffff, rd_addr:  2, rd_wdata: 00000044, mem_addr: 00000044, mem_rdata: 00000000, mem_wdata: 6dfdffff
ClkCycle:       4673, pc_rdata: 00004614, pc_wdata: 00004618, insn: 40250533, mode: 3, rs1_addr: 10, rs1_rdata: 0000726c, rs2_addr:  2, rs2_rdata: 0000766e, rd_addr: 10, rd_wdata: 0000723c, mem_addr: 0000723c, mem_rdata: 00000000, mem_wdata: 00000044
0000000000000200
ClkCycle:       4674, pc_rdata: 00004618, pc_wdata: 0000461a, insn: 0001c16c, mode: 3, rs1_addr: 10, rs1_rdata: 00007280, rs2_addr: 11, rs2_rdata: 00000200, rd_addr:  4, rd_wdata: 00007280, mem_addr: 00007280, mem_rdata: 00000000, mem_wdata: 00000200
ClkCycle:       4675, pc_rdata: 0000461a, pc_wdata: 0000461e, insn: 0001c16c, mode: 3, rs1_addr:  0, rs1_rdata: 00000000, rs2_addr:  0, rs2_rdata: 00000000, rd_addr:  0, rd_wdata: 00000000, mem_addr: 00000000, mem_rdata: 00000000, mem_wdata: 00000000
ClkCycle:       4676, pc_rdata: 0000461e, pc_wdata: 00004620, insn: 95930010, mode: 3, rs1_addr:  0, rs1_rdata: 00000000, rs2_addr:  0, rs2_rdata: 00000000, rd_addr:  0, rd_wdata: 00000000, mem_addr: 00000000, mem_rdata: 00000000, mem_wdata: 00000000
ClkCycle:       4677, pc_rdata: 00004620, pc_wdata: 00004622, insn: 95930010, mode: 3, rs1_addr:  2, rs1_rdata: 00000044, rs2_addr:  0, rs2_rdata: 00000000, rd_addr: 12, rd_wdata: 00000044, mem_addr: 00000044, mem_rdata: 00000000, mem_wdata: 00000000
ClkCycle:       4678, pc_rdata: 00004622, pc_wdata: 00004626, insn: 95930010, mode: 3, rs1_addr:  0, rs1_rdata: 00000000, rs2_addr:  0, rs2_rdata: 00000000, rd_addr:  0, rd_wdata: 00000000, mem_addr: 00000000, mem_rdata: 00000000, mem_wdata: 00000000
ClkCycle:       4679, pc_rdata: 00004626, pc_wdata: 0000462a, insn: 01131700, mode: 3, rs1_addr:  1, rs1_rdata: 00007118, rs2_addr: 16, rs2_rdata: 7d5bfddb, rd_addr: 11, rd_wdata: 71180000, mem_addr: 71180000, mem_rdata: 00000000, mem_wdata: 7d5bfddb
ClkCycle:       4680, pc_rdata: 0000462a, pc_wdata: 0000462e, insn: 01131700, mode: 3, rs1_addr:  0, rs1_rdata: 00000000, rs2_addr:  0, rs2_rdata: 00000000, rd_addr:  0, rd_wdata: 00000000, mem_addr: 00000000, mem_rdata: 00000000, mem_wdata: 00000000
ClkCycle:       4681, pc_rdata: 0000462e, pc_wdata: 00004632, insn: d94c4025, mode: 3, rs1_addr: 10, rs1_rdata: 0000723c, rs2_addr:  2, rs2_rdata: 00000044, rd_addr:  2, rd_wdata: 0000763e, mem_addr: 0000763e, mem_rdata: 00000000, mem_wdata: 00000044
ClkCycle:       4682, pc_rdata: 00004632, pc_wdata: 00004636, insn: d94c4025, mode: 3, rs1_addr:  0, rs1_rdata: 00000000, rs2_addr:  0, rs2_rdata: 00000000, rd_addr:  0, rd_wdata: 00000000, mem_addr: 00000000, mem_rdata: 00000000, mem_wdata: 00000000
0001000071180000
ClkCycle:       4683, pc_rdata: 00004636, pc_wdata: 00004638, insn: 00100593, mode: 3, rs1_addr: 10, rs1_rdata: 0000723c, rs2_addr: 11, rs2_rdata: 71180000, rd_addr: 20, rd_wdata: 00007270, mem_addr: 00007270, mem_rdata: 00000000, mem_wdata: 71180000
ClkCycle:       4684, pc_rdata: 00004638, pc_wdata: 0000463c, insn: 00100593, mode: 3, rs1_addr:  0, rs1_rdata: 00000000, rs2_addr:  1, rs2_rdata: 00007118, rd_addr: 11, rd_wdata: 00000001, mem_addr: 00000001, mem_rdata: 00000000, mem_wdata: 00007118
ClkCycle:       4685, pc_rdata: 0000463c, pc_wdata: 00004640, insn: 02b59593, mode: 3, rs1_addr: 11, rs1_rdata: 71180000, rs2_addr: 11, rs2_rdata: 71180000, rd_addr: 11, rd_wdata: 00000800, mem_addr: 00000800, mem_rdata: 00000000, mem_wdata: 00000001
ClkCycle:       4686, pc_rdata: 00004640, pc_wdata: 00004644, insn: 17808513, mode: 3, rs1_addr:  1, rs1_rdata: 00007118, rs2_addr: 24, rs2_rdata: 0000007d, rd_addr: 10, rd_wdata: 00007290, mem_addr: 00007290, mem_rdata: 00000000, mem_wdata: 0000007d
ClkCycle:       4687, pc_rdata: 00004644, pc_wdata: 00004648, insn: 01400113, mode: 3, rs1_addr:  0, rs1_rdata: 00000000, rs2_addr: 20, rs2_rdata: d5bfff6f, rd_addr:  2, rd_wdata: 00000014, mem_addr: 00000014, mem_rdata: 00000000, mem_wdata: d5bfff6f
ClkCycle:       4688, pc_rdata: 00004648, pc_wdata: 0000464c, insn: 40250533, mode: 3, rs1_addr: 10, rs1_rdata: 0000723c, rs2_addr:  2, rs2_rdata: 0000763e, rd_addr: 10, rd_wdata: 0000727c, mem_addr: 0000727c, mem_rdata: 00000000, mem_wdata: 00000014
0000000000000800
ClkCycle:       4689, pc_rdata: 0000464c, pc_wdata: 0000464e, insn: 0001c94c, mode: 3, rs1_addr: 10, rs1_rdata: 00007290, rs2_addr: 11, rs2_rdata: 00000800, rd_addr: 20, rd_wdata: 00007290, mem_addr: 00007290, mem_rdata: 00000000, mem_wdata: 00000800
ClkCycle:       4690, pc_rdata: 0000464e, pc_wdata: 00004652, insn: 0001c94c, mode: 3, rs1_addr:  0, rs1_rdata: 00000000, rs2_addr:  0, rs2_rdata: 00000000, rd_addr:  0, rd_wdata: 00000000, mem_addr: 00000000, mem_rdata: 00000000, mem_wdata: 00000000
ClkCycle:       4691, pc_rdata: 00004652, pc_wdata: 00004654, insn: 95930010, mode: 3, rs1_addr:  0, rs1_rdata: 00000000, rs2_addr:  0, rs2_rdata: 00000000, rd_addr:  0, rd_wdata: 00000000, mem_addr: 00000000, mem_rdata: 00000000, mem_wdata: 00000000
ClkCycle:       4692, pc_rdata: 00004654, pc_wdata: 00004656, insn: 95930010, mode: 3, rs1_addr:  2, rs1_rdata: 00000014, rs2_addr:  0, rs2_rdata: 00000000, rd_addr: 12, rd_wdata: 00000014, mem_addr: 00000014, mem_rdata: 00000000, mem_wdata: 00000000
ClkCycle:       4693, pc_rdata: 00004656, pc_wdata: 0000465a, insn: 95930010, mode: 3, rs1_addr:  0, rs1_rdata: 00000000, rs2_addr:  0, rs2_rdata: 00000000, rd_addr:  0, rd_wdata: 00000000, mem_addr: 00000000, mem_rdata: 00000000, mem_wdata: 00000000
ClkCycle:       4694, pc_rdata: 0000465a, pc_wdata: 0000465e, insn: 01131800, mode: 3, rs1_addr:  1, rs1_rdata: 00007118, rs2_addr:  0, rs2_rdata: 00000000, rd_addr: 11, rd_wdata: 00007118, mem_addr: 00007118, mem_rdata: 00000000, mem_wdata: 00000000
ClkCycle:       4695, pc_rdata: 0000465e, pc_wdata: 00004662, insn: 01131800, mode: 3, rs1_addr:  0, rs1_rdata: 00000000, rs2_addr:  0, rs2_rdata: 00000000, rd_addr:  0, rd_wdata: 00000000, mem_addr: 00000000, mem_rdata: 00000000, mem_wdata: 00000000
ClkCycle:       4696, pc_rdata: 00004662, pc_wdata: 00004666, insn: d50c4025, mode: 3, rs1_addr: 10, rs1_rdata: 0000727c, rs2_addr:  2, rs2_rdata: 00000014, rd_addr:  2, rd_wdata: 0000767e, mem_addr: 0000767e, mem_rdata: 00000000, mem_wdata: 00000014
ClkCycle:       4697, pc_rdata: 00004666, pc_wdata: 0000466a, insn: d50c4025, mode: 3, rs1_addr:  0, rs1_rdata: 00000000, rs2_addr:  0, rs2_rdata: 00000000, rd_addr:  0, rd_wdata: 00000000, mem_addr: 00000000, mem_rdata: 00000000, mem_wdata: 00000000
0000000100007118
ClkCycle:       4698, pc_rdata: 0000466a, pc_wdata: 0000466c, insn: 00100593, mode: 3, rs1_addr: 10, rs1_rdata: 0000727c, rs2_addr: 11, rs2_rdata: 00007118, rd_addr:  8, rd_wdata: 000072a4, mem_addr: 000072a4, mem_rdata: 00000000, mem_wdata: 00007118
ClkCycle:       4699, pc_rdata: 0000466c, pc_wdata: 00004670, insn: 00100593, mode: 3, rs1_addr:  0, rs1_rdata: 00000000, rs2_addr:  1, rs2_rdata: 00007118, rd_addr: 11, rd_wdata: 00000001, mem_addr: 00000001, mem_rdata: 00000000, mem_wdata: 00007118
ClkCycle:       4700, pc_rdata: 00004670, pc_wdata: 00004674, insn: 02d59593, mode: 3, rs1_addr: 11, rs1_rdata: 00007118, rs2_addr: 13, rs2_rdata: feffffbf, rd_addr: 11, rd_wdata: 00002000, mem_addr: 00002000, mem_rdata: 00000000, mem_wdata: feffffbf
ClkCycle:       4701, pc_rdata: 00004674, pc_wdata: 00004678, insn: 18808513, mode: 3, rs1_addr:  1, rs1_rdata: 00007118, rs2_addr:  8, rs2_rdata: 00000000, rd_addr: 10, rd_wdata: 000072a0, mem_addr: 000072a0, mem_rdata: 00000000, mem_wdata: 00000000
ClkCycle:       4702, pc_rdata: 00004678, pc_wdata: 0000467c, insn: 01c00113, mode: 3, rs1_addr:  0, rs1_rdata: 00000000, rs2_addr: 28, rs2_rdata: 00000000, rd_addr:  2, rd_wdata: 0000001c, mem_addr: 0000001c, mem_rdata: 00000000, mem_wdata: 00000000
ClkCycle:       4703, pc_rdata: 0000467c, pc_wdata: 00004680, insn: 40250533, mode: 3, rs1_addr: 10, rs1_rdata: 0000727c, rs2_addr:  2, rs2_rdata: 0000767e, rd_addr: 10, rd_wdata: 00007284, mem_addr: 00007284, mem_rdata: 00000000, mem_wdata: 0000001c
0000000000002000
ClkCycle:       4704, pc_rdata: 00004680, pc_wdata: 00004682, insn: 0001cd4c, mode: 3, rs1_addr: 10, rs1_rdata: 000072a0, rs2_addr: 11, rs2_rdata: 00002000, rd_addr: 28, rd_wdata: 000072a0, mem_addr: 000072a0, mem_rdata: 00000000, mem_wdata: 00002000
ClkCycle:       4705, pc_rdata: 00004682, pc_wdata: 00004686, insn: 0001cd4c, mode: 3, rs1_addr:  0, rs1_rdata: 00000000, rs2_addr:  0, rs2_rdata: 00000000, rd_addr:  0, rd_wdata: 00000000, mem_addr: 00000000, mem_rdata: 00000000, mem_wdata: 00000000
ClkCycle:       4706, pc_rdata: 00004686, pc_wdata: 00004688, insn: 95930010, mode: 3, rs1_addr:  0, rs1_rdata: 00000000, rs2_addr:  0, rs2_rdata: 00000000, rd_addr:  0, rd_wdata: 00000000, mem_addr: 00000000, mem_rdata: 00000000, mem_wdata: 00000000
ClkCycle:       4707, pc_rdata: 00004688, pc_wdata: 0000468a, insn: 95930010, mode: 3, rs1_addr:  2, rs1_rdata: 0000001c, rs2_addr:  0, rs2_rdata: 00000000, rd_addr: 12, rd_wdata: 0000001c, mem_addr: 0000001c, mem_rdata: 00000000, mem_wdata: 00000000
ClkCycle:       4708, pc_rdata: 0000468a, pc_wdata: 0000468e, insn: 95930010, mode: 3, rs1_addr:  0, rs1_rdata: 00000000, rs2_addr:  0, rs2_rdata: 00000000, rd_addr:  0, rd_wdata: 00000000, mem_addr: 00000000, mem_rdata: 00000000, mem_wdata: 00000000
ClkCycle:       4709, pc_rdata: 0000468e, pc_wdata: 00004692, insn: 01131900, mode: 3, rs1_addr:  1, rs1_rdata: 00007118, rs2_addr: 16, rs2_rdata: 7d5bfddb, rd_addr: 11, rd_wdata: 71180000, mem_addr: 71180000, mem_rdata: 00000000, mem_wdata: 7d5bfddb
ClkCycle:       4710, pc_rdata: 00004692, pc_wdata: 00004696, insn: 01131900, mode: 3, rs1_addr:  0, rs1_rdata: 00000000, rs2_addr:  0, rs2_rdata: 00000000, rd_addr:  0, rd_wdata: 00000000, mem_addr: 00000000, mem_rdata: 00000000, mem_wdata: 00000000
ClkCycle:       4711, pc_rdata: 00004696, pc_wdata: 0000469a, insn: d56c4025, mode: 3, rs1_addr: 10, rs1_rdata: 00007284, rs2_addr:  2, rs2_rdata: 0000001c, rd_addr:  2, rd_wdata: 00007686, mem_addr: 00007686, mem_rdata: 00000000, mem_wdata: 0000001c
ClkCycle:       4712, pc_rdata: 0000469a, pc_wdata: 0000469e, insn: d56c4025, mode: 3, rs1_addr:  0, rs1_rdata: 00000000, rs2_addr:  0, rs2_rdata: 00000000, rd_addr:  0, rd_wdata: 00000000, mem_addr: 00000000, mem_rdata: 00000000, mem_wdata: 00000000
0001000071180000
ClkCycle:       4713, pc_rdata: 0000469e, pc_wdata: 000046a0, insn: 00100593, mode: 3, rs1_addr: 10, rs1_rdata: 00007284, rs2_addr: 11, rs2_rdata: 71180000, rd_addr: 12, rd_wdata: 000072f0, mem_addr: 000072f0, mem_rdata: 00000000, mem_wdata: 71180000
ClkCycle:       4714, pc_rdata: 000046a0, pc_wdata: 000046a4, insn: 00100593, mode: 3, rs1_addr:  0, rs1_rdata: 00000000, rs2_addr:  1, rs2_rdata: 00007118, rd_addr: 11, rd_wdata: 00000001, mem_addr: 00000001, mem_rdata: 00000000, mem_wdata: 00007118
ClkCycle:       4715, pc_rdata: 000046a4, pc_wdata: 000046a8, insn: 02f59593, mode: 3, rs1_addr: 11, rs1_rdata: 71180000, rs2_addr: 15, rs2_rdata: 00000000, rd_addr: 11, rd_wdata: 00008000, mem_addr: 00008000, mem_rdata: 00000000, mem_wdata: 00000000
ClkCycle:       4716, pc_rdata: 000046a8, pc_wdata: 000046ac, insn: 19808513, mode: 3, rs1_addr:  1, rs1_rdata: 00007118, rs2_addr: 24, rs2_rdata: 0000007d, rd_addr: 10, rd_wdata: 000072b0, mem_addr: 000072b0, mem_rdata: 00000000, mem_wdata: 0000007d
ClkCycle:       4717, pc_rdata: 000046ac, pc_wdata: 000046b0, insn: 00800113, mode: 3, rs1_addr:  0, rs1_rdata: 00000000, rs2_addr:  8, rs2_rdata: 00000000, rd_addr:  2, rd_wdata: 00000008, mem_addr: 00000008, mem_rdata: 00000000, mem_wdata: 00000000
ClkCycle:       4718, pc_rdata: 000046b0, pc_wdata: 000046b4, insn: 40250533, mode: 3, rs1_addr: 10, rs1_rdata: 00007284, rs2_addr:  2, rs2_rdata: 00007686, rd_addr: 10, rd_wdata: 000072a8, mem_addr: 000072a8, mem_rdata: 00000000, mem_wdata: 00000008
0000000000008000
ClkCycle:       4719, pc_rdata: 000046b4, pc_wdata: 000046b6, insn: 0001c50c, mode: 3, rs1_addr: 10, rs1_rdata: 000072b0, rs2_addr: 11, rs2_rdata: 00008000, rd_addr:  8, rd_wdata: 000072b0, mem_addr: 000072b0, mem_rdata: 00000000, mem_wdata: 00008000
ClkCycle:       4720, pc_rdata: 000046b6, pc_wdata: 000046ba, insn: 0001c50c, mode: 3, rs1_addr:  0, rs1_rdata: 00000000, rs2_addr:  0, rs2_rdata: 00000000, rd_addr:  0, rd_wdata: 00000000, mem_addr: 00000000, mem_rdata: 00000000, mem_wdata: 00000000
ClkCycle:       4721, pc_rdata: 000046ba, pc_wdata: 000046bc, insn: 95930010, mode: 3, rs1_addr:  0, rs1_rdata: 00000000, rs2_addr:  0, rs2_rdata: 00000000, rd_addr:  0, rd_wdata: 00000000, mem_addr: 00000000, mem_rdata: 00000000, mem_wdata: 00000000
ClkCycle:       4722, pc_rdata: 000046bc, pc_wdata: 000046be, insn: 95930010, mode: 3, rs1_addr:  2, rs1_rdata: 00000008, rs2_addr:  0, rs2_rdata: 00000000, rd_addr: 12, rd_wdata: 00000008, mem_addr: 00000008, mem_rdata: 00000000, mem_wdata: 00000000
ClkCycle:       4723, pc_rdata: 000046be, pc_wdata: 000046c2, insn: 95930010, mode: 3, rs1_addr:  0, rs1_rdata: 00000000, rs2_addr:  0, rs2_rdata: 00000000, rd_addr:  0, rd_wdata: 00000000, mem_addr: 00000000, mem_rdata: 00000000, mem_wdata: 00000000
ClkCycle:       4724, pc_rdata: 000046c2, pc_wdata: 000046c6, insn: 01131a00, mode: 3, rs1_addr:  1, rs1_rdata: 00007118, rs2_addr:  0, rs2_rdata: 00000000, rd_addr: 11, rd_wdata: 00007118, mem_addr: 00007118, mem_rdata: 00000000, mem_wdata: 00000000
ClkCycle:       4725, pc_rdata: 000046c6, pc_wdata: 000046ca, insn: 01131a00, mode: 3, rs1_addr:  0, rs1_rdata: 00000000, rs2_addr:  0, rs2_rdata: 00000000, rd_addr:  0, rd_wdata: 00000000, mem_addr: 00000000, mem_rdata: 00000000, mem_wdata: 00000000
ClkCycle:       4726, pc_rdata: 000046ca, pc_wdata: 000046ce, insn: c90c4025, mode: 3, rs1_addr: 10, rs1_rdata: 000072a8, rs2_addr:  2, rs2_rdata: 00000008, rd_addr:  2, rd_wdata: 000076aa, mem_addr: 000076aa, mem_rdata: 00000000, mem_wdata: 00000008
ClkCycle:       4727, pc_rdata: 000046ce, pc_wdata: 000046d2, insn: c90c4025, mode: 3, rs1_addr:  0, rs1_rdata: 00000000, rs2_addr:  0, rs2_rdata: 00000000, rd_addr:  0, rd_wdata: 00000000, mem_addr: 00000000, mem_rdata: 00000000, mem_wdata: 00000000
0000000100007118
ClkCycle:       4728, pc_rdata: 000046d2, pc_wdata: 000046d4, insn: 00100593, mode: 3, rs1_addr: 10, rs1_rdata: 000072a8, rs2_addr: 11, rs2_rdata: 00007118, rd_addr: 16, rd_wdata: 000072b8, mem_addr: 000072b8, mem_rdata: 00000000, mem_wdata: 00007118
ClkCycle:       4729, pc_rdata: 000046d4, pc_wdata: 000046d8, insn: 00100593, mode: 3, rs1_addr:  0, rs1_rdata: 00000000, rs2_addr:  1, rs2_rdata: 00007118, rd_addr: 11, rd_wdata: 00000001, mem_addr: 00000001, mem_rdata: 00000000, mem_wdata: 00007118
ClkCycle:       4730, pc_rdata: 000046d8, pc_wdata: 000046dc, insn: 03159593, mode: 3, rs1_addr: 11, rs1_rdata: 00007118, rs2_addr: 17, rs2_rdata: edffffff, rd_addr: 11, rd_wdata: 00020000, mem_addr: 00020000, mem_rdata: 00000000, mem_wdata: edffffff
ClkCycle:       4731, pc_rdata: 000046dc, pc_wdata: 000046e0, insn: 1a808513, mode: 3, rs1_addr:  1, rs1_rdata: 00007118, rs2_addr:  8, rs2_rdata: 00000000, rd_addr: 10, rd_wdata: 000072c0, mem_addr: 000072c0, mem_rdata: 00000000, mem_wdata: 00000000
ClkCycle:       4732, pc_rdata: 000046e0, pc_wdata: 000046e4, insn: 00400113, mode: 3, rs1_addr:  0, rs1_rdata: 00000000, rs2_addr:  4, rs2_rdata: 6dfdffff, rd_addr:  2, rd_wdata: 00000004, mem_addr: 00000004, mem_rdata: 00000000, mem_wdata: 6dfdffff
ClkCycle:       4733, pc_rdata: 000046e4, pc_wdata: 000046e8, insn: 40250533, mode: 3, rs1_addr: 10, rs1_rdata: 000072a8, rs2_addr:  2, rs2_rdata: 000076aa, rd_addr: 10, rd_wdata: 000072bc, mem_addr: 000072bc, mem_rdata: 00000000, mem_wdata: 00000004
0000000000020000
ClkCycle:       4734, pc_rdata: 000046e8, pc_wdata: 000046ea, insn: 0001c14c, mode: 3, rs1_addr: 10, rs1_rdata: 000072c0, rs2_addr: 11, rs2_rdata: 00020000, rd_addr:  4, rd_wdata: 000072c0, mem_addr: 000072c0, mem_rdata: 00000000, mem_wdata: 00020000
ClkCycle:       4735, pc_rdata: 000046ea, pc_wdata: 000046ee, insn: 0001c14c, mode: 3, rs1_addr:  0, rs1_rdata: 00000000, rs2_addr:  0, rs2_rdata: 00000000, rd_addr:  0, rd_wdata: 00000000, mem_addr: 00000000, mem_rdata: 00000000, mem_wdata: 00000000
ClkCycle:       4736, pc_rdata: 000046ee, pc_wdata: 000046f0, insn: 95930010, mode: 3, rs1_addr:  0, rs1_rdata: 00000000, rs2_addr:  0, rs2_rdata: 00000000, rd_addr:  0, rd_wdata: 00000000, mem_addr: 00000000, mem_rdata: 00000000, mem_wdata: 00000000
ClkCycle:       4737, pc_rdata: 000046f0, pc_wdata: 000046f2, insn: 95930010, mode: 3, rs1_addr:  2, rs1_rdata: 00000004, rs2_addr:  0, rs2_rdata: 00000000, rd_addr: 12, rd_wdata: 00000004, mem_addr: 00000004, mem_rdata: 00000000, mem_wdata: 00000000
ClkCycle:       4738, pc_rdata: 000046f2, pc_wdata: 000046f6, insn: 95930010, mode: 3, rs1_addr:  0, rs1_rdata: 00000000, rs2_addr:  0, rs2_rdata: 00000000, rd_addr:  0, rd_wdata: 00000000, mem_addr: 00000000, mem_rdata: 00000000, mem_wdata: 00000000
ClkCycle:       4739, pc_rdata: 000046f6, pc_wdata: 000046fa, insn: 01131b00, mode: 3, rs1_addr:  1, rs1_rdata: 00007118, rs2_addr: 16, rs2_rdata: 7d5bfddb, rd_addr: 11, rd_wdata: 71180000, mem_addr: 71180000, mem_rdata: 00000000, mem_wdata: 7d5bfddb
ClkCycle:       4740, pc_rdata: 000046fa, pc_wdata: 000046fe, insn: 01131b00, mode: 3, rs1_addr:  0, rs1_rdata: 00000000, rs2_addr:  0, rs2_rdata: 00000000, rd_addr:  0, rd_wdata: 00000000, mem_addr: 00000000, mem_rdata: 00000000, mem_wdata: 00000000
ClkCycle:       4741, pc_rdata: 000046fe, pc_wdata: 00004702, insn: d54c4025, mode: 3, rs1_addr: 10, rs1_rdata: 000072bc, rs2_addr:  2, rs2_rdata: 00000004, rd_addr:  2, rd_wdata: 000076be, mem_addr: 000076be, mem_rdata: 00000000, mem_wdata: 00000004
ClkCycle:       4742, pc_rdata: 00004702, pc_wdata: 00004706, insn: d54c4025, mode: 3, rs1_addr:  0, rs1_rdata: 00000000, rs2_addr:  0, rs2_rdata: 00000000, rd_addr:  0, rd_wdata: 00000000, mem_addr: 00000000, mem_rdata: 00000000, mem_wdata: 00000000
0001000071180000
ClkCycle:       4743, pc_rdata: 00004706, pc_wdata: 00004708, insn: 00100593, mode: 3, rs1_addr: 10, rs1_rdata: 000072bc, rs2_addr: 11, rs2_rdata: 71180000, rd_addr: 12, rd_wdata: 000072e8, mem_addr: 000072e8, mem_rdata: 00000000, mem_wdata: 71180000
ClkCycle:       4744, pc_rdata: 00004708, pc_wdata: 0000470c, insn: 00100593, mode: 3, rs1_addr:  0, rs1_rdata: 00000000, rs2_addr:  1, rs2_rdata: 00007118, rd_addr: 11, rd_wdata: 00000001, mem_addr: 00000001, mem_rdata: 00000000, mem_wdata: 00007118
ClkCycle:       4745, pc_rdata: 0000470c, pc_wdata: 00004710, insn: 03359593, mode: 3, rs1_addr: 11, rs1_rdata: 71180000, rs2_addr: 19, rs2_rdata: dfffb7ff, rd_addr: 11, rd_wdata: 00080000, mem_addr: 00080000, mem_rdata: 00000000, mem_wdata: dfffb7ff
ClkCycle:       4746, pc_rdata: 00004710, pc_wdata: 00004714, insn: 1b808513, mode: 3, rs1_addr:  1, rs1_rdata: 00007118, rs2_addr: 24, rs2_rdata: 0000007d, rd_addr: 10, rd_wdata: 000072d0, mem_addr: 000072d0, mem_rdata: 00000000, mem_wdata: 0000007d
ClkCycle:       4747, pc_rdata: 00004714, pc_wdata: 00004718, insn: 03c00113, mode: 3, rs1_addr:  0, rs1_rdata: 00000000, rs2_addr: 28, rs2_rdata: 00000000, rd_addr:  2, rd_wdata: 0000003c, mem_addr: 0000003c, mem_rdata: 00000000, mem_wdata: 00000000
ClkCycle:       4748, pc_rdata: 00004718, pc_wdata: 0000471c, insn: 40250533, mode: 3, rs1_addr: 10, rs1_rdata: 000072bc, rs2_addr:  2, rs2_rdata: 000076be, rd_addr: 10, rd_wdata: 00007294, mem_addr: 00007294, mem_rdata: 00000000, mem_wdata: 0000003c
0000000000080000
ClkCycle:       4749, pc_rdata: 0000471c, pc_wdata: 0000471e, insn: 0001dd4c, mode: 3, rs1_addr: 10, rs1_rdata: 000072d0, rs2_addr: 11, rs2_rdata: 00080000, rd_addr: 28, rd_wdata: 000072d0, mem_addr: 000072d0, mem_rdata: 00000000, mem_wdata: 00080000
ClkCycle:       4750, pc_rdata: 0000471e, pc_wdata: 00004722, insn: 0001dd4c, mode: 3, rs1_addr:  0, rs1_rdata: 00000000, rs2_addr:  0, rs2_rdata: 00000000, rd_addr:  0, rd_wdata: 00000000, mem_addr: 00000000, mem_rdata: 00000000, mem_wdata: 00000000
ClkCycle:       4751, pc_rdata: 00004722, pc_wdata: 00004724, insn: 95930010, mode: 3, rs1_addr:  0, rs1_rdata: 00000000, rs2_addr:  0, rs2_rdata: 00000000, rd_addr:  0, rd_wdata: 00000000, mem_addr: 00000000, mem_rdata: 00000000, mem_wdata: 00000000
ClkCycle:       4752, pc_rdata: 00004724, pc_wdata: 00004726, insn: 95930010, mode: 3, rs1_addr:  2, rs1_rdata: 0000003c, rs2_addr:  0, rs2_rdata: 00000000, rd_addr: 12, rd_wdata: 0000003c, mem_addr: 0000003c, mem_rdata: 00000000, mem_wdata: 00000000
ClkCycle:       4753, pc_rdata: 00004726, pc_wdata: 0000472a, insn: 95930010, mode: 3, rs1_addr:  0, rs1_rdata: 00000000, rs2_addr:  0, rs2_rdata: 00000000, rd_addr:  0, rd_wdata: 00000000, mem_addr: 00000000, mem_rdata: 00000000, mem_wdata: 00000000
ClkCycle:       4754, pc_rdata: 0000472a, pc_wdata: 0000472e, insn: 01131c00, mode: 3, rs1_addr:  1, rs1_rdata: 00007118, rs2_addr:  0, rs2_rdata: 00000000, rd_addr: 11, rd_wdata: 00007118, mem_addr: 00007118, mem_rdata: 00000000, mem_wdata: 00000000
ClkCycle:       4755, pc_rdata: 0000472e, pc_wdata: 00004732, insn: 01131c00, mode: 3, rs1_addr:  0, rs1_rdata: 00000000, rs2_addr:  0, rs2_rdata: 00000000, rd_addr:  0, rd_wdata: 00000000, mem_addr: 00000000, mem_rdata: 00000000, mem_wdata: 00000000
ClkCycle:       4756, pc_rdata: 00004732, pc_wdata: 00004736, insn: c16c4025, mode: 3, rs1_addr: 10, rs1_rdata: 00007294, rs2_addr:  2, rs2_rdata: 0000003c, rd_addr:  2, rd_wdata: 00007696, mem_addr: 00007696, mem_rdata: 00000000, mem_wdata: 0000003c
ClkCycle:       4757, pc_rdata: 00004736, pc_wdata: 0000473a, insn: c16c4025, mode: 3, rs1_addr:  0, rs1_rdata: 00000000, rs2_addr:  0, rs2_rdata: 00000000, rd_addr:  0, rd_wdata: 00000000, mem_addr: 00000000, mem_rdata: 00000000, mem_wdata: 00000000
0000000100007118
ClkCycle:       4758, pc_rdata: 0000473a, pc_wdata: 0000473c, insn: 00100593, mode: 3, rs1_addr: 10, rs1_rdata: 00007294, rs2_addr: 11, rs2_rdata: 00007118, rd_addr:  4, rd_wdata: 000072d8, mem_addr: 000072d8, mem_rdata: 00000000, mem_wdata: 00007118
ClkCycle:       4759, pc_rdata: 0000473c, pc_wdata: 00004740, insn: 00100593, mode: 3, rs1_addr:  0, rs1_rdata: 00000000, rs2_addr:  1, rs2_rdata: 00007118, rd_addr: 11, rd_wdata: 00000001, mem_addr: 00000001, mem_rdata: 00000000, mem_wdata: 00007118
ClkCycle:       4760, pc_rdata: 00004740, pc_wdata: 00004744, insn: 03559593, mode: 3, rs1_addr: 11, rs1_rdata: 00007118, rs2_addr: 21, rs2_rdata: 0fab7ffe, rd_addr: 11, rd_wdata: 00200000, mem_addr: 00200000, mem_rdata: 00000000, mem_wdata: 0fab7ffe
ClkCycle:       4761, pc_rdata: 00004744, pc_wdata: 00004748, insn: 1c808513, mode: 3, rs1_addr:  1, rs1_rdata: 00007118, rs2_addr:  8, rs2_rdata: 00000000, rd_addr: 10, rd_wdata: 000072e0, mem_addr: 000072e0, mem_rdata: 00000000, mem_wdata: 00000000
ClkCycle:       4762, pc_rdata: 00004748, pc_wdata: 0000474c, insn: 04000113, mode: 3, rs1_addr:  0, rs1_rdata: 00000000, rs2_addr:  0, rs2_rdata: 00000000, rd_addr:  2, rd_wdata: 00000040, mem_addr: 00000040, mem_rdata: 00000000, mem_wdata: 00000000
ClkCycle:       4763, pc_rdata: 0000474c, pc_wdata: 00004750, insn: 40250533, mode: 3, rs1_addr: 10, rs1_rdata: 00007294, rs2_addr:  2, rs2_rdata: 00007696, rd_addr: 10, rd_wdata: 000072a0, mem_addr: 000072a0, mem_rdata: 00000000, mem_wdata: 00000040
0000000000200000
ClkCycle:       4764, pc_rdata: 00004750, pc_wdata: 00004752, insn: 0001c12c, mode: 3, rs1_addr: 10, rs1_rdata: 000072e0, rs2_addr: 11, rs2_rdata: 00200000, rd_addr:  0, rd_wdata: 000072e0, mem_addr: 000072e0, mem_rdata: 00000000, mem_wdata: 00200000
ClkCycle:       4765, pc_rdata: 00004752, pc_wdata: 00004756, insn: 0001c12c, mode: 3, rs1_addr:  0, rs1_rdata: 00000000, rs2_addr:  0, rs2_rdata: 00000000, rd_addr:  0, rd_wdata: 00000000, mem_addr: 00000000, mem_rdata: 00000000, mem_wdata: 00000000
ClkCycle:       4766, pc_rdata: 00004756, pc_wdata: 00004758, insn: 95930010, mode: 3, rs1_addr:  0, rs1_rdata: 00000000, rs2_addr:  0, rs2_rdata: 00000000, rd_addr:  0, rd_wdata: 00000000, mem_addr: 00000000, mem_rdata: 00000000, mem_wdata: 00000000
ClkCycle:       4767, pc_rdata: 00004758, pc_wdata: 0000475a, insn: 95930010, mode: 3, rs1_addr:  2, rs1_rdata: 00000040, rs2_addr:  0, rs2_rdata: 00000000, rd_addr: 12, rd_wdata: 00000040, mem_addr: 00000040, mem_rdata: 00000000, mem_wdata: 00000000
ClkCycle:       4768, pc_rdata: 0000475a, pc_wdata: 0000475e, insn: 95930010, mode: 3, rs1_addr:  0, rs1_rdata: 00000000, rs2_addr:  0, rs2_rdata: 00000000, rd_addr:  0, rd_wdata: 00000000, mem_addr: 00000000, mem_rdata: 00000000, mem_wdata: 00000000
ClkCycle:       4769, pc_rdata: 0000475e, pc_wdata: 00004762, insn: 01131d00, mode: 3, rs1_addr:  1, rs1_rdata: 00007118, rs2_addr: 16, rs2_rdata: 7d5bfddb, rd_addr: 11, rd_wdata: 71180000, mem_addr: 71180000, mem_rdata: 00000000, mem_wdata: 7d5bfddb
ClkCycle:       4770, pc_rdata: 00004762, pc_wdata: 00004766, insn: 01131d00, mode: 3, rs1_addr:  0, rs1_rdata: 00000000, rs2_addr:  0, rs2_rdata: 00000000, rd_addr:  0, rd_wdata: 00000000, mem_addr: 00000000, mem_rdata: 00000000, mem_wdata: 00000000
ClkCycle:       4771, pc_rdata: 00004766, pc_wdata: 0000476a, insn: c96c4025, mode: 3, rs1_addr: 10, rs1_rdata: 000072a0, rs2_addr:  2, rs2_rdata: 00000040, rd_addr:  2, rd_wdata: 000076a2, mem_addr: 000076a2, mem_rdata: 00000000, mem_wdata: 00000040
ClkCycle:       4772, pc_rdata: 0000476a, pc_wdata: 0000476e, insn: c96c4025, mode: 3, rs1_addr:  0, rs1_rdata: 00000000, rs2_addr:  0, rs2_rdata: 00000000, rd_addr:  0, rd_wdata: 00000000, mem_addr: 00000000, mem_rdata: 00000000, mem_wdata: 00000000
0001000071180000
ClkCycle:       4773, pc_rdata: 0000476e, pc_wdata: 00004770, insn: 00100593, mode: 3, rs1_addr: 10, rs1_rdata: 000072a0, rs2_addr: 11, rs2_rdata: 71180000, rd_addr: 20, rd_wdata: 000072f4, mem_addr: 000072f4, mem_rdata: 00000000, mem_wdata: 71180000
ClkCycle:       4774, pc_rdata: 00004770, pc_wdata: 00004774, insn: 00100593, mode: 3, rs1_addr:  0, rs1_rdata: 00000000, rs2_addr:  1, rs2_rdata: 00007118, rd_addr: 11, rd_wdata: 00000001, mem_addr: 00000001, mem_rdata: 00000000, mem_wdata: 00007118
ClkCycle:       4775, pc_rdata: 00004774, pc_wdata: 00004778, insn: 03759593, mode: 3, rs1_addr: 11, rs1_rdata: 71180000, rs2_addr: 23, rs2_rdata: 00003ead, rd_addr: 11, rd_wdata: 00800000, mem_addr: 00800000, mem_rdata: 00000000, mem_wdata: 00003ead
ClkCycle:       4776, pc_rdata: 00004778, pc_wdata: 0000477c, insn: 1d808513, mode: 3, rs1_addr:  1, rs1_rdata: 00007118, rs2_addr: 24, rs2_rdata: 0000007d, rd_addr: 10, rd_wdata: 000072f0, mem_addr: 000072f0, mem_rdata: 00000000, mem_wdata: 0000007d
ClkCycle:       4777, pc_rdata: 0000477c, pc_wdata: 00004780, insn: 02400113, mode: 3, rs1_addr:  0, rs1_rdata: 00000000, rs2_addr:  4, rs2_rdata: 6dfdffff, rd_addr:  2, rd_wdata: 00000024, mem_addr: 00000024, mem_rdata: 00000000, mem_wdata: 6dfdffff
ClkCycle:       4778, pc_rdata: 00004780, pc_wdata: 00004784, insn: 40250533, mode: 3, rs1_addr: 10, rs1_rdata: 000072a0, rs2_addr:  2, rs2_rdata: 000076a2, rd_addr: 10, rd_wdata: 000072cc, mem_addr: 000072cc, mem_rdata: 00000000, mem_wdata: 00000024
0000000000800000
ClkCycle:       4779, pc_rdata: 00004784, pc_wdata: 00004786, insn: 0001d14c, mode: 3, rs1_addr: 10, rs1_rdata: 000072f0, rs2_addr: 11, rs2_rdata: 00800000, rd_addr:  4, rd_wdata: 000072f0, mem_addr: 000072f0, mem_rdata: 00000000, mem_wdata: 00800000
ClkCycle:       4780, pc_rdata: 00004786, pc_wdata: 0000478a, insn: 0001d14c, mode: 3, rs1_addr:  0, rs1_rdata: 00000000, rs2_addr:  0, rs2_rdata: 00000000, rd_addr:  0, rd_wdata: 00000000, mem_addr: 00000000, mem_rdata: 00000000, mem_wdata: 00000000
ClkCycle:       4781, pc_rdata: 0000478a, pc_wdata: 0000478c, insn: 95930010, mode: 3, rs1_addr:  0, rs1_rdata: 00000000, rs2_addr:  0, rs2_rdata: 00000000, rd_addr:  0, rd_wdata: 00000000, mem_addr: 00000000, mem_rdata: 00000000, mem_wdata: 00000000
ClkCycle:       4782, pc_rdata: 0000478c, pc_wdata: 0000478e, insn: 95930010, mode: 3, rs1_addr:  2, rs1_rdata: 00000024, rs2_addr:  0, rs2_rdata: 00000000, rd_addr: 12, rd_wdata: 00000024, mem_addr: 00000024, mem_rdata: 00000000, mem_wdata: 00000000
ClkCycle:       4783, pc_rdata: 0000478e, pc_wdata: 00004792, insn: 95930010, mode: 3, rs1_addr:  0, rs1_rdata: 00000000, rs2_addr:  0, rs2_rdata: 00000000, rd_addr:  0, rd_wdata: 00000000, mem_addr: 00000000, mem_rdata: 00000000, mem_wdata: 00000000
ClkCycle:       4784, pc_rdata: 00004792, pc_wdata: 00004796, insn: 01131e00, mode: 3, rs1_addr:  1, rs1_rdata: 00007118, rs2_addr:  0, rs2_rdata: 00000000, rd_addr: 11, rd_wdata: 00007118, mem_addr: 00007118, mem_rdata: 00000000, mem_wdata: 00000000
ClkCycle:       4785, pc_rdata: 00004796, pc_wdata: 0000479a, insn: 01131e00, mode: 3, rs1_addr:  0, rs1_rdata: 00000000, rs2_addr:  0, rs2_rdata: 00000000, rd_addr:  0, rd_wdata: 00000000, mem_addr: 00000000, mem_rdata: 00000000, mem_wdata: 00000000
ClkCycle:       4786, pc_rdata: 0000479a, pc_wdata: 0000479e, insn: d56c4025, mode: 3, rs1_addr: 10, rs1_rdata: 000072cc, rs2_addr:  2, rs2_rdata: 00000024, rd_addr:  2, rd_wdata: 000076ce, mem_addr: 000076ce, mem_rdata: 00000000, mem_wdata: 00000024
ClkCycle:       4787, pc_rdata: 0000479e, pc_wdata: 000047a2, insn: d56c4025, mode: 3, rs1_addr:  0, rs1_rdata: 00000000, rs2_addr:  0, rs2_rdata: 00000000, rd_addr:  0, rd_wdata: 00000000, mem_addr: 00000000, mem_rdata: 00000000, mem_wdata: 00000000
0000000100007118
ClkCycle:       4788, pc_rdata: 000047a2, pc_wdata: 000047a4, insn: 00100593, mode: 3, rs1_addr: 10, rs1_rdata: 000072cc, rs2_addr: 11, rs2_rdata: 00007118, rd_addr: 12, rd_wdata: 00007338, mem_addr: 00007338, mem_rdata: 00000000, mem_wdata: 00007118
ClkCycle:       4789, pc_rdata: 000047a4, pc_wdata: 000047a8, insn: 00100593, mode: 3, rs1_addr:  0, rs1_rdata: 00000000, rs2_addr:  1, rs2_rdata: 00007118, rd_addr: 11, rd_wdata: 00000001, mem_addr: 00000001, mem_rdata: 00000000, mem_wdata: 00007118
ClkCycle:       4790, pc_rdata: 000047a8, pc_wdata: 000047ac, insn: 03959593, mode: 3, rs1_addr: 11, rs1_rdata: 00007118, rs2_addr: 25, rs2_rdata: 00000000, rd_addr: 11, rd_wdata: 02000000, mem_addr: 02000000, mem_rdata: 00000000, mem_wdata: 00000000
ClkCycle:       4791, pc_rdata: 000047ac, pc_wdata: 000047b0, insn: 1e808513, mode: 3, rs1_addr:  1, rs1_rdata: 00007118, rs2_addr:  8, rs2_rdata: 00000000, rd_addr: 10, rd_wdata: 00007300, mem_addr: 00007300, mem_rdata: 00000000, mem_wdata: 00000000
ClkCycle:       4792, pc_rdata: 000047b0, pc_wdata: 000047b4, insn: 01400113, mode: 3, rs1_addr:  0, rs1_rdata: 00000000, rs2_addr: 20, rs2_rdata: d5bfff6f, rd_addr:  2, rd_wdata: 00000014, mem_addr: 00000014, mem_rdata: 00000000, mem_wdata: d5bfff6f
ClkCycle:       4793, pc_rdata: 000047b4, pc_wdata: 000047b8, insn: 40250533, mode: 3, rs1_addr: 10, rs1_rdata: 000072cc, rs2_addr:  2, rs2_rdata: 000076ce, rd_addr: 10, rd_wdata: 000072ec, mem_addr: 000072ec, mem_rdata: 00000000, mem_wdata: 00000014
0000000002000000
ClkCycle:       4794, pc_rdata: 000047b8, pc_wdata: 000047ba, insn: 0001c94c, mode: 3, rs1_addr: 10, rs1_rdata: 00007300, rs2_addr: 11, rs2_rdata: 02000000, rd_addr: 20, rd_wdata: 00007300, mem_addr: 00007300, mem_rdata: 00000000, mem_wdata: 02000000
ClkCycle:       4795, pc_rdata: 000047ba, pc_wdata: 000047be, insn: 0001c94c, mode: 3, rs1_addr:  0, rs1_rdata: 00000000, rs2_addr:  0, rs2_rdata: 00000000, rd_addr:  0, rd_wdata: 00000000, mem_addr: 00000000, mem_rdata: 00000000, mem_wdata: 00000000
ClkCycle:       4796, pc_rdata: 000047be, pc_wdata: 000047c0, insn: 95930010, mode: 3, rs1_addr:  0, rs1_rdata: 00000000, rs2_addr:  0, rs2_rdata: 00000000, rd_addr:  0, rd_wdata: 00000000, mem_addr: 00000000, mem_rdata: 00000000, mem_wdata: 00000000
ClkCycle:       4797, pc_rdata: 000047c0, pc_wdata: 000047c2, insn: 95930010, mode: 3, rs1_addr:  2, rs1_rdata: 00000014, rs2_addr:  0, rs2_rdata: 00000000, rd_addr: 12, rd_wdata: 00000014, mem_addr: 00000014, mem_rdata: 00000000, mem_wdata: 00000000
ClkCycle:       4798, pc_rdata: 000047c2, pc_wdata: 000047c6, insn: 95930010, mode: 3, rs1_addr:  0, rs1_rdata: 00000000, rs2_addr:  0, rs2_rdata: 00000000, rd_addr:  0, rd_wdata: 00000000, mem_addr: 00000000, mem_rdata: 00000000, mem_wdata: 00000000
ClkCycle:       4799, pc_rdata: 000047c6, pc_wdata: 000047ca, insn: 01131f00, mode: 3, rs1_addr:  1, rs1_rdata: 00007118, rs2_addr: 16, rs2_rdata: 7d5bfddb, rd_addr: 11, rd_wdata: 71180000, mem_addr: 71180000, mem_rdata: 00000000, mem_wdata: 7d5bfddb
ClkCycle:       4800, pc_rdata: 000047ca, pc_wdata: 000047ce, insn: 01131f00, mode: 3, rs1_addr:  0, rs1_rdata: 00000000, rs2_addr:  0, rs2_rdata: 00000000, rd_addr:  0, rd_wdata: 00000000, mem_addr: 00000000, mem_rdata: 00000000, mem_wdata: 00000000
ClkCycle:       4801, pc_rdata: 000047ce, pc_wdata: 000047d2, insn: cd0c4025, mode: 3, rs1_addr: 10, rs1_rdata: 000072ec, rs2_addr:  2, rs2_rdata: 00000014, rd_addr:  2, rd_wdata: 000076ee, mem_addr: 000076ee, mem_rdata: 00000000, mem_wdata: 00000014
ClkCycle:       4802, pc_rdata: 000047d2, pc_wdata: 000047d6, insn: cd0c4025, mode: 3, rs1_addr:  0, rs1_rdata: 00000000, rs2_addr:  0, rs2_rdata: 00000000, rd_addr:  0, rd_wdata: 00000000, mem_addr: 00000000, mem_rdata: 00000000, mem_wdata: 00000000
0001000071180000
ClkCycle:       4803, pc_rdata: 000047d6, pc_wdata: 000047d8, insn: 00100593, mode: 3, rs1_addr: 10, rs1_rdata: 000072ec, rs2_addr: 11, rs2_rdata: 71180000, rd_addr: 24, rd_wdata: 00007304, mem_addr: 00007304, mem_rdata: 00000000, mem_wdata: 71180000
ClkCycle:       4804, pc_rdata: 000047d8, pc_wdata: 000047dc, insn: 00100593, mode: 3, rs1_addr:  0, rs1_rdata: 00000000, rs2_addr:  1, rs2_rdata: 00007118, rd_addr: 11, rd_wdata: 00000001, mem_addr: 00000001, mem_rdata: 00000000, mem_wdata: 00007118
ClkCycle:       4805, pc_rdata: 000047dc, pc_wdata: 000047e0, insn: 03b59593, mode: 3, rs1_addr: 11, rs1_rdata: 71180000, rs2_addr: 27, rs2_rdata: 00000000, rd_addr: 11, rd_wdata: 08000000, mem_addr: 08000000, mem_rdata: 00000000, mem_wdata: 00000000
ClkCycle:       4806, pc_rdata: 000047e0, pc_wdata: 000047e4, insn: 1f808513, mode: 3, rs1_addr:  1, rs1_rdata: 00007118, rs2_addr: 24, rs2_rdata: 0000007d, rd_addr: 10, rd_wdata: 00007310, mem_addr: 00007310, mem_rdata: 00000000, mem_wdata: 0000007d
ClkCycle:       4807, pc_rdata: 000047e4, pc_wdata: 000047e8, insn: 04800113, mode: 3, rs1_addr:  0, rs1_rdata: 00000000, rs2_addr:  8, rs2_rdata: 00000000, rd_addr:  2, rd_wdata: 00000048, mem_addr: 00000048, mem_rdata: 00000000, mem_wdata: 00000000
ClkCycle:       4808, pc_rdata: 000047e8, pc_wdata: 000047ec, insn: 40250533, mode: 3, rs1_addr: 10, rs1_rdata: 000072ec, rs2_addr:  2, rs2_rdata: 000076ee, rd_addr: 10, rd_wdata: 000072c8, mem_addr: 000072c8, mem_rdata: 00000000, mem_wdata: 00000048
0000000008000000
ClkCycle:       4809, pc_rdata: 000047ec, pc_wdata: 000047ee, insn: 0001c52c, mode: 3, rs1_addr: 10, rs1_rdata: 00007310, rs2_addr: 11, rs2_rdata: 08000000, rd_addr:  8, rd_wdata: 00007310, mem_addr: 00007310, mem_rdata: 00000000, mem_wdata: 08000000
ClkCycle:       4810, pc_rdata: 000047ee, pc_wdata: 000047f2, insn: 0001c52c, mode: 3, rs1_addr:  0, rs1_rdata: 00000000, rs2_addr:  0, rs2_rdata: 00000000, rd_addr:  0, rd_wdata: 00000000, mem_addr: 00000000, mem_rdata: 00000000, mem_wdata: 00000000
ClkCycle:       4811, pc_rdata: 000047f2, pc_wdata: 000047f4, insn: 95930010, mode: 3, rs1_addr:  0, rs1_rdata: 00000000, rs2_addr:  0, rs2_rdata: 00000000, rd_addr:  0, rd_wdata: 00000000, mem_addr: 00000000, mem_rdata: 00000000, mem_wdata: 00000000
ClkCycle:       4812, pc_rdata: 000047f4, pc_wdata: 000047f6, insn: 95930010, mode: 3, rs1_addr:  2, rs1_rdata: 00000048, rs2_addr:  0, rs2_rdata: 00000000, rd_addr: 12, rd_wdata: 00000048, mem_addr: 00000048, mem_rdata: 00000000, mem_wdata: 00000000
ClkCycle:       4813, pc_rdata: 000047f6, pc_wdata: 000047fa, insn: 95930010, mode: 3, rs1_addr:  0, rs1_rdata: 00000000, rs2_addr:  0, rs2_rdata: 00000000, rd_addr:  0, rd_wdata: 00000000, mem_addr: 00000000, mem_rdata: 00000000, mem_wdata: 00000000
ClkCycle:       4814, pc_rdata: 000047fa, pc_wdata: 000047fe, insn: 01132000, mode: 3, rs1_addr:  1, rs1_rdata: 00007118, rs2_addr:  0, rs2_rdata: 00000000, rd_addr: 11, rd_wdata: 00007118, mem_addr: 00007118, mem_rdata: 00000000, mem_wdata: 00000000
ClkCycle:       4815, pc_rdata: 000047fe, pc_wdata: 00004802, insn: 01132000, mode: 3, rs1_addr:  0, rs1_rdata: 00000000, rs2_addr:  0, rs2_rdata: 00000000, rd_addr:  0, rd_wdata: 00000000, mem_addr: 00000000, mem_rdata: 00000000, mem_wdata: 00000000
ClkCycle:       4816, pc_rdata: 00004802, pc_wdata: 00004806, insn: c90c4025, mode: 3, rs1_addr: 10, rs1_rdata: 000072c8, rs2_addr:  2, rs2_rdata: 00000048, rd_addr:  2, rd_wdata: 000076ca, mem_addr: 000076ca, mem_rdata: 00000000, mem_wdata: 00000048
ClkCycle:       4817, pc_rdata: 00004806, pc_wdata: 0000480a, insn: c90c4025, mode: 3, rs1_addr:  0, rs1_rdata: 00000000, rs2_addr:  0, rs2_rdata: 00000000, rd_addr:  0, rd_wdata: 00000000, mem_addr: 00000000, mem_rdata: 00000000, mem_wdata: 00000000
0000000100007118
ClkCycle:       4818, pc_rdata: 0000480a, pc_wdata: 0000480c, insn: 00100593, mode: 3, rs1_addr: 10, rs1_rdata: 000072c8, rs2_addr: 11, rs2_rdata: 00007118, rd_addr: 16, rd_wdata: 000072d8, mem_addr: 000072d8, mem_rdata: 00000000, mem_wdata: 00007118
ClkCycle:       4819, pc_rdata: 0000480c, pc_wdata: 00004810, insn: 00100593, mode: 3, rs1_addr:  0, rs1_rdata: 00000000, rs2_addr:  1, rs2_rdata: 00007118, rd_addr: 11, rd_wdata: 00000001, mem_addr: 00000001, mem_rdata: 00000000, mem_wdata: 00007118
ClkCycle:       4820, pc_rdata: 00004810, pc_wdata: 00004814, insn: 03d59593, mode: 3, rs1_addr: 11, rs1_rdata: 00007118, rs2_addr: 29, rs2_rdata: 00000000, rd_addr: 11, rd_wdata: 20000000, mem_addr: 20000000, mem_rdata: 00000000, mem_wdata: 00000000
ClkCycle:       4821, pc_rdata: 00004814, pc_wdata: 00004818, insn: 20808513, mode: 3, rs1_addr:  1, rs1_rdata: 00007118, rs2_addr:  8, rs2_rdata: 00000000, rd_addr: 10, rd_wdata: 00007320, mem_addr: 00007320, mem_rdata: 00000000, mem_wdata: 00000000
ClkCycle:       4822, pc_rdata: 00004818, pc_wdata: 0000481c, insn: 05400113, mode: 3, rs1_addr:  0, rs1_rdata: 00000000, rs2_addr: 20, rs2_rdata: d5bfff6f, rd_addr:  2, rd_wdata: 00000054, mem_addr: 00000054, mem_rdata: 00000000, mem_wdata: d5bfff6f
ClkCycle:       4823, pc_rdata: 0000481c, pc_wdata: 00004820, insn: 40250533, mode: 3, rs1_addr: 10, rs1_rdata: 000072c8, rs2_addr:  2, rs2_rdata: 000076ca, rd_addr: 10, rd_wdata: 000072cc, mem_addr: 000072cc, mem_rdata: 00000000, mem_wdata: 00000054
0000000020000000
ClkCycle:       4824, pc_rdata: 00004820, pc_wdata: 00004822, insn: 0001c96c, mode: 3, rs1_addr: 10, rs1_rdata: 00007320, rs2_addr: 11, rs2_rdata: 20000000, rd_addr: 20, rd_wdata: 00007320, mem_addr: 00007320, mem_rdata: 00000000, mem_wdata: 20000000
ClkCycle:       4825, pc_rdata: 00004822, pc_wdata: 00004826, insn: 0001c96c, mode: 3, rs1_addr:  0, rs1_rdata: 00000000, rs2_addr:  0, rs2_rdata: 00000000, rd_addr:  0, rd_wdata: 00000000, mem_addr: 00000000, mem_rdata: 00000000, mem_wdata: 00000000
ClkCycle:       4826, pc_rdata: 00004826, pc_wdata: 00004828, insn: 95930010, mode: 3, rs1_addr:  0, rs1_rdata: 00000000, rs2_addr:  0, rs2_rdata: 00000000, rd_addr:  0, rd_wdata: 00000000, mem_addr: 00000000, mem_rdata: 00000000, mem_wdata: 00000000
ClkCycle:       4827, pc_rdata: 00004828, pc_wdata: 0000482a, insn: 95930010, mode: 3, rs1_addr:  2, rs1_rdata: 00000054, rs2_addr:  0, rs2_rdata: 00000000, rd_addr: 12, rd_wdata: 00000054, mem_addr: 00000054, mem_rdata: 00000000, mem_wdata: 00000000
ClkCycle:       4828, pc_rdata: 0000482a, pc_wdata: 0000482e, insn: 95930010, mode: 3, rs1_addr:  0, rs1_rdata: 00000000, rs2_addr:  0, rs2_rdata: 00000000, rd_addr:  0, rd_wdata: 00000000, mem_addr: 00000000, mem_rdata: 00000000, mem_wdata: 00000000
ClkCycle:       4829, pc_rdata: 0000482e, pc_wdata: 00004832, insn: 01132100, mode: 3, rs1_addr:  1, rs1_rdata: 00007118, rs2_addr: 16, rs2_rdata: 7d5bfddb, rd_addr: 11, rd_wdata: 71180000, mem_addr: 71180000, mem_rdata: 00000000, mem_wdata: 7d5bfddb
ClkCycle:       4830, pc_rdata: 00004832, pc_wdata: 00004836, insn: 01132100, mode: 3, rs1_addr:  0, rs1_rdata: 00000000, rs2_addr:  0, rs2_rdata: 00000000, rd_addr:  0, rd_wdata: 00000000, mem_addr: 00000000, mem_rdata: 00000000, mem_wdata: 00000000
ClkCycle:       4831, pc_rdata: 00004836, pc_wdata: 0000483a, insn: c16c4025, mode: 3, rs1_addr: 10, rs1_rdata: 000072cc, rs2_addr:  2, rs2_rdata: 00000054, rd_addr:  2, rd_wdata: 000076ce, mem_addr: 000076ce, mem_rdata: 00000000, mem_wdata: 00000054
ClkCycle:       4832, pc_rdata: 0000483a, pc_wdata: 0000483e, insn: c16c4025, mode: 3, rs1_addr:  0, rs1_rdata: 00000000, rs2_addr:  0, rs2_rdata: 00000000, rd_addr:  0, rd_wdata: 00000000, mem_addr: 00000000, mem_rdata: 00000000, mem_wdata: 00000000
0001000071180000
ClkCycle:       4833, pc_rdata: 0000483e, pc_wdata: 00004840, insn: ffe00593, mode: 3, rs1_addr: 10, rs1_rdata: 000072cc, rs2_addr: 11, rs2_rdata: 71180000, rd_addr:  4, rd_wdata: 00007310, mem_addr: 00007310, mem_rdata: 00000000, mem_wdata: 71180000
ClkCycle:       4834, pc_rdata: 00004840, pc_wdata: 00004844, insn: ffe00593, mode: 3, rs1_addr:  0, rs1_rdata: 00000000, rs2_addr: 30, rs2_rdata: 00000000, rd_addr: 11, rd_wdata: fffffffe, mem_addr: fffffffe, mem_rdata: 00000000, mem_wdata: 00000000
ClkCycle:       4835, pc_rdata: 00004844, pc_wdata: 00004848, insn: 21808513, mode: 3, rs1_addr:  1, rs1_rdata: 00007118, rs2_addr: 24, rs2_rdata: 0000007d, rd_addr: 10, rd_wdata: 00007330, mem_addr: 00007330, mem_rdata: 00000000, mem_wdata: 0000007d
ClkCycle:       4836, pc_rdata: 00004848, pc_wdata: 0000484c, insn: 02800113, mode: 3, rs1_addr:  0, rs1_rdata: 00000000, rs2_addr:  8, rs2_rdata: 00000000, rd_addr:  2, rd_wdata: 00000028, mem_addr: 00000028, mem_rdata: 00000000, mem_wdata: 00000000
ClkCycle:       4837, pc_rdata: 0000484c, pc_wdata: 00004850, insn: 40250533, mode: 3, rs1_addr: 10, rs1_rdata: 000072cc, rs2_addr:  2, rs2_rdata: 000076ce, rd_addr: 10, rd_wdata: 00007308, mem_addr: 00007308, mem_rdata: 00000000, mem_wdata: 00000028
00000000fffffffe
ClkCycle:       4838, pc_rdata: 00004850, pc_wdata: 00004852, insn: 0001d50c, mode: 3, rs1_addr: 10, rs1_rdata: 00007330, rs2_addr: 11, rs2_rdata: fffffffe, rd_addr:  8, rd_wdata: 00007330, mem_addr: 00007330, mem_rdata: 00000000, mem_wdata: fffffffe
ClkCycle:       4839, pc_rdata: 00004852, pc_wdata: 00004856, insn: 0001d50c, mode: 3, rs1_addr:  0, rs1_rdata: 00000000, rs2_addr:  0, rs2_rdata: 00000000, rd_addr:  0, rd_wdata: 00000000, mem_addr: 00000000, mem_rdata: 00000000, mem_wdata: 00000000
ClkCycle:       4840, pc_rdata: 00004856, pc_wdata: 00004858, insn: 95930010, mode: 3, rs1_addr:  0, rs1_rdata: 00000000, rs2_addr:  0, rs2_rdata: 00000000, rd_addr:  0, rd_wdata: 00000000, mem_addr: 00000000, mem_rdata: 00000000, mem_wdata: 00000000
ClkCycle:       4841, pc_rdata: 00004858, pc_wdata: 0000485a, insn: 95930010, mode: 3, rs1_addr:  2, rs1_rdata: 00000028, rs2_addr:  0, rs2_rdata: 00000000, rd_addr: 12, rd_wdata: 00000028, mem_addr: 00000028, mem_rdata: 00000000, mem_wdata: 00000000
ClkCycle:       4842, pc_rdata: 0000485a, pc_wdata: 0000485e, insn: 95930010, mode: 3, rs1_addr:  0, rs1_rdata: 00000000, rs2_addr:  0, rs2_rdata: 00000000, rd_addr:  0, rd_wdata: 00000000, mem_addr: 00000000, mem_rdata: 00000000, mem_wdata: 00000000
ClkCycle:       4843, pc_rdata: 0000485e, pc_wdata: 00004862, insn: 8513fff5, mode: 3, rs1_addr: 11, rs1_rdata: fffffffe, rs2_addr: 31, rs2_rdata: 00000000, rd_addr: 11, rd_wdata: 00000000, mem_addr: 00000000, mem_rdata: 00000000, mem_wdata: 00000000
ClkCycle:       4844, pc_rdata: 00004862, pc_wdata: 00004866, insn: 8513fff5, mode: 3, rs1_addr:  0, rs1_rdata: 00000000, rs2_addr:  0, rs2_rdata: 00000000, rd_addr:  0, rd_wdata: 00000000, mem_addr: 00000000, mem_rdata: 00000000, mem_wdata: 00000000
ClkCycle:       4845, pc_rdata: 00004866, pc_wdata: 0000486a, insn: 05330780, mode: 3, rs1_addr:  1, rs1_rdata: 00007118, rs2_addr: 24, rs2_rdata: 0000007d, rd_addr: 10, rd_wdata: 00007190, mem_addr: 00007190, mem_rdata: 00000000, mem_wdata: 0000007d
ClkCycle:       4846, pc_rdata: 0000486a, pc_wdata: 0000486e, insn: 05330780, mode: 3, rs1_addr:  0, rs1_rdata: 00000000, rs2_addr:  0, rs2_rdata: 00000000, rd_addr:  0, rd_wdata: 00000000, mem_addr: 00000000, mem_rdata: 00000000, mem_wdata: 00000000
ClkCycle:       4847, pc_rdata: 0000486e, pc_wdata: 00004872, insn: 00010001, mode: 3, rs1_addr:  2, rs1_rdata: 00000028, rs2_addr:  0, rs2_rdata: 00000000, rd_addr: 10, rd_wdata: 00000028, mem_addr: 00000028, mem_rdata: 00000000, mem_wdata: 00000000
ClkCycle:       4848, pc_rdata: 00004872, pc_wdata: 00004876, insn: 00010001, mode: 3, rs1_addr:  0, rs1_rdata: 00000000, rs2_addr:  0, rs2_rdata: 00000000, rd_addr:  0, rd_wdata: 00000000, mem_addr: 00000000, mem_rdata: 00000000, mem_wdata: 00000000
ClkCycle:       4849, pc_rdata: 00004876, pc_wdata: 00004878, insn: 03c59593, mode: 3, rs1_addr:  0, rs1_rdata: 00000000, rs2_addr:  0, rs2_rdata: 00000000, rd_addr:  0, rd_wdata: 00000000, mem_addr: 00000000, mem_rdata: 00000000, mem_wdata: 00000000
ClkCycle:       4850, pc_rdata: 00004878, pc_wdata: 0000487c, insn: 03c59593, mode: 3, rs1_addr: 11, rs1_rdata: 00000000, rs2_addr: 28, rs2_rdata: 00000000, rd_addr: 11, rd_wdata: 00000000, mem_addr: 00000000, mem_rdata: 00000000, mem_wdata: 00000000
ClkCycle:       4851, pc_rdata: 0000487c, pc_wdata: 00004880, insn: fff5c593, mode: 3, rs1_addr: 11, rs1_rdata: 00000000, rs2_addr: 31, rs2_rdata: 00000000, rd_addr: 11, rd_wdata: ffffffff, mem_addr: ffffffff, mem_rdata: 00000000, mem_wdata: 00000000
ClkCycle:       4852, pc_rdata: 00004880, pc_wdata: 00004884, insn: 22808513, mode: 3, rs1_addr:  1, rs1_rdata: 00007118, rs2_addr:  8, rs2_rdata: 00000000, rd_addr: 10, rd_wdata: 00007340, mem_addr: 00007340, mem_rdata: 00000000, mem_wdata: 00000000
ClkCycle:       4853, pc_rdata: 00004884, pc_wdata: 00004888, insn: 04000113, mode: 3, rs1_addr:  0, rs1_rdata: 00000000, rs2_addr:  0, rs2_rdata: 00000000, rd_addr:  2, rd_wdata: 00000040, mem_addr: 00000040, mem_rdata: 00000000, mem_wdata: 00000000
ClkCycle:       4854, pc_rdata: 00004888, pc_wdata: 0000488c, insn: 40250533, mode: 3, rs1_addr: 10, rs1_rdata: 00000028, rs2_addr:  2, rs2_rdata: 00000028, rd_addr: 10, rd_wdata: 00007300, mem_addr: 00007300, mem_rdata: 00000000, mem_wdata: 00000040
f0000000ffffffff
ClkCycle:       4855, pc_rdata: 0000488c, pc_wdata: 0000488e, insn: 0001c12c, mode: 3, rs1_addr: 10, rs1_rdata: 00007340, rs2_addr: 11, rs2_rdata: ffffffff, rd_addr:  0, rd_wdata: 00007340, mem_addr: 00007340, mem_rdata: 00000000, mem_wdata: ffffffff
ClkCycle:       4856, pc_rdata: 0000488e, pc_wdata: 00004892, insn: 0001c12c, mode: 3, rs1_addr:  0, rs1_rdata: 00000000, rs2_addr:  0, rs2_rdata: 00000000, rd_addr:  0, rd_wdata: 00000000, mem_addr: 00000000, mem_rdata: 00000000, mem_wdata: 00000000
ClkCycle:       4857, pc_rdata: 00004892, pc_wdata: 00004894, insn: 95930010, mode: 3, rs1_addr:  0, rs1_rdata: 00000000, rs2_addr:  0, rs2_rdata: 00000000, rd_addr:  0, rd_wdata: 00000000, mem_addr: 00000000, mem_rdata: 00000000, mem_wdata: 00000000
ClkCycle:       4858, pc_rdata: 00004894, pc_wdata: 00004896, insn: 95930010, mode: 3, rs1_addr:  2, rs1_rdata: 00000040, rs2_addr:  0, rs2_rdata: 00000000, rd_addr: 12, rd_wdata: 00000040, mem_addr: 00000040, mem_rdata: 00000000, mem_wdata: 00000000
ClkCycle:       4859, pc_rdata: 00004896, pc_wdata: 0000489a, insn: 95930010, mode: 3, rs1_addr:  0, rs1_rdata: 00000000, rs2_addr:  0, rs2_rdata: 00000000, rd_addr:  0, rd_wdata: 00000000, mem_addr: 00000000, mem_rdata: 00000000, mem_wdata: 00000000
ClkCycle:       4860, pc_rdata: 0000489a, pc_wdata: 0000489e, insn: 8513fff5, mode: 3, rs1_addr: 11, rs1_rdata: ffffffff, rs2_addr: 31, rs2_rdata: 00000000, rd_addr: 11, rd_wdata: 80000000, mem_addr: 80000000, mem_rdata: 00000000, mem_wdata: 00000000
ClkCycle:       4861, pc_rdata: 0000489e, pc_wdata: 000048a2, insn: 8513fff5, mode: 3, rs1_addr:  0, rs1_rdata: 00000000, rs2_addr:  0, rs2_rdata: 00000000, rd_addr:  0, rd_wdata: 00000000, mem_addr: 00000000, mem_rdata: 00000000, mem_wdata: 00000000
ClkCycle:       4862, pc_rdata: 000048a2, pc_wdata: 000048a6, insn: 053300c0, mode: 3, rs1_addr:  1, rs1_rdata: 00007118, rs2_addr: 12, rs2_rdata: 00000040, rd_addr: 10, rd_wdata: 00007124, mem_addr: 00007124, mem_rdata: 00000000, mem_wdata: 00000040
ClkCycle:       4863, pc_rdata: 000048a6, pc_wdata: 000048aa, insn: 053300c0, mode: 3, rs1_addr:  0, rs1_rdata: 00000000, rs2_addr:  0, rs2_rdata: 00000000, rd_addr:  0, rd_wdata: 00000000, mem_addr: 00000000, mem_rdata: 00000000, mem_wdata: 00000000
ClkCycle:       4864, pc_rdata: 000048aa, pc_wdata: 000048ae, insn: 00010001, mode: 3, rs1_addr:  2, rs1_rdata: 00000040, rs2_addr:  0, rs2_rdata: 00000000, rd_addr: 10, rd_wdata: 00000040, mem_addr: 00000040, mem_rdata: 00000000, mem_wdata: 00000000
ClkCycle:       4865, pc_rdata: 000048ae, pc_wdata: 000048b2, insn: 00010001, mode: 3, rs1_addr:  0, rs1_rdata: 00000000, rs2_addr:  0, rs2_rdata: 00000000, rd_addr:  0, rd_wdata: 00000000, mem_addr: 00000000, mem_rdata: 00000000, mem_wdata: 00000000
ClkCycle:       4866, pc_rdata: 000048b2, pc_wdata: 000048b4, insn: 03e59593, mode: 3, rs1_addr:  0, rs1_rdata: 00000000, rs2_addr:  0, rs2_rdata: 00000000, rd_addr:  0, rd_wdata: 00000000, mem_addr: 00000000, mem_rdata: 00000000, mem_wdata: 00000000
ClkCycle:       4867, pc_rdata: 000048b4, pc_wdata: 000048b8, insn: 03e59593, mode: 3, rs1_addr: 11, rs1_rdata: 80000000, rs2_addr: 30, rs2_rdata: 00000000, rd_addr: 11, rd_wdata: 00000000, mem_addr: 00000000, mem_rdata: 00000000, mem_wdata: 00000000
ClkCycle:       4868, pc_rdata: 000048b8, pc_wdata: 000048bc, insn: fff5c593, mode: 3, rs1_addr: 11, rs1_rdata: 80000000, rs2_addr: 31, rs2_rdata: 00000000, rd_addr: 11, rd_wdata: ffffffff, mem_addr: ffffffff, mem_rdata: 00000000, mem_wdata: 00000000
ClkCycle:       4869, pc_rdata: 000048bc, pc_wdata: 000048c0, insn: 23808513, mode: 3, rs1_addr:  1, rs1_rdata: 00007118, rs2_addr: 24, rs2_rdata: 0000007d, rd_addr: 10, rd_wdata: 00007350, mem_addr: 00007350, mem_rdata: 00000000, mem_wdata: 0000007d
ClkCycle:       4870, pc_rdata: 000048c0, pc_wdata: 000048c4, insn: 02800113, mode: 3, rs1_addr:  0, rs1_rdata: 00000000, rs2_addr:  8, rs2_rdata: 00000000, rd_addr:  2, rd_wdata: 00000028, mem_addr: 00000028, mem_rdata: 00000000, mem_wdata: 00000000
ClkCycle:       4871, pc_rdata: 000048c4, pc_wdata: 000048c8, insn: 40250533, mode: 3, rs1_addr: 10, rs1_rdata: 00000040, rs2_addr:  2, rs2_rdata: 00000040, rd_addr: 10, rd_wdata: 00007328, mem_addr: 00007328, mem_rdata: 00000000, mem_wdata: 00000028
e0000000ffffffff
ClkCycle:       4872, pc_rdata: 000048c8, pc_wdata: 000048ca, insn: 0001d50c, mode: 3, rs1_addr: 10, rs1_rdata: 00007350, rs2_addr: 11, rs2_rdata: ffffffff, rd_addr:  8, rd_wdata: 00007350, mem_addr: 00007350, mem_rdata: 00000000, mem_wdata: ffffffff
ClkCycle:       4873, pc_rdata: 000048ca, pc_wdata: 000048ce, insn: 0001d50c, mode: 3, rs1_addr:  0, rs1_rdata: 00000000, rs2_addr:  0, rs2_rdata: 00000000, rd_addr:  0, rd_wdata: 00000000, mem_addr: 00000000, mem_rdata: 00000000, mem_wdata: 00000000
ClkCycle:       4874, pc_rdata: 000048ce, pc_wdata: 000048d0, insn: 85935555, mode: 3, rs1_addr:  0, rs1_rdata: 00000000, rs2_addr:  0, rs2_rdata: 00000000, rd_addr:  0, rd_wdata: 00000000, mem_addr: 00000000, mem_rdata: 00000000, mem_wdata: 00000000
ClkCycle:       4875, pc_rdata: 000048d0, pc_wdata: 000048d2, insn: 85935555, mode: 3, rs1_addr:  0, rs1_rdata: 00000000, rs2_addr: 21, rs2_rdata: 0fab7ffe, rd_addr: 10, rd_wdata: fffffff5, mem_addr: fffffff5, mem_rdata: 00000000, mem_wdata: 0fab7ffe
ClkCycle:       4876, pc_rdata: 000048d2, pc_wdata: 000048d6, insn: 85935555, mode: 3, rs1_addr:  0, rs1_rdata: 00000000, rs2_addr:  0, rs2_rdata: 00000000, rd_addr:  0, rd_wdata: 00000000, mem_addr: 00000000, mem_rdata: 00000000, mem_wdata: 00000000
ClkCycle:       4877, pc_rdata: 000048d6, pc_wdata: 000048da, insn: 859300b5, mode: 3, rs1_addr: 11, rs1_rdata: ffffffff, rs2_addr: 11, rs2_rdata: ffffffff, rd_addr: 11, rd_wdata: 0000000a, mem_addr: 0000000a, mem_rdata: 00000000, mem_wdata: ffffffff
ClkCycle:       4878, pc_rdata: 000048da, pc_wdata: 000048de, insn: 859300b5, mode: 3, rs1_addr:  0, rs1_rdata: 00000000, rs2_addr:  0, rs2_rdata: 00000000, rd_addr:  0, rd_wdata: 00000000, mem_addr: 00000000, mem_rdata: 00000000, mem_wdata: 00000000
ClkCycle:       4879, pc_rdata: 000048de, pc_wdata: 000048e2, insn: 859300b5, mode: 3, rs1_addr: 11, rs1_rdata: ffffffff, rs2_addr: 11, rs2_rdata: ffffffff, rd_addr: 11, rd_wdata: 00000015, mem_addr: 00000015, mem_rdata: 00000000, mem_wdata: 0000000a
ClkCycle:       4880, pc_rdata: 000048e2, pc_wdata: 000048e6, insn: 859300b5, mode: 3, rs1_addr:  0, rs1_rdata: 00000000, rs2_addr:  0, rs2_rdata: 00000000, rd_addr:  0, rd_wdata: 00000000, mem_addr: 00000000, mem_rdata: 00000000, mem_wdata: 00000000
ClkCycle:       4881, pc_rdata: 000048e6, pc_wdata: 000048ea, insn: 859300a5, mode: 3, rs1_addr: 11, rs1_rdata: 0000000a, rs2_addr: 10, rs2_rdata: fffffff5, rd_addr: 11, rd_wdata: 0000001f, mem_addr: 0000001f, mem_rdata: 00000000, mem_wdata: fffffff5
ClkCycle:       4882, pc_rdata: 000048ea, pc_wdata: 000048ee, insn: 859300a5, mode: 3, rs1_addr:  0, rs1_rdata: 00000000, rs2_addr:  0, rs2_rdata: 00000000, rd_addr:  0, rd_wdata: 00000000, mem_addr: 00000000, mem_rdata: 00000000, mem_wdata: 00000000
ClkCycle:       4883, pc_rdata: 000048ee, pc_wdata: 000048f2, insn: 01132400, mode: 3, rs1_addr:  1, rs1_rdata: 00007118, rs2_addr:  0, rs2_rdata: 00000000, rd_addr: 11, rd_wdata: 00007358, mem_addr: 00007358, mem_rdata: 00000000, mem_wdata: 00000000
ClkCycle:       4884, pc_rdata: 000048f2, pc_wdata: 000048f6, insn: 01132400, mode: 3, rs1_addr:  0, rs1_rdata: 00000000, rs2_addr:  0, rs2_rdata: 00000000, rd_addr:  0, rd_wdata: 00000000, mem_addr: 00000000, mem_rdata: 00000000, mem_wdata: 00000000
ClkCycle:       4885, pc_rdata: 000048f6, pc_wdata: 000048fa, insn: c94c4025, mode: 3, rs1_addr: 10, rs1_rdata: fffffff5, rs2_addr:  2, rs2_rdata: 00000028, rd_addr:  2, rd_wdata: 000003f7, mem_addr: 000003f7, mem_rdata: 00000000, mem_wdata: 00000028
ClkCycle:       4886, pc_rdata: 000048fa, pc_wdata: 000048fe, insn: c94c4025, mode: 3, rs1_addr:  0, rs1_rdata: 00000000, rs2_addr:  0, rs2_rdata: 00000000, rd_addr:  0, rd_wdata: 00000000, mem_addr: 00000000, mem_rdata: 00000000, mem_wdata: 00000000
0000000100007358
ClkCycle:       4887, pc_rdata: 000048fe, pc_wdata: 00004900, insn: aaaab5b7, mode: 3, rs1_addr: 10, rs1_rdata: fffffff5, rs2_addr: 11, rs2_rdata: 00007358, rd_addr: 20, rd_wdata: 00000009, mem_addr: 00000009, mem_rdata: 00000000, mem_wdata: 00007358
ClkCycle:       4888, pc_rdata: 00004900, pc_wdata: 00004904, insn: aaaab5b7, mode: 3, rs1_addr: 21, rs1_rdata: 0fab7ffe, rs2_addr: 10, rs2_rdata: fffffff5, rd_addr: 11, rd_wdata: aaaab000, mem_addr: aaaab000, mem_rdata: 00000000, mem_wdata: fffffff5
ClkCycle:       4889, pc_rdata: 00004904, pc_wdata: 00004908, insn: aaa58593, mode: 3, rs1_addr: 11, rs1_rdata: 00007358, rs2_addr: 10, rs2_rdata: fffffff5, rd_addr: 11, rd_wdata: aaaaaaaa, mem_addr: aaaaaaaa, mem_rdata: 00000000, mem_wdata: fffffff5
ClkCycle:       4890, pc_rdata: 00004908, pc_wdata: 0000490c, insn: 00b59593, mode: 3, rs1_addr: 11, rs1_rdata: 00007358, rs2_addr: 11, rs2_rdata: 00007358, rd_addr: 11, rd_wdata: 55555000, mem_addr: 55555000, mem_rdata: 00000000, mem_wdata: aaaaaaaa
ClkCycle:       4891, pc_rdata: 0000490c, pc_wdata: 00004910, insn: 55558593, mode: 3, rs1_addr: 11, rs1_rdata: aaaab000, rs2_addr: 21, rs2_rdata: 0fab7ffe, rd_addr: 11, rd_wdata: 55555555, mem_addr: 55555555, mem_rdata: 00000000, mem_wdata: 0fab7ffe
ClkCycle:       4892, pc_rdata: 00004910, pc_wdata: 00004914, insn: 00b59593, mode: 3, rs1_addr: 11, rs1_rdata: aaaaaaaa, rs2_addr: 11, rs2_rdata: aaaaaaaa, rd_addr: 11, rd_wdata: aaaaa800, mem_addr: aaaaa800, mem_rdata: 00000000, mem_wdata: 55555555
ClkCycle:       4893, pc_rdata: 00004914, pc_wdata: 00004918, insn: 2aa58593, mode: 3, rs1_addr: 11, rs1_rdata: 55555000, rs2_addr: 10, rs2_rdata: fffffff5, rd_addr: 11, rd_wdata: aaaaaaaa, mem_addr: aaaaaaaa, mem_rdata: 00000000, mem_wdata: fffffff5
ClkCycle:       4894, pc_rdata: 00004918, pc_wdata: 0000491c, insn: 00a59593, mode: 3, rs1_addr: 11, rs1_rdata: 55555555, rs2_addr: 10, rs2_rdata: fffffff5, rd_addr: 11, rd_wdata: aaaaa800, mem_addr: aaaaa800, mem_rdata: 00000000, mem_wdata: fffffff5
ClkCycle:       4895, pc_rdata: 0000491c, pc_wdata: 00004920, insn: 2aa58593, mode: 3, rs1_addr: 11, rs1_rdata: aaaaa800, rs2_addr: 10, rs2_rdata: fffffff5, rd_addr: 11, rd_wdata: aaaaaaaa, mem_addr: aaaaaaaa, mem_rdata: 00000000, mem_wdata: fffffff5
ClkCycle:       4896, pc_rdata: 00004920, pc_wdata: 00004924, insn: 24808513, mode: 3, rs1_addr:  1, rs1_rdata: 00007118, rs2_addr:  8, rs2_rdata: 00000000, rd_addr: 10, rd_wdata: 00007360, mem_addr: 00007360, mem_rdata: 00000000, mem_wdata: 00000000
ClkCycle:       4897, pc_rdata: 00004924, pc_wdata: 00004928, insn: 03000113, mode: 3, rs1_addr:  0, rs1_rdata: 00000000, rs2_addr: 16, rs2_rdata: 7d5bfddb, rd_addr:  2, rd_wdata: 00000030, mem_addr: 00000030, mem_rdata: 00000000, mem_wdata: 7d5bfddb
ClkCycle:       4898, pc_rdata: 00004928, pc_wdata: 0000492c, insn: 40250533, mode: 3, rs1_addr: 10, rs1_rdata: fffffff5, rs2_addr:  2, rs2_rdata: 000003f7, rd_addr: 10, rd_wdata: 00007330, mem_addr: 00007330, mem_rdata: 00000000, mem_wdata: 00000030
aaaaaaaaaaaaaaaa
ClkCycle:       4899, pc_rdata: 0000492c, pc_wdata: 0000492e, insn: 0001d90c, mode: 3, rs1_addr: 10, rs1_rdata: 00007360, rs2_addr: 11, rs2_rdata: aaaaaaaa, rd_addr: 16, rd_wdata: 00007360, mem_addr: 00007360, mem_rdata: 00000000, mem_wdata: aaaaaaaa
ClkCycle:       4900, pc_rdata: 0000492e, pc_wdata: 00004932, insn: 0001d90c, mode: 3, rs1_addr:  0, rs1_rdata: 00000000, rs2_addr:  0, rs2_rdata: 00000000, rd_addr:  0, rd_wdata: 00000000, mem_addr: 00000000, mem_rdata: 00000000, mem_wdata: 00000000
ClkCycle:       4901, pc_rdata: 00004932, pc_wdata: 00004934, insn: 8513ffd0, mode: 3, rs1_addr:  0, rs1_rdata: 00000000, rs2_addr:  0, rs2_rdata: 00000000, rd_addr:  0, rd_wdata: 00000000, mem_addr: 00000000, mem_rdata: 00000000, mem_wdata: 00000000
0000000000000040
ClkCycle:       4902, pc_rdata: 00004934, pc_wdata: 00004936, insn: 8513ffd0, mode: 3, rs1_addr: 15, rs1_rdata: 00000000, rs2_addr: 12, rs2_rdata: 00000040, rd_addr: 28, rd_wdata: 0000003c, mem_addr: 0000003c, mem_rdata: 00000000, mem_wdata: 00000040
ClkCycle:       4903, pc_rdata: 00004936, pc_wdata: 0000493a, insn: 8513ffd0, mode: 3, rs1_addr:  0, rs1_rdata: 00000000, rs2_addr:  0, rs2_rdata: 00000000, rd_addr:  0, rd_wdata: 00000000, mem_addr: 00000000, mem_rdata: 00000000, mem_wdata: 00000000
ClkCycle:       4904, pc_rdata: 0000493a, pc_wdata: 0000493e, insn: 053304c0, mode: 3, rs1_addr:  1, rs1_rdata: 00007118, rs2_addr: 12, rs2_rdata: 00000040, rd_addr: 10, rd_wdata: 00007164, mem_addr: 00007164, mem_rdata: 00000000, mem_wdata: 00000040
ClkCycle:       4905, pc_rdata: 0000493e, pc_wdata: 00004942, insn: 053304c0, mode: 3, rs1_addr:  0, rs1_rdata: 00000000, rs2_addr:  0, rs2_rdata: 00000000, rd_addr:  0, rd_wdata: 00000000, mem_addr: 00000000, mem_rdata: 00000000, mem_wdata: 00000000
ClkCycle:       4906, pc_rdata: 00004942, pc_wdata: 00004946, insn: 00010001, mode: 3, rs1_addr:  2, rs1_rdata: 00000030, rs2_addr:  0, rs2_rdata: 00000000, rd_addr: 10, rd_wdata: 00000030, mem_addr: 00000030, mem_rdata: 00000000, mem_wdata: 00000000
ClkCycle:       4907, pc_rdata: 00004946, pc_wdata: 0000494a, insn: 00010001, mode: 3, rs1_addr:  0, rs1_rdata: 00000000, rs2_addr:  0, rs2_rdata: 00000000, rd_addr:  0, rd_wdata: 00000000, mem_addr: 00000000, mem_rdata: 00000000, mem_wdata: 00000000
ClkCycle:       4908, pc_rdata: 0000494a, pc_wdata: 0000494c, insn: 25808513, mode: 3, rs1_addr:  0, rs1_rdata: 00000000, rs2_addr:  0, rs2_rdata: 00000000, rd_addr:  0, rd_wdata: 00000000, mem_addr: 00000000, mem_rdata: 00000000, mem_wdata: 00000000
ClkCycle:       4909, pc_rdata: 0000494c, pc_wdata: 00004950, insn: 25808513, mode: 3, rs1_addr:  1, rs1_rdata: 00007118, rs2_addr: 24, rs2_rdata: 0000007d, rd_addr: 10, rd_wdata: 00007370, mem_addr: 00007370, mem_rdata: 00000000, mem_wdata: 0000007d
ClkCycle:       4910, pc_rdata: 00004950, pc_wdata: 00004954, insn: 02400113, mode: 3, rs1_addr:  0, rs1_rdata: 00000000, rs2_addr:  4, rs2_rdata: 6dfdffff, rd_addr:  2, rd_wdata: 00000024, mem_addr: 00000024, mem_rdata: 00000000, mem_wdata: 6dfdffff
ClkCycle:       4911, pc_rdata: 00004954, pc_wdata: 00004958, insn: 40250533, mode: 3, rs1_addr: 10, rs1_rdata: 00000030, rs2_addr:  2, rs2_rdata: 00000030, rd_addr: 10, rd_wdata: 0000734c, mem_addr: 0000734c, mem_rdata: 00000000, mem_wdata: 00000024
aaaaaaaaaaaaaaaa
ClkCycle:       4912, pc_rdata: 00004958, pc_wdata: 0000495a, insn: 0001d14c, mode: 3, rs1_addr: 10, rs1_rdata: 00007370, rs2_addr: 11, rs2_rdata: aaaaaaaa, rd_addr:  4, rd_wdata: 00007370, mem_addr: 00007370, mem_rdata: 00000000, mem_wdata: aaaaaaaa
ClkCycle:       4913, pc_rdata: 0000495a, pc_wdata: 0000495e, insn: 0001d14c, mode: 3, rs1_addr:  0, rs1_rdata: 00000000, rs2_addr:  0, rs2_rdata: 00000000, rd_addr:  0, rd_wdata: 00000000, mem_addr: 00000000, mem_rdata: 00000000, mem_wdata: 00000000
ClkCycle:       4914, pc_rdata: 0000495e, pc_wdata: 00004960, insn: 8513ff70, mode: 3, rs1_addr:  0, rs1_rdata: 00000000, rs2_addr:  0, rs2_rdata: 00000000, rd_addr:  0, rd_wdata: 00000000, mem_addr: 00000000, mem_rdata: 00000000, mem_wdata: 00000000
0000000000000040
ClkCycle:       4915, pc_rdata: 00004960, pc_wdata: 00004962, insn: 8513ff70, mode: 3, rs1_addr: 14, rs1_rdata: 00007114, rs2_addr: 12, rs2_rdata: 00000040, rd_addr: 28, rd_wdata: 00007190, mem_addr: 00007190, mem_rdata: 00000000, mem_wdata: 00000040
ClkCycle:       4916, pc_rdata: 00004962, pc_wdata: 00004966, insn: 8513ff70, mode: 3, rs1_addr:  0, rs1_rdata: 00000000, rs2_addr:  0, rs2_rdata: 00000000, rd_addr:  0, rd_wdata: 00000000, mem_addr: 00000000, mem_rdata: 00000000, mem_wdata: 00000000
ClkCycle:       4917, pc_rdata: 00004966, pc_wdata: 0000496a, insn: 053301c0, mode: 3, rs1_addr:  1, rs1_rdata: 00007118, rs2_addr: 28, rs2_rdata: 00000000, rd_addr: 10, rd_wdata: 00007134, mem_addr: 00007134, mem_rdata: 00000000, mem_wdata: 00000000
ClkCycle:       4918, pc_rdata: 0000496a, pc_wdata: 0000496e, insn: 053301c0, mode: 3, rs1_addr:  0, rs1_rdata: 00000000, rs2_addr:  0, rs2_rdata: 00000000, rd_addr:  0, rd_wdata: 00000000, mem_addr: 00000000, mem_rdata: 00000000, mem_wdata: 00000000
ClkCycle:       4919, pc_rdata: 0000496e, pc_wdata: 00004972, insn: 00010001, mode: 3, rs1_addr:  2, rs1_rdata: 00000024, rs2_addr:  0, rs2_rdata: 00000000, rd_addr: 10, rd_wdata: 00000024, mem_addr: 00000024, mem_rdata: 00000000, mem_wdata: 00000000
ClkCycle:       4920, pc_rdata: 00004972, pc_wdata: 00004976, insn: 00010001, mode: 3, rs1_addr:  0, rs1_rdata: 00000000, rs2_addr:  0, rs2_rdata: 00000000, rd_addr:  0, rd_wdata: 00000000, mem_addr: 00000000, mem_rdata: 00000000, mem_wdata: 00000000
ClkCycle:       4921, pc_rdata: 00004976, pc_wdata: 00004978, insn: 26808513, mode: 3, rs1_addr:  0, rs1_rdata: 00000000, rs2_addr:  0, rs2_rdata: 00000000, rd_addr:  0, rd_wdata: 00000000, mem_addr: 00000000, mem_rdata: 00000000, mem_wdata: 00000000
ClkCycle:       4922, pc_rdata: 00004978, pc_wdata: 0000497c, insn: 26808513, mode: 3, rs1_addr:  1, rs1_rdata: 00007118, rs2_addr:  8, rs2_rdata: 00000000, rd_addr: 10, rd_wdata: 00007380, mem_addr: 00007380, mem_rdata: 00000000, mem_wdata: 00000000
ClkCycle:       4923, pc_rdata: 0000497c, pc_wdata: 00004980, insn: 03000113, mode: 3, rs1_addr:  0, rs1_rdata: 00000000, rs2_addr: 16, rs2_rdata: 7d5bfddb, rd_addr:  2, rd_wdata: 00000030, mem_addr: 00000030, mem_rdata: 00000000, mem_wdata: 7d5bfddb
ClkCycle:       4924, pc_rdata: 00004980, pc_wdata: 00004984, insn: 40250533, mode: 3, rs1_addr: 10, rs1_rdata: 00000024, rs2_addr:  2, rs2_rdata: 00000024, rd_addr: 10, rd_wdata: 00007350, mem_addr: 00007350, mem_rdata: 00000000, mem_wdata: 00000030
aaaaaaaaaaaaaaaa
ClkCycle:       4925, pc_rdata: 00004984, pc_wdata: 00004986, insn: 0001d90c, mode: 3, rs1_addr: 10, rs1_rdata: 00007380, rs2_addr: 11, rs2_rdata: aaaaaaaa, rd_addr: 16, rd_wdata: 00007380, mem_addr: 00007380, mem_rdata: 00000000, mem_wdata: aaaaaaaa
ClkCycle:       4926, pc_rdata: 00004986, pc_wdata: 0000498a, insn: 0001d90c, mode: 3, rs1_addr:  0, rs1_rdata: 00000000, rs2_addr:  0, rs2_rdata: 00000000, rd_addr:  0, rd_wdata: 00000000, mem_addr: 00000000, mem_rdata: 00000000, mem_wdata: 00000000
ClkCycle:       4927, pc_rdata: 0000498a, pc_wdata: 0000498c, insn: 8513fdf0, mode: 3, rs1_addr:  0, rs1_rdata: 00000000, rs2_addr:  0, rs2_rdata: 00000000, rd_addr:  0, rd_wdata: 00000000, mem_addr: 00000000, mem_rdata: 00000000, mem_wdata: 00000000
0000000000000040
ClkCycle:       4928, pc_rdata: 0000498c, pc_wdata: 0000498e, insn: 8513fdf0, mode: 3, rs1_addr: 11, rs1_rdata: aaaaaaaa, rs2_addr: 12, rs2_rdata: 00000040, rd_addr: 28, rd_wdata: aaaaab26, mem_addr: aaaaab26, mem_rdata: 00000000, mem_wdata: 00000040
ClkCycle:       4929, pc_rdata: 0000498e, pc_wdata: 00004992, insn: 8513fdf0, mode: 3, rs1_addr:  0, rs1_rdata: 00000000, rs2_addr:  0, rs2_rdata: 00000000, rd_addr:  0, rd_wdata: 00000000, mem_addr: 00000000, mem_rdata: 00000000, mem_wdata: 00000000
ClkCycle:       4930, pc_rdata: 00004992, pc_wdata: 00004996, insn: 05330140, mode: 3, rs1_addr:  1, rs1_rdata: 00007118, rs2_addr: 20, rs2_rdata: d5bfff6f, rd_addr: 10, rd_wdata: 0000712c, mem_addr: 0000712c, mem_rdata: 00000000, mem_wdata: d5bfff6f
ClkCycle:       4931, pc_rdata: 00004996, pc_wdata: 0000499a, insn: 05330140, mode: 3, rs1_addr:  0, rs1_rdata: 00000000, rs2_addr:  0, rs2_rdata: 00000000, rd_addr:  0, rd_wdata: 00000000, mem_addr: 00000000, mem_rdata: 00000000, mem_wdata: 00000000
ClkCycle:       4932, pc_rdata: 0000499a, pc_wdata: 0000499e, insn: 00010001, mode: 3, rs1_addr:  2, rs1_rdata: 00000030, rs2_addr:  0, rs2_rdata: 00000000, rd_addr: 10, rd_wdata: 00000030, mem_addr: 00000030, mem_rdata: 00000000, mem_wdata: 00000000
ClkCycle:       4933, pc_rdata: 0000499e, pc_wdata: 000049a2, insn: 00010001, mode: 3, rs1_addr:  0, rs1_rdata: 00000000, rs2_addr:  0, rs2_rdata: 00000000, rd_addr:  0, rd_wdata: 00000000, mem_addr: 00000000, mem_rdata: 00000000, mem_wdata: 00000000
ClkCycle:       4934, pc_rdata: 000049a2, pc_wdata: 000049a4, insn: 27808513, mode: 3, rs1_addr:  0, rs1_rdata: 00000000, rs2_addr:  0, rs2_rdata: 00000000, rd_addr:  0, rd_wdata: 00000000, mem_addr: 00000000, mem_rdata: 00000000, mem_wdata: 00000000
ClkCycle:       4935, pc_rdata: 000049a4, pc_wdata: 000049a8, insn: 27808513, mode: 3, rs1_addr:  1, rs1_rdata: 00007118, rs2_addr: 24, rs2_rdata: 0000007d, rd_addr: 10, rd_wdata: 00007390, mem_addr: 00007390, mem_rdata: 00000000, mem_wdata: 0000007d
ClkCycle:       4936, pc_rdata: 000049a8, pc_wdata: 000049ac, insn: 02800113, mode: 3, rs1_addr:  0, rs1_rdata: 00000000, rs2_addr:  8, rs2_rdata: 00000000, rd_addr:  2, rd_wdata: 00000028, mem_addr: 00000028, mem_rdata: 00000000, mem_wdata: 00000000
ClkCycle:       4937, pc_rdata: 000049ac, pc_wdata: 000049b0, insn: 40250533, mode: 3, rs1_addr: 10, rs1_rdata: 00000030, rs2_addr:  2, rs2_rdata: 00000030, rd_addr: 10, rd_wdata: 00007368, mem_addr: 00007368, mem_rdata: 00000000, mem_wdata: 00000028
aaaaaaaaaaaaaaaa
ClkCycle:       4938, pc_rdata: 000049b0, pc_wdata: 000049b2, insn: 0001d50c, mode: 3, rs1_addr: 10, rs1_rdata: 00007390, rs2_addr: 11, rs2_rdata: aaaaaaaa, rd_addr:  8, rd_wdata: 00007390, mem_addr: 00007390, mem_rdata: 00000000, mem_wdata: aaaaaaaa
ClkCycle:       4939, pc_rdata: 000049b2, pc_wdata: 000049b6, insn: 0001d50c, mode: 3, rs1_addr:  0, rs1_rdata: 00000000, rs2_addr:  0, rs2_rdata: 00000000, rd_addr:  0, rd_wdata: 00000000, mem_addr: 00000000, mem_rdata: 00000000, mem_wdata: 00000000
ClkCycle:       4940, pc_rdata: 000049b6, pc_wdata: 000049b8, insn: 8513f7f0, mode: 3, rs1_addr:  0, rs1_rdata: 00000000, rs2_addr:  0, rs2_rdata: 00000000, rd_addr:  0, rd_wdata: 00000000, mem_addr: 00000000, mem_rdata: 00000000, mem_wdata: 00000000
0000000000000040
ClkCycle:       4941, pc_rdata: 000049b8, pc_wdata: 000049ba, insn: 8513f7f0, mode: 3, rs1_addr: 15, rs1_rdata: 00000000, rs2_addr: 12, rs2_rdata: 00000040, rd_addr: 12, rd_wdata: 0000006c, mem_addr: 0000006c, mem_rdata: 00000000, mem_wdata: 00000040
ClkCycle:       4942, pc_rdata: 000049ba, pc_wdata: 000049be, insn: 8513f7f0, mode: 3, rs1_addr:  0, rs1_rdata: 00000000, rs2_addr:  0, rs2_rdata: 00000000, rd_addr:  0, rd_wdata: 00000000, mem_addr: 00000000, mem_rdata: 00000000, mem_wdata: 00000000
ClkCycle:       4943, pc_rdata: 000049be, pc_wdata: 000049c2, insn: 05330480, mode: 3, rs1_addr:  1, rs1_rdata: 00007118, rs2_addr:  8, rs2_rdata: 00000000, rd_addr: 10, rd_wdata: 00007160, mem_addr: 00007160, mem_rdata: 00000000, mem_wdata: 00000000
ClkCycle:       4944, pc_rdata: 000049c2, pc_wdata: 000049c6, insn: 05330480, mode: 3, rs1_addr:  0, rs1_rdata: 00000000, rs2_addr:  0, rs2_rdata: 00000000, rd_addr:  0, rd_wdata: 00000000, mem_addr: 00000000, mem_rdata: 00000000, mem_wdata: 00000000
ClkCycle:       4945, pc_rdata: 000049c6, pc_wdata: 000049ca, insn: 00010001, mode: 3, rs1_addr:  2, rs1_rdata: 00000028, rs2_addr:  0, rs2_rdata: 00000000, rd_addr: 10, rd_wdata: 00000028, mem_addr: 00000028, mem_rdata: 00000000, mem_wdata: 00000000
ClkCycle:       4946, pc_rdata: 000049ca, pc_wdata: 000049ce, insn: 00010001, mode: 3, rs1_addr:  0, rs1_rdata: 00000000, rs2_addr:  0, rs2_rdata: 00000000, rd_addr:  0, rd_wdata: 00000000, mem_addr: 00000000, mem_rdata: 00000000, mem_wdata: 00000000
ClkCycle:       4947, pc_rdata: 000049ce, pc_wdata: 000049d0, insn: 28808513, mode: 3, rs1_addr:  0, rs1_rdata: 00000000, rs2_addr:  0, rs2_rdata: 00000000, rd_addr:  0, rd_wdata: 00000000, mem_addr: 00000000, mem_rdata: 00000000, mem_wdata: 00000000
ClkCycle:       4948, pc_rdata: 000049d0, pc_wdata: 000049d4, insn: 28808513, mode: 3, rs1_addr:  1, rs1_rdata: 00007118, rs2_addr:  8, rs2_rdata: 00000000, rd_addr: 10, rd_wdata: 000073a0, mem_addr: 000073a0, mem_rdata: 00000000, mem_wdata: 00000000
ClkCycle:       4949, pc_rdata: 000049d4, pc_wdata: 000049d8, insn: 03400113, mode: 3, rs1_addr:  0, rs1_rdata: 00000000, rs2_addr: 20, rs2_rdata: d5bfff6f, rd_addr:  2, rd_wdata: 00000034, mem_addr: 00000034, mem_rdata: 00000000, mem_wdata: d5bfff6f
ClkCycle:       4950, pc_rdata: 000049d8, pc_wdata: 000049dc, insn: 40250533, mode: 3, rs1_addr: 10, rs1_rdata: 00000028, rs2_addr:  2, rs2_rdata: 00000028, rd_addr: 10, rd_wdata: 0000736c, mem_addr: 0000736c, mem_rdata: 00000000, mem_wdata: 00000034
aaaaaaaaaaaaaaaa
ClkCycle:       4951, pc_rdata: 000049dc, pc_wdata: 000049de, insn: 0001d94c, mode: 3, rs1_addr: 10, rs1_rdata: 000073a0, rs2_addr: 11, rs2_rdata: aaaaaaaa, rd_addr: 20, rd_wdata: 000073a0, mem_addr: 000073a0, mem_rdata: 00000000, mem_wdata: aaaaaaaa
ClkCycle:       4952, pc_rdata: 000049de, pc_wdata: 000049e2, insn: 0001d94c, mode: 3, rs1_addr:  0, rs1_rdata: 00000000, rs2_addr:  0, rs2_rdata: 00000000, rd_addr:  0, rd_wdata: 00000000, mem_addr: 00000000, mem_rdata: 00000000, mem_wdata: 00000000
ClkCycle:       4953, pc_rdata: 000049e2, pc_wdata: 000049e4, insn: 8513dff0, mode: 3, rs1_addr:  0, rs1_rdata: 00000000, rs2_addr:  0, rs2_rdata: 00000000, rd_addr:  0, rd_wdata: 00000000, mem_addr: 00000000, mem_rdata: 00000000, mem_wdata: 00000000
0000000000000040
ClkCycle:       4954, pc_rdata: 000049e4, pc_wdata: 000049e6, insn: 8513dff0, mode: 3, rs1_addr: 15, rs1_rdata: 00000000, rs2_addr: 12, rs2_rdata: 00000040, rd_addr: 28, rd_wdata: 0000007c, mem_addr: 0000007c, mem_rdata: 00000000, mem_wdata: 00000040
ClkCycle:       4955, pc_rdata: 000049e6, pc_wdata: 000049ea, insn: 8513dff0, mode: 3, rs1_addr:  0, rs1_rdata: 00000000, rs2_addr:  0, rs2_rdata: 00000000, rd_addr:  0, rd_wdata: 00000000, mem_addr: 00000000, mem_rdata: 00000000, mem_wdata: 00000000
ClkCycle:       4956, pc_rdata: 000049ea, pc_wdata: 000049ee, insn: 053301c0, mode: 3, rs1_addr:  1, rs1_rdata: 00007118, rs2_addr: 28, rs2_rdata: 00000000, rd_addr: 10, rd_wdata: 00007134, mem_addr: 00007134, mem_rdata: 00000000, mem_wdata: 00000000
ClkCycle:       4957, pc_rdata: 000049ee, pc_wdata: 000049f2, insn: 053301c0, mode: 3, rs1_addr:  0, rs1_rdata: 00000000, rs2_addr:  0, rs2_rdata: 00000000, rd_addr:  0, rd_wdata: 00000000, mem_addr: 00000000, mem_rdata: 00000000, mem_wdata: 00000000
ClkCycle:       4958, pc_rdata: 000049f2, pc_wdata: 000049f6, insn: 00010001, mode: 3, rs1_addr:  2, rs1_rdata: 00000034, rs2_addr:  0, rs2_rdata: 00000000, rd_addr: 10, rd_wdata: 00000034, mem_addr: 00000034, mem_rdata: 00000000, mem_wdata: 00000000
ClkCycle:       4959, pc_rdata: 000049f6, pc_wdata: 000049fa, insn: 00010001, mode: 3, rs1_addr:  0, rs1_rdata: 00000000, rs2_addr:  0, rs2_rdata: 00000000, rd_addr:  0, rd_wdata: 00000000, mem_addr: 00000000, mem_rdata: 00000000, mem_wdata: 00000000
ClkCycle:       4960, pc_rdata: 000049fa, pc_wdata: 000049fc, insn: 29808513, mode: 3, rs1_addr:  0, rs1_rdata: 00000000, rs2_addr:  0, rs2_rdata: 00000000, rd_addr:  0, rd_wdata: 00000000, mem_addr: 00000000, mem_rdata: 00000000, mem_wdata: 00000000
ClkCycle:       4961, pc_rdata: 000049fc, pc_wdata: 00004a00, insn: 29808513, mode: 3, rs1_addr:  1, rs1_rdata: 00007118, rs2_addr: 24, rs2_rdata: 0000007d, rd_addr: 10, rd_wdata: 000073b0, mem_addr: 000073b0, mem_rdata: 00000000, mem_wdata: 0000007d
ClkCycle:       4962, pc_rdata: 00004a00, pc_wdata: 00004a04, insn: 07800113, mode: 3, rs1_addr:  0, rs1_rdata: 00000000, rs2_addr: 24, rs2_rdata: 0000007d, rd_addr:  2, rd_wdata: 00000078, mem_addr: 00000078, mem_rdata: 00000000, mem_wdata: 0000007d
ClkCycle:       4963, pc_rdata: 00004a04, pc_wdata: 00004a08, insn: 40250533, mode: 3, rs1_addr: 10, rs1_rdata: 00000034, rs2_addr:  2, rs2_rdata: 00000034, rd_addr: 10, rd_wdata: 00007338, mem_addr: 00007338, mem_rdata: 00000000, mem_wdata: 00000078
aaaaaaaaaaaaaaaa
ClkCycle:       4964, pc_rdata: 00004a08, pc_wdata: 00004a0a, insn: 0001dd2c, mode: 3, rs1_addr: 10, rs1_rdata: 000073b0, rs2_addr: 11, rs2_rdata: aaaaaaaa, rd_addr: 24, rd_wdata: 000073b0, mem_addr: 000073b0, mem_rdata: 00000000, mem_wdata: aaaaaaaa
ClkCycle:       4965, pc_rdata: 00004a0a, pc_wdata: 00004a0e, insn: 0001dd2c, mode: 3, rs1_addr:  0, rs1_rdata: 00000000, rs2_addr:  0, rs2_rdata: 00000000, rd_addr:  0, rd_wdata: 00000000, mem_addr: 00000000, mem_rdata: 00000000, mem_wdata: 00000000
ClkCycle:       4966, pc_rdata: 00004a0e, pc_wdata: 00004a10, insn: 95930010, mode: 3, rs1_addr:  0, rs1_rdata: 00000000, rs2_addr:  0, rs2_rdata: 00000000, rd_addr:  0, rd_wdata: 00000000, mem_addr: 00000000, mem_rdata: 00000000, mem_wdata: 00000000
ClkCycle:       4967, pc_rdata: 00004a10, pc_wdata: 00004a12, insn: 95930010, mode: 3, rs1_addr:  2, rs1_rdata: 00000078, rs2_addr:  0, rs2_rdata: 00000000, rd_addr: 12, rd_wdata: 00000078, mem_addr: 00000078, mem_rdata: 00000000, mem_wdata: 00000000
ClkCycle:       4968, pc_rdata: 00004a12, pc_wdata: 00004a16, insn: 95930010, mode: 3, rs1_addr:  0, rs1_rdata: 00000000, rs2_addr:  0, rs2_rdata: 00000000, rd_addr:  0, rd_wdata: 00000000, mem_addr: 00000000, mem_rdata: 00000000, mem_wdata: 00000000
ClkCycle:       4969, pc_rdata: 00004a16, pc_wdata: 00004a1a, insn: 8513fff5, mode: 3, rs1_addr: 11, rs1_rdata: aaaaaaaa, rs2_addr: 31, rs2_rdata: 00000000, rd_addr: 11, rd_wdata: 00000000, mem_addr: 00000000, mem_rdata: 00000000, mem_wdata: 00000000
ClkCycle:       4970, pc_rdata: 00004a1a, pc_wdata: 00004a1e, insn: 8513fff5, mode: 3, rs1_addr:  0, rs1_rdata: 00000000, rs2_addr:  0, rs2_rdata: 00000000, rd_addr:  0, rd_wdata: 00000000, mem_addr: 00000000, mem_rdata: 00000000, mem_wdata: 00000000
ClkCycle:       4971, pc_rdata: 00004a1e, pc_wdata: 00004a22, insn: 05330540, mode: 3, rs1_addr:  1, rs1_rdata: 00007118, rs2_addr: 20, rs2_rdata: d5bfff6f, rd_addr: 10, rd_wdata: 0000716c, mem_addr: 0000716c, mem_rdata: 00000000, mem_wdata: d5bfff6f
ClkCycle:       4972, pc_rdata: 00004a22, pc_wdata: 00004a26, insn: 05330540, mode: 3, rs1_addr:  0, rs1_rdata: 00000000, rs2_addr:  0, rs2_rdata: 00000000, rd_addr:  0, rd_wdata: 00000000, mem_addr: 00000000, mem_rdata: 00000000, mem_wdata: 00000000
ClkCycle:       4973, pc_rdata: 00004a26, pc_wdata: 00004a2a, insn: 00010001, mode: 3, rs1_addr:  2, rs1_rdata: 00000078, rs2_addr:  0, rs2_rdata: 00000000, rd_addr: 10, rd_wdata: 00000078, mem_addr: 00000078, mem_rdata: 00000000, mem_wdata: 00000000
ClkCycle:       4974, pc_rdata: 00004a2a, pc_wdata: 00004a2e, insn: 00010001, mode: 3, rs1_addr:  0, rs1_rdata: 00000000, rs2_addr:  0, rs2_rdata: 00000000, rd_addr:  0, rd_wdata: 00000000, mem_addr: 00000000, mem_rdata: 00000000, mem_wdata: 00000000
ClkCycle:       4975, pc_rdata: 00004a2e, pc_wdata: 00004a30, insn: 00c59593, mode: 3, rs1_addr:  0, rs1_rdata: 00000000, rs2_addr:  0, rs2_rdata: 00000000, rd_addr:  0, rd_wdata: 00000000, mem_addr: 00000000, mem_rdata: 00000000, mem_wdata: 00000000
ClkCycle:       4976, pc_rdata: 00004a30, pc_wdata: 00004a34, insn: 00c59593, mode: 3, rs1_addr: 11, rs1_rdata: 00000000, rs2_addr: 12, rs2_rdata: 00000078, rd_addr: 11, rd_wdata: 00000000, mem_addr: 00000000, mem_rdata: 00000000, mem_wdata: 00000078
ClkCycle:       4977, pc_rdata: 00004a34, pc_wdata: 00004a38, insn: fff5c593, mode: 3, rs1_addr: 11, rs1_rdata: 00000000, rs2_addr: 31, rs2_rdata: 00000000, rd_addr: 11, rd_wdata: ffffffff, mem_addr: ffffffff, mem_rdata: 00000000, mem_wdata: 00000000
ClkCycle:       4978, pc_rdata: 00004a38, pc_wdata: 00004a3c, insn: 2a808513, mode: 3, rs1_addr:  1, rs1_rdata: 00007118, rs2_addr:  8, rs2_rdata: 00000000, rd_addr: 10, rd_wdata: 000073c0, mem_addr: 000073c0, mem_rdata: 00000000, mem_wdata: 00000000
ClkCycle:       4979, pc_rdata: 00004a3c, pc_wdata: 00004a40, insn: 02400113, mode: 3, rs1_addr:  0, rs1_rdata: 00000000, rs2_addr:  4, rs2_rdata: 6dfdffff, rd_addr:  2, rd_wdata: 00000024, mem_addr: 00000024, mem_rdata: 00000000, mem_wdata: 6dfdffff
ClkCycle:       4980, pc_rdata: 00004a40, pc_wdata: 00004a44, insn: 40250533, mode: 3, rs1_addr: 10, rs1_rdata: 00000078, rs2_addr:  2, rs2_rdata: 00000078, rd_addr: 10, rd_wdata: 0000739c, mem_addr: 0000739c, mem_rdata: 00000000, mem_wdata: 00000024
55555000ffffffff
ClkCycle:       4981, pc_rdata: 00004a44, pc_wdata: 00004a46, insn: 0001d14c, mode: 3, rs1_addr: 10, rs1_rdata: 000073c0, rs2_addr: 11, rs2_rdata: ffffffff, rd_addr:  4, rd_wdata: 000073c0, mem_addr: 000073c0, mem_rdata: 00000000, mem_wdata: ffffffff
ClkCycle:       4982, pc_rdata: 00004a46, pc_wdata: 00004a4a, insn: 0001d14c, mode: 3, rs1_addr:  0, rs1_rdata: 00000000, rs2_addr:  0, rs2_rdata: 00000000, rd_addr:  0, rd_wdata: 00000000, mem_addr: 00000000, mem_rdata: 00000000, mem_wdata: 00000000
ClkCycle:       4983, pc_rdata: 00004a4a, pc_wdata: 00004a4c, insn: 95930010, mode: 3, rs1_addr:  0, rs1_rdata: 00000000, rs2_addr:  0, rs2_rdata: 00000000, rd_addr:  0, rd_wdata: 00000000, mem_addr: 00000000, mem_rdata: 00000000, mem_wdata: 00000000
ClkCycle:       4984, pc_rdata: 00004a4c, pc_wdata: 00004a4e, insn: 95930010, mode: 3, rs1_addr:  2, rs1_rdata: 00000024, rs2_addr:  0, rs2_rdata: 00000000, rd_addr: 12, rd_wdata: 00000024, mem_addr: 00000024, mem_rdata: 00000000, mem_wdata: 00000000
ClkCycle:       4985, pc_rdata: 00004a4e, pc_wdata: 00004a52, insn: 95930010, mode: 3, rs1_addr:  0, rs1_rdata: 00000000, rs2_addr:  0, rs2_rdata: 00000000, rd_addr:  0, rd_wdata: 00000000, mem_addr: 00000000, mem_rdata: 00000000, mem_wdata: 00000000
ClkCycle:       4986, pc_rdata: 00004a52, pc_wdata: 00004a56, insn: 8513fff5, mode: 3, rs1_addr: 11, rs1_rdata: ffffffff, rs2_addr: 31, rs2_rdata: 00000000, rd_addr: 11, rd_wdata: 80000000, mem_addr: 80000000, mem_rdata: 00000000, mem_wdata: 00000000
ClkCycle:       4987, pc_rdata: 00004a56, pc_wdata: 00004a5a, insn: 8513fff5, mode: 3, rs1_addr:  0, rs1_rdata: 00000000, rs2_addr:  0, rs2_rdata: 00000000, rd_addr:  0, rd_wdata: 00000000, mem_addr: 00000000, mem_rdata: 00000000, mem_wdata: 00000000
ClkCycle:       4988, pc_rdata: 00004a5a, pc_wdata: 00004a5e, insn: 053304c0, mode: 3, rs1_addr:  1, rs1_rdata: 00007118, rs2_addr: 12, rs2_rdata: 00000024, rd_addr: 10, rd_wdata: 00007164, mem_addr: 00007164, mem_rdata: 00000000, mem_wdata: 00000024
ClkCycle:       4989, pc_rdata: 00004a5e, pc_wdata: 00004a62, insn: 053304c0, mode: 3, rs1_addr:  0, rs1_rdata: 00000000, rs2_addr:  0, rs2_rdata: 00000000, rd_addr:  0, rd_wdata: 00000000, mem_addr: 00000000, mem_rdata: 00000000, mem_wdata: 00000000
ClkCycle:       4990, pc_rdata: 00004a62, pc_wdata: 00004a66, insn: 00010001, mode: 3, rs1_addr:  2, rs1_rdata: 00000024, rs2_addr:  0, rs2_rdata: 00000000, rd_addr: 10, rd_wdata: 00000024, mem_addr: 00000024, mem_rdata: 00000000, mem_wdata: 00000000
ClkCycle:       4991, pc_rdata: 00004a66, pc_wdata: 00004a6a, insn: 00010001, mode: 3, rs1_addr:  0, rs1_rdata: 00000000, rs2_addr:  0, rs2_rdata: 00000000, rd_addr:  0, rd_wdata: 00000000, mem_addr: 00000000, mem_rdata: 00000000, mem_wdata: 00000000
ClkCycle:       4992, pc_rdata: 00004a6a, pc_wdata: 00004a6c, insn: 00e59593, mode: 3, rs1_addr:  0, rs1_rdata: 00000000, rs2_addr:  0, rs2_rdata: 00000000, rd_addr:  0, rd_wdata: 00000000, mem_addr: 00000000, mem_rdata: 00000000, mem_wdata: 00000000
ClkCycle:       4993, pc_rdata: 00004a6c, pc_wdata: 00004a70, insn: 00e59593, mode: 3, rs1_addr: 11, rs1_rdata: 80000000, rs2_addr: 14, rs2_rdata: 00007114, rd_addr: 11, rd_wdata: 00000000, mem_addr: 00000000, mem_rdata: 00000000, mem_wdata: 00007114
ClkCycle:       4994, pc_rdata: 00004a70, pc_wdata: 00004a74, insn: fff5c593, mode: 3, rs1_addr: 11, rs1_rdata: 80000000, rs2_addr: 31, rs2_rdata: 00000000, rd_addr: 11, rd_wdata: ffffffff, mem_addr: ffffffff, mem_rdata: 00000000, mem_wdata: 00000000
ClkCycle:       4995, pc_rdata: 00004a74, pc_wdata: 00004a78, insn: 2b808513, mode: 3, rs1_addr:  1, rs1_rdata: 00007118, rs2_addr: 24, rs2_rdata: 0000007d, rd_addr: 10, rd_wdata: 000073d0, mem_addr: 000073d0, mem_rdata: 00000000, mem_wdata: 0000007d
ClkCycle:       4996, pc_rdata: 00004a78, pc_wdata: 00004a7c, insn: 03400113, mode: 3, rs1_addr:  0, rs1_rdata: 00000000, rs2_addr: 20, rs2_rdata: d5bfff6f, rd_addr:  2, rd_wdata: 00000034, mem_addr: 00000034, mem_rdata: 00000000, mem_wdata: d5bfff6f
ClkCycle:       4997, pc_rdata: 00004a7c, pc_wdata: 00004a80, insn: 40250533, mode: 3, rs1_addr: 10, rs1_rdata: 00000024, rs2_addr:  2, rs2_rdata: 00000024, rd_addr: 10, rd_wdata: 0000739c, mem_addr: 0000739c, mem_rdata: 00000000, mem_wdata: 00000034
ffffe000ffffffff
ClkCycle:       4998, pc_rdata: 00004a80, pc_wdata: 00004a82, insn: 0001d94c, mode: 3, rs1_addr: 10, rs1_rdata: 000073d0, rs2_addr: 11, rs2_rdata: ffffffff, rd_addr: 20, rd_wdata: 000073d0, mem_addr: 000073d0, mem_rdata: 00000000, mem_wdata: ffffffff
ClkCycle:       4999, pc_rdata: 00004a82, pc_wdata: 00004a86, insn: 0001d94c, mode: 3, rs1_addr:  0, rs1_rdata: 00000000, rs2_addr:  0, rs2_rdata: 00000000, rd_addr:  0, rd_wdata: 00000000, mem_addr: 00000000, mem_rdata: 00000000, mem_wdata: 00000000
ClkCycle:       5000, pc_rdata: 00004a86, pc_wdata: 00004a88, insn: 95930010, mode: 3, rs1_addr:  0, rs1_rdata: 00000000, rs2_addr:  0, rs2_rdata: 00000000, rd_addr:  0, rd_wdata: 00000000, mem_addr: 00000000, mem_rdata: 00000000, mem_wdata: 00000000
ClkCycle:       5001, pc_rdata: 00004a88, pc_wdata: 00004a8a, insn: 95930010, mode: 3, rs1_addr:  2, rs1_rdata: 00000034, rs2_addr:  0, rs2_rdata: 00000000, rd_addr: 12, rd_wdata: 00000034, mem_addr: 00000034, mem_rdata: 00000000, mem_wdata: 00000000
ClkCycle:       5002, pc_rdata: 00004a8a, pc_wdata: 00004a8e, insn: 95930010, mode: 3, rs1_addr:  0, rs1_rdata: 00000000, rs2_addr:  0, rs2_rdata: 00000000, rd_addr:  0, rd_wdata: 00000000, mem_addr: 00000000, mem_rdata: 00000000, mem_wdata: 00000000
ClkCycle:       5003, pc_rdata: 00004a8e, pc_wdata: 00004a92, insn: 8513fff5, mode: 3, rs1_addr: 11, rs1_rdata: ffffffff, rs2_addr: 31, rs2_rdata: 00000000, rd_addr: 11, rd_wdata: 80000000, mem_addr: 80000000, mem_rdata: 00000000, mem_wdata: 00000000
ClkCycle:       5004, pc_rdata: 00004a92, pc_wdata: 00004a96, insn: 8513fff5, mode: 3, rs1_addr:  0, rs1_rdata: 00000000, rs2_addr:  0, rs2_rdata: 00000000, rd_addr:  0, rd_wdata: 00000000, mem_addr: 00000000, mem_rdata: 00000000, mem_wdata: 00000000
ClkCycle:       5005, pc_rdata: 00004a96, pc_wdata: 00004a9a, insn: 053306c0, mode: 3, rs1_addr:  1, rs1_rdata: 00007118, rs2_addr: 12, rs2_rdata: 00000034, rd_addr: 10, rd_wdata: 00007184, mem_addr: 00007184, mem_rdata: 00000000, mem_wdata: 00000034
ClkCycle:       5006, pc_rdata: 00004a9a, pc_wdata: 00004a9e, insn: 053306c0, mode: 3, rs1_addr:  0, rs1_rdata: 00000000, rs2_addr:  0, rs2_rdata: 00000000, rd_addr:  0, rd_wdata: 00000000, mem_addr: 00000000, mem_rdata: 00000000, mem_wdata: 00000000
ClkCycle:       5007, pc_rdata: 00004a9e, pc_wdata: 00004aa2, insn: 00010001, mode: 3, rs1_addr:  2, rs1_rdata: 00000034, rs2_addr:  0, rs2_rdata: 00000000, rd_addr: 10, rd_wdata: 00000034, mem_addr: 00000034, mem_rdata: 00000000, mem_wdata: 00000000
ClkCycle:       5008, pc_rdata: 00004aa2, pc_wdata: 00004aa6, insn: 00010001, mode: 3, rs1_addr:  0, rs1_rdata: 00000000, rs2_addr:  0, rs2_rdata: 00000000, rd_addr:  0, rd_wdata: 00000000, mem_addr: 00000000, mem_rdata: 00000000, mem_wdata: 00000000
ClkCycle:       5009, pc_rdata: 00004aa6, pc_wdata: 00004aa8, insn: 01059593, mode: 3, rs1_addr:  0, rs1_rdata: 00000000, rs2_addr:  0, rs2_rdata: 00000000, rd_addr:  0, rd_wdata: 00000000, mem_addr: 00000000, mem_rdata: 00000000, mem_wdata: 00000000
ClkCycle:       5010, pc_rdata: 00004aa8, pc_wdata: 00004aac, insn: 01059593, mode: 3, rs1_addr: 11, rs1_rdata: 80000000, rs2_addr: 16, rs2_rdata: 7d5bfddb, rd_addr: 11, rd_wdata: 00000000, mem_addr: 00000000, mem_rdata: 00000000, mem_wdata: 7d5bfddb
ClkCycle:       5011, pc_rdata: 00004aac, pc_wdata: 00004ab0, insn: fff5c593, mode: 3, rs1_addr: 11, rs1_rdata: 80000000, rs2_addr: 31, rs2_rdata: 00000000, rd_addr: 11, rd_wdata: ffffffff, mem_addr: ffffffff, mem_rdata: 00000000, mem_wdata: 00000000
ClkCycle:       5012, pc_rdata: 00004ab0, pc_wdata: 00004ab4, insn: 2c808513, mode: 3, rs1_addr:  1, rs1_rdata: 00007118, rs2_addr:  8, rs2_rdata: 00000000, rd_addr: 10, rd_wdata: 000073e0, mem_addr: 000073e0, mem_rdata: 00000000, mem_wdata: 00000000
ClkCycle:       5013, pc_rdata: 00004ab4, pc_wdata: 00004ab8, insn: 04c00113, mode: 3, rs1_addr:  0, rs1_rdata: 00000000, rs2_addr: 12, rs2_rdata: 00000034, rd_addr:  2, rd_wdata: 0000004c, mem_addr: 0000004c, mem_rdata: 00000000, mem_wdata: 00000034
ClkCycle:       5014, pc_rdata: 00004ab8, pc_wdata: 00004abc, insn: 40250533, mode: 3, rs1_addr: 10, rs1_rdata: 00000034, rs2_addr:  2, rs2_rdata: 00000034, rd_addr: 10, rd_wdata: 00007394, mem_addr: 00007394, mem_rdata: 00000000, mem_wdata: 0000004c
ffff8000ffffffff
ClkCycle:       5015, pc_rdata: 00004abc, pc_wdata: 00004abe, insn: 0001c56c, mode: 3, rs1_addr: 10, rs1_rdata: 000073e0, rs2_addr: 11, rs2_rdata: ffffffff, rd_addr: 12, rd_wdata: 000073e0, mem_addr: 000073e0, mem_rdata: 00000000, mem_wdata: ffffffff
ClkCycle:       5016, pc_rdata: 00004abe, pc_wdata: 00004ac2, insn: 0001c56c, mode: 3, rs1_addr:  0, rs1_rdata: 00000000, rs2_addr:  0, rs2_rdata: 00000000, rd_addr:  0, rd_wdata: 00000000, mem_addr: 00000000, mem_rdata: 00000000, mem_wdata: 00000000
ClkCycle:       5017, pc_rdata: 00004ac2, pc_wdata: 00004ac4, insn: 95930010, mode: 3, rs1_addr:  0, rs1_rdata: 00000000, rs2_addr:  0, rs2_rdata: 00000000, rd_addr:  0, rd_wdata: 00000000, mem_addr: 00000000, mem_rdata: 00000000, mem_wdata: 00000000
ClkCycle:       5018, pc_rdata: 00004ac4, pc_wdata: 00004ac6, insn: 95930010, mode: 3, rs1_addr:  2, rs1_rdata: 0000004c, rs2_addr:  0, rs2_rdata: 00000000, rd_addr: 12, rd_wdata: 0000004c, mem_addr: 0000004c, mem_rdata: 00000000, mem_wdata: 00000000
ClkCycle:       5019, pc_rdata: 00004ac6, pc_wdata: 00004aca, insn: 95930010, mode: 3, rs1_addr:  0, rs1_rdata: 00000000, rs2_addr:  0, rs2_rdata: 00000000, rd_addr:  0, rd_wdata: 00000000, mem_addr: 00000000, mem_rdata: 00000000, mem_wdata: 00000000
ClkCycle:       5020, pc_rdata: 00004aca, pc_wdata: 00004ace, insn: 8513fff5, mode: 3, rs1_addr: 11, rs1_rdata: ffffffff, rs2_addr: 31, rs2_rdata: 00000000, rd_addr: 11, rd_wdata: 80000000, mem_addr: 80000000, mem_rdata: 00000000, mem_wdata: 00000000
ClkCycle:       5021, pc_rdata: 00004ace, pc_wdata: 00004ad2, insn: 8513fff5, mode: 3, rs1_addr:  0, rs1_rdata: 00000000, rs2_addr:  0, rs2_rdata: 00000000, rd_addr:  0, rd_wdata: 00000000, mem_addr: 00000000, mem_rdata: 00000000, mem_wdata: 00000000
ClkCycle:       5022, pc_rdata: 00004ad2, pc_wdata: 00004ad6, insn: 053300c0, mode: 3, rs1_addr:  1, rs1_rdata: 00007118, rs2_addr: 12, rs2_rdata: 0000004c, rd_addr: 10, rd_wdata: 00007124, mem_addr: 00007124, mem_rdata: 00000000, mem_wdata: 0000004c
ClkCycle:       5023, pc_rdata: 00004ad6, pc_wdata: 00004ada, insn: 053300c0, mode: 3, rs1_addr:  0, rs1_rdata: 00000000, rs2_addr:  0, rs2_rdata: 00000000, rd_addr:  0, rd_wdata: 00000000, mem_addr: 00000000, mem_rdata: 00000000, mem_wdata: 00000000
ClkCycle:       5024, pc_rdata: 00004ada, pc_wdata: 00004ade, insn: 00010001, mode: 3, rs1_addr:  2, rs1_rdata: 0000004c, rs2_addr:  0, rs2_rdata: 00000000, rd_addr: 10, rd_wdata: 0000004c, mem_addr: 0000004c, mem_rdata: 00000000, mem_wdata: 00000000
ClkCycle:       5025, pc_rdata: 00004ade, pc_wdata: 00004ae2, insn: 00010001, mode: 3, rs1_addr:  0, rs1_rdata: 00000000, rs2_addr:  0, rs2_rdata: 00000000, rd_addr:  0, rd_wdata: 00000000, mem_addr: 00000000, mem_rdata: 00000000, mem_wdata: 00000000
ClkCycle:       5026, pc_rdata: 00004ae2, pc_wdata: 00004ae4, insn: 01259593, mode: 3, rs1_addr:  0, rs1_rdata: 00000000, rs2_addr:  0, rs2_rdata: 00000000, rd_addr:  0, rd_wdata: 00000000, mem_addr: 00000000, mem_rdata: 00000000, mem_wdata: 00000000
ClkCycle:       5027, pc_rdata: 00004ae4, pc_wdata: 00004ae8, insn: 01259593, mode: 3, rs1_addr: 11, rs1_rdata: 80000000, rs2_addr: 18, rs2_rdata: ffdbffff, rd_addr: 11, rd_wdata: 00000000, mem_addr: 00000000, mem_rdata: 00000000, mem_wdata: ffdbffff
ClkCycle:       5028, pc_rdata: 00004ae8, pc_wdata: 00004aec, insn: fff5c593, mode: 3, rs1_addr: 11, rs1_rdata: 80000000, rs2_addr: 31, rs2_rdata: 00000000, rd_addr: 11, rd_wdata: ffffffff, mem_addr: ffffffff, mem_rdata: 00000000, mem_wdata: 00000000
ClkCycle:       5029, pc_rdata: 00004aec, pc_wdata: 00004af0, insn: 2d808513, mode: 3, rs1_addr:  1, rs1_rdata: 00007118, rs2_addr: 24, rs2_rdata: 0000007d, rd_addr: 10, rd_wdata: 000073f0, mem_addr: 000073f0, mem_rdata: 00000000, mem_wdata: 0000007d
ClkCycle:       5030, pc_rdata: 00004af0, pc_wdata: 00004af4, insn: 02400113, mode: 3, rs1_addr:  0, rs1_rdata: 00000000, rs2_addr:  4, rs2_rdata: 6dfdffff, rd_addr:  2, rd_wdata: 00000024, mem_addr: 00000024, mem_rdata: 00000000, mem_wdata: 6dfdffff
ClkCycle:       5031, pc_rdata: 00004af4, pc_wdata: 00004af8, insn: 40250533, mode: 3, rs1_addr: 10, rs1_rdata: 0000004c, rs2_addr:  2, rs2_rdata: 0000004c, rd_addr: 10, rd_wdata: 000073cc, mem_addr: 000073cc, mem_rdata: 00000000, mem_wdata: 00000024
fffe0000ffffffff
ClkCycle:       5032, pc_rdata: 00004af8, pc_wdata: 00004afa, insn: 0001d14c, mode: 3, rs1_addr: 10, rs1_rdata: 000073f0, rs2_addr: 11, rs2_rdata: ffffffff, rd_addr:  4, rd_wdata: 000073f0, mem_addr: 000073f0, mem_rdata: 00000000, mem_wdata: ffffffff
ClkCycle:       5033, pc_rdata: 00004afa, pc_wdata: 00004afe, insn: 0001d14c, mode: 3, rs1_addr:  0, rs1_rdata: 00000000, rs2_addr:  0, rs2_rdata: 00000000, rd_addr:  0, rd_wdata: 00000000, mem_addr: 00000000, mem_rdata: 00000000, mem_wdata: 00000000
ClkCycle:       5034, pc_rdata: 00004afe, pc_wdata: 00004b00, insn: 95930010, mode: 3, rs1_addr:  0, rs1_rdata: 00000000, rs2_addr:  0, rs2_rdata: 00000000, rd_addr:  0, rd_wdata: 00000000, mem_addr: 00000000, mem_rdata: 00000000, mem_wdata: 00000000
ClkCycle:       5035, pc_rdata: 00004b00, pc_wdata: 00004b02, insn: 95930010, mode: 3, rs1_addr:  2, rs1_rdata: 00000024, rs2_addr:  0, rs2_rdata: 00000000, rd_addr: 12, rd_wdata: 00000024, mem_addr: 00000024, mem_rdata: 00000000, mem_wdata: 00000000
ClkCycle:       5036, pc_rdata: 00004b02, pc_wdata: 00004b06, insn: 95930010, mode: 3, rs1_addr:  0, rs1_rdata: 00000000, rs2_addr:  0, rs2_rdata: 00000000, rd_addr:  0, rd_wdata: 00000000, mem_addr: 00000000, mem_rdata: 00000000, mem_wdata: 00000000
ClkCycle:       5037, pc_rdata: 00004b06, pc_wdata: 00004b0a, insn: 8513fff5, mode: 3, rs1_addr: 11, rs1_rdata: ffffffff, rs2_addr: 31, rs2_rdata: 00000000, rd_addr: 11, rd_wdata: 80000000, mem_addr: 80000000, mem_rdata: 00000000, mem_wdata: 00000000
ClkCycle:       5038, pc_rdata: 00004b0a, pc_wdata: 00004b0e, insn: 8513fff5, mode: 3, rs1_addr:  0, rs1_rdata: 00000000, rs2_addr:  0, rs2_rdata: 00000000, rd_addr:  0, rd_wdata: 00000000, mem_addr: 00000000, mem_rdata: 00000000, mem_wdata: 00000000
ClkCycle:       5039, pc_rdata: 00004b0e, pc_wdata: 00004b12, insn: 053300c0, mode: 3, rs1_addr:  1, rs1_rdata: 00007118, rs2_addr: 12, rs2_rdata: 00000024, rd_addr: 10, rd_wdata: 00007124, mem_addr: 00007124, mem_rdata: 00000000, mem_wdata: 00000024
ClkCycle:       5040, pc_rdata: 00004b12, pc_wdata: 00004b16, insn: 053300c0, mode: 3, rs1_addr:  0, rs1_rdata: 00000000, rs2_addr:  0, rs2_rdata: 00000000, rd_addr:  0, rd_wdata: 00000000, mem_addr: 00000000, mem_rdata: 00000000, mem_wdata: 00000000
ClkCycle:       5041, pc_rdata: 00004b16, pc_wdata: 00004b1a, insn: 00010001, mode: 3, rs1_addr:  2, rs1_rdata: 00000024, rs2_addr:  0, rs2_rdata: 00000000, rd_addr: 10, rd_wdata: 00000024, mem_addr: 00000024, mem_rdata: 00000000, mem_wdata: 00000000
ClkCycle:       5042, pc_rdata: 00004b1a, pc_wdata: 00004b1e, insn: 00010001, mode: 3, rs1_addr:  0, rs1_rdata: 00000000, rs2_addr:  0, rs2_rdata: 00000000, rd_addr:  0, rd_wdata: 00000000, mem_addr: 00000000, mem_rdata: 00000000, mem_wdata: 00000000
ClkCycle:       5043, pc_rdata: 00004b1e, pc_wdata: 00004b20, insn: 01459593, mode: 3, rs1_addr:  0, rs1_rdata: 00000000, rs2_addr:  0, rs2_rdata: 00000000, rd_addr:  0, rd_wdata: 00000000, mem_addr: 00000000, mem_rdata: 00000000, mem_wdata: 00000000
ClkCycle:       5044, pc_rdata: 00004b20, pc_wdata: 00004b24, insn: 01459593, mode: 3, rs1_addr: 11, rs1_rdata: 80000000, rs2_addr: 20, rs2_rdata: d5bfff6f, rd_addr: 11, rd_wdata: 00000000, mem_addr: 00000000, mem_rdata: 00000000, mem_wdata: d5bfff6f
ClkCycle:       5045, pc_rdata: 00004b24, pc_wdata: 00004b28, insn: fff5c593, mode: 3, rs1_addr: 11, rs1_rdata: 80000000, rs2_addr: 31, rs2_rdata: 00000000, rd_addr: 11, rd_wdata: ffffffff, mem_addr: ffffffff, mem_rdata: 00000000, mem_wdata: 00000000
ClkCycle:       5046, pc_rdata: 00004b28, pc_wdata: 00004b2c, insn: 2e808513, mode: 3, rs1_addr:  1, rs1_rdata: 00007118, rs2_addr:  8, rs2_rdata: 00000000, rd_addr: 10, rd_wdata: 00007400, mem_addr: 00007400, mem_rdata: 00000000, mem_wdata: 00000000
ClkCycle:       5047, pc_rdata: 00004b2c, pc_wdata: 00004b30, insn: 03c00113, mode: 3, rs1_addr:  0, rs1_rdata: 00000000, rs2_addr: 28, rs2_rdata: 00000000, rd_addr:  2, rd_wdata: 0000003c, mem_addr: 0000003c, mem_rdata: 00000000, mem_wdata: 00000000
ClkCycle:       5048, pc_rdata: 00004b30, pc_wdata: 00004b34, insn: 40250533, mode: 3, rs1_addr: 10, rs1_rdata: 00000024, rs2_addr:  2, rs2_rdata: 00000024, rd_addr: 10, rd_wdata: 000073c4, mem_addr: 000073c4, mem_rdata: 00000000, mem_wdata: 0000003c
fff80000ffffffff
ClkCycle:       5049, pc_rdata: 00004b34, pc_wdata: 00004b36, insn: 0001dd4c, mode: 3, rs1_addr: 10, rs1_rdata: 00007400, rs2_addr: 11, rs2_rdata: ffffffff, rd_addr: 28, rd_wdata: 00007400, mem_addr: 00007400, mem_rdata: 00000000, mem_wdata: ffffffff
ClkCycle:       5050, pc_rdata: 00004b36, pc_wdata: 00004b3a, insn: 0001dd4c, mode: 3, rs1_addr:  0, rs1_rdata: 00000000, rs2_addr:  0, rs2_rdata: 00000000, rd_addr:  0, rd_wdata: 00000000, mem_addr: 00000000, mem_rdata: 00000000, mem_wdata: 00000000
ClkCycle:       5051, pc_rdata: 00004b3a, pc_wdata: 00004b3c, insn: 95930010, mode: 3, rs1_addr:  0, rs1_rdata: 00000000, rs2_addr:  0, rs2_rdata: 00000000, rd_addr:  0, rd_wdata: 00000000, mem_addr: 00000000, mem_rdata: 00000000, mem_wdata: 00000000
ClkCycle:       5052, pc_rdata: 00004b3c, pc_wdata: 00004b3e, insn: 95930010, mode: 3, rs1_addr:  2, rs1_rdata: 0000003c, rs2_addr:  0, rs2_rdata: 00000000, rd_addr: 12, rd_wdata: 0000003c, mem_addr: 0000003c, mem_rdata: 00000000, mem_wdata: 00000000
ClkCycle:       5053, pc_rdata: 00004b3e, pc_wdata: 00004b42, insn: 95930010, mode: 3, rs1_addr:  0, rs1_rdata: 00000000, rs2_addr:  0, rs2_rdata: 00000000, rd_addr:  0, rd_wdata: 00000000, mem_addr: 00000000, mem_rdata: 00000000, mem_wdata: 00000000
ClkCycle:       5054, pc_rdata: 00004b42, pc_wdata: 00004b46, insn: 8513fff5, mode: 3, rs1_addr: 11, rs1_rdata: ffffffff, rs2_addr: 31, rs2_rdata: 00000000, rd_addr: 11, rd_wdata: 80000000, mem_addr: 80000000, mem_rdata: 00000000, mem_wdata: 00000000
ClkCycle:       5055, pc_rdata: 00004b46, pc_wdata: 00004b4a, insn: 8513fff5, mode: 3, rs1_addr:  0, rs1_rdata: 00000000, rs2_addr:  0, rs2_rdata: 00000000, rd_addr:  0, rd_wdata: 00000000, mem_addr: 00000000, mem_rdata: 00000000, mem_wdata: 00000000
ClkCycle:       5056, pc_rdata: 00004b4a, pc_wdata: 00004b4e, insn: 05330400, mode: 3, rs1_addr:  1, rs1_rdata: 00007118, rs2_addr:  0, rs2_rdata: 00000000, rd_addr: 10, rd_wdata: 00007158, mem_addr: 00007158, mem_rdata: 00000000, mem_wdata: 00000000
ClkCycle:       5057, pc_rdata: 00004b4e, pc_wdata: 00004b52, insn: 05330400, mode: 3, rs1_addr:  0, rs1_rdata: 00000000, rs2_addr:  0, rs2_rdata: 00000000, rd_addr:  0, rd_wdata: 00000000, mem_addr: 00000000, mem_rdata: 00000000, mem_wdata: 00000000
ClkCycle:       5058, pc_rdata: 00004b52, pc_wdata: 00004b56, insn: 00010001, mode: 3, rs1_addr:  2, rs1_rdata: 0000003c, rs2_addr:  0, rs2_rdata: 00000000, rd_addr: 10, rd_wdata: 0000003c, mem_addr: 0000003c, mem_rdata: 00000000, mem_wdata: 00000000
ClkCycle:       5059, pc_rdata: 00004b56, pc_wdata: 00004b5a, insn: 00010001, mode: 3, rs1_addr:  0, rs1_rdata: 00000000, rs2_addr:  0, rs2_rdata: 00000000, rd_addr:  0, rd_wdata: 00000000, mem_addr: 00000000, mem_rdata: 00000000, mem_wdata: 00000000
ClkCycle:       5060, pc_rdata: 00004b5a, pc_wdata: 00004b5c, insn: 01659593, mode: 3, rs1_addr:  0, rs1_rdata: 00000000, rs2_addr:  0, rs2_rdata: 00000000, rd_addr:  0, rd_wdata: 00000000, mem_addr: 00000000, mem_rdata: 00000000, mem_wdata: 00000000
ClkCycle:       5061, pc_rdata: 00004b5c, pc_wdata: 00004b60, insn: 01659593, mode: 3, rs1_addr: 11, rs1_rdata: 80000000, rs2_addr: 22, rs2_rdata: 001f56ff, rd_addr: 11, rd_wdata: 00000000, mem_addr: 00000000, mem_rdata: 00000000, mem_wdata: 001f56ff
ClkCycle:       5062, pc_rdata: 00004b60, pc_wdata: 00004b64, insn: fff5c593, mode: 3, rs1_addr: 11, rs1_rdata: 80000000, rs2_addr: 31, rs2_rdata: 00000000, rd_addr: 11, rd_wdata: ffffffff, mem_addr: ffffffff, mem_rdata: 00000000, mem_wdata: 00000000
ClkCycle:       5063, pc_rdata: 00004b64, pc_wdata: 00004b68, insn: 2f808513, mode: 3, rs1_addr:  1, rs1_rdata: 00007118, rs2_addr: 24, rs2_rdata: 0000007d, rd_addr: 10, rd_wdata: 00007410, mem_addr: 00007410, mem_rdata: 00000000, mem_wdata: 0000007d
ClkCycle:       5064, pc_rdata: 00004b68, pc_wdata: 00004b6c, insn: 02000113, mode: 3, rs1_addr:  0, rs1_rdata: 00000000, rs2_addr:  0, rs2_rdata: 00000000, rd_addr:  2, rd_wdata: 00000020, mem_addr: 00000020, mem_rdata: 00000000, mem_wdata: 00000000
ClkCycle:       5065, pc_rdata: 00004b6c, pc_wdata: 00004b70, insn: 40250533, mode: 3, rs1_addr: 10, rs1_rdata: 0000003c, rs2_addr:  2, rs2_rdata: 0000003c, rd_addr: 10, rd_wdata: 000073f0, mem_addr: 000073f0, mem_rdata: 00000000, mem_wdata: 00000020
ffe00000ffffffff
ClkCycle:       5066, pc_rdata: 00004b70, pc_wdata: 00004b72, insn: 0001d10c, mode: 3, rs1_addr: 10, rs1_rdata: 00007410, rs2_addr: 11, rs2_rdata: ffffffff, rd_addr:  0, rd_wdata: 00007410, mem_addr: 00007410, mem_rdata: 00000000, mem_wdata: ffffffff
ClkCycle:       5067, pc_rdata: 00004b72, pc_wdata: 00004b76, insn: 0001d10c, mode: 3, rs1_addr:  0, rs1_rdata: 00000000, rs2_addr:  0, rs2_rdata: 00000000, rd_addr:  0, rd_wdata: 00000000, mem_addr: 00000000, mem_rdata: 00000000, mem_wdata: 00000000
ClkCycle:       5068, pc_rdata: 00004b76, pc_wdata: 00004b78, insn: 95930010, mode: 3, rs1_addr:  0, rs1_rdata: 00000000, rs2_addr:  0, rs2_rdata: 00000000, rd_addr:  0, rd_wdata: 00000000, mem_addr: 00000000, mem_rdata: 00000000, mem_wdata: 00000000
ClkCycle:       5069, pc_rdata: 00004b78, pc_wdata: 00004b7a, insn: 95930010, mode: 3, rs1_addr:  2, rs1_rdata: 00000020, rs2_addr:  0, rs2_rdata: 00000000, rd_addr: 12, rd_wdata: 00000020, mem_addr: 00000020, mem_rdata: 00000000, mem_wdata: 00000000
ClkCycle:       5070, pc_rdata: 00004b7a, pc_wdata: 00004b7e, insn: 95930010, mode: 3, rs1_addr:  0, rs1_rdata: 00000000, rs2_addr:  0, rs2_rdata: 00000000, rd_addr:  0, rd_wdata: 00000000, mem_addr: 00000000, mem_rdata: 00000000, mem_wdata: 00000000
ClkCycle:       5071, pc_rdata: 00004b7e, pc_wdata: 00004b82, insn: 8513fff5, mode: 3, rs1_addr: 11, rs1_rdata: ffffffff, rs2_addr: 31, rs2_rdata: 00000000, rd_addr: 11, rd_wdata: 80000000, mem_addr: 80000000, mem_rdata: 00000000, mem_wdata: 00000000
ClkCycle:       5072, pc_rdata: 00004b82, pc_wdata: 00004b86, insn: 8513fff5, mode: 3, rs1_addr:  0, rs1_rdata: 00000000, rs2_addr:  0, rs2_rdata: 00000000, rd_addr:  0, rd_wdata: 00000000, mem_addr: 00000000, mem_rdata: 00000000, mem_wdata: 00000000
ClkCycle:       5073, pc_rdata: 00004b86, pc_wdata: 00004b8a, insn: 05330280, mode: 3, rs1_addr:  1, rs1_rdata: 00007118, rs2_addr:  8, rs2_rdata: 00000000, rd_addr: 10, rd_wdata: 00007140, mem_addr: 00007140, mem_rdata: 00000000, mem_wdata: 00000000
ClkCycle:       5074, pc_rdata: 00004b8a, pc_wdata: 00004b8e, insn: 05330280, mode: 3, rs1_addr:  0, rs1_rdata: 00000000, rs2_addr:  0, rs2_rdata: 00000000, rd_addr:  0, rd_wdata: 00000000, mem_addr: 00000000, mem_rdata: 00000000, mem_wdata: 00000000
ClkCycle:       5075, pc_rdata: 00004b8e, pc_wdata: 00004b92, insn: 00010001, mode: 3, rs1_addr:  2, rs1_rdata: 00000020, rs2_addr:  0, rs2_rdata: 00000000, rd_addr: 10, rd_wdata: 00000020, mem_addr: 00000020, mem_rdata: 00000000, mem_wdata: 00000000
ClkCycle:       5076, pc_rdata: 00004b92, pc_wdata: 00004b96, insn: 00010001, mode: 3, rs1_addr:  0, rs1_rdata: 00000000, rs2_addr:  0, rs2_rdata: 00000000, rd_addr:  0, rd_wdata: 00000000, mem_addr: 00000000, mem_rdata: 00000000, mem_wdata: 00000000
ClkCycle:       5077, pc_rdata: 00004b96, pc_wdata: 00004b98, insn: 01859593, mode: 3, rs1_addr:  0, rs1_rdata: 00000000, rs2_addr:  0, rs2_rdata: 00000000, rd_addr:  0, rd_wdata: 00000000, mem_addr: 00000000, mem_rdata: 00000000, mem_wdata: 00000000
ClkCycle:       5078, pc_rdata: 00004b98, pc_wdata: 00004b9c, insn: 01859593, mode: 3, rs1_addr: 11, rs1_rdata: 80000000, rs2_addr: 24, rs2_rdata: 0000007d, rd_addr: 11, rd_wdata: 00000000, mem_addr: 00000000, mem_rdata: 00000000, mem_wdata: 0000007d
ClkCycle:       5079, pc_rdata: 00004b9c, pc_wdata: 00004ba0, insn: fff5c593, mode: 3, rs1_addr: 11, rs1_rdata: 80000000, rs2_addr: 31, rs2_rdata: 00000000, rd_addr: 11, rd_wdata: ffffffff, mem_addr: ffffffff, mem_rdata: 00000000, mem_wdata: 00000000
ClkCycle:       5080, pc_rdata: 00004ba0, pc_wdata: 00004ba4, insn: 30808513, mode: 3, rs1_addr:  1, rs1_rdata: 00007118, rs2_addr:  8, rs2_rdata: 00000000, rd_addr: 10, rd_wdata: 00007420, mem_addr: 00007420, mem_rdata: 00000000, mem_wdata: 00000000
ClkCycle:       5081, pc_rdata: 00004ba4, pc_wdata: 00004ba8, insn: 04c00113, mode: 3, rs1_addr:  0, rs1_rdata: 00000000, rs2_addr: 12, rs2_rdata: 00000020, rd_addr:  2, rd_wdata: 0000004c, mem_addr: 0000004c, mem_rdata: 00000000, mem_wdata: 00000020
ClkCycle:       5082, pc_rdata: 00004ba8, pc_wdata: 00004bac, insn: 40250533, mode: 3, rs1_addr: 10, rs1_rdata: 00000020, rs2_addr:  2, rs2_rdata: 00000020, rd_addr: 10, rd_wdata: 000073d4, mem_addr: 000073d4, mem_rdata: 00000000, mem_wdata: 0000004c
ff800000ffffffff
ClkCycle:       5083, pc_rdata: 00004bac, pc_wdata: 00004bae, insn: 0001c56c, mode: 3, rs1_addr: 10, rs1_rdata: 00007420, rs2_addr: 11, rs2_rdata: ffffffff, rd_addr: 12, rd_wdata: 00007420, mem_addr: 00007420, mem_rdata: 00000000, mem_wdata: ffffffff
ClkCycle:       5084, pc_rdata: 00004bae, pc_wdata: 00004bb2, insn: 0001c56c, mode: 3, rs1_addr:  0, rs1_rdata: 00000000, rs2_addr:  0, rs2_rdata: 00000000, rd_addr:  0, rd_wdata: 00000000, mem_addr: 00000000, mem_rdata: 00000000, mem_wdata: 00000000
ClkCycle:       5085, pc_rdata: 00004bb2, pc_wdata: 00004bb4, insn: 95930010, mode: 3, rs1_addr:  0, rs1_rdata: 00000000, rs2_addr:  0, rs2_rdata: 00000000, rd_addr:  0, rd_wdata: 00000000, mem_addr: 00000000, mem_rdata: 00000000, mem_wdata: 00000000
ClkCycle:       5086, pc_rdata: 00004bb4, pc_wdata: 00004bb6, insn: 95930010, mode: 3, rs1_addr:  2, rs1_rdata: 0000004c, rs2_addr:  0, rs2_rdata: 00000000, rd_addr: 12, rd_wdata: 0000004c, mem_addr: 0000004c, mem_rdata: 00000000, mem_wdata: 00000000
ClkCycle:       5087, pc_rdata: 00004bb6, pc_wdata: 00004bba, insn: 95930010, mode: 3, rs1_addr:  0, rs1_rdata: 00000000, rs2_addr:  0, rs2_rdata: 00000000, rd_addr:  0, rd_wdata: 00000000, mem_addr: 00000000, mem_rdata: 00000000, mem_wdata: 00000000
ClkCycle:       5088, pc_rdata: 00004bba, pc_wdata: 00004bbe, insn: 8513fff5, mode: 3, rs1_addr: 11, rs1_rdata: ffffffff, rs2_addr: 31, rs2_rdata: 00000000, rd_addr: 11, rd_wdata: 80000000, mem_addr: 80000000, mem_rdata: 00000000, mem_wdata: 00000000
ClkCycle:       5089, pc_rdata: 00004bbe, pc_wdata: 00004bc2, insn: 8513fff5, mode: 3, rs1_addr:  0, rs1_rdata: 00000000, rs2_addr:  0, rs2_rdata: 00000000, rd_addr:  0, rd_wdata: 00000000, mem_addr: 00000000, mem_rdata: 00000000, mem_wdata: 00000000
ClkCycle:       5090, pc_rdata: 00004bc2, pc_wdata: 00004bc6, insn: 05330040, mode: 3, rs1_addr:  1, rs1_rdata: 00007118, rs2_addr:  4, rs2_rdata: 6dfdffff, rd_addr: 10, rd_wdata: 0000711c, mem_addr: 0000711c, mem_rdata: 00000000, mem_wdata: 6dfdffff
ClkCycle:       5091, pc_rdata: 00004bc6, pc_wdata: 00004bca, insn: 05330040, mode: 3, rs1_addr:  0, rs1_rdata: 00000000, rs2_addr:  0, rs2_rdata: 00000000, rd_addr:  0, rd_wdata: 00000000, mem_addr: 00000000, mem_rdata: 00000000, mem_wdata: 00000000
ClkCycle:       5092, pc_rdata: 00004bca, pc_wdata: 00004bce, insn: 00010001, mode: 3, rs1_addr:  2, rs1_rdata: 0000004c, rs2_addr:  0, rs2_rdata: 00000000, rd_addr: 10, rd_wdata: 0000004c, mem_addr: 0000004c, mem_rdata: 00000000, mem_wdata: 00000000
ClkCycle:       5093, pc_rdata: 00004bce, pc_wdata: 00004bd2, insn: 00010001, mode: 3, rs1_addr:  0, rs1_rdata: 00000000, rs2_addr:  0, rs2_rdata: 00000000, rd_addr:  0, rd_wdata: 00000000, mem_addr: 00000000, mem_rdata: 00000000, mem_wdata: 00000000
ClkCycle:       5094, pc_rdata: 00004bd2, pc_wdata: 00004bd4, insn: 01a59593, mode: 3, rs1_addr:  0, rs1_rdata: 00000000, rs2_addr:  0, rs2_rdata: 00000000, rd_addr:  0, rd_wdata: 00000000, mem_addr: 00000000, mem_rdata: 00000000, mem_wdata: 00000000
ClkCycle:       5095, pc_rdata: 00004bd4, pc_wdata: 00004bd8, insn: 01a59593, mode: 3, rs1_addr: 11, rs1_rdata: 80000000, rs2_addr: 26, rs2_rdata: 00000000, rd_addr: 11, rd_wdata: 00000000, mem_addr: 00000000, mem_rdata: 00000000, mem_wdata: 00000000
ClkCycle:       5096, pc_rdata: 00004bd8, pc_wdata: 00004bdc, insn: fff5c593, mode: 3, rs1_addr: 11, rs1_rdata: 80000000, rs2_addr: 31, rs2_rdata: 00000000, rd_addr: 11, rd_wdata: ffffffff, mem_addr: ffffffff, mem_rdata: 00000000, mem_wdata: 00000000
ClkCycle:       5097, pc_rdata: 00004bdc, pc_wdata: 00004be0, insn: 31808513, mode: 3, rs1_addr:  1, rs1_rdata: 00007118, rs2_addr: 24, rs2_rdata: 0000007d, rd_addr: 10, rd_wdata: 00007430, mem_addr: 00007430, mem_rdata: 00000000, mem_wdata: 0000007d
ClkCycle:       5098, pc_rdata: 00004be0, pc_wdata: 00004be4, insn: 01800113, mode: 3, rs1_addr:  0, rs1_rdata: 00000000, rs2_addr: 24, rs2_rdata: 0000007d, rd_addr:  2, rd_wdata: 00000018, mem_addr: 00000018, mem_rdata: 00000000, mem_wdata: 0000007d
ClkCycle:       5099, pc_rdata: 00004be4, pc_wdata: 00004be8, insn: 40250533, mode: 3, rs1_addr: 10, rs1_rdata: 0000004c, rs2_addr:  2, rs2_rdata: 0000004c, rd_addr: 10, rd_wdata: 00007418, mem_addr: 00007418, mem_rdata: 00000000, mem_wdata: 00000018
fe000000ffffffff
ClkCycle:       5100, pc_rdata: 00004be8, pc_wdata: 00004bea, insn: 0001cd0c, mode: 3, rs1_addr: 10, rs1_rdata: 00007430, rs2_addr: 11, rs2_rdata: ffffffff, rd_addr: 24, rd_wdata: 00007430, mem_addr: 00007430, mem_rdata: 00000000, mem_wdata: ffffffff
ClkCycle:       5101, pc_rdata: 00004bea, pc_wdata: 00004bee, insn: 0001cd0c, mode: 3, rs1_addr:  0, rs1_rdata: 00000000, rs2_addr:  0, rs2_rdata: 00000000, rd_addr:  0, rd_wdata: 00000000, mem_addr: 00000000, mem_rdata: 00000000, mem_wdata: 00000000
ClkCycle:       5102, pc_rdata: 00004bee, pc_wdata: 00004bf0, insn: 95930010, mode: 3, rs1_addr:  0, rs1_rdata: 00000000, rs2_addr:  0, rs2_rdata: 00000000, rd_addr:  0, rd_wdata: 00000000, mem_addr: 00000000, mem_rdata: 00000000, mem_wdata: 00000000
ClkCycle:       5103, pc_rdata: 00004bf0, pc_wdata: 00004bf2, insn: 95930010, mode: 3, rs1_addr:  2, rs1_rdata: 00000018, rs2_addr:  0, rs2_rdata: 00000000, rd_addr: 12, rd_wdata: 00000018, mem_addr: 00000018, mem_rdata: 00000000, mem_wdata: 00000000
ClkCycle:       5104, pc_rdata: 00004bf2, pc_wdata: 00004bf6, insn: 95930010, mode: 3, rs1_addr:  0, rs1_rdata: 00000000, rs2_addr:  0, rs2_rdata: 00000000, rd_addr:  0, rd_wdata: 00000000, mem_addr: 00000000, mem_rdata: 00000000, mem_wdata: 00000000
ClkCycle:       5105, pc_rdata: 00004bf6, pc_wdata: 00004bfa, insn: 8513fff5, mode: 3, rs1_addr: 11, rs1_rdata: ffffffff, rs2_addr: 31, rs2_rdata: 00000000, rd_addr: 11, rd_wdata: 80000000, mem_addr: 80000000, mem_rdata: 00000000, mem_wdata: 00000000
ClkCycle:       5106, pc_rdata: 00004bfa, pc_wdata: 00004bfe, insn: 8513fff5, mode: 3, rs1_addr:  0, rs1_rdata: 00000000, rs2_addr:  0, rs2_rdata: 00000000, rd_addr:  0, rd_wdata: 00000000, mem_addr: 00000000, mem_rdata: 00000000, mem_wdata: 00000000
ClkCycle:       5107, pc_rdata: 00004bfe, pc_wdata: 00004c02, insn: 05330480, mode: 3, rs1_addr:  1, rs1_rdata: 00007118, rs2_addr:  8, rs2_rdata: 00000000, rd_addr: 10, rd_wdata: 00007160, mem_addr: 00007160, mem_rdata: 00000000, mem_wdata: 00000000
ClkCycle:       5108, pc_rdata: 00004c02, pc_wdata: 00004c06, insn: 05330480, mode: 3, rs1_addr:  0, rs1_rdata: 00000000, rs2_addr:  0, rs2_rdata: 00000000, rd_addr:  0, rd_wdata: 00000000, mem_addr: 00000000, mem_rdata: 00000000, mem_wdata: 00000000
ClkCycle:       5109, pc_rdata: 00004c06, pc_wdata: 00004c0a, insn: 00010001, mode: 3, rs1_addr:  2, rs1_rdata: 00000018, rs2_addr:  0, rs2_rdata: 00000000, rd_addr: 10, rd_wdata: 00000018, mem_addr: 00000018, mem_rdata: 00000000, mem_wdata: 00000000
ClkCycle:       5110, pc_rdata: 00004c0a, pc_wdata: 00004c0e, insn: 00010001, mode: 3, rs1_addr:  0, rs1_rdata: 00000000, rs2_addr:  0, rs2_rdata: 00000000, rd_addr:  0, rd_wdata: 00000000, mem_addr: 00000000, mem_rdata: 00000000, mem_wdata: 00000000
ClkCycle:       5111, pc_rdata: 00004c0e, pc_wdata: 00004c10, insn: 01c59593, mode: 3, rs1_addr:  0, rs1_rdata: 00000000, rs2_addr:  0, rs2_rdata: 00000000, rd_addr:  0, rd_wdata: 00000000, mem_addr: 00000000, mem_rdata: 00000000, mem_wdata: 00000000
ClkCycle:       5112, pc_rdata: 00004c10, pc_wdata: 00004c14, insn: 01c59593, mode: 3, rs1_addr: 11, rs1_rdata: 80000000, rs2_addr: 28, rs2_rdata: 00000000, rd_addr: 11, rd_wdata: 00000000, mem_addr: 00000000, mem_rdata: 00000000, mem_wdata: 00000000
ClkCycle:       5113, pc_rdata: 00004c14, pc_wdata: 00004c18, insn: fff5c593, mode: 3, rs1_addr: 11, rs1_rdata: 80000000, rs2_addr: 31, rs2_rdata: 00000000, rd_addr: 11, rd_wdata: ffffffff, mem_addr: ffffffff, mem_rdata: 00000000, mem_wdata: 00000000
ClkCycle:       5114, pc_rdata: 00004c18, pc_wdata: 00004c1c, insn: 32808513, mode: 3, rs1_addr:  1, rs1_rdata: 00007118, rs2_addr:  8, rs2_rdata: 00000000, rd_addr: 10, rd_wdata: 00007440, mem_addr: 00007440, mem_rdata: 00000000, mem_wdata: 00000000
ClkCycle:       5115, pc_rdata: 00004c1c, pc_wdata: 00004c20, insn: 03c00113, mode: 3, rs1_addr:  0, rs1_rdata: 00000000, rs2_addr: 28, rs2_rdata: 00000000, rd_addr:  2, rd_wdata: 0000003c, mem_addr: 0000003c, mem_rdata: 00000000, mem_wdata: 00000000
ClkCycle:       5116, pc_rdata: 00004c20, pc_wdata: 00004c24, insn: 40250533, mode: 3, rs1_addr: 10, rs1_rdata: 00000018, rs2_addr:  2, rs2_rdata: 00000018, rd_addr: 10, rd_wdata: 00007404, mem_addr: 00007404, mem_rdata: 00000000, mem_wdata: 0000003c
f8000000ffffffff
ClkCycle:       5117, pc_rdata: 00004c24, pc_wdata: 00004c26, insn: 0001dd4c, mode: 3, rs1_addr: 10, rs1_rdata: 00007440, rs2_addr: 11, rs2_rdata: ffffffff, rd_addr: 28, rd_wdata: 00007440, mem_addr: 00007440, mem_rdata: 00000000, mem_wdata: ffffffff
ClkCycle:       5118, pc_rdata: 00004c26, pc_wdata: 00004c2a, insn: 0001dd4c, mode: 3, rs1_addr:  0, rs1_rdata: 00000000, rs2_addr:  0, rs2_rdata: 00000000, rd_addr:  0, rd_wdata: 00000000, mem_addr: 00000000, mem_rdata: 00000000, mem_wdata: 00000000
ClkCycle:       5119, pc_rdata: 00004c2a, pc_wdata: 00004c2c, insn: 95930010, mode: 3, rs1_addr:  0, rs1_rdata: 00000000, rs2_addr:  0, rs2_rdata: 00000000, rd_addr:  0, rd_wdata: 00000000, mem_addr: 00000000, mem_rdata: 00000000, mem_wdata: 00000000
ClkCycle:       5120, pc_rdata: 00004c2c, pc_wdata: 00004c2e, insn: 95930010, mode: 3, rs1_addr:  2, rs1_rdata: 0000003c, rs2_addr:  0, rs2_rdata: 00000000, rd_addr: 12, rd_wdata: 0000003c, mem_addr: 0000003c, mem_rdata: 00000000, mem_wdata: 00000000
ClkCycle:       5121, pc_rdata: 00004c2e, pc_wdata: 00004c32, insn: 95930010, mode: 3, rs1_addr:  0, rs1_rdata: 00000000, rs2_addr:  0, rs2_rdata: 00000000, rd_addr:  0, rd_wdata: 00000000, mem_addr: 00000000, mem_rdata: 00000000, mem_wdata: 00000000
ClkCycle:       5122, pc_rdata: 00004c32, pc_wdata: 00004c36, insn: 8513fff5, mode: 3, rs1_addr: 11, rs1_rdata: ffffffff, rs2_addr: 31, rs2_rdata: 00000000, rd_addr: 11, rd_wdata: 80000000, mem_addr: 80000000, mem_rdata: 00000000, mem_wdata: 00000000
ClkCycle:       5123, pc_rdata: 00004c36, pc_wdata: 00004c3a, insn: 8513fff5, mode: 3, rs1_addr:  0, rs1_rdata: 00000000, rs2_addr:  0, rs2_rdata: 00000000, rd_addr:  0, rd_wdata: 00000000, mem_addr: 00000000, mem_rdata: 00000000, mem_wdata: 00000000
ClkCycle:       5124, pc_rdata: 00004c3a, pc_wdata: 00004c3e, insn: 05330480, mode: 3, rs1_addr:  1, rs1_rdata: 00007118, rs2_addr:  8, rs2_rdata: 00000000, rd_addr: 10, rd_wdata: 00007160, mem_addr: 00007160, mem_rdata: 00000000, mem_wdata: 00000000
ClkCycle:       5125, pc_rdata: 00004c3e, pc_wdata: 00004c42, insn: 05330480, mode: 3, rs1_addr:  0, rs1_rdata: 00000000, rs2_addr:  0, rs2_rdata: 00000000, rd_addr:  0, rd_wdata: 00000000, mem_addr: 00000000, mem_rdata: 00000000, mem_wdata: 00000000
ClkCycle:       5126, pc_rdata: 00004c42, pc_wdata: 00004c46, insn: 00010001, mode: 3, rs1_addr:  2, rs1_rdata: 0000003c, rs2_addr:  0, rs2_rdata: 00000000, rd_addr: 10, rd_wdata: 0000003c, mem_addr: 0000003c, mem_rdata: 00000000, mem_wdata: 00000000
ClkCycle:       5127, pc_rdata: 00004c46, pc_wdata: 00004c4a, insn: 00010001, mode: 3, rs1_addr:  0, rs1_rdata: 00000000, rs2_addr:  0, rs2_rdata: 00000000, rd_addr:  0, rd_wdata: 00000000, mem_addr: 00000000, mem_rdata: 00000000, mem_wdata: 00000000
ClkCycle:       5128, pc_rdata: 00004c4a, pc_wdata: 00004c4c, insn: 01e59593, mode: 3, rs1_addr:  0, rs1_rdata: 00000000, rs2_addr:  0, rs2_rdata: 00000000, rd_addr:  0, rd_wdata: 00000000, mem_addr: 00000000, mem_rdata: 00000000, mem_wdata: 00000000
ClkCycle:       5129, pc_rdata: 00004c4c, pc_wdata: 00004c50, insn: 01e59593, mode: 3, rs1_addr: 11, rs1_rdata: 80000000, rs2_addr: 30, rs2_rdata: 00000000, rd_addr: 11, rd_wdata: 00000000, mem_addr: 00000000, mem_rdata: 00000000, mem_wdata: 00000000
ClkCycle:       5130, pc_rdata: 00004c50, pc_wdata: 00004c54, insn: fff5c593, mode: 3, rs1_addr: 11, rs1_rdata: 80000000, rs2_addr: 31, rs2_rdata: 00000000, rd_addr: 11, rd_wdata: ffffffff, mem_addr: ffffffff, mem_rdata: 00000000, mem_wdata: 00000000
ClkCycle:       5131, pc_rdata: 00004c54, pc_wdata: 00004c58, insn: 33808513, mode: 3, rs1_addr:  1, rs1_rdata: 00007118, rs2_addr: 24, rs2_rdata: 0000007d, rd_addr: 10, rd_wdata: 00007450, mem_addr: 00007450, mem_rdata: 00000000, mem_wdata: 0000007d
ClkCycle:       5132, pc_rdata: 00004c58, pc_wdata: 00004c5c, insn: 07400113, mode: 3, rs1_addr:  0, rs1_rdata: 00000000, rs2_addr: 20, rs2_rdata: d5bfff6f, rd_addr:  2, rd_wdata: 00000074, mem_addr: 00000074, mem_rdata: 00000000, mem_wdata: d5bfff6f
ClkCycle:       5133, pc_rdata: 00004c5c, pc_wdata: 00004c60, insn: 40250533, mode: 3, rs1_addr: 10, rs1_rdata: 0000003c, rs2_addr:  2, rs2_rdata: 0000003c, rd_addr: 10, rd_wdata: 000073dc, mem_addr: 000073dc, mem_rdata: 00000000, mem_wdata: 00000074
e0000000ffffffff
ClkCycle:       5134, pc_rdata: 00004c60, pc_wdata: 00004c62, insn: 0001d96c, mode: 3, rs1_addr: 10, rs1_rdata: 00007450, rs2_addr: 11, rs2_rdata: ffffffff, rd_addr: 20, rd_wdata: 00007450, mem_addr: 00007450, mem_rdata: 00000000, mem_wdata: ffffffff
ClkCycle:       5135, pc_rdata: 00004c62, pc_wdata: 00004c66, insn: 0001d96c, mode: 3, rs1_addr:  0, rs1_rdata: 00000000, rs2_addr:  0, rs2_rdata: 00000000, rd_addr:  0, rd_wdata: 00000000, mem_addr: 00000000, mem_rdata: 00000000, mem_wdata: 00000000
ClkCycle:       5136, pc_rdata: 00004c66, pc_wdata: 00004c68, insn: 95930010, mode: 3, rs1_addr:  0, rs1_rdata: 00000000, rs2_addr:  0, rs2_rdata: 00000000, rd_addr:  0, rd_wdata: 00000000, mem_addr: 00000000, mem_rdata: 00000000, mem_wdata: 00000000
ClkCycle:       5137, pc_rdata: 00004c68, pc_wdata: 00004c6a, insn: 95930010, mode: 3, rs1_addr:  2, rs1_rdata: 00000074, rs2_addr:  0, rs2_rdata: 00000000, rd_addr: 12, rd_wdata: 00000074, mem_addr: 00000074, mem_rdata: 00000000, mem_wdata: 00000000
ClkCycle:       5138, pc_rdata: 00004c6a, pc_wdata: 00004c6e, insn: 95930010, mode: 3, rs1_addr:  0, rs1_rdata: 00000000, rs2_addr:  0, rs2_rdata: 00000000, rd_addr:  0, rd_wdata: 00000000, mem_addr: 00000000, mem_rdata: 00000000, mem_wdata: 00000000
ClkCycle:       5139, pc_rdata: 00004c6e, pc_wdata: 00004c72, insn: 8513fff5, mode: 3, rs1_addr: 11, rs1_rdata: ffffffff, rs2_addr: 31, rs2_rdata: 00000000, rd_addr: 11, rd_wdata: 80000000, mem_addr: 80000000, mem_rdata: 00000000, mem_wdata: 00000000
ClkCycle:       5140, pc_rdata: 00004c72, pc_wdata: 00004c76, insn: 8513fff5, mode: 3, rs1_addr:  0, rs1_rdata: 00000000, rs2_addr:  0, rs2_rdata: 00000000, rd_addr:  0, rd_wdata: 00000000, mem_addr: 00000000, mem_rdata: 00000000, mem_wdata: 00000000
ClkCycle:       5141, pc_rdata: 00004c76, pc_wdata: 00004c7a, insn: 05330300, mode: 3, rs1_addr:  1, rs1_rdata: 00007118, rs2_addr: 16, rs2_rdata: 7d5bfddb, rd_addr: 10, rd_wdata: 00007148, mem_addr: 00007148, mem_rdata: 00000000, mem_wdata: 7d5bfddb
ClkCycle:       5142, pc_rdata: 00004c7a, pc_wdata: 00004c7e, insn: 05330300, mode: 3, rs1_addr:  0, rs1_rdata: 00000000, rs2_addr:  0, rs2_rdata: 00000000, rd_addr:  0, rd_wdata: 00000000, mem_addr: 00000000, mem_rdata: 00000000, mem_wdata: 00000000
ClkCycle:       5143, pc_rdata: 00004c7e, pc_wdata: 00004c82, insn: 00010001, mode: 3, rs1_addr:  2, rs1_rdata: 00000074, rs2_addr:  0, rs2_rdata: 00000000, rd_addr: 10, rd_wdata: 00000074, mem_addr: 00000074, mem_rdata: 00000000, mem_wdata: 00000000
ClkCycle:       5144, pc_rdata: 00004c82, pc_wdata: 00004c86, insn: 00010001, mode: 3, rs1_addr:  0, rs1_rdata: 00000000, rs2_addr:  0, rs2_rdata: 00000000, rd_addr:  0, rd_wdata: 00000000, mem_addr: 00000000, mem_rdata: 00000000, mem_wdata: 00000000
ClkCycle:       5145, pc_rdata: 00004c86, pc_wdata: 00004c88, insn: 02059593, mode: 3, rs1_addr:  0, rs1_rdata: 00000000, rs2_addr:  0, rs2_rdata: 00000000, rd_addr:  0, rd_wdata: 00000000, mem_addr: 00000000, mem_rdata: 00000000, mem_wdata: 00000000
ClkCycle:       5146, pc_rdata: 00004c88, pc_wdata: 00004c8c, insn: 02059593, mode: 3, rs1_addr: 11, rs1_rdata: 80000000, rs2_addr:  0, rs2_rdata: 00000000, rd_addr: 11, rd_wdata: 80000000, mem_addr: 80000000, mem_rdata: 00000000, mem_wdata: 00000000
ClkCycle:       5147, pc_rdata: 00004c8c, pc_wdata: 00004c90, insn: fff5c593, mode: 3, rs1_addr: 11, rs1_rdata: 80000000, rs2_addr: 31, rs2_rdata: 00000000, rd_addr: 11, rd_wdata: 7fffffff, mem_addr: 7fffffff, mem_rdata: 00000000, mem_wdata: 00000000
ClkCycle:       5148, pc_rdata: 00004c90, pc_wdata: 00004c94, insn: 34808513, mode: 3, rs1_addr:  1, rs1_rdata: 00007118, rs2_addr:  8, rs2_rdata: 00000000, rd_addr: 10, rd_wdata: 00007460, mem_addr: 00007460, mem_rdata: 00000000, mem_wdata: 00000000
ClkCycle:       5149, pc_rdata: 00004c94, pc_wdata: 00004c98, insn: 02800113, mode: 3, rs1_addr:  0, rs1_rdata: 00000000, rs2_addr:  8, rs2_rdata: 00000000, rd_addr:  2, rd_wdata: 00000028, mem_addr: 00000028, mem_rdata: 00000000, mem_wdata: 00000000
ClkCycle:       5150, pc_rdata: 00004c98, pc_wdata: 00004c9c, insn: 40250533, mode: 3, rs1_addr: 10, rs1_rdata: 00000074, rs2_addr:  2, rs2_rdata: 00000074, rd_addr: 10, rd_wdata: 00007438, mem_addr: 00007438, mem_rdata: 00000000, mem_wdata: 00000028
7fffffff7fffffff
ClkCycle:       5151, pc_rdata: 00004c9c, pc_wdata: 00004c9e, insn: 0001d50c, mode: 3, rs1_addr: 10, rs1_rdata: 00007460, rs2_addr: 11, rs2_rdata: 7fffffff, rd_addr:  8, rd_wdata: 00007460, mem_addr: 00007460, mem_rdata: 00000000, mem_wdata: 7fffffff
ClkCycle:       5152, pc_rdata: 00004c9e, pc_wdata: 00004ca2, insn: 0001d50c, mode: 3, rs1_addr:  0, rs1_rdata: 00000000, rs2_addr:  0, rs2_rdata: 00000000, rd_addr:  0, rd_wdata: 00000000, mem_addr: 00000000, mem_rdata: 00000000, mem_wdata: 00000000
ClkCycle:       5153, pc_rdata: 00004ca2, pc_wdata: 00004ca4, insn: 95930010, mode: 3, rs1_addr:  0, rs1_rdata: 00000000, rs2_addr:  0, rs2_rdata: 00000000, rd_addr:  0, rd_wdata: 00000000, mem_addr: 00000000, mem_rdata: 00000000, mem_wdata: 00000000
ClkCycle:       5154, pc_rdata: 00004ca4, pc_wdata: 00004ca6, insn: 95930010, mode: 3, rs1_addr:  2, rs1_rdata: 00000028, rs2_addr:  0, rs2_rdata: 00000000, rd_addr: 12, rd_wdata: 00000028, mem_addr: 00000028, mem_rdata: 00000000, mem_wdata: 00000000
ClkCycle:       5155, pc_rdata: 00004ca6, pc_wdata: 00004caa, insn: 95930010, mode: 3, rs1_addr:  0, rs1_rdata: 00000000, rs2_addr:  0, rs2_rdata: 00000000, rd_addr:  0, rd_wdata: 00000000, mem_addr: 00000000, mem_rdata: 00000000, mem_wdata: 00000000
ClkCycle:       5156, pc_rdata: 00004caa, pc_wdata: 00004cae, insn: 8513fff5, mode: 3, rs1_addr: 11, rs1_rdata: 7fffffff, rs2_addr: 31, rs2_rdata: 00000000, rd_addr: 11, rd_wdata: 80000000, mem_addr: 80000000, mem_rdata: 00000000, mem_wdata: 00000000
ClkCycle:       5157, pc_rdata: 00004cae, pc_wdata: 00004cb2, insn: 8513fff5, mode: 3, rs1_addr:  0, rs1_rdata: 00000000, rs2_addr:  0, rs2_rdata: 00000000, rd_addr:  0, rd_wdata: 00000000, mem_addr: 00000000, mem_rdata: 00000000, mem_wdata: 00000000
ClkCycle:       5158, pc_rdata: 00004cb2, pc_wdata: 00004cb6, insn: 05330080, mode: 3, rs1_addr:  1, rs1_rdata: 00007118, rs2_addr:  8, rs2_rdata: 00000000, rd_addr: 10, rd_wdata: 00007120, mem_addr: 00007120, mem_rdata: 00000000, mem_wdata: 00000000
ClkCycle:       5159, pc_rdata: 00004cb6, pc_wdata: 00004cba, insn: 05330080, mode: 3, rs1_addr:  0, rs1_rdata: 00000000, rs2_addr:  0, rs2_rdata: 00000000, rd_addr:  0, rd_wdata: 00000000, mem_addr: 00000000, mem_rdata: 00000000, mem_wdata: 00000000
ClkCycle:       5160, pc_rdata: 00004cba, pc_wdata: 00004cbe, insn: 00010001, mode: 3, rs1_addr:  2, rs1_rdata: 00000028, rs2_addr:  0, rs2_rdata: 00000000, rd_addr: 10, rd_wdata: 00000028, mem_addr: 00000028, mem_rdata: 00000000, mem_wdata: 00000000
ClkCycle:       5161, pc_rdata: 00004cbe, pc_wdata: 00004cc2, insn: 00010001, mode: 3, rs1_addr:  0, rs1_rdata: 00000000, rs2_addr:  0, rs2_rdata: 00000000, rd_addr:  0, rd_wdata: 00000000, mem_addr: 00000000, mem_rdata: 00000000, mem_wdata: 00000000
ClkCycle:       5162, pc_rdata: 00004cc2, pc_wdata: 00004cc4, insn: 02259593, mode: 3, rs1_addr:  0, rs1_rdata: 00000000, rs2_addr:  0, rs2_rdata: 00000000, rd_addr:  0, rd_wdata: 00000000, mem_addr: 00000000, mem_rdata: 00000000, mem_wdata: 00000000
ClkCycle:       5163, pc_rdata: 00004cc4, pc_wdata: 00004cc8, insn: 02259593, mode: 3, rs1_addr: 11, rs1_rdata: 80000000, rs2_addr:  2, rs2_rdata: 00000028, rd_addr: 11, rd_wdata: 00000000, mem_addr: 00000000, mem_rdata: 00000000, mem_wdata: 00000028
ClkCycle:       5164, pc_rdata: 00004cc8, pc_wdata: 00004ccc, insn: fff5c593, mode: 3, rs1_addr: 11, rs1_rdata: 80000000, rs2_addr: 31, rs2_rdata: 00000000, rd_addr: 11, rd_wdata: ffffffff, mem_addr: ffffffff, mem_rdata: 00000000, mem_wdata: 00000000
ClkCycle:       5165, pc_rdata: 00004ccc, pc_wdata: 00004cd0, insn: 35808513, mode: 3, rs1_addr:  1, rs1_rdata: 00007118, rs2_addr: 24, rs2_rdata: 0000007d, rd_addr: 10, rd_wdata: 00007470, mem_addr: 00007470, mem_rdata: 00000000, mem_wdata: 0000007d
ClkCycle:       5166, pc_rdata: 00004cd0, pc_wdata: 00004cd4, insn: 00c00113, mode: 3, rs1_addr:  0, rs1_rdata: 00000000, rs2_addr: 12, rs2_rdata: 00000028, rd_addr:  2, rd_wdata: 0000000c, mem_addr: 0000000c, mem_rdata: 00000000, mem_wdata: 00000028
ClkCycle:       5167, pc_rdata: 00004cd4, pc_wdata: 00004cd8, insn: 40250533, mode: 3, rs1_addr: 10, rs1_rdata: 00000028, rs2_addr:  2, rs2_rdata: 00000028, rd_addr: 10, rd_wdata: 00007464, mem_addr: 00007464, mem_rdata: 00000000, mem_wdata: 0000000c
fffffffeffffffff
ClkCycle:       5168, pc_rdata: 00004cd8, pc_wdata: 00004cda, insn: 0001c54c, mode: 3, rs1_addr: 10, rs1_rdata: 00007470, rs2_addr: 11, rs2_rdata: ffffffff, rd_addr: 12, rd_wdata: 00007470, mem_addr: 00007470, mem_rdata: 00000000, mem_wdata: ffffffff
ClkCycle:       5169, pc_rdata: 00004cda, pc_wdata: 00004cde, insn: 0001c54c, mode: 3, rs1_addr:  0, rs1_rdata: 00000000, rs2_addr:  0, rs2_rdata: 00000000, rd_addr:  0, rd_wdata: 00000000, mem_addr: 00000000, mem_rdata: 00000000, mem_wdata: 00000000
ClkCycle:       5170, pc_rdata: 00004cde, pc_wdata: 00004ce0, insn: 95930010, mode: 3, rs1_addr:  0, rs1_rdata: 00000000, rs2_addr:  0, rs2_rdata: 00000000, rd_addr:  0, rd_wdata: 00000000, mem_addr: 00000000, mem_rdata: 00000000, mem_wdata: 00000000
ClkCycle:       5171, pc_rdata: 00004ce0, pc_wdata: 00004ce2, insn: 95930010, mode: 3, rs1_addr:  2, rs1_rdata: 0000000c, rs2_addr:  0, rs2_rdata: 00000000, rd_addr: 12, rd_wdata: 0000000c, mem_addr: 0000000c, mem_rdata: 00000000, mem_wdata: 00000000
ClkCycle:       5172, pc_rdata: 00004ce2, pc_wdata: 00004ce6, insn: 95930010, mode: 3, rs1_addr:  0, rs1_rdata: 00000000, rs2_addr:  0, rs2_rdata: 00000000, rd_addr:  0, rd_wdata: 00000000, mem_addr: 00000000, mem_rdata: 00000000, mem_wdata: 00000000
ClkCycle:       5173, pc_rdata: 00004ce6, pc_wdata: 00004cea, insn: 8513fff5, mode: 3, rs1_addr: 11, rs1_rdata: ffffffff, rs2_addr: 31, rs2_rdata: 00000000, rd_addr: 11, rd_wdata: 80000000, mem_addr: 80000000, mem_rdata: 00000000, mem_wdata: 00000000
ClkCycle:       5174, pc_rdata: 00004cea, pc_wdata: 00004cee, insn: 8513fff5, mode: 3, rs1_addr:  0, rs1_rdata: 00000000, rs2_addr:  0, rs2_rdata: 00000000, rd_addr:  0, rd_wdata: 00000000, mem_addr: 00000000, mem_rdata: 00000000, mem_wdata: 00000000
ClkCycle:       5175, pc_rdata: 00004cee, pc_wdata: 00004cf2, insn: 053303c0, mode: 3, rs1_addr:  1, rs1_rdata: 00007118, rs2_addr: 28, rs2_rdata: 00000000, rd_addr: 10, rd_wdata: 00007154, mem_addr: 00007154, mem_rdata: 00000000, mem_wdata: 00000000
ClkCycle:       5176, pc_rdata: 00004cf2, pc_wdata: 00004cf6, insn: 053303c0, mode: 3, rs1_addr:  0, rs1_rdata: 00000000, rs2_addr:  0, rs2_rdata: 00000000, rd_addr:  0, rd_wdata: 00000000, mem_addr: 00000000, mem_rdata: 00000000, mem_wdata: 00000000
ClkCycle:       5177, pc_rdata: 00004cf6, pc_wdata: 00004cfa, insn: 00010001, mode: 3, rs1_addr:  2, rs1_rdata: 0000000c, rs2_addr:  0, rs2_rdata: 00000000, rd_addr: 10, rd_wdata: 0000000c, mem_addr: 0000000c, mem_rdata: 00000000, mem_wdata: 00000000
ClkCycle:       5178, pc_rdata: 00004cfa, pc_wdata: 00004cfe, insn: 00010001, mode: 3, rs1_addr:  0, rs1_rdata: 00000000, rs2_addr:  0, rs2_rdata: 00000000, rd_addr:  0, rd_wdata: 00000000, mem_addr: 00000000, mem_rdata: 00000000, mem_wdata: 00000000
ClkCycle:       5179, pc_rdata: 00004cfe, pc_wdata: 00004d00, insn: 02459593, mode: 3, rs1_addr:  0, rs1_rdata: 00000000, rs2_addr:  0, rs2_rdata: 00000000, rd_addr:  0, rd_wdata: 00000000, mem_addr: 00000000, mem_rdata: 00000000, mem_wdata: 00000000
ClkCycle:       5180, pc_rdata: 00004d00, pc_wdata: 00004d04, insn: 02459593, mode: 3, rs1_addr: 11, rs1_rdata: 80000000, rs2_addr:  4, rs2_rdata: 6dfdffff, rd_addr: 11, rd_wdata: 00000000, mem_addr: 00000000, mem_rdata: 00000000, mem_wdata: 6dfdffff
ClkCycle:       5181, pc_rdata: 00004d04, pc_wdata: 00004d08, insn: fff5c593, mode: 3, rs1_addr: 11, rs1_rdata: 80000000, rs2_addr: 31, rs2_rdata: 00000000, rd_addr: 11, rd_wdata: ffffffff, mem_addr: ffffffff, mem_rdata: 00000000, mem_wdata: 00000000
ClkCycle:       5182, pc_rdata: 00004d08, pc_wdata: 00004d0c, insn: 36808513, mode: 3, rs1_addr:  1, rs1_rdata: 00007118, rs2_addr:  8, rs2_rdata: 00000000, rd_addr: 10, rd_wdata: 00007480, mem_addr: 00007480, mem_rdata: 00000000, mem_wdata: 00000000
ClkCycle:       5183, pc_rdata: 00004d0c, pc_wdata: 00004d10, insn: 06c00113, mode: 3, rs1_addr:  0, rs1_rdata: 00000000, rs2_addr: 12, rs2_rdata: 0000000c, rd_addr:  2, rd_wdata: 0000006c, mem_addr: 0000006c, mem_rdata: 00000000, mem_wdata: 0000000c
ClkCycle:       5184, pc_rdata: 00004d10, pc_wdata: 00004d14, insn: 40250533, mode: 3, rs1_addr: 10, rs1_rdata: 0000000c, rs2_addr:  2, rs2_rdata: 0000000c, rd_addr: 10, rd_wdata: 00007414, mem_addr: 00007414, mem_rdata: 00000000, mem_wdata: 0000006c
fffffff8ffffffff
ClkCycle:       5185, pc_rdata: 00004d14, pc_wdata: 00004d16, insn: 0001d56c, mode: 3, rs1_addr: 10, rs1_rdata: 00007480, rs2_addr: 11, rs2_rdata: ffffffff, rd_addr: 12, rd_wdata: 00007480, mem_addr: 00007480, mem_rdata: 00000000, mem_wdata: ffffffff
ClkCycle:       5186, pc_rdata: 00004d16, pc_wdata: 00004d1a, insn: 0001d56c, mode: 3, rs1_addr:  0, rs1_rdata: 00000000, rs2_addr:  0, rs2_rdata: 00000000, rd_addr:  0, rd_wdata: 00000000, mem_addr: 00000000, mem_rdata: 00000000, mem_wdata: 00000000
ClkCycle:       5187, pc_rdata: 00004d1a, pc_wdata: 00004d1c, insn: 95930010, mode: 3, rs1_addr:  0, rs1_rdata: 00000000, rs2_addr:  0, rs2_rdata: 00000000, rd_addr:  0, rd_wdata: 00000000, mem_addr: 00000000, mem_rdata: 00000000, mem_wdata: 00000000
ClkCycle:       5188, pc_rdata: 00004d1c, pc_wdata: 00004d1e, insn: 95930010, mode: 3, rs1_addr:  2, rs1_rdata: 0000006c, rs2_addr:  0, rs2_rdata: 00000000, rd_addr: 12, rd_wdata: 0000006c, mem_addr: 0000006c, mem_rdata: 00000000, mem_wdata: 00000000
ClkCycle:       5189, pc_rdata: 00004d1e, pc_wdata: 00004d22, insn: 95930010, mode: 3, rs1_addr:  0, rs1_rdata: 00000000, rs2_addr:  0, rs2_rdata: 00000000, rd_addr:  0, rd_wdata: 00000000, mem_addr: 00000000, mem_rdata: 00000000, mem_wdata: 00000000
ClkCycle:       5190, pc_rdata: 00004d22, pc_wdata: 00004d26, insn: 8513fff5, mode: 3, rs1_addr: 11, rs1_rdata: ffffffff, rs2_addr: 31, rs2_rdata: 00000000, rd_addr: 11, rd_wdata: 80000000, mem_addr: 80000000, mem_rdata: 00000000, mem_wdata: 00000000
ClkCycle:       5191, pc_rdata: 00004d26, pc_wdata: 00004d2a, insn: 8513fff5, mode: 3, rs1_addr:  0, rs1_rdata: 00000000, rs2_addr:  0, rs2_rdata: 00000000, rd_addr:  0, rd_wdata: 00000000, mem_addr: 00000000, mem_rdata: 00000000, mem_wdata: 00000000
ClkCycle:       5192, pc_rdata: 00004d2a, pc_wdata: 00004d2e, insn: 05330280, mode: 3, rs1_addr:  1, rs1_rdata: 00007118, rs2_addr:  8, rs2_rdata: 00000000, rd_addr: 10, rd_wdata: 00007140, mem_addr: 00007140, mem_rdata: 00000000, mem_wdata: 00000000
ClkCycle:       5193, pc_rdata: 00004d2e, pc_wdata: 00004d32, insn: 05330280, mode: 3, rs1_addr:  0, rs1_rdata: 00000000, rs2_addr:  0, rs2_rdata: 00000000, rd_addr:  0, rd_wdata: 00000000, mem_addr: 00000000, mem_rdata: 00000000, mem_wdata: 00000000
ClkCycle:       5194, pc_rdata: 00004d32, pc_wdata: 00004d36, insn: 00010001, mode: 3, rs1_addr:  2, rs1_rdata: 0000006c, rs2_addr:  0, rs2_rdata: 00000000, rd_addr: 10, rd_wdata: 0000006c, mem_addr: 0000006c, mem_rdata: 00000000, mem_wdata: 00000000
ClkCycle:       5195, pc_rdata: 00004d36, pc_wdata: 00004d3a, insn: 00010001, mode: 3, rs1_addr:  0, rs1_rdata: 00000000, rs2_addr:  0, rs2_rdata: 00000000, rd_addr:  0, rd_wdata: 00000000, mem_addr: 00000000, mem_rdata: 00000000, mem_wdata: 00000000
ClkCycle:       5196, pc_rdata: 00004d3a, pc_wdata: 00004d3c, insn: 02659593, mode: 3, rs1_addr:  0, rs1_rdata: 00000000, rs2_addr:  0, rs2_rdata: 00000000, rd_addr:  0, rd_wdata: 00000000, mem_addr: 00000000, mem_rdata: 00000000, mem_wdata: 00000000
ClkCycle:       5197, pc_rdata: 00004d3c, pc_wdata: 00004d40, insn: 02659593, mode: 3, rs1_addr: 11, rs1_rdata: 80000000, rs2_addr:  6, rs2_rdata: 1fddb7f7, rd_addr: 11, rd_wdata: 00000000, mem_addr: 00000000, mem_rdata: 00000000, mem_wdata: 1fddb7f7
ClkCycle:       5198, pc_rdata: 00004d40, pc_wdata: 00004d44, insn: fff5c593, mode: 3, rs1_addr: 11, rs1_rdata: 80000000, rs2_addr: 31, rs2_rdata: 00000000, rd_addr: 11, rd_wdata: ffffffff, mem_addr: ffffffff, mem_rdata: 00000000, mem_wdata: 00000000
ClkCycle:       5199, pc_rdata: 00004d44, pc_wdata: 00004d48, insn: 37808513, mode: 3, rs1_addr:  1, rs1_rdata: 00007118, rs2_addr: 24, rs2_rdata: 0000007d, rd_addr: 10, rd_wdata: 00007490, mem_addr: 00007490, mem_rdata: 00000000, mem_wdata: 0000007d
ClkCycle:       5200, pc_rdata: 00004d48, pc_wdata: 00004d4c, insn: 03400113, mode: 3, rs1_addr:  0, rs1_rdata: 00000000, rs2_addr: 20, rs2_rdata: d5bfff6f, rd_addr:  2, rd_wdata: 00000034, mem_addr: 00000034, mem_rdata: 00000000, mem_wdata: d5bfff6f
ClkCycle:       5201, pc_rdata: 00004d4c, pc_wdata: 00004d50, insn: 40250533, mode: 3, rs1_addr: 10, rs1_rdata: 0000006c, rs2_addr:  2, rs2_rdata: 0000006c, rd_addr: 10, rd_wdata: 0000745c, mem_addr: 0000745c, mem_rdata: 00000000, mem_wdata: 00000034
ffffffe0ffffffff
ClkCycle:       5202, pc_rdata: 00004d50, pc_wdata: 00004d52, insn: 0001d94c, mode: 3, rs1_addr: 10, rs1_rdata: 00007490, rs2_addr: 11, rs2_rdata: ffffffff, rd_addr: 20, rd_wdata: 00007490, mem_addr: 00007490, mem_rdata: 00000000, mem_wdata: ffffffff
ClkCycle:       5203, pc_rdata: 00004d52, pc_wdata: 00004d56, insn: 0001d94c, mode: 3, rs1_addr:  0, rs1_rdata: 00000000, rs2_addr:  0, rs2_rdata: 00000000, rd_addr:  0, rd_wdata: 00000000, mem_addr: 00000000, mem_rdata: 00000000, mem_wdata: 00000000
ClkCycle:       5204, pc_rdata: 00004d56, pc_wdata: 00004d58, insn: 95930010, mode: 3, rs1_addr:  0, rs1_rdata: 00000000, rs2_addr:  0, rs2_rdata: 00000000, rd_addr:  0, rd_wdata: 00000000, mem_addr: 00000000, mem_rdata: 00000000, mem_wdata: 00000000
ClkCycle:       5205, pc_rdata: 00004d58, pc_wdata: 00004d5a, insn: 95930010, mode: 3, rs1_addr:  2, rs1_rdata: 00000034, rs2_addr:  0, rs2_rdata: 00000000, rd_addr: 12, rd_wdata: 00000034, mem_addr: 00000034, mem_rdata: 00000000, mem_wdata: 00000000
ClkCycle:       5206, pc_rdata: 00004d5a, pc_wdata: 00004d5e, insn: 95930010, mode: 3, rs1_addr:  0, rs1_rdata: 00000000, rs2_addr:  0, rs2_rdata: 00000000, rd_addr:  0, rd_wdata: 00000000, mem_addr: 00000000, mem_rdata: 00000000, mem_wdata: 00000000
ClkCycle:       5207, pc_rdata: 00004d5e, pc_wdata: 00004d62, insn: 8513fff5, mode: 3, rs1_addr: 11, rs1_rdata: ffffffff, rs2_addr: 31, rs2_rdata: 00000000, rd_addr: 11, rd_wdata: 80000000, mem_addr: 80000000, mem_rdata: 00000000, mem_wdata: 00000000
ClkCycle:       5208, pc_rdata: 00004d62, pc_wdata: 00004d66, insn: 8513fff5, mode: 3, rs1_addr:  0, rs1_rdata: 00000000, rs2_addr:  0, rs2_rdata: 00000000, rd_addr:  0, rd_wdata: 00000000, mem_addr: 00000000, mem_rdata: 00000000, mem_wdata: 00000000
ClkCycle:       5209, pc_rdata: 00004d66, pc_wdata: 00004d6a, insn: 05330100, mode: 3, rs1_addr:  1, rs1_rdata: 00007118, rs2_addr: 16, rs2_rdata: 7d5bfddb, rd_addr: 10, rd_wdata: 00007128, mem_addr: 00007128, mem_rdata: 00000000, mem_wdata: 7d5bfddb
ClkCycle:       5210, pc_rdata: 00004d6a, pc_wdata: 00004d6e, insn: 05330100, mode: 3, rs1_addr:  0, rs1_rdata: 00000000, rs2_addr:  0, rs2_rdata: 00000000, rd_addr:  0, rd_wdata: 00000000, mem_addr: 00000000, mem_rdata: 00000000, mem_wdata: 00000000
ClkCycle:       5211, pc_rdata: 00004d6e, pc_wdata: 00004d72, insn: 00010001, mode: 3, rs1_addr:  2, rs1_rdata: 00000034, rs2_addr:  0, rs2_rdata: 00000000, rd_addr: 10, rd_wdata: 00000034, mem_addr: 00000034, mem_rdata: 00000000, mem_wdata: 00000000
ClkCycle:       5212, pc_rdata: 00004d72, pc_wdata: 00004d76, insn: 00010001, mode: 3, rs1_addr:  0, rs1_rdata: 00000000, rs2_addr:  0, rs2_rdata: 00000000, rd_addr:  0, rd_wdata: 00000000, mem_addr: 00000000, mem_rdata: 00000000, mem_wdata: 00000000
ClkCycle:       5213, pc_rdata: 00004d76, pc_wdata: 00004d78, insn: 02959593, mode: 3, rs1_addr:  0, rs1_rdata: 00000000, rs2_addr:  0, rs2_rdata: 00000000, rd_addr:  0, rd_wdata: 00000000, mem_addr: 00000000, mem_rdata: 00000000, mem_wdata: 00000000
ClkCycle:       5214, pc_rdata: 00004d78, pc_wdata: 00004d7c, insn: 02959593, mode: 3, rs1_addr: 11, rs1_rdata: 80000000, rs2_addr:  9, rs2_rdata: 000000fe, rd_addr: 11, rd_wdata: 00000000, mem_addr: 00000000, mem_rdata: 00000000, mem_wdata: 000000fe
ClkCycle:       5215, pc_rdata: 00004d7c, pc_wdata: 00004d80, insn: fff5c593, mode: 3, rs1_addr: 11, rs1_rdata: 80000000, rs2_addr: 31, rs2_rdata: 00000000, rd_addr: 11, rd_wdata: ffffffff, mem_addr: ffffffff, mem_rdata: 00000000, mem_wdata: 00000000
ClkCycle:       5216, pc_rdata: 00004d80, pc_wdata: 00004d84, insn: 38808513, mode: 3, rs1_addr:  1, rs1_rdata: 00007118, rs2_addr:  8, rs2_rdata: 00000000, rd_addr: 10, rd_wdata: 000074a0, mem_addr: 000074a0, mem_rdata: 00000000, mem_wdata: 00000000
ClkCycle:       5217, pc_rdata: 00004d84, pc_wdata: 00004d88, insn: 00800113, mode: 3, rs1_addr:  0, rs1_rdata: 00000000, rs2_addr:  8, rs2_rdata: 00000000, rd_addr:  2, rd_wdata: 00000008, mem_addr: 00000008, mem_rdata: 00000000, mem_wdata: 00000000
ClkCycle:       5218, pc_rdata: 00004d88, pc_wdata: 00004d8c, insn: 40250533, mode: 3, rs1_addr: 10, rs1_rdata: 00000034, rs2_addr:  2, rs2_rdata: 00000034, rd_addr: 10, rd_wdata: 00007498, mem_addr: 00007498, mem_rdata: 00000000, mem_wdata: 00000008
ffffff00ffffffff
ClkCycle:       5219, pc_rdata: 00004d8c, pc_wdata: 00004d8e, insn: 0001c50c, mode: 3, rs1_addr: 10, rs1_rdata: 000074a0, rs2_addr: 11, rs2_rdata: ffffffff, rd_addr:  8, rd_wdata: 000074a0, mem_addr: 000074a0, mem_rdata: 00000000, mem_wdata: ffffffff
ClkCycle:       5220, pc_rdata: 00004d8e, pc_wdata: 00004d92, insn: 0001c50c, mode: 3, rs1_addr:  0, rs1_rdata: 00000000, rs2_addr:  0, rs2_rdata: 00000000, rd_addr:  0, rd_wdata: 00000000, mem_addr: 00000000, mem_rdata: 00000000, mem_wdata: 00000000
ClkCycle:       5221, pc_rdata: 00004d92, pc_wdata: 00004d94, insn: 95930010, mode: 3, rs1_addr:  0, rs1_rdata: 00000000, rs2_addr:  0, rs2_rdata: 00000000, rd_addr:  0, rd_wdata: 00000000, mem_addr: 00000000, mem_rdata: 00000000, mem_wdata: 00000000
ClkCycle:       5222, pc_rdata: 00004d94, pc_wdata: 00004d96, insn: 95930010, mode: 3, rs1_addr:  2, rs1_rdata: 00000008, rs2_addr:  0, rs2_rdata: 00000000, rd_addr: 12, rd_wdata: 00000008, mem_addr: 00000008, mem_rdata: 00000000, mem_wdata: 00000000
ClkCycle:       5223, pc_rdata: 00004d96, pc_wdata: 00004d9a, insn: 95930010, mode: 3, rs1_addr:  0, rs1_rdata: 00000000, rs2_addr:  0, rs2_rdata: 00000000, rd_addr:  0, rd_wdata: 00000000, mem_addr: 00000000, mem_rdata: 00000000, mem_wdata: 00000000
ClkCycle:       5224, pc_rdata: 00004d9a, pc_wdata: 00004d9e, insn: 8513fff5, mode: 3, rs1_addr: 11, rs1_rdata: ffffffff, rs2_addr: 31, rs2_rdata: 00000000, rd_addr: 11, rd_wdata: 80000000, mem_addr: 80000000, mem_rdata: 00000000, mem_wdata: 00000000
ClkCycle:       5225, pc_rdata: 00004d9e, pc_wdata: 00004da2, insn: 8513fff5, mode: 3, rs1_addr:  0, rs1_rdata: 00000000, rs2_addr:  0, rs2_rdata: 00000000, rd_addr:  0, rd_wdata: 00000000, mem_addr: 00000000, mem_rdata: 00000000, mem_wdata: 00000000
ClkCycle:       5226, pc_rdata: 00004da2, pc_wdata: 00004da6, insn: 05330340, mode: 3, rs1_addr:  1, rs1_rdata: 00007118, rs2_addr: 20, rs2_rdata: d5bfff6f, rd_addr: 10, rd_wdata: 0000714c, mem_addr: 0000714c, mem_rdata: 00000000, mem_wdata: d5bfff6f
ClkCycle:       5227, pc_rdata: 00004da6, pc_wdata: 00004daa, insn: 05330340, mode: 3, rs1_addr:  0, rs1_rdata: 00000000, rs2_addr:  0, rs2_rdata: 00000000, rd_addr:  0, rd_wdata: 00000000, mem_addr: 00000000, mem_rdata: 00000000, mem_wdata: 00000000
ClkCycle:       5228, pc_rdata: 00004daa, pc_wdata: 00004dae, insn: 00010001, mode: 3, rs1_addr:  2, rs1_rdata: 00000008, rs2_addr:  0, rs2_rdata: 00000000, rd_addr: 10, rd_wdata: 00000008, mem_addr: 00000008, mem_rdata: 00000000, mem_wdata: 00000000
ClkCycle:       5229, pc_rdata: 00004dae, pc_wdata: 00004db2, insn: 00010001, mode: 3, rs1_addr:  0, rs1_rdata: 00000000, rs2_addr:  0, rs2_rdata: 00000000, rd_addr:  0, rd_wdata: 00000000, mem_addr: 00000000, mem_rdata: 00000000, mem_wdata: 00000000
ClkCycle:       5230, pc_rdata: 00004db2, pc_wdata: 00004db4, insn: 02b59593, mode: 3, rs1_addr:  0, rs1_rdata: 00000000, rs2_addr:  0, rs2_rdata: 00000000, rd_addr:  0, rd_wdata: 00000000, mem_addr: 00000000, mem_rdata: 00000000, mem_wdata: 00000000
ClkCycle:       5231, pc_rdata: 00004db4, pc_wdata: 00004db8, insn: 02b59593, mode: 3, rs1_addr: 11, rs1_rdata: 80000000, rs2_addr: 11, rs2_rdata: 80000000, rd_addr: 11, rd_wdata: 00000000, mem_addr: 00000000, mem_rdata: 00000000, mem_wdata: 80000000
ClkCycle:       5232, pc_rdata: 00004db8, pc_wdata: 00004dbc, insn: fff5c593, mode: 3, rs1_addr: 11, rs1_rdata: 80000000, rs2_addr: 31, rs2_rdata: 00000000, rd_addr: 11, rd_wdata: ffffffff, mem_addr: ffffffff, mem_rdata: 00000000, mem_wdata: 00000000
ClkCycle:       5233, pc_rdata: 00004dbc, pc_wdata: 00004dc0, insn: 39808513, mode: 3, rs1_addr:  1, rs1_rdata: 00007118, rs2_addr: 24, rs2_rdata: 0000007d, rd_addr: 10, rd_wdata: 000074b0, mem_addr: 000074b0, mem_rdata: 00000000, mem_wdata: 0000007d
ClkCycle:       5234, pc_rdata: 00004dc0, pc_wdata: 00004dc4, insn: 03400113, mode: 3, rs1_addr:  0, rs1_rdata: 00000000, rs2_addr: 20, rs2_rdata: d5bfff6f, rd_addr:  2, rd_wdata: 00000034, mem_addr: 00000034, mem_rdata: 00000000, mem_wdata: d5bfff6f
ClkCycle:       5235, pc_rdata: 00004dc4, pc_wdata: 00004dc8, insn: 40250533, mode: 3, rs1_addr: 10, rs1_rdata: 00000008, rs2_addr:  2, rs2_rdata: 00000008, rd_addr: 10, rd_wdata: 0000747c, mem_addr: 0000747c, mem_rdata: 00000000, mem_wdata: 00000034
fffffc00ffffffff
ClkCycle:       5236, pc_rdata: 00004dc8, pc_wdata: 00004dca, insn: 0001d94c, mode: 3, rs1_addr: 10, rs1_rdata: 000074b0, rs2_addr: 11, rs2_rdata: ffffffff, rd_addr: 20, rd_wdata: 000074b0, mem_addr: 000074b0, mem_rdata: 00000000, mem_wdata: ffffffff
ClkCycle:       5237, pc_rdata: 00004dca, pc_wdata: 00004dce, insn: 0001d94c, mode: 3, rs1_addr:  0, rs1_rdata: 00000000, rs2_addr:  0, rs2_rdata: 00000000, rd_addr:  0, rd_wdata: 00000000, mem_addr: 00000000, mem_rdata: 00000000, mem_wdata: 00000000
ClkCycle:       5238, pc_rdata: 00004dce, pc_wdata: 00004dd0, insn: 95930010, mode: 3, rs1_addr:  0, rs1_rdata: 00000000, rs2_addr:  0, rs2_rdata: 00000000, rd_addr:  0, rd_wdata: 00000000, mem_addr: 00000000, mem_rdata: 00000000, mem_wdata: 00000000
ClkCycle:       5239, pc_rdata: 00004dd0, pc_wdata: 00004dd2, insn: 95930010, mode: 3, rs1_addr:  2, rs1_rdata: 00000034, rs2_addr:  0, rs2_rdata: 00000000, rd_addr: 12, rd_wdata: 00000034, mem_addr: 00000034, mem_rdata: 00000000, mem_wdata: 00000000
ClkCycle:       5240, pc_rdata: 00004dd2, pc_wdata: 00004dd6, insn: 95930010, mode: 3, rs1_addr:  0, rs1_rdata: 00000000, rs2_addr:  0, rs2_rdata: 00000000, rd_addr:  0, rd_wdata: 00000000, mem_addr: 00000000, mem_rdata: 00000000, mem_wdata: 00000000
ClkCycle:       5241, pc_rdata: 00004dd6, pc_wdata: 00004dda, insn: 8513fff5, mode: 3, rs1_addr: 11, rs1_rdata: ffffffff, rs2_addr: 31, rs2_rdata: 00000000, rd_addr: 11, rd_wdata: 80000000, mem_addr: 80000000, mem_rdata: 00000000, mem_wdata: 00000000
ClkCycle:       5242, pc_rdata: 00004dda, pc_wdata: 00004dde, insn: 8513fff5, mode: 3, rs1_addr:  0, rs1_rdata: 00000000, rs2_addr:  0, rs2_rdata: 00000000, rd_addr:  0, rd_wdata: 00000000, mem_addr: 00000000, mem_rdata: 00000000, mem_wdata: 00000000
ClkCycle:       5243, pc_rdata: 00004dde, pc_wdata: 00004de2, insn: 053303c0, mode: 3, rs1_addr:  1, rs1_rdata: 00007118, rs2_addr: 28, rs2_rdata: 00000000, rd_addr: 10, rd_wdata: 00007154, mem_addr: 00007154, mem_rdata: 00000000, mem_wdata: 00000000
ClkCycle:       5244, pc_rdata: 00004de2, pc_wdata: 00004de6, insn: 053303c0, mode: 3, rs1_addr:  0, rs1_rdata: 00000000, rs2_addr:  0, rs2_rdata: 00000000, rd_addr:  0, rd_wdata: 00000000, mem_addr: 00000000, mem_rdata: 00000000, mem_wdata: 00000000
ClkCycle:       5245, pc_rdata: 00004de6, pc_wdata: 00004dea, insn: 00010001, mode: 3, rs1_addr:  2, rs1_rdata: 00000034, rs2_addr:  0, rs2_rdata: 00000000, rd_addr: 10, rd_wdata: 00000034, mem_addr: 00000034, mem_rdata: 00000000, mem_wdata: 00000000
ClkCycle:       5246, pc_rdata: 00004dea, pc_wdata: 00004dee, insn: 00010001, mode: 3, rs1_addr:  0, rs1_rdata: 00000000, rs2_addr:  0, rs2_rdata: 00000000, rd_addr:  0, rd_wdata: 00000000, mem_addr: 00000000, mem_rdata: 00000000, mem_wdata: 00000000
ClkCycle:       5247, pc_rdata: 00004dee, pc_wdata: 00004df0, insn: 02d59593, mode: 3, rs1_addr:  0, rs1_rdata: 00000000, rs2_addr:  0, rs2_rdata: 00000000, rd_addr:  0, rd_wdata: 00000000, mem_addr: 00000000, mem_rdata: 00000000, mem_wdata: 00000000
ClkCycle:       5248, pc_rdata: 00004df0, pc_wdata: 00004df4, insn: 02d59593, mode: 3, rs1_addr: 11, rs1_rdata: 80000000, rs2_addr: 13, rs2_rdata: feffffbf, rd_addr: 11, rd_wdata: 00000000, mem_addr: 00000000, mem_rdata: 00000000, mem_wdata: feffffbf
ClkCycle:       5249, pc_rdata: 00004df4, pc_wdata: 00004df8, insn: fff5c593, mode: 3, rs1_addr: 11, rs1_rdata: 80000000, rs2_addr: 31, rs2_rdata: 00000000, rd_addr: 11, rd_wdata: ffffffff, mem_addr: ffffffff, mem_rdata: 00000000, mem_wdata: 00000000
ClkCycle:       5250, pc_rdata: 00004df8, pc_wdata: 00004dfc, insn: 3a808513, mode: 3, rs1_addr:  1, rs1_rdata: 00007118, rs2_addr:  8, rs2_rdata: 00000000, rd_addr: 10, rd_wdata: 000074c0, mem_addr: 000074c0, mem_rdata: 00000000, mem_wdata: 00000000
ClkCycle:       5251, pc_rdata: 00004dfc, pc_wdata: 00004e00, insn: 07800113, mode: 3, rs1_addr:  0, rs1_rdata: 00000000, rs2_addr: 24, rs2_rdata: 0000007d, rd_addr:  2, rd_wdata: 00000078, mem_addr: 00000078, mem_rdata: 00000000, mem_wdata: 0000007d
ClkCycle:       5252, pc_rdata: 00004e00, pc_wdata: 00004e04, insn: 40250533, mode: 3, rs1_addr: 10, rs1_rdata: 00000034, rs2_addr:  2, rs2_rdata: 00000034, rd_addr: 10, rd_wdata: 00007448, mem_addr: 00007448, mem_rdata: 00000000, mem_wdata: 00000078
fffff000ffffffff
ClkCycle:       5253, pc_rdata: 00004e04, pc_wdata: 00004e06, insn: 0001dd2c, mode: 3, rs1_addr: 10, rs1_rdata: 000074c0, rs2_addr: 11, rs2_rdata: ffffffff, rd_addr: 24, rd_wdata: 000074c0, mem_addr: 000074c0, mem_rdata: 00000000, mem_wdata: ffffffff
ClkCycle:       5254, pc_rdata: 00004e06, pc_wdata: 00004e0a, insn: 0001dd2c, mode: 3, rs1_addr:  0, rs1_rdata: 00000000, rs2_addr:  0, rs2_rdata: 00000000, rd_addr:  0, rd_wdata: 00000000, mem_addr: 00000000, mem_rdata: 00000000, mem_wdata: 00000000
ClkCycle:       5255, pc_rdata: 00004e0a, pc_wdata: 00004e0c, insn: 95930010, mode: 3, rs1_addr:  0, rs1_rdata: 00000000, rs2_addr:  0, rs2_rdata: 00000000, rd_addr:  0, rd_wdata: 00000000, mem_addr: 00000000, mem_rdata: 00000000, mem_wdata: 00000000
ClkCycle:       5256, pc_rdata: 00004e0c, pc_wdata: 00004e0e, insn: 95930010, mode: 3, rs1_addr:  2, rs1_rdata: 00000078, rs2_addr:  0, rs2_rdata: 00000000, rd_addr: 12, rd_wdata: 00000078, mem_addr: 00000078, mem_rdata: 00000000, mem_wdata: 00000000
ClkCycle:       5257, pc_rdata: 00004e0e, pc_wdata: 00004e12, insn: 95930010, mode: 3, rs1_addr:  0, rs1_rdata: 00000000, rs2_addr:  0, rs2_rdata: 00000000, rd_addr:  0, rd_wdata: 00000000, mem_addr: 00000000, mem_rdata: 00000000, mem_wdata: 00000000
ClkCycle:       5258, pc_rdata: 00004e12, pc_wdata: 00004e16, insn: 8513fff5, mode: 3, rs1_addr: 11, rs1_rdata: ffffffff, rs2_addr: 31, rs2_rdata: 00000000, rd_addr: 11, rd_wdata: 80000000, mem_addr: 80000000, mem_rdata: 00000000, mem_wdata: 00000000
ClkCycle:       5259, pc_rdata: 00004e16, pc_wdata: 00004e1a, insn: 8513fff5, mode: 3, rs1_addr:  0, rs1_rdata: 00000000, rs2_addr:  0, rs2_rdata: 00000000, rd_addr:  0, rd_wdata: 00000000, mem_addr: 00000000, mem_rdata: 00000000, mem_wdata: 00000000
ClkCycle:       5260, pc_rdata: 00004e1a, pc_wdata: 00004e1e, insn: 05330180, mode: 3, rs1_addr:  1, rs1_rdata: 00007118, rs2_addr: 24, rs2_rdata: 0000007d, rd_addr: 10, rd_wdata: 00007130, mem_addr: 00007130, mem_rdata: 00000000, mem_wdata: 0000007d
ClkCycle:       5261, pc_rdata: 00004e1e, pc_wdata: 00004e22, insn: 05330180, mode: 3, rs1_addr:  0, rs1_rdata: 00000000, rs2_addr:  0, rs2_rdata: 00000000, rd_addr:  0, rd_wdata: 00000000, mem_addr: 00000000, mem_rdata: 00000000, mem_wdata: 00000000
ClkCycle:       5262, pc_rdata: 00004e22, pc_wdata: 00004e26, insn: 00010001, mode: 3, rs1_addr:  2, rs1_rdata: 00000078, rs2_addr:  0, rs2_rdata: 00000000, rd_addr: 10, rd_wdata: 00000078, mem_addr: 00000078, mem_rdata: 00000000, mem_wdata: 00000000
ClkCycle:       5263, pc_rdata: 00004e26, pc_wdata: 00004e2a, insn: 00010001, mode: 3, rs1_addr:  0, rs1_rdata: 00000000, rs2_addr:  0, rs2_rdata: 00000000, rd_addr:  0, rd_wdata: 00000000, mem_addr: 00000000, mem_rdata: 00000000, mem_wdata: 00000000
ClkCycle:       5264, pc_rdata: 00004e2a, pc_wdata: 00004e2c, insn: 02f59593, mode: 3, rs1_addr:  0, rs1_rdata: 00000000, rs2_addr:  0, rs2_rdata: 00000000, rd_addr:  0, rd_wdata: 00000000, mem_addr: 00000000, mem_rdata: 00000000, mem_wdata: 00000000
ClkCycle:       5265, pc_rdata: 00004e2c, pc_wdata: 00004e30, insn: 02f59593, mode: 3, rs1_addr: 11, rs1_rdata: 80000000, rs2_addr: 15, rs2_rdata: 00000000, rd_addr: 11, rd_wdata: 00000000, mem_addr: 00000000, mem_rdata: 00000000, mem_wdata: 00000000
ClkCycle:       5266, pc_rdata: 00004e30, pc_wdata: 00004e34, insn: fff5c593, mode: 3, rs1_addr: 11, rs1_rdata: 80000000, rs2_addr: 31, rs2_rdata: 00000000, rd_addr: 11, rd_wdata: ffffffff, mem_addr: ffffffff, mem_rdata: 00000000, mem_wdata: 00000000
ClkCycle:       5267, pc_rdata: 00004e34, pc_wdata: 00004e38, insn: 3b808513, mode: 3, rs1_addr:  1, rs1_rdata: 00007118, rs2_addr: 24, rs2_rdata: 0000007d, rd_addr: 10, rd_wdata: 000074d0, mem_addr: 000074d0, mem_rdata: 00000000, mem_wdata: 0000007d
ClkCycle:       5268, pc_rdata: 00004e38, pc_wdata: 00004e3c, insn: 00000113, mode: 3, rs1_addr:  0, rs1_rdata: 00000000, rs2_addr:  0, rs2_rdata: 00000000, rd_addr:  2, rd_wdata: 00000000, mem_addr: 00000000, mem_rdata: 00000000, mem_wdata: 00000000
ClkCycle:       5269, pc_rdata: 00004e3c, pc_wdata: 00004e40, insn: 40250533, mode: 3, rs1_addr: 10, rs1_rdata: 00000078, rs2_addr:  2, rs2_rdata: 00000078, rd_addr: 10, rd_wdata: 000074d0, mem_addr: 000074d0, mem_rdata: 00000000, mem_wdata: 00000000
ffffc000ffffffff
ClkCycle:       5270, pc_rdata: 00004e40, pc_wdata: 00004e42, insn: 0001c10c, mode: 3, rs1_addr: 10, rs1_rdata: 000074d0, rs2_addr: 11, rs2_rdata: ffffffff, rd_addr:  0, rd_wdata: 000074d0, mem_addr: 000074d0, mem_rdata: 00000000, mem_wdata: ffffffff
ClkCycle:       5271, pc_rdata: 00004e42, pc_wdata: 00004e46, insn: 0001c10c, mode: 3, rs1_addr:  0, rs1_rdata: 00000000, rs2_addr:  0, rs2_rdata: 00000000, rd_addr:  0, rd_wdata: 00000000, mem_addr: 00000000, mem_rdata: 00000000, mem_wdata: 00000000
ClkCycle:       5272, pc_rdata: 00004e46, pc_wdata: 00004e48, insn: 95930010, mode: 3, rs1_addr:  0, rs1_rdata: 00000000, rs2_addr:  0, rs2_rdata: 00000000, rd_addr:  0, rd_wdata: 00000000, mem_addr: 00000000, mem_rdata: 00000000, mem_wdata: 00000000
ClkCycle:       5273, pc_rdata: 00004e48, pc_wdata: 00004e4a, insn: 95930010, mode: 3, rs1_addr:  2, rs1_rdata: 00000000, rs2_addr:  0, rs2_rdata: 00000000, rd_addr: 12, rd_wdata: 00000000, mem_addr: 00000000, mem_rdata: 00000000, mem_wdata: 00000000
ClkCycle:       5274, pc_rdata: 00004e4a, pc_wdata: 00004e4e, insn: 95930010, mode: 3, rs1_addr:  0, rs1_rdata: 00000000, rs2_addr:  0, rs2_rdata: 00000000, rd_addr:  0, rd_wdata: 00000000, mem_addr: 00000000, mem_rdata: 00000000, mem_wdata: 00000000
ClkCycle:       5275, pc_rdata: 00004e4e, pc_wdata: 00004e52, insn: 8513fff5, mode: 3, rs1_addr: 11, rs1_rdata: ffffffff, rs2_addr: 31, rs2_rdata: 00000000, rd_addr: 11, rd_wdata: 80000000, mem_addr: 80000000, mem_rdata: 00000000, mem_wdata: 00000000
ClkCycle:       5276, pc_rdata: 00004e52, pc_wdata: 00004e56, insn: 8513fff5, mode: 3, rs1_addr:  0, rs1_rdata: 00000000, rs2_addr:  0, rs2_rdata: 00000000, rd_addr:  0, rd_wdata: 00000000, mem_addr: 00000000, mem_rdata: 00000000, mem_wdata: 00000000
ClkCycle:       5277, pc_rdata: 00004e56, pc_wdata: 00004e5a, insn: 053304c0, mode: 3, rs1_addr:  1, rs1_rdata: 00007118, rs2_addr: 12, rs2_rdata: 00000000, rd_addr: 10, rd_wdata: 00007164, mem_addr: 00007164, mem_rdata: 00000000, mem_wdata: 00000000
ClkCycle:       5278, pc_rdata: 00004e5a, pc_wdata: 00004e5e, insn: 053304c0, mode: 3, rs1_addr:  0, rs1_rdata: 00000000, rs2_addr:  0, rs2_rdata: 00000000, rd_addr:  0, rd_wdata: 00000000, mem_addr: 00000000, mem_rdata: 00000000, mem_wdata: 00000000
ClkCycle:       5279, pc_rdata: 00004e5e, pc_wdata: 00004e62, insn: 00010001, mode: 3, rs1_addr:  2, rs1_rdata: 00000000, rs2_addr:  0, rs2_rdata: 00000000, rd_addr: 10, rd_wdata: 00000000, mem_addr: 00000000, mem_rdata: 00000000, mem_wdata: 00000000
ClkCycle:       5280, pc_rdata: 00004e62, pc_wdata: 00004e66, insn: 00010001, mode: 3, rs1_addr:  0, rs1_rdata: 00000000, rs2_addr:  0, rs2_rdata: 00000000, rd_addr:  0, rd_wdata: 00000000, mem_addr: 00000000, mem_rdata: 00000000, mem_wdata: 00000000
ClkCycle:       5281, pc_rdata: 00004e66, pc_wdata: 00004e68, insn: 03159593, mode: 3, rs1_addr:  0, rs1_rdata: 00000000, rs2_addr:  0, rs2_rdata: 00000000, rd_addr:  0, rd_wdata: 00000000, mem_addr: 00000000, mem_rdata: 00000000, mem_wdata: 00000000
ClkCycle:       5282, pc_rdata: 00004e68, pc_wdata: 00004e6c, insn: 03159593, mode: 3, rs1_addr: 11, rs1_rdata: 80000000, rs2_addr: 17, rs2_rdata: edffffff, rd_addr: 11, rd_wdata: 00000000, mem_addr: 00000000, mem_rdata: 00000000, mem_wdata: edffffff
ClkCycle:       5283, pc_rdata: 00004e6c, pc_wdata: 00004e70, insn: fff5c593, mode: 3, rs1_addr: 11, rs1_rdata: 80000000, rs2_addr: 31, rs2_rdata: 00000000, rd_addr: 11, rd_wdata: ffffffff, mem_addr: ffffffff, mem_rdata: 00000000, mem_wdata: 00000000
ClkCycle:       5284, pc_rdata: 00004e70, pc_wdata: 00004e74, insn: 3c808513, mode: 3, rs1_addr:  1, rs1_rdata: 00007118, rs2_addr:  8, rs2_rdata: 00000000, rd_addr: 10, rd_wdata: 000074e0, mem_addr: 000074e0, mem_rdata: 00000000, mem_wdata: 00000000
ClkCycle:       5285, pc_rdata: 00004e74, pc_wdata: 00004e78, insn: 04800113, mode: 3, rs1_addr:  0, rs1_rdata: 00000000, rs2_addr:  8, rs2_rdata: 00000000, rd_addr:  2, rd_wdata: 00000048, mem_addr: 00000048, mem_rdata: 00000000, mem_wdata: 00000000
ClkCycle:       5286, pc_rdata: 00004e78, pc_wdata: 00004e7c, insn: 40250533, mode: 3, rs1_addr: 10, rs1_rdata: 00000000, rs2_addr:  2, rs2_rdata: 00000000, rd_addr: 10, rd_wdata: 00007498, mem_addr: 00007498, mem_rdata: 00000000, mem_wdata: 00000048
ffff0000ffffffff
ClkCycle:       5287, pc_rdata: 00004e7c, pc_wdata: 00004e7e, insn: 0001c52c, mode: 3, rs1_addr: 10, rs1_rdata: 000074e0, rs2_addr: 11, rs2_rdata: ffffffff, rd_addr:  8, rd_wdata: 000074e0, mem_addr: 000074e0, mem_rdata: 00000000, mem_wdata: ffffffff
ClkCycle:       5288, pc_rdata: 00004e7e, pc_wdata: 00004e82, insn: 0001c52c, mode: 3, rs1_addr:  0, rs1_rdata: 00000000, rs2_addr:  0, rs2_rdata: 00000000, rd_addr:  0, rd_wdata: 00000000, mem_addr: 00000000, mem_rdata: 00000000, mem_wdata: 00000000
ClkCycle:       5289, pc_rdata: 00004e82, pc_wdata: 00004e84, insn: 95930010, mode: 3, rs1_addr:  0, rs1_rdata: 00000000, rs2_addr:  0, rs2_rdata: 00000000, rd_addr:  0, rd_wdata: 00000000, mem_addr: 00000000, mem_rdata: 00000000, mem_wdata: 00000000
ClkCycle:       5290, pc_rdata: 00004e84, pc_wdata: 00004e86, insn: 95930010, mode: 3, rs1_addr:  2, rs1_rdata: 00000048, rs2_addr:  0, rs2_rdata: 00000000, rd_addr: 12, rd_wdata: 00000048, mem_addr: 00000048, mem_rdata: 00000000, mem_wdata: 00000000
ClkCycle:       5291, pc_rdata: 00004e86, pc_wdata: 00004e8a, insn: 95930010, mode: 3, rs1_addr:  0, rs1_rdata: 00000000, rs2_addr:  0, rs2_rdata: 00000000, rd_addr:  0, rd_wdata: 00000000, mem_addr: 00000000, mem_rdata: 00000000, mem_wdata: 00000000
ClkCycle:       5292, pc_rdata: 00004e8a, pc_wdata: 00004e8e, insn: 8513fff5, mode: 3, rs1_addr: 11, rs1_rdata: ffffffff, rs2_addr: 31, rs2_rdata: 00000000, rd_addr: 11, rd_wdata: 80000000, mem_addr: 80000000, mem_rdata: 00000000, mem_wdata: 00000000
ClkCycle:       5293, pc_rdata: 00004e8e, pc_wdata: 00004e92, insn: 8513fff5, mode: 3, rs1_addr:  0, rs1_rdata: 00000000, rs2_addr:  0, rs2_rdata: 00000000, rd_addr:  0, rd_wdata: 00000000, mem_addr: 00000000, mem_rdata: 00000000, mem_wdata: 00000000
ClkCycle:       5294, pc_rdata: 00004e92, pc_wdata: 00004e96, insn: 05330380, mode: 3, rs1_addr:  1, rs1_rdata: 00007118, rs2_addr: 24, rs2_rdata: 0000007d, rd_addr: 10, rd_wdata: 00007150, mem_addr: 00007150, mem_rdata: 00000000, mem_wdata: 0000007d
ClkCycle:       5295, pc_rdata: 00004e96, pc_wdata: 00004e9a, insn: 05330380, mode: 3, rs1_addr:  0, rs1_rdata: 00000000, rs2_addr:  0, rs2_rdata: 00000000, rd_addr:  0, rd_wdata: 00000000, mem_addr: 00000000, mem_rdata: 00000000, mem_wdata: 00000000
ClkCycle:       5296, pc_rdata: 00004e9a, pc_wdata: 00004e9e, insn: 00010001, mode: 3, rs1_addr:  2, rs1_rdata: 00000048, rs2_addr:  0, rs2_rdata: 00000000, rd_addr: 10, rd_wdata: 00000048, mem_addr: 00000048, mem_rdata: 00000000, mem_wdata: 00000000
ClkCycle:       5297, pc_rdata: 00004e9e, pc_wdata: 00004ea2, insn: 00010001, mode: 3, rs1_addr:  0, rs1_rdata: 00000000, rs2_addr:  0, rs2_rdata: 00000000, rd_addr:  0, rd_wdata: 00000000, mem_addr: 00000000, mem_rdata: 00000000, mem_wdata: 00000000
ClkCycle:       5298, pc_rdata: 00004ea2, pc_wdata: 00004ea4, insn: 03359593, mode: 3, rs1_addr:  0, rs1_rdata: 00000000, rs2_addr:  0, rs2_rdata: 00000000, rd_addr:  0, rd_wdata: 00000000, mem_addr: 00000000, mem_rdata: 00000000, mem_wdata: 00000000
ClkCycle:       5299, pc_rdata: 00004ea4, pc_wdata: 00004ea8, insn: 03359593, mode: 3, rs1_addr: 11, rs1_rdata: 80000000, rs2_addr: 19, rs2_rdata: dfffb7ff, rd_addr: 11, rd_wdata: 00000000, mem_addr: 00000000, mem_rdata: 00000000, mem_wdata: dfffb7ff
ClkCycle:       5300, pc_rdata: 00004ea8, pc_wdata: 00004eac, insn: fff5c593, mode: 3, rs1_addr: 11, rs1_rdata: 80000000, rs2_addr: 31, rs2_rdata: 00000000, rd_addr: 11, rd_wdata: ffffffff, mem_addr: ffffffff, mem_rdata: 00000000, mem_wdata: 00000000
ClkCycle:       5301, pc_rdata: 00004eac, pc_wdata: 00004eb0, insn: 3d808513, mode: 3, rs1_addr:  1, rs1_rdata: 00007118, rs2_addr: 24, rs2_rdata: 0000007d, rd_addr: 10, rd_wdata: 000074f0, mem_addr: 000074f0, mem_rdata: 00000000, mem_wdata: 0000007d
ClkCycle:       5302, pc_rdata: 00004eb0, pc_wdata: 00004eb4, insn: 04000113, mode: 3, rs1_addr:  0, rs1_rdata: 00000000, rs2_addr:  0, rs2_rdata: 00000000, rd_addr:  2, rd_wdata: 00000040, mem_addr: 00000040, mem_rdata: 00000000, mem_wdata: 00000000
ClkCycle:       5303, pc_rdata: 00004eb4, pc_wdata: 00004eb8, insn: 40250533, mode: 3, rs1_addr: 10, rs1_rdata: 00000048, rs2_addr:  2, rs2_rdata: 00000048, rd_addr: 10, rd_wdata: 000074b0, mem_addr: 000074b0, mem_rdata: 00000000, mem_wdata: 00000040
fffc0000ffffffff
ClkCycle:       5304, pc_rdata: 00004eb8, pc_wdata: 00004eba, insn: 0001c12c, mode: 3, rs1_addr: 10, rs1_rdata: 000074f0, rs2_addr: 11, rs2_rdata: ffffffff, rd_addr:  0, rd_wdata: 000074f0, mem_addr: 000074f0, mem_rdata: 00000000, mem_wdata: ffffffff
ClkCycle:       5305, pc_rdata: 00004eba, pc_wdata: 00004ebe, insn: 0001c12c, mode: 3, rs1_addr:  0, rs1_rdata: 00000000, rs2_addr:  0, rs2_rdata: 00000000, rd_addr:  0, rd_wdata: 00000000, mem_addr: 00000000, mem_rdata: 00000000, mem_wdata: 00000000
ClkCycle:       5306, pc_rdata: 00004ebe, pc_wdata: 00004ec0, insn: 95930010, mode: 3, rs1_addr:  0, rs1_rdata: 00000000, rs2_addr:  0, rs2_rdata: 00000000, rd_addr:  0, rd_wdata: 00000000, mem_addr: 00000000, mem_rdata: 00000000, mem_wdata: 00000000
ClkCycle:       5307, pc_rdata: 00004ec0, pc_wdata: 00004ec2, insn: 95930010, mode: 3, rs1_addr:  2, rs1_rdata: 00000040, rs2_addr:  0, rs2_rdata: 00000000, rd_addr: 12, rd_wdata: 00000040, mem_addr: 00000040, mem_rdata: 00000000, mem_wdata: 00000000
ClkCycle:       5308, pc_rdata: 00004ec2, pc_wdata: 00004ec6, insn: 95930010, mode: 3, rs1_addr:  0, rs1_rdata: 00000000, rs2_addr:  0, rs2_rdata: 00000000, rd_addr:  0, rd_wdata: 00000000, mem_addr: 00000000, mem_rdata: 00000000, mem_wdata: 00000000
ClkCycle:       5309, pc_rdata: 00004ec6, pc_wdata: 00004eca, insn: 8513fff5, mode: 3, rs1_addr: 11, rs1_rdata: ffffffff, rs2_addr: 31, rs2_rdata: 00000000, rd_addr: 11, rd_wdata: 80000000, mem_addr: 80000000, mem_rdata: 00000000, mem_wdata: 00000000
ClkCycle:       5310, pc_rdata: 00004eca, pc_wdata: 00004ece, insn: 8513fff5, mode: 3, rs1_addr:  0, rs1_rdata: 00000000, rs2_addr:  0, rs2_rdata: 00000000, rd_addr:  0, rd_wdata: 00000000, mem_addr: 00000000, mem_rdata: 00000000, mem_wdata: 00000000
ClkCycle:       5311, pc_rdata: 00004ece, pc_wdata: 00004ed2, insn: 05330480, mode: 3, rs1_addr:  1, rs1_rdata: 00007118, rs2_addr:  8, rs2_rdata: 00000000, rd_addr: 10, rd_wdata: 00007160, mem_addr: 00007160, mem_rdata: 00000000, mem_wdata: 00000000
ClkCycle:       5312, pc_rdata: 00004ed2, pc_wdata: 00004ed6, insn: 05330480, mode: 3, rs1_addr:  0, rs1_rdata: 00000000, rs2_addr:  0, rs2_rdata: 00000000, rd_addr:  0, rd_wdata: 00000000, mem_addr: 00000000, mem_rdata: 00000000, mem_wdata: 00000000
ClkCycle:       5313, pc_rdata: 00004ed6, pc_wdata: 00004eda, insn: 00010001, mode: 3, rs1_addr:  2, rs1_rdata: 00000040, rs2_addr:  0, rs2_rdata: 00000000, rd_addr: 10, rd_wdata: 00000040, mem_addr: 00000040, mem_rdata: 00000000, mem_wdata: 00000000
ClkCycle:       5314, pc_rdata: 00004eda, pc_wdata: 00004ede, insn: 00010001, mode: 3, rs1_addr:  0, rs1_rdata: 00000000, rs2_addr:  0, rs2_rdata: 00000000, rd_addr:  0, rd_wdata: 00000000, mem_addr: 00000000, mem_rdata: 00000000, mem_wdata: 00000000
ClkCycle:       5315, pc_rdata: 00004ede, pc_wdata: 00004ee0, insn: 03559593, mode: 3, rs1_addr:  0, rs1_rdata: 00000000, rs2_addr:  0, rs2_rdata: 00000000, rd_addr:  0, rd_wdata: 00000000, mem_addr: 00000000, mem_rdata: 00000000, mem_wdata: 00000000
ClkCycle:       5316, pc_rdata: 00004ee0, pc_wdata: 00004ee4, insn: 03559593, mode: 3, rs1_addr: 11, rs1_rdata: 80000000, rs2_addr: 21, rs2_rdata: 0fab7ffe, rd_addr: 11, rd_wdata: 00000000, mem_addr: 00000000, mem_rdata: 00000000, mem_wdata: 0fab7ffe
ClkCycle:       5317, pc_rdata: 00004ee4, pc_wdata: 00004ee8, insn: fff5c593, mode: 3, rs1_addr: 11, rs1_rdata: 80000000, rs2_addr: 31, rs2_rdata: 00000000, rd_addr: 11, rd_wdata: ffffffff, mem_addr: ffffffff, mem_rdata: 00000000, mem_wdata: 00000000
ClkCycle:       5318, pc_rdata: 00004ee8, pc_wdata: 00004eec, insn: 3e808513, mode: 3, rs1_addr:  1, rs1_rdata: 00007118, rs2_addr:  8, rs2_rdata: 00000000, rd_addr: 10, rd_wdata: 00007500, mem_addr: 00007500, mem_rdata: 00000000, mem_wdata: 00000000
ClkCycle:       5319, pc_rdata: 00004eec, pc_wdata: 00004ef0, insn: 04c00113, mode: 3, rs1_addr:  0, rs1_rdata: 00000000, rs2_addr: 12, rs2_rdata: 00000040, rd_addr:  2, rd_wdata: 0000004c, mem_addr: 0000004c, mem_rdata: 00000000, mem_wdata: 00000040
ClkCycle:       5320, pc_rdata: 00004ef0, pc_wdata: 00004ef4, insn: 40250533, mode: 3, rs1_addr: 10, rs1_rdata: 00000040, rs2_addr:  2, rs2_rdata: 00000040, rd_addr: 10, rd_wdata: 000074b4, mem_addr: 000074b4, mem_rdata: 00000000, mem_wdata: 0000004c
fff00000ffffffff
ClkCycle:       5321, pc_rdata: 00004ef4, pc_wdata: 00004ef6, insn: 0001c56c, mode: 3, rs1_addr: 10, rs1_rdata: 00007500, rs2_addr: 11, rs2_rdata: ffffffff, rd_addr: 12, rd_wdata: 00007500, mem_addr: 00007500, mem_rdata: 00000000, mem_wdata: ffffffff
ClkCycle:       5322, pc_rdata: 00004ef6, pc_wdata: 00004efa, insn: 0001c56c, mode: 3, rs1_addr:  0, rs1_rdata: 00000000, rs2_addr:  0, rs2_rdata: 00000000, rd_addr:  0, rd_wdata: 00000000, mem_addr: 00000000, mem_rdata: 00000000, mem_wdata: 00000000
ClkCycle:       5323, pc_rdata: 00004efa, pc_wdata: 00004efc, insn: 95930010, mode: 3, rs1_addr:  0, rs1_rdata: 00000000, rs2_addr:  0, rs2_rdata: 00000000, rd_addr:  0, rd_wdata: 00000000, mem_addr: 00000000, mem_rdata: 00000000, mem_wdata: 00000000
ClkCycle:       5324, pc_rdata: 00004efc, pc_wdata: 00004efe, insn: 95930010, mode: 3, rs1_addr:  2, rs1_rdata: 0000004c, rs2_addr:  0, rs2_rdata: 00000000, rd_addr: 12, rd_wdata: 0000004c, mem_addr: 0000004c, mem_rdata: 00000000, mem_wdata: 00000000
ClkCycle:       5325, pc_rdata: 00004efe, pc_wdata: 00004f02, insn: 95930010, mode: 3, rs1_addr:  0, rs1_rdata: 00000000, rs2_addr:  0, rs2_rdata: 00000000, rd_addr:  0, rd_wdata: 00000000, mem_addr: 00000000, mem_rdata: 00000000, mem_wdata: 00000000
ClkCycle:       5326, pc_rdata: 00004f02, pc_wdata: 00004f06, insn: 8513fff5, mode: 3, rs1_addr: 11, rs1_rdata: ffffffff, rs2_addr: 31, rs2_rdata: 00000000, rd_addr: 11, rd_wdata: 80000000, mem_addr: 80000000, mem_rdata: 00000000, mem_wdata: 00000000
ClkCycle:       5327, pc_rdata: 00004f06, pc_wdata: 00004f0a, insn: 8513fff5, mode: 3, rs1_addr:  0, rs1_rdata: 00000000, rs2_addr:  0, rs2_rdata: 00000000, rd_addr:  0, rd_wdata: 00000000, mem_addr: 00000000, mem_rdata: 00000000, mem_wdata: 00000000
ClkCycle:       5328, pc_rdata: 00004f0a, pc_wdata: 00004f0e, insn: 05330740, mode: 3, rs1_addr:  1, rs1_rdata: 00007118, rs2_addr: 20, rs2_rdata: d5bfff6f, rd_addr: 10, rd_wdata: 0000718c, mem_addr: 0000718c, mem_rdata: 00000000, mem_wdata: d5bfff6f
ClkCycle:       5329, pc_rdata: 00004f0e, pc_wdata: 00004f12, insn: 05330740, mode: 3, rs1_addr:  0, rs1_rdata: 00000000, rs2_addr:  0, rs2_rdata: 00000000, rd_addr:  0, rd_wdata: 00000000, mem_addr: 00000000, mem_rdata: 00000000, mem_wdata: 00000000
ClkCycle:       5330, pc_rdata: 00004f12, pc_wdata: 00004f16, insn: 00010001, mode: 3, rs1_addr:  2, rs1_rdata: 0000004c, rs2_addr:  0, rs2_rdata: 00000000, rd_addr: 10, rd_wdata: 0000004c, mem_addr: 0000004c, mem_rdata: 00000000, mem_wdata: 00000000
ClkCycle:       5331, pc_rdata: 00004f16, pc_wdata: 00004f1a, insn: 00010001, mode: 3, rs1_addr:  0, rs1_rdata: 00000000, rs2_addr:  0, rs2_rdata: 00000000, rd_addr:  0, rd_wdata: 00000000, mem_addr: 00000000, mem_rdata: 00000000, mem_wdata: 00000000
ClkCycle:       5332, pc_rdata: 00004f1a, pc_wdata: 00004f1c, insn: 03759593, mode: 3, rs1_addr:  0, rs1_rdata: 00000000, rs2_addr:  0, rs2_rdata: 00000000, rd_addr:  0, rd_wdata: 00000000, mem_addr: 00000000, mem_rdata: 00000000, mem_wdata: 00000000
ClkCycle:       5333, pc_rdata: 00004f1c, pc_wdata: 00004f20, insn: 03759593, mode: 3, rs1_addr: 11, rs1_rdata: 80000000, rs2_addr: 23, rs2_rdata: 00003ead, rd_addr: 11, rd_wdata: 00000000, mem_addr: 00000000, mem_rdata: 00000000, mem_wdata: 00003ead
ClkCycle:       5334, pc_rdata: 00004f20, pc_wdata: 00004f24, insn: fff5c593, mode: 3, rs1_addr: 11, rs1_rdata: 80000000, rs2_addr: 31, rs2_rdata: 00000000, rd_addr: 11, rd_wdata: ffffffff, mem_addr: ffffffff, mem_rdata: 00000000, mem_wdata: 00000000
ClkCycle:       5335, pc_rdata: 00004f24, pc_wdata: 00004f28, insn: 3f808513, mode: 3, rs1_addr:  1, rs1_rdata: 00007118, rs2_addr: 24, rs2_rdata: 0000007d, rd_addr: 10, rd_wdata: 00007510, mem_addr: 00007510, mem_rdata: 00000000, mem_wdata: 0000007d
ClkCycle:       5336, pc_rdata: 00004f28, pc_wdata: 00004f2c, insn: 05400113, mode: 3, rs1_addr:  0, rs1_rdata: 00000000, rs2_addr: 20, rs2_rdata: d5bfff6f, rd_addr:  2, rd_wdata: 00000054, mem_addr: 00000054, mem_rdata: 00000000, mem_wdata: d5bfff6f
ClkCycle:       5337, pc_rdata: 00004f2c, pc_wdata: 00004f30, insn: 40250533, mode: 3, rs1_addr: 10, rs1_rdata: 0000004c, rs2_addr:  2, rs2_rdata: 0000004c, rd_addr: 10, rd_wdata: 000074bc, mem_addr: 000074bc, mem_rdata: 00000000, mem_wdata: 00000054
ffc00000ffffffff
ClkCycle:       5338, pc_rdata: 00004f30, pc_wdata: 00004f32, insn: 0001c96c, mode: 3, rs1_addr: 10, rs1_rdata: 00007510, rs2_addr: 11, rs2_rdata: ffffffff, rd_addr: 20, rd_wdata: 00007510, mem_addr: 00007510, mem_rdata: 00000000, mem_wdata: ffffffff
ClkCycle:       5339, pc_rdata: 00004f32, pc_wdata: 00004f36, insn: 0001c96c, mode: 3, rs1_addr:  0, rs1_rdata: 00000000, rs2_addr:  0, rs2_rdata: 00000000, rd_addr:  0, rd_wdata: 00000000, mem_addr: 00000000, mem_rdata: 00000000, mem_wdata: 00000000
ClkCycle:       5340, pc_rdata: 00004f36, pc_wdata: 00004f38, insn: 95930010, mode: 3, rs1_addr:  0, rs1_rdata: 00000000, rs2_addr:  0, rs2_rdata: 00000000, rd_addr:  0, rd_wdata: 00000000, mem_addr: 00000000, mem_rdata: 00000000, mem_wdata: 00000000
ClkCycle:       5341, pc_rdata: 00004f38, pc_wdata: 00004f3a, insn: 95930010, mode: 3, rs1_addr:  2, rs1_rdata: 00000054, rs2_addr:  0, rs2_rdata: 00000000, rd_addr: 12, rd_wdata: 00000054, mem_addr: 00000054, mem_rdata: 00000000, mem_wdata: 00000000
ClkCycle:       5342, pc_rdata: 00004f3a, pc_wdata: 00004f3e, insn: 95930010, mode: 3, rs1_addr:  0, rs1_rdata: 00000000, rs2_addr:  0, rs2_rdata: 00000000, rd_addr:  0, rd_wdata: 00000000, mem_addr: 00000000, mem_rdata: 00000000, mem_wdata: 00000000
ClkCycle:       5343, pc_rdata: 00004f3e, pc_wdata: 00004f42, insn: 8513fff5, mode: 3, rs1_addr: 11, rs1_rdata: ffffffff, rs2_addr: 31, rs2_rdata: 00000000, rd_addr: 11, rd_wdata: 80000000, mem_addr: 80000000, mem_rdata: 00000000, mem_wdata: 00000000
ClkCycle:       5344, pc_rdata: 00004f42, pc_wdata: 00004f46, insn: 8513fff5, mode: 3, rs1_addr:  0, rs1_rdata: 00000000, rs2_addr:  0, rs2_rdata: 00000000, rd_addr:  0, rd_wdata: 00000000, mem_addr: 00000000, mem_rdata: 00000000, mem_wdata: 00000000
ClkCycle:       5345, pc_rdata: 00004f46, pc_wdata: 00004f4a, insn: 05330200, mode: 3, rs1_addr:  1, rs1_rdata: 00007118, rs2_addr:  0, rs2_rdata: 00000000, rd_addr: 10, rd_wdata: 00007138, mem_addr: 00007138, mem_rdata: 00000000, mem_wdata: 00000000
ClkCycle:       5346, pc_rdata: 00004f4a, pc_wdata: 00004f4e, insn: 05330200, mode: 3, rs1_addr:  0, rs1_rdata: 00000000, rs2_addr:  0, rs2_rdata: 00000000, rd_addr:  0, rd_wdata: 00000000, mem_addr: 00000000, mem_rdata: 00000000, mem_wdata: 00000000
ClkCycle:       5347, pc_rdata: 00004f4e, pc_wdata: 00004f52, insn: 00010001, mode: 3, rs1_addr:  2, rs1_rdata: 00000054, rs2_addr:  0, rs2_rdata: 00000000, rd_addr: 10, rd_wdata: 00000054, mem_addr: 00000054, mem_rdata: 00000000, mem_wdata: 00000000
ClkCycle:       5348, pc_rdata: 00004f52, pc_wdata: 00004f56, insn: 00010001, mode: 3, rs1_addr:  0, rs1_rdata: 00000000, rs2_addr:  0, rs2_rdata: 00000000, rd_addr:  0, rd_wdata: 00000000, mem_addr: 00000000, mem_rdata: 00000000, mem_wdata: 00000000
ClkCycle:       5349, pc_rdata: 00004f56, pc_wdata: 00004f58, insn: 03959593, mode: 3, rs1_addr:  0, rs1_rdata: 00000000, rs2_addr:  0, rs2_rdata: 00000000, rd_addr:  0, rd_wdata: 00000000, mem_addr: 00000000, mem_rdata: 00000000, mem_wdata: 00000000
ClkCycle:       5350, pc_rdata: 00004f58, pc_wdata: 00004f5c, insn: 03959593, mode: 3, rs1_addr: 11, rs1_rdata: 80000000, rs2_addr: 25, rs2_rdata: 00000000, rd_addr: 11, rd_wdata: 00000000, mem_addr: 00000000, mem_rdata: 00000000, mem_wdata: 00000000
ClkCycle:       5351, pc_rdata: 00004f5c, pc_wdata: 00004f60, insn: fff5c593, mode: 3, rs1_addr: 11, rs1_rdata: 80000000, rs2_addr: 31, rs2_rdata: 00000000, rd_addr: 11, rd_wdata: ffffffff, mem_addr: ffffffff, mem_rdata: 00000000, mem_wdata: 00000000
ClkCycle:       5352, pc_rdata: 00004f60, pc_wdata: 00004f64, insn: 40808513, mode: 3, rs1_addr:  1, rs1_rdata: 00007118, rs2_addr:  8, rs2_rdata: 00000000, rd_addr: 10, rd_wdata: 00007520, mem_addr: 00007520, mem_rdata: 00000000, mem_wdata: 00000000
ClkCycle:       5353, pc_rdata: 00004f64, pc_wdata: 00004f68, insn: 03000113, mode: 3, rs1_addr:  0, rs1_rdata: 00000000, rs2_addr: 16, rs2_rdata: 7d5bfddb, rd_addr:  2, rd_wdata: 00000030, mem_addr: 00000030, mem_rdata: 00000000, mem_wdata: 7d5bfddb
ClkCycle:       5354, pc_rdata: 00004f68, pc_wdata: 00004f6c, insn: 40250533, mode: 3, rs1_addr: 10, rs1_rdata: 00000054, rs2_addr:  2, rs2_rdata: 00000054, rd_addr: 10, rd_wdata: 000074f0, mem_addr: 000074f0, mem_rdata: 00000000, mem_wdata: 00000030
ff000000ffffffff
ClkCycle:       5355, pc_rdata: 00004f6c, pc_wdata: 00004f6e, insn: 0001d90c, mode: 3, rs1_addr: 10, rs1_rdata: 00007520, rs2_addr: 11, rs2_rdata: ffffffff, rd_addr: 16, rd_wdata: 00007520, mem_addr: 00007520, mem_rdata: 00000000, mem_wdata: ffffffff
ClkCycle:       5356, pc_rdata: 00004f6e, pc_wdata: 00004f72, insn: 0001d90c, mode: 3, rs1_addr:  0, rs1_rdata: 00000000, rs2_addr:  0, rs2_rdata: 00000000, rd_addr:  0, rd_wdata: 00000000, mem_addr: 00000000, mem_rdata: 00000000, mem_wdata: 00000000
ClkCycle:       5357, pc_rdata: 00004f72, pc_wdata: 00004f74, insn: 95930010, mode: 3, rs1_addr:  0, rs1_rdata: 00000000, rs2_addr:  0, rs2_rdata: 00000000, rd_addr:  0, rd_wdata: 00000000, mem_addr: 00000000, mem_rdata: 00000000, mem_wdata: 00000000
ClkCycle:       5358, pc_rdata: 00004f74, pc_wdata: 00004f76, insn: 95930010, mode: 3, rs1_addr:  2, rs1_rdata: 00000030, rs2_addr:  0, rs2_rdata: 00000000, rd_addr: 12, rd_wdata: 00000030, mem_addr: 00000030, mem_rdata: 00000000, mem_wdata: 00000000
ClkCycle:       5359, pc_rdata: 00004f76, pc_wdata: 00004f7a, insn: 95930010, mode: 3, rs1_addr:  0, rs1_rdata: 00000000, rs2_addr:  0, rs2_rdata: 00000000, rd_addr:  0, rd_wdata: 00000000, mem_addr: 00000000, mem_rdata: 00000000, mem_wdata: 00000000
ClkCycle:       5360, pc_rdata: 00004f7a, pc_wdata: 00004f7e, insn: 8513fff5, mode: 3, rs1_addr: 11, rs1_rdata: ffffffff, rs2_addr: 31, rs2_rdata: 00000000, rd_addr: 11, rd_wdata: 80000000, mem_addr: 80000000, mem_rdata: 00000000, mem_wdata: 00000000
ClkCycle:       5361, pc_rdata: 00004f7e, pc_wdata: 00004f82, insn: 8513fff5, mode: 3, rs1_addr:  0, rs1_rdata: 00000000, rs2_addr:  0, rs2_rdata: 00000000, rd_addr:  0, rd_wdata: 00000000, mem_addr: 00000000, mem_rdata: 00000000, mem_wdata: 00000000
ClkCycle:       5362, pc_rdata: 00004f82, pc_wdata: 00004f86, insn: 05330040, mode: 3, rs1_addr:  1, rs1_rdata: 00007118, rs2_addr:  4, rs2_rdata: 6dfdffff, rd_addr: 10, rd_wdata: 0000711c, mem_addr: 0000711c, mem_rdata: 00000000, mem_wdata: 6dfdffff
ClkCycle:       5363, pc_rdata: 00004f86, pc_wdata: 00004f8a, insn: 05330040, mode: 3, rs1_addr:  0, rs1_rdata: 00000000, rs2_addr:  0, rs2_rdata: 00000000, rd_addr:  0, rd_wdata: 00000000, mem_addr: 00000000, mem_rdata: 00000000, mem_wdata: 00000000
ClkCycle:       5364, pc_rdata: 00004f8a, pc_wdata: 00004f8e, insn: 00010001, mode: 3, rs1_addr:  2, rs1_rdata: 00000030, rs2_addr:  0, rs2_rdata: 00000000, rd_addr: 10, rd_wdata: 00000030, mem_addr: 00000030, mem_rdata: 00000000, mem_wdata: 00000000
ClkCycle:       5365, pc_rdata: 00004f8e, pc_wdata: 00004f92, insn: 00010001, mode: 3, rs1_addr:  0, rs1_rdata: 00000000, rs2_addr:  0, rs2_rdata: 00000000, rd_addr:  0, rd_wdata: 00000000, mem_addr: 00000000, mem_rdata: 00000000, mem_wdata: 00000000
ClkCycle:       5366, pc_rdata: 00004f92, pc_wdata: 00004f94, insn: 1f813483, mode: 3, rs1_addr:  0, rs1_rdata: 00000000, rs2_addr:  0, rs2_rdata: 00000000, rd_addr:  0, rd_wdata: 00000000, mem_addr: 00000000, mem_rdata: 00000000, mem_wdata: 00000000
ClkCycle:       5367, pc_rdata: 00004f94, pc_wdata: 00004f98, insn: 1f813483, mode: 3, rs1_addr:  2, rs1_rdata: 00000030, rs2_addr: 24, rs2_rdata: 0000007d, rd_addr:  9, rd_wdata: 00000000, mem_addr: 00000228, mem_rdata: 00000000, mem_wdata: 0000007d
ClkCycle:       5368, pc_rdata: 00004f98, pc_wdata: 00004f9c, insn: 20013303, mode: 3, rs1_addr:  2, rs1_rdata: 00000030, rs2_addr:  0, rs2_rdata: 00000000, rd_addr:  6, rd_wdata: 00000000, mem_addr: 00000230, mem_rdata: 00000000, mem_wdata: 00000000
ClkCycle:       5369, pc_rdata: 00004f9c, pc_wdata: 00004fa0, insn: 00930333, mode: 3, rs1_addr:  6, rs1_rdata: 1fddb7f7, rs2_addr:  9, rs2_rdata: 000000fe, rd_addr:  6, rd_wdata: 00000230, mem_addr: 00000230, mem_rdata: 00000000, mem_wdata: 00000000
ClkCycle:       5371, pc_rdata: 00004fa0, pc_wdata: 00004fa4, insn: 00000337, mode: 3, rs1_addr:  0, rs1_rdata: 00000000, rs2_addr:  0, rs2_rdata: 00000000, rd_addr:  6, rd_wdata: 00000000, mem_addr: 00000000, mem_rdata: 00000000, mem_wdata: 00000000
ClkCycle:       5372, pc_rdata: 00004fa4, pc_wdata: 00004fa8, insn: 00030313, mode: 3, rs1_addr:  6, rs1_rdata: 00000000, rs2_addr:  0, rs2_rdata: 00000000, rd_addr:  6, rd_wdata: 00000000, mem_addr: 00000000, mem_rdata: 00000000, mem_wdata: 00000000
ClkCycle:       5373, pc_rdata: 00004fa8, pc_wdata: 00004fac, insn: 00b31313, mode: 3, rs1_addr:  6, rs1_rdata: 00000000, rs2_addr: 11, rs2_rdata: 80000000, rd_addr:  6, rd_wdata: 00000000, mem_addr: 00000000, mem_rdata: 00000000, mem_wdata: 80000000
ClkCycle:       5374, pc_rdata: 00004fac, pc_wdata: 00004fb0, insn: 5d630313, mode: 3, rs1_addr:  6, rs1_rdata: 00000000, rs2_addr: 22, rs2_rdata: 001f56ff, rd_addr:  6, rd_wdata: 000005d6, mem_addr: 000005d6, mem_rdata: 00000000, mem_wdata: 001f56ff
ClkCycle:       5375, pc_rdata: 00004fb0, pc_wdata: 00004fb4, insn: 00b31313, mode: 3, rs1_addr:  6, rs1_rdata: 00000000, rs2_addr: 11, rs2_rdata: 80000000, rd_addr:  6, rd_wdata: 002eb000, mem_addr: 002eb000, mem_rdata: 00000000, mem_wdata: 80000000
ClkCycle:       5376, pc_rdata: 00004fb4, pc_wdata: 00004fb8, insn: 43630313, mode: 3, rs1_addr:  6, rs1_rdata: 00000000, rs2_addr: 22, rs2_rdata: 001f56ff, rd_addr:  6, rd_wdata: 002eb436, mem_addr: 002eb436, mem_rdata: 00000000, mem_wdata: 001f56ff
ClkCycle:       5377, pc_rdata: 00004fb8, pc_wdata: 00004fbc, insn: 00a31313, mode: 3, rs1_addr:  6, rs1_rdata: 000005d6, rs2_addr: 10, rs2_rdata: 00000030, rd_addr:  6, rd_wdata: bad0d800, mem_addr: bad0d800, mem_rdata: 00000000, mem_wdata: 00000030
ClkCycle:       5378, pc_rdata: 00004fbc, pc_wdata: 00004fc0, insn: 2d030313, mode: 3, rs1_addr:  6, rs1_rdata: 002eb000, rs2_addr: 16, rs2_rdata: 7d5bfddb, rd_addr:  6, rd_wdata: bad0dad0, mem_addr: bad0dad0, mem_rdata: 00000000, mem_wdata: 7d5bfddb
00000000bad0dad0
ClkCycle:       5379, pc_rdata: 00004fc0, pc_wdata: 00004fc4, insn: fe64be23, mode: 3, rs1_addr:  9, rs1_rdata: 00000000, rs2_addr:  6, rs2_rdata: 002eb436, rd_addr: 28, rd_wdata: fffffffc, mem_addr: fffffffc, mem_rdata: 00000000, mem_wdata: bad0dad0
ClkCycle:       5380, pc_rdata: 00004fc4, pc_wdata: 00004fc8, insn: 0040006f, mode: 3, rs1_addr:  0, rs1_rdata: 00000000, rs2_addr:  4, rs2_rdata: 6dfdffff, rd_addr:  0, rd_wdata: 00004fc8, mem_addr: 00000004, mem_rdata: 00000000, mem_wdata: 6dfdffff
ClkCycle:       5381, pc_rdata: 00004fc8, pc_wdata: 00004fc8, insn: 0f174085, mode: 3, rs1_addr:  0, rs1_rdata: 00000000, rs2_addr:  0, rs2_rdata: 00000000, rd_addr:  0, rd_wdata: 00000000, mem_addr: 00000000, mem_rdata: 00000000, mem_wdata: 00000000
ClkCycle:       5382, pc_rdata: 00004fc8, pc_wdata: 00004fca, insn: 0f174085, mode: 3, rs1_addr:  0, rs1_rdata: 00000000, rs2_addr:  1, rs2_rdata: 00007118, rd_addr:  1, rd_wdata: 00000001, mem_addr: 00000001, mem_rdata: 00000000, mem_wdata: 00007118
ClkCycle:       5383, pc_rdata: 00004fca, pc_wdata: 00004fce, insn: 0f174085, mode: 3, rs1_addr:  0, rs1_rdata: 00000000, rs2_addr:  0, rs2_rdata: 00000000, rd_addr:  0, rd_wdata: 00000000, mem_addr: 00000000, mem_rdata: 00000000, mem_wdata: 00000000
ClkCycle:       5384, pc_rdata: 00004fce, pc_wdata: 00004fd2, insn: bfe5021f, mode: 3, rs1_addr: 30, rs1_rdata: 00000000, rs2_addr:  1, rs2_rdata: 00007118, rd_addr: 30, rd_wdata: 021f4fce, mem_addr: 021f4fce, mem_rdata: 00000000, mem_wdata: 00000001
ClkCycle:       5385, pc_rdata: 00004fd2, pc_wdata: 00004fd6, insn: bfe5021f, mode: 3, rs1_addr:  0, rs1_rdata: 00000000, rs2_addr:  0, rs2_rdata: 00000000, rd_addr:  0, rd_wdata: 00000000, mem_addr: 00000000, mem_rdata: 00000000, mem_wdata: 00000000
ClkCycle:       5388, pc_rdata: 00004fce, pc_wdata: 00004fd2, insn: 2b230000, mode: 3, rs1_addr:  0, rs1_rdata: 00000000, rs2_addr:  0, rs2_rdata: 00000000, rd_addr:  0, rd_wdata: 00000000, mem_addr: 00000000, mem_rdata: 00000000, mem_wdata: 00000000
0000000000000000
ClkCycle:       8473, pc_rdata: 00008002, pc_wdata: 00008004, insn: ddb80813, mode: 3, rs1_addr:  2, rs1_rdata: 00000030, rs2_addr:  0, rs2_rdata: 00000000, rd_addr:  8, rd_wdata: 00000030, mem_addr: 00000030, mem_rdata: 00000000, mem_wdata: 00000000
ClkCycle:       8474, pc_rdata: 00008004, pc_wdata: 00008008, insn: ddb80813, mode: 3, rs1_addr: 16, rs1_rdata: 7d5bfddb, rs2_addr: 27, rs2_rdata: 00000000, rd_addr: 16, rd_wdata: 7d5bfbb6, mem_addr: 7d5bfbb6, mem_rdata: 00000000, mem_wdata: 00000000
ClkCycle:       8475, pc_rdata: 00008008, pc_wdata: 0000800c, insn: 00b81813, mode: 3, rs1_addr: 16, rs1_rdata: 7d5bfddb, rs2_addr: 11, rs2_rdata: 80000000, rd_addr: 16, rd_wdata: dfddb000, mem_addr: dfddb000, mem_rdata: 00000000, mem_wdata: 80000000
ClkCycle:       8476, pc_rdata: 0000800c, pc_wdata: 00008010, insn: 3ea80813, mode: 3, rs1_addr: 16, rs1_rdata: 7d5bfddb, rs2_addr: 10, rs2_rdata: 00000030, rd_addr: 16, rd_wdata: dfddb3ea, mem_addr: dfddb3ea, mem_rdata: 00000000, mem_wdata: 00000030
ClkCycle:       8477, pc_rdata: 00008010, pc_wdata: 00008014, insn: 00b81813, mode: 3, rs1_addr: 16, rs1_rdata: 7d5bfbb6, rs2_addr: 11, rs2_rdata: 80000000, rd_addr: 16, rd_wdata: ed9f5000, mem_addr: ed9f5000, mem_rdata: 00000000, mem_wdata: 80000000
ClkCycle:       8478, pc_rdata: 00008014, pc_wdata: 00008018, insn: 6ff80813, mode: 3, rs1_addr: 16, rs1_rdata: dfddb000, rs2_addr: 31, rs2_rdata: 00000000, rd_addr: 16, rd_wdata: ed9f56ff, mem_addr: ed9f56ff, mem_rdata: 00000000, mem_wdata: 00000000
ClkCycle:       8479, pc_rdata: 00008018, pc_wdata: 0000801c, insn: 00a81813, mode: 3, rs1_addr: 16, rs1_rdata: dfddb3ea, rs2_addr: 10, rs2_rdata: 00000030, rd_addr: 16, rd_wdata: 7d5bfc00, mem_addr: 7d5bfc00, mem_rdata: 00000000, mem_wdata: 00000030
ClkCycle:       8480, pc_rdata: 0000801c, pc_wdata: 00008020, insn: 1db80813, mode: 3, rs1_addr: 16, rs1_rdata: ed9f5000, rs2_addr: 27, rs2_rdata: 00000000, rd_addr: 16, rd_wdata: 7d5bfddb, mem_addr: 7d5bfddb, mem_rdata: 00000000, mem_wdata: 00000000
ClkCycle:       8481, pc_rdata: 00008020, pc_wdata: 00008024, insn: 00785893, mode: 3, rs1_addr: 16, rs1_rdata: ed9f56ff, rs2_addr:  7, rs2_rdata: 003fbb6f, rd_addr: 17, rd_wdata: 6cfab7fb, mem_addr: 6cfab7fb, mem_rdata: 00000000, mem_wdata: 003fbb6f
ClkCycle:       8482, pc_rdata: 00008024, pc_wdata: 00008028, insn: 03985793, mode: 3, rs1_addr: 16, rs1_rdata: 7d5bfc00, rs2_addr: 25, rs2_rdata: 00000000, rd_addr: 15, rd_wdata: adfddb3e, mem_addr: adfddb3e, mem_rdata: 00000000, mem_wdata: 00000000
ClkCycle:       8483, pc_rdata: 00008028, pc_wdata: 0000802c, insn: 00f8e8b3, mode: 3, rs1_addr: 17, rs1_rdata: edffffff, rs2_addr: 15, rs2_rdata: 00000000, rd_addr: 17, rd_wdata: edffffff, mem_addr: edffffff, mem_rdata: 00000000, mem_wdata: adfddb3e
ClkCycle:       8484, pc_rdata: 0000802c, pc_wdata: 00008030, insn: 0078d913, mode: 3, rs1_addr: 17, rs1_rdata: 6cfab7fb, rs2_addr:  7, rs2_rdata: 003fbb6f, rd_addr: 18, rd_wdata: ffdbffff, mem_addr: ffdbffff, mem_rdata: 00000000, mem_wdata: 003fbb6f
ClkCycle:       8485, pc_rdata: 00008030, pc_wdata: 00008034, insn: 0398d793, mode: 3, rs1_addr: 17, rs1_rdata: 6cfab7fb, rs2_addr: 25, rs2_rdata: 00000000, rd_addr: 15, rd_wdata: 7d5bfff6, mem_addr: 7d5bfff6, mem_rdata: 00000000, mem_wdata: 00000000
ClkCycle:       8486, pc_rdata: 00008034, pc_wdata: 00008038, insn: 00f96933, mode: 3, rs1_addr: 18, rs1_rdata: ffdbffff, rs2_addr: 15, rs2_rdata: adfddb3e, rd_addr: 18, rd_wdata: ffdbffff, mem_addr: ffdbffff, mem_rdata: 00000000, mem_wdata: 7d5bfff6
ClkCycle:       8487, pc_rdata: 00008038, pc_wdata: 0000803c, insn: 00795993, mode: 3, rs1_addr: 18, rs1_rdata: ffdbffff, rs2_addr:  7, rs2_rdata: 003fbb6f, rd_addr: 19, rd_wdata: dfffb7ff, mem_addr: dfffb7ff, mem_rdata: 00000000, mem_wdata: 003fbb6f
ClkCycle:       8488, pc_rdata: 0000803c, pc_wdata: 00008040, insn: 03995793, mode: 3, rs1_addr: 18, rs1_rdata: ffdbffff, rs2_addr: 25, rs2_rdata: 00000000, rd_addr: 15, rd_wdata: 00fab7ff, mem_addr: 00fab7ff, mem_rdata: 00000000, mem_wdata: 00000000
ClkCycle:       8489, pc_rdata: 00008040, pc_wdata: 00008044, insn: 00f9e9b3, mode: 3, rs1_addr: 19, rs1_rdata: dfffb7ff, rs2_addr: 15, rs2_rdata: 7d5bfff6, rd_addr: 19, rd_wdata: dfffb7ff, mem_addr: dfffb7ff, mem_rdata: 00000000, mem_wdata: 00fab7ff
ClkCycle:       8490, pc_rdata: 00008044, pc_wdata: 00008048, insn: 0079da13, mode: 3, rs1_addr: 19, rs1_rdata: dfffb7ff, rs2_addr:  7, rs2_rdata: 003fbb6f, rd_addr: 20, rd_wdata: d5bfff6f, mem_addr: d5bfff6f, mem_rdata: 00000000, mem_wdata: 003fbb6f
ClkCycle:       8491, pc_rdata: 00008048, pc_wdata: 0000804c, insn: 0399d793, mode: 3, rs1_addr: 19, rs1_rdata: dfffb7ff, rs2_addr: 25, rs2_rdata: 00000000, rd_addr: 15, rd_wdata: 0001f56f, mem_addr: 0001f56f, mem_rdata: 00000000, mem_wdata: 00000000
ClkCycle:       8492, pc_rdata: 0000804c, pc_wdata: 00008050, insn: 00fa6a33, mode: 3, rs1_addr: 20, rs1_rdata: d5bfff6f, rs2_addr: 15, rs2_rdata: 00fab7ff, rd_addr: 20, rd_wdata: d5bfff6f, mem_addr: d5bfff6f, mem_rdata: 00000000, mem_wdata: 0001f56f
ClkCycle:       8493, pc_rdata: 00008050, pc_wdata: 00008054, insn: 007a5a93, mode: 3, rs1_addr: 20, rs1_rdata: d5bfff6f, rs2_addr:  7, rs2_rdata: 003fbb6f, rd_addr: 21, rd_wdata: 0fab7ffe, mem_addr: 0fab7ffe, mem_rdata: 00000000, mem_wdata: 003fbb6f
ClkCycle:       8494, pc_rdata: 00008054, pc_wdata: 00008058, insn: 039a5793, mode: 3, rs1_addr: 20, rs1_rdata: d5bfff6f, rs2_addr: 25, rs2_rdata: 00000000, rd_addr: 15, rd_wdata: 000003ea, mem_addr: 000003ea, mem_rdata: 00000000, mem_wdata: 00000000
ClkCycle:       8495, pc_rdata: 00008058, pc_wdata: 0000805c, insn: 00faeab3, mode: 3, rs1_addr: 21, rs1_rdata: 0fab7ffe, rs2_addr: 15, rs2_rdata: 0001f56f, rd_addr: 21, rd_wdata: 0fab7ffe, mem_addr: 0fab7ffe, mem_rdata: 00000000, mem_wdata: 000003ea
ClkCycle:       8496, pc_rdata: 0000805c, pc_wdata: 00008060, insn: 007adb13, mode: 3, rs1_addr: 21, rs1_rdata: 0fab7ffe, rs2_addr:  7, rs2_rdata: 003fbb6f, rd_addr: 22, rd_wdata: 001f56ff, mem_addr: 001f56ff, mem_rdata: 00000000, mem_wdata: 003fbb6f
ClkCycle:       8497, pc_rdata: 00008060, pc_wdata: 00008064, insn: 039ad793, mode: 3, rs1_addr: 21, rs1_rdata: 0fab7ffe, rs2_addr: 25, rs2_rdata: 00000000, rd_addr: 15, rd_wdata: 00000007, mem_addr: 00000007, mem_rdata: 00000000, mem_wdata: 00000000
ClkCycle:       8498, pc_rdata: 00008064, pc_wdata: 00008068, insn: 00fb6b33, mode: 3, rs1_addr: 22, rs1_rdata: 001f56ff, rs2_addr: 15, rs2_rdata: 000003ea, rd_addr: 22, rd_wdata: 001f56ff, mem_addr: 001f56ff, mem_rdata: 00000000, mem_wdata: 00000007
ClkCycle:       8499, pc_rdata: 00008068, pc_wdata: 0000806c, insn: 007b5b93, mode: 3, rs1_addr: 22, rs1_rdata: 001f56ff, rs2_addr:  7, rs2_rdata: 003fbb6f, rd_addr: 23, rd_wdata: 00003ead, mem_addr: 00003ead, mem_rdata: 00000000, mem_wdata: 003fbb6f
ClkCycle:       8500, pc_rdata: 0000806c, pc_wdata: 00008070, insn: 039b5793, mode: 3, rs1_addr: 22, rs1_rdata: 001f56ff, rs2_addr: 25, rs2_rdata: 00000000, rd_addr: 15, rd_wdata: 00000000, mem_addr: 00000000, mem_rdata: 00000000, mem_wdata: 00000000
ClkCycle:       8501, pc_rdata: 00008070, pc_wdata: 00008074, insn: 00fbebb3, mode: 3, rs1_addr: 23, rs1_rdata: 00003ead, rs2_addr: 15, rs2_rdata: 00000007, rd_addr: 23, rd_wdata: 00003ead, mem_addr: 00003ead, mem_rdata: 00000000, mem_wdata: 00000000
ClkCycle:       8502, pc_rdata: 00008074, pc_wdata: 00008078, insn: 007bdc13, mode: 3, rs1_addr: 23, rs1_rdata: 00003ead, rs2_addr:  7, rs2_rdata: 003fbb6f, rd_addr: 24, rd_wdata: 0000007d, mem_addr: 0000007d, mem_rdata: 00000000, mem_wdata: 003fbb6f
ClkCycle:       8503, pc_rdata: 00008078, pc_wdata: 0000807c, insn: 039bd793, mode: 3, rs1_addr: 23, rs1_rdata: 00003ead, rs2_addr: 25, rs2_rdata: 00000000, rd_addr: 15, rd_wdata: 00000000, mem_addr: 00000000, mem_rdata: 00000000, mem_wdata: 00000000
ClkCycle:       8504, pc_rdata: 0000807c, pc_wdata: 00008080, insn: 00fc6c33, mode: 3, rs1_addr: 24, rs1_rdata: 0000007d, rs2_addr: 15, rs2_rdata: 00000000, rd_addr: 24, rd_wdata: 0000007d, mem_addr: 0000007d, mem_rdata: 00000000, mem_wdata: 00000000
ClkCycle:       8505, pc_rdata: 00008080, pc_wdata: 00008084, insn: 007c5c93, mode: 3, rs1_addr: 24, rs1_rdata: 0000007d, rs2_addr:  7, rs2_rdata: 003fbb6f, rd_addr: 25, rd_wdata: 00000000, mem_addr: 00000000, mem_rdata: 00000000, mem_wdata: 003fbb6f
ClkCycle:       8506, pc_rdata: 00008084, pc_wdata: 00008088, insn: 039c5793, mode: 3, rs1_addr: 24, rs1_rdata: 0000007d, rs2_addr: 25, rs2_rdata: 00000000, rd_addr: 15, rd_wdata: 00000000, mem_addr: 00000000, mem_rdata: 00000000, mem_wdata: 00000000
ClkCycle:       8507, pc_rdata: 00008088, pc_wdata: 0000808c, insn: 00fcecb3, mode: 3, rs1_addr: 25, rs1_rdata: 00000000, rs2_addr: 15, rs2_rdata: 00000000, rd_addr: 25, rd_wdata: 00000000, mem_addr: 00000000, mem_rdata: 00000000, mem_wdata: 00000000
ClkCycle:       8508, pc_rdata: 0000808c, pc_wdata: 00008090, insn: 007cdd13, mode: 3, rs1_addr: 25, rs1_rdata: 00000000, rs2_addr:  7, rs2_rdata: 003fbb6f, rd_addr: 26, rd_wdata: 00000000, mem_addr: 00000000, mem_rdata: 00000000, mem_wdata: 003fbb6f
ClkCycle:       8509, pc_rdata: 00008090, pc_wdata: 00008094, insn: 039cd793, mode: 3, rs1_addr: 25, rs1_rdata: 00000000, rs2_addr: 25, rs2_rdata: 00000000, rd_addr: 15, rd_wdata: 00000000, mem_addr: 00000000, mem_rdata: 00000000, mem_wdata: 00000000
ClkCycle:       8510, pc_rdata: 00008094, pc_wdata: 00008098, insn: 00fd6d33, mode: 3, rs1_addr: 26, rs1_rdata: 00000000, rs2_addr: 15, rs2_rdata: 00000000, rd_addr: 26, rd_wdata: 00000000, mem_addr: 00000000, mem_rdata: 00000000, mem_wdata: 00000000
ClkCycle:       8511, pc_rdata: 00008098, pc_wdata: 0000809c, insn: 007d5d93, mode: 3, rs1_addr: 26, rs1_rdata: 00000000, rs2_addr:  7, rs2_rdata: 003fbb6f, rd_addr: 27, rd_wdata: 00000000, mem_addr: 00000000, mem_rdata: 00000000, mem_wdata: 003fbb6f
ClkCycle:       8512, pc_rdata: 0000809c, pc_wdata: 000080a0, insn: 039d5793, mode: 3, rs1_addr: 26, rs1_rdata: 00000000, rs2_addr: 25, rs2_rdata: 00000000, rd_addr: 15, rd_wdata: 00000000, mem_addr: 00000000, mem_rdata: 00000000, mem_wdata: 00000000
ClkCycle:       8513, pc_rdata: 000080a0, pc_wdata: 000080a4, insn: 00fdedb3, mode: 3, rs1_addr: 27, rs1_rdata: 00000000, rs2_addr: 15, rs2_rdata: 00000000, rd_addr: 27, rd_wdata: 00000000, mem_addr: 00000000, mem_rdata: 00000000, mem_wdata: 00000000
ClkCycle:       8514, pc_rdata: 000080a4, pc_wdata: 000080a8, insn: 007dde13, mode: 3, rs1_addr: 27, rs1_rdata: 00000000, rs2_addr:  7, rs2_rdata: 003fbb6f, rd_addr: 28, rd_wdata: 00000000, mem_addr: 00000000, mem_rdata: 00000000, mem_wdata: 003fbb6f
ClkCycle:       8515, pc_rdata: 000080a8, pc_wdata: 000080ac, insn: 039dd793, mode: 3, rs1_addr: 27, rs1_rdata: 00000000, rs2_addr: 25, rs2_rdata: 00000000, rd_addr: 15, rd_wdata: 00000000, mem_addr: 00000000, mem_rdata: 00000000, mem_wdata: 00000000
ClkCycle:       8516, pc_rdata: 000080ac, pc_wdata: 000080b0, insn: 00fe6e33, mode: 3, rs1_addr: 28, rs1_rdata: 00000000, rs2_addr: 15, rs2_rdata: 00000000, rd_addr: 28, rd_wdata: 00000000, mem_addr: 00000000, mem_rdata: 00000000, mem_wdata: 00000000
ClkCycle:       8517, pc_rdata: 000080b0, pc_wdata: 000080b4, insn: 007e5e93, mode: 3, rs1_addr: 28, rs1_rdata: 00000000, rs2_addr:  7, rs2_rdata: 003fbb6f, rd_addr: 29, rd_wdata: 00000000, mem_addr: 00000000, mem_rdata: 00000000, mem_wdata: 003fbb6f
ClkCycle:       8518, pc_rdata: 000080b4, pc_wdata: 000080b8, insn: 039e5793, mode: 3, rs1_addr: 28, rs1_rdata: 00000000, rs2_addr: 25, rs2_rdata: 00000000, rd_addr: 15, rd_wdata: 00000000, mem_addr: 00000000, mem_rdata: 00000000, mem_wdata: 00000000
ClkCycle:       8519, pc_rdata: 000080b8, pc_wdata: 000080bc, insn: 00feeeb3, mode: 3, rs1_addr: 29, rs1_rdata: 00000000, rs2_addr: 15, rs2_rdata: 00000000, rd_addr: 29, rd_wdata: 00000000, mem_addr: 00000000, mem_rdata: 00000000, mem_wdata: 00000000
ClkCycle:       8520, pc_rdata: 000080bc, pc_wdata: 000080c0, insn: 007edf13, mode: 3, rs1_addr: 29, rs1_rdata: 00000000, rs2_addr:  7, rs2_rdata: 003fbb6f, rd_addr: 30, rd_wdata: 00000000, mem_addr: 00000000, mem_rdata: 00000000, mem_wdata: 003fbb6f
ClkCycle:       8521, pc_rdata: 000080c0, pc_wdata: 000080c4, insn: 039ed793, mode: 3, rs1_addr: 29, rs1_rdata: 00000000, rs2_addr: 25, rs2_rdata: 00000000, rd_addr: 15, rd_wdata: 00000000, mem_addr: 00000000, mem_rdata: 00000000, mem_wdata: 00000000
ClkCycle:       8522, pc_rdata: 000080c4, pc_wdata: 000080c8, insn: 00ff6f33, mode: 3, rs1_addr: 30, rs1_rdata: 021f4fce, rs2_addr: 15, rs2_rdata: 00000000, rd_addr: 30, rd_wdata: 00000000, mem_addr: 00000000, mem_rdata: 00000000, mem_wdata: 00000000
ClkCycle:       8523, pc_rdata: 000080c8, pc_wdata: 000080cc, insn: feedc0b7, mode: 3, rs1_addr: 27, rs1_rdata: 00000000, rs2_addr: 14, rs2_rdata: 00007114, rd_addr:  1, rd_wdata: feedc000, mem_addr: feedc000, mem_rdata: 00000000, mem_wdata: 00007114
ClkCycle:       8524, pc_rdata: 000080cc, pc_wdata: 000080d0, insn: ead08093, mode: 3, rs1_addr:  1, rs1_rdata: 00000001, rs2_addr: 13, rs2_rdata: feffffbf, rd_addr:  1, rd_wdata: feedbead, mem_addr: feedbead, mem_rdata: 00000000, mem_wdata: feffffbf
ClkCycle:       8525, pc_rdata: 000080d0, pc_wdata: 000080d4, insn: 00b09093, mode: 3, rs1_addr:  1, rs1_rdata: 00000001, rs2_addr: 11, rs2_rdata: 80000000, rd_addr:  1, rd_wdata: 6df56800, mem_addr: 6df56800, mem_rdata: 00000000, mem_wdata: 80000000
ClkCycle:       8526, pc_rdata: 000080d4, pc_wdata: 000080d8, insn: 7f708093, mode: 3, rs1_addr:  1, rs1_rdata: feedc000, rs2_addr: 23, rs2_rdata: 00003ead, rd_addr:  1, rd_wdata: 6df56ff7, mem_addr: 6df56ff7, mem_rdata: 00000000, mem_wdata: 00003ead
ClkCycle:       8527, pc_rdata: 000080d8, pc_wdata: 000080dc, insn: 00b09093, mode: 3, rs1_addr:  1, rs1_rdata: feedbead, rs2_addr: 11, rs2_rdata: 80000000, rd_addr:  1, rd_wdata: ab7fb800, mem_addr: ab7fb800, mem_rdata: 00000000, mem_wdata: 80000000
ClkCycle:       8528, pc_rdata: 000080dc, pc_wdata: 000080e0, insn: 36f08093, mode: 3, rs1_addr:  1, rs1_rdata: 6df56800, rs2_addr: 15, rs2_rdata: 00000000, rd_addr:  1, rd_wdata: ab7fbb6f, mem_addr: ab7fbb6f, mem_rdata: 00000000, mem_wdata: 00000000
ClkCycle:       8529, pc_rdata: 000080e0, pc_wdata: 000080e4, insn: 00a09093, mode: 3, rs1_addr:  1, rs1_rdata: 6df56ff7, rs2_addr: 10, rs2_rdata: 00000030, rd_addr:  1, rd_wdata: feedbc00, mem_addr: feedbc00, mem_rdata: 00000000, mem_wdata: 00000030
ClkCycle:       8530, pc_rdata: 000080e4, pc_wdata: 000080e8, insn: 2ad08093, mode: 3, rs1_addr:  1, rs1_rdata: ab7fb800, rs2_addr: 13, rs2_rdata: feffffbf, rd_addr:  1, rd_wdata: feedbead, mem_addr: feedbead, mem_rdata: 00000000, mem_wdata: feffffbf
ClkCycle:       8531, pc_rdata: 000080e8, pc_wdata: 000080ec, insn: 0070d113, mode: 3, rs1_addr:  1, rs1_rdata: ab7fbb6f, rs2_addr:  7, rs2_rdata: 003fbb6f, rd_addr:  2, rd_wdata: 5bfddb7d, mem_addr: 5bfddb7d, mem_rdata: 00000000, mem_wdata: 003fbb6f
ClkCycle:       8532, pc_rdata: 000080ec, pc_wdata: 000080f0, insn: 0390d793, mode: 3, rs1_addr:  1, rs1_rdata: feedbc00, rs2_addr: 25, rs2_rdata: 00000000, rd_addr: 15, rd_wdata: 76df56ff, mem_addr: 76df56ff, mem_rdata: 00000000, mem_wdata: 00000000
ClkCycle:       8533, pc_rdata: 000080f0, pc_wdata: 000080f4, insn: 00f16133, mode: 3, rs1_addr:  2, rs1_rdata: 00000030, rs2_addr: 15, rs2_rdata: 00000000, rd_addr:  2, rd_wdata: 7fffdfff, mem_addr: 7fffdfff, mem_rdata: 00000000, mem_wdata: 76df56ff
ClkCycle:       8534, pc_rdata: 000080f4, pc_wdata: 000080f8, insn: 00715193, mode: 3, rs1_addr:  2, rs1_rdata: 5bfddb7d, rs2_addr:  7, rs2_rdata: 003fbb6f, rd_addr:  3, rd_wdata: feffffbf, mem_addr: feffffbf, mem_rdata: 00000000, mem_wdata: 003fbb6f
ClkCycle:       8535, pc_rdata: 000080f8, pc_wdata: 000080fc, insn: 03915793, mode: 3, rs1_addr:  2, rs1_rdata: 5bfddb7d, rs2_addr: 25, rs2_rdata: 00000000, rd_addr: 15, rd_wdata: feedbfbf, mem_addr: feedbfbf, mem_rdata: 00000000, mem_wdata: 00000000
ClkCycle:       8536, pc_rdata: 000080fc, pc_wdata: 00008100, insn: 00f1e1b3, mode: 3, rs1_addr:  3, rs1_rdata: feffffbf, rs2_addr: 15, rs2_rdata: 76df56ff, rd_addr:  3, rd_wdata: feffffbf, mem_addr: feffffbf, mem_rdata: 00000000, mem_wdata: feedbfbf
ClkCycle:       8537, pc_rdata: 00008100, pc_wdata: 00008104, insn: 0071d213, mode: 3, rs1_addr:  3, rs1_rdata: feffffbf, rs2_addr:  7, rs2_rdata: 003fbb6f, rd_addr:  4, rd_wdata: 6dfdffff, mem_addr: 6dfdffff, mem_rdata: 00000000, mem_wdata: 003fbb6f
ClkCycle:       8538, pc_rdata: 00008104, pc_wdata: 00008108, insn: 0391d793, mode: 3, rs1_addr:  3, rs1_rdata: feffffbf, rs2_addr: 25, rs2_rdata: 00000000, rd_addr: 15, rd_wdata: 01fddb7f, mem_addr: 01fddb7f, mem_rdata: 00000000, mem_wdata: 00000000
ClkCycle:       8539, pc_rdata: 00008108, pc_wdata: 0000810c, insn: 00f26233, mode: 3, rs1_addr:  4, rs1_rdata: 6dfdffff, rs2_addr: 15, rs2_rdata: feedbfbf, rd_addr:  4, rd_wdata: 6dfdffff, mem_addr: 6dfdffff, mem_rdata: 00000000, mem_wdata: 01fddb7f
ClkCycle:       8540, pc_rdata: 0000810c, pc_wdata: 00008110, insn: 00725293, mode: 3, rs1_addr:  4, rs1_rdata: 6dfdffff, rs2_addr:  7, rs2_rdata: 003fbb6f, rd_addr:  5, rd_wdata: eedbfbff, mem_addr: eedbfbff, mem_rdata: 00000000, mem_wdata: 003fbb6f
ClkCycle:       8541, pc_rdata: 00008110, pc_wdata: 00008114, insn: 03925793, mode: 3, rs1_addr:  4, rs1_rdata: 6dfdffff, rs2_addr: 25, rs2_rdata: 00000000, rd_addr: 15, rd_wdata: 0003fbb6, mem_addr: 0003fbb6, mem_rdata: 00000000, mem_wdata: 00000000
ClkCycle:       8542, pc_rdata: 00008114, pc_wdata: 00008118, insn: 00f2e2b3, mode: 3, rs1_addr:  5, rs1_rdata: eedbfbff, rs2_addr: 15, rs2_rdata: 01fddb7f, rd_addr:  5, rd_wdata: eedbfbff, mem_addr: eedbfbff, mem_rdata: 00000000, mem_wdata: 0003fbb6
ClkCycle:       8543, pc_rdata: 00008118, pc_wdata: 0000811c, insn: 0072d313, mode: 3, rs1_addr:  5, rs1_rdata: eedbfbff, rs2_addr:  7, rs2_rdata: 003fbb6f, rd_addr:  6, rd_wdata: 1fddb7f7, mem_addr: 1fddb7f7, mem_rdata: 00000000, mem_wdata: 003fbb6f
ClkCycle:       8544, pc_rdata: 0000811c, pc_wdata: 00008120, insn: 0392d793, mode: 3, rs1_addr:  5, rs1_rdata: eedbfbff, rs2_addr: 25, rs2_rdata: 00000000, rd_addr: 15, rd_wdata: 000007f7, mem_addr: 000007f7, mem_rdata: 00000000, mem_wdata: 00000000
ClkCycle:       8545, pc_rdata: 00008120, pc_wdata: 00008124, insn: 00f36333, mode: 3, rs1_addr:  6, rs1_rdata: bad0dad0, rs2_addr: 15, rs2_rdata: 0003fbb6, rd_addr:  6, rd_wdata: 1fddb7f7, mem_addr: 1fddb7f7, mem_rdata: 00000000, mem_wdata: 000007f7
ClkCycle:       8546, pc_rdata: 00008124, pc_wdata: 00008128, insn: 00735393, mode: 3, rs1_addr:  6, rs1_rdata: 1fddb7f7, rs2_addr:  7, rs2_rdata: 003fbb6f, rd_addr:  7, rd_wdata: 003fbb6f, mem_addr: 003fbb6f, mem_rdata: 00000000, mem_wdata: 003fbb6f
ClkCycle:       8547, pc_rdata: 00008128, pc_wdata: 0000812c, insn: 03935793, mode: 3, rs1_addr:  6, rs1_rdata: 1fddb7f7, rs2_addr: 25, rs2_rdata: 00000000, rd_addr: 15, rd_wdata: 0000000f, mem_addr: 0000000f, mem_rdata: 00000000, mem_wdata: 00000000
ClkCycle:       8548, pc_rdata: 0000812c, pc_wdata: 00008130, insn: 00f3e3b3, mode: 3, rs1_addr:  7, rs1_rdata: 003fbb6f, rs2_addr: 15, rs2_rdata: 000007f7, rd_addr:  7, rd_wdata: 003fbb6f, mem_addr: 003fbb6f, mem_rdata: 00000000, mem_wdata: 0000000f
ClkCycle:       8549, pc_rdata: 00008130, pc_wdata: 00008134, insn: 0073d413, mode: 3, rs1_addr:  7, rs1_rdata: 003fbb6f, rs2_addr:  7, rs2_rdata: 003fbb6f, rd_addr:  8, rd_wdata: 00007f76, mem_addr: 00007f76, mem_rdata: 00000000, mem_wdata: 003fbb6f
ClkCycle:       8550, pc_rdata: 00008134, pc_wdata: 00008138, insn: 0393d793, mode: 3, rs1_addr:  7, rs1_rdata: 003fbb6f, rs2_addr: 25, rs2_rdata: 00000000, rd_addr: 15, rd_wdata: 00000000, mem_addr: 00000000, mem_rdata: 00000000, mem_wdata: 00000000
ClkCycle:       8551, pc_rdata: 00008138, pc_wdata: 0000813c, insn: 00f46433, mode: 3, rs1_addr:  8, rs1_rdata: 00000030, rs2_addr: 15, rs2_rdata: 0000000f, rd_addr:  8, rd_wdata: 00007f76, mem_addr: 00007f76, mem_rdata: 00000000, mem_wdata: 00000000
ClkCycle:       8552, pc_rdata: 0000813c, pc_wdata: 00008140, insn: 00745493, mode: 3, rs1_addr:  8, rs1_rdata: 00007f76, rs2_addr:  7, rs2_rdata: 003fbb6f, rd_addr:  9, rd_wdata: 000000fe, mem_addr: 000000fe, mem_rdata: 00000000, mem_wdata: 003fbb6f
ClkCycle:       8553, pc_rdata: 00008140, pc_wdata: 00008144, insn: 03945793, mode: 3, rs1_addr:  8, rs1_rdata: 00007f76, rs2_addr: 25, rs2_rdata: 00000000, rd_addr: 15, rd_wdata: 00000000, mem_addr: 00000000, mem_rdata: 00000000, mem_wdata: 00000000
ClkCycle:       8554, pc_rdata: 00008144, pc_wdata: 00008148, insn: 00f4e4b3, mode: 3, rs1_addr:  9, rs1_rdata: 00000000, rs2_addr: 15, rs2_rdata: 00000000, rd_addr:  9, rd_wdata: 000000fe, mem_addr: 000000fe, mem_rdata: 00000000, mem_wdata: 00000000
ClkCycle:       8555, pc_rdata: 00008148, pc_wdata: 0000814c, insn: 0074d513, mode: 3, rs1_addr:  9, rs1_rdata: 000000fe, rs2_addr:  7, rs2_rdata: 003fbb6f, rd_addr: 10, rd_wdata: 00000001, mem_addr: 00000001, mem_rdata: 00000000, mem_wdata: 003fbb6f
ClkCycle:       8556, pc_rdata: 0000814c, pc_wdata: 00008150, insn: 0394d793, mode: 3, rs1_addr:  9, rs1_rdata: 000000fe, rs2_addr: 25, rs2_rdata: 00000000, rd_addr: 15, rd_wdata: 00000000, mem_addr: 00000000, mem_rdata: 00000000, mem_wdata: 00000000
ClkCycle:       8557, pc_rdata: 00008150, pc_wdata: 00008154, insn: 00f56533, mode: 3, rs1_addr: 10, rs1_rdata: 00000030, rs2_addr: 15, rs2_rdata: 00000000, rd_addr: 10, rd_wdata: 00000001, mem_addr: 00000001, mem_rdata: 00000000, mem_wdata: 00000000
ClkCycle:       8558, pc_rdata: 00008154, pc_wdata: 00008158, insn: 00755593, mode: 3, rs1_addr: 10, rs1_rdata: 00000001, rs2_addr:  7, rs2_rdata: 003fbb6f, rd_addr: 11, rd_wdata: 00000000, mem_addr: 00000000, mem_rdata: 00000000, mem_wdata: 003fbb6f
ClkCycle:       8559, pc_rdata: 00008158, pc_wdata: 0000815c, insn: 03955793, mode: 3, rs1_addr: 10, rs1_rdata: 00000001, rs2_addr: 25, rs2_rdata: 00000000, rd_addr: 15, rd_wdata: 00000000, mem_addr: 00000000, mem_rdata: 00000000, mem_wdata: 00000000
ClkCycle:       8560, pc_rdata: 0000815c, pc_wdata: 00008160, insn: 00f5e5b3, mode: 3, rs1_addr: 11, rs1_rdata: 80000000, rs2_addr: 15, rs2_rdata: 00000000, rd_addr: 11, rd_wdata: 00000000, mem_addr: 00000000, mem_rdata: 00000000, mem_wdata: 00000000
ClkCycle:       8561, pc_rdata: 00008160, pc_wdata: 00008164, insn: 0075d613, mode: 3, rs1_addr: 11, rs1_rdata: 00000000, rs2_addr:  7, rs2_rdata: 003fbb6f, rd_addr: 12, rd_wdata: 00000000, mem_addr: 00000000, mem_rdata: 00000000, mem_wdata: 003fbb6f
ClkCycle:       8562, pc_rdata: 00008164, pc_wdata: 00008168, insn: 0395d793, mode: 3, rs1_addr: 11, rs1_rdata: 00000000, rs2_addr: 25, rs2_rdata: 00000000, rd_addr: 15, rd_wdata: 00000000, mem_addr: 00000000, mem_rdata: 00000000, mem_wdata: 00000000
ClkCycle:       8563, pc_rdata: 00008168, pc_wdata: 0000816c, insn: 00f66633, mode: 3, rs1_addr: 12, rs1_rdata: 00000030, rs2_addr: 15, rs2_rdata: 00000000, rd_addr: 12, rd_wdata: 00000000, mem_addr: 00000000, mem_rdata: 00000000, mem_wdata: 00000000
ClkCycle:       8564, pc_rdata: 0000816c, pc_wdata: 00008170, insn: 00765693, mode: 3, rs1_addr: 12, rs1_rdata: 00000000, rs2_addr:  7, rs2_rdata: 003fbb6f, rd_addr: 13, rd_wdata: 00000000, mem_addr: 00000000, mem_rdata: 00000000, mem_wdata: 003fbb6f
ClkCycle:       8565, pc_rdata: 00008170, pc_wdata: 00008174, insn: 03965793, mode: 3, rs1_addr: 12, rs1_rdata: 00000000, rs2_addr: 25, rs2_rdata: 00000000, rd_addr: 15, rd_wdata: 00000000, mem_addr: 00000000, mem_rdata: 00000000, mem_wdata: 00000000
ClkCycle:       8566, pc_rdata: 00008174, pc_wdata: 00008178, insn: 00f6e6b3, mode: 3, rs1_addr: 13, rs1_rdata: feffffbf, rs2_addr: 15, rs2_rdata: 00000000, rd_addr: 13, rd_wdata: 00000000, mem_addr: 00000000, mem_rdata: 00000000, mem_wdata: 00000000
ClkCycle:       8567, pc_rdata: 00008178, pc_wdata: 0000817c, insn: 00000013, mode: 3, rs1_addr:  0, rs1_rdata: 00000000, rs2_addr:  0, rs2_rdata: 00000000, rd_addr:  0, rd_wdata: 00000000, mem_addr: 00000000, mem_rdata: 00000000, mem_wdata: 00000000
ClkCycle:       8568, pc_rdata: 0000817c, pc_wdata: 00008180, insn: 00000013, mode: 3, rs1_addr:  0, rs1_rdata: 00000000, rs2_addr:  0, rs2_rdata: 00000000, rd_addr:  0, rd_wdata: 00000000, mem_addr: 00000000, mem_rdata: 00000000, mem_wdata: 00000000
ClkCycle:       8569, pc_rdata: 00008180, pc_wdata: 00008184, insn: 00003097, mode: 3, rs1_addr:  0, rs1_rdata: 00000000, rs2_addr:  0, rs2_rdata: 00000000, rd_addr:  1, rd_wdata: 0000b180, mem_addr: 0000b180, mem_rdata: 00000000, mem_wdata: 00000000
ClkCycle:       8570, pc_rdata: 00008184, pc_wdata: 00008188, insn: f9808093, mode: 3, rs1_addr:  1, rs1_rdata: feedbead, rs2_addr: 24, rs2_rdata: 0000007d, rd_addr:  1, rd_wdata: 0000b118, mem_addr: 0000b118, mem_rdata: 00000000, mem_wdata: 0000007d
ClkCycle:       8571, pc_rdata: 00008188, pc_wdata: 0000818c, insn: 00000013, mode: 3, rs1_addr:  0, rs1_rdata: 00000000, rs2_addr:  0, rs2_rdata: 00000000, rd_addr:  0, rd_wdata: 00000000, mem_addr: 00000000, mem_rdata: 00000000, mem_wdata: 00000000
ClkCycle:       8572, pc_rdata: 0000818c, pc_wdata: 00008190, insn: 00000013, mode: 3, rs1_addr:  0, rs1_rdata: 00000000, rs2_addr:  0, rs2_rdata: 00000000, rd_addr:  0, rd_wdata: 00000000, mem_addr: 00000000, mem_rdata: 00000000, mem_wdata: 00000000
ClkCycle:       8573, pc_rdata: 00008190, pc_wdata: 00008194, insn: 00000013, mode: 3, rs1_addr:  0, rs1_rdata: 00000000, rs2_addr:  0, rs2_rdata: 00000000, rd_addr:  0, rd_wdata: 00000000, mem_addr: 00000000, mem_rdata: 00000000, mem_wdata: 00000000
ClkCycle:       8574, pc_rdata: 00008194, pc_wdata: 00008198, insn: 00000013, mode: 3, rs1_addr:  0, rs1_rdata: 00000000, rs2_addr:  0, rs2_rdata: 00000000, rd_addr:  0, rd_wdata: 00000000, mem_addr: 00000000, mem_rdata: 00000000, mem_wdata: 00000000
ClkCycle:       8575, pc_rdata: 00008198, pc_wdata: 0000819c, insn: 00000013, mode: 3, rs1_addr:  0, rs1_rdata: 00000000, rs2_addr:  0, rs2_rdata: 00000000, rd_addr:  0, rd_wdata: 00000000, mem_addr: 00000000, mem_rdata: 00000000, mem_wdata: 00000000
ClkCycle:       8576, pc_rdata: 0000819c, pc_wdata: 000081a0, insn: 00000013, mode: 3, rs1_addr:  0, rs1_rdata: 00000000, rs2_addr:  0, rs2_rdata: 00000000, rd_addr:  0, rd_wdata: 00000000, mem_addr: 00000000, mem_rdata: 00000000, mem_wdata: 00000000
ClkCycle:       8577, pc_rdata: 000081a0, pc_wdata: 000081a4, insn: fff00693, mode: 3, rs1_addr:  0, rs1_rdata: 00000000, rs2_addr: 31, rs2_rdata: 00000000, rd_addr: 13, rd_wdata: ffffffff, mem_addr: ffffffff, mem_rdata: 00000000, mem_wdata: 00000000
ClkCycle:       8578, pc_rdata: 000081a4, pc_wdata: 000081a8, insn: 03f69693, mode: 3, rs1_addr: 13, rs1_rdata: 00000000, rs2_addr: 31, rs2_rdata: 00000000, rd_addr: 13, rd_wdata: 80000000, mem_addr: 80000000, mem_rdata: 00000000, mem_wdata: 00000000
ClkCycle:       8579, pc_rdata: 000081a8, pc_wdata: 000081aa, insn: 01138786, mode: 3, rs1_addr:  0, rs1_rdata: 00000000, rs2_addr:  1, rs2_rdata: 0000b118, rd_addr: 15, rd_wdata: 0000b118, mem_addr: 0000b118, mem_rdata: 00000000, mem_wdata: 0000b118
ClkCycle:       8580, pc_rdata: 000081aa, pc_wdata: 000081ae, insn: 01138786, mode: 3, rs1_addr:  0, rs1_rdata: 00000000, rs2_addr:  0, rs2_rdata: 00000000, rd_addr:  0, rd_wdata: 00000000, mem_addr: 00000000, mem_rdata: 00000000, mem_wdata: 00000000
ClkCycle:       8581, pc_rdata: 000081ae, pc_wdata: 000081b2, insn: dfd44027, mode: 3, rs1_addr: 14, rs1_rdata: 00007114, rs2_addr:  2, rs2_rdata: 7fffdfff, rd_addr:  2, rd_wdata: 00007516, mem_addr: 00007516, mem_rdata: 00000000, mem_wdata: 7fffdfff
ClkCycle:       8582, pc_rdata: 000081b2, pc_wdata: 000081b6, insn: dfd44027, mode: 3, rs1_addr:  0, rs1_rdata: 00000000, rs2_addr:  0, rs2_rdata: 00000000, rd_addr:  0, rd_wdata: 00000000, mem_addr: 00000000, mem_rdata: 00000000, mem_wdata: 00000000
7fffffff80000000
ClkCycle:       8583, pc_rdata: 000081b6, pc_wdata: 000081b8, insn: 00000413, mode: 3, rs1_addr: 15, rs1_rdata: 0000b118, rs2_addr: 13, rs2_rdata: 80000000, rd_addr: 28, rd_wdata: 0000b154, mem_addr: 0000b154, mem_rdata: 00000000, mem_wdata: 80000000
ClkCycle:       8584, pc_rdata: 000081b8, pc_wdata: 000081bc, insn: 00000413, mode: 3, rs1_addr:  0, rs1_rdata: 00000000, rs2_addr:  0, rs2_rdata: 00000000, rd_addr:  8, rd_wdata: 00000000, mem_addr: 00000000, mem_rdata: 00000000, mem_wdata: 00000000
ClkCycle:       8585, pc_rdata: 000081bc, pc_wdata: 000081c0, insn: 00808593, mode: 3, rs1_addr:  1, rs1_rdata: 0000b118, rs2_addr:  8, rs2_rdata: 00007f76, rd_addr: 11, rd_wdata: 0000b120, mem_addr: 0000b120, mem_rdata: 00000000, mem_wdata: 00000000
ClkCycle:       8586, pc_rdata: 000081c0, pc_wdata: 000081c4, insn: 02000113, mode: 3, rs1_addr:  0, rs1_rdata: 00000000, rs2_addr:  0, rs2_rdata: 00000000, rd_addr:  2, rd_wdata: 00000020, mem_addr: 00000020, mem_rdata: 00000000, mem_wdata: 00000000
ClkCycle:       8587, pc_rdata: 000081c4, pc_wdata: 000081c8, insn: 402585b3, mode: 3, rs1_addr: 11, rs1_rdata: 00000000, rs2_addr:  2, rs2_rdata: 00007516, rd_addr: 11, rd_wdata: 0000b100, mem_addr: 0000b100, mem_rdata: 00000000, mem_wdata: 00000020
0000000000000000
ClkCycle:       8588, pc_rdata: 000081c8, pc_wdata: 000081ca, insn: 0001d180, mode: 3, rs1_addr: 11, rs1_rdata: 0000b120, rs2_addr:  8, rs2_rdata: 00000000, rd_addr:  0, rd_wdata: 0000b120, mem_addr: 0000b120, mem_rdata: 00000000, mem_wdata: 00000000
ClkCycle:       8589, pc_rdata: 000081ca, pc_wdata: 000081ce, insn: 0001d180, mode: 3, rs1_addr:  0, rs1_rdata: 00000000, rs2_addr:  0, rs2_rdata: 00000000, rd_addr:  0, rd_wdata: 00000000, mem_addr: 00000000, mem_rdata: 00000000, mem_wdata: 00000000
ClkCycle:       8590, pc_rdata: 000081ce, pc_wdata: 000081d0, insn: 5513fff0, mode: 3, rs1_addr:  0, rs1_rdata: 00000000, rs2_addr:  0, rs2_rdata: 00000000, rd_addr:  0, rd_wdata: 00000000, mem_addr: 00000000, mem_rdata: 00000000, mem_wdata: 00000000
0000000000000000
ClkCycle:       8591, pc_rdata: 000081d0, pc_wdata: 000081d2, insn: 5513fff0, mode: 3, rs1_addr: 15, rs1_rdata: 0000b118, rs2_addr: 12, rs2_rdata: 00000000, rd_addr: 28, rd_wdata: 0000b194, mem_addr: 0000b194, mem_rdata: 00000000, mem_wdata: 00000000
ClkCycle:       8592, pc_rdata: 000081d2, pc_wdata: 000081d6, insn: 5513fff0, mode: 3, rs1_addr:  0, rs1_rdata: 00000000, rs2_addr:  0, rs2_rdata: 00000000, rd_addr:  0, rd_wdata: 00000000, mem_addr: 00000000, mem_rdata: 00000000, mem_wdata: 00000000
ClkCycle:       8593, pc_rdata: 000081d6, pc_wdata: 000081da, insn: 01130100, mode: 3, rs1_addr:  0, rs1_rdata: 00000000, rs2_addr: 16, rs2_rdata: 7d5bfddb, rd_addr: 10, rd_wdata: 00000000, mem_addr: 00000000, mem_rdata: 00000000, mem_wdata: 7d5bfddb
ClkCycle:       8594, pc_rdata: 000081da, pc_wdata: 000081de, insn: 01130100, mode: 3, rs1_addr:  0, rs1_rdata: 00000000, rs2_addr:  0, rs2_rdata: 00000000, rd_addr:  0, rd_wdata: 00000000, mem_addr: 00000000, mem_rdata: 00000000, mem_wdata: 00000000
ClkCycle:       8595, pc_rdata: 000081de, pc_wdata: 000081e2, insn: cce84024, mode: 3, rs1_addr:  8, rs1_rdata: 00000000, rs2_addr:  2, rs2_rdata: 00000020, rd_addr:  2, rd_wdata: 00000402, mem_addr: 00000402, mem_rdata: 00000000, mem_wdata: 00000020
ClkCycle:       8596, pc_rdata: 000081e2, pc_wdata: 000081e6, insn: cce84024, mode: 3, rs1_addr:  0, rs1_rdata: 00000000, rs2_addr:  0, rs2_rdata: 00000000, rd_addr:  0, rd_wdata: 00000000, mem_addr: 00000000, mem_rdata: 00000000, mem_wdata: 00000000
0000000000000000
ClkCycle:       8597, pc_rdata: 000081e6, pc_wdata: 000081e8, insn: 00100613, mode: 3, rs1_addr:  9, rs1_rdata: 000000fe, rs2_addr: 10, rs2_rdata: 00000000, rd_addr: 28, rd_wdata: 0000015a, mem_addr: 0000015a, mem_rdata: 00000000, mem_wdata: 00000000
ClkCycle:       8598, pc_rdata: 000081e8, pc_wdata: 000081ec, insn: 00100613, mode: 3, rs1_addr:  0, rs1_rdata: 00000000, rs2_addr:  1, rs2_rdata: 0000b118, rd_addr: 12, rd_wdata: 00000001, mem_addr: 00000001, mem_rdata: 00000000, mem_wdata: 0000b118
ClkCycle:       8599, pc_rdata: 000081ec, pc_wdata: 000081f0, insn: 01808713, mode: 3, rs1_addr:  1, rs1_rdata: 0000b118, rs2_addr: 24, rs2_rdata: 0000007d, rd_addr: 14, rd_wdata: 0000b130, mem_addr: 0000b130, mem_rdata: 00000000, mem_wdata: 0000007d
ClkCycle:       8600, pc_rdata: 000081f0, pc_wdata: 000081f4, insn: 01c00113, mode: 3, rs1_addr:  0, rs1_rdata: 00000000, rs2_addr: 28, rs2_rdata: 00000000, rd_addr:  2, rd_wdata: 0000001c, mem_addr: 0000001c, mem_rdata: 00000000, mem_wdata: 00000000
ClkCycle:       8601, pc_rdata: 000081f4, pc_wdata: 000081f8, insn: 40270733, mode: 3, rs1_addr: 14, rs1_rdata: 00007114, rs2_addr:  2, rs2_rdata: 00000402, rd_addr: 14, rd_wdata: 0000b114, mem_addr: 0000b114, mem_rdata: 00000000, mem_wdata: 0000001c
0000000000000001
ClkCycle:       8602, pc_rdata: 000081f8, pc_wdata: 000081fa, insn: 0001cf50, mode: 3, rs1_addr: 14, rs1_rdata: 0000b130, rs2_addr: 12, rs2_rdata: 00000001, rd_addr: 28, rd_wdata: 0000b130, mem_addr: 0000b130, mem_rdata: 00000000, mem_wdata: 00000001
ClkCycle:       8603, pc_rdata: 000081fa, pc_wdata: 000081fe, insn: 0001cf50, mode: 3, rs1_addr:  0, rs1_rdata: 00000000, rs2_addr:  0, rs2_rdata: 00000000, rd_addr:  0, rd_wdata: 00000000, mem_addr: 00000000, mem_rdata: 00000000, mem_wdata: 00000000
ClkCycle:       8604, pc_rdata: 000081fe, pc_wdata: 00008200, insn: 97930010, mode: 3, rs1_addr:  0, rs1_rdata: 00000000, rs2_addr:  0, rs2_rdata: 00000000, rd_addr:  0, rd_wdata: 00000000, mem_addr: 00000000, mem_rdata: 00000000, mem_wdata: 00000000
ClkCycle:       8605, pc_rdata: 00008200, pc_wdata: 00008202, insn: 97930010, mode: 3, rs1_addr:  2, rs1_rdata: 0000001c, rs2_addr:  0, rs2_rdata: 00000000, rd_addr: 12, rd_wdata: 0000001c, mem_addr: 0000001c, mem_rdata: 00000000, mem_wdata: 00000000
ClkCycle:       8606, pc_rdata: 00008202, pc_wdata: 00008206, insn: 97930010, mode: 3, rs1_addr:  0, rs1_rdata: 00000000, rs2_addr:  0, rs2_rdata: 00000000, rd_addr:  0, rd_wdata: 00000000, mem_addr: 00000000, mem_rdata: 00000000, mem_wdata: 00000000
ClkCycle:       8607, pc_rdata: 00008206, pc_wdata: 0000820a, insn: 8693fff7, mode: 3, rs1_addr: 15, rs1_rdata: 0000b118, rs2_addr: 31, rs2_rdata: 00000000, rd_addr: 15, rd_wdata: 00000000, mem_addr: 00000000, mem_rdata: 00000000, mem_wdata: 00000000
ClkCycle:       8608, pc_rdata: 0000820a, pc_wdata: 0000820e, insn: 8693fff7, mode: 3, rs1_addr:  0, rs1_rdata: 00000000, rs2_addr:  0, rs2_rdata: 00000000, rd_addr:  0, rd_wdata: 00000000, mem_addr: 00000000, mem_rdata: 00000000, mem_wdata: 00000000
ClkCycle:       8609, pc_rdata: 0000820e, pc_wdata: 00008212, insn: 86b30000, mode: 3, rs1_addr:  1, rs1_rdata: 0000b118, rs2_addr:  0, rs2_rdata: 00000000, rd_addr: 13, rd_wdata: 0000b118, mem_addr: 0000b118, mem_rdata: 00000000, mem_wdata: 00000000
ClkCycle:       8610, pc_rdata: 00008212, pc_wdata: 00008216, insn: 86b30000, mode: 3, rs1_addr:  0, rs1_rdata: 00000000, rs2_addr:  0, rs2_rdata: 00000000, rd_addr:  0, rd_wdata: 00000000, mem_addr: 00000000, mem_rdata: 00000000, mem_wdata: 00000000
ClkCycle:       8611, pc_rdata: 00008216, pc_wdata: 0000821a, insn: 00010001, mode: 3, rs1_addr:  3, rs1_rdata: feffffbf, rs2_addr:  0, rs2_rdata: 00000000, rd_addr: 13, rd_wdata: feffffbf, mem_addr: feffffbf, mem_rdata: 00000000, mem_wdata: 00000000
ClkCycle:       8612, pc_rdata: 0000821a, pc_wdata: 0000821e, insn: 00010001, mode: 3, rs1_addr:  0, rs1_rdata: 00000000, rs2_addr:  0, rs2_rdata: 00000000, rd_addr:  0, rd_wdata: 00000000, mem_addr: 00000000, mem_rdata: 00000000, mem_wdata: 00000000
ClkCycle:       8613, pc_rdata: 0000821e, pc_wdata: 00008220, insn: 02808613, mode: 3, rs1_addr:  0, rs1_rdata: 00000000, rs2_addr:  0, rs2_rdata: 00000000, rd_addr:  0, rd_wdata: 00000000, mem_addr: 00000000, mem_rdata: 00000000, mem_wdata: 00000000
ClkCycle:       8614, pc_rdata: 00008220, pc_wdata: 00008224, insn: 02808613, mode: 3, rs1_addr:  1, rs1_rdata: 0000b118, rs2_addr:  8, rs2_rdata: 00000000, rd_addr: 12, rd_wdata: 0000b140, mem_addr: 0000b140, mem_rdata: 00000000, mem_wdata: 00000000
ClkCycle:       8615, pc_rdata: 00008224, pc_wdata: 00008228, insn: 00c00113, mode: 3, rs1_addr:  0, rs1_rdata: 00000000, rs2_addr: 12, rs2_rdata: 0000001c, rd_addr:  2, rd_wdata: 0000000c, mem_addr: 0000000c, mem_rdata: 00000000, mem_wdata: 0000b140
ClkCycle:       8616, pc_rdata: 00008228, pc_wdata: 0000822c, insn: 40260633, mode: 3, rs1_addr: 12, rs1_rdata: 0000001c, rs2_addr:  2, rs2_rdata: 0000001c, rd_addr: 12, rd_wdata: 0000b134, mem_addr: 0000b134, mem_rdata: 00000000, mem_wdata: 0000000c
000000010000b100
ClkCycle:       8617, pc_rdata: 0000822c, pc_wdata: 0000822e, insn: 0001c64c, mode: 3, rs1_addr: 12, rs1_rdata: 0000b140, rs2_addr: 11, rs2_rdata: 0000b100, rd_addr: 12, rd_wdata: 0000b140, mem_addr: 0000b140, mem_rdata: 00000000, mem_wdata: 0000b100
ClkCycle:       8618, pc_rdata: 0000822e, pc_wdata: 00008232, insn: 0001c64c, mode: 3, rs1_addr:  0, rs1_rdata: 00000000, rs2_addr:  0, rs2_rdata: 00000000, rd_addr:  0, rd_wdata: 00000000, mem_addr: 00000000, mem_rdata: 00000000, mem_wdata: 00000000
ClkCycle:       8619, pc_rdata: 00008232, pc_wdata: 00008234, insn: 85130040, mode: 3, rs1_addr:  0, rs1_rdata: 00000000, rs2_addr:  0, rs2_rdata: 00000000, rd_addr:  0, rd_wdata: 00000000, mem_addr: 00000000, mem_rdata: 00000000, mem_wdata: 00000000
ClkCycle:       8620, pc_rdata: 00008234, pc_wdata: 00008236, insn: 85130040, mode: 3, rs1_addr:  2, rs1_rdata: 0000000c, rs2_addr:  4, rs2_rdata: 6dfdffff, rd_addr:  8, rd_wdata: 00000010, mem_addr: 00000010, mem_rdata: 00000000, mem_wdata: 6dfdffff
ClkCycle:       8621, pc_rdata: 00008236, pc_wdata: 0000823a, insn: 85130040, mode: 3, rs1_addr:  0, rs1_rdata: 00000000, rs2_addr:  0, rs2_rdata: 00000000, rd_addr:  0, rd_wdata: 00000000, mem_addr: 00000000, mem_rdata: 00000000, mem_wdata: 00000000
ClkCycle:       8622, pc_rdata: 0000823a, pc_wdata: 0000823e, insn: 053306c0, mode: 3, rs1_addr:  1, rs1_rdata: 0000b118, rs2_addr: 12, rs2_rdata: 0000b134, rd_addr: 10, rd_wdata: 0000b184, mem_addr: 0000b184, mem_rdata: 00000000, mem_wdata: 0000b134
ClkCycle:       8623, pc_rdata: 0000823e, pc_wdata: 00008242, insn: 053306c0, mode: 3, rs1_addr:  0, rs1_rdata: 00000000, rs2_addr:  0, rs2_rdata: 00000000, rd_addr:  0, rd_wdata: 00000000, mem_addr: 00000000, mem_rdata: 00000000, mem_wdata: 00000000
ClkCycle:       8624, pc_rdata: 00008242, pc_wdata: 00008246, insn: 00010001, mode: 3, rs1_addr:  2, rs1_rdata: 0000000c, rs2_addr:  0, rs2_rdata: 00000000, rd_addr: 10, rd_wdata: 0000000c, mem_addr: 0000000c, mem_rdata: 00000000, mem_wdata: 00000000
ClkCycle:       8625, pc_rdata: 00008246, pc_wdata: 0000824a, insn: 00010001, mode: 3, rs1_addr:  0, rs1_rdata: 00000000, rs2_addr:  0, rs2_rdata: 00000000, rd_addr:  0, rd_wdata: 00000000, mem_addr: 00000000, mem_rdata: 00000000, mem_wdata: 00000000
ClkCycle:       8626, pc_rdata: 0000824a, pc_wdata: 0000824c, insn: 03808413, mode: 3, rs1_addr:  0, rs1_rdata: 00000000, rs2_addr:  0, rs2_rdata: 00000000, rd_addr:  0, rd_wdata: 00000000, mem_addr: 00000000, mem_rdata: 00000000, mem_wdata: 00000000
ClkCycle:       8627, pc_rdata: 0000824c, pc_wdata: 00008250, insn: 03808413, mode: 3, rs1_addr:  1, rs1_rdata: 0000b118, rs2_addr: 24, rs2_rdata: 0000007d, rd_addr:  8, rd_wdata: 0000b150, mem_addr: 0000b150, mem_rdata: 00000000, mem_wdata: 0000007d
ClkCycle:       8628, pc_rdata: 00008250, pc_wdata: 00008254, insn: 00000113, mode: 3, rs1_addr:  0, rs1_rdata: 00000000, rs2_addr:  0, rs2_rdata: 00000000, rd_addr:  2, rd_wdata: 00000000, mem_addr: 00000000, mem_rdata: 00000000, mem_wdata: 00000000
ClkCycle:       8629, pc_rdata: 00008254, pc_wdata: 00008258, insn: 40240433, mode: 3, rs1_addr:  8, rs1_rdata: 00000010, rs2_addr:  2, rs2_rdata: 0000000c, rd_addr:  8, rd_wdata: 0000b150, mem_addr: 0000b150, mem_rdata: 00000000, mem_wdata: 00000000
00000000000000fe
ClkCycle:       8630, pc_rdata: 00008258, pc_wdata: 0000825a, insn: 0001c004, mode: 3, rs1_addr:  8, rs1_rdata: 0000b150, rs2_addr:  9, rs2_rdata: 000000fe, rd_addr:  0, rd_wdata: 0000b150, mem_addr: 0000b150, mem_rdata: 00000000, mem_wdata: 000000fe
ClkCycle:       8631, pc_rdata: 0000825a, pc_wdata: 0000825e, insn: 0001c004, mode: 3, rs1_addr:  0, rs1_rdata: 00000000, rs2_addr:  0, rs2_rdata: 00000000, rd_addr:  0, rd_wdata: 00000000, mem_addr: 00000000, mem_rdata: 00000000, mem_wdata: 00000000
ClkCycle:       8632, pc_rdata: 0000825e, pc_wdata: 00008260, insn: 85130100, mode: 3, rs1_addr:  0, rs1_rdata: 00000000, rs2_addr:  0, rs2_rdata: 00000000, rd_addr:  0, rd_wdata: 00000000, mem_addr: 00000000, mem_rdata: 00000000, mem_wdata: 00000000
ClkCycle:       8633, pc_rdata: 00008260, pc_wdata: 00008262, insn: 85130100, mode: 3, rs1_addr:  2, rs1_rdata: 00000000, rs2_addr:  0, rs2_rdata: 00000000, rd_addr:  8, rd_wdata: 00000080, mem_addr: 00000080, mem_rdata: 00000000, mem_wdata: 00000000
ClkCycle:       8634, pc_rdata: 00008262, pc_wdata: 00008266, insn: 85130100, mode: 3, rs1_addr:  0, rs1_rdata: 00000000, rs2_addr:  0, rs2_rdata: 00000000, rd_addr:  0, rd_wdata: 00000000, mem_addr: 00000000, mem_rdata: 00000000, mem_wdata: 00000000
ClkCycle:       8635, pc_rdata: 00008266, pc_wdata: 0000826a, insn: 053300c0, mode: 3, rs1_addr:  1, rs1_rdata: 0000b118, rs2_addr: 12, rs2_rdata: 0000b134, rd_addr: 10, rd_wdata: 0000b124, mem_addr: 0000b124, mem_rdata: 00000000, mem_wdata: 0000b134
ClkCycle:       8636, pc_rdata: 0000826a, pc_wdata: 0000826e, insn: 053300c0, mode: 3, rs1_addr:  0, rs1_rdata: 00000000, rs2_addr:  0, rs2_rdata: 00000000, rd_addr:  0, rd_wdata: 00000000, mem_addr: 00000000, mem_rdata: 00000000, mem_wdata: 00000000
ClkCycle:       8637, pc_rdata: 0000826e, pc_wdata: 00008272, insn: 00010001, mode: 3, rs1_addr:  2, rs1_rdata: 00000000, rs2_addr:  0, rs2_rdata: 00000000, rd_addr: 10, rd_wdata: 00000000, mem_addr: 00000000, mem_rdata: 00000000, mem_wdata: 00000000
ClkCycle:       8638, pc_rdata: 00008272, pc_wdata: 00008276, insn: 00010001, mode: 3, rs1_addr:  0, rs1_rdata: 00000000, rs2_addr:  0, rs2_rdata: 00000000, rd_addr:  0, rd_wdata: 00000000, mem_addr: 00000000, mem_rdata: 00000000, mem_wdata: 00000000
ClkCycle:       8639, pc_rdata: 00008276, pc_wdata: 00008278, insn: 04808513, mode: 3, rs1_addr:  0, rs1_rdata: 00000000, rs2_addr:  0, rs2_rdata: 00000000, rd_addr:  0, rd_wdata: 00000000, mem_addr: 00000000, mem_rdata: 00000000, mem_wdata: 00000000
ClkCycle:       8640, pc_rdata: 00008278, pc_wdata: 0000827c, insn: 04808513, mode: 3, rs1_addr:  1, rs1_rdata: 0000b118, rs2_addr:  8, rs2_rdata: 00000080, rd_addr: 10, rd_wdata: 0000b160, mem_addr: 0000b160, mem_rdata: 00000000, mem_wdata: 00000080
ClkCycle:       8641, pc_rdata: 0000827c, pc_wdata: 00008280, insn: 07800113, mode: 3, rs1_addr:  0, rs1_rdata: 00000000, rs2_addr: 24, rs2_rdata: 0000007d, rd_addr:  2, rd_wdata: 00000078, mem_addr: 00000078, mem_rdata: 00000000, mem_wdata: 0000007d
ClkCycle:       8642, pc_rdata: 00008280, pc_wdata: 00008284, insn: 40250533, mode: 3, rs1_addr: 10, rs1_rdata: 00000000, rs2_addr:  2, rs2_rdata: 00000000, rd_addr: 10, rd_wdata: 0000b0e8, mem_addr: 0000b0e8, mem_rdata: 00000000, mem_wdata: 00000078
000000010000b100
ClkCycle:       8643, pc_rdata: 00008284, pc_wdata: 00008286, insn: 0001dd2c, mode: 3, rs1_addr: 10, rs1_rdata: 0000b160, rs2_addr: 11, rs2_rdata: 0000b100, rd_addr: 24, rd_wdata: 0000b160, mem_addr: 0000b160, mem_rdata: 00000000, mem_wdata: 0000b100
ClkCycle:       8644, pc_rdata: 00008286, pc_wdata: 0000828a, insn: 0001dd2c, mode: 3, rs1_addr:  0, rs1_rdata: 00000000, rs2_addr:  0, rs2_rdata: 00000000, rd_addr:  0, rd_wdata: 00000000, mem_addr: 00000000, mem_rdata: 00000000, mem_wdata: 00000000
ClkCycle:       8645, pc_rdata: 0000828a, pc_wdata: 0000828c, insn: 85130400, mode: 3, rs1_addr:  0, rs1_rdata: 00000000, rs2_addr:  0, rs2_rdata: 00000000, rd_addr:  0, rd_wdata: 00000000, mem_addr: 00000000, mem_rdata: 00000000, mem_wdata: 00000000
ClkCycle:       8646, pc_rdata: 0000828c, pc_wdata: 0000828e, insn: 85130400, mode: 3, rs1_addr:  2, rs1_rdata: 00000078, rs2_addr:  0, rs2_rdata: 00000000, rd_addr:  8, rd_wdata: 00000278, mem_addr: 00000278, mem_rdata: 00000000, mem_wdata: 00000000
ClkCycle:       8647, pc_rdata: 0000828e, pc_wdata: 00008292, insn: 85130400, mode: 3, rs1_addr:  0, rs1_rdata: 00000000, rs2_addr:  0, rs2_rdata: 00000000, rd_addr:  0, rd_wdata: 00000000, mem_addr: 00000000, mem_rdata: 00000000, mem_wdata: 00000000
ClkCycle:       8648, pc_rdata: 00008292, pc_wdata: 00008296, insn: 053304c0, mode: 3, rs1_addr:  1, rs1_rdata: 0000b118, rs2_addr: 12, rs2_rdata: 0000b134, rd_addr: 10, rd_wdata: 0000b164, mem_addr: 0000b164, mem_rdata: 00000000, mem_wdata: 0000b134
ClkCycle:       8649, pc_rdata: 00008296, pc_wdata: 0000829a, insn: 053304c0, mode: 3, rs1_addr:  0, rs1_rdata: 00000000, rs2_addr:  0, rs2_rdata: 00000000, rd_addr:  0, rd_wdata: 00000000, mem_addr: 00000000, mem_rdata: 00000000, mem_wdata: 00000000
ClkCycle:       8650, pc_rdata: 0000829a, pc_wdata: 0000829e, insn: 00010001, mode: 3, rs1_addr:  2, rs1_rdata: 00000078, rs2_addr:  0, rs2_rdata: 00000000, rd_addr: 10, rd_wdata: 00000078, mem_addr: 00000078, mem_rdata: 00000000, mem_wdata: 00000000
ClkCycle:       8651, pc_rdata: 0000829e, pc_wdata: 000082a2, insn: 00010001, mode: 3, rs1_addr:  0, rs1_rdata: 00000000, rs2_addr:  0, rs2_rdata: 00000000, rd_addr:  0, rd_wdata: 00000000, mem_addr: 00000000, mem_rdata: 00000000, mem_wdata: 00000000
ClkCycle:       8652, pc_rdata: 000082a2, pc_wdata: 000082a4, insn: 05808513, mode: 3, rs1_addr:  0, rs1_rdata: 00000000, rs2_addr:  0, rs2_rdata: 00000000, rd_addr:  0, rd_wdata: 00000000, mem_addr: 00000000, mem_rdata: 00000000, mem_wdata: 00000000
ClkCycle:       8653, pc_rdata: 000082a4, pc_wdata: 000082a8, insn: 05808513, mode: 3, rs1_addr:  1, rs1_rdata: 0000b118, rs2_addr: 24, rs2_rdata: 0000007d, rd_addr: 10, rd_wdata: 0000b170, mem_addr: 0000b170, mem_rdata: 00000000, mem_wdata: 0000007d
ClkCycle:       8654, pc_rdata: 000082a8, pc_wdata: 000082ac, insn: 04000113, mode: 3, rs1_addr:  0, rs1_rdata: 00000000, rs2_addr:  0, rs2_rdata: 00000000, rd_addr:  2, rd_wdata: 00000040, mem_addr: 00000040, mem_rdata: 00000000, mem_wdata: 00000000
ClkCycle:       8655, pc_rdata: 000082ac, pc_wdata: 000082b0, insn: 40250533, mode: 3, rs1_addr: 10, rs1_rdata: 00000078, rs2_addr:  2, rs2_rdata: 00000078, rd_addr: 10, rd_wdata: 0000b130, mem_addr: 0000b130, mem_rdata: 00000000, mem_wdata: 00000040
000000010000b100
ClkCycle:       8656, pc_rdata: 000082b0, pc_wdata: 000082b2, insn: 0001c12c, mode: 3, rs1_addr: 10, rs1_rdata: 0000b170, rs2_addr: 11, rs2_rdata: 0000b100, rd_addr:  0, rd_wdata: 0000b170, mem_addr: 0000b170, mem_rdata: 00000000, mem_wdata: 0000b100
ClkCycle:       8657, pc_rdata: 000082b2, pc_wdata: 000082b6, insn: 0001c12c, mode: 3, rs1_addr:  0, rs1_rdata: 00000000, rs2_addr:  0, rs2_rdata: 00000000, rd_addr:  0, rd_wdata: 00000000, mem_addr: 00000000, mem_rdata: 00000000, mem_wdata: 00000000
ClkCycle:       8658, pc_rdata: 000082b6, pc_wdata: 000082b8, insn: 85131000, mode: 3, rs1_addr:  0, rs1_rdata: 00000000, rs2_addr:  0, rs2_rdata: 00000000, rd_addr:  0, rd_wdata: 00000000, mem_addr: 00000000, mem_rdata: 00000000, mem_wdata: 00000000
ClkCycle:       8659, pc_rdata: 000082b8, pc_wdata: 000082ba, insn: 85131000, mode: 3, rs1_addr:  2, rs1_rdata: 00000040, rs2_addr:  0, rs2_rdata: 00000000, rd_addr:  8, rd_wdata: 00000060, mem_addr: 00000060, mem_rdata: 00000000, mem_wdata: 00000000
ClkCycle:       8660, pc_rdata: 000082ba, pc_wdata: 000082be, insn: 85131000, mode: 3, rs1_addr:  0, rs1_rdata: 00000000, rs2_addr:  0, rs2_rdata: 00000000, rd_addr:  0, rd_wdata: 00000000, mem_addr: 00000000, mem_rdata: 00000000, mem_wdata: 00000000
ClkCycle:       8661, pc_rdata: 000082be, pc_wdata: 000082c2, insn: 05330400, mode: 3, rs1_addr:  1, rs1_rdata: 0000b118, rs2_addr:  0, rs2_rdata: 00000000, rd_addr: 10, rd_wdata: 0000b158, mem_addr: 0000b158, mem_rdata: 00000000, mem_wdata: 00000000
ClkCycle:       8662, pc_rdata: 000082c2, pc_wdata: 000082c6, insn: 05330400, mode: 3, rs1_addr:  0, rs1_rdata: 00000000, rs2_addr:  0, rs2_rdata: 00000000, rd_addr:  0, rd_wdata: 00000000, mem_addr: 00000000, mem_rdata: 00000000, mem_wdata: 00000000
ClkCycle:       8663, pc_rdata: 000082c6, pc_wdata: 000082ca, insn: 00010001, mode: 3, rs1_addr:  2, rs1_rdata: 00000040, rs2_addr:  0, rs2_rdata: 00000000, rd_addr: 10, rd_wdata: 00000040, mem_addr: 00000040, mem_rdata: 00000000, mem_wdata: 00000000
ClkCycle:       8664, pc_rdata: 000082ca, pc_wdata: 000082ce, insn: 00010001, mode: 3, rs1_addr:  0, rs1_rdata: 00000000, rs2_addr:  0, rs2_rdata: 00000000, rd_addr:  0, rd_wdata: 00000000, mem_addr: 00000000, mem_rdata: 00000000, mem_wdata: 00000000
ClkCycle:       8665, pc_rdata: 000082ce, pc_wdata: 000082d0, insn: 06808513, mode: 3, rs1_addr:  0, rs1_rdata: 00000000, rs2_addr:  0, rs2_rdata: 00000000, rd_addr:  0, rd_wdata: 00000000, mem_addr: 00000000, mem_rdata: 00000000, mem_wdata: 00000000
ClkCycle:       8666, pc_rdata: 000082d0, pc_wdata: 000082d4, insn: 06808513, mode: 3, rs1_addr:  1, rs1_rdata: 0000b118, rs2_addr:  8, rs2_rdata: 00000060, rd_addr: 10, rd_wdata: 0000b180, mem_addr: 0000b180, mem_rdata: 00000000, mem_wdata: 00000060
ClkCycle:       8667, pc_rdata: 000082d4, pc_wdata: 000082d8, insn: 01000113, mode: 3, rs1_addr:  0, rs1_rdata: 00000000, rs2_addr: 16, rs2_rdata: 7d5bfddb, rd_addr:  2, rd_wdata: 00000010, mem_addr: 00000010, mem_rdata: 00000000, mem_wdata: 7d5bfddb
ClkCycle:       8668, pc_rdata: 000082d8, pc_wdata: 000082dc, insn: 40250533, mode: 3, rs1_addr: 10, rs1_rdata: 00000040, rs2_addr:  2, rs2_rdata: 00000040, rd_addr: 10, rd_wdata: 0000b170, mem_addr: 0000b170, mem_rdata: 00000000, mem_wdata: 00000010
000000010000b100
ClkCycle:       8669, pc_rdata: 000082dc, pc_wdata: 000082de, insn: 0001c90c, mode: 3, rs1_addr: 10, rs1_rdata: 0000b180, rs2_addr: 11, rs2_rdata: 0000b100, rd_addr: 16, rd_wdata: 0000b180, mem_addr: 0000b180, mem_rdata: 00000000, mem_wdata: 0000b100
ClkCycle:       8670, pc_rdata: 000082de, pc_wdata: 000082e2, insn: 0001c90c, mode: 3, rs1_addr:  0, rs1_rdata: 00000000, rs2_addr:  0, rs2_rdata: 00000000, rd_addr:  0, rd_wdata: 00000000, mem_addr: 00000000, mem_rdata: 00000000, mem_wdata: 00000000
ClkCycle:       8671, pc_rdata: 000082e2, pc_wdata: 000082e4, insn: 85134000, mode: 3, rs1_addr:  0, rs1_rdata: 00000000, rs2_addr:  0, rs2_rdata: 00000000, rd_addr:  0, rd_wdata: 00000000, mem_addr: 00000000, mem_rdata: 00000000, mem_wdata: 00000000
ClkCycle:       8672, pc_rdata: 000082e4, pc_wdata: 000082e6, insn: 85134000, mode: 3, rs1_addr:  8, rs1_rdata: 00000060, rs2_addr:  0, rs2_rdata: 00000000, rd_addr:  8, rd_wdata: 00000000, mem_addr: 00000060, mem_rdata: 00000000, mem_wdata: 00000000
ClkCycle:       8673, pc_rdata: 000082e6, pc_wdata: 000082ea, insn: 85134000, mode: 3, rs1_addr:  0, rs1_rdata: 00000000, rs2_addr:  0, rs2_rdata: 00000000, rd_addr:  0, rd_wdata: 00000000, mem_addr: 00000000, mem_rdata: 00000000, mem_wdata: 00000000
ClkCycle:       8674, pc_rdata: 000082ea, pc_wdata: 000082ee, insn: 053306c0, mode: 3, rs1_addr:  1, rs1_rdata: 0000b118, rs2_addr: 12, rs2_rdata: 0000b134, rd_addr: 10, rd_wdata: 0000b184, mem_addr: 0000b184, mem_rdata: 00000000, mem_wdata: 0000b134
ClkCycle:       8675, pc_rdata: 000082ee, pc_wdata: 000082f2, insn: 053306c0, mode: 3, rs1_addr:  0, rs1_rdata: 00000000, rs2_addr:  0, rs2_rdata: 00000000, rd_addr:  0, rd_wdata: 00000000, mem_addr: 00000000, mem_rdata: 00000000, mem_wdata: 00000000
ClkCycle:       8676, pc_rdata: 000082f2, pc_wdata: 000082f6, insn: 00010001, mode: 3, rs1_addr:  2, rs1_rdata: 00000010, rs2_addr:  0, rs2_rdata: 00000000, rd_addr: 10, rd_wdata: 00000010, mem_addr: 00000010, mem_rdata: 00000000, mem_wdata: 00000000
ClkCycle:       8677, pc_rdata: 000082f6, pc_wdata: 000082fa, insn: 00010001, mode: 3, rs1_addr:  0, rs1_rdata: 00000000, rs2_addr:  0, rs2_rdata: 00000000, rd_addr:  0, rd_wdata: 00000000, mem_addr: 00000000, mem_rdata: 00000000, mem_wdata: 00000000
ClkCycle:       8678, pc_rdata: 000082fa, pc_wdata: 000082fc, insn: 00b59593, mode: 3, rs1_addr:  0, rs1_rdata: 00000000, rs2_addr:  0, rs2_rdata: 00000000, rd_addr:  0, rd_wdata: 00000000, mem_addr: 00000000, mem_rdata: 00000000, mem_wdata: 00000000
ClkCycle:       8679, pc_rdata: 000082fc, pc_wdata: 00008300, insn: 00b59593, mode: 3, rs1_addr: 11, rs1_rdata: 0000b100, rs2_addr: 11, rs2_rdata: 0000b100, rd_addr: 11, rd_wdata: 05880000, mem_addr: 05880000, mem_rdata: 00000000, mem_wdata: 0000b100
ClkCycle:       8680, pc_rdata: 00008300, pc_wdata: 00008304, insn: 07808513, mode: 3, rs1_addr:  1, rs1_rdata: 0000b118, rs2_addr: 24, rs2_rdata: 0000007d, rd_addr: 10, rd_wdata: 0000b190, mem_addr: 0000b190, mem_rdata: 00000000, mem_wdata: 0000007d
ClkCycle:       8681, pc_rdata: 00008304, pc_wdata: 00008308, insn: 00800113, mode: 3, rs1_addr:  0, rs1_rdata: 00000000, rs2_addr:  8, rs2_rdata: 00000000, rd_addr:  2, rd_wdata: 00000008, mem_addr: 00000008, mem_rdata: 00000000, mem_wdata: 00000000
ClkCycle:       8682, pc_rdata: 00008308, pc_wdata: 0000830c, insn: 40250533, mode: 3, rs1_addr: 10, rs1_rdata: 00000010, rs2_addr:  2, rs2_rdata: 00000010, rd_addr: 10, rd_wdata: 0000b188, mem_addr: 0000b188, mem_rdata: 00000000, mem_wdata: 00000008
0000080005880000
ClkCycle:       8683, pc_rdata: 0000830c, pc_wdata: 0000830e, insn: 0001c50c, mode: 3, rs1_addr: 10, rs1_rdata: 0000b190, rs2_addr: 11, rs2_rdata: 05880000, rd_addr:  8, rd_wdata: 0000b190, mem_addr: 0000b190, mem_rdata: 00000000, mem_wdata: 05880000
ClkCycle:       8684, pc_rdata: 0000830e, pc_wdata: 00008312, insn: 0001c50c, mode: 3, rs1_addr:  0, rs1_rdata: 00000000, rs2_addr:  0, rs2_rdata: 00000000, rd_addr:  0, rd_wdata: 00000000, mem_addr: 00000000, mem_rdata: 00000000, mem_wdata: 00000000
ClkCycle:       8685, pc_rdata: 00008312, pc_wdata: 00008314, insn: 95930010, mode: 3, rs1_addr:  0, rs1_rdata: 00000000, rs2_addr:  0, rs2_rdata: 00000000, rd_addr:  0, rd_wdata: 00000000, mem_addr: 00000000, mem_rdata: 00000000, mem_wdata: 00000000
ClkCycle:       8686, pc_rdata: 00008314, pc_wdata: 00008316, insn: 95930010, mode: 3, rs1_addr:  2, rs1_rdata: 00000008, rs2_addr:  0, rs2_rdata: 00000000, rd_addr: 12, rd_wdata: 00000008, mem_addr: 00000008, mem_rdata: 00000000, mem_wdata: 00000000
ClkCycle:       8687, pc_rdata: 00008316, pc_wdata: 0000831a, insn: 95930010, mode: 3, rs1_addr:  0, rs1_rdata: 00000000, rs2_addr:  0, rs2_rdata: 00000000, rd_addr:  0, rd_wdata: 00000000, mem_addr: 00000000, mem_rdata: 00000000, mem_wdata: 00000000
ClkCycle:       8688, pc_rdata: 0000831a, pc_wdata: 0000831e, insn: 01130800, mode: 3, rs1_addr:  1, rs1_rdata: 0000b118, rs2_addr:  0, rs2_rdata: 00000000, rd_addr: 11, rd_wdata: 0000b118, mem_addr: 0000b118, mem_rdata: 00000000, mem_wdata: 00000000
ClkCycle:       8689, pc_rdata: 0000831e, pc_wdata: 00008322, insn: 01130800, mode: 3, rs1_addr:  0, rs1_rdata: 00000000, rs2_addr:  0, rs2_rdata: 00000000, rd_addr:  0, rd_wdata: 00000000, mem_addr: 00000000, mem_rdata: 00000000, mem_wdata: 00000000
ClkCycle:       8690, pc_rdata: 00008322, pc_wdata: 00008326, insn: d10c4025, mode: 3, rs1_addr: 10, rs1_rdata: 0000b188, rs2_addr:  2, rs2_rdata: 00000008, rd_addr:  2, rd_wdata: 0000b58a, mem_addr: 0000b58a, mem_rdata: 00000000, mem_wdata: 00000008
ClkCycle:       8691, pc_rdata: 00008326, pc_wdata: 0000832a, insn: d10c4025, mode: 3, rs1_addr:  0, rs1_rdata: 00000000, rs2_addr:  0, rs2_rdata: 00000000, rd_addr:  0, rd_wdata: 00000000, mem_addr: 00000000, mem_rdata: 00000000, mem_wdata: 00000000
000000010000b118
ClkCycle:       8692, pc_rdata: 0000832a, pc_wdata: 0000832c, insn: 00100593, mode: 3, rs1_addr: 10, rs1_rdata: 0000b188, rs2_addr: 11, rs2_rdata: 0000b118, rd_addr:  0, rd_wdata: 0000b1a8, mem_addr: 0000b1a8, mem_rdata: 00000000, mem_wdata: 0000b118
ClkCycle:       8693, pc_rdata: 0000832c, pc_wdata: 00008330, insn: 00100593, mode: 3, rs1_addr:  0, rs1_rdata: 00000000, rs2_addr:  1, rs2_rdata: 0000b118, rd_addr: 11, rd_wdata: 00000001, mem_addr: 00000001, mem_rdata: 00000000, mem_wdata: 0000b118
ClkCycle:       8694, pc_rdata: 00008330, pc_wdata: 00008334, insn: 00d59593, mode: 3, rs1_addr: 11, rs1_rdata: 0000b118, rs2_addr: 13, rs2_rdata: feffffbf, rd_addr: 11, rd_wdata: 00002000, mem_addr: 00002000, mem_rdata: 00000000, mem_wdata: feffffbf
ClkCycle:       8695, pc_rdata: 00008334, pc_wdata: 00008338, insn: 08808513, mode: 3, rs1_addr:  1, rs1_rdata: 0000b118, rs2_addr:  8, rs2_rdata: 00000000, rd_addr: 10, rd_wdata: 0000b1a0, mem_addr: 0000b1a0, mem_rdata: 00000000, mem_wdata: 00000000
ClkCycle:       8696, pc_rdata: 00008338, pc_wdata: 0000833c, insn: 05400113, mode: 3, rs1_addr:  0, rs1_rdata: 00000000, rs2_addr: 20, rs2_rdata: d5bfff6f, rd_addr:  2, rd_wdata: 00000054, mem_addr: 00000054, mem_rdata: 00000000, mem_wdata: d5bfff6f
ClkCycle:       8697, pc_rdata: 0000833c, pc_wdata: 00008340, insn: 40250533, mode: 3, rs1_addr: 10, rs1_rdata: 0000b188, rs2_addr:  2, rs2_rdata: 0000b58a, rd_addr: 10, rd_wdata: 0000b14c, mem_addr: 0000b14c, mem_rdata: 00000000, mem_wdata: 00000054
0000000000002000
ClkCycle:       8698, pc_rdata: 00008340, pc_wdata: 00008342, insn: 0001c96c, mode: 3, rs1_addr: 10, rs1_rdata: 0000b1a0, rs2_addr: 11, rs2_rdata: 00002000, rd_addr: 20, rd_wdata: 0000b1a0, mem_addr: 0000b1a0, mem_rdata: 00000000, mem_wdata: 00002000
ClkCycle:       8699, pc_rdata: 00008342, pc_wdata: 00008346, insn: 0001c96c, mode: 3, rs1_addr:  0, rs1_rdata: 00000000, rs2_addr:  0, rs2_rdata: 00000000, rd_addr:  0, rd_wdata: 00000000, mem_addr: 00000000, mem_rdata: 00000000, mem_wdata: 00000000
ClkCycle:       8700, pc_rdata: 00008346, pc_wdata: 00008348, insn: 95930010, mode: 3, rs1_addr:  0, rs1_rdata: 00000000, rs2_addr:  0, rs2_rdata: 00000000, rd_addr:  0, rd_wdata: 00000000, mem_addr: 00000000, mem_rdata: 00000000, mem_wdata: 00000000
ClkCycle:       8701, pc_rdata: 00008348, pc_wdata: 0000834a, insn: 95930010, mode: 3, rs1_addr:  2, rs1_rdata: 00000054, rs2_addr:  0, rs2_rdata: 00000000, rd_addr: 12, rd_wdata: 00000054, mem_addr: 00000054, mem_rdata: 00000000, mem_wdata: 00000000
ClkCycle:       8702, pc_rdata: 0000834a, pc_wdata: 0000834e, insn: 95930010, mode: 3, rs1_addr:  0, rs1_rdata: 00000000, rs2_addr:  0, rs2_rdata: 00000000, rd_addr:  0, rd_wdata: 00000000, mem_addr: 00000000, mem_rdata: 00000000, mem_wdata: 00000000
ClkCycle:       8703, pc_rdata: 0000834e, pc_wdata: 00008352, insn: 01130900, mode: 3, rs1_addr:  1, rs1_rdata: 0000b118, rs2_addr: 16, rs2_rdata: 7d5bfddb, rd_addr: 11, rd_wdata: b1180000, mem_addr: b1180000, mem_rdata: 00000000, mem_wdata: 7d5bfddb
ClkCycle:       8704, pc_rdata: 00008352, pc_wdata: 00008356, insn: 01130900, mode: 3, rs1_addr:  0, rs1_rdata: 00000000, rs2_addr:  0, rs2_rdata: 00000000, rd_addr:  0, rd_wdata: 00000000, mem_addr: 00000000, mem_rdata: 00000000, mem_wdata: 00000000
ClkCycle:       8705, pc_rdata: 00008356, pc_wdata: 0000835a, insn: dd6c4025, mode: 3, rs1_addr: 10, rs1_rdata: 0000b14c, rs2_addr:  2, rs2_rdata: 00000054, rd_addr:  2, rd_wdata: 0000b54e, mem_addr: 0000b54e, mem_rdata: 00000000, mem_wdata: 00000054
ClkCycle:       8706, pc_rdata: 0000835a, pc_wdata: 0000835e, insn: dd6c4025, mode: 3, rs1_addr:  0, rs1_rdata: 00000000, rs2_addr:  0, rs2_rdata: 00000000, rd_addr:  0, rd_wdata: 00000000, mem_addr: 00000000, mem_rdata: 00000000, mem_wdata: 00000000
00010000b1180000
ClkCycle:       8707, pc_rdata: 0000835e, pc_wdata: 00008360, insn: 00100593, mode: 3, rs1_addr: 10, rs1_rdata: 0000b14c, rs2_addr: 11, rs2_rdata: b1180000, rd_addr: 28, rd_wdata: 0000b1c8, mem_addr: 0000b1c8, mem_rdata: 00000000, mem_wdata: b1180000
ClkCycle:       8708, pc_rdata: 00008360, pc_wdata: 00008364, insn: 00100593, mode: 3, rs1_addr:  0, rs1_rdata: 00000000, rs2_addr:  1, rs2_rdata: 0000b118, rd_addr: 11, rd_wdata: 00000001, mem_addr: 00000001, mem_rdata: 00000000, mem_wdata: 0000b118
ClkCycle:       8709, pc_rdata: 00008364, pc_wdata: 00008368, insn: 00f59593, mode: 3, rs1_addr: 11, rs1_rdata: b1180000, rs2_addr: 15, rs2_rdata: 00000000, rd_addr: 11, rd_wdata: 00008000, mem_addr: 00008000, mem_rdata: 00000000, mem_wdata: 00000000
ClkCycle:       8710, pc_rdata: 00008368, pc_wdata: 0000836c, insn: 09808513, mode: 3, rs1_addr:  1, rs1_rdata: 0000b118, rs2_addr: 24, rs2_rdata: 0000007d, rd_addr: 10, rd_wdata: 0000b1b0, mem_addr: 0000b1b0, mem_rdata: 00000000, mem_wdata: 0000007d
ClkCycle:       8711, pc_rdata: 0000836c, pc_wdata: 00008370, insn: 00800113, mode: 3, rs1_addr:  0, rs1_rdata: 00000000, rs2_addr:  8, rs2_rdata: 00000000, rd_addr:  2, rd_wdata: 00000008, mem_addr: 00000008, mem_rdata: 00000000, mem_wdata: 00000000
ClkCycle:       8712, pc_rdata: 00008370, pc_wdata: 00008374, insn: 40250533, mode: 3, rs1_addr: 10, rs1_rdata: 0000b14c, rs2_addr:  2, rs2_rdata: 0000b54e, rd_addr: 10, rd_wdata: 0000b1a8, mem_addr: 0000b1a8, mem_rdata: 00000000, mem_wdata: 00000008
0000000000008000
ClkCycle:       8713, pc_rdata: 00008374, pc_wdata: 00008376, insn: 0001c50c, mode: 3, rs1_addr: 10, rs1_rdata: 0000b1b0, rs2_addr: 11, rs2_rdata: 00008000, rd_addr:  8, rd_wdata: 0000b1b0, mem_addr: 0000b1b0, mem_rdata: 00000000, mem_wdata: 00008000
ClkCycle:       8714, pc_rdata: 00008376, pc_wdata: 0000837a, insn: 0001c50c, mode: 3, rs1_addr:  0, rs1_rdata: 00000000, rs2_addr:  0, rs2_rdata: 00000000, rd_addr:  0, rd_wdata: 00000000, mem_addr: 00000000, mem_rdata: 00000000, mem_wdata: 00000000
ClkCycle:       8715, pc_rdata: 0000837a, pc_wdata: 0000837c, insn: 95930010, mode: 3, rs1_addr:  0, rs1_rdata: 00000000, rs2_addr:  0, rs2_rdata: 00000000, rd_addr:  0, rd_wdata: 00000000, mem_addr: 00000000, mem_rdata: 00000000, mem_wdata: 00000000
ClkCycle:       8716, pc_rdata: 0000837c, pc_wdata: 0000837e, insn: 95930010, mode: 3, rs1_addr:  2, rs1_rdata: 00000008, rs2_addr:  0, rs2_rdata: 00000000, rd_addr: 12, rd_wdata: 00000008, mem_addr: 00000008, mem_rdata: 00000000, mem_wdata: 00000000
ClkCycle:       8717, pc_rdata: 0000837e, pc_wdata: 00008382, insn: 95930010, mode: 3, rs1_addr:  0, rs1_rdata: 00000000, rs2_addr:  0, rs2_rdata: 00000000, rd_addr:  0, rd_wdata: 00000000, mem_addr: 00000000, mem_rdata: 00000000, mem_wdata: 00000000
ClkCycle:       8718, pc_rdata: 00008382, pc_wdata: 00008386, insn: 01130a00, mode: 3, rs1_addr:  1, rs1_rdata: 0000b118, rs2_addr:  0, rs2_rdata: 00000000, rd_addr: 11, rd_wdata: 0000b118, mem_addr: 0000b118, mem_rdata: 00000000, mem_wdata: 00000000
ClkCycle:       8719, pc_rdata: 00008386, pc_wdata: 0000838a, insn: 01130a00, mode: 3, rs1_addr:  0, rs1_rdata: 00000000, rs2_addr:  0, rs2_rdata: 00000000, rd_addr:  0, rd_wdata: 00000000, mem_addr: 00000000, mem_rdata: 00000000, mem_wdata: 00000000
ClkCycle:       8720, pc_rdata: 0000838a, pc_wdata: 0000838e, insn: c90c4025, mode: 3, rs1_addr: 10, rs1_rdata: 0000b1a8, rs2_addr:  2, rs2_rdata: 00000008, rd_addr:  2, rd_wdata: 0000b5aa, mem_addr: 0000b5aa, mem_rdata: 00000000, mem_wdata: 00000008
ClkCycle:       8721, pc_rdata: 0000838e, pc_wdata: 00008392, insn: c90c4025, mode: 3, rs1_addr:  0, rs1_rdata: 00000000, rs2_addr:  0, rs2_rdata: 00000000, rd_addr:  0, rd_wdata: 00000000, mem_addr: 00000000, mem_rdata: 00000000, mem_wdata: 00000000
000000010000b118
ClkCycle:       8722, pc_rdata: 00008392, pc_wdata: 00008394, insn: 00100593, mode: 3, rs1_addr: 10, rs1_rdata: 0000b1a8, rs2_addr: 11, rs2_rdata: 0000b118, rd_addr: 16, rd_wdata: 0000b1b8, mem_addr: 0000b1b8, mem_rdata: 00000000, mem_wdata: 0000b118
ClkCycle:       8723, pc_rdata: 00008394, pc_wdata: 00008398, insn: 00100593, mode: 3, rs1_addr:  0, rs1_rdata: 00000000, rs2_addr:  1, rs2_rdata: 0000b118, rd_addr: 11, rd_wdata: 00000001, mem_addr: 00000001, mem_rdata: 00000000, mem_wdata: 0000b118
ClkCycle:       8724, pc_rdata: 00008398, pc_wdata: 0000839c, insn: 01159593, mode: 3, rs1_addr: 11, rs1_rdata: 0000b118, rs2_addr: 17, rs2_rdata: edffffff, rd_addr: 11, rd_wdata: 00020000, mem_addr: 00020000, mem_rdata: 00000000, mem_wdata: edffffff
ClkCycle:       8725, pc_rdata: 0000839c, pc_wdata: 000083a0, insn: 0a808513, mode: 3, rs1_addr:  1, rs1_rdata: 0000b118, rs2_addr:  8, rs2_rdata: 00000000, rd_addr: 10, rd_wdata: 0000b1c0, mem_addr: 0000b1c0, mem_rdata: 00000000, mem_wdata: 00000000
ClkCycle:       8726, pc_rdata: 000083a0, pc_wdata: 000083a4, insn: 00400113, mode: 3, rs1_addr:  0, rs1_rdata: 00000000, rs2_addr:  4, rs2_rdata: 6dfdffff, rd_addr:  2, rd_wdata: 00000004, mem_addr: 00000004, mem_rdata: 00000000, mem_wdata: 6dfdffff
ClkCycle:       8727, pc_rdata: 000083a4, pc_wdata: 000083a8, insn: 40250533, mode: 3, rs1_addr: 10, rs1_rdata: 0000b1a8, rs2_addr:  2, rs2_rdata: 0000b5aa, rd_addr: 10, rd_wdata: 0000b1bc, mem_addr: 0000b1bc, mem_rdata: 00000000, mem_wdata: 00000004
0000000000020000
ClkCycle:       8728, pc_rdata: 000083a8, pc_wdata: 000083aa, insn: 0001c14c, mode: 3, rs1_addr: 10, rs1_rdata: 0000b1c0, rs2_addr: 11, rs2_rdata: 00020000, rd_addr:  4, rd_wdata: 0000b1c0, mem_addr: 0000b1c0, mem_rdata: 00000000, mem_wdata: 00020000
ClkCycle:       8729, pc_rdata: 000083aa, pc_wdata: 000083ae, insn: 0001c14c, mode: 3, rs1_addr:  0, rs1_rdata: 00000000, rs2_addr:  0, rs2_rdata: 00000000, rd_addr:  0, rd_wdata: 00000000, mem_addr: 00000000, mem_rdata: 00000000, mem_wdata: 00000000
ClkCycle:       8730, pc_rdata: 000083ae, pc_wdata: 000083b0, insn: 95930010, mode: 3, rs1_addr:  0, rs1_rdata: 00000000, rs2_addr:  0, rs2_rdata: 00000000, rd_addr:  0, rd_wdata: 00000000, mem_addr: 00000000, mem_rdata: 00000000, mem_wdata: 00000000
ClkCycle:       8731, pc_rdata: 000083b0, pc_wdata: 000083b2, insn: 95930010, mode: 3, rs1_addr:  2, rs1_rdata: 00000004, rs2_addr:  0, rs2_rdata: 00000000, rd_addr: 12, rd_wdata: 00000004, mem_addr: 00000004, mem_rdata: 00000000, mem_wdata: 00000000
ClkCycle:       8732, pc_rdata: 000083b2, pc_wdata: 000083b6, insn: 95930010, mode: 3, rs1_addr:  0, rs1_rdata: 00000000, rs2_addr:  0, rs2_rdata: 00000000, rd_addr:  0, rd_wdata: 00000000, mem_addr: 00000000, mem_rdata: 00000000, mem_wdata: 00000000
ClkCycle:       8733, pc_rdata: 000083b6, pc_wdata: 000083ba, insn: 01130b00, mode: 3, rs1_addr:  1, rs1_rdata: 0000b118, rs2_addr: 16, rs2_rdata: 7d5bfddb, rd_addr: 11, rd_wdata: b1180000, mem_addr: b1180000, mem_rdata: 00000000, mem_wdata: 7d5bfddb
ClkCycle:       8734, pc_rdata: 000083ba, pc_wdata: 000083be, insn: 01130b00, mode: 3, rs1_addr:  0, rs1_rdata: 00000000, rs2_addr:  0, rs2_rdata: 00000000, rd_addr:  0, rd_wdata: 00000000, mem_addr: 00000000, mem_rdata: 00000000, mem_wdata: 00000000
ClkCycle:       8735, pc_rdata: 000083be, pc_wdata: 000083c2, insn: d90c4025, mode: 3, rs1_addr: 10, rs1_rdata: 0000b1bc, rs2_addr:  2, rs2_rdata: 00000004, rd_addr:  2, rd_wdata: 0000b5be, mem_addr: 0000b5be, mem_rdata: 00000000, mem_wdata: 00000004
ClkCycle:       8736, pc_rdata: 000083c2, pc_wdata: 000083c6, insn: d90c4025, mode: 3, rs1_addr:  0, rs1_rdata: 00000000, rs2_addr:  0, rs2_rdata: 00000000, rd_addr:  0, rd_wdata: 00000000, mem_addr: 00000000, mem_rdata: 00000000, mem_wdata: 00000000
00010000b1180000
ClkCycle:       8737, pc_rdata: 000083c6, pc_wdata: 000083c8, insn: 00100593, mode: 3, rs1_addr: 10, rs1_rdata: 0000b1bc, rs2_addr: 11, rs2_rdata: b1180000, rd_addr: 16, rd_wdata: 0000b1ec, mem_addr: 0000b1ec, mem_rdata: 00000000, mem_wdata: b1180000
ClkCycle:       8738, pc_rdata: 000083c8, pc_wdata: 000083cc, insn: 00100593, mode: 3, rs1_addr:  0, rs1_rdata: 00000000, rs2_addr:  1, rs2_rdata: 0000b118, rd_addr: 11, rd_wdata: 00000001, mem_addr: 00000001, mem_rdata: 00000000, mem_wdata: 0000b118
ClkCycle:       8739, pc_rdata: 000083cc, pc_wdata: 000083d0, insn: 01359593, mode: 3, rs1_addr: 11, rs1_rdata: b1180000, rs2_addr: 19, rs2_rdata: dfffb7ff, rd_addr: 11, rd_wdata: 00080000, mem_addr: 00080000, mem_rdata: 00000000, mem_wdata: dfffb7ff
ClkCycle:       8740, pc_rdata: 000083d0, pc_wdata: 000083d4, insn: 0b808513, mode: 3, rs1_addr:  1, rs1_rdata: 0000b118, rs2_addr: 24, rs2_rdata: 0000007d, rd_addr: 10, rd_wdata: 0000b1d0, mem_addr: 0000b1d0, mem_rdata: 00000000, mem_wdata: 0000007d
ClkCycle:       8741, pc_rdata: 000083d4, pc_wdata: 000083d8, insn: 03c00113, mode: 3, rs1_addr:  0, rs1_rdata: 00000000, rs2_addr: 28, rs2_rdata: 00000000, rd_addr:  2, rd_wdata: 0000003c, mem_addr: 0000003c, mem_rdata: 00000000, mem_wdata: 00000000
ClkCycle:       8742, pc_rdata: 000083d8, pc_wdata: 000083dc, insn: 40250533, mode: 3, rs1_addr: 10, rs1_rdata: 0000b1bc, rs2_addr:  2, rs2_rdata: 0000b5be, rd_addr: 10, rd_wdata: 0000b194, mem_addr: 0000b194, mem_rdata: 00000000, mem_wdata: 0000003c
0000000000080000
ClkCycle:       8743, pc_rdata: 000083dc, pc_wdata: 000083de, insn: 0001dd4c, mode: 3, rs1_addr: 10, rs1_rdata: 0000b1d0, rs2_addr: 11, rs2_rdata: 00080000, rd_addr: 28, rd_wdata: 0000b1d0, mem_addr: 0000b1d0, mem_rdata: 00000000, mem_wdata: 00080000
ClkCycle:       8744, pc_rdata: 000083de, pc_wdata: 000083e2, insn: 0001dd4c, mode: 3, rs1_addr:  0, rs1_rdata: 00000000, rs2_addr:  0, rs2_rdata: 00000000, rd_addr:  0, rd_wdata: 00000000, mem_addr: 00000000, mem_rdata: 00000000, mem_wdata: 00000000
ClkCycle:       8745, pc_rdata: 000083e2, pc_wdata: 000083e4, insn: 95930010, mode: 3, rs1_addr:  0, rs1_rdata: 00000000, rs2_addr:  0, rs2_rdata: 00000000, rd_addr:  0, rd_wdata: 00000000, mem_addr: 00000000, mem_rdata: 00000000, mem_wdata: 00000000
ClkCycle:       8746, pc_rdata: 000083e4, pc_wdata: 000083e6, insn: 95930010, mode: 3, rs1_addr:  2, rs1_rdata: 0000003c, rs2_addr:  0, rs2_rdata: 00000000, rd_addr: 12, rd_wdata: 0000003c, mem_addr: 0000003c, mem_rdata: 00000000, mem_wdata: 00000000
ClkCycle:       8747, pc_rdata: 000083e6, pc_wdata: 000083ea, insn: 95930010, mode: 3, rs1_addr:  0, rs1_rdata: 00000000, rs2_addr:  0, rs2_rdata: 00000000, rd_addr:  0, rd_wdata: 00000000, mem_addr: 00000000, mem_rdata: 00000000, mem_wdata: 00000000
ClkCycle:       8748, pc_rdata: 000083ea, pc_wdata: 000083ee, insn: 01130c00, mode: 3, rs1_addr:  1, rs1_rdata: 0000b118, rs2_addr:  0, rs2_rdata: 00000000, rd_addr: 11, rd_wdata: 0000b118, mem_addr: 0000b118, mem_rdata: 00000000, mem_wdata: 00000000
ClkCycle:       8749, pc_rdata: 000083ee, pc_wdata: 000083f2, insn: 01130c00, mode: 3, rs1_addr:  0, rs1_rdata: 00000000, rs2_addr:  0, rs2_rdata: 00000000, rd_addr:  0, rd_wdata: 00000000, mem_addr: 00000000, mem_rdata: 00000000, mem_wdata: 00000000
ClkCycle:       8750, pc_rdata: 000083f2, pc_wdata: 000083f6, insn: cd4c4025, mode: 3, rs1_addr: 10, rs1_rdata: 0000b194, rs2_addr:  2, rs2_rdata: 0000003c, rd_addr:  2, rd_wdata: 0000b596, mem_addr: 0000b596, mem_rdata: 00000000, mem_wdata: 0000003c
ClkCycle:       8751, pc_rdata: 000083f6, pc_wdata: 000083fa, insn: cd4c4025, mode: 3, rs1_addr:  0, rs1_rdata: 00000000, rs2_addr:  0, rs2_rdata: 00000000, rd_addr:  0, rd_wdata: 00000000, mem_addr: 00000000, mem_rdata: 00000000, mem_wdata: 00000000
000000010000b118
ClkCycle:       8752, pc_rdata: 000083fa, pc_wdata: 000083fc, insn: 00100593, mode: 3, rs1_addr: 10, rs1_rdata: 0000b194, rs2_addr: 11, rs2_rdata: 0000b118, rd_addr: 28, rd_wdata: 0000b1b0, mem_addr: 0000b1b0, mem_rdata: 00000000, mem_wdata: 0000b118
ClkCycle:       8753, pc_rdata: 000083fc, pc_wdata: 00008400, insn: 00100593, mode: 3, rs1_addr:  0, rs1_rdata: 00000000, rs2_addr:  1, rs2_rdata: 0000b118, rd_addr: 11, rd_wdata: 00000001, mem_addr: 00000001, mem_rdata: 00000000, mem_wdata: 0000b118
ClkCycle:       8754, pc_rdata: 00008400, pc_wdata: 00008404, insn: 01559593, mode: 3, rs1_addr: 11, rs1_rdata: 0000b118, rs2_addr: 21, rs2_rdata: 0fab7ffe, rd_addr: 11, rd_wdata: 00200000, mem_addr: 00200000, mem_rdata: 00000000, mem_wdata: 0fab7ffe
ClkCycle:       8755, pc_rdata: 00008404, pc_wdata: 00008408, insn: 0c808513, mode: 3, rs1_addr:  1, rs1_rdata: 0000b118, rs2_addr:  8, rs2_rdata: 00000000, rd_addr: 10, rd_wdata: 0000b1e0, mem_addr: 0000b1e0, mem_rdata: 00000000, mem_wdata: 00000000
ClkCycle:       8756, pc_rdata: 00008408, pc_wdata: 0000840c, insn: 03400113, mode: 3, rs1_addr:  0, rs1_rdata: 00000000, rs2_addr: 20, rs2_rdata: d5bfff6f, rd_addr:  2, rd_wdata: 00000034, mem_addr: 00000034, mem_rdata: 00000000, mem_wdata: d5bfff6f
ClkCycle:       8757, pc_rdata: 0000840c, pc_wdata: 00008410, insn: 40250533, mode: 3, rs1_addr: 10, rs1_rdata: 0000b194, rs2_addr:  2, rs2_rdata: 0000b596, rd_addr: 10, rd_wdata: 0000b1ac, mem_addr: 0000b1ac, mem_rdata: 00000000, mem_wdata: 00000034
0000000000200000
ClkCycle:       8758, pc_rdata: 00008410, pc_wdata: 00008412, insn: 0001d94c, mode: 3, rs1_addr: 10, rs1_rdata: 0000b1e0, rs2_addr: 11, rs2_rdata: 00200000, rd_addr: 20, rd_wdata: 0000b1e0, mem_addr: 0000b1e0, mem_rdata: 00000000, mem_wdata: 00200000
ClkCycle:       8759, pc_rdata: 00008412, pc_wdata: 00008416, insn: 0001d94c, mode: 3, rs1_addr:  0, rs1_rdata: 00000000, rs2_addr:  0, rs2_rdata: 00000000, rd_addr:  0, rd_wdata: 00000000, mem_addr: 00000000, mem_rdata: 00000000, mem_wdata: 00000000
ClkCycle:       8760, pc_rdata: 00008416, pc_wdata: 00008418, insn: 95930010, mode: 3, rs1_addr:  0, rs1_rdata: 00000000, rs2_addr:  0, rs2_rdata: 00000000, rd_addr:  0, rd_wdata: 00000000, mem_addr: 00000000, mem_rdata: 00000000, mem_wdata: 00000000
ClkCycle:       8761, pc_rdata: 00008418, pc_wdata: 0000841a, insn: 95930010, mode: 3, rs1_addr:  2, rs1_rdata: 00000034, rs2_addr:  0, rs2_rdata: 00000000, rd_addr: 12, rd_wdata: 00000034, mem_addr: 00000034, mem_rdata: 00000000, mem_wdata: 00000000
ClkCycle:       8762, pc_rdata: 0000841a, pc_wdata: 0000841e, insn: 95930010, mode: 3, rs1_addr:  0, rs1_rdata: 00000000, rs2_addr:  0, rs2_rdata: 00000000, rd_addr:  0, rd_wdata: 00000000, mem_addr: 00000000, mem_rdata: 00000000, mem_wdata: 00000000
ClkCycle:       8763, pc_rdata: 0000841e, pc_wdata: 00008422, insn: 01130d00, mode: 3, rs1_addr:  1, rs1_rdata: 0000b118, rs2_addr: 16, rs2_rdata: 7d5bfddb, rd_addr: 11, rd_wdata: b1180000, mem_addr: b1180000, mem_rdata: 00000000, mem_wdata: 7d5bfddb
ClkCycle:       8764, pc_rdata: 00008422, pc_wdata: 00008426, insn: 01130d00, mode: 3, rs1_addr:  0, rs1_rdata: 00000000, rs2_addr:  0, rs2_rdata: 00000000, rd_addr:  0, rd_wdata: 00000000, mem_addr: 00000000, mem_rdata: 00000000, mem_wdata: 00000000
ClkCycle:       8765, pc_rdata: 00008426, pc_wdata: 0000842a, insn: dd2c4025, mode: 3, rs1_addr: 10, rs1_rdata: 0000b1ac, rs2_addr:  2, rs2_rdata: 00000034, rd_addr:  2, rd_wdata: 0000b5ae, mem_addr: 0000b5ae, mem_rdata: 00000000, mem_wdata: 00000034
ClkCycle:       8766, pc_rdata: 0000842a, pc_wdata: 0000842e, insn: dd2c4025, mode: 3, rs1_addr:  0, rs1_rdata: 00000000, rs2_addr:  0, rs2_rdata: 00000000, rd_addr:  0, rd_wdata: 00000000, mem_addr: 00000000, mem_rdata: 00000000, mem_wdata: 00000000
00010000b1180000
ClkCycle:       8767, pc_rdata: 0000842e, pc_wdata: 00008430, insn: 00100593, mode: 3, rs1_addr: 10, rs1_rdata: 0000b1ac, rs2_addr: 11, rs2_rdata: b1180000, rd_addr: 24, rd_wdata: 0000b224, mem_addr: 0000b224, mem_rdata: 00000000, mem_wdata: b1180000
ClkCycle:       8768, pc_rdata: 00008430, pc_wdata: 00008434, insn: 00100593, mode: 3, rs1_addr:  0, rs1_rdata: 00000000, rs2_addr:  1, rs2_rdata: 0000b118, rd_addr: 11, rd_wdata: 00000001, mem_addr: 00000001, mem_rdata: 00000000, mem_wdata: 0000b118
ClkCycle:       8769, pc_rdata: 00008434, pc_wdata: 00008438, insn: 01759593, mode: 3, rs1_addr: 11, rs1_rdata: b1180000, rs2_addr: 23, rs2_rdata: 00003ead, rd_addr: 11, rd_wdata: 00800000, mem_addr: 00800000, mem_rdata: 00000000, mem_wdata: 00003ead
ClkCycle:       8770, pc_rdata: 00008438, pc_wdata: 0000843c, insn: 0d808513, mode: 3, rs1_addr:  1, rs1_rdata: 0000b118, rs2_addr: 24, rs2_rdata: 0000007d, rd_addr: 10, rd_wdata: 0000b1f0, mem_addr: 0000b1f0, mem_rdata: 00000000, mem_wdata: 0000007d
ClkCycle:       8771, pc_rdata: 0000843c, pc_wdata: 00008440, insn: 01800113, mode: 3, rs1_addr:  0, rs1_rdata: 00000000, rs2_addr: 24, rs2_rdata: 0000007d, rd_addr:  2, rd_wdata: 00000018, mem_addr: 00000018, mem_rdata: 00000000, mem_wdata: 0000007d
ClkCycle:       8772, pc_rdata: 00008440, pc_wdata: 00008444, insn: 40250533, mode: 3, rs1_addr: 10, rs1_rdata: 0000b1ac, rs2_addr:  2, rs2_rdata: 0000b5ae, rd_addr: 10, rd_wdata: 0000b1d8, mem_addr: 0000b1d8, mem_rdata: 00000000, mem_wdata: 00000018
0000000000800000
ClkCycle:       8773, pc_rdata: 00008444, pc_wdata: 00008446, insn: 0001cd0c, mode: 3, rs1_addr: 10, rs1_rdata: 0000b1f0, rs2_addr: 11, rs2_rdata: 00800000, rd_addr: 24, rd_wdata: 0000b1f0, mem_addr: 0000b1f0, mem_rdata: 00000000, mem_wdata: 00800000
ClkCycle:       8774, pc_rdata: 00008446, pc_wdata: 0000844a, insn: 0001cd0c, mode: 3, rs1_addr:  0, rs1_rdata: 00000000, rs2_addr:  0, rs2_rdata: 00000000, rd_addr:  0, rd_wdata: 00000000, mem_addr: 00000000, mem_rdata: 00000000, mem_wdata: 00000000
ClkCycle:       8775, pc_rdata: 0000844a, pc_wdata: 0000844c, insn: 95930010, mode: 3, rs1_addr:  0, rs1_rdata: 00000000, rs2_addr:  0, rs2_rdata: 00000000, rd_addr:  0, rd_wdata: 00000000, mem_addr: 00000000, mem_rdata: 00000000, mem_wdata: 00000000
ClkCycle:       8776, pc_rdata: 0000844c, pc_wdata: 0000844e, insn: 95930010, mode: 3, rs1_addr:  2, rs1_rdata: 00000018, rs2_addr:  0, rs2_rdata: 00000000, rd_addr: 12, rd_wdata: 00000018, mem_addr: 00000018, mem_rdata: 00000000, mem_wdata: 00000000
ClkCycle:       8777, pc_rdata: 0000844e, pc_wdata: 00008452, insn: 95930010, mode: 3, rs1_addr:  0, rs1_rdata: 00000000, rs2_addr:  0, rs2_rdata: 00000000, rd_addr:  0, rd_wdata: 00000000, mem_addr: 00000000, mem_rdata: 00000000, mem_wdata: 00000000
ClkCycle:       8778, pc_rdata: 00008452, pc_wdata: 00008456, insn: 01130e00, mode: 3, rs1_addr:  1, rs1_rdata: 0000b118, rs2_addr:  0, rs2_rdata: 00000000, rd_addr: 11, rd_wdata: 0000b118, mem_addr: 0000b118, mem_rdata: 00000000, mem_wdata: 00000000
ClkCycle:       8779, pc_rdata: 00008456, pc_wdata: 0000845a, insn: 01130e00, mode: 3, rs1_addr:  0, rs1_rdata: 00000000, rs2_addr:  0, rs2_rdata: 00000000, rd_addr:  0, rd_wdata: 00000000, mem_addr: 00000000, mem_rdata: 00000000, mem_wdata: 00000000
ClkCycle:       8780, pc_rdata: 0000845a, pc_wdata: 0000845e, insn: cd4c4025, mode: 3, rs1_addr: 10, rs1_rdata: 0000b1d8, rs2_addr:  2, rs2_rdata: 00000018, rd_addr:  2, rd_wdata: 0000b5da, mem_addr: 0000b5da, mem_rdata: 00000000, mem_wdata: 00000018
ClkCycle:       8781, pc_rdata: 0000845e, pc_wdata: 00008462, insn: cd4c4025, mode: 3, rs1_addr:  0, rs1_rdata: 00000000, rs2_addr:  0, rs2_rdata: 00000000, rd_addr:  0, rd_wdata: 00000000, mem_addr: 00000000, mem_rdata: 00000000, mem_wdata: 00000000
000000010000b118
ClkCycle:       8782, pc_rdata: 00008462, pc_wdata: 00008464, insn: 00100593, mode: 3, rs1_addr: 10, rs1_rdata: 0000b1d8, rs2_addr: 11, rs2_rdata: 0000b118, rd_addr: 28, rd_wdata: 0000b1f4, mem_addr: 0000b1f4, mem_rdata: 00000000, mem_wdata: 0000b118
ClkCycle:       8783, pc_rdata: 00008464, pc_wdata: 00008468, insn: 00100593, mode: 3, rs1_addr:  0, rs1_rdata: 00000000, rs2_addr:  1, rs2_rdata: 0000b118, rd_addr: 11, rd_wdata: 00000001, mem_addr: 00000001, mem_rdata: 00000000, mem_wdata: 0000b118
ClkCycle:       8784, pc_rdata: 00008468, pc_wdata: 0000846c, insn: 01959593, mode: 3, rs1_addr: 11, rs1_rdata: 0000b118, rs2_addr: 25, rs2_rdata: 00000000, rd_addr: 11, rd_wdata: 02000000, mem_addr: 02000000, mem_rdata: 00000000, mem_wdata: 00000000
ClkCycle:       8785, pc_rdata: 0000846c, pc_wdata: 00008470, insn: 0e808513, mode: 3, rs1_addr:  1, rs1_rdata: 0000b118, rs2_addr:  8, rs2_rdata: 00000000, rd_addr: 10, rd_wdata: 0000b200, mem_addr: 0000b200, mem_rdata: 00000000, mem_wdata: 00000000
ClkCycle:       8786, pc_rdata: 00008470, pc_wdata: 00008474, insn: 03c00113, mode: 3, rs1_addr:  0, rs1_rdata: 00000000, rs2_addr: 28, rs2_rdata: 00000000, rd_addr:  2, rd_wdata: 0000003c, mem_addr: 0000003c, mem_rdata: 00000000, mem_wdata: 00000000
ClkCycle:       8787, pc_rdata: 00008474, pc_wdata: 00008478, insn: 40250533, mode: 3, rs1_addr: 10, rs1_rdata: 0000b1d8, rs2_addr:  2, rs2_rdata: 0000b5da, rd_addr: 10, rd_wdata: 0000b1c4, mem_addr: 0000b1c4, mem_rdata: 00000000, mem_wdata: 0000003c
0000000002000000
ClkCycle:       8788, pc_rdata: 00008478, pc_wdata: 0000847a, insn: 0001dd4c, mode: 3, rs1_addr: 10, rs1_rdata: 0000b200, rs2_addr: 11, rs2_rdata: 02000000, rd_addr: 28, rd_wdata: 0000b200, mem_addr: 0000b200, mem_rdata: 00000000, mem_wdata: 02000000
ClkCycle:       8789, pc_rdata: 0000847a, pc_wdata: 0000847e, insn: 0001dd4c, mode: 3, rs1_addr:  0, rs1_rdata: 00000000, rs2_addr:  0, rs2_rdata: 00000000, rd_addr:  0, rd_wdata: 00000000, mem_addr: 00000000, mem_rdata: 00000000, mem_wdata: 00000000
ClkCycle:       8790, pc_rdata: 0000847e, pc_wdata: 00008480, insn: 95930010, mode: 3, rs1_addr:  0, rs1_rdata: 00000000, rs2_addr:  0, rs2_rdata: 00000000, rd_addr:  0, rd_wdata: 00000000, mem_addr: 00000000, mem_rdata: 00000000, mem_wdata: 00000000
ClkCycle:       8791, pc_rdata: 00008480, pc_wdata: 00008482, insn: 95930010, mode: 3, rs1_addr:  2, rs1_rdata: 0000003c, rs2_addr:  0, rs2_rdata: 00000000, rd_addr: 12, rd_wdata: 0000003c, mem_addr: 0000003c, mem_rdata: 00000000, mem_wdata: 00000000
ClkCycle:       8792, pc_rdata: 00008482, pc_wdata: 00008486, insn: 95930010, mode: 3, rs1_addr:  0, rs1_rdata: 00000000, rs2_addr:  0, rs2_rdata: 00000000, rd_addr:  0, rd_wdata: 00000000, mem_addr: 00000000, mem_rdata: 00000000, mem_wdata: 00000000
ClkCycle:       8793, pc_rdata: 00008486, pc_wdata: 0000848a, insn: 01130f00, mode: 3, rs1_addr:  1, rs1_rdata: 0000b118, rs2_addr: 16, rs2_rdata: 7d5bfddb, rd_addr: 11, rd_wdata: b1180000, mem_addr: b1180000, mem_rdata: 00000000, mem_wdata: 7d5bfddb
ClkCycle:       8794, pc_rdata: 0000848a, pc_wdata: 0000848e, insn: 01130f00, mode: 3, rs1_addr:  0, rs1_rdata: 00000000, rs2_addr:  0, rs2_rdata: 00000000, rd_addr:  0, rd_wdata: 00000000, mem_addr: 00000000, mem_rdata: 00000000, mem_wdata: 00000000
ClkCycle:       8795, pc_rdata: 0000848e, pc_wdata: 00008492, insn: cd6c4025, mode: 3, rs1_addr: 10, rs1_rdata: 0000b1c4, rs2_addr:  2, rs2_rdata: 0000003c, rd_addr:  2, rd_wdata: 0000b5c6, mem_addr: 0000b5c6, mem_rdata: 00000000, mem_wdata: 0000003c
ClkCycle:       8796, pc_rdata: 00008492, pc_wdata: 00008496, insn: cd6c4025, mode: 3, rs1_addr:  0, rs1_rdata: 00000000, rs2_addr:  0, rs2_rdata: 00000000, rd_addr:  0, rd_wdata: 00000000, mem_addr: 00000000, mem_rdata: 00000000, mem_wdata: 00000000
00010000b1180000
ClkCycle:       8797, pc_rdata: 00008496, pc_wdata: 00008498, insn: 00100593, mode: 3, rs1_addr: 10, rs1_rdata: 0000b1c4, rs2_addr: 11, rs2_rdata: b1180000, rd_addr: 28, rd_wdata: 0000b220, mem_addr: 0000b220, mem_rdata: 00000000, mem_wdata: b1180000
ClkCycle:       8798, pc_rdata: 00008498, pc_wdata: 0000849c, insn: 00100593, mode: 3, rs1_addr:  0, rs1_rdata: 00000000, rs2_addr:  1, rs2_rdata: 0000b118, rd_addr: 11, rd_wdata: 00000001, mem_addr: 00000001, mem_rdata: 00000000, mem_wdata: 0000b118
ClkCycle:       8799, pc_rdata: 0000849c, pc_wdata: 000084a0, insn: 01b59593, mode: 3, rs1_addr: 11, rs1_rdata: b1180000, rs2_addr: 27, rs2_rdata: 00000000, rd_addr: 11, rd_wdata: 08000000, mem_addr: 08000000, mem_rdata: 00000000, mem_wdata: 00000000
ClkCycle:       8800, pc_rdata: 000084a0, pc_wdata: 000084a4, insn: 0f808513, mode: 3, rs1_addr:  1, rs1_rdata: 0000b118, rs2_addr: 24, rs2_rdata: 0000007d, rd_addr: 10, rd_wdata: 0000b210, mem_addr: 0000b210, mem_rdata: 00000000, mem_wdata: 0000007d
ClkCycle:       8801, pc_rdata: 000084a4, pc_wdata: 000084a8, insn: 00800113, mode: 3, rs1_addr:  0, rs1_rdata: 00000000, rs2_addr:  8, rs2_rdata: 00000000, rd_addr:  2, rd_wdata: 00000008, mem_addr: 00000008, mem_rdata: 00000000, mem_wdata: 00000000
ClkCycle:       8802, pc_rdata: 000084a8, pc_wdata: 000084ac, insn: 40250533, mode: 3, rs1_addr: 10, rs1_rdata: 0000b1c4, rs2_addr:  2, rs2_rdata: 0000b5c6, rd_addr: 10, rd_wdata: 0000b208, mem_addr: 0000b208, mem_rdata: 00000000, mem_wdata: 00000008
0000000008000000
ClkCycle:       8803, pc_rdata: 000084ac, pc_wdata: 000084ae, insn: 0001c50c, mode: 3, rs1_addr: 10, rs1_rdata: 0000b210, rs2_addr: 11, rs2_rdata: 08000000, rd_addr:  8, rd_wdata: 0000b210, mem_addr: 0000b210, mem_rdata: 00000000, mem_wdata: 08000000
ClkCycle:       8804, pc_rdata: 000084ae, pc_wdata: 000084b2, insn: 0001c50c, mode: 3, rs1_addr:  0, rs1_rdata: 00000000, rs2_addr:  0, rs2_rdata: 00000000, rd_addr:  0, rd_wdata: 00000000, mem_addr: 00000000, mem_rdata: 00000000, mem_wdata: 00000000
ClkCycle:       8805, pc_rdata: 000084b2, pc_wdata: 000084b4, insn: 95930010, mode: 3, rs1_addr:  0, rs1_rdata: 00000000, rs2_addr:  0, rs2_rdata: 00000000, rd_addr:  0, rd_wdata: 00000000, mem_addr: 00000000, mem_rdata: 00000000, mem_wdata: 00000000
ClkCycle:       8806, pc_rdata: 000084b4, pc_wdata: 000084b6, insn: 95930010, mode: 3, rs1_addr:  2, rs1_rdata: 00000008, rs2_addr:  0, rs2_rdata: 00000000, rd_addr: 12, rd_wdata: 00000008, mem_addr: 00000008, mem_rdata: 00000000, mem_wdata: 00000000
ClkCycle:       8807, pc_rdata: 000084b6, pc_wdata: 000084ba, insn: 95930010, mode: 3, rs1_addr:  0, rs1_rdata: 00000000, rs2_addr:  0, rs2_rdata: 00000000, rd_addr:  0, rd_wdata: 00000000, mem_addr: 00000000, mem_rdata: 00000000, mem_wdata: 00000000
ClkCycle:       8808, pc_rdata: 000084ba, pc_wdata: 000084be, insn: 01131000, mode: 3, rs1_addr:  1, rs1_rdata: 0000b118, rs2_addr:  0, rs2_rdata: 00000000, rd_addr: 11, rd_wdata: 0000b118, mem_addr: 0000b118, mem_rdata: 00000000, mem_wdata: 00000000
ClkCycle:       8809, pc_rdata: 000084be, pc_wdata: 000084c2, insn: 01131000, mode: 3, rs1_addr:  0, rs1_rdata: 00000000, rs2_addr:  0, rs2_rdata: 00000000, rd_addr:  0, rd_wdata: 00000000, mem_addr: 00000000, mem_rdata: 00000000, mem_wdata: 00000000
ClkCycle:       8810, pc_rdata: 000084c2, pc_wdata: 000084c6, insn: dd6c4025, mode: 3, rs1_addr: 10, rs1_rdata: 0000b208, rs2_addr:  2, rs2_rdata: 00000008, rd_addr:  2, rd_wdata: 0000b60a, mem_addr: 0000b60a, mem_rdata: 00000000, mem_wdata: 00000008
ClkCycle:       8811, pc_rdata: 000084c6, pc_wdata: 000084ca, insn: dd6c4025, mode: 3, rs1_addr:  0, rs1_rdata: 00000000, rs2_addr:  0, rs2_rdata: 00000000, rd_addr:  0, rd_wdata: 00000000, mem_addr: 00000000, mem_rdata: 00000000, mem_wdata: 00000000
000000010000b118
ClkCycle:       8812, pc_rdata: 000084ca, pc_wdata: 000084cc, insn: 00100593, mode: 3, rs1_addr: 10, rs1_rdata: 0000b208, rs2_addr: 11, rs2_rdata: 0000b118, rd_addr: 28, rd_wdata: 0000b284, mem_addr: 0000b284, mem_rdata: 00000000, mem_wdata: 0000b118
ClkCycle:       8813, pc_rdata: 000084cc, pc_wdata: 000084d0, insn: 00100593, mode: 3, rs1_addr:  0, rs1_rdata: 00000000, rs2_addr:  1, rs2_rdata: 0000b118, rd_addr: 11, rd_wdata: 00000001, mem_addr: 00000001, mem_rdata: 00000000, mem_wdata: 0000b118
ClkCycle:       8814, pc_rdata: 000084d0, pc_wdata: 000084d4, insn: 01d59593, mode: 3, rs1_addr: 11, rs1_rdata: 0000b118, rs2_addr: 29, rs2_rdata: 00000000, rd_addr: 11, rd_wdata: 20000000, mem_addr: 20000000, mem_rdata: 00000000, mem_wdata: 00000000
ClkCycle:       8815, pc_rdata: 000084d4, pc_wdata: 000084d8, insn: 10808513, mode: 3, rs1_addr:  1, rs1_rdata: 0000b118, rs2_addr:  8, rs2_rdata: 00000000, rd_addr: 10, rd_wdata: 0000b220, mem_addr: 0000b220, mem_rdata: 00000000, mem_wdata: 00000000
ClkCycle:       8816, pc_rdata: 000084d8, pc_wdata: 000084dc, insn: 02400113, mode: 3, rs1_addr:  0, rs1_rdata: 00000000, rs2_addr:  4, rs2_rdata: 6dfdffff, rd_addr:  2, rd_wdata: 00000024, mem_addr: 00000024, mem_rdata: 00000000, mem_wdata: 6dfdffff
ClkCycle:       8817, pc_rdata: 000084dc, pc_wdata: 000084e0, insn: 40250533, mode: 3, rs1_addr: 10, rs1_rdata: 0000b208, rs2_addr:  2, rs2_rdata: 0000b60a, rd_addr: 10, rd_wdata: 0000b1fc, mem_addr: 0000b1fc, mem_rdata: 00000000, mem_wdata: 00000024
0000000020000000
ClkCycle:       8818, pc_rdata: 000084e0, pc_wdata: 000084e2, insn: 0001d14c, mode: 3, rs1_addr: 10, rs1_rdata: 0000b220, rs2_addr: 11, rs2_rdata: 20000000, rd_addr:  4, rd_wdata: 0000b220, mem_addr: 0000b220, mem_rdata: 00000000, mem_wdata: 20000000
ClkCycle:       8819, pc_rdata: 000084e2, pc_wdata: 000084e6, insn: 0001d14c, mode: 3, rs1_addr:  0, rs1_rdata: 00000000, rs2_addr:  0, rs2_rdata: 00000000, rd_addr:  0, rd_wdata: 00000000, mem_addr: 00000000, mem_rdata: 00000000, mem_wdata: 00000000
ClkCycle:       8820, pc_rdata: 000084e6, pc_wdata: 000084e8, insn: 95930010, mode: 3, rs1_addr:  0, rs1_rdata: 00000000, rs2_addr:  0, rs2_rdata: 00000000, rd_addr:  0, rd_wdata: 00000000, mem_addr: 00000000, mem_rdata: 00000000, mem_wdata: 00000000
ClkCycle:       8821, pc_rdata: 000084e8, pc_wdata: 000084ea, insn: 95930010, mode: 3, rs1_addr:  2, rs1_rdata: 00000024, rs2_addr:  0, rs2_rdata: 00000000, rd_addr: 12, rd_wdata: 00000024, mem_addr: 00000024, mem_rdata: 00000000, mem_wdata: 00000000
ClkCycle:       8822, pc_rdata: 000084ea, pc_wdata: 000084ee, insn: 95930010, mode: 3, rs1_addr:  0, rs1_rdata: 00000000, rs2_addr:  0, rs2_rdata: 00000000, rd_addr:  0, rd_wdata: 00000000, mem_addr: 00000000, mem_rdata: 00000000, mem_wdata: 00000000
ClkCycle:       8823, pc_rdata: 000084ee, pc_wdata: 000084f2, insn: 01131100, mode: 3, rs1_addr:  1, rs1_rdata: 0000b118, rs2_addr: 16, rs2_rdata: 7d5bfddb, rd_addr: 11, rd_wdata: b1180000, mem_addr: b1180000, mem_rdata: 00000000, mem_wdata: 7d5bfddb
ClkCycle:       8824, pc_rdata: 000084f2, pc_wdata: 000084f6, insn: 01131100, mode: 3, rs1_addr:  0, rs1_rdata: 00000000, rs2_addr:  0, rs2_rdata: 00000000, rd_addr:  0, rd_wdata: 00000000, mem_addr: 00000000, mem_rdata: 00000000, mem_wdata: 00000000
ClkCycle:       8825, pc_rdata: 000084f6, pc_wdata: 000084fa, insn: d54c4025, mode: 3, rs1_addr: 10, rs1_rdata: 0000b1fc, rs2_addr:  2, rs2_rdata: 00000024, rd_addr:  2, rd_wdata: 0000b5fe, mem_addr: 0000b5fe, mem_rdata: 00000000, mem_wdata: 00000024
ClkCycle:       8826, pc_rdata: 000084fa, pc_wdata: 000084fe, insn: d54c4025, mode: 3, rs1_addr:  0, rs1_rdata: 00000000, rs2_addr:  0, rs2_rdata: 00000000, rd_addr:  0, rd_wdata: 00000000, mem_addr: 00000000, mem_rdata: 00000000, mem_wdata: 00000000
00010000b1180000
ClkCycle:       8827, pc_rdata: 000084fe, pc_wdata: 00008500, insn: 00100593, mode: 3, rs1_addr: 10, rs1_rdata: 0000b1fc, rs2_addr: 11, rs2_rdata: b1180000, rd_addr: 12, rd_wdata: 0000b228, mem_addr: 0000b228, mem_rdata: 00000000, mem_wdata: b1180000
ClkCycle:       8828, pc_rdata: 00008500, pc_wdata: 00008504, insn: 00100593, mode: 3, rs1_addr:  0, rs1_rdata: 00000000, rs2_addr:  1, rs2_rdata: 0000b118, rd_addr: 11, rd_wdata: 00000001, mem_addr: 00000001, mem_rdata: 00000000, mem_wdata: 0000b118
ClkCycle:       8829, pc_rdata: 00008504, pc_wdata: 00008508, insn: 01f59593, mode: 3, rs1_addr: 11, rs1_rdata: b1180000, rs2_addr: 31, rs2_rdata: 00000000, rd_addr: 11, rd_wdata: 80000000, mem_addr: 80000000, mem_rdata: 00000000, mem_wdata: 00000000
ClkCycle:       8830, pc_rdata: 00008508, pc_wdata: 0000850c, insn: 11808513, mode: 3, rs1_addr:  1, rs1_rdata: 0000b118, rs2_addr: 24, rs2_rdata: 0000007d, rd_addr: 10, rd_wdata: 0000b230, mem_addr: 0000b230, mem_rdata: 00000000, mem_wdata: 0000007d
ClkCycle:       8831, pc_rdata: 0000850c, pc_wdata: 00008510, insn: 00000113, mode: 3, rs1_addr:  0, rs1_rdata: 00000000, rs2_addr:  0, rs2_rdata: 00000000, rd_addr:  2, rd_wdata: 00000000, mem_addr: 00000000, mem_rdata: 00000000, mem_wdata: 00000000
ClkCycle:       8832, pc_rdata: 00008510, pc_wdata: 00008514, insn: 40250533, mode: 3, rs1_addr: 10, rs1_rdata: 0000b1fc, rs2_addr:  2, rs2_rdata: 0000b5fe, rd_addr: 10, rd_wdata: 0000b230, mem_addr: 0000b230, mem_rdata: 00000000, mem_wdata: 00000000
0000000080000000
ClkCycle:       8833, pc_rdata: 00008514, pc_wdata: 00008516, insn: 0001c10c, mode: 3, rs1_addr: 10, rs1_rdata: 0000b230, rs2_addr: 11, rs2_rdata: 80000000, rd_addr:  0, rd_wdata: 0000b230, mem_addr: 0000b230, mem_rdata: 00000000, mem_wdata: 80000000
ClkCycle:       8834, pc_rdata: 00008516, pc_wdata: 0000851a, insn: 0001c10c, mode: 3, rs1_addr:  0, rs1_rdata: 00000000, rs2_addr:  0, rs2_rdata: 00000000, rd_addr:  0, rd_wdata: 00000000, mem_addr: 00000000, mem_rdata: 00000000, mem_wdata: 00000000
ClkCycle:       8835, pc_rdata: 0000851a, pc_wdata: 0000851c, insn: 95930010, mode: 3, rs1_addr:  0, rs1_rdata: 00000000, rs2_addr:  0, rs2_rdata: 00000000, rd_addr:  0, rd_wdata: 00000000, mem_addr: 00000000, mem_rdata: 00000000, mem_wdata: 00000000
ClkCycle:       8836, pc_rdata: 0000851c, pc_wdata: 0000851e, insn: 95930010, mode: 3, rs1_addr:  2, rs1_rdata: 00000000, rs2_addr:  0, rs2_rdata: 00000000, rd_addr: 12, rd_wdata: 00000000, mem_addr: 00000000, mem_rdata: 00000000, mem_wdata: 00000000
ClkCycle:       8837, pc_rdata: 0000851e, pc_wdata: 00008522, insn: 95930010, mode: 3, rs1_addr:  0, rs1_rdata: 00000000, rs2_addr:  0, rs2_rdata: 00000000, rd_addr:  0, rd_wdata: 00000000, mem_addr: 00000000, mem_rdata: 00000000, mem_wdata: 00000000
ClkCycle:       8838, pc_rdata: 00008522, pc_wdata: 00008526, insn: 01131200, mode: 3, rs1_addr:  1, rs1_rdata: 0000b118, rs2_addr:  0, rs2_rdata: 00000000, rd_addr: 11, rd_wdata: 0000b118, mem_addr: 0000b118, mem_rdata: 00000000, mem_wdata: 00000000
ClkCycle:       8839, pc_rdata: 00008526, pc_wdata: 0000852a, insn: 01131200, mode: 3, rs1_addr:  0, rs1_rdata: 00000000, rs2_addr:  0, rs2_rdata: 00000000, rd_addr:  0, rd_wdata: 00000000, mem_addr: 00000000, mem_rdata: 00000000, mem_wdata: 00000000
ClkCycle:       8840, pc_rdata: 0000852a, pc_wdata: 0000852e, insn: d10c4025, mode: 3, rs1_addr: 10, rs1_rdata: 0000b230, rs2_addr:  2, rs2_rdata: 00000000, rd_addr:  2, rd_wdata: 0000b632, mem_addr: 0000b632, mem_rdata: 00000000, mem_wdata: 00000000
ClkCycle:       8841, pc_rdata: 0000852e, pc_wdata: 00008532, insn: d10c4025, mode: 3, rs1_addr:  0, rs1_rdata: 00000000, rs2_addr:  0, rs2_rdata: 00000000, rd_addr:  0, rd_wdata: 00000000, mem_addr: 00000000, mem_rdata: 00000000, mem_wdata: 00000000
000000010000b118
ClkCycle:       8842, pc_rdata: 00008532, pc_wdata: 00008534, insn: 00100593, mode: 3, rs1_addr: 10, rs1_rdata: 0000b230, rs2_addr: 11, rs2_rdata: 0000b118, rd_addr:  0, rd_wdata: 0000b250, mem_addr: 0000b250, mem_rdata: 00000000, mem_wdata: 0000b118
ClkCycle:       8843, pc_rdata: 00008534, pc_wdata: 00008538, insn: 00100593, mode: 3, rs1_addr:  0, rs1_rdata: 00000000, rs2_addr:  1, rs2_rdata: 0000b118, rd_addr: 11, rd_wdata: 00000001, mem_addr: 00000001, mem_rdata: 00000000, mem_wdata: 0000b118
ClkCycle:       8844, pc_rdata: 00008538, pc_wdata: 0000853c, insn: 02159593, mode: 3, rs1_addr: 11, rs1_rdata: 0000b118, rs2_addr:  1, rs2_rdata: 0000b118, rd_addr: 11, rd_wdata: 00000002, mem_addr: 00000002, mem_rdata: 00000000, mem_wdata: 0000b118
ClkCycle:       8845, pc_rdata: 0000853c, pc_wdata: 00008540, insn: 12808513, mode: 3, rs1_addr:  1, rs1_rdata: 0000b118, rs2_addr:  8, rs2_rdata: 00000000, rd_addr: 10, rd_wdata: 0000b240, mem_addr: 0000b240, mem_rdata: 00000000, mem_wdata: 00000000
ClkCycle:       8846, pc_rdata: 00008540, pc_wdata: 00008544, insn: 07400113, mode: 3, rs1_addr:  0, rs1_rdata: 00000000, rs2_addr: 20, rs2_rdata: d5bfff6f, rd_addr:  2, rd_wdata: 00000074, mem_addr: 00000074, mem_rdata: 00000000, mem_wdata: d5bfff6f
ClkCycle:       8847, pc_rdata: 00008544, pc_wdata: 00008548, insn: 40250533, mode: 3, rs1_addr: 10, rs1_rdata: 0000b230, rs2_addr:  2, rs2_rdata: 0000b632, rd_addr: 10, rd_wdata: 0000b1cc, mem_addr: 0000b1cc, mem_rdata: 00000000, mem_wdata: 00000074
0000000000000002
ClkCycle:       8848, pc_rdata: 00008548, pc_wdata: 0000854a, insn: 0001d96c, mode: 3, rs1_addr: 10, rs1_rdata: 0000b240, rs2_addr: 11, rs2_rdata: 00000002, rd_addr: 20, rd_wdata: 0000b240, mem_addr: 0000b240, mem_rdata: 00000000, mem_wdata: 00000002
ClkCycle:       8849, pc_rdata: 0000854a, pc_wdata: 0000854e, insn: 0001d96c, mode: 3, rs1_addr:  0, rs1_rdata: 00000000, rs2_addr:  0, rs2_rdata: 00000000, rd_addr:  0, rd_wdata: 00000000, mem_addr: 00000000, mem_rdata: 00000000, mem_wdata: 00000000
ClkCycle:       8850, pc_rdata: 0000854e, pc_wdata: 00008550, insn: 95930010, mode: 3, rs1_addr:  0, rs1_rdata: 00000000, rs2_addr:  0, rs2_rdata: 00000000, rd_addr:  0, rd_wdata: 00000000, mem_addr: 00000000, mem_rdata: 00000000, mem_wdata: 00000000
ClkCycle:       8851, pc_rdata: 00008550, pc_wdata: 00008552, insn: 95930010, mode: 3, rs1_addr:  2, rs1_rdata: 00000074, rs2_addr:  0, rs2_rdata: 00000000, rd_addr: 12, rd_wdata: 00000074, mem_addr: 00000074, mem_rdata: 00000000, mem_wdata: 00000000
ClkCycle:       8852, pc_rdata: 00008552, pc_wdata: 00008556, insn: 95930010, mode: 3, rs1_addr:  0, rs1_rdata: 00000000, rs2_addr:  0, rs2_rdata: 00000000, rd_addr:  0, rd_wdata: 00000000, mem_addr: 00000000, mem_rdata: 00000000, mem_wdata: 00000000
ClkCycle:       8853, pc_rdata: 00008556, pc_wdata: 0000855a, insn: 01131300, mode: 3, rs1_addr:  1, rs1_rdata: 0000b118, rs2_addr: 16, rs2_rdata: 7d5bfddb, rd_addr: 11, rd_wdata: b1180000, mem_addr: b1180000, mem_rdata: 00000000, mem_wdata: 7d5bfddb
ClkCycle:       8854, pc_rdata: 0000855a, pc_wdata: 0000855e, insn: 01131300, mode: 3, rs1_addr:  0, rs1_rdata: 00000000, rs2_addr:  0, rs2_rdata: 00000000, rd_addr:  0, rd_wdata: 00000000, mem_addr: 00000000, mem_rdata: 00000000, mem_wdata: 00000000
ClkCycle:       8855, pc_rdata: 0000855e, pc_wdata: 00008562, insn: cd0c4025, mode: 3, rs1_addr: 10, rs1_rdata: 0000b1cc, rs2_addr:  2, rs2_rdata: 00000074, rd_addr:  2, rd_wdata: 0000b5ce, mem_addr: 0000b5ce, mem_rdata: 00000000, mem_wdata: 00000074
ClkCycle:       8856, pc_rdata: 00008562, pc_wdata: 00008566, insn: cd0c4025, mode: 3, rs1_addr:  0, rs1_rdata: 00000000, rs2_addr:  0, rs2_rdata: 00000000, rd_addr:  0, rd_wdata: 00000000, mem_addr: 00000000, mem_rdata: 00000000, mem_wdata: 00000000
00010000b1180000
ClkCycle:       8857, pc_rdata: 00008566, pc_wdata: 00008568, insn: 00100593, mode: 3, rs1_addr: 10, rs1_rdata: 0000b1cc, rs2_addr: 11, rs2_rdata: b1180000, rd_addr: 24, rd_wdata: 0000b1e4, mem_addr: 0000b1e4, mem_rdata: 00000000, mem_wdata: b1180000
ClkCycle:       8858, pc_rdata: 00008568, pc_wdata: 0000856c, insn: 00100593, mode: 3, rs1_addr:  0, rs1_rdata: 00000000, rs2_addr:  1, rs2_rdata: 0000b118, rd_addr: 11, rd_wdata: 00000001, mem_addr: 00000001, mem_rdata: 00000000, mem_wdata: 0000b118
ClkCycle:       8859, pc_rdata: 0000856c, pc_wdata: 00008570, insn: 02359593, mode: 3, rs1_addr: 11, rs1_rdata: b1180000, rs2_addr:  3, rs2_rdata: feffffbf, rd_addr: 11, rd_wdata: 00000008, mem_addr: 00000008, mem_rdata: 00000000, mem_wdata: feffffbf
ClkCycle:       8860, pc_rdata: 00008570, pc_wdata: 00008574, insn: 13808513, mode: 3, rs1_addr:  1, rs1_rdata: 0000b118, rs2_addr: 24, rs2_rdata: 0000007d, rd_addr: 10, rd_wdata: 0000b250, mem_addr: 0000b250, mem_rdata: 00000000, mem_wdata: 0000007d
ClkCycle:       8861, pc_rdata: 00008574, pc_wdata: 00008578, insn: 01c00113, mode: 3, rs1_addr:  0, rs1_rdata: 00000000, rs2_addr: 28, rs2_rdata: 00000000, rd_addr:  2, rd_wdata: 0000001c, mem_addr: 0000001c, mem_rdata: 00000000, mem_wdata: 00000000
ClkCycle:       8862, pc_rdata: 00008578, pc_wdata: 0000857c, insn: 40250533, mode: 3, rs1_addr: 10, rs1_rdata: 0000b1cc, rs2_addr:  2, rs2_rdata: 0000b5ce, rd_addr: 10, rd_wdata: 0000b234, mem_addr: 0000b234, mem_rdata: 00000000, mem_wdata: 0000001c
0000000000000008
ClkCycle:       8863, pc_rdata: 0000857c, pc_wdata: 0000857e, insn: 0001cd4c, mode: 3, rs1_addr: 10, rs1_rdata: 0000b250, rs2_addr: 11, rs2_rdata: 00000008, rd_addr: 28, rd_wdata: 0000b250, mem_addr: 0000b250, mem_rdata: 00000000, mem_wdata: 00000008
ClkCycle:       8864, pc_rdata: 0000857e, pc_wdata: 00008582, insn: 0001cd4c, mode: 3, rs1_addr:  0, rs1_rdata: 00000000, rs2_addr:  0, rs2_rdata: 00000000, rd_addr:  0, rd_wdata: 00000000, mem_addr: 00000000, mem_rdata: 00000000, mem_wdata: 00000000
ClkCycle:       8865, pc_rdata: 00008582, pc_wdata: 00008584, insn: 95930010, mode: 3, rs1_addr:  0, rs1_rdata: 00000000, rs2_addr:  0, rs2_rdata: 00000000, rd_addr:  0, rd_wdata: 00000000, mem_addr: 00000000, mem_rdata: 00000000, mem_wdata: 00000000
ClkCycle:       8866, pc_rdata: 00008584, pc_wdata: 00008586, insn: 95930010, mode: 3, rs1_addr:  2, rs1_rdata: 0000001c, rs2_addr:  0, rs2_rdata: 00000000, rd_addr: 12, rd_wdata: 0000001c, mem_addr: 0000001c, mem_rdata: 00000000, mem_wdata: 00000000
ClkCycle:       8867, pc_rdata: 00008586, pc_wdata: 0000858a, insn: 95930010, mode: 3, rs1_addr:  0, rs1_rdata: 00000000, rs2_addr:  0, rs2_rdata: 00000000, rd_addr:  0, rd_wdata: 00000000, mem_addr: 00000000, mem_rdata: 00000000, mem_wdata: 00000000
ClkCycle:       8868, pc_rdata: 0000858a, pc_wdata: 0000858e, insn: 01131400, mode: 3, rs1_addr:  1, rs1_rdata: 0000b118, rs2_addr:  0, rs2_rdata: 00000000, rd_addr: 11, rd_wdata: 0000b118, mem_addr: 0000b118, mem_rdata: 00000000, mem_wdata: 00000000
ClkCycle:       8869, pc_rdata: 0000858e, pc_wdata: 00008592, insn: 01131400, mode: 3, rs1_addr:  0, rs1_rdata: 00000000, rs2_addr:  0, rs2_rdata: 00000000, rd_addr:  0, rd_wdata: 00000000, mem_addr: 00000000, mem_rdata: 00000000, mem_wdata: 00000000
ClkCycle:       8870, pc_rdata: 00008592, pc_wdata: 00008596, insn: cd6c4025, mode: 3, rs1_addr: 10, rs1_rdata: 0000b234, rs2_addr:  2, rs2_rdata: 0000001c, rd_addr:  2, rd_wdata: 0000b636, mem_addr: 0000b636, mem_rdata: 00000000, mem_wdata: 0000001c
ClkCycle:       8871, pc_rdata: 00008596, pc_wdata: 0000859a, insn: cd6c4025, mode: 3, rs1_addr:  0, rs1_rdata: 00000000, rs2_addr:  0, rs2_rdata: 00000000, rd_addr:  0, rd_wdata: 00000000, mem_addr: 00000000, mem_rdata: 00000000, mem_wdata: 00000000
000000010000b118
ClkCycle:       8872, pc_rdata: 0000859a, pc_wdata: 0000859c, insn: 00100593, mode: 3, rs1_addr: 10, rs1_rdata: 0000b234, rs2_addr: 11, rs2_rdata: 0000b118, rd_addr: 28, rd_wdata: 0000b290, mem_addr: 0000b290, mem_rdata: 00000000, mem_wdata: 0000b118
ClkCycle:       8873, pc_rdata: 0000859c, pc_wdata: 000085a0, insn: 00100593, mode: 3, rs1_addr:  0, rs1_rdata: 00000000, rs2_addr:  1, rs2_rdata: 0000b118, rd_addr: 11, rd_wdata: 00000001, mem_addr: 00000001, mem_rdata: 00000000, mem_wdata: 0000b118
ClkCycle:       8874, pc_rdata: 000085a0, pc_wdata: 000085a4, insn: 02559593, mode: 3, rs1_addr: 11, rs1_rdata: 0000b118, rs2_addr:  5, rs2_rdata: eedbfbff, rd_addr: 11, rd_wdata: 00000020, mem_addr: 00000020, mem_rdata: 00000000, mem_wdata: eedbfbff
ClkCycle:       8875, pc_rdata: 000085a4, pc_wdata: 000085a8, insn: 14808513, mode: 3, rs1_addr:  1, rs1_rdata: 0000b118, rs2_addr:  8, rs2_rdata: 00000000, rd_addr: 10, rd_wdata: 0000b260, mem_addr: 0000b260, mem_rdata: 00000000, mem_wdata: 00000000
ClkCycle:       8876, pc_rdata: 000085a8, pc_wdata: 000085ac, insn: 04c00113, mode: 3, rs1_addr:  0, rs1_rdata: 00000000, rs2_addr: 12, rs2_rdata: 0000001c, rd_addr:  2, rd_wdata: 0000004c, mem_addr: 0000004c, mem_rdata: 00000000, mem_wdata: 0000001c
ClkCycle:       8877, pc_rdata: 000085ac, pc_wdata: 000085b0, insn: 40250533, mode: 3, rs1_addr: 10, rs1_rdata: 0000b234, rs2_addr:  2, rs2_rdata: 0000b636, rd_addr: 10, rd_wdata: 0000b214, mem_addr: 0000b214, mem_rdata: 00000000, mem_wdata: 0000004c
0000000000000020
ClkCycle:       8878, pc_rdata: 000085b0, pc_wdata: 000085b2, insn: 0001c56c, mode: 3, rs1_addr: 10, rs1_rdata: 0000b260, rs2_addr: 11, rs2_rdata: 00000020, rd_addr: 12, rd_wdata: 0000b260, mem_addr: 0000b260, mem_rdata: 00000000, mem_wdata: 00000020
ClkCycle:       8879, pc_rdata: 000085b2, pc_wdata: 000085b6, insn: 0001c56c, mode: 3, rs1_addr:  0, rs1_rdata: 00000000, rs2_addr:  0, rs2_rdata: 00000000, rd_addr:  0, rd_wdata: 00000000, mem_addr: 00000000, mem_rdata: 00000000, mem_wdata: 00000000
ClkCycle:       8880, pc_rdata: 000085b6, pc_wdata: 000085b8, insn: 95930010, mode: 3, rs1_addr:  0, rs1_rdata: 00000000, rs2_addr:  0, rs2_rdata: 00000000, rd_addr:  0, rd_wdata: 00000000, mem_addr: 00000000, mem_rdata: 00000000, mem_wdata: 00000000
ClkCycle:       8881, pc_rdata: 000085b8, pc_wdata: 000085ba, insn: 95930010, mode: 3, rs1_addr:  2, rs1_rdata: 0000004c, rs2_addr:  0, rs2_rdata: 00000000, rd_addr: 12, rd_wdata: 0000004c, mem_addr: 0000004c, mem_rdata: 00000000, mem_wdata: 00000000
ClkCycle:       8882, pc_rdata: 000085ba, pc_wdata: 000085be, insn: 95930010, mode: 3, rs1_addr:  0, rs1_rdata: 00000000, rs2_addr:  0, rs2_rdata: 00000000, rd_addr:  0, rd_wdata: 00000000, mem_addr: 00000000, mem_rdata: 00000000, mem_wdata: 00000000
ClkCycle:       8883, pc_rdata: 000085be, pc_wdata: 000085c2, insn: 01131500, mode: 3, rs1_addr:  1, rs1_rdata: 0000b118, rs2_addr: 16, rs2_rdata: 7d5bfddb, rd_addr: 11, rd_wdata: b1180000, mem_addr: b1180000, mem_rdata: 00000000, mem_wdata: 7d5bfddb
ClkCycle:       8884, pc_rdata: 000085c2, pc_wdata: 000085c6, insn: 01131500, mode: 3, rs1_addr:  0, rs1_rdata: 00000000, rs2_addr:  0, rs2_rdata: 00000000, rd_addr:  0, rd_wdata: 00000000, mem_addr: 00000000, mem_rdata: 00000000, mem_wdata: 00000000
ClkCycle:       8885, pc_rdata: 000085c6, pc_wdata: 000085ca, insn: d96c4025, mode: 3, rs1_addr: 10, rs1_rdata: 0000b214, rs2_addr:  2, rs2_rdata: 0000004c, rd_addr:  2, rd_wdata: 0000b616, mem_addr: 0000b616, mem_rdata: 00000000, mem_wdata: 0000004c
ClkCycle:       8886, pc_rdata: 000085ca, pc_wdata: 000085ce, insn: d96c4025, mode: 3, rs1_addr:  0, rs1_rdata: 00000000, rs2_addr:  0, rs2_rdata: 00000000, rd_addr:  0, rd_wdata: 00000000, mem_addr: 00000000, mem_rdata: 00000000, mem_wdata: 00000000
00010000b1180000
ClkCycle:       8887, pc_rdata: 000085ce, pc_wdata: 000085d0, insn: 00100593, mode: 3, rs1_addr: 10, rs1_rdata: 0000b214, rs2_addr: 11, rs2_rdata: b1180000, rd_addr: 20, rd_wdata: 0000b288, mem_addr: 0000b288, mem_rdata: 00000000, mem_wdata: b1180000
ClkCycle:       8888, pc_rdata: 000085d0, pc_wdata: 000085d4, insn: 00100593, mode: 3, rs1_addr:  0, rs1_rdata: 00000000, rs2_addr:  1, rs2_rdata: 0000b118, rd_addr: 11, rd_wdata: 00000001, mem_addr: 00000001, mem_rdata: 00000000, mem_wdata: 0000b118
ClkCycle:       8889, pc_rdata: 000085d4, pc_wdata: 000085d8, insn: 02759593, mode: 3, rs1_addr: 11, rs1_rdata: b1180000, rs2_addr:  7, rs2_rdata: 003fbb6f, rd_addr: 11, rd_wdata: 00000080, mem_addr: 00000080, mem_rdata: 00000000, mem_wdata: 003fbb6f
ClkCycle:       8890, pc_rdata: 000085d8, pc_wdata: 000085dc, insn: 15808513, mode: 3, rs1_addr:  1, rs1_rdata: 0000b118, rs2_addr: 24, rs2_rdata: 0000007d, rd_addr: 10, rd_wdata: 0000b270, mem_addr: 0000b270, mem_rdata: 00000000, mem_wdata: 0000007d
ClkCycle:       8891, pc_rdata: 000085dc, pc_wdata: 000085e0, insn: 00400113, mode: 3, rs1_addr:  0, rs1_rdata: 00000000, rs2_addr:  4, rs2_rdata: 6dfdffff, rd_addr:  2, rd_wdata: 00000004, mem_addr: 00000004, mem_rdata: 00000000, mem_wdata: 6dfdffff
ClkCycle:       8892, pc_rdata: 000085e0, pc_wdata: 000085e4, insn: 40250533, mode: 3, rs1_addr: 10, rs1_rdata: 0000b214, rs2_addr:  2, rs2_rdata: 0000b616, rd_addr: 10, rd_wdata: 0000b26c, mem_addr: 0000b26c, mem_rdata: 00000000, mem_wdata: 00000004
0000000000000080
ClkCycle:       8893, pc_rdata: 000085e4, pc_wdata: 000085e6, insn: 0001c14c, mode: 3, rs1_addr: 10, rs1_rdata: 0000b270, rs2_addr: 11, rs2_rdata: 00000080, rd_addr:  4, rd_wdata: 0000b270, mem_addr: 0000b270, mem_rdata: 00000000, mem_wdata: 00000080
ClkCycle:       8894, pc_rdata: 000085e6, pc_wdata: 000085ea, insn: 0001c14c, mode: 3, rs1_addr:  0, rs1_rdata: 00000000, rs2_addr:  0, rs2_rdata: 00000000, rd_addr:  0, rd_wdata: 00000000, mem_addr: 00000000, mem_rdata: 00000000, mem_wdata: 00000000
ClkCycle:       8895, pc_rdata: 000085ea, pc_wdata: 000085ec, insn: 95930010, mode: 3, rs1_addr:  0, rs1_rdata: 00000000, rs2_addr:  0, rs2_rdata: 00000000, rd_addr:  0, rd_wdata: 00000000, mem_addr: 00000000, mem_rdata: 00000000, mem_wdata: 00000000
ClkCycle:       8896, pc_rdata: 000085ec, pc_wdata: 000085ee, insn: 95930010, mode: 3, rs1_addr:  2, rs1_rdata: 00000004, rs2_addr:  0, rs2_rdata: 00000000, rd_addr: 12, rd_wdata: 00000004, mem_addr: 00000004, mem_rdata: 00000000, mem_wdata: 00000000
ClkCycle:       8897, pc_rdata: 000085ee, pc_wdata: 000085f2, insn: 95930010, mode: 3, rs1_addr:  0, rs1_rdata: 00000000, rs2_addr:  0, rs2_rdata: 00000000, rd_addr:  0, rd_wdata: 00000000, mem_addr: 00000000, mem_rdata: 00000000, mem_wdata: 00000000
ClkCycle:       8898, pc_rdata: 000085f2, pc_wdata: 000085f6, insn: 01131600, mode: 3, rs1_addr:  1, rs1_rdata: 0000b118, rs2_addr:  0, rs2_rdata: 00000000, rd_addr: 11, rd_wdata: 0000b118, mem_addr: 0000b118, mem_rdata: 00000000, mem_wdata: 00000000
ClkCycle:       8899, pc_rdata: 000085f6, pc_wdata: 000085fa, insn: 01131600, mode: 3, rs1_addr:  0, rs1_rdata: 00000000, rs2_addr:  0, rs2_rdata: 00000000, rd_addr:  0, rd_wdata: 00000000, mem_addr: 00000000, mem_rdata: 00000000, mem_wdata: 00000000
ClkCycle:       8900, pc_rdata: 000085fa, pc_wdata: 000085fe, insn: c96c4025, mode: 3, rs1_addr: 10, rs1_rdata: 0000b26c, rs2_addr:  2, rs2_rdata: 00000004, rd_addr:  2, rd_wdata: 0000b66e, mem_addr: 0000b66e, mem_rdata: 00000000, mem_wdata: 00000004
ClkCycle:       8901, pc_rdata: 000085fe, pc_wdata: 00008602, insn: c96c4025, mode: 3, rs1_addr:  0, rs1_rdata: 00000000, rs2_addr:  0, rs2_rdata: 00000000, rd_addr:  0, rd_wdata: 00000000, mem_addr: 00000000, mem_rdata: 00000000, mem_wdata: 00000000
000000010000b118
ClkCycle:       8902, pc_rdata: 00008602, pc_wdata: 00008604, insn: 00100593, mode: 3, rs1_addr: 10, rs1_rdata: 0000b26c, rs2_addr: 11, rs2_rdata: 0000b118, rd_addr: 20, rd_wdata: 0000b2c0, mem_addr: 0000b2c0, mem_rdata: 00000000, mem_wdata: 0000b118
ClkCycle:       8903, pc_rdata: 00008604, pc_wdata: 00008608, insn: 00100593, mode: 3, rs1_addr:  0, rs1_rdata: 00000000, rs2_addr:  1, rs2_rdata: 0000b118, rd_addr: 11, rd_wdata: 00000001, mem_addr: 00000001, mem_rdata: 00000000, mem_wdata: 0000b118
ClkCycle:       8904, pc_rdata: 00008608, pc_wdata: 0000860c, insn: 02959593, mode: 3, rs1_addr: 11, rs1_rdata: 0000b118, rs2_addr:  9, rs2_rdata: 000000fe, rd_addr: 11, rd_wdata: 00000200, mem_addr: 00000200, mem_rdata: 00000000, mem_wdata: 000000fe
ClkCycle:       8905, pc_rdata: 0000860c, pc_wdata: 00008610, insn: 16808513, mode: 3, rs1_addr:  1, rs1_rdata: 0000b118, rs2_addr:  8, rs2_rdata: 00000000, rd_addr: 10, rd_wdata: 0000b280, mem_addr: 0000b280, mem_rdata: 00000000, mem_wdata: 00000000
ClkCycle:       8906, pc_rdata: 00008610, pc_wdata: 00008614, insn: 04400113, mode: 3, rs1_addr:  0, rs1_rdata: 00000000, rs2_addr:  4, rs2_rdata: 6dfdffff, rd_addr:  2, rd_wdata: 00000044, mem_addr: 00000044, mem_rdata: 00000000, mem_wdata: 6dfdffff
ClkCycle:       8907, pc_rdata: 00008614, pc_wdata: 00008618, insn: 40250533, mode: 3, rs1_addr: 10, rs1_rdata: 0000b26c, rs2_addr:  2, rs2_rdata: 0000b66e, rd_addr: 10, rd_wdata: 0000b23c, mem_addr: 0000b23c, mem_rdata: 00000000, mem_wdata: 00000044
0000000000000200
ClkCycle:       8908, pc_rdata: 00008618, pc_wdata: 0000861a, insn: 0001c16c, mode: 3, rs1_addr: 10, rs1_rdata: 0000b280, rs2_addr: 11, rs2_rdata: 00000200, rd_addr:  4, rd_wdata: 0000b280, mem_addr: 0000b280, mem_rdata: 00000000, mem_wdata: 00000200
ClkCycle:       8909, pc_rdata: 0000861a, pc_wdata: 0000861e, insn: 0001c16c, mode: 3, rs1_addr:  0, rs1_rdata: 00000000, rs2_addr:  0, rs2_rdata: 00000000, rd_addr:  0, rd_wdata: 00000000, mem_addr: 00000000, mem_rdata: 00000000, mem_wdata: 00000000
ClkCycle:       8910, pc_rdata: 0000861e, pc_wdata: 00008620, insn: 95930010, mode: 3, rs1_addr:  0, rs1_rdata: 00000000, rs2_addr:  0, rs2_rdata: 00000000, rd_addr:  0, rd_wdata: 00000000, mem_addr: 00000000, mem_rdata: 00000000, mem_wdata: 00000000
ClkCycle:       8911, pc_rdata: 00008620, pc_wdata: 00008622, insn: 95930010, mode: 3, rs1_addr:  2, rs1_rdata: 00000044, rs2_addr:  0, rs2_rdata: 00000000, rd_addr: 12, rd_wdata: 00000044, mem_addr: 00000044, mem_rdata: 00000000, mem_wdata: 00000000
ClkCycle:       8912, pc_rdata: 00008622, pc_wdata: 00008626, insn: 95930010, mode: 3, rs1_addr:  0, rs1_rdata: 00000000, rs2_addr:  0, rs2_rdata: 00000000, rd_addr:  0, rd_wdata: 00000000, mem_addr: 00000000, mem_rdata: 00000000, mem_wdata: 00000000
ClkCycle:       8913, pc_rdata: 00008626, pc_wdata: 0000862a, insn: 01131700, mode: 3, rs1_addr:  1, rs1_rdata: 0000b118, rs2_addr: 16, rs2_rdata: 7d5bfddb, rd_addr: 11, rd_wdata: b1180000, mem_addr: b1180000, mem_rdata: 00000000, mem_wdata: 7d5bfddb
ClkCycle:       8914, pc_rdata: 0000862a, pc_wdata: 0000862e, insn: 01131700, mode: 3, rs1_addr:  0, rs1_rdata: 00000000, rs2_addr:  0, rs2_rdata: 00000000, rd_addr:  0, rd_wdata: 00000000, mem_addr: 00000000, mem_rdata: 00000000, mem_wdata: 00000000
ClkCycle:       8915, pc_rdata: 0000862e, pc_wdata: 00008632, insn: d94c4025, mode: 3, rs1_addr: 10, rs1_rdata: 0000b23c, rs2_addr:  2, rs2_rdata: 00000044, rd_addr:  2, rd_wdata: 0000b63e, mem_addr: 0000b63e, mem_rdata: 00000000, mem_wdata: 00000044
ClkCycle:       8916, pc_rdata: 00008632, pc_wdata: 00008636, insn: d94c4025, mode: 3, rs1_addr:  0, rs1_rdata: 00000000, rs2_addr:  0, rs2_rdata: 00000000, rd_addr:  0, rd_wdata: 00000000, mem_addr: 00000000, mem_rdata: 00000000, mem_wdata: 00000000
00010000b1180000
ClkCycle:       8917, pc_rdata: 00008636, pc_wdata: 00008638, insn: 00100593, mode: 3, rs1_addr: 10, rs1_rdata: 0000b23c, rs2_addr: 11, rs2_rdata: b1180000, rd_addr: 20, rd_wdata: 0000b270, mem_addr: 0000b270, mem_rdata: 00000000, mem_wdata: b1180000
ClkCycle:       8918, pc_rdata: 00008638, pc_wdata: 0000863c, insn: 00100593, mode: 3, rs1_addr:  0, rs1_rdata: 00000000, rs2_addr:  1, rs2_rdata: 0000b118, rd_addr: 11, rd_wdata: 00000001, mem_addr: 00000001, mem_rdata: 00000000, mem_wdata: 0000b118
ClkCycle:       8919, pc_rdata: 0000863c, pc_wdata: 00008640, insn: 02b59593, mode: 3, rs1_addr: 11, rs1_rdata: b1180000, rs2_addr: 11, rs2_rdata: b1180000, rd_addr: 11, rd_wdata: 00000800, mem_addr: 00000800, mem_rdata: 00000000, mem_wdata: 00000001
ClkCycle:       8920, pc_rdata: 00008640, pc_wdata: 00008644, insn: 17808513, mode: 3, rs1_addr:  1, rs1_rdata: 0000b118, rs2_addr: 24, rs2_rdata: 0000007d, rd_addr: 10, rd_wdata: 0000b290, mem_addr: 0000b290, mem_rdata: 00000000, mem_wdata: 0000007d
ClkCycle:       8921, pc_rdata: 00008644, pc_wdata: 00008648, insn: 01400113, mode: 3, rs1_addr:  0, rs1_rdata: 00000000, rs2_addr: 20, rs2_rdata: d5bfff6f, rd_addr:  2, rd_wdata: 00000014, mem_addr: 00000014, mem_rdata: 00000000, mem_wdata: d5bfff6f
ClkCycle:       8922, pc_rdata: 00008648, pc_wdata: 0000864c, insn: 40250533, mode: 3, rs1_addr: 10, rs1_rdata: 0000b23c, rs2_addr:  2, rs2_rdata: 0000b63e, rd_addr: 10, rd_wdata: 0000b27c, mem_addr: 0000b27c, mem_rdata: 00000000, mem_wdata: 00000014
0000000000000800
ClkCycle:       8923, pc_rdata: 0000864c, pc_wdata: 0000864e, insn: 0001c94c, mode: 3, rs1_addr: 10, rs1_rdata: 0000b290, rs2_addr: 11, rs2_rdata: 00000800, rd_addr: 20, rd_wdata: 0000b290, mem_addr: 0000b290, mem_rdata: 00000000, mem_wdata: 00000800
ClkCycle:       8924, pc_rdata: 0000864e, pc_wdata: 00008652, insn: 0001c94c, mode: 3, rs1_addr:  0, rs1_rdata: 00000000, rs2_addr:  0, rs2_rdata: 00000000, rd_addr:  0, rd_wdata: 00000000, mem_addr: 00000000, mem_rdata: 00000000, mem_wdata: 00000000
ClkCycle:       8925, pc_rdata: 00008652, pc_wdata: 00008654, insn: 95930010, mode: 3, rs1_addr:  0, rs1_rdata: 00000000, rs2_addr:  0, rs2_rdata: 00000000, rd_addr:  0, rd_wdata: 00000000, mem_addr: 00000000, mem_rdata: 00000000, mem_wdata: 00000000
ClkCycle:       8926, pc_rdata: 00008654, pc_wdata: 00008656, insn: 95930010, mode: 3, rs1_addr:  2, rs1_rdata: 00000014, rs2_addr:  0, rs2_rdata: 00000000, rd_addr: 12, rd_wdata: 00000014, mem_addr: 00000014, mem_rdata: 00000000, mem_wdata: 00000000
ClkCycle:       8927, pc_rdata: 00008656, pc_wdata: 0000865a, insn: 95930010, mode: 3, rs1_addr:  0, rs1_rdata: 00000000, rs2_addr:  0, rs2_rdata: 00000000, rd_addr:  0, rd_wdata: 00000000, mem_addr: 00000000, mem_rdata: 00000000, mem_wdata: 00000000
ClkCycle:       8928, pc_rdata: 0000865a, pc_wdata: 0000865e, insn: 01131800, mode: 3, rs1_addr:  1, rs1_rdata: 0000b118, rs2_addr:  0, rs2_rdata: 00000000, rd_addr: 11, rd_wdata: 0000b118, mem_addr: 0000b118, mem_rdata: 00000000, mem_wdata: 00000000
ClkCycle:       8929, pc_rdata: 0000865e, pc_wdata: 00008662, insn: 01131800, mode: 3, rs1_addr:  0, rs1_rdata: 00000000, rs2_addr:  0, rs2_rdata: 00000000, rd_addr:  0, rd_wdata: 00000000, mem_addr: 00000000, mem_rdata: 00000000, mem_wdata: 00000000
ClkCycle:       8930, pc_rdata: 00008662, pc_wdata: 00008666, insn: d50c4025, mode: 3, rs1_addr: 10, rs1_rdata: 0000b27c, rs2_addr:  2, rs2_rdata: 00000014, rd_addr:  2, rd_wdata: 0000b67e, mem_addr: 0000b67e, mem_rdata: 00000000, mem_wdata: 00000014
ClkCycle:       8931, pc_rdata: 00008666, pc_wdata: 0000866a, insn: d50c4025, mode: 3, rs1_addr:  0, rs1_rdata: 00000000, rs2_addr:  0, rs2_rdata: 00000000, rd_addr:  0, rd_wdata: 00000000, mem_addr: 00000000, mem_rdata: 00000000, mem_wdata: 00000000
000000010000b118
ClkCycle:       8932, pc_rdata: 0000866a, pc_wdata: 0000866c, insn: 00100593, mode: 3, rs1_addr: 10, rs1_rdata: 0000b27c, rs2_addr: 11, rs2_rdata: 0000b118, rd_addr:  8, rd_wdata: 0000b2a4, mem_addr: 0000b2a4, mem_rdata: 00000000, mem_wdata: 0000b118
ClkCycle:       8933, pc_rdata: 0000866c, pc_wdata: 00008670, insn: 00100593, mode: 3, rs1_addr:  0, rs1_rdata: 00000000, rs2_addr:  1, rs2_rdata: 0000b118, rd_addr: 11, rd_wdata: 00000001, mem_addr: 00000001, mem_rdata: 00000000, mem_wdata: 0000b118
ClkCycle:       8934, pc_rdata: 00008670, pc_wdata: 00008674, insn: 02d59593, mode: 3, rs1_addr: 11, rs1_rdata: 0000b118, rs2_addr: 13, rs2_rdata: feffffbf, rd_addr: 11, rd_wdata: 00002000, mem_addr: 00002000, mem_rdata: 00000000, mem_wdata: feffffbf
ClkCycle:       8935, pc_rdata: 00008674, pc_wdata: 00008678, insn: 18808513, mode: 3, rs1_addr:  1, rs1_rdata: 0000b118, rs2_addr:  8, rs2_rdata: 00000000, rd_addr: 10, rd_wdata: 0000b2a0, mem_addr: 0000b2a0, mem_rdata: 00000000, mem_wdata: 00000000
ClkCycle:       8936, pc_rdata: 00008678, pc_wdata: 0000867c, insn: 01c00113, mode: 3, rs1_addr:  0, rs1_rdata: 00000000, rs2_addr: 28, rs2_rdata: 00000000, rd_addr:  2, rd_wdata: 0000001c, mem_addr: 0000001c, mem_rdata: 00000000, mem_wdata: 00000000
ClkCycle:       8937, pc_rdata: 0000867c, pc_wdata: 00008680, insn: 40250533, mode: 3, rs1_addr: 10, rs1_rdata: 0000b27c, rs2_addr:  2, rs2_rdata: 0000b67e, rd_addr: 10, rd_wdata: 0000b284, mem_addr: 0000b284, mem_rdata: 00000000, mem_wdata: 0000001c
0000000000002000
ClkCycle:       8938, pc_rdata: 00008680, pc_wdata: 00008682, insn: 0001cd4c, mode: 3, rs1_addr: 10, rs1_rdata: 0000b2a0, rs2_addr: 11, rs2_rdata: 00002000, rd_addr: 28, rd_wdata: 0000b2a0, mem_addr: 0000b2a0, mem_rdata: 00000000, mem_wdata: 00002000
ClkCycle:       8939, pc_rdata: 00008682, pc_wdata: 00008686, insn: 0001cd4c, mode: 3, rs1_addr:  0, rs1_rdata: 00000000, rs2_addr:  0, rs2_rdata: 00000000, rd_addr:  0, rd_wdata: 00000000, mem_addr: 00000000, mem_rdata: 00000000, mem_wdata: 00000000
ClkCycle:       8940, pc_rdata: 00008686, pc_wdata: 00008688, insn: 95930010, mode: 3, rs1_addr:  0, rs1_rdata: 00000000, rs2_addr:  0, rs2_rdata: 00000000, rd_addr:  0, rd_wdata: 00000000, mem_addr: 00000000, mem_rdata: 00000000, mem_wdata: 00000000
ClkCycle:       8941, pc_rdata: 00008688, pc_wdata: 0000868a, insn: 95930010, mode: 3, rs1_addr:  2, rs1_rdata: 0000001c, rs2_addr:  0, rs2_rdata: 00000000, rd_addr: 12, rd_wdata: 0000001c, mem_addr: 0000001c, mem_rdata: 00000000, mem_wdata: 00000000
ClkCycle:       8942, pc_rdata: 0000868a, pc_wdata: 0000868e, insn: 95930010, mode: 3, rs1_addr:  0, rs1_rdata: 00000000, rs2_addr:  0, rs2_rdata: 00000000, rd_addr:  0, rd_wdata: 00000000, mem_addr: 00000000, mem_rdata: 00000000, mem_wdata: 00000000
ClkCycle:       8943, pc_rdata: 0000868e, pc_wdata: 00008692, insn: 01131900, mode: 3, rs1_addr:  1, rs1_rdata: 0000b118, rs2_addr: 16, rs2_rdata: 7d5bfddb, rd_addr: 11, rd_wdata: b1180000, mem_addr: b1180000, mem_rdata: 00000000, mem_wdata: 7d5bfddb
ClkCycle:       8944, pc_rdata: 00008692, pc_wdata: 00008696, insn: 01131900, mode: 3, rs1_addr:  0, rs1_rdata: 00000000, rs2_addr:  0, rs2_rdata: 00000000, rd_addr:  0, rd_wdata: 00000000, mem_addr: 00000000, mem_rdata: 00000000, mem_wdata: 00000000
ClkCycle:       8945, pc_rdata: 00008696, pc_wdata: 0000869a, insn: d56c4025, mode: 3, rs1_addr: 10, rs1_rdata: 0000b284, rs2_addr:  2, rs2_rdata: 0000001c, rd_addr:  2, rd_wdata: 0000b686, mem_addr: 0000b686, mem_rdata: 00000000, mem_wdata: 0000001c
ClkCycle:       8946, pc_rdata: 0000869a, pc_wdata: 0000869e, insn: d56c4025, mode: 3, rs1_addr:  0, rs1_rdata: 00000000, rs2_addr:  0, rs2_rdata: 00000000, rd_addr:  0, rd_wdata: 00000000, mem_addr: 00000000, mem_rdata: 00000000, mem_wdata: 00000000
00010000b1180000
ClkCycle:       8947, pc_rdata: 0000869e, pc_wdata: 000086a0, insn: 00100593, mode: 3, rs1_addr: 10, rs1_rdata: 0000b284, rs2_addr: 11, rs2_rdata: b1180000, rd_addr: 12, rd_wdata: 0000b2f0, mem_addr: 0000b2f0, mem_rdata: 00000000, mem_wdata: b1180000
ClkCycle:       8948, pc_rdata: 000086a0, pc_wdata: 000086a4, insn: 00100593, mode: 3, rs1_addr:  0, rs1_rdata: 00000000, rs2_addr:  1, rs2_rdata: 0000b118, rd_addr: 11, rd_wdata: 00000001, mem_addr: 00000001, mem_rdata: 00000000, mem_wdata: 0000b118
ClkCycle:       8949, pc_rdata: 000086a4, pc_wdata: 000086a8, insn: 02f59593, mode: 3, rs1_addr: 11, rs1_rdata: b1180000, rs2_addr: 15, rs2_rdata: 00000000, rd_addr: 11, rd_wdata: 00008000, mem_addr: 00008000, mem_rdata: 00000000, mem_wdata: 00000000
ClkCycle:       8950, pc_rdata: 000086a8, pc_wdata: 000086ac, insn: 19808513, mode: 3, rs1_addr:  1, rs1_rdata: 0000b118, rs2_addr: 24, rs2_rdata: 0000007d, rd_addr: 10, rd_wdata: 0000b2b0, mem_addr: 0000b2b0, mem_rdata: 00000000, mem_wdata: 0000007d
ClkCycle:       8951, pc_rdata: 000086ac, pc_wdata: 000086b0, insn: 00800113, mode: 3, rs1_addr:  0, rs1_rdata: 00000000, rs2_addr:  8, rs2_rdata: 00000000, rd_addr:  2, rd_wdata: 00000008, mem_addr: 00000008, mem_rdata: 00000000, mem_wdata: 00000000
ClkCycle:       8952, pc_rdata: 000086b0, pc_wdata: 000086b4, insn: 40250533, mode: 3, rs1_addr: 10, rs1_rdata: 0000b284, rs2_addr:  2, rs2_rdata: 0000b686, rd_addr: 10, rd_wdata: 0000b2a8, mem_addr: 0000b2a8, mem_rdata: 00000000, mem_wdata: 00000008
0000000000008000
ClkCycle:       8953, pc_rdata: 000086b4, pc_wdata: 000086b6, insn: 0001c50c, mode: 3, rs1_addr: 10, rs1_rdata: 0000b2b0, rs2_addr: 11, rs2_rdata: 00008000, rd_addr:  8, rd_wdata: 0000b2b0, mem_addr: 0000b2b0, mem_rdata: 00000000, mem_wdata: 00008000
ClkCycle:       8954, pc_rdata: 000086b6, pc_wdata: 000086ba, insn: 0001c50c, mode: 3, rs1_addr:  0, rs1_rdata: 00000000, rs2_addr:  0, rs2_rdata: 00000000, rd_addr:  0, rd_wdata: 00000000, mem_addr: 00000000, mem_rdata: 00000000, mem_wdata: 00000000
ClkCycle:       8955, pc_rdata: 000086ba, pc_wdata: 000086bc, insn: 95930010, mode: 3, rs1_addr:  0, rs1_rdata: 00000000, rs2_addr:  0, rs2_rdata: 00000000, rd_addr:  0, rd_wdata: 00000000, mem_addr: 00000000, mem_rdata: 00000000, mem_wdata: 00000000
ClkCycle:       8956, pc_rdata: 000086bc, pc_wdata: 000086be, insn: 95930010, mode: 3, rs1_addr:  2, rs1_rdata: 00000008, rs2_addr:  0, rs2_rdata: 00000000, rd_addr: 12, rd_wdata: 00000008, mem_addr: 00000008, mem_rdata: 00000000, mem_wdata: 00000000
ClkCycle:       8957, pc_rdata: 000086be, pc_wdata: 000086c2, insn: 95930010, mode: 3, rs1_addr:  0, rs1_rdata: 00000000, rs2_addr:  0, rs2_rdata: 00000000, rd_addr:  0, rd_wdata: 00000000, mem_addr: 00000000, mem_rdata: 00000000, mem_wdata: 00000000
ClkCycle:       8958, pc_rdata: 000086c2, pc_wdata: 000086c6, insn: 01131a00, mode: 3, rs1_addr:  1, rs1_rdata: 0000b118, rs2_addr:  0, rs2_rdata: 00000000, rd_addr: 11, rd_wdata: 0000b118, mem_addr: 0000b118, mem_rdata: 00000000, mem_wdata: 00000000
ClkCycle:       8959, pc_rdata: 000086c6, pc_wdata: 000086ca, insn: 01131a00, mode: 3, rs1_addr:  0, rs1_rdata: 00000000, rs2_addr:  0, rs2_rdata: 00000000, rd_addr:  0, rd_wdata: 00000000, mem_addr: 00000000, mem_rdata: 00000000, mem_wdata: 00000000
ClkCycle:       8960, pc_rdata: 000086ca, pc_wdata: 000086ce, insn: c90c4025, mode: 3, rs1_addr: 10, rs1_rdata: 0000b2a8, rs2_addr:  2, rs2_rdata: 00000008, rd_addr:  2, rd_wdata: 0000b6aa, mem_addr: 0000b6aa, mem_rdata: 00000000, mem_wdata: 00000008
ClkCycle:       8961, pc_rdata: 000086ce, pc_wdata: 000086d2, insn: c90c4025, mode: 3, rs1_addr:  0, rs1_rdata: 00000000, rs2_addr:  0, rs2_rdata: 00000000, rd_addr:  0, rd_wdata: 00000000, mem_addr: 00000000, mem_rdata: 00000000, mem_wdata: 00000000
000000010000b118
ClkCycle:       8962, pc_rdata: 000086d2, pc_wdata: 000086d4, insn: 00100593, mode: 3, rs1_addr: 10, rs1_rdata: 0000b2a8, rs2_addr: 11, rs2_rdata: 0000b118, rd_addr: 16, rd_wdata: 0000b2b8, mem_addr: 0000b2b8, mem_rdata: 00000000, mem_wdata: 0000b118
ClkCycle:       8963, pc_rdata: 000086d4, pc_wdata: 000086d8, insn: 00100593, mode: 3, rs1_addr:  0, rs1_rdata: 00000000, rs2_addr:  1, rs2_rdata: 0000b118, rd_addr: 11, rd_wdata: 00000001, mem_addr: 00000001, mem_rdata: 00000000, mem_wdata: 0000b118
ClkCycle:       8964, pc_rdata: 000086d8, pc_wdata: 000086dc, insn: 03159593, mode: 3, rs1_addr: 11, rs1_rdata: 0000b118, rs2_addr: 17, rs2_rdata: edffffff, rd_addr: 11, rd_wdata: 00020000, mem_addr: 00020000, mem_rdata: 00000000, mem_wdata: edffffff
ClkCycle:       8965, pc_rdata: 000086dc, pc_wdata: 000086e0, insn: 1a808513, mode: 3, rs1_addr:  1, rs1_rdata: 0000b118, rs2_addr:  8, rs2_rdata: 00000000, rd_addr: 10, rd_wdata: 0000b2c0, mem_addr: 0000b2c0, mem_rdata: 00000000, mem_wdata: 00000000
ClkCycle:       8966, pc_rdata: 000086e0, pc_wdata: 000086e4, insn: 00400113, mode: 3, rs1_addr:  0, rs1_rdata: 00000000, rs2_addr:  4, rs2_rdata: 6dfdffff, rd_addr:  2, rd_wdata: 00000004, mem_addr: 00000004, mem_rdata: 00000000, mem_wdata: 6dfdffff
ClkCycle:       8967, pc_rdata: 000086e4, pc_wdata: 000086e8, insn: 40250533, mode: 3, rs1_addr: 10, rs1_rdata: 0000b2a8, rs2_addr:  2, rs2_rdata: 0000b6aa, rd_addr: 10, rd_wdata: 0000b2bc, mem_addr: 0000b2bc, mem_rdata: 00000000, mem_wdata: 00000004
0000000000020000
ClkCycle:       8968, pc_rdata: 000086e8, pc_wdata: 000086ea, insn: 0001c14c, mode: 3, rs1_addr: 10, rs1_rdata: 0000b2c0, rs2_addr: 11, rs2_rdata: 00020000, rd_addr:  4, rd_wdata: 0000b2c0, mem_addr: 0000b2c0, mem_rdata: 00000000, mem_wdata: 00020000
ClkCycle:       8969, pc_rdata: 000086ea, pc_wdata: 000086ee, insn: 0001c14c, mode: 3, rs1_addr:  0, rs1_rdata: 00000000, rs2_addr:  0, rs2_rdata: 00000000, rd_addr:  0, rd_wdata: 00000000, mem_addr: 00000000, mem_rdata: 00000000, mem_wdata: 00000000
ClkCycle:       8970, pc_rdata: 000086ee, pc_wdata: 000086f0, insn: 95930010, mode: 3, rs1_addr:  0, rs1_rdata: 00000000, rs2_addr:  0, rs2_rdata: 00000000, rd_addr:  0, rd_wdata: 00000000, mem_addr: 00000000, mem_rdata: 00000000, mem_wdata: 00000000
ClkCycle:       8971, pc_rdata: 000086f0, pc_wdata: 000086f2, insn: 95930010, mode: 3, rs1_addr:  2, rs1_rdata: 00000004, rs2_addr:  0, rs2_rdata: 00000000, rd_addr: 12, rd_wdata: 00000004, mem_addr: 00000004, mem_rdata: 00000000, mem_wdata: 00000000
ClkCycle:       8972, pc_rdata: 000086f2, pc_wdata: 000086f6, insn: 95930010, mode: 3, rs1_addr:  0, rs1_rdata: 00000000, rs2_addr:  0, rs2_rdata: 00000000, rd_addr:  0, rd_wdata: 00000000, mem_addr: 00000000, mem_rdata: 00000000, mem_wdata: 00000000
ClkCycle:       8973, pc_rdata: 000086f6, pc_wdata: 000086fa, insn: 01131b00, mode: 3, rs1_addr:  1, rs1_rdata: 0000b118, rs2_addr: 16, rs2_rdata: 7d5bfddb, rd_addr: 11, rd_wdata: b1180000, mem_addr: b1180000, mem_rdata: 00000000, mem_wdata: 7d5bfddb
ClkCycle:       8974, pc_rdata: 000086fa, pc_wdata: 000086fe, insn: 01131b00, mode: 3, rs1_addr:  0, rs1_rdata: 00000000, rs2_addr:  0, rs2_rdata: 00000000, rd_addr:  0, rd_wdata: 00000000, mem_addr: 00000000, mem_rdata: 00000000, mem_wdata: 00000000
ClkCycle:       8975, pc_rdata: 000086fe, pc_wdata: 00008702, insn: d54c4025, mode: 3, rs1_addr: 10, rs1_rdata: 0000b2bc, rs2_addr:  2, rs2_rdata: 00000004, rd_addr:  2, rd_wdata: 0000b6be, mem_addr: 0000b6be, mem_rdata: 00000000, mem_wdata: 00000004
ClkCycle:       8976, pc_rdata: 00008702, pc_wdata: 00008706, insn: d54c4025, mode: 3, rs1_addr:  0, rs1_rdata: 00000000, rs2_addr:  0, rs2_rdata: 00000000, rd_addr:  0, rd_wdata: 00000000, mem_addr: 00000000, mem_rdata: 00000000, mem_wdata: 00000000
00010000b1180000
ClkCycle:       8977, pc_rdata: 00008706, pc_wdata: 00008708, insn: 00100593, mode: 3, rs1_addr: 10, rs1_rdata: 0000b2bc, rs2_addr: 11, rs2_rdata: b1180000, rd_addr: 12, rd_wdata: 0000b2e8, mem_addr: 0000b2e8, mem_rdata: 00000000, mem_wdata: b1180000
ClkCycle:       8978, pc_rdata: 00008708, pc_wdata: 0000870c, insn: 00100593, mode: 3, rs1_addr:  0, rs1_rdata: 00000000, rs2_addr:  1, rs2_rdata: 0000b118, rd_addr: 11, rd_wdata: 00000001, mem_addr: 00000001, mem_rdata: 00000000, mem_wdata: 0000b118
ClkCycle:       8979, pc_rdata: 0000870c, pc_wdata: 00008710, insn: 03359593, mode: 3, rs1_addr: 11, rs1_rdata: b1180000, rs2_addr: 19, rs2_rdata: dfffb7ff, rd_addr: 11, rd_wdata: 00080000, mem_addr: 00080000, mem_rdata: 00000000, mem_wdata: dfffb7ff
ClkCycle:       8980, pc_rdata: 00008710, pc_wdata: 00008714, insn: 1b808513, mode: 3, rs1_addr:  1, rs1_rdata: 0000b118, rs2_addr: 24, rs2_rdata: 0000007d, rd_addr: 10, rd_wdata: 0000b2d0, mem_addr: 0000b2d0, mem_rdata: 00000000, mem_wdata: 0000007d
ClkCycle:       8981, pc_rdata: 00008714, pc_wdata: 00008718, insn: 03c00113, mode: 3, rs1_addr:  0, rs1_rdata: 00000000, rs2_addr: 28, rs2_rdata: 00000000, rd_addr:  2, rd_wdata: 0000003c, mem_addr: 0000003c, mem_rdata: 00000000, mem_wdata: 00000000
ClkCycle:       8982, pc_rdata: 00008718, pc_wdata: 0000871c, insn: 40250533, mode: 3, rs1_addr: 10, rs1_rdata: 0000b2bc, rs2_addr:  2, rs2_rdata: 0000b6be, rd_addr: 10, rd_wdata: 0000b294, mem_addr: 0000b294, mem_rdata: 00000000, mem_wdata: 0000003c
0000000000080000
ClkCycle:       8983, pc_rdata: 0000871c, pc_wdata: 0000871e, insn: 0001dd4c, mode: 3, rs1_addr: 10, rs1_rdata: 0000b2d0, rs2_addr: 11, rs2_rdata: 00080000, rd_addr: 28, rd_wdata: 0000b2d0, mem_addr: 0000b2d0, mem_rdata: 00000000, mem_wdata: 00080000
ClkCycle:       8984, pc_rdata: 0000871e, pc_wdata: 00008722, insn: 0001dd4c, mode: 3, rs1_addr:  0, rs1_rdata: 00000000, rs2_addr:  0, rs2_rdata: 00000000, rd_addr:  0, rd_wdata: 00000000, mem_addr: 00000000, mem_rdata: 00000000, mem_wdata: 00000000
ClkCycle:       8985, pc_rdata: 00008722, pc_wdata: 00008724, insn: 95930010, mode: 3, rs1_addr:  0, rs1_rdata: 00000000, rs2_addr:  0, rs2_rdata: 00000000, rd_addr:  0, rd_wdata: 00000000, mem_addr: 00000000, mem_rdata: 00000000, mem_wdata: 00000000
ClkCycle:       8986, pc_rdata: 00008724, pc_wdata: 00008726, insn: 95930010, mode: 3, rs1_addr:  2, rs1_rdata: 0000003c, rs2_addr:  0, rs2_rdata: 00000000, rd_addr: 12, rd_wdata: 0000003c, mem_addr: 0000003c, mem_rdata: 00000000, mem_wdata: 00000000
ClkCycle:       8987, pc_rdata: 00008726, pc_wdata: 0000872a, insn: 95930010, mode: 3, rs1_addr:  0, rs1_rdata: 00000000, rs2_addr:  0, rs2_rdata: 00000000, rd_addr:  0, rd_wdata: 00000000, mem_addr: 00000000, mem_rdata: 00000000, mem_wdata: 00000000
ClkCycle:       8988, pc_rdata: 0000872a, pc_wdata: 0000872e, insn: 01131c00, mode: 3, rs1_addr:  1, rs1_rdata: 0000b118, rs2_addr:  0, rs2_rdata: 00000000, rd_addr: 11, rd_wdata: 0000b118, mem_addr: 0000b118, mem_rdata: 00000000, mem_wdata: 00000000
ClkCycle:       8989, pc_rdata: 0000872e, pc_wdata: 00008732, insn: 01131c00, mode: 3, rs1_addr:  0, rs1_rdata: 00000000, rs2_addr:  0, rs2_rdata: 00000000, rd_addr:  0, rd_wdata: 00000000, mem_addr: 00000000, mem_rdata: 00000000, mem_wdata: 00000000
ClkCycle:       8990, pc_rdata: 00008732, pc_wdata: 00008736, insn: c16c4025, mode: 3, rs1_addr: 10, rs1_rdata: 0000b294, rs2_addr:  2, rs2_rdata: 0000003c, rd_addr:  2, rd_wdata: 0000b696, mem_addr: 0000b696, mem_rdata: 00000000, mem_wdata: 0000003c
ClkCycle:       8991, pc_rdata: 00008736, pc_wdata: 0000873a, insn: c16c4025, mode: 3, rs1_addr:  0, rs1_rdata: 00000000, rs2_addr:  0, rs2_rdata: 00000000, rd_addr:  0, rd_wdata: 00000000, mem_addr: 00000000, mem_rdata: 00000000, mem_wdata: 00000000
000000010000b118
ClkCycle:       8992, pc_rdata: 0000873a, pc_wdata: 0000873c, insn: 00100593, mode: 3, rs1_addr: 10, rs1_rdata: 0000b294, rs2_addr: 11, rs2_rdata: 0000b118, rd_addr:  4, rd_wdata: 0000b2d8, mem_addr: 0000b2d8, mem_rdata: 00000000, mem_wdata: 0000b118
ClkCycle:       8993, pc_rdata: 0000873c, pc_wdata: 00008740, insn: 00100593, mode: 3, rs1_addr:  0, rs1_rdata: 00000000, rs2_addr:  1, rs2_rdata: 0000b118, rd_addr: 11, rd_wdata: 00000001, mem_addr: 00000001, mem_rdata: 00000000, mem_wdata: 0000b118
ClkCycle:       8994, pc_rdata: 00008740, pc_wdata: 00008744, insn: 03559593, mode: 3, rs1_addr: 11, rs1_rdata: 0000b118, rs2_addr: 21, rs2_rdata: 0fab7ffe, rd_addr: 11, rd_wdata: 00200000, mem_addr: 00200000, mem_rdata: 00000000, mem_wdata: 0fab7ffe
ClkCycle:       8995, pc_rdata: 00008744, pc_wdata: 00008748, insn: 1c808513, mode: 3, rs1_addr:  1, rs1_rdata: 0000b118, rs2_addr:  8, rs2_rdata: 00000000, rd_addr: 10, rd_wdata: 0000b2e0, mem_addr: 0000b2e0, mem_rdata: 00000000, mem_wdata: 00000000
ClkCycle:       8996, pc_rdata: 00008748, pc_wdata: 0000874c, insn: 04000113, mode: 3, rs1_addr:  0, rs1_rdata: 00000000, rs2_addr:  0, rs2_rdata: 00000000, rd_addr:  2, rd_wdata: 00000040, mem_addr: 00000040, mem_rdata: 00000000, mem_wdata: 00000000
ClkCycle:       8997, pc_rdata: 0000874c, pc_wdata: 00008750, insn: 40250533, mode: 3, rs1_addr: 10, rs1_rdata: 0000b294, rs2_addr:  2, rs2_rdata: 0000b696, rd_addr: 10, rd_wdata: 0000b2a0, mem_addr: 0000b2a0, mem_rdata: 00000000, mem_wdata: 00000040
0000000000200000
ClkCycle:       8998, pc_rdata: 00008750, pc_wdata: 00008752, insn: 0001c12c, mode: 3, rs1_addr: 10, rs1_rdata: 0000b2e0, rs2_addr: 11, rs2_rdata: 00200000, rd_addr:  0, rd_wdata: 0000b2e0, mem_addr: 0000b2e0, mem_rdata: 00000000, mem_wdata: 00200000
ClkCycle:       8999, pc_rdata: 00008752, pc_wdata: 00008756, insn: 0001c12c, mode: 3, rs1_addr:  0, rs1_rdata: 00000000, rs2_addr:  0, rs2_rdata: 00000000, rd_addr:  0, rd_wdata: 00000000, mem_addr: 00000000, mem_rdata: 00000000, mem_wdata: 00000000
ClkCycle:       9000, pc_rdata: 00008756, pc_wdata: 00008758, insn: 95930010, mode: 3, rs1_addr:  0, rs1_rdata: 00000000, rs2_addr:  0, rs2_rdata: 00000000, rd_addr:  0, rd_wdata: 00000000, mem_addr: 00000000, mem_rdata: 00000000, mem_wdata: 00000000
ClkCycle:       9001, pc_rdata: 00008758, pc_wdata: 0000875a, insn: 95930010, mode: 3, rs1_addr:  2, rs1_rdata: 00000040, rs2_addr:  0, rs2_rdata: 00000000, rd_addr: 12, rd_wdata: 00000040, mem_addr: 00000040, mem_rdata: 00000000, mem_wdata: 00000000
ClkCycle:       9002, pc_rdata: 0000875a, pc_wdata: 0000875e, insn: 95930010, mode: 3, rs1_addr:  0, rs1_rdata: 00000000, rs2_addr:  0, rs2_rdata: 00000000, rd_addr:  0, rd_wdata: 00000000, mem_addr: 00000000, mem_rdata: 00000000, mem_wdata: 00000000
ClkCycle:       9003, pc_rdata: 0000875e, pc_wdata: 00008762, insn: 01131d00, mode: 3, rs1_addr:  1, rs1_rdata: 0000b118, rs2_addr: 16, rs2_rdata: 7d5bfddb, rd_addr: 11, rd_wdata: b1180000, mem_addr: b1180000, mem_rdata: 00000000, mem_wdata: 7d5bfddb
ClkCycle:       9004, pc_rdata: 00008762, pc_wdata: 00008766, insn: 01131d00, mode: 3, rs1_addr:  0, rs1_rdata: 00000000, rs2_addr:  0, rs2_rdata: 00000000, rd_addr:  0, rd_wdata: 00000000, mem_addr: 00000000, mem_rdata: 00000000, mem_wdata: 00000000
ClkCycle:       9005, pc_rdata: 00008766, pc_wdata: 0000876a, insn: c96c4025, mode: 3, rs1_addr: 10, rs1_rdata: 0000b2a0, rs2_addr:  2, rs2_rdata: 00000040, rd_addr:  2, rd_wdata: 0000b6a2, mem_addr: 0000b6a2, mem_rdata: 00000000, mem_wdata: 00000040
ClkCycle:       9006, pc_rdata: 0000876a, pc_wdata: 0000876e, insn: c96c4025, mode: 3, rs1_addr:  0, rs1_rdata: 00000000, rs2_addr:  0, rs2_rdata: 00000000, rd_addr:  0, rd_wdata: 00000000, mem_addr: 00000000, mem_rdata: 00000000, mem_wdata: 00000000
00010000b1180000
ClkCycle:       9007, pc_rdata: 0000876e, pc_wdata: 00008770, insn: 00100593, mode: 3, rs1_addr: 10, rs1_rdata: 0000b2a0, rs2_addr: 11, rs2_rdata: b1180000, rd_addr: 20, rd_wdata: 0000b2f4, mem_addr: 0000b2f4, mem_rdata: 00000000, mem_wdata: b1180000
ClkCycle:       9008, pc_rdata: 00008770, pc_wdata: 00008774, insn: 00100593, mode: 3, rs1_addr:  0, rs1_rdata: 00000000, rs2_addr:  1, rs2_rdata: 0000b118, rd_addr: 11, rd_wdata: 00000001, mem_addr: 00000001, mem_rdata: 00000000, mem_wdata: 0000b118
ClkCycle:       9009, pc_rdata: 00008774, pc_wdata: 00008778, insn: 03759593, mode: 3, rs1_addr: 11, rs1_rdata: b1180000, rs2_addr: 23, rs2_rdata: 00003ead, rd_addr: 11, rd_wdata: 00800000, mem_addr: 00800000, mem_rdata: 00000000, mem_wdata: 00003ead
ClkCycle:       9010, pc_rdata: 00008778, pc_wdata: 0000877c, insn: 1d808513, mode: 3, rs1_addr:  1, rs1_rdata: 0000b118, rs2_addr: 24, rs2_rdata: 0000007d, rd_addr: 10, rd_wdata: 0000b2f0, mem_addr: 0000b2f0, mem_rdata: 00000000, mem_wdata: 0000007d
ClkCycle:       9011, pc_rdata: 0000877c, pc_wdata: 00008780, insn: 02400113, mode: 3, rs1_addr:  0, rs1_rdata: 00000000, rs2_addr:  4, rs2_rdata: 6dfdffff, rd_addr:  2, rd_wdata: 00000024, mem_addr: 00000024, mem_rdata: 00000000, mem_wdata: 6dfdffff
ClkCycle:       9012, pc_rdata: 00008780, pc_wdata: 00008784, insn: 40250533, mode: 3, rs1_addr: 10, rs1_rdata: 0000b2a0, rs2_addr:  2, rs2_rdata: 0000b6a2, rd_addr: 10, rd_wdata: 0000b2cc, mem_addr: 0000b2cc, mem_rdata: 00000000, mem_wdata: 00000024
0000000000800000
ClkCycle:       9013, pc_rdata: 00008784, pc_wdata: 00008786, insn: 0001d14c, mode: 3, rs1_addr: 10, rs1_rdata: 0000b2f0, rs2_addr: 11, rs2_rdata: 00800000, rd_addr:  4, rd_wdata: 0000b2f0, mem_addr: 0000b2f0, mem_rdata: 00000000, mem_wdata: 00800000
ClkCycle:       9014, pc_rdata: 00008786, pc_wdata: 0000878a, insn: 0001d14c, mode: 3, rs1_addr:  0, rs1_rdata: 00000000, rs2_addr:  0, rs2_rdata: 00000000, rd_addr:  0, rd_wdata: 00000000, mem_addr: 00000000, mem_rdata: 00000000, mem_wdata: 00000000
ClkCycle:       9015, pc_rdata: 0000878a, pc_wdata: 0000878c, insn: 95930010, mode: 3, rs1_addr:  0, rs1_rdata: 00000000, rs2_addr:  0, rs2_rdata: 00000000, rd_addr:  0, rd_wdata: 00000000, mem_addr: 00000000, mem_rdata: 00000000, mem_wdata: 00000000
ClkCycle:       9016, pc_rdata: 0000878c, pc_wdata: 0000878e, insn: 95930010, mode: 3, rs1_addr:  2, rs1_rdata: 00000024, rs2_addr:  0, rs2_rdata: 00000000, rd_addr: 12, rd_wdata: 00000024, mem_addr: 00000024, mem_rdata: 00000000, mem_wdata: 00000000
ClkCycle:       9017, pc_rdata: 0000878e, pc_wdata: 00008792, insn: 95930010, mode: 3, rs1_addr:  0, rs1_rdata: 00000000, rs2_addr:  0, rs2_rdata: 00000000, rd_addr:  0, rd_wdata: 00000000, mem_addr: 00000000, mem_rdata: 00000000, mem_wdata: 00000000
ClkCycle:       9018, pc_rdata: 00008792, pc_wdata: 00008796, insn: 01131e00, mode: 3, rs1_addr:  1, rs1_rdata: 0000b118, rs2_addr:  0, rs2_rdata: 00000000, rd_addr: 11, rd_wdata: 0000b118, mem_addr: 0000b118, mem_rdata: 00000000, mem_wdata: 00000000
ClkCycle:       9019, pc_rdata: 00008796, pc_wdata: 0000879a, insn: 01131e00, mode: 3, rs1_addr:  0, rs1_rdata: 00000000, rs2_addr:  0, rs2_rdata: 00000000, rd_addr:  0, rd_wdata: 00000000, mem_addr: 00000000, mem_rdata: 00000000, mem_wdata: 00000000
ClkCycle:       9020, pc_rdata: 0000879a, pc_wdata: 0000879e, insn: d56c4025, mode: 3, rs1_addr: 10, rs1_rdata: 0000b2cc, rs2_addr:  2, rs2_rdata: 00000024, rd_addr:  2, rd_wdata: 0000b6ce, mem_addr: 0000b6ce, mem_rdata: 00000000, mem_wdata: 00000024
ClkCycle:       9021, pc_rdata: 0000879e, pc_wdata: 000087a2, insn: d56c4025, mode: 3, rs1_addr:  0, rs1_rdata: 00000000, rs2_addr:  0, rs2_rdata: 00000000, rd_addr:  0, rd_wdata: 00000000, mem_addr: 00000000, mem_rdata: 00000000, mem_wdata: 00000000
000000010000b118
ClkCycle:       9022, pc_rdata: 000087a2, pc_wdata: 000087a4, insn: 00100593, mode: 3, rs1_addr: 10, rs1_rdata: 0000b2cc, rs2_addr: 11, rs2_rdata: 0000b118, rd_addr: 12, rd_wdata: 0000b338, mem_addr: 0000b338, mem_rdata: 00000000, mem_wdata: 0000b118
ClkCycle:       9023, pc_rdata: 000087a4, pc_wdata: 000087a8, insn: 00100593, mode: 3, rs1_addr:  0, rs1_rdata: 00000000, rs2_addr:  1, rs2_rdata: 0000b118, rd_addr: 11, rd_wdata: 00000001, mem_addr: 00000001, mem_rdata: 00000000, mem_wdata: 0000b118
ClkCycle:       9024, pc_rdata: 000087a8, pc_wdata: 000087ac, insn: 03959593, mode: 3, rs1_addr: 11, rs1_rdata: 0000b118, rs2_addr: 25, rs2_rdata: 00000000, rd_addr: 11, rd_wdata: 02000000, mem_addr: 02000000, mem_rdata: 00000000, mem_wdata: 00000000
ClkCycle:       9025, pc_rdata: 000087ac, pc_wdata: 000087b0, insn: 1e808513, mode: 3, rs1_addr:  1, rs1_rdata: 0000b118, rs2_addr:  8, rs2_rdata: 00000000, rd_addr: 10, rd_wdata: 0000b300, mem_addr: 0000b300, mem_rdata: 00000000, mem_wdata: 00000000
ClkCycle:       9026, pc_rdata: 000087b0, pc_wdata: 000087b4, insn: 01400113, mode: 3, rs1_addr:  0, rs1_rdata: 00000000, rs2_addr: 20, rs2_rdata: d5bfff6f, rd_addr:  2, rd_wdata: 00000014, mem_addr: 00000014, mem_rdata: 00000000, mem_wdata: d5bfff6f
ClkCycle:       9027, pc_rdata: 000087b4, pc_wdata: 000087b8, insn: 40250533, mode: 3, rs1_addr: 10, rs1_rdata: 0000b2cc, rs2_addr:  2, rs2_rdata: 0000b6ce, rd_addr: 10, rd_wdata: 0000b2ec, mem_addr: 0000b2ec, mem_rdata: 00000000, mem_wdata: 00000014
0000000002000000
ClkCycle:       9028, pc_rdata: 000087b8, pc_wdata: 000087ba, insn: 0001c94c, mode: 3, rs1_addr: 10, rs1_rdata: 0000b300, rs2_addr: 11, rs2_rdata: 02000000, rd_addr: 20, rd_wdata: 0000b300, mem_addr: 0000b300, mem_rdata: 00000000, mem_wdata: 02000000
ClkCycle:       9029, pc_rdata: 000087ba, pc_wdata: 000087be, insn: 0001c94c, mode: 3, rs1_addr:  0, rs1_rdata: 00000000, rs2_addr:  0, rs2_rdata: 00000000, rd_addr:  0, rd_wdata: 00000000, mem_addr: 00000000, mem_rdata: 00000000, mem_wdata: 00000000
ClkCycle:       9030, pc_rdata: 000087be, pc_wdata: 000087c0, insn: 95930010, mode: 3, rs1_addr:  0, rs1_rdata: 00000000, rs2_addr:  0, rs2_rdata: 00000000, rd_addr:  0, rd_wdata: 00000000, mem_addr: 00000000, mem_rdata: 00000000, mem_wdata: 00000000
ClkCycle:       9031, pc_rdata: 000087c0, pc_wdata: 000087c2, insn: 95930010, mode: 3, rs1_addr:  2, rs1_rdata: 00000014, rs2_addr:  0, rs2_rdata: 00000000, rd_addr: 12, rd_wdata: 00000014, mem_addr: 00000014, mem_rdata: 00000000, mem_wdata: 00000000
ClkCycle:       9032, pc_rdata: 000087c2, pc_wdata: 000087c6, insn: 95930010, mode: 3, rs1_addr:  0, rs1_rdata: 00000000, rs2_addr:  0, rs2_rdata: 00000000, rd_addr:  0, rd_wdata: 00000000, mem_addr: 00000000, mem_rdata: 00000000, mem_wdata: 00000000
ClkCycle:       9033, pc_rdata: 000087c6, pc_wdata: 000087ca, insn: 01131f00, mode: 3, rs1_addr:  1, rs1_rdata: 0000b118, rs2_addr: 16, rs2_rdata: 7d5bfddb, rd_addr: 11, rd_wdata: b1180000, mem_addr: b1180000, mem_rdata: 00000000, mem_wdata: 7d5bfddb
ClkCycle:       9034, pc_rdata: 000087ca, pc_wdata: 000087ce, insn: 01131f00, mode: 3, rs1_addr:  0, rs1_rdata: 00000000, rs2_addr:  0, rs2_rdata: 00000000, rd_addr:  0, rd_wdata: 00000000, mem_addr: 00000000, mem_rdata: 00000000, mem_wdata: 00000000
ClkCycle:       9035, pc_rdata: 000087ce, pc_wdata: 000087d2, insn: cd0c4025, mode: 3, rs1_addr: 10, rs1_rdata: 0000b2ec, rs2_addr:  2, rs2_rdata: 00000014, rd_addr:  2, rd_wdata: 0000b6ee, mem_addr: 0000b6ee, mem_rdata: 00000000, mem_wdata: 00000014
ClkCycle:       9036, pc_rdata: 000087d2, pc_wdata: 000087d6, insn: cd0c4025, mode: 3, rs1_addr:  0, rs1_rdata: 00000000, rs2_addr:  0, rs2_rdata: 00000000, rd_addr:  0, rd_wdata: 00000000, mem_addr: 00000000, mem_rdata: 00000000, mem_wdata: 00000000
00010000b1180000
ClkCycle:       9037, pc_rdata: 000087d6, pc_wdata: 000087d8, insn: 00100593, mode: 3, rs1_addr: 10, rs1_rdata: 0000b2ec, rs2_addr: 11, rs2_rdata: b1180000, rd_addr: 24, rd_wdata: 0000b304, mem_addr: 0000b304, mem_rdata: 00000000, mem_wdata: b1180000
ClkCycle:       9038, pc_rdata: 000087d8, pc_wdata: 000087dc, insn: 00100593, mode: 3, rs1_addr:  0, rs1_rdata: 00000000, rs2_addr:  1, rs2_rdata: 0000b118, rd_addr: 11, rd_wdata: 00000001, mem_addr: 00000001, mem_rdata: 00000000, mem_wdata: 0000b118
ClkCycle:       9039, pc_rdata: 000087dc, pc_wdata: 000087e0, insn: 03b59593, mode: 3, rs1_addr: 11, rs1_rdata: b1180000, rs2_addr: 27, rs2_rdata: 00000000, rd_addr: 11, rd_wdata: 08000000, mem_addr: 08000000, mem_rdata: 00000000, mem_wdata: 00000000
ClkCycle:       9040, pc_rdata: 000087e0, pc_wdata: 000087e4, insn: 1f808513, mode: 3, rs1_addr:  1, rs1_rdata: 0000b118, rs2_addr: 24, rs2_rdata: 0000007d, rd_addr: 10, rd_wdata: 0000b310, mem_addr: 0000b310, mem_rdata: 00000000, mem_wdata: 0000007d
ClkCycle:       9041, pc_rdata: 000087e4, pc_wdata: 000087e8, insn: 04800113, mode: 3, rs1_addr:  0, rs1_rdata: 00000000, rs2_addr:  8, rs2_rdata: 00000000, rd_addr:  2, rd_wdata: 00000048, mem_addr: 00000048, mem_rdata: 00000000, mem_wdata: 00000000
ClkCycle:       9042, pc_rdata: 000087e8, pc_wdata: 000087ec, insn: 40250533, mode: 3, rs1_addr: 10, rs1_rdata: 0000b2ec, rs2_addr:  2, rs2_rdata: 0000b6ee, rd_addr: 10, rd_wdata: 0000b2c8, mem_addr: 0000b2c8, mem_rdata: 00000000, mem_wdata: 00000048
0000000008000000
ClkCycle:       9043, pc_rdata: 000087ec, pc_wdata: 000087ee, insn: 0001c52c, mode: 3, rs1_addr: 10, rs1_rdata: 0000b310, rs2_addr: 11, rs2_rdata: 08000000, rd_addr:  8, rd_wdata: 0000b310, mem_addr: 0000b310, mem_rdata: 00000000, mem_wdata: 08000000
ClkCycle:       9044, pc_rdata: 000087ee, pc_wdata: 000087f2, insn: 0001c52c, mode: 3, rs1_addr:  0, rs1_rdata: 00000000, rs2_addr:  0, rs2_rdata: 00000000, rd_addr:  0, rd_wdata: 00000000, mem_addr: 00000000, mem_rdata: 00000000, mem_wdata: 00000000
ClkCycle:       9045, pc_rdata: 000087f2, pc_wdata: 000087f4, insn: 95930010, mode: 3, rs1_addr:  0, rs1_rdata: 00000000, rs2_addr:  0, rs2_rdata: 00000000, rd_addr:  0, rd_wdata: 00000000, mem_addr: 00000000, mem_rdata: 00000000, mem_wdata: 00000000
ClkCycle:       9046, pc_rdata: 000087f4, pc_wdata: 000087f6, insn: 95930010, mode: 3, rs1_addr:  2, rs1_rdata: 00000048, rs2_addr:  0, rs2_rdata: 00000000, rd_addr: 12, rd_wdata: 00000048, mem_addr: 00000048, mem_rdata: 00000000, mem_wdata: 00000000
ClkCycle:       9047, pc_rdata: 000087f6, pc_wdata: 000087fa, insn: 95930010, mode: 3, rs1_addr:  0, rs1_rdata: 00000000, rs2_addr:  0, rs2_rdata: 00000000, rd_addr:  0, rd_wdata: 00000000, mem_addr: 00000000, mem_rdata: 00000000, mem_wdata: 00000000
ClkCycle:       9048, pc_rdata: 000087fa, pc_wdata: 000087fe, insn: 01132000, mode: 3, rs1_addr:  1, rs1_rdata: 0000b118, rs2_addr:  0, rs2_rdata: 00000000, rd_addr: 11, rd_wdata: 0000b118, mem_addr: 0000b118, mem_rdata: 00000000, mem_wdata: 00000000
ClkCycle:       9049, pc_rdata: 000087fe, pc_wdata: 00008802, insn: 01132000, mode: 3, rs1_addr:  0, rs1_rdata: 00000000, rs2_addr:  0, rs2_rdata: 00000000, rd_addr:  0, rd_wdata: 00000000, mem_addr: 00000000, mem_rdata: 00000000, mem_wdata: 00000000
ClkCycle:       9050, pc_rdata: 00008802, pc_wdata: 00008806, insn: c90c4025, mode: 3, rs1_addr: 10, rs1_rdata: 0000b2c8, rs2_addr:  2, rs2_rdata: 00000048, rd_addr:  2, rd_wdata: 0000b6ca, mem_addr: 0000b6ca, mem_rdata: 00000000, mem_wdata: 00000048
ClkCycle:       9051, pc_rdata: 00008806, pc_wdata: 0000880a, insn: c90c4025, mode: 3, rs1_addr:  0, rs1_rdata: 00000000, rs2_addr:  0, rs2_rdata: 00000000, rd_addr:  0, rd_wdata: 00000000, mem_addr: 00000000, mem_rdata: 00000000, mem_wdata: 00000000
000000010000b118
ClkCycle:       9052, pc_rdata: 0000880a, pc_wdata: 0000880c, insn: 00100593, mode: 3, rs1_addr: 10, rs1_rdata: 0000b2c8, rs2_addr: 11, rs2_rdata: 0000b118, rd_addr: 16, rd_wdata: 0000b2d8, mem_addr: 0000b2d8, mem_rdata: 00000000, mem_wdata: 0000b118
ClkCycle:       9053, pc_rdata: 0000880c, pc_wdata: 00008810, insn: 00100593, mode: 3, rs1_addr:  0, rs1_rdata: 00000000, rs2_addr:  1, rs2_rdata: 0000b118, rd_addr: 11, rd_wdata: 00000001, mem_addr: 00000001, mem_rdata: 00000000, mem_wdata: 0000b118
ClkCycle:       9054, pc_rdata: 00008810, pc_wdata: 00008814, insn: 03d59593, mode: 3, rs1_addr: 11, rs1_rdata: 0000b118, rs2_addr: 29, rs2_rdata: 00000000, rd_addr: 11, rd_wdata: 20000000, mem_addr: 20000000, mem_rdata: 00000000, mem_wdata: 00000000
ClkCycle:       9055, pc_rdata: 00008814, pc_wdata: 00008818, insn: 20808513, mode: 3, rs1_addr:  1, rs1_rdata: 0000b118, rs2_addr:  8, rs2_rdata: 00000000, rd_addr: 10, rd_wdata: 0000b320, mem_addr: 0000b320, mem_rdata: 00000000, mem_wdata: 00000000
ClkCycle:       9056, pc_rdata: 00008818, pc_wdata: 0000881c, insn: 05400113, mode: 3, rs1_addr:  0, rs1_rdata: 00000000, rs2_addr: 20, rs2_rdata: d5bfff6f, rd_addr:  2, rd_wdata: 00000054, mem_addr: 00000054, mem_rdata: 00000000, mem_wdata: d5bfff6f
ClkCycle:       9057, pc_rdata: 0000881c, pc_wdata: 00008820, insn: 40250533, mode: 3, rs1_addr: 10, rs1_rdata: 0000b2c8, rs2_addr:  2, rs2_rdata: 0000b6ca, rd_addr: 10, rd_wdata: 0000b2cc, mem_addr: 0000b2cc, mem_rdata: 00000000, mem_wdata: 00000054
0000000020000000
ClkCycle:       9058, pc_rdata: 00008820, pc_wdata: 00008822, insn: 0001c96c, mode: 3, rs1_addr: 10, rs1_rdata: 0000b320, rs2_addr: 11, rs2_rdata: 20000000, rd_addr: 20, rd_wdata: 0000b320, mem_addr: 0000b320, mem_rdata: 00000000, mem_wdata: 20000000
ClkCycle:       9059, pc_rdata: 00008822, pc_wdata: 00008826, insn: 0001c96c, mode: 3, rs1_addr:  0, rs1_rdata: 00000000, rs2_addr:  0, rs2_rdata: 00000000, rd_addr:  0, rd_wdata: 00000000, mem_addr: 00000000, mem_rdata: 00000000, mem_wdata: 00000000
ClkCycle:       9060, pc_rdata: 00008826, pc_wdata: 00008828, insn: 95930010, mode: 3, rs1_addr:  0, rs1_rdata: 00000000, rs2_addr:  0, rs2_rdata: 00000000, rd_addr:  0, rd_wdata: 00000000, mem_addr: 00000000, mem_rdata: 00000000, mem_wdata: 00000000
ClkCycle:       9061, pc_rdata: 00008828, pc_wdata: 0000882a, insn: 95930010, mode: 3, rs1_addr:  2, rs1_rdata: 00000054, rs2_addr:  0, rs2_rdata: 00000000, rd_addr: 12, rd_wdata: 00000054, mem_addr: 00000054, mem_rdata: 00000000, mem_wdata: 00000000
ClkCycle:       9062, pc_rdata: 0000882a, pc_wdata: 0000882e, insn: 95930010, mode: 3, rs1_addr:  0, rs1_rdata: 00000000, rs2_addr:  0, rs2_rdata: 00000000, rd_addr:  0, rd_wdata: 00000000, mem_addr: 00000000, mem_rdata: 00000000, mem_wdata: 00000000
ClkCycle:       9063, pc_rdata: 0000882e, pc_wdata: 00008832, insn: 01132100, mode: 3, rs1_addr:  1, rs1_rdata: 0000b118, rs2_addr: 16, rs2_rdata: 7d5bfddb, rd_addr: 11, rd_wdata: b1180000, mem_addr: b1180000, mem_rdata: 00000000, mem_wdata: 7d5bfddb
ClkCycle:       9064, pc_rdata: 00008832, pc_wdata: 00008836, insn: 01132100, mode: 3, rs1_addr:  0, rs1_rdata: 00000000, rs2_addr:  0, rs2_rdata: 00000000, rd_addr:  0, rd_wdata: 00000000, mem_addr: 00000000, mem_rdata: 00000000, mem_wdata: 00000000
ClkCycle:       9065, pc_rdata: 00008836, pc_wdata: 0000883a, insn: c16c4025, mode: 3, rs1_addr: 10, rs1_rdata: 0000b2cc, rs2_addr:  2, rs2_rdata: 00000054, rd_addr:  2, rd_wdata: 0000b6ce, mem_addr: 0000b6ce, mem_rdata: 00000000, mem_wdata: 00000054
ClkCycle:       9066, pc_rdata: 0000883a, pc_wdata: 0000883e, insn: c16c4025, mode: 3, rs1_addr:  0, rs1_rdata: 00000000, rs2_addr:  0, rs2_rdata: 00000000, rd_addr:  0, rd_wdata: 00000000, mem_addr: 00000000, mem_rdata: 00000000, mem_wdata: 00000000
00010000b1180000
ClkCycle:       9067, pc_rdata: 0000883e, pc_wdata: 00008840, insn: ffe00593, mode: 3, rs1_addr: 10, rs1_rdata: 0000b2cc, rs2_addr: 11, rs2_rdata: b1180000, rd_addr:  4, rd_wdata: 0000b310, mem_addr: 0000b310, mem_rdata: 00000000, mem_wdata: b1180000
ClkCycle:       9068, pc_rdata: 00008840, pc_wdata: 00008844, insn: ffe00593, mode: 3, rs1_addr:  0, rs1_rdata: 00000000, rs2_addr: 30, rs2_rdata: 00000000, rd_addr: 11, rd_wdata: fffffffe, mem_addr: fffffffe, mem_rdata: 00000000, mem_wdata: 00000000
ClkCycle:       9069, pc_rdata: 00008844, pc_wdata: 00008848, insn: 21808513, mode: 3, rs1_addr:  1, rs1_rdata: 0000b118, rs2_addr: 24, rs2_rdata: 0000007d, rd_addr: 10, rd_wdata: 0000b330, mem_addr: 0000b330, mem_rdata: 00000000, mem_wdata: 0000007d
ClkCycle:       9070, pc_rdata: 00008848, pc_wdata: 0000884c, insn: 02800113, mode: 3, rs1_addr:  0, rs1_rdata: 00000000, rs2_addr:  8, rs2_rdata: 00000000, rd_addr:  2, rd_wdata: 00000028, mem_addr: 00000028, mem_rdata: 00000000, mem_wdata: 00000000
ClkCycle:       9071, pc_rdata: 0000884c, pc_wdata: 00008850, insn: 40250533, mode: 3, rs1_addr: 10, rs1_rdata: 0000b2cc, rs2_addr:  2, rs2_rdata: 0000b6ce, rd_addr: 10, rd_wdata: 0000b308, mem_addr: 0000b308, mem_rdata: 00000000, mem_wdata: 00000028
00000000fffffffe
ClkCycle:       9072, pc_rdata: 00008850, pc_wdata: 00008852, insn: 0001d50c, mode: 3, rs1_addr: 10, rs1_rdata: 0000b330, rs2_addr: 11, rs2_rdata: fffffffe, rd_addr:  8, rd_wdata: 0000b330, mem_addr: 0000b330, mem_rdata: 00000000, mem_wdata: fffffffe
ClkCycle:       9073, pc_rdata: 00008852, pc_wdata: 00008856, insn: 0001d50c, mode: 3, rs1_addr:  0, rs1_rdata: 00000000, rs2_addr:  0, rs2_rdata: 00000000, rd_addr:  0, rd_wdata: 00000000, mem_addr: 00000000, mem_rdata: 00000000, mem_wdata: 00000000
ClkCycle:       9074, pc_rdata: 00008856, pc_wdata: 00008858, insn: 95930010, mode: 3, rs1_addr:  0, rs1_rdata: 00000000, rs2_addr:  0, rs2_rdata: 00000000, rd_addr:  0, rd_wdata: 00000000, mem_addr: 00000000, mem_rdata: 00000000, mem_wdata: 00000000
ClkCycle:       9075, pc_rdata: 00008858, pc_wdata: 0000885a, insn: 95930010, mode: 3, rs1_addr:  2, rs1_rdata: 00000028, rs2_addr:  0, rs2_rdata: 00000000, rd_addr: 12, rd_wdata: 00000028, mem_addr: 00000028, mem_rdata: 00000000, mem_wdata: 00000000
ClkCycle:       9076, pc_rdata: 0000885a, pc_wdata: 0000885e, insn: 95930010, mode: 3, rs1_addr:  0, rs1_rdata: 00000000, rs2_addr:  0, rs2_rdata: 00000000, rd_addr:  0, rd_wdata: 00000000, mem_addr: 00000000, mem_rdata: 00000000, mem_wdata: 00000000
ClkCycle:       9077, pc_rdata: 0000885e, pc_wdata: 00008862, insn: 8513fff5, mode: 3, rs1_addr: 11, rs1_rdata: fffffffe, rs2_addr: 31, rs2_rdata: 00000000, rd_addr: 11, rd_wdata: 00000000, mem_addr: 00000000, mem_rdata: 00000000, mem_wdata: 00000000
ClkCycle:       9078, pc_rdata: 00008862, pc_wdata: 00008866, insn: 8513fff5, mode: 3, rs1_addr:  0, rs1_rdata: 00000000, rs2_addr:  0, rs2_rdata: 00000000, rd_addr:  0, rd_wdata: 00000000, mem_addr: 00000000, mem_rdata: 00000000, mem_wdata: 00000000
ClkCycle:       9079, pc_rdata: 00008866, pc_wdata: 0000886a, insn: 05330780, mode: 3, rs1_addr:  1, rs1_rdata: 0000b118, rs2_addr: 24, rs2_rdata: 0000007d, rd_addr: 10, rd_wdata: 0000b190, mem_addr: 0000b190, mem_rdata: 00000000, mem_wdata: 0000007d
ClkCycle:       9080, pc_rdata: 0000886a, pc_wdata: 0000886e, insn: 05330780, mode: 3, rs1_addr:  0, rs1_rdata: 00000000, rs2_addr:  0, rs2_rdata: 00000000, rd_addr:  0, rd_wdata: 00000000, mem_addr: 00000000, mem_rdata: 00000000, mem_wdata: 00000000
ClkCycle:       9081, pc_rdata: 0000886e, pc_wdata: 00008872, insn: 00010001, mode: 3, rs1_addr:  2, rs1_rdata: 00000028, rs2_addr:  0, rs2_rdata: 00000000, rd_addr: 10, rd_wdata: 00000028, mem_addr: 00000028, mem_rdata: 00000000, mem_wdata: 00000000
ClkCycle:       9082, pc_rdata: 00008872, pc_wdata: 00008876, insn: 00010001, mode: 3, rs1_addr:  0, rs1_rdata: 00000000, rs2_addr:  0, rs2_rdata: 00000000, rd_addr:  0, rd_wdata: 00000000, mem_addr: 00000000, mem_rdata: 00000000, mem_wdata: 00000000
ClkCycle:       9083, pc_rdata: 00008876, pc_wdata: 00008878, insn: 03c59593, mode: 3, rs1_addr:  0, rs1_rdata: 00000000, rs2_addr:  0, rs2_rdata: 00000000, rd_addr:  0, rd_wdata: 00000000, mem_addr: 00000000, mem_rdata: 00000000, mem_wdata: 00000000
ClkCycle:       9084, pc_rdata: 00008878, pc_wdata: 0000887c, insn: 03c59593, mode: 3, rs1_addr: 11, rs1_rdata: 00000000, rs2_addr: 28, rs2_rdata: 00000000, rd_addr: 11, rd_wdata: 00000000, mem_addr: 00000000, mem_rdata: 00000000, mem_wdata: 00000000
ClkCycle:       9085, pc_rdata: 0000887c, pc_wdata: 00008880, insn: fff5c593, mode: 3, rs1_addr: 11, rs1_rdata: 00000000, rs2_addr: 31, rs2_rdata: 00000000, rd_addr: 11, rd_wdata: ffffffff, mem_addr: ffffffff, mem_rdata: 00000000, mem_wdata: 00000000
ClkCycle:       9086, pc_rdata: 00008880, pc_wdata: 00008884, insn: 22808513, mode: 3, rs1_addr:  1, rs1_rdata: 0000b118, rs2_addr:  8, rs2_rdata: 00000000, rd_addr: 10, rd_wdata: 0000b340, mem_addr: 0000b340, mem_rdata: 00000000, mem_wdata: 00000000
ClkCycle:       9087, pc_rdata: 00008884, pc_wdata: 00008888, insn: 04000113, mode: 3, rs1_addr:  0, rs1_rdata: 00000000, rs2_addr:  0, rs2_rdata: 00000000, rd_addr:  2, rd_wdata: 00000040, mem_addr: 00000040, mem_rdata: 00000000, mem_wdata: 00000000
ClkCycle:       9088, pc_rdata: 00008888, pc_wdata: 0000888c, insn: 40250533, mode: 3, rs1_addr: 10, rs1_rdata: 00000028, rs2_addr:  2, rs2_rdata: 00000028, rd_addr: 10, rd_wdata: 0000b300, mem_addr: 0000b300, mem_rdata: 00000000, mem_wdata: 00000040
f0000000ffffffff
ClkCycle:       9089, pc_rdata: 0000888c, pc_wdata: 0000888e, insn: 0001c12c, mode: 3, rs1_addr: 10, rs1_rdata: 0000b340, rs2_addr: 11, rs2_rdata: ffffffff, rd_addr:  0, rd_wdata: 0000b340, mem_addr: 0000b340, mem_rdata: 00000000, mem_wdata: ffffffff
ClkCycle:       9090, pc_rdata: 0000888e, pc_wdata: 00008892, insn: 0001c12c, mode: 3, rs1_addr:  0, rs1_rdata: 00000000, rs2_addr:  0, rs2_rdata: 00000000, rd_addr:  0, rd_wdata: 00000000, mem_addr: 00000000, mem_rdata: 00000000, mem_wdata: 00000000
ClkCycle:       9091, pc_rdata: 00008892, pc_wdata: 00008894, insn: 95930010, mode: 3, rs1_addr:  0, rs1_rdata: 00000000, rs2_addr:  0, rs2_rdata: 00000000, rd_addr:  0, rd_wdata: 00000000, mem_addr: 00000000, mem_rdata: 00000000, mem_wdata: 00000000
ClkCycle:       9092, pc_rdata: 00008894, pc_wdata: 00008896, insn: 95930010, mode: 3, rs1_addr:  2, rs1_rdata: 00000040, rs2_addr:  0, rs2_rdata: 00000000, rd_addr: 12, rd_wdata: 00000040, mem_addr: 00000040, mem_rdata: 00000000, mem_wdata: 00000000
ClkCycle:       9093, pc_rdata: 00008896, pc_wdata: 0000889a, insn: 95930010, mode: 3, rs1_addr:  0, rs1_rdata: 00000000, rs2_addr:  0, rs2_rdata: 00000000, rd_addr:  0, rd_wdata: 00000000, mem_addr: 00000000, mem_rdata: 00000000, mem_wdata: 00000000
ClkCycle:       9094, pc_rdata: 0000889a, pc_wdata: 0000889e, insn: 8513fff5, mode: 3, rs1_addr: 11, rs1_rdata: ffffffff, rs2_addr: 31, rs2_rdata: 00000000, rd_addr: 11, rd_wdata: 80000000, mem_addr: 80000000, mem_rdata: 00000000, mem_wdata: 00000000
ClkCycle:       9095, pc_rdata: 0000889e, pc_wdata: 000088a2, insn: 8513fff5, mode: 3, rs1_addr:  0, rs1_rdata: 00000000, rs2_addr:  0, rs2_rdata: 00000000, rd_addr:  0, rd_wdata: 00000000, mem_addr: 00000000, mem_rdata: 00000000, mem_wdata: 00000000
ClkCycle:       9096, pc_rdata: 000088a2, pc_wdata: 000088a6, insn: 053300c0, mode: 3, rs1_addr:  1, rs1_rdata: 0000b118, rs2_addr: 12, rs2_rdata: 00000040, rd_addr: 10, rd_wdata: 0000b124, mem_addr: 0000b124, mem_rdata: 00000000, mem_wdata: 00000040
ClkCycle:       9097, pc_rdata: 000088a6, pc_wdata: 000088aa, insn: 053300c0, mode: 3, rs1_addr:  0, rs1_rdata: 00000000, rs2_addr:  0, rs2_rdata: 00000000, rd_addr:  0, rd_wdata: 00000000, mem_addr: 00000000, mem_rdata: 00000000, mem_wdata: 00000000
ClkCycle:       9098, pc_rdata: 000088aa, pc_wdata: 000088ae, insn: 00010001, mode: 3, rs1_addr:  2, rs1_rdata: 00000040, rs2_addr:  0, rs2_rdata: 00000000, rd_addr: 10, rd_wdata: 00000040, mem_addr: 00000040, mem_rdata: 00000000, mem_wdata: 00000000
ClkCycle:       9099, pc_rdata: 000088ae, pc_wdata: 000088b2, insn: 00010001, mode: 3, rs1_addr:  0, rs1_rdata: 00000000, rs2_addr:  0, rs2_rdata: 00000000, rd_addr:  0, rd_wdata: 00000000, mem_addr: 00000000, mem_rdata: 00000000, mem_wdata: 00000000
ClkCycle:       9100, pc_rdata: 000088b2, pc_wdata: 000088b4, insn: 03e59593, mode: 3, rs1_addr:  0, rs1_rdata: 00000000, rs2_addr:  0, rs2_rdata: 00000000, rd_addr:  0, rd_wdata: 00000000, mem_addr: 00000000, mem_rdata: 00000000, mem_wdata: 00000000
ClkCycle:       9101, pc_rdata: 000088b4, pc_wdata: 000088b8, insn: 03e59593, mode: 3, rs1_addr: 11, rs1_rdata: 80000000, rs2_addr: 30, rs2_rdata: 00000000, rd_addr: 11, rd_wdata: 00000000, mem_addr: 00000000, mem_rdata: 00000000, mem_wdata: 00000000
ClkCycle:       9102, pc_rdata: 000088b8, pc_wdata: 000088bc, insn: fff5c593, mode: 3, rs1_addr: 11, rs1_rdata: 80000000, rs2_addr: 31, rs2_rdata: 00000000, rd_addr: 11, rd_wdata: ffffffff, mem_addr: ffffffff, mem_rdata: 00000000, mem_wdata: 00000000
ClkCycle:       9103, pc_rdata: 000088bc, pc_wdata: 000088c0, insn: 23808513, mode: 3, rs1_addr:  1, rs1_rdata: 0000b118, rs2_addr: 24, rs2_rdata: 0000007d, rd_addr: 10, rd_wdata: 0000b350, mem_addr: 0000b350, mem_rdata: 00000000, mem_wdata: 0000007d
ClkCycle:       9104, pc_rdata: 000088c0, pc_wdata: 000088c4, insn: 02800113, mode: 3, rs1_addr:  0, rs1_rdata: 00000000, rs2_addr:  8, rs2_rdata: 00000000, rd_addr:  2, rd_wdata: 00000028, mem_addr: 00000028, mem_rdata: 00000000, mem_wdata: 00000000
ClkCycle:       9105, pc_rdata: 000088c4, pc_wdata: 000088c8, insn: 40250533, mode: 3, rs1_addr: 10, rs1_rdata: 00000040, rs2_addr:  2, rs2_rdata: 00000040, rd_addr: 10, rd_wdata: 0000b328, mem_addr: 0000b328, mem_rdata: 00000000, mem_wdata: 00000028
e0000000ffffffff
ClkCycle:       9106, pc_rdata: 000088c8, pc_wdata: 000088ca, insn: 0001d50c, mode: 3, rs1_addr: 10, rs1_rdata: 0000b350, rs2_addr: 11, rs2_rdata: ffffffff, rd_addr:  8, rd_wdata: 0000b350, mem_addr: 0000b350, mem_rdata: 00000000, mem_wdata: ffffffff
ClkCycle:       9107, pc_rdata: 000088ca, pc_wdata: 000088ce, insn: 0001d50c, mode: 3, rs1_addr:  0, rs1_rdata: 00000000, rs2_addr:  0, rs2_rdata: 00000000, rd_addr:  0, rd_wdata: 00000000, mem_addr: 00000000, mem_rdata: 00000000, mem_wdata: 00000000
ClkCycle:       9108, pc_rdata: 000088ce, pc_wdata: 000088d0, insn: 85935555, mode: 3, rs1_addr:  0, rs1_rdata: 00000000, rs2_addr:  0, rs2_rdata: 00000000, rd_addr:  0, rd_wdata: 00000000, mem_addr: 00000000, mem_rdata: 00000000, mem_wdata: 00000000
ClkCycle:       9109, pc_rdata: 000088d0, pc_wdata: 000088d2, insn: 85935555, mode: 3, rs1_addr:  0, rs1_rdata: 00000000, rs2_addr: 21, rs2_rdata: 0fab7ffe, rd_addr: 10, rd_wdata: fffffff5, mem_addr: fffffff5, mem_rdata: 00000000, mem_wdata: 0fab7ffe
ClkCycle:       9110, pc_rdata: 000088d2, pc_wdata: 000088d6, insn: 85935555, mode: 3, rs1_addr:  0, rs1_rdata: 00000000, rs2_addr:  0, rs2_rdata: 00000000, rd_addr:  0, rd_wdata: 00000000, mem_addr: 00000000, mem_rdata: 00000000, mem_wdata: 00000000
ClkCycle:       9111, pc_rdata: 000088d6, pc_wdata: 000088da, insn: 859300b5, mode: 3, rs1_addr: 11, rs1_rdata: ffffffff, rs2_addr: 11, rs2_rdata: ffffffff, rd_addr: 11, rd_wdata: 0000000a, mem_addr: 0000000a, mem_rdata: 00000000, mem_wdata: ffffffff
ClkCycle:       9112, pc_rdata: 000088da, pc_wdata: 000088de, insn: 859300b5, mode: 3, rs1_addr:  0, rs1_rdata: 00000000, rs2_addr:  0, rs2_rdata: 00000000, rd_addr:  0, rd_wdata: 00000000, mem_addr: 00000000, mem_rdata: 00000000, mem_wdata: 00000000
ClkCycle:       9113, pc_rdata: 000088de, pc_wdata: 000088e2, insn: 859300b5, mode: 3, rs1_addr: 11, rs1_rdata: ffffffff, rs2_addr: 11, rs2_rdata: ffffffff, rd_addr: 11, rd_wdata: 00000015, mem_addr: 00000015, mem_rdata: 00000000, mem_wdata: 0000000a
ClkCycle:       9114, pc_rdata: 000088e2, pc_wdata: 000088e6, insn: 859300b5, mode: 3, rs1_addr:  0, rs1_rdata: 00000000, rs2_addr:  0, rs2_rdata: 00000000, rd_addr:  0, rd_wdata: 00000000, mem_addr: 00000000, mem_rdata: 00000000, mem_wdata: 00000000
ClkCycle:       9115, pc_rdata: 000088e6, pc_wdata: 000088ea, insn: 859300a5, mode: 3, rs1_addr: 11, rs1_rdata: 0000000a, rs2_addr: 10, rs2_rdata: fffffff5, rd_addr: 11, rd_wdata: 0000001f, mem_addr: 0000001f, mem_rdata: 00000000, mem_wdata: fffffff5
ClkCycle:       9116, pc_rdata: 000088ea, pc_wdata: 000088ee, insn: 859300a5, mode: 3, rs1_addr:  0, rs1_rdata: 00000000, rs2_addr:  0, rs2_rdata: 00000000, rd_addr:  0, rd_wdata: 00000000, mem_addr: 00000000, mem_rdata: 00000000, mem_wdata: 00000000
ClkCycle:       9117, pc_rdata: 000088ee, pc_wdata: 000088f2, insn: 01132400, mode: 3, rs1_addr:  1, rs1_rdata: 0000b118, rs2_addr:  0, rs2_rdata: 00000000, rd_addr: 11, rd_wdata: 0000b358, mem_addr: 0000b358, mem_rdata: 00000000, mem_wdata: 00000000
ClkCycle:       9118, pc_rdata: 000088f2, pc_wdata: 000088f6, insn: 01132400, mode: 3, rs1_addr:  0, rs1_rdata: 00000000, rs2_addr:  0, rs2_rdata: 00000000, rd_addr:  0, rd_wdata: 00000000, mem_addr: 00000000, mem_rdata: 00000000, mem_wdata: 00000000
ClkCycle:       9119, pc_rdata: 000088f6, pc_wdata: 000088fa, insn: c94c4025, mode: 3, rs1_addr: 10, rs1_rdata: fffffff5, rs2_addr:  2, rs2_rdata: 00000028, rd_addr:  2, rd_wdata: 000003f7, mem_addr: 000003f7, mem_rdata: 00000000, mem_wdata: 00000028
ClkCycle:       9120, pc_rdata: 000088fa, pc_wdata: 000088fe, insn: c94c4025, mode: 3, rs1_addr:  0, rs1_rdata: 00000000, rs2_addr:  0, rs2_rdata: 00000000, rd_addr:  0, rd_wdata: 00000000, mem_addr: 00000000, mem_rdata: 00000000, mem_wdata: 00000000
000000010000b358
ClkCycle:       9121, pc_rdata: 000088fe, pc_wdata: 00008900, insn: aaaab5b7, mode: 3, rs1_addr: 10, rs1_rdata: fffffff5, rs2_addr: 11, rs2_rdata: 0000b358, rd_addr: 20, rd_wdata: 00000009, mem_addr: 00000009, mem_rdata: 00000000, mem_wdata: 0000b358
ClkCycle:       9122, pc_rdata: 00008900, pc_wdata: 00008904, insn: aaaab5b7, mode: 3, rs1_addr: 21, rs1_rdata: 0fab7ffe, rs2_addr: 10, rs2_rdata: fffffff5, rd_addr: 11, rd_wdata: aaaab000, mem_addr: aaaab000, mem_rdata: 00000000, mem_wdata: fffffff5
ClkCycle:       9123, pc_rdata: 00008904, pc_wdata: 00008908, insn: aaa58593, mode: 3, rs1_addr: 11, rs1_rdata: 0000b358, rs2_addr: 10, rs2_rdata: fffffff5, rd_addr: 11, rd_wdata: aaaaaaaa, mem_addr: aaaaaaaa, mem_rdata: 00000000, mem_wdata: fffffff5
ClkCycle:       9124, pc_rdata: 00008908, pc_wdata: 0000890c, insn: 00b59593, mode: 3, rs1_addr: 11, rs1_rdata: 0000b358, rs2_addr: 11, rs2_rdata: 0000b358, rd_addr: 11, rd_wdata: 55555000, mem_addr: 55555000, mem_rdata: 00000000, mem_wdata: aaaaaaaa
ClkCycle:       9125, pc_rdata: 0000890c, pc_wdata: 00008910, insn: 55558593, mode: 3, rs1_addr: 11, rs1_rdata: aaaab000, rs2_addr: 21, rs2_rdata: 0fab7ffe, rd_addr: 11, rd_wdata: 55555555, mem_addr: 55555555, mem_rdata: 00000000, mem_wdata: 0fab7ffe
ClkCycle:       9126, pc_rdata: 00008910, pc_wdata: 00008914, insn: 00b59593, mode: 3, rs1_addr: 11, rs1_rdata: aaaaaaaa, rs2_addr: 11, rs2_rdata: aaaaaaaa, rd_addr: 11, rd_wdata: aaaaa800, mem_addr: aaaaa800, mem_rdata: 00000000, mem_wdata: 55555555
ClkCycle:       9127, pc_rdata: 00008914, pc_wdata: 00008918, insn: 2aa58593, mode: 3, rs1_addr: 11, rs1_rdata: 55555000, rs2_addr: 10, rs2_rdata: fffffff5, rd_addr: 11, rd_wdata: aaaaaaaa, mem_addr: aaaaaaaa, mem_rdata: 00000000, mem_wdata: fffffff5
ClkCycle:       9128, pc_rdata: 00008918, pc_wdata: 0000891c, insn: 00a59593, mode: 3, rs1_addr: 11, rs1_rdata: 55555555, rs2_addr: 10, rs2_rdata: fffffff5, rd_addr: 11, rd_wdata: aaaaa800, mem_addr: aaaaa800, mem_rdata: 00000000, mem_wdata: fffffff5
ClkCycle:       9129, pc_rdata: 0000891c, pc_wdata: 00008920, insn: 2aa58593, mode: 3, rs1_addr: 11, rs1_rdata: aaaaa800, rs2_addr: 10, rs2_rdata: fffffff5, rd_addr: 11, rd_wdata: aaaaaaaa, mem_addr: aaaaaaaa, mem_rdata: 00000000, mem_wdata: fffffff5
ClkCycle:       9130, pc_rdata: 00008920, pc_wdata: 00008924, insn: 24808513, mode: 3, rs1_addr:  1, rs1_rdata: 0000b118, rs2_addr:  8, rs2_rdata: 00000000, rd_addr: 10, rd_wdata: 0000b360, mem_addr: 0000b360, mem_rdata: 00000000, mem_wdata: 00000000
ClkCycle:       9131, pc_rdata: 00008924, pc_wdata: 00008928, insn: 03000113, mode: 3, rs1_addr:  0, rs1_rdata: 00000000, rs2_addr: 16, rs2_rdata: 7d5bfddb, rd_addr:  2, rd_wdata: 00000030, mem_addr: 00000030, mem_rdata: 00000000, mem_wdata: 7d5bfddb
ClkCycle:       9132, pc_rdata: 00008928, pc_wdata: 0000892c, insn: 40250533, mode: 3, rs1_addr: 10, rs1_rdata: fffffff5, rs2_addr:  2, rs2_rdata: 000003f7, rd_addr: 10, rd_wdata: 0000b330, mem_addr: 0000b330, mem_rdata: 00000000, mem_wdata: 00000030
aaaaaaaaaaaaaaaa
ClkCycle:       9133, pc_rdata: 0000892c, pc_wdata: 0000892e, insn: 0001d90c, mode: 3, rs1_addr: 10, rs1_rdata: 0000b360, rs2_addr: 11, rs2_rdata: aaaaaaaa, rd_addr: 16, rd_wdata: 0000b360, mem_addr: 0000b360, mem_rdata: 00000000, mem_wdata: aaaaaaaa
ClkCycle:       9134, pc_rdata: 0000892e, pc_wdata: 00008932, insn: 0001d90c, mode: 3, rs1_addr:  0, rs1_rdata: 00000000, rs2_addr:  0, rs2_rdata: 00000000, rd_addr:  0, rd_wdata: 00000000, mem_addr: 00000000, mem_rdata: 00000000, mem_wdata: 00000000
ClkCycle:       9135, pc_rdata: 00008932, pc_wdata: 00008934, insn: 8513ffd0, mode: 3, rs1_addr:  0, rs1_rdata: 00000000, rs2_addr:  0, rs2_rdata: 00000000, rd_addr:  0, rd_wdata: 00000000, mem_addr: 00000000, mem_rdata: 00000000, mem_wdata: 00000000
0000000000000040
ClkCycle:       9136, pc_rdata: 00008934, pc_wdata: 00008936, insn: 8513ffd0, mode: 3, rs1_addr: 15, rs1_rdata: 00000000, rs2_addr: 12, rs2_rdata: 00000040, rd_addr: 28, rd_wdata: 0000003c, mem_addr: 0000003c, mem_rdata: 00000000, mem_wdata: 00000040
ClkCycle:       9137, pc_rdata: 00008936, pc_wdata: 0000893a, insn: 8513ffd0, mode: 3, rs1_addr:  0, rs1_rdata: 00000000, rs2_addr:  0, rs2_rdata: 00000000, rd_addr:  0, rd_wdata: 00000000, mem_addr: 00000000, mem_rdata: 00000000, mem_wdata: 00000000
ClkCycle:       9138, pc_rdata: 0000893a, pc_wdata: 0000893e, insn: 053304c0, mode: 3, rs1_addr:  1, rs1_rdata: 0000b118, rs2_addr: 12, rs2_rdata: 00000040, rd_addr: 10, rd_wdata: 0000b164, mem_addr: 0000b164, mem_rdata: 00000000, mem_wdata: 00000040
ClkCycle:       9139, pc_rdata: 0000893e, pc_wdata: 00008942, insn: 053304c0, mode: 3, rs1_addr:  0, rs1_rdata: 00000000, rs2_addr:  0, rs2_rdata: 00000000, rd_addr:  0, rd_wdata: 00000000, mem_addr: 00000000, mem_rdata: 00000000, mem_wdata: 00000000
ClkCycle:       9140, pc_rdata: 00008942, pc_wdata: 00008946, insn: 00010001, mode: 3, rs1_addr:  2, rs1_rdata: 00000030, rs2_addr:  0, rs2_rdata: 00000000, rd_addr: 10, rd_wdata: 00000030, mem_addr: 00000030, mem_rdata: 00000000, mem_wdata: 00000000
ClkCycle:       9141, pc_rdata: 00008946, pc_wdata: 0000894a, insn: 00010001, mode: 3, rs1_addr:  0, rs1_rdata: 00000000, rs2_addr:  0, rs2_rdata: 00000000, rd_addr:  0, rd_wdata: 00000000, mem_addr: 00000000, mem_rdata: 00000000, mem_wdata: 00000000
ClkCycle:       9142, pc_rdata: 0000894a, pc_wdata: 0000894c, insn: 25808513, mode: 3, rs1_addr:  0, rs1_rdata: 00000000, rs2_addr:  0, rs2_rdata: 00000000, rd_addr:  0, rd_wdata: 00000000, mem_addr: 00000000, mem_rdata: 00000000, mem_wdata: 00000000
ClkCycle:       9143, pc_rdata: 0000894c, pc_wdata: 00008950, insn: 25808513, mode: 3, rs1_addr:  1, rs1_rdata: 0000b118, rs2_addr: 24, rs2_rdata: 0000007d, rd_addr: 10, rd_wdata: 0000b370, mem_addr: 0000b370, mem_rdata: 00000000, mem_wdata: 0000007d
ClkCycle:       9144, pc_rdata: 00008950, pc_wdata: 00008954, insn: 02400113, mode: 3, rs1_addr:  0, rs1_rdata: 00000000, rs2_addr:  4, rs2_rdata: 6dfdffff, rd_addr:  2, rd_wdata: 00000024, mem_addr: 00000024, mem_rdata: 00000000, mem_wdata: 6dfdffff
ClkCycle:       9145, pc_rdata: 00008954, pc_wdata: 00008958, insn: 40250533, mode: 3, rs1_addr: 10, rs1_rdata: 00000030, rs2_addr:  2, rs2_rdata: 00000030, rd_addr: 10, rd_wdata: 0000b34c, mem_addr: 0000b34c, mem_rdata: 00000000, mem_wdata: 00000024
aaaaaaaaaaaaaaaa
ClkCycle:       9146, pc_rdata: 00008958, pc_wdata: 0000895a, insn: 0001d14c, mode: 3, rs1_addr: 10, rs1_rdata: 0000b370, rs2_addr: 11, rs2_rdata: aaaaaaaa, rd_addr:  4, rd_wdata: 0000b370, mem_addr: 0000b370, mem_rdata: 00000000, mem_wdata: aaaaaaaa
ClkCycle:       9147, pc_rdata: 0000895a, pc_wdata: 0000895e, insn: 0001d14c, mode: 3, rs1_addr:  0, rs1_rdata: 00000000, rs2_addr:  0, rs2_rdata: 00000000, rd_addr:  0, rd_wdata: 00000000, mem_addr: 00000000, mem_rdata: 00000000, mem_wdata: 00000000
ClkCycle:       9148, pc_rdata: 0000895e, pc_wdata: 00008960, insn: 8513ff70, mode: 3, rs1_addr:  0, rs1_rdata: 00000000, rs2_addr:  0, rs2_rdata: 00000000, rd_addr:  0, rd_wdata: 00000000, mem_addr: 00000000, mem_rdata: 00000000, mem_wdata: 00000000
0000000000000040
ClkCycle:       9149, pc_rdata: 00008960, pc_wdata: 00008962, insn: 8513ff70, mode: 3, rs1_addr: 14, rs1_rdata: 0000b114, rs2_addr: 12, rs2_rdata: 00000040, rd_addr: 28, rd_wdata: 0000b190, mem_addr: 0000b190, mem_rdata: 00000000, mem_wdata: 00000040
ClkCycle:       9150, pc_rdata: 00008962, pc_wdata: 00008966, insn: 8513ff70, mode: 3, rs1_addr:  0, rs1_rdata: 00000000, rs2_addr:  0, rs2_rdata: 00000000, rd_addr:  0, rd_wdata: 00000000, mem_addr: 00000000, mem_rdata: 00000000, mem_wdata: 00000000
ClkCycle:       9151, pc_rdata: 00008966, pc_wdata: 0000896a, insn: 053301c0, mode: 3, rs1_addr:  1, rs1_rdata: 0000b118, rs2_addr: 28, rs2_rdata: 00000000, rd_addr: 10, rd_wdata: 0000b134, mem_addr: 0000b134, mem_rdata: 00000000, mem_wdata: 00000000
ClkCycle:       9152, pc_rdata: 0000896a, pc_wdata: 0000896e, insn: 053301c0, mode: 3, rs1_addr:  0, rs1_rdata: 00000000, rs2_addr:  0, rs2_rdata: 00000000, rd_addr:  0, rd_wdata: 00000000, mem_addr: 00000000, mem_rdata: 00000000, mem_wdata: 00000000
ClkCycle:       9153, pc_rdata: 0000896e, pc_wdata: 00008972, insn: 00010001, mode: 3, rs1_addr:  2, rs1_rdata: 00000024, rs2_addr:  0, rs2_rdata: 00000000, rd_addr: 10, rd_wdata: 00000024, mem_addr: 00000024, mem_rdata: 00000000, mem_wdata: 00000000
ClkCycle:       9154, pc_rdata: 00008972, pc_wdata: 00008976, insn: 00010001, mode: 3, rs1_addr:  0, rs1_rdata: 00000000, rs2_addr:  0, rs2_rdata: 00000000, rd_addr:  0, rd_wdata: 00000000, mem_addr: 00000000, mem_rdata: 00000000, mem_wdata: 00000000
ClkCycle:       9155, pc_rdata: 00008976, pc_wdata: 00008978, insn: 26808513, mode: 3, rs1_addr:  0, rs1_rdata: 00000000, rs2_addr:  0, rs2_rdata: 00000000, rd_addr:  0, rd_wdata: 00000000, mem_addr: 00000000, mem_rdata: 00000000, mem_wdata: 00000000
ClkCycle:       9156, pc_rdata: 00008978, pc_wdata: 0000897c, insn: 26808513, mode: 3, rs1_addr:  1, rs1_rdata: 0000b118, rs2_addr:  8, rs2_rdata: 00000000, rd_addr: 10, rd_wdata: 0000b380, mem_addr: 0000b380, mem_rdata: 00000000, mem_wdata: 00000000
ClkCycle:       9157, pc_rdata: 0000897c, pc_wdata: 00008980, insn: 03000113, mode: 3, rs1_addr:  0, rs1_rdata: 00000000, rs2_addr: 16, rs2_rdata: 7d5bfddb, rd_addr:  2, rd_wdata: 00000030, mem_addr: 00000030, mem_rdata: 00000000, mem_wdata: 7d5bfddb
ClkCycle:       9158, pc_rdata: 00008980, pc_wdata: 00008984, insn: 40250533, mode: 3, rs1_addr: 10, rs1_rdata: 00000024, rs2_addr:  2, rs2_rdata: 00000024, rd_addr: 10, rd_wdata: 0000b350, mem_addr: 0000b350, mem_rdata: 00000000, mem_wdata: 00000030
aaaaaaaaaaaaaaaa
ClkCycle:       9159, pc_rdata: 00008984, pc_wdata: 00008986, insn: 0001d90c, mode: 3, rs1_addr: 10, rs1_rdata: 0000b380, rs2_addr: 11, rs2_rdata: aaaaaaaa, rd_addr: 16, rd_wdata: 0000b380, mem_addr: 0000b380, mem_rdata: 00000000, mem_wdata: aaaaaaaa
ClkCycle:       9160, pc_rdata: 00008986, pc_wdata: 0000898a, insn: 0001d90c, mode: 3, rs1_addr:  0, rs1_rdata: 00000000, rs2_addr:  0, rs2_rdata: 00000000, rd_addr:  0, rd_wdata: 00000000, mem_addr: 00000000, mem_rdata: 00000000, mem_wdata: 00000000
ClkCycle:       9161, pc_rdata: 0000898a, pc_wdata: 0000898c, insn: 8513fdf0, mode: 3, rs1_addr:  0, rs1_rdata: 00000000, rs2_addr:  0, rs2_rdata: 00000000, rd_addr:  0, rd_wdata: 00000000, mem_addr: 00000000, mem_rdata: 00000000, mem_wdata: 00000000
0000000000000040
ClkCycle:       9162, pc_rdata: 0000898c, pc_wdata: 0000898e, insn: 8513fdf0, mode: 3, rs1_addr: 11, rs1_rdata: aaaaaaaa, rs2_addr: 12, rs2_rdata: 00000040, rd_addr: 28, rd_wdata: aaaaab26, mem_addr: aaaaab26, mem_rdata: 00000000, mem_wdata: 00000040
ClkCycle:       9163, pc_rdata: 0000898e, pc_wdata: 00008992, insn: 8513fdf0, mode: 3, rs1_addr:  0, rs1_rdata: 00000000, rs2_addr:  0, rs2_rdata: 00000000, rd_addr:  0, rd_wdata: 00000000, mem_addr: 00000000, mem_rdata: 00000000, mem_wdata: 00000000
ClkCycle:       9164, pc_rdata: 00008992, pc_wdata: 00008996, insn: 05330140, mode: 3, rs1_addr:  1, rs1_rdata: 0000b118, rs2_addr: 20, rs2_rdata: d5bfff6f, rd_addr: 10, rd_wdata: 0000b12c, mem_addr: 0000b12c, mem_rdata: 00000000, mem_wdata: d5bfff6f
ClkCycle:       9165, pc_rdata: 00008996, pc_wdata: 0000899a, insn: 05330140, mode: 3, rs1_addr:  0, rs1_rdata: 00000000, rs2_addr:  0, rs2_rdata: 00000000, rd_addr:  0, rd_wdata: 00000000, mem_addr: 00000000, mem_rdata: 00000000, mem_wdata: 00000000
ClkCycle:       9166, pc_rdata: 0000899a, pc_wdata: 0000899e, insn: 00010001, mode: 3, rs1_addr:  2, rs1_rdata: 00000030, rs2_addr:  0, rs2_rdata: 00000000, rd_addr: 10, rd_wdata: 00000030, mem_addr: 00000030, mem_rdata: 00000000, mem_wdata: 00000000
ClkCycle:       9167, pc_rdata: 0000899e, pc_wdata: 000089a2, insn: 00010001, mode: 3, rs1_addr:  0, rs1_rdata: 00000000, rs2_addr:  0, rs2_rdata: 00000000, rd_addr:  0, rd_wdata: 00000000, mem_addr: 00000000, mem_rdata: 00000000, mem_wdata: 00000000
ClkCycle:       9168, pc_rdata: 000089a2, pc_wdata: 000089a4, insn: 27808513, mode: 3, rs1_addr:  0, rs1_rdata: 00000000, rs2_addr:  0, rs2_rdata: 00000000, rd_addr:  0, rd_wdata: 00000000, mem_addr: 00000000, mem_rdata: 00000000, mem_wdata: 00000000
ClkCycle:       9169, pc_rdata: 000089a4, pc_wdata: 000089a8, insn: 27808513, mode: 3, rs1_addr:  1, rs1_rdata: 0000b118, rs2_addr: 24, rs2_rdata: 0000007d, rd_addr: 10, rd_wdata: 0000b390, mem_addr: 0000b390, mem_rdata: 00000000, mem_wdata: 0000007d
ClkCycle:       9170, pc_rdata: 000089a8, pc_wdata: 000089ac, insn: 02800113, mode: 3, rs1_addr:  0, rs1_rdata: 00000000, rs2_addr:  8, rs2_rdata: 00000000, rd_addr:  2, rd_wdata: 00000028, mem_addr: 00000028, mem_rdata: 00000000, mem_wdata: 00000000
ClkCycle:       9171, pc_rdata: 000089ac, pc_wdata: 000089b0, insn: 40250533, mode: 3, rs1_addr: 10, rs1_rdata: 00000030, rs2_addr:  2, rs2_rdata: 00000030, rd_addr: 10, rd_wdata: 0000b368, mem_addr: 0000b368, mem_rdata: 00000000, mem_wdata: 00000028
aaaaaaaaaaaaaaaa
ClkCycle:       9172, pc_rdata: 000089b0, pc_wdata: 000089b2, insn: 0001d50c, mode: 3, rs1_addr: 10, rs1_rdata: 0000b390, rs2_addr: 11, rs2_rdata: aaaaaaaa, rd_addr:  8, rd_wdata: 0000b390, mem_addr: 0000b390, mem_rdata: 00000000, mem_wdata: aaaaaaaa
ClkCycle:       9173, pc_rdata: 000089b2, pc_wdata: 000089b6, insn: 0001d50c, mode: 3, rs1_addr:  0, rs1_rdata: 00000000, rs2_addr:  0, rs2_rdata: 00000000, rd_addr:  0, rd_wdata: 00000000, mem_addr: 00000000, mem_rdata: 00000000, mem_wdata: 00000000
ClkCycle:       9174, pc_rdata: 000089b6, pc_wdata: 000089b8, insn: 8513f7f0, mode: 3, rs1_addr:  0, rs1_rdata: 00000000, rs2_addr:  0, rs2_rdata: 00000000, rd_addr:  0, rd_wdata: 00000000, mem_addr: 00000000, mem_rdata: 00000000, mem_wdata: 00000000
0000000000000040
ClkCycle:       9175, pc_rdata: 000089b8, pc_wdata: 000089ba, insn: 8513f7f0, mode: 3, rs1_addr: 15, rs1_rdata: 00000000, rs2_addr: 12, rs2_rdata: 00000040, rd_addr: 12, rd_wdata: 0000006c, mem_addr: 0000006c, mem_rdata: 00000000, mem_wdata: 00000040
ClkCycle:       9176, pc_rdata: 000089ba, pc_wdata: 000089be, insn: 8513f7f0, mode: 3, rs1_addr:  0, rs1_rdata: 00000000, rs2_addr:  0, rs2_rdata: 00000000, rd_addr:  0, rd_wdata: 00000000, mem_addr: 00000000, mem_rdata: 00000000, mem_wdata: 00000000
ClkCycle:       9177, pc_rdata: 000089be, pc_wdata: 000089c2, insn: 05330480, mode: 3, rs1_addr:  1, rs1_rdata: 0000b118, rs2_addr:  8, rs2_rdata: 00000000, rd_addr: 10, rd_wdata: 0000b160, mem_addr: 0000b160, mem_rdata: 00000000, mem_wdata: 00000000
ClkCycle:       9178, pc_rdata: 000089c2, pc_wdata: 000089c6, insn: 05330480, mode: 3, rs1_addr:  0, rs1_rdata: 00000000, rs2_addr:  0, rs2_rdata: 00000000, rd_addr:  0, rd_wdata: 00000000, mem_addr: 00000000, mem_rdata: 00000000, mem_wdata: 00000000
ClkCycle:       9179, pc_rdata: 000089c6, pc_wdata: 000089ca, insn: 00010001, mode: 3, rs1_addr:  2, rs1_rdata: 00000028, rs2_addr:  0, rs2_rdata: 00000000, rd_addr: 10, rd_wdata: 00000028, mem_addr: 00000028, mem_rdata: 00000000, mem_wdata: 00000000
ClkCycle:       9180, pc_rdata: 000089ca, pc_wdata: 000089ce, insn: 00010001, mode: 3, rs1_addr:  0, rs1_rdata: 00000000, rs2_addr:  0, rs2_rdata: 00000000, rd_addr:  0, rd_wdata: 00000000, mem_addr: 00000000, mem_rdata: 00000000, mem_wdata: 00000000
ClkCycle:       9181, pc_rdata: 000089ce, pc_wdata: 000089d0, insn: 28808513, mode: 3, rs1_addr:  0, rs1_rdata: 00000000, rs2_addr:  0, rs2_rdata: 00000000, rd_addr:  0, rd_wdata: 00000000, mem_addr: 00000000, mem_rdata: 00000000, mem_wdata: 00000000
ClkCycle:       9182, pc_rdata: 000089d0, pc_wdata: 000089d4, insn: 28808513, mode: 3, rs1_addr:  1, rs1_rdata: 0000b118, rs2_addr:  8, rs2_rdata: 00000000, rd_addr: 10, rd_wdata: 0000b3a0, mem_addr: 0000b3a0, mem_rdata: 00000000, mem_wdata: 00000000
ClkCycle:       9183, pc_rdata: 000089d4, pc_wdata: 000089d8, insn: 03400113, mode: 3, rs1_addr:  0, rs1_rdata: 00000000, rs2_addr: 20, rs2_rdata: d5bfff6f, rd_addr:  2, rd_wdata: 00000034, mem_addr: 00000034, mem_rdata: 00000000, mem_wdata: d5bfff6f
ClkCycle:       9184, pc_rdata: 000089d8, pc_wdata: 000089dc, insn: 40250533, mode: 3, rs1_addr: 10, rs1_rdata: 00000028, rs2_addr:  2, rs2_rdata: 00000028, rd_addr: 10, rd_wdata: 0000b36c, mem_addr: 0000b36c, mem_rdata: 00000000, mem_wdata: 00000034
aaaaaaaaaaaaaaaa
ClkCycle:       9185, pc_rdata: 000089dc, pc_wdata: 000089de, insn: 0001d94c, mode: 3, rs1_addr: 10, rs1_rdata: 0000b3a0, rs2_addr: 11, rs2_rdata: aaaaaaaa, rd_addr: 20, rd_wdata: 0000b3a0, mem_addr: 0000b3a0, mem_rdata: 00000000, mem_wdata: aaaaaaaa
ClkCycle:       9186, pc_rdata: 000089de, pc_wdata: 000089e2, insn: 0001d94c, mode: 3, rs1_addr:  0, rs1_rdata: 00000000, rs2_addr:  0, rs2_rdata: 00000000, rd_addr:  0, rd_wdata: 00000000, mem_addr: 00000000, mem_rdata: 00000000, mem_wdata: 00000000
ClkCycle:       9187, pc_rdata: 000089e2, pc_wdata: 000089e4, insn: 8513dff0, mode: 3, rs1_addr:  0, rs1_rdata: 00000000, rs2_addr:  0, rs2_rdata: 00000000, rd_addr:  0, rd_wdata: 00000000, mem_addr: 00000000, mem_rdata: 00000000, mem_wdata: 00000000
0000000000000040
ClkCycle:       9188, pc_rdata: 000089e4, pc_wdata: 000089e6, insn: 8513dff0, mode: 3, rs1_addr: 15, rs1_rdata: 00000000, rs2_addr: 12, rs2_rdata: 00000040, rd_addr: 28, rd_wdata: 0000007c, mem_addr: 0000007c, mem_rdata: 00000000, mem_wdata: 00000040
ClkCycle:       9189, pc_rdata: 000089e6, pc_wdata: 000089ea, insn: 8513dff0, mode: 3, rs1_addr:  0, rs1_rdata: 00000000, rs2_addr:  0, rs2_rdata: 00000000, rd_addr:  0, rd_wdata: 00000000, mem_addr: 00000000, mem_rdata: 00000000, mem_wdata: 00000000
ClkCycle:       9190, pc_rdata: 000089ea, pc_wdata: 000089ee, insn: 053301c0, mode: 3, rs1_addr:  1, rs1_rdata: 0000b118, rs2_addr: 28, rs2_rdata: 00000000, rd_addr: 10, rd_wdata: 0000b134, mem_addr: 0000b134, mem_rdata: 00000000, mem_wdata: 00000000
ClkCycle:       9191, pc_rdata: 000089ee, pc_wdata: 000089f2, insn: 053301c0, mode: 3, rs1_addr:  0, rs1_rdata: 00000000, rs2_addr:  0, rs2_rdata: 00000000, rd_addr:  0, rd_wdata: 00000000, mem_addr: 00000000, mem_rdata: 00000000, mem_wdata: 00000000
ClkCycle:       9192, pc_rdata: 000089f2, pc_wdata: 000089f6, insn: 00010001, mode: 3, rs1_addr:  2, rs1_rdata: 00000034, rs2_addr:  0, rs2_rdata: 00000000, rd_addr: 10, rd_wdata: 00000034, mem_addr: 00000034, mem_rdata: 00000000, mem_wdata: 00000000
ClkCycle:       9193, pc_rdata: 000089f6, pc_wdata: 000089fa, insn: 00010001, mode: 3, rs1_addr:  0, rs1_rdata: 00000000, rs2_addr:  0, rs2_rdata: 00000000, rd_addr:  0, rd_wdata: 00000000, mem_addr: 00000000, mem_rdata: 00000000, mem_wdata: 00000000
ClkCycle:       9194, pc_rdata: 000089fa, pc_wdata: 000089fc, insn: 29808513, mode: 3, rs1_addr:  0, rs1_rdata: 00000000, rs2_addr:  0, rs2_rdata: 00000000, rd_addr:  0, rd_wdata: 00000000, mem_addr: 00000000, mem_rdata: 00000000, mem_wdata: 00000000
ClkCycle:       9195, pc_rdata: 000089fc, pc_wdata: 00008a00, insn: 29808513, mode: 3, rs1_addr:  1, rs1_rdata: 0000b118, rs2_addr: 24, rs2_rdata: 0000007d, rd_addr: 10, rd_wdata: 0000b3b0, mem_addr: 0000b3b0, mem_rdata: 00000000, mem_wdata: 0000007d
ClkCycle:       9196, pc_rdata: 00008a00, pc_wdata: 00008a04, insn: 07800113, mode: 3, rs1_addr:  0, rs1_rdata: 00000000, rs2_addr: 24, rs2_rdata: 0000007d, rd_addr:  2, rd_wdata: 00000078, mem_addr: 00000078, mem_rdata: 00000000, mem_wdata: 0000007d
ClkCycle:       9197, pc_rdata: 00008a04, pc_wdata: 00008a08, insn: 40250533, mode: 3, rs1_addr: 10, rs1_rdata: 00000034, rs2_addr:  2, rs2_rdata: 00000034, rd_addr: 10, rd_wdata: 0000b338, mem_addr: 0000b338, mem_rdata: 00000000, mem_wdata: 00000078
aaaaaaaaaaaaaaaa
ClkCycle:       9198, pc_rdata: 00008a08, pc_wdata: 00008a0a, insn: 0001dd2c, mode: 3, rs1_addr: 10, rs1_rdata: 0000b3b0, rs2_addr: 11, rs2_rdata: aaaaaaaa, rd_addr: 24, rd_wdata: 0000b3b0, mem_addr: 0000b3b0, mem_rdata: 00000000, mem_wdata: aaaaaaaa
ClkCycle:       9199, pc_rdata: 00008a0a, pc_wdata: 00008a0e, insn: 0001dd2c, mode: 3, rs1_addr:  0, rs1_rdata: 00000000, rs2_addr:  0, rs2_rdata: 00000000, rd_addr:  0, rd_wdata: 00000000, mem_addr: 00000000, mem_rdata: 00000000, mem_wdata: 00000000
ClkCycle:       9200, pc_rdata: 00008a0e, pc_wdata: 00008a10, insn: 95930010, mode: 3, rs1_addr:  0, rs1_rdata: 00000000, rs2_addr:  0, rs2_rdata: 00000000, rd_addr:  0, rd_wdata: 00000000, mem_addr: 00000000, mem_rdata: 00000000, mem_wdata: 00000000
ClkCycle:       9201, pc_rdata: 00008a10, pc_wdata: 00008a12, insn: 95930010, mode: 3, rs1_addr:  2, rs1_rdata: 00000078, rs2_addr:  0, rs2_rdata: 00000000, rd_addr: 12, rd_wdata: 00000078, mem_addr: 00000078, mem_rdata: 00000000, mem_wdata: 00000000
ClkCycle:       9202, pc_rdata: 00008a12, pc_wdata: 00008a16, insn: 95930010, mode: 3, rs1_addr:  0, rs1_rdata: 00000000, rs2_addr:  0, rs2_rdata: 00000000, rd_addr:  0, rd_wdata: 00000000, mem_addr: 00000000, mem_rdata: 00000000, mem_wdata: 00000000
ClkCycle:       9203, pc_rdata: 00008a16, pc_wdata: 00008a1a, insn: 8513fff5, mode: 3, rs1_addr: 11, rs1_rdata: aaaaaaaa, rs2_addr: 31, rs2_rdata: 00000000, rd_addr: 11, rd_wdata: 00000000, mem_addr: 00000000, mem_rdata: 00000000, mem_wdata: 00000000
ClkCycle:       9204, pc_rdata: 00008a1a, pc_wdata: 00008a1e, insn: 8513fff5, mode: 3, rs1_addr:  0, rs1_rdata: 00000000, rs2_addr:  0, rs2_rdata: 00000000, rd_addr:  0, rd_wdata: 00000000, mem_addr: 00000000, mem_rdata: 00000000, mem_wdata: 00000000
ClkCycle:       9205, pc_rdata: 00008a1e, pc_wdata: 00008a22, insn: 05330540, mode: 3, rs1_addr:  1, rs1_rdata: 0000b118, rs2_addr: 20, rs2_rdata: d5bfff6f, rd_addr: 10, rd_wdata: 0000b16c, mem_addr: 0000b16c, mem_rdata: 00000000, mem_wdata: d5bfff6f
ClkCycle:       9206, pc_rdata: 00008a22, pc_wdata: 00008a26, insn: 05330540, mode: 3, rs1_addr:  0, rs1_rdata: 00000000, rs2_addr:  0, rs2_rdata: 00000000, rd_addr:  0, rd_wdata: 00000000, mem_addr: 00000000, mem_rdata: 00000000, mem_wdata: 00000000
ClkCycle:       9207, pc_rdata: 00008a26, pc_wdata: 00008a2a, insn: 00010001, mode: 3, rs1_addr:  2, rs1_rdata: 00000078, rs2_addr:  0, rs2_rdata: 00000000, rd_addr: 10, rd_wdata: 00000078, mem_addr: 00000078, mem_rdata: 00000000, mem_wdata: 00000000
ClkCycle:       9208, pc_rdata: 00008a2a, pc_wdata: 00008a2e, insn: 00010001, mode: 3, rs1_addr:  0, rs1_rdata: 00000000, rs2_addr:  0, rs2_rdata: 00000000, rd_addr:  0, rd_wdata: 00000000, mem_addr: 00000000, mem_rdata: 00000000, mem_wdata: 00000000
ClkCycle:       9209, pc_rdata: 00008a2e, pc_wdata: 00008a30, insn: 00c59593, mode: 3, rs1_addr:  0, rs1_rdata: 00000000, rs2_addr:  0, rs2_rdata: 00000000, rd_addr:  0, rd_wdata: 00000000, mem_addr: 00000000, mem_rdata: 00000000, mem_wdata: 00000000
ClkCycle:       9210, pc_rdata: 00008a30, pc_wdata: 00008a34, insn: 00c59593, mode: 3, rs1_addr: 11, rs1_rdata: 00000000, rs2_addr: 12, rs2_rdata: 00000078, rd_addr: 11, rd_wdata: 00000000, mem_addr: 00000000, mem_rdata: 00000000, mem_wdata: 00000078
ClkCycle:       9211, pc_rdata: 00008a34, pc_wdata: 00008a38, insn: fff5c593, mode: 3, rs1_addr: 11, rs1_rdata: 00000000, rs2_addr: 31, rs2_rdata: 00000000, rd_addr: 11, rd_wdata: ffffffff, mem_addr: ffffffff, mem_rdata: 00000000, mem_wdata: 00000000
ClkCycle:       9212, pc_rdata: 00008a38, pc_wdata: 00008a3c, insn: 2a808513, mode: 3, rs1_addr:  1, rs1_rdata: 0000b118, rs2_addr:  8, rs2_rdata: 00000000, rd_addr: 10, rd_wdata: 0000b3c0, mem_addr: 0000b3c0, mem_rdata: 00000000, mem_wdata: 00000000
ClkCycle:       9213, pc_rdata: 00008a3c, pc_wdata: 00008a40, insn: 02400113, mode: 3, rs1_addr:  0, rs1_rdata: 00000000, rs2_addr:  4, rs2_rdata: 6dfdffff, rd_addr:  2, rd_wdata: 00000024, mem_addr: 00000024, mem_rdata: 00000000, mem_wdata: 6dfdffff
ClkCycle:       9214, pc_rdata: 00008a40, pc_wdata: 00008a44, insn: 40250533, mode: 3, rs1_addr: 10, rs1_rdata: 00000078, rs2_addr:  2, rs2_rdata: 00000078, rd_addr: 10, rd_wdata: 0000b39c, mem_addr: 0000b39c, mem_rdata: 00000000, mem_wdata: 00000024
55555000ffffffff
ClkCycle:       9215, pc_rdata: 00008a44, pc_wdata: 00008a46, insn: 0001d14c, mode: 3, rs1_addr: 10, rs1_rdata: 0000b3c0, rs2_addr: 11, rs2_rdata: ffffffff, rd_addr:  4, rd_wdata: 0000b3c0, mem_addr: 0000b3c0, mem_rdata: 00000000, mem_wdata: ffffffff
ClkCycle:       9216, pc_rdata: 00008a46, pc_wdata: 00008a4a, insn: 0001d14c, mode: 3, rs1_addr:  0, rs1_rdata: 00000000, rs2_addr:  0, rs2_rdata: 00000000, rd_addr:  0, rd_wdata: 00000000, mem_addr: 00000000, mem_rdata: 00000000, mem_wdata: 00000000
ClkCycle:       9217, pc_rdata: 00008a4a, pc_wdata: 00008a4c, insn: 95930010, mode: 3, rs1_addr:  0, rs1_rdata: 00000000, rs2_addr:  0, rs2_rdata: 00000000, rd_addr:  0, rd_wdata: 00000000, mem_addr: 00000000, mem_rdata: 00000000, mem_wdata: 00000000
ClkCycle:       9218, pc_rdata: 00008a4c, pc_wdata: 00008a4e, insn: 95930010, mode: 3, rs1_addr:  2, rs1_rdata: 00000024, rs2_addr:  0, rs2_rdata: 00000000, rd_addr: 12, rd_wdata: 00000024, mem_addr: 00000024, mem_rdata: 00000000, mem_wdata: 00000000
ClkCycle:       9219, pc_rdata: 00008a4e, pc_wdata: 00008a52, insn: 95930010, mode: 3, rs1_addr:  0, rs1_rdata: 00000000, rs2_addr:  0, rs2_rdata: 00000000, rd_addr:  0, rd_wdata: 00000000, mem_addr: 00000000, mem_rdata: 00000000, mem_wdata: 00000000
ClkCycle:       9220, pc_rdata: 00008a52, pc_wdata: 00008a56, insn: 8513fff5, mode: 3, rs1_addr: 11, rs1_rdata: ffffffff, rs2_addr: 31, rs2_rdata: 00000000, rd_addr: 11, rd_wdata: 80000000, mem_addr: 80000000, mem_rdata: 00000000, mem_wdata: 00000000
ClkCycle:       9221, pc_rdata: 00008a56, pc_wdata: 00008a5a, insn: 8513fff5, mode: 3, rs1_addr:  0, rs1_rdata: 00000000, rs2_addr:  0, rs2_rdata: 00000000, rd_addr:  0, rd_wdata: 00000000, mem_addr: 00000000, mem_rdata: 00000000, mem_wdata: 00000000
ClkCycle:       9222, pc_rdata: 00008a5a, pc_wdata: 00008a5e, insn: 053304c0, mode: 3, rs1_addr:  1, rs1_rdata: 0000b118, rs2_addr: 12, rs2_rdata: 00000024, rd_addr: 10, rd_wdata: 0000b164, mem_addr: 0000b164, mem_rdata: 00000000, mem_wdata: 00000024
ClkCycle:       9223, pc_rdata: 00008a5e, pc_wdata: 00008a62, insn: 053304c0, mode: 3, rs1_addr:  0, rs1_rdata: 00000000, rs2_addr:  0, rs2_rdata: 00000000, rd_addr:  0, rd_wdata: 00000000, mem_addr: 00000000, mem_rdata: 00000000, mem_wdata: 00000000
ClkCycle:       9224, pc_rdata: 00008a62, pc_wdata: 00008a66, insn: 00010001, mode: 3, rs1_addr:  2, rs1_rdata: 00000024, rs2_addr:  0, rs2_rdata: 00000000, rd_addr: 10, rd_wdata: 00000024, mem_addr: 00000024, mem_rdata: 00000000, mem_wdata: 00000000
ClkCycle:       9225, pc_rdata: 00008a66, pc_wdata: 00008a6a, insn: 00010001, mode: 3, rs1_addr:  0, rs1_rdata: 00000000, rs2_addr:  0, rs2_rdata: 00000000, rd_addr:  0, rd_wdata: 00000000, mem_addr: 00000000, mem_rdata: 00000000, mem_wdata: 00000000
ClkCycle:       9226, pc_rdata: 00008a6a, pc_wdata: 00008a6c, insn: 00e59593, mode: 3, rs1_addr:  0, rs1_rdata: 00000000, rs2_addr:  0, rs2_rdata: 00000000, rd_addr:  0, rd_wdata: 00000000, mem_addr: 00000000, mem_rdata: 00000000, mem_wdata: 00000000
ClkCycle:       9227, pc_rdata: 00008a6c, pc_wdata: 00008a70, insn: 00e59593, mode: 3, rs1_addr: 11, rs1_rdata: 80000000, rs2_addr: 14, rs2_rdata: 0000b114, rd_addr: 11, rd_wdata: 00000000, mem_addr: 00000000, mem_rdata: 00000000, mem_wdata: 0000b114
ClkCycle:       9228, pc_rdata: 00008a70, pc_wdata: 00008a74, insn: fff5c593, mode: 3, rs1_addr: 11, rs1_rdata: 80000000, rs2_addr: 31, rs2_rdata: 00000000, rd_addr: 11, rd_wdata: ffffffff, mem_addr: ffffffff, mem_rdata: 00000000, mem_wdata: 00000000
ClkCycle:       9229, pc_rdata: 00008a74, pc_wdata: 00008a78, insn: 2b808513, mode: 3, rs1_addr:  1, rs1_rdata: 0000b118, rs2_addr: 24, rs2_rdata: 0000007d, rd_addr: 10, rd_wdata: 0000b3d0, mem_addr: 0000b3d0, mem_rdata: 00000000, mem_wdata: 0000007d
ClkCycle:       9230, pc_rdata: 00008a78, pc_wdata: 00008a7c, insn: 03400113, mode: 3, rs1_addr:  0, rs1_rdata: 00000000, rs2_addr: 20, rs2_rdata: d5bfff6f, rd_addr:  2, rd_wdata: 00000034, mem_addr: 00000034, mem_rdata: 00000000, mem_wdata: d5bfff6f
ClkCycle:       9231, pc_rdata: 00008a7c, pc_wdata: 00008a80, insn: 40250533, mode: 3, rs1_addr: 10, rs1_rdata: 00000024, rs2_addr:  2, rs2_rdata: 00000024, rd_addr: 10, rd_wdata: 0000b39c, mem_addr: 0000b39c, mem_rdata: 00000000, mem_wdata: 00000034
ffffe000ffffffff
ClkCycle:       9232, pc_rdata: 00008a80, pc_wdata: 00008a82, insn: 0001d94c, mode: 3, rs1_addr: 10, rs1_rdata: 0000b3d0, rs2_addr: 11, rs2_rdata: ffffffff, rd_addr: 20, rd_wdata: 0000b3d0, mem_addr: 0000b3d0, mem_rdata: 00000000, mem_wdata: ffffffff
ClkCycle:       9233, pc_rdata: 00008a82, pc_wdata: 00008a86, insn: 0001d94c, mode: 3, rs1_addr:  0, rs1_rdata: 00000000, rs2_addr:  0, rs2_rdata: 00000000, rd_addr:  0, rd_wdata: 00000000, mem_addr: 00000000, mem_rdata: 00000000, mem_wdata: 00000000
ClkCycle:       9234, pc_rdata: 00008a86, pc_wdata: 00008a88, insn: 95930010, mode: 3, rs1_addr:  0, rs1_rdata: 00000000, rs2_addr:  0, rs2_rdata: 00000000, rd_addr:  0, rd_wdata: 00000000, mem_addr: 00000000, mem_rdata: 00000000, mem_wdata: 00000000
ClkCycle:       9235, pc_rdata: 00008a88, pc_wdata: 00008a8a, insn: 95930010, mode: 3, rs1_addr:  2, rs1_rdata: 00000034, rs2_addr:  0, rs2_rdata: 00000000, rd_addr: 12, rd_wdata: 00000034, mem_addr: 00000034, mem_rdata: 00000000, mem_wdata: 00000000
ClkCycle:       9236, pc_rdata: 00008a8a, pc_wdata: 00008a8e, insn: 95930010, mode: 3, rs1_addr:  0, rs1_rdata: 00000000, rs2_addr:  0, rs2_rdata: 00000000, rd_addr:  0, rd_wdata: 00000000, mem_addr: 00000000, mem_rdata: 00000000, mem_wdata: 00000000
ClkCycle:       9237, pc_rdata: 00008a8e, pc_wdata: 00008a92, insn: 8513fff5, mode: 3, rs1_addr: 11, rs1_rdata: ffffffff, rs2_addr: 31, rs2_rdata: 00000000, rd_addr: 11, rd_wdata: 80000000, mem_addr: 80000000, mem_rdata: 00000000, mem_wdata: 00000000
ClkCycle:       9238, pc_rdata: 00008a92, pc_wdata: 00008a96, insn: 8513fff5, mode: 3, rs1_addr:  0, rs1_rdata: 00000000, rs2_addr:  0, rs2_rdata: 00000000, rd_addr:  0, rd_wdata: 00000000, mem_addr: 00000000, mem_rdata: 00000000, mem_wdata: 00000000
ClkCycle:       9239, pc_rdata: 00008a96, pc_wdata: 00008a9a, insn: 053306c0, mode: 3, rs1_addr:  1, rs1_rdata: 0000b118, rs2_addr: 12, rs2_rdata: 00000034, rd_addr: 10, rd_wdata: 0000b184, mem_addr: 0000b184, mem_rdata: 00000000, mem_wdata: 00000034
ClkCycle:       9240, pc_rdata: 00008a9a, pc_wdata: 00008a9e, insn: 053306c0, mode: 3, rs1_addr:  0, rs1_rdata: 00000000, rs2_addr:  0, rs2_rdata: 00000000, rd_addr:  0, rd_wdata: 00000000, mem_addr: 00000000, mem_rdata: 00000000, mem_wdata: 00000000
ClkCycle:       9241, pc_rdata: 00008a9e, pc_wdata: 00008aa2, insn: 00010001, mode: 3, rs1_addr:  2, rs1_rdata: 00000034, rs2_addr:  0, rs2_rdata: 00000000, rd_addr: 10, rd_wdata: 00000034, mem_addr: 00000034, mem_rdata: 00000000, mem_wdata: 00000000
ClkCycle:       9242, pc_rdata: 00008aa2, pc_wdata: 00008aa6, insn: 00010001, mode: 3, rs1_addr:  0, rs1_rdata: 00000000, rs2_addr:  0, rs2_rdata: 00000000, rd_addr:  0, rd_wdata: 00000000, mem_addr: 00000000, mem_rdata: 00000000, mem_wdata: 00000000
ClkCycle:       9243, pc_rdata: 00008aa6, pc_wdata: 00008aa8, insn: 01059593, mode: 3, rs1_addr:  0, rs1_rdata: 00000000, rs2_addr:  0, rs2_rdata: 00000000, rd_addr:  0, rd_wdata: 00000000, mem_addr: 00000000, mem_rdata: 00000000, mem_wdata: 00000000
ClkCycle:       9244, pc_rdata: 00008aa8, pc_wdata: 00008aac, insn: 01059593, mode: 3, rs1_addr: 11, rs1_rdata: 80000000, rs2_addr: 16, rs2_rdata: 7d5bfddb, rd_addr: 11, rd_wdata: 00000000, mem_addr: 00000000, mem_rdata: 00000000, mem_wdata: 7d5bfddb
ClkCycle:       9245, pc_rdata: 00008aac, pc_wdata: 00008ab0, insn: fff5c593, mode: 3, rs1_addr: 11, rs1_rdata: 80000000, rs2_addr: 31, rs2_rdata: 00000000, rd_addr: 11, rd_wdata: ffffffff, mem_addr: ffffffff, mem_rdata: 00000000, mem_wdata: 00000000
ClkCycle:       9246, pc_rdata: 00008ab0, pc_wdata: 00008ab4, insn: 2c808513, mode: 3, rs1_addr:  1, rs1_rdata: 0000b118, rs2_addr:  8, rs2_rdata: 00000000, rd_addr: 10, rd_wdata: 0000b3e0, mem_addr: 0000b3e0, mem_rdata: 00000000, mem_wdata: 00000000
ClkCycle:       9247, pc_rdata: 00008ab4, pc_wdata: 00008ab8, insn: 04c00113, mode: 3, rs1_addr:  0, rs1_rdata: 00000000, rs2_addr: 12, rs2_rdata: 00000034, rd_addr:  2, rd_wdata: 0000004c, mem_addr: 0000004c, mem_rdata: 00000000, mem_wdata: 00000034
ClkCycle:       9248, pc_rdata: 00008ab8, pc_wdata: 00008abc, insn: 40250533, mode: 3, rs1_addr: 10, rs1_rdata: 00000034, rs2_addr:  2, rs2_rdata: 00000034, rd_addr: 10, rd_wdata: 0000b394, mem_addr: 0000b394, mem_rdata: 00000000, mem_wdata: 0000004c
ffff8000ffffffff
ClkCycle:       9249, pc_rdata: 00008abc, pc_wdata: 00008abe, insn: 0001c56c, mode: 3, rs1_addr: 10, rs1_rdata: 0000b3e0, rs2_addr: 11, rs2_rdata: ffffffff, rd_addr: 12, rd_wdata: 0000b3e0, mem_addr: 0000b3e0, mem_rdata: 00000000, mem_wdata: ffffffff
ClkCycle:       9250, pc_rdata: 00008abe, pc_wdata: 00008ac2, insn: 0001c56c, mode: 3, rs1_addr:  0, rs1_rdata: 00000000, rs2_addr:  0, rs2_rdata: 00000000, rd_addr:  0, rd_wdata: 00000000, mem_addr: 00000000, mem_rdata: 00000000, mem_wdata: 00000000
ClkCycle:       9251, pc_rdata: 00008ac2, pc_wdata: 00008ac4, insn: 95930010, mode: 3, rs1_addr:  0, rs1_rdata: 00000000, rs2_addr:  0, rs2_rdata: 00000000, rd_addr:  0, rd_wdata: 00000000, mem_addr: 00000000, mem_rdata: 00000000, mem_wdata: 00000000
ClkCycle:       9252, pc_rdata: 00008ac4, pc_wdata: 00008ac6, insn: 95930010, mode: 3, rs1_addr:  2, rs1_rdata: 0000004c, rs2_addr:  0, rs2_rdata: 00000000, rd_addr: 12, rd_wdata: 0000004c, mem_addr: 0000004c, mem_rdata: 00000000, mem_wdata: 00000000
ClkCycle:       9253, pc_rdata: 00008ac6, pc_wdata: 00008aca, insn: 95930010, mode: 3, rs1_addr:  0, rs1_rdata: 00000000, rs2_addr:  0, rs2_rdata: 00000000, rd_addr:  0, rd_wdata: 00000000, mem_addr: 00000000, mem_rdata: 00000000, mem_wdata: 00000000
ClkCycle:       9254, pc_rdata: 00008aca, pc_wdata: 00008ace, insn: 8513fff5, mode: 3, rs1_addr: 11, rs1_rdata: ffffffff, rs2_addr: 31, rs2_rdata: 00000000, rd_addr: 11, rd_wdata: 80000000, mem_addr: 80000000, mem_rdata: 00000000, mem_wdata: 00000000
ClkCycle:       9255, pc_rdata: 00008ace, pc_wdata: 00008ad2, insn: 8513fff5, mode: 3, rs1_addr:  0, rs1_rdata: 00000000, rs2_addr:  0, rs2_rdata: 00000000, rd_addr:  0, rd_wdata: 00000000, mem_addr: 00000000, mem_rdata: 00000000, mem_wdata: 00000000
ClkCycle:       9256, pc_rdata: 00008ad2, pc_wdata: 00008ad6, insn: 053300c0, mode: 3, rs1_addr:  1, rs1_rdata: 0000b118, rs2_addr: 12, rs2_rdata: 0000004c, rd_addr: 10, rd_wdata: 0000b124, mem_addr: 0000b124, mem_rdata: 00000000, mem_wdata: 0000004c
ClkCycle:       9257, pc_rdata: 00008ad6, pc_wdata: 00008ada, insn: 053300c0, mode: 3, rs1_addr:  0, rs1_rdata: 00000000, rs2_addr:  0, rs2_rdata: 00000000, rd_addr:  0, rd_wdata: 00000000, mem_addr: 00000000, mem_rdata: 00000000, mem_wdata: 00000000
ClkCycle:       9258, pc_rdata: 00008ada, pc_wdata: 00008ade, insn: 00010001, mode: 3, rs1_addr:  2, rs1_rdata: 0000004c, rs2_addr:  0, rs2_rdata: 00000000, rd_addr: 10, rd_wdata: 0000004c, mem_addr: 0000004c, mem_rdata: 00000000, mem_wdata: 00000000
ClkCycle:       9259, pc_rdata: 00008ade, pc_wdata: 00008ae2, insn: 00010001, mode: 3, rs1_addr:  0, rs1_rdata: 00000000, rs2_addr:  0, rs2_rdata: 00000000, rd_addr:  0, rd_wdata: 00000000, mem_addr: 00000000, mem_rdata: 00000000, mem_wdata: 00000000
ClkCycle:       9260, pc_rdata: 00008ae2, pc_wdata: 00008ae4, insn: 01259593, mode: 3, rs1_addr:  0, rs1_rdata: 00000000, rs2_addr:  0, rs2_rdata: 00000000, rd_addr:  0, rd_wdata: 00000000, mem_addr: 00000000, mem_rdata: 00000000, mem_wdata: 00000000
ClkCycle:       9261, pc_rdata: 00008ae4, pc_wdata: 00008ae8, insn: 01259593, mode: 3, rs1_addr: 11, rs1_rdata: 80000000, rs2_addr: 18, rs2_rdata: ffdbffff, rd_addr: 11, rd_wdata: 00000000, mem_addr: 00000000, mem_rdata: 00000000, mem_wdata: ffdbffff
ClkCycle:       9262, pc_rdata: 00008ae8, pc_wdata: 00008aec, insn: fff5c593, mode: 3, rs1_addr: 11, rs1_rdata: 80000000, rs2_addr: 31, rs2_rdata: 00000000, rd_addr: 11, rd_wdata: ffffffff, mem_addr: ffffffff, mem_rdata: 00000000, mem_wdata: 00000000
ClkCycle:       9263, pc_rdata: 00008aec, pc_wdata: 00008af0, insn: 2d808513, mode: 3, rs1_addr:  1, rs1_rdata: 0000b118, rs2_addr: 24, rs2_rdata: 0000007d, rd_addr: 10, rd_wdata: 0000b3f0, mem_addr: 0000b3f0, mem_rdata: 00000000, mem_wdata: 0000007d
ClkCycle:       9264, pc_rdata: 00008af0, pc_wdata: 00008af4, insn: 02400113, mode: 3, rs1_addr:  0, rs1_rdata: 00000000, rs2_addr:  4, rs2_rdata: 6dfdffff, rd_addr:  2, rd_wdata: 00000024, mem_addr: 00000024, mem_rdata: 00000000, mem_wdata: 6dfdffff
ClkCycle:       9265, pc_rdata: 00008af4, pc_wdata: 00008af8, insn: 40250533, mode: 3, rs1_addr: 10, rs1_rdata: 0000004c, rs2_addr:  2, rs2_rdata: 0000004c, rd_addr: 10, rd_wdata: 0000b3cc, mem_addr: 0000b3cc, mem_rdata: 00000000, mem_wdata: 00000024
fffe0000ffffffff
ClkCycle:       9266, pc_rdata: 00008af8, pc_wdata: 00008afa, insn: 0001d14c, mode: 3, rs1_addr: 10, rs1_rdata: 0000b3f0, rs2_addr: 11, rs2_rdata: ffffffff, rd_addr:  4, rd_wdata: 0000b3f0, mem_addr: 0000b3f0, mem_rdata: 00000000, mem_wdata: ffffffff
ClkCycle:       9267, pc_rdata: 00008afa, pc_wdata: 00008afe, insn: 0001d14c, mode: 3, rs1_addr:  0, rs1_rdata: 00000000, rs2_addr:  0, rs2_rdata: 00000000, rd_addr:  0, rd_wdata: 00000000, mem_addr: 00000000, mem_rdata: 00000000, mem_wdata: 00000000
ClkCycle:       9268, pc_rdata: 00008afe, pc_wdata: 00008b00, insn: 95930010, mode: 3, rs1_addr:  0, rs1_rdata: 00000000, rs2_addr:  0, rs2_rdata: 00000000, rd_addr:  0, rd_wdata: 00000000, mem_addr: 00000000, mem_rdata: 00000000, mem_wdata: 00000000
ClkCycle:       9269, pc_rdata: 00008b00, pc_wdata: 00008b02, insn: 95930010, mode: 3, rs1_addr:  2, rs1_rdata: 00000024, rs2_addr:  0, rs2_rdata: 00000000, rd_addr: 12, rd_wdata: 00000024, mem_addr: 00000024, mem_rdata: 00000000, mem_wdata: 00000000
ClkCycle:       9270, pc_rdata: 00008b02, pc_wdata: 00008b06, insn: 95930010, mode: 3, rs1_addr:  0, rs1_rdata: 00000000, rs2_addr:  0, rs2_rdata: 00000000, rd_addr:  0, rd_wdata: 00000000, mem_addr: 00000000, mem_rdata: 00000000, mem_wdata: 00000000
ClkCycle:       9271, pc_rdata: 00008b06, pc_wdata: 00008b0a, insn: 8513fff5, mode: 3, rs1_addr: 11, rs1_rdata: ffffffff, rs2_addr: 31, rs2_rdata: 00000000, rd_addr: 11, rd_wdata: 80000000, mem_addr: 80000000, mem_rdata: 00000000, mem_wdata: 00000000
ClkCycle:       9272, pc_rdata: 00008b0a, pc_wdata: 00008b0e, insn: 8513fff5, mode: 3, rs1_addr:  0, rs1_rdata: 00000000, rs2_addr:  0, rs2_rdata: 00000000, rd_addr:  0, rd_wdata: 00000000, mem_addr: 00000000, mem_rdata: 00000000, mem_wdata: 00000000
ClkCycle:       9273, pc_rdata: 00008b0e, pc_wdata: 00008b12, insn: 053300c0, mode: 3, rs1_addr:  1, rs1_rdata: 0000b118, rs2_addr: 12, rs2_rdata: 00000024, rd_addr: 10, rd_wdata: 0000b124, mem_addr: 0000b124, mem_rdata: 00000000, mem_wdata: 00000024
ClkCycle:       9274, pc_rdata: 00008b12, pc_wdata: 00008b16, insn: 053300c0, mode: 3, rs1_addr:  0, rs1_rdata: 00000000, rs2_addr:  0, rs2_rdata: 00000000, rd_addr:  0, rd_wdata: 00000000, mem_addr: 00000000, mem_rdata: 00000000, mem_wdata: 00000000
ClkCycle:       9275, pc_rdata: 00008b16, pc_wdata: 00008b1a, insn: 00010001, mode: 3, rs1_addr:  2, rs1_rdata: 00000024, rs2_addr:  0, rs2_rdata: 00000000, rd_addr: 10, rd_wdata: 00000024, mem_addr: 00000024, mem_rdata: 00000000, mem_wdata: 00000000
ClkCycle:       9276, pc_rdata: 00008b1a, pc_wdata: 00008b1e, insn: 00010001, mode: 3, rs1_addr:  0, rs1_rdata: 00000000, rs2_addr:  0, rs2_rdata: 00000000, rd_addr:  0, rd_wdata: 00000000, mem_addr: 00000000, mem_rdata: 00000000, mem_wdata: 00000000
ClkCycle:       9277, pc_rdata: 00008b1e, pc_wdata: 00008b20, insn: 01459593, mode: 3, rs1_addr:  0, rs1_rdata: 00000000, rs2_addr:  0, rs2_rdata: 00000000, rd_addr:  0, rd_wdata: 00000000, mem_addr: 00000000, mem_rdata: 00000000, mem_wdata: 00000000
ClkCycle:       9278, pc_rdata: 00008b20, pc_wdata: 00008b24, insn: 01459593, mode: 3, rs1_addr: 11, rs1_rdata: 80000000, rs2_addr: 20, rs2_rdata: d5bfff6f, rd_addr: 11, rd_wdata: 00000000, mem_addr: 00000000, mem_rdata: 00000000, mem_wdata: d5bfff6f
ClkCycle:       9279, pc_rdata: 00008b24, pc_wdata: 00008b28, insn: fff5c593, mode: 3, rs1_addr: 11, rs1_rdata: 80000000, rs2_addr: 31, rs2_rdata: 00000000, rd_addr: 11, rd_wdata: ffffffff, mem_addr: ffffffff, mem_rdata: 00000000, mem_wdata: 00000000
ClkCycle:       9280, pc_rdata: 00008b28, pc_wdata: 00008b2c, insn: 2e808513, mode: 3, rs1_addr:  1, rs1_rdata: 0000b118, rs2_addr:  8, rs2_rdata: 00000000, rd_addr: 10, rd_wdata: 0000b400, mem_addr: 0000b400, mem_rdata: 00000000, mem_wdata: 00000000
ClkCycle:       9281, pc_rdata: 00008b2c, pc_wdata: 00008b30, insn: 03c00113, mode: 3, rs1_addr:  0, rs1_rdata: 00000000, rs2_addr: 28, rs2_rdata: 00000000, rd_addr:  2, rd_wdata: 0000003c, mem_addr: 0000003c, mem_rdata: 00000000, mem_wdata: 00000000
ClkCycle:       9282, pc_rdata: 00008b30, pc_wdata: 00008b34, insn: 40250533, mode: 3, rs1_addr: 10, rs1_rdata: 00000024, rs2_addr:  2, rs2_rdata: 00000024, rd_addr: 10, rd_wdata: 0000b3c4, mem_addr: 0000b3c4, mem_rdata: 00000000, mem_wdata: 0000003c
fff80000ffffffff
ClkCycle:       9283, pc_rdata: 00008b34, pc_wdata: 00008b36, insn: 0001dd4c, mode: 3, rs1_addr: 10, rs1_rdata: 0000b400, rs2_addr: 11, rs2_rdata: ffffffff, rd_addr: 28, rd_wdata: 0000b400, mem_addr: 0000b400, mem_rdata: 00000000, mem_wdata: ffffffff
ClkCycle:       9284, pc_rdata: 00008b36, pc_wdata: 00008b3a, insn: 0001dd4c, mode: 3, rs1_addr:  0, rs1_rdata: 00000000, rs2_addr:  0, rs2_rdata: 00000000, rd_addr:  0, rd_wdata: 00000000, mem_addr: 00000000, mem_rdata: 00000000, mem_wdata: 00000000
ClkCycle:       9285, pc_rdata: 00008b3a, pc_wdata: 00008b3c, insn: 95930010, mode: 3, rs1_addr:  0, rs1_rdata: 00000000, rs2_addr:  0, rs2_rdata: 00000000, rd_addr:  0, rd_wdata: 00000000, mem_addr: 00000000, mem_rdata: 00000000, mem_wdata: 00000000
ClkCycle:       9286, pc_rdata: 00008b3c, pc_wdata: 00008b3e, insn: 95930010, mode: 3, rs1_addr:  2, rs1_rdata: 0000003c, rs2_addr:  0, rs2_rdata: 00000000, rd_addr: 12, rd_wdata: 0000003c, mem_addr: 0000003c, mem_rdata: 00000000, mem_wdata: 00000000
ClkCycle:       9287, pc_rdata: 00008b3e, pc_wdata: 00008b42, insn: 95930010, mode: 3, rs1_addr:  0, rs1_rdata: 00000000, rs2_addr:  0, rs2_rdata: 00000000, rd_addr:  0, rd_wdata: 00000000, mem_addr: 00000000, mem_rdata: 00000000, mem_wdata: 00000000
ClkCycle:       9288, pc_rdata: 00008b42, pc_wdata: 00008b46, insn: 8513fff5, mode: 3, rs1_addr: 11, rs1_rdata: ffffffff, rs2_addr: 31, rs2_rdata: 00000000, rd_addr: 11, rd_wdata: 80000000, mem_addr: 80000000, mem_rdata: 00000000, mem_wdata: 00000000
ClkCycle:       9289, pc_rdata: 00008b46, pc_wdata: 00008b4a, insn: 8513fff5, mode: 3, rs1_addr:  0, rs1_rdata: 00000000, rs2_addr:  0, rs2_rdata: 00000000, rd_addr:  0, rd_wdata: 00000000, mem_addr: 00000000, mem_rdata: 00000000, mem_wdata: 00000000
ClkCycle:       9290, pc_rdata: 00008b4a, pc_wdata: 00008b4e, insn: 05330400, mode: 3, rs1_addr:  1, rs1_rdata: 0000b118, rs2_addr:  0, rs2_rdata: 00000000, rd_addr: 10, rd_wdata: 0000b158, mem_addr: 0000b158, mem_rdata: 00000000, mem_wdata: 00000000
ClkCycle:       9291, pc_rdata: 00008b4e, pc_wdata: 00008b52, insn: 05330400, mode: 3, rs1_addr:  0, rs1_rdata: 00000000, rs2_addr:  0, rs2_rdata: 00000000, rd_addr:  0, rd_wdata: 00000000, mem_addr: 00000000, mem_rdata: 00000000, mem_wdata: 00000000
ClkCycle:       9292, pc_rdata: 00008b52, pc_wdata: 00008b56, insn: 00010001, mode: 3, rs1_addr:  2, rs1_rdata: 0000003c, rs2_addr:  0, rs2_rdata: 00000000, rd_addr: 10, rd_wdata: 0000003c, mem_addr: 0000003c, mem_rdata: 00000000, mem_wdata: 00000000
ClkCycle:       9293, pc_rdata: 00008b56, pc_wdata: 00008b5a, insn: 00010001, mode: 3, rs1_addr:  0, rs1_rdata: 00000000, rs2_addr:  0, rs2_rdata: 00000000, rd_addr:  0, rd_wdata: 00000000, mem_addr: 00000000, mem_rdata: 00000000, mem_wdata: 00000000
ClkCycle:       9294, pc_rdata: 00008b5a, pc_wdata: 00008b5c, insn: 01659593, mode: 3, rs1_addr:  0, rs1_rdata: 00000000, rs2_addr:  0, rs2_rdata: 00000000, rd_addr:  0, rd_wdata: 00000000, mem_addr: 00000000, mem_rdata: 00000000, mem_wdata: 00000000
ClkCycle:       9295, pc_rdata: 00008b5c, pc_wdata: 00008b60, insn: 01659593, mode: 3, rs1_addr: 11, rs1_rdata: 80000000, rs2_addr: 22, rs2_rdata: 001f56ff, rd_addr: 11, rd_wdata: 00000000, mem_addr: 00000000, mem_rdata: 00000000, mem_wdata: 001f56ff
ClkCycle:       9296, pc_rdata: 00008b60, pc_wdata: 00008b64, insn: fff5c593, mode: 3, rs1_addr: 11, rs1_rdata: 80000000, rs2_addr: 31, rs2_rdata: 00000000, rd_addr: 11, rd_wdata: ffffffff, mem_addr: ffffffff, mem_rdata: 00000000, mem_wdata: 00000000
ClkCycle:       9297, pc_rdata: 00008b64, pc_wdata: 00008b68, insn: 2f808513, mode: 3, rs1_addr:  1, rs1_rdata: 0000b118, rs2_addr: 24, rs2_rdata: 0000007d, rd_addr: 10, rd_wdata: 0000b410, mem_addr: 0000b410, mem_rdata: 00000000, mem_wdata: 0000007d
ClkCycle:       9298, pc_rdata: 00008b68, pc_wdata: 00008b6c, insn: 02000113, mode: 3, rs1_addr:  0, rs1_rdata: 00000000, rs2_addr:  0, rs2_rdata: 00000000, rd_addr:  2, rd_wdata: 00000020, mem_addr: 00000020, mem_rdata: 00000000, mem_wdata: 00000000
ClkCycle:       9299, pc_rdata: 00008b6c, pc_wdata: 00008b70, insn: 40250533, mode: 3, rs1_addr: 10, rs1_rdata: 0000003c, rs2_addr:  2, rs2_rdata: 0000003c, rd_addr: 10, rd_wdata: 0000b3f0, mem_addr: 0000b3f0, mem_rdata: 00000000, mem_wdata: 00000020
ffe00000ffffffff
ClkCycle:       9300, pc_rdata: 00008b70, pc_wdata: 00008b72, insn: 0001d10c, mode: 3, rs1_addr: 10, rs1_rdata: 0000b410, rs2_addr: 11, rs2_rdata: ffffffff, rd_addr:  0, rd_wdata: 0000b410, mem_addr: 0000b410, mem_rdata: 00000000, mem_wdata: ffffffff
ClkCycle:       9301, pc_rdata: 00008b72, pc_wdata: 00008b76, insn: 0001d10c, mode: 3, rs1_addr:  0, rs1_rdata: 00000000, rs2_addr:  0, rs2_rdata: 00000000, rd_addr:  0, rd_wdata: 00000000, mem_addr: 00000000, mem_rdata: 00000000, mem_wdata: 00000000
ClkCycle:       9302, pc_rdata: 00008b76, pc_wdata: 00008b78, insn: 95930010, mode: 3, rs1_addr:  0, rs1_rdata: 00000000, rs2_addr:  0, rs2_rdata: 00000000, rd_addr:  0, rd_wdata: 00000000, mem_addr: 00000000, mem_rdata: 00000000, mem_wdata: 00000000
ClkCycle:       9303, pc_rdata: 00008b78, pc_wdata: 00008b7a, insn: 95930010, mode: 3, rs1_addr:  2, rs1_rdata: 00000020, rs2_addr:  0, rs2_rdata: 00000000, rd_addr: 12, rd_wdata: 00000020, mem_addr: 00000020, mem_rdata: 00000000, mem_wdata: 00000000
ClkCycle:       9304, pc_rdata: 00008b7a, pc_wdata: 00008b7e, insn: 95930010, mode: 3, rs1_addr:  0, rs1_rdata: 00000000, rs2_addr:  0, rs2_rdata: 00000000, rd_addr:  0, rd_wdata: 00000000, mem_addr: 00000000, mem_rdata: 00000000, mem_wdata: 00000000
ClkCycle:       9305, pc_rdata: 00008b7e, pc_wdata: 00008b82, insn: 8513fff5, mode: 3, rs1_addr: 11, rs1_rdata: ffffffff, rs2_addr: 31, rs2_rdata: 00000000, rd_addr: 11, rd_wdata: 80000000, mem_addr: 80000000, mem_rdata: 00000000, mem_wdata: 00000000
ClkCycle:       9306, pc_rdata: 00008b82, pc_wdata: 00008b86, insn: 8513fff5, mode: 3, rs1_addr:  0, rs1_rdata: 00000000, rs2_addr:  0, rs2_rdata: 00000000, rd_addr:  0, rd_wdata: 00000000, mem_addr: 00000000, mem_rdata: 00000000, mem_wdata: 00000000
ClkCycle:       9307, pc_rdata: 00008b86, pc_wdata: 00008b8a, insn: 05330280, mode: 3, rs1_addr:  1, rs1_rdata: 0000b118, rs2_addr:  8, rs2_rdata: 00000000, rd_addr: 10, rd_wdata: 0000b140, mem_addr: 0000b140, mem_rdata: 00000000, mem_wdata: 00000000
ClkCycle:       9308, pc_rdata: 00008b8a, pc_wdata: 00008b8e, insn: 05330280, mode: 3, rs1_addr:  0, rs1_rdata: 00000000, rs2_addr:  0, rs2_rdata: 00000000, rd_addr:  0, rd_wdata: 00000000, mem_addr: 00000000, mem_rdata: 00000000, mem_wdata: 00000000
ClkCycle:       9309, pc_rdata: 00008b8e, pc_wdata: 00008b92, insn: 00010001, mode: 3, rs1_addr:  2, rs1_rdata: 00000020, rs2_addr:  0, rs2_rdata: 00000000, rd_addr: 10, rd_wdata: 00000020, mem_addr: 00000020, mem_rdata: 00000000, mem_wdata: 00000000
ClkCycle:       9310, pc_rdata: 00008b92, pc_wdata: 00008b96, insn: 00010001, mode: 3, rs1_addr:  0, rs1_rdata: 00000000, rs2_addr:  0, rs2_rdata: 00000000, rd_addr:  0, rd_wdata: 00000000, mem_addr: 00000000, mem_rdata: 00000000, mem_wdata: 00000000
ClkCycle:       9311, pc_rdata: 00008b96, pc_wdata: 00008b98, insn: 01859593, mode: 3, rs1_addr:  0, rs1_rdata: 00000000, rs2_addr:  0, rs2_rdata: 00000000, rd_addr:  0, rd_wdata: 00000000, mem_addr: 00000000, mem_rdata: 00000000, mem_wdata: 00000000
ClkCycle:       9312, pc_rdata: 00008b98, pc_wdata: 00008b9c, insn: 01859593, mode: 3, rs1_addr: 11, rs1_rdata: 80000000, rs2_addr: 24, rs2_rdata: 0000007d, rd_addr: 11, rd_wdata: 00000000, mem_addr: 00000000, mem_rdata: 00000000, mem_wdata: 0000007d
ClkCycle:       9313, pc_rdata: 00008b9c, pc_wdata: 00008ba0, insn: fff5c593, mode: 3, rs1_addr: 11, rs1_rdata: 80000000, rs2_addr: 31, rs2_rdata: 00000000, rd_addr: 11, rd_wdata: ffffffff, mem_addr: ffffffff, mem_rdata: 00000000, mem_wdata: 00000000
ClkCycle:       9314, pc_rdata: 00008ba0, pc_wdata: 00008ba4, insn: 30808513, mode: 3, rs1_addr:  1, rs1_rdata: 0000b118, rs2_addr:  8, rs2_rdata: 00000000, rd_addr: 10, rd_wdata: 0000b420, mem_addr: 0000b420, mem_rdata: 00000000, mem_wdata: 00000000
ClkCycle:       9315, pc_rdata: 00008ba4, pc_wdata: 00008ba8, insn: 04c00113, mode: 3, rs1_addr:  0, rs1_rdata: 00000000, rs2_addr: 12, rs2_rdata: 00000020, rd_addr:  2, rd_wdata: 0000004c, mem_addr: 0000004c, mem_rdata: 00000000, mem_wdata: 00000020
ClkCycle:       9316, pc_rdata: 00008ba8, pc_wdata: 00008bac, insn: 40250533, mode: 3, rs1_addr: 10, rs1_rdata: 00000020, rs2_addr:  2, rs2_rdata: 00000020, rd_addr: 10, rd_wdata: 0000b3d4, mem_addr: 0000b3d4, mem_rdata: 00000000, mem_wdata: 0000004c
ff800000ffffffff
ClkCycle:       9317, pc_rdata: 00008bac, pc_wdata: 00008bae, insn: 0001c56c, mode: 3, rs1_addr: 10, rs1_rdata: 0000b420, rs2_addr: 11, rs2_rdata: ffffffff, rd_addr: 12, rd_wdata: 0000b420, mem_addr: 0000b420, mem_rdata: 00000000, mem_wdata: ffffffff
ClkCycle:       9318, pc_rdata: 00008bae, pc_wdata: 00008bb2, insn: 0001c56c, mode: 3, rs1_addr:  0, rs1_rdata: 00000000, rs2_addr:  0, rs2_rdata: 00000000, rd_addr:  0, rd_wdata: 00000000, mem_addr: 00000000, mem_rdata: 00000000, mem_wdata: 00000000
ClkCycle:       9319, pc_rdata: 00008bb2, pc_wdata: 00008bb4, insn: 95930010, mode: 3, rs1_addr:  0, rs1_rdata: 00000000, rs2_addr:  0, rs2_rdata: 00000000, rd_addr:  0, rd_wdata: 00000000, mem_addr: 00000000, mem_rdata: 00000000, mem_wdata: 00000000
ClkCycle:       9320, pc_rdata: 00008bb4, pc_wdata: 00008bb6, insn: 95930010, mode: 3, rs1_addr:  2, rs1_rdata: 0000004c, rs2_addr:  0, rs2_rdata: 00000000, rd_addr: 12, rd_wdata: 0000004c, mem_addr: 0000004c, mem_rdata: 00000000, mem_wdata: 00000000
ClkCycle:       9321, pc_rdata: 00008bb6, pc_wdata: 00008bba, insn: 95930010, mode: 3, rs1_addr:  0, rs1_rdata: 00000000, rs2_addr:  0, rs2_rdata: 00000000, rd_addr:  0, rd_wdata: 00000000, mem_addr: 00000000, mem_rdata: 00000000, mem_wdata: 00000000
ClkCycle:       9322, pc_rdata: 00008bba, pc_wdata: 00008bbe, insn: 8513fff5, mode: 3, rs1_addr: 11, rs1_rdata: ffffffff, rs2_addr: 31, rs2_rdata: 00000000, rd_addr: 11, rd_wdata: 80000000, mem_addr: 80000000, mem_rdata: 00000000, mem_wdata: 00000000
ClkCycle:       9323, pc_rdata: 00008bbe, pc_wdata: 00008bc2, insn: 8513fff5, mode: 3, rs1_addr:  0, rs1_rdata: 00000000, rs2_addr:  0, rs2_rdata: 00000000, rd_addr:  0, rd_wdata: 00000000, mem_addr: 00000000, mem_rdata: 00000000, mem_wdata: 00000000
ClkCycle:       9324, pc_rdata: 00008bc2, pc_wdata: 00008bc6, insn: 05330040, mode: 3, rs1_addr:  1, rs1_rdata: 0000b118, rs2_addr:  4, rs2_rdata: 6dfdffff, rd_addr: 10, rd_wdata: 0000b11c, mem_addr: 0000b11c, mem_rdata: 00000000, mem_wdata: 6dfdffff
ClkCycle:       9325, pc_rdata: 00008bc6, pc_wdata: 00008bca, insn: 05330040, mode: 3, rs1_addr:  0, rs1_rdata: 00000000, rs2_addr:  0, rs2_rdata: 00000000, rd_addr:  0, rd_wdata: 00000000, mem_addr: 00000000, mem_rdata: 00000000, mem_wdata: 00000000
ClkCycle:       9326, pc_rdata: 00008bca, pc_wdata: 00008bce, insn: 00010001, mode: 3, rs1_addr:  2, rs1_rdata: 0000004c, rs2_addr:  0, rs2_rdata: 00000000, rd_addr: 10, rd_wdata: 0000004c, mem_addr: 0000004c, mem_rdata: 00000000, mem_wdata: 00000000
ClkCycle:       9327, pc_rdata: 00008bce, pc_wdata: 00008bd2, insn: 00010001, mode: 3, rs1_addr:  0, rs1_rdata: 00000000, rs2_addr:  0, rs2_rdata: 00000000, rd_addr:  0, rd_wdata: 00000000, mem_addr: 00000000, mem_rdata: 00000000, mem_wdata: 00000000
ClkCycle:       9328, pc_rdata: 00008bd2, pc_wdata: 00008bd4, insn: 01a59593, mode: 3, rs1_addr:  0, rs1_rdata: 00000000, rs2_addr:  0, rs2_rdata: 00000000, rd_addr:  0, rd_wdata: 00000000, mem_addr: 00000000, mem_rdata: 00000000, mem_wdata: 00000000
ClkCycle:       9329, pc_rdata: 00008bd4, pc_wdata: 00008bd8, insn: 01a59593, mode: 3, rs1_addr: 11, rs1_rdata: 80000000, rs2_addr: 26, rs2_rdata: 00000000, rd_addr: 11, rd_wdata: 00000000, mem_addr: 00000000, mem_rdata: 00000000, mem_wdata: 00000000
ClkCycle:       9330, pc_rdata: 00008bd8, pc_wdata: 00008bdc, insn: fff5c593, mode: 3, rs1_addr: 11, rs1_rdata: 80000000, rs2_addr: 31, rs2_rdata: 00000000, rd_addr: 11, rd_wdata: ffffffff, mem_addr: ffffffff, mem_rdata: 00000000, mem_wdata: 00000000
ClkCycle:       9331, pc_rdata: 00008bdc, pc_wdata: 00008be0, insn: 31808513, mode: 3, rs1_addr:  1, rs1_rdata: 0000b118, rs2_addr: 24, rs2_rdata: 0000007d, rd_addr: 10, rd_wdata: 0000b430, mem_addr: 0000b430, mem_rdata: 00000000, mem_wdata: 0000007d
ClkCycle:       9332, pc_rdata: 00008be0, pc_wdata: 00008be4, insn: 01800113, mode: 3, rs1_addr:  0, rs1_rdata: 00000000, rs2_addr: 24, rs2_rdata: 0000007d, rd_addr:  2, rd_wdata: 00000018, mem_addr: 00000018, mem_rdata: 00000000, mem_wdata: 0000007d
ClkCycle:       9333, pc_rdata: 00008be4, pc_wdata: 00008be8, insn: 40250533, mode: 3, rs1_addr: 10, rs1_rdata: 0000004c, rs2_addr:  2, rs2_rdata: 0000004c, rd_addr: 10, rd_wdata: 0000b418, mem_addr: 0000b418, mem_rdata: 00000000, mem_wdata: 00000018
fe000000ffffffff
ClkCycle:       9334, pc_rdata: 00008be8, pc_wdata: 00008bea, insn: 0001cd0c, mode: 3, rs1_addr: 10, rs1_rdata: 0000b430, rs2_addr: 11, rs2_rdata: ffffffff, rd_addr: 24, rd_wdata: 0000b430, mem_addr: 0000b430, mem_rdata: 00000000, mem_wdata: ffffffff
ClkCycle:       9335, pc_rdata: 00008bea, pc_wdata: 00008bee, insn: 0001cd0c, mode: 3, rs1_addr:  0, rs1_rdata: 00000000, rs2_addr:  0, rs2_rdata: 00000000, rd_addr:  0, rd_wdata: 00000000, mem_addr: 00000000, mem_rdata: 00000000, mem_wdata: 00000000
ClkCycle:       9336, pc_rdata: 00008bee, pc_wdata: 00008bf0, insn: 95930010, mode: 3, rs1_addr:  0, rs1_rdata: 00000000, rs2_addr:  0, rs2_rdata: 00000000, rd_addr:  0, rd_wdata: 00000000, mem_addr: 00000000, mem_rdata: 00000000, mem_wdata: 00000000
ClkCycle:       9337, pc_rdata: 00008bf0, pc_wdata: 00008bf2, insn: 95930010, mode: 3, rs1_addr:  2, rs1_rdata: 00000018, rs2_addr:  0, rs2_rdata: 00000000, rd_addr: 12, rd_wdata: 00000018, mem_addr: 00000018, mem_rdata: 00000000, mem_wdata: 00000000
ClkCycle:       9338, pc_rdata: 00008bf2, pc_wdata: 00008bf6, insn: 95930010, mode: 3, rs1_addr:  0, rs1_rdata: 00000000, rs2_addr:  0, rs2_rdata: 00000000, rd_addr:  0, rd_wdata: 00000000, mem_addr: 00000000, mem_rdata: 00000000, mem_wdata: 00000000
ClkCycle:       9339, pc_rdata: 00008bf6, pc_wdata: 00008bfa, insn: 8513fff5, mode: 3, rs1_addr: 11, rs1_rdata: ffffffff, rs2_addr: 31, rs2_rdata: 00000000, rd_addr: 11, rd_wdata: 80000000, mem_addr: 80000000, mem_rdata: 00000000, mem_wdata: 00000000
ClkCycle:       9340, pc_rdata: 00008bfa, pc_wdata: 00008bfe, insn: 8513fff5, mode: 3, rs1_addr:  0, rs1_rdata: 00000000, rs2_addr:  0, rs2_rdata: 00000000, rd_addr:  0, rd_wdata: 00000000, mem_addr: 00000000, mem_rdata: 00000000, mem_wdata: 00000000
ClkCycle:       9341, pc_rdata: 00008bfe, pc_wdata: 00008c02, insn: 05330480, mode: 3, rs1_addr:  1, rs1_rdata: 0000b118, rs2_addr:  8, rs2_rdata: 00000000, rd_addr: 10, rd_wdata: 0000b160, mem_addr: 0000b160, mem_rdata: 00000000, mem_wdata: 00000000
ClkCycle:       9342, pc_rdata: 00008c02, pc_wdata: 00008c06, insn: 05330480, mode: 3, rs1_addr:  0, rs1_rdata: 00000000, rs2_addr:  0, rs2_rdata: 00000000, rd_addr:  0, rd_wdata: 00000000, mem_addr: 00000000, mem_rdata: 00000000, mem_wdata: 00000000
ClkCycle:       9343, pc_rdata: 00008c06, pc_wdata: 00008c0a, insn: 00010001, mode: 3, rs1_addr:  2, rs1_rdata: 00000018, rs2_addr:  0, rs2_rdata: 00000000, rd_addr: 10, rd_wdata: 00000018, mem_addr: 00000018, mem_rdata: 00000000, mem_wdata: 00000000
ClkCycle:       9344, pc_rdata: 00008c0a, pc_wdata: 00008c0e, insn: 00010001, mode: 3, rs1_addr:  0, rs1_rdata: 00000000, rs2_addr:  0, rs2_rdata: 00000000, rd_addr:  0, rd_wdata: 00000000, mem_addr: 00000000, mem_rdata: 00000000, mem_wdata: 00000000
ClkCycle:       9345, pc_rdata: 00008c0e, pc_wdata: 00008c10, insn: 01c59593, mode: 3, rs1_addr:  0, rs1_rdata: 00000000, rs2_addr:  0, rs2_rdata: 00000000, rd_addr:  0, rd_wdata: 00000000, mem_addr: 00000000, mem_rdata: 00000000, mem_wdata: 00000000
ClkCycle:       9346, pc_rdata: 00008c10, pc_wdata: 00008c14, insn: 01c59593, mode: 3, rs1_addr: 11, rs1_rdata: 80000000, rs2_addr: 28, rs2_rdata: 00000000, rd_addr: 11, rd_wdata: 00000000, mem_addr: 00000000, mem_rdata: 00000000, mem_wdata: 00000000
ClkCycle:       9347, pc_rdata: 00008c14, pc_wdata: 00008c18, insn: fff5c593, mode: 3, rs1_addr: 11, rs1_rdata: 80000000, rs2_addr: 31, rs2_rdata: 00000000, rd_addr: 11, rd_wdata: ffffffff, mem_addr: ffffffff, mem_rdata: 00000000, mem_wdata: 00000000
ClkCycle:       9348, pc_rdata: 00008c18, pc_wdata: 00008c1c, insn: 32808513, mode: 3, rs1_addr:  1, rs1_rdata: 0000b118, rs2_addr:  8, rs2_rdata: 00000000, rd_addr: 10, rd_wdata: 0000b440, mem_addr: 0000b440, mem_rdata: 00000000, mem_wdata: 00000000
ClkCycle:       9349, pc_rdata: 00008c1c, pc_wdata: 00008c20, insn: 03c00113, mode: 3, rs1_addr:  0, rs1_rdata: 00000000, rs2_addr: 28, rs2_rdata: 00000000, rd_addr:  2, rd_wdata: 0000003c, mem_addr: 0000003c, mem_rdata: 00000000, mem_wdata: 00000000
ClkCycle:       9350, pc_rdata: 00008c20, pc_wdata: 00008c24, insn: 40250533, mode: 3, rs1_addr: 10, rs1_rdata: 00000018, rs2_addr:  2, rs2_rdata: 00000018, rd_addr: 10, rd_wdata: 0000b404, mem_addr: 0000b404, mem_rdata: 00000000, mem_wdata: 0000003c
f8000000ffffffff
ClkCycle:       9351, pc_rdata: 00008c24, pc_wdata: 00008c26, insn: 0001dd4c, mode: 3, rs1_addr: 10, rs1_rdata: 0000b440, rs2_addr: 11, rs2_rdata: ffffffff, rd_addr: 28, rd_wdata: 0000b440, mem_addr: 0000b440, mem_rdata: 00000000, mem_wdata: ffffffff
ClkCycle:       9352, pc_rdata: 00008c26, pc_wdata: 00008c2a, insn: 0001dd4c, mode: 3, rs1_addr:  0, rs1_rdata: 00000000, rs2_addr:  0, rs2_rdata: 00000000, rd_addr:  0, rd_wdata: 00000000, mem_addr: 00000000, mem_rdata: 00000000, mem_wdata: 00000000
ClkCycle:       9353, pc_rdata: 00008c2a, pc_wdata: 00008c2c, insn: 95930010, mode: 3, rs1_addr:  0, rs1_rdata: 00000000, rs2_addr:  0, rs2_rdata: 00000000, rd_addr:  0, rd_wdata: 00000000, mem_addr: 00000000, mem_rdata: 00000000, mem_wdata: 00000000
ClkCycle:       9354, pc_rdata: 00008c2c, pc_wdata: 00008c2e, insn: 95930010, mode: 3, rs1_addr:  2, rs1_rdata: 0000003c, rs2_addr:  0, rs2_rdata: 00000000, rd_addr: 12, rd_wdata: 0000003c, mem_addr: 0000003c, mem_rdata: 00000000, mem_wdata: 00000000
ClkCycle:       9355, pc_rdata: 00008c2e, pc_wdata: 00008c32, insn: 95930010, mode: 3, rs1_addr:  0, rs1_rdata: 00000000, rs2_addr:  0, rs2_rdata: 00000000, rd_addr:  0, rd_wdata: 00000000, mem_addr: 00000000, mem_rdata: 00000000, mem_wdata: 00000000
ClkCycle:       9356, pc_rdata: 00008c32, pc_wdata: 00008c36, insn: 8513fff5, mode: 3, rs1_addr: 11, rs1_rdata: ffffffff, rs2_addr: 31, rs2_rdata: 00000000, rd_addr: 11, rd_wdata: 80000000, mem_addr: 80000000, mem_rdata: 00000000, mem_wdata: 00000000
ClkCycle:       9357, pc_rdata: 00008c36, pc_wdata: 00008c3a, insn: 8513fff5, mode: 3, rs1_addr:  0, rs1_rdata: 00000000, rs2_addr:  0, rs2_rdata: 00000000, rd_addr:  0, rd_wdata: 00000000, mem_addr: 00000000, mem_rdata: 00000000, mem_wdata: 00000000
ClkCycle:       9358, pc_rdata: 00008c3a, pc_wdata: 00008c3e, insn: 05330480, mode: 3, rs1_addr:  1, rs1_rdata: 0000b118, rs2_addr:  8, rs2_rdata: 00000000, rd_addr: 10, rd_wdata: 0000b160, mem_addr: 0000b160, mem_rdata: 00000000, mem_wdata: 00000000
ClkCycle:       9359, pc_rdata: 00008c3e, pc_wdata: 00008c42, insn: 05330480, mode: 3, rs1_addr:  0, rs1_rdata: 00000000, rs2_addr:  0, rs2_rdata: 00000000, rd_addr:  0, rd_wdata: 00000000, mem_addr: 00000000, mem_rdata: 00000000, mem_wdata: 00000000
ClkCycle:       9360, pc_rdata: 00008c42, pc_wdata: 00008c46, insn: 00010001, mode: 3, rs1_addr:  2, rs1_rdata: 0000003c, rs2_addr:  0, rs2_rdata: 00000000, rd_addr: 10, rd_wdata: 0000003c, mem_addr: 0000003c, mem_rdata: 00000000, mem_wdata: 00000000
ClkCycle:       9361, pc_rdata: 00008c46, pc_wdata: 00008c4a, insn: 00010001, mode: 3, rs1_addr:  0, rs1_rdata: 00000000, rs2_addr:  0, rs2_rdata: 00000000, rd_addr:  0, rd_wdata: 00000000, mem_addr: 00000000, mem_rdata: 00000000, mem_wdata: 00000000
ClkCycle:       9362, pc_rdata: 00008c4a, pc_wdata: 00008c4c, insn: 01e59593, mode: 3, rs1_addr:  0, rs1_rdata: 00000000, rs2_addr:  0, rs2_rdata: 00000000, rd_addr:  0, rd_wdata: 00000000, mem_addr: 00000000, mem_rdata: 00000000, mem_wdata: 00000000
ClkCycle:       9363, pc_rdata: 00008c4c, pc_wdata: 00008c50, insn: 01e59593, mode: 3, rs1_addr: 11, rs1_rdata: 80000000, rs2_addr: 30, rs2_rdata: 00000000, rd_addr: 11, rd_wdata: 00000000, mem_addr: 00000000, mem_rdata: 00000000, mem_wdata: 00000000
ClkCycle:       9364, pc_rdata: 00008c50, pc_wdata: 00008c54, insn: fff5c593, mode: 3, rs1_addr: 11, rs1_rdata: 80000000, rs2_addr: 31, rs2_rdata: 00000000, rd_addr: 11, rd_wdata: ffffffff, mem_addr: ffffffff, mem_rdata: 00000000, mem_wdata: 00000000
ClkCycle:       9365, pc_rdata: 00008c54, pc_wdata: 00008c58, insn: 33808513, mode: 3, rs1_addr:  1, rs1_rdata: 0000b118, rs2_addr: 24, rs2_rdata: 0000007d, rd_addr: 10, rd_wdata: 0000b450, mem_addr: 0000b450, mem_rdata: 00000000, mem_wdata: 0000007d
ClkCycle:       9366, pc_rdata: 00008c58, pc_wdata: 00008c5c, insn: 07400113, mode: 3, rs1_addr:  0, rs1_rdata: 00000000, rs2_addr: 20, rs2_rdata: d5bfff6f, rd_addr:  2, rd_wdata: 00000074, mem_addr: 00000074, mem_rdata: 00000000, mem_wdata: d5bfff6f
ClkCycle:       9367, pc_rdata: 00008c5c, pc_wdata: 00008c60, insn: 40250533, mode: 3, rs1_addr: 10, rs1_rdata: 0000003c, rs2_addr:  2, rs2_rdata: 0000003c, rd_addr: 10, rd_wdata: 0000b3dc, mem_addr: 0000b3dc, mem_rdata: 00000000, mem_wdata: 00000074
e0000000ffffffff
ClkCycle:       9368, pc_rdata: 00008c60, pc_wdata: 00008c62, insn: 0001d96c, mode: 3, rs1_addr: 10, rs1_rdata: 0000b450, rs2_addr: 11, rs2_rdata: ffffffff, rd_addr: 20, rd_wdata: 0000b450, mem_addr: 0000b450, mem_rdata: 00000000, mem_wdata: ffffffff
ClkCycle:       9369, pc_rdata: 00008c62, pc_wdata: 00008c66, insn: 0001d96c, mode: 3, rs1_addr:  0, rs1_rdata: 00000000, rs2_addr:  0, rs2_rdata: 00000000, rd_addr:  0, rd_wdata: 00000000, mem_addr: 00000000, mem_rdata: 00000000, mem_wdata: 00000000
ClkCycle:       9370, pc_rdata: 00008c66, pc_wdata: 00008c68, insn: 95930010, mode: 3, rs1_addr:  0, rs1_rdata: 00000000, rs2_addr:  0, rs2_rdata: 00000000, rd_addr:  0, rd_wdata: 00000000, mem_addr: 00000000, mem_rdata: 00000000, mem_wdata: 00000000
ClkCycle:       9371, pc_rdata: 00008c68, pc_wdata: 00008c6a, insn: 95930010, mode: 3, rs1_addr:  2, rs1_rdata: 00000074, rs2_addr:  0, rs2_rdata: 00000000, rd_addr: 12, rd_wdata: 00000074, mem_addr: 00000074, mem_rdata: 00000000, mem_wdata: 00000000
ClkCycle:       9372, pc_rdata: 00008c6a, pc_wdata: 00008c6e, insn: 95930010, mode: 3, rs1_addr:  0, rs1_rdata: 00000000, rs2_addr:  0, rs2_rdata: 00000000, rd_addr:  0, rd_wdata: 00000000, mem_addr: 00000000, mem_rdata: 00000000, mem_wdata: 00000000
ClkCycle:       9373, pc_rdata: 00008c6e, pc_wdata: 00008c72, insn: 8513fff5, mode: 3, rs1_addr: 11, rs1_rdata: ffffffff, rs2_addr: 31, rs2_rdata: 00000000, rd_addr: 11, rd_wdata: 80000000, mem_addr: 80000000, mem_rdata: 00000000, mem_wdata: 00000000
ClkCycle:       9374, pc_rdata: 00008c72, pc_wdata: 00008c76, insn: 8513fff5, mode: 3, rs1_addr:  0, rs1_rdata: 00000000, rs2_addr:  0, rs2_rdata: 00000000, rd_addr:  0, rd_wdata: 00000000, mem_addr: 00000000, mem_rdata: 00000000, mem_wdata: 00000000
ClkCycle:       9375, pc_rdata: 00008c76, pc_wdata: 00008c7a, insn: 05330300, mode: 3, rs1_addr:  1, rs1_rdata: 0000b118, rs2_addr: 16, rs2_rdata: 7d5bfddb, rd_addr: 10, rd_wdata: 0000b148, mem_addr: 0000b148, mem_rdata: 00000000, mem_wdata: 7d5bfddb
ClkCycle:       9376, pc_rdata: 00008c7a, pc_wdata: 00008c7e, insn: 05330300, mode: 3, rs1_addr:  0, rs1_rdata: 00000000, rs2_addr:  0, rs2_rdata: 00000000, rd_addr:  0, rd_wdata: 00000000, mem_addr: 00000000, mem_rdata: 00000000, mem_wdata: 00000000
ClkCycle:       9377, pc_rdata: 00008c7e, pc_wdata: 00008c82, insn: 00010001, mode: 3, rs1_addr:  2, rs1_rdata: 00000074, rs2_addr:  0, rs2_rdata: 00000000, rd_addr: 10, rd_wdata: 00000074, mem_addr: 00000074, mem_rdata: 00000000, mem_wdata: 00000000
ClkCycle:       9378, pc_rdata: 00008c82, pc_wdata: 00008c86, insn: 00010001, mode: 3, rs1_addr:  0, rs1_rdata: 00000000, rs2_addr:  0, rs2_rdata: 00000000, rd_addr:  0, rd_wdata: 00000000, mem_addr: 00000000, mem_rdata: 00000000, mem_wdata: 00000000
ClkCycle:       9379, pc_rdata: 00008c86, pc_wdata: 00008c88, insn: 02059593, mode: 3, rs1_addr:  0, rs1_rdata: 00000000, rs2_addr:  0, rs2_rdata: 00000000, rd_addr:  0, rd_wdata: 00000000, mem_addr: 00000000, mem_rdata: 00000000, mem_wdata: 00000000
ClkCycle:       9380, pc_rdata: 00008c88, pc_wdata: 00008c8c, insn: 02059593, mode: 3, rs1_addr: 11, rs1_rdata: 80000000, rs2_addr:  0, rs2_rdata: 00000000, rd_addr: 11, rd_wdata: 80000000, mem_addr: 80000000, mem_rdata: 00000000, mem_wdata: 00000000
ClkCycle:       9381, pc_rdata: 00008c8c, pc_wdata: 00008c90, insn: fff5c593, mode: 3, rs1_addr: 11, rs1_rdata: 80000000, rs2_addr: 31, rs2_rdata: 00000000, rd_addr: 11, rd_wdata: 7fffffff, mem_addr: 7fffffff, mem_rdata: 00000000, mem_wdata: 00000000
ClkCycle:       9382, pc_rdata: 00008c90, pc_wdata: 00008c94, insn: 34808513, mode: 3, rs1_addr:  1, rs1_rdata: 0000b118, rs2_addr:  8, rs2_rdata: 00000000, rd_addr: 10, rd_wdata: 0000b460, mem_addr: 0000b460, mem_rdata: 00000000, mem_wdata: 00000000
ClkCycle:       9383, pc_rdata: 00008c94, pc_wdata: 00008c98, insn: 02800113, mode: 3, rs1_addr:  0, rs1_rdata: 00000000, rs2_addr:  8, rs2_rdata: 00000000, rd_addr:  2, rd_wdata: 00000028, mem_addr: 00000028, mem_rdata: 00000000, mem_wdata: 00000000
ClkCycle:       9384, pc_rdata: 00008c98, pc_wdata: 00008c9c, insn: 40250533, mode: 3, rs1_addr: 10, rs1_rdata: 00000074, rs2_addr:  2, rs2_rdata: 00000074, rd_addr: 10, rd_wdata: 0000b438, mem_addr: 0000b438, mem_rdata: 00000000, mem_wdata: 00000028
7fffffff7fffffff
ClkCycle:       9385, pc_rdata: 00008c9c, pc_wdata: 00008c9e, insn: 0001d50c, mode: 3, rs1_addr: 10, rs1_rdata: 0000b460, rs2_addr: 11, rs2_rdata: 7fffffff, rd_addr:  8, rd_wdata: 0000b460, mem_addr: 0000b460, mem_rdata: 00000000, mem_wdata: 7fffffff
ClkCycle:       9386, pc_rdata: 00008c9e, pc_wdata: 00008ca2, insn: 0001d50c, mode: 3, rs1_addr:  0, rs1_rdata: 00000000, rs2_addr:  0, rs2_rdata: 00000000, rd_addr:  0, rd_wdata: 00000000, mem_addr: 00000000, mem_rdata: 00000000, mem_wdata: 00000000
ClkCycle:       9387, pc_rdata: 00008ca2, pc_wdata: 00008ca4, insn: 95930010, mode: 3, rs1_addr:  0, rs1_rdata: 00000000, rs2_addr:  0, rs2_rdata: 00000000, rd_addr:  0, rd_wdata: 00000000, mem_addr: 00000000, mem_rdata: 00000000, mem_wdata: 00000000
ClkCycle:       9388, pc_rdata: 00008ca4, pc_wdata: 00008ca6, insn: 95930010, mode: 3, rs1_addr:  2, rs1_rdata: 00000028, rs2_addr:  0, rs2_rdata: 00000000, rd_addr: 12, rd_wdata: 00000028, mem_addr: 00000028, mem_rdata: 00000000, mem_wdata: 00000000
ClkCycle:       9389, pc_rdata: 00008ca6, pc_wdata: 00008caa, insn: 95930010, mode: 3, rs1_addr:  0, rs1_rdata: 00000000, rs2_addr:  0, rs2_rdata: 00000000, rd_addr:  0, rd_wdata: 00000000, mem_addr: 00000000, mem_rdata: 00000000, mem_wdata: 00000000
ClkCycle:       9390, pc_rdata: 00008caa, pc_wdata: 00008cae, insn: 8513fff5, mode: 3, rs1_addr: 11, rs1_rdata: 7fffffff, rs2_addr: 31, rs2_rdata: 00000000, rd_addr: 11, rd_wdata: 80000000, mem_addr: 80000000, mem_rdata: 00000000, mem_wdata: 00000000
ClkCycle:       9391, pc_rdata: 00008cae, pc_wdata: 00008cb2, insn: 8513fff5, mode: 3, rs1_addr:  0, rs1_rdata: 00000000, rs2_addr:  0, rs2_rdata: 00000000, rd_addr:  0, rd_wdata: 00000000, mem_addr: 00000000, mem_rdata: 00000000, mem_wdata: 00000000
ClkCycle:       9392, pc_rdata: 00008cb2, pc_wdata: 00008cb6, insn: 05330080, mode: 3, rs1_addr:  1, rs1_rdata: 0000b118, rs2_addr:  8, rs2_rdata: 00000000, rd_addr: 10, rd_wdata: 0000b120, mem_addr: 0000b120, mem_rdata: 00000000, mem_wdata: 00000000
ClkCycle:       9393, pc_rdata: 00008cb6, pc_wdata: 00008cba, insn: 05330080, mode: 3, rs1_addr:  0, rs1_rdata: 00000000, rs2_addr:  0, rs2_rdata: 00000000, rd_addr:  0, rd_wdata: 00000000, mem_addr: 00000000, mem_rdata: 00000000, mem_wdata: 00000000
ClkCycle:       9394, pc_rdata: 00008cba, pc_wdata: 00008cbe, insn: 00010001, mode: 3, rs1_addr:  2, rs1_rdata: 00000028, rs2_addr:  0, rs2_rdata: 00000000, rd_addr: 10, rd_wdata: 00000028, mem_addr: 00000028, mem_rdata: 00000000, mem_wdata: 00000000
ClkCycle:       9395, pc_rdata: 00008cbe, pc_wdata: 00008cc2, insn: 00010001, mode: 3, rs1_addr:  0, rs1_rdata: 00000000, rs2_addr:  0, rs2_rdata: 00000000, rd_addr:  0, rd_wdata: 00000000, mem_addr: 00000000, mem_rdata: 00000000, mem_wdata: 00000000
ClkCycle:       9396, pc_rdata: 00008cc2, pc_wdata: 00008cc4, insn: 02259593, mode: 3, rs1_addr:  0, rs1_rdata: 00000000, rs2_addr:  0, rs2_rdata: 00000000, rd_addr:  0, rd_wdata: 00000000, mem_addr: 00000000, mem_rdata: 00000000, mem_wdata: 00000000
ClkCycle:       9397, pc_rdata: 00008cc4, pc_wdata: 00008cc8, insn: 02259593, mode: 3, rs1_addr: 11, rs1_rdata: 80000000, rs2_addr:  2, rs2_rdata: 00000028, rd_addr: 11, rd_wdata: 00000000, mem_addr: 00000000, mem_rdata: 00000000, mem_wdata: 00000028
ClkCycle:       9398, pc_rdata: 00008cc8, pc_wdata: 00008ccc, insn: fff5c593, mode: 3, rs1_addr: 11, rs1_rdata: 80000000, rs2_addr: 31, rs2_rdata: 00000000, rd_addr: 11, rd_wdata: ffffffff, mem_addr: ffffffff, mem_rdata: 00000000, mem_wdata: 00000000
ClkCycle:       9399, pc_rdata: 00008ccc, pc_wdata: 00008cd0, insn: 35808513, mode: 3, rs1_addr:  1, rs1_rdata: 0000b118, rs2_addr: 24, rs2_rdata: 0000007d, rd_addr: 10, rd_wdata: 0000b470, mem_addr: 0000b470, mem_rdata: 00000000, mem_wdata: 0000007d
ClkCycle:       9400, pc_rdata: 00008cd0, pc_wdata: 00008cd4, insn: 00c00113, mode: 3, rs1_addr:  0, rs1_rdata: 00000000, rs2_addr: 12, rs2_rdata: 00000028, rd_addr:  2, rd_wdata: 0000000c, mem_addr: 0000000c, mem_rdata: 00000000, mem_wdata: 00000028
ClkCycle:       9401, pc_rdata: 00008cd4, pc_wdata: 00008cd8, insn: 40250533, mode: 3, rs1_addr: 10, rs1_rdata: 00000028, rs2_addr:  2, rs2_rdata: 00000028, rd_addr: 10, rd_wdata: 0000b464, mem_addr: 0000b464, mem_rdata: 00000000, mem_wdata: 0000000c
fffffffeffffffff
ClkCycle:       9402, pc_rdata: 00008cd8, pc_wdata: 00008cda, insn: 0001c54c, mode: 3, rs1_addr: 10, rs1_rdata: 0000b470, rs2_addr: 11, rs2_rdata: ffffffff, rd_addr: 12, rd_wdata: 0000b470, mem_addr: 0000b470, mem_rdata: 00000000, mem_wdata: ffffffff
ClkCycle:       9403, pc_rdata: 00008cda, pc_wdata: 00008cde, insn: 0001c54c, mode: 3, rs1_addr:  0, rs1_rdata: 00000000, rs2_addr:  0, rs2_rdata: 00000000, rd_addr:  0, rd_wdata: 00000000, mem_addr: 00000000, mem_rdata: 00000000, mem_wdata: 00000000
ClkCycle:       9404, pc_rdata: 00008cde, pc_wdata: 00008ce0, insn: 95930010, mode: 3, rs1_addr:  0, rs1_rdata: 00000000, rs2_addr:  0, rs2_rdata: 00000000, rd_addr:  0, rd_wdata: 00000000, mem_addr: 00000000, mem_rdata: 00000000, mem_wdata: 00000000
ClkCycle:       9405, pc_rdata: 00008ce0, pc_wdata: 00008ce2, insn: 95930010, mode: 3, rs1_addr:  2, rs1_rdata: 0000000c, rs2_addr:  0, rs2_rdata: 00000000, rd_addr: 12, rd_wdata: 0000000c, mem_addr: 0000000c, mem_rdata: 00000000, mem_wdata: 00000000
ClkCycle:       9406, pc_rdata: 00008ce2, pc_wdata: 00008ce6, insn: 95930010, mode: 3, rs1_addr:  0, rs1_rdata: 00000000, rs2_addr:  0, rs2_rdata: 00000000, rd_addr:  0, rd_wdata: 00000000, mem_addr: 00000000, mem_rdata: 00000000, mem_wdata: 00000000
ClkCycle:       9407, pc_rdata: 00008ce6, pc_wdata: 00008cea, insn: 8513fff5, mode: 3, rs1_addr: 11, rs1_rdata: ffffffff, rs2_addr: 31, rs2_rdata: 00000000, rd_addr: 11, rd_wdata: 80000000, mem_addr: 80000000, mem_rdata: 00000000, mem_wdata: 00000000
ClkCycle:       9408, pc_rdata: 00008cea, pc_wdata: 00008cee, insn: 8513fff5, mode: 3, rs1_addr:  0, rs1_rdata: 00000000, rs2_addr:  0, rs2_rdata: 00000000, rd_addr:  0, rd_wdata: 00000000, mem_addr: 00000000, mem_rdata: 00000000, mem_wdata: 00000000
ClkCycle:       9409, pc_rdata: 00008cee, pc_wdata: 00008cf2, insn: 053303c0, mode: 3, rs1_addr:  1, rs1_rdata: 0000b118, rs2_addr: 28, rs2_rdata: 00000000, rd_addr: 10, rd_wdata: 0000b154, mem_addr: 0000b154, mem_rdata: 00000000, mem_wdata: 00000000
ClkCycle:       9410, pc_rdata: 00008cf2, pc_wdata: 00008cf6, insn: 053303c0, mode: 3, rs1_addr:  0, rs1_rdata: 00000000, rs2_addr:  0, rs2_rdata: 00000000, rd_addr:  0, rd_wdata: 00000000, mem_addr: 00000000, mem_rdata: 00000000, mem_wdata: 00000000
ClkCycle:       9411, pc_rdata: 00008cf6, pc_wdata: 00008cfa, insn: 00010001, mode: 3, rs1_addr:  2, rs1_rdata: 0000000c, rs2_addr:  0, rs2_rdata: 00000000, rd_addr: 10, rd_wdata: 0000000c, mem_addr: 0000000c, mem_rdata: 00000000, mem_wdata: 00000000
ClkCycle:       9412, pc_rdata: 00008cfa, pc_wdata: 00008cfe, insn: 00010001, mode: 3, rs1_addr:  0, rs1_rdata: 00000000, rs2_addr:  0, rs2_rdata: 00000000, rd_addr:  0, rd_wdata: 00000000, mem_addr: 00000000, mem_rdata: 00000000, mem_wdata: 00000000
ClkCycle:       9413, pc_rdata: 00008cfe, pc_wdata: 00008d00, insn: 02459593, mode: 3, rs1_addr:  0, rs1_rdata: 00000000, rs2_addr:  0, rs2_rdata: 00000000, rd_addr:  0, rd_wdata: 00000000, mem_addr: 00000000, mem_rdata: 00000000, mem_wdata: 00000000
ClkCycle:       9414, pc_rdata: 00008d00, pc_wdata: 00008d04, insn: 02459593, mode: 3, rs1_addr: 11, rs1_rdata: 80000000, rs2_addr:  4, rs2_rdata: 6dfdffff, rd_addr: 11, rd_wdata: 00000000, mem_addr: 00000000, mem_rdata: 00000000, mem_wdata: 6dfdffff
ClkCycle:       9415, pc_rdata: 00008d04, pc_wdata: 00008d08, insn: fff5c593, mode: 3, rs1_addr: 11, rs1_rdata: 80000000, rs2_addr: 31, rs2_rdata: 00000000, rd_addr: 11, rd_wdata: ffffffff, mem_addr: ffffffff, mem_rdata: 00000000, mem_wdata: 00000000
ClkCycle:       9416, pc_rdata: 00008d08, pc_wdata: 00008d0c, insn: 36808513, mode: 3, rs1_addr:  1, rs1_rdata: 0000b118, rs2_addr:  8, rs2_rdata: 00000000, rd_addr: 10, rd_wdata: 0000b480, mem_addr: 0000b480, mem_rdata: 00000000, mem_wdata: 00000000
ClkCycle:       9417, pc_rdata: 00008d0c, pc_wdata: 00008d10, insn: 06c00113, mode: 3, rs1_addr:  0, rs1_rdata: 00000000, rs2_addr: 12, rs2_rdata: 0000000c, rd_addr:  2, rd_wdata: 0000006c, mem_addr: 0000006c, mem_rdata: 00000000, mem_wdata: 0000000c
ClkCycle:       9418, pc_rdata: 00008d10, pc_wdata: 00008d14, insn: 40250533, mode: 3, rs1_addr: 10, rs1_rdata: 0000000c, rs2_addr:  2, rs2_rdata: 0000000c, rd_addr: 10, rd_wdata: 0000b414, mem_addr: 0000b414, mem_rdata: 00000000, mem_wdata: 0000006c
fffffff8ffffffff
ClkCycle:       9419, pc_rdata: 00008d14, pc_wdata: 00008d16, insn: 0001d56c, mode: 3, rs1_addr: 10, rs1_rdata: 0000b480, rs2_addr: 11, rs2_rdata: ffffffff, rd_addr: 12, rd_wdata: 0000b480, mem_addr: 0000b480, mem_rdata: 00000000, mem_wdata: ffffffff
ClkCycle:       9420, pc_rdata: 00008d16, pc_wdata: 00008d1a, insn: 0001d56c, mode: 3, rs1_addr:  0, rs1_rdata: 00000000, rs2_addr:  0, rs2_rdata: 00000000, rd_addr:  0, rd_wdata: 00000000, mem_addr: 00000000, mem_rdata: 00000000, mem_wdata: 00000000
ClkCycle:       9421, pc_rdata: 00008d1a, pc_wdata: 00008d1c, insn: 95930010, mode: 3, rs1_addr:  0, rs1_rdata: 00000000, rs2_addr:  0, rs2_rdata: 00000000, rd_addr:  0, rd_wdata: 00000000, mem_addr: 00000000, mem_rdata: 00000000, mem_wdata: 00000000
ClkCycle:       9422, pc_rdata: 00008d1c, pc_wdata: 00008d1e, insn: 95930010, mode: 3, rs1_addr:  2, rs1_rdata: 0000006c, rs2_addr:  0, rs2_rdata: 00000000, rd_addr: 12, rd_wdata: 0000006c, mem_addr: 0000006c, mem_rdata: 00000000, mem_wdata: 00000000
ClkCycle:       9423, pc_rdata: 00008d1e, pc_wdata: 00008d22, insn: 95930010, mode: 3, rs1_addr:  0, rs1_rdata: 00000000, rs2_addr:  0, rs2_rdata: 00000000, rd_addr:  0, rd_wdata: 00000000, mem_addr: 00000000, mem_rdata: 00000000, mem_wdata: 00000000
ClkCycle:       9424, pc_rdata: 00008d22, pc_wdata: 00008d26, insn: 8513fff5, mode: 3, rs1_addr: 11, rs1_rdata: ffffffff, rs2_addr: 31, rs2_rdata: 00000000, rd_addr: 11, rd_wdata: 80000000, mem_addr: 80000000, mem_rdata: 00000000, mem_wdata: 00000000
ClkCycle:       9425, pc_rdata: 00008d26, pc_wdata: 00008d2a, insn: 8513fff5, mode: 3, rs1_addr:  0, rs1_rdata: 00000000, rs2_addr:  0, rs2_rdata: 00000000, rd_addr:  0, rd_wdata: 00000000, mem_addr: 00000000, mem_rdata: 00000000, mem_wdata: 00000000
ClkCycle:       9426, pc_rdata: 00008d2a, pc_wdata: 00008d2e, insn: 05330280, mode: 3, rs1_addr:  1, rs1_rdata: 0000b118, rs2_addr:  8, rs2_rdata: 00000000, rd_addr: 10, rd_wdata: 0000b140, mem_addr: 0000b140, mem_rdata: 00000000, mem_wdata: 00000000
ClkCycle:       9427, pc_rdata: 00008d2e, pc_wdata: 00008d32, insn: 05330280, mode: 3, rs1_addr:  0, rs1_rdata: 00000000, rs2_addr:  0, rs2_rdata: 00000000, rd_addr:  0, rd_wdata: 00000000, mem_addr: 00000000, mem_rdata: 00000000, mem_wdata: 00000000
ClkCycle:       9428, pc_rdata: 00008d32, pc_wdata: 00008d36, insn: 00010001, mode: 3, rs1_addr:  2, rs1_rdata: 0000006c, rs2_addr:  0, rs2_rdata: 00000000, rd_addr: 10, rd_wdata: 0000006c, mem_addr: 0000006c, mem_rdata: 00000000, mem_wdata: 00000000
ClkCycle:       9429, pc_rdata: 00008d36, pc_wdata: 00008d3a, insn: 00010001, mode: 3, rs1_addr:  0, rs1_rdata: 00000000, rs2_addr:  0, rs2_rdata: 00000000, rd_addr:  0, rd_wdata: 00000000, mem_addr: 00000000, mem_rdata: 00000000, mem_wdata: 00000000
ClkCycle:       9430, pc_rdata: 00008d3a, pc_wdata: 00008d3c, insn: 02659593, mode: 3, rs1_addr:  0, rs1_rdata: 00000000, rs2_addr:  0, rs2_rdata: 00000000, rd_addr:  0, rd_wdata: 00000000, mem_addr: 00000000, mem_rdata: 00000000, mem_wdata: 00000000
ClkCycle:       9431, pc_rdata: 00008d3c, pc_wdata: 00008d40, insn: 02659593, mode: 3, rs1_addr: 11, rs1_rdata: 80000000, rs2_addr:  6, rs2_rdata: 1fddb7f7, rd_addr: 11, rd_wdata: 00000000, mem_addr: 00000000, mem_rdata: 00000000, mem_wdata: 1fddb7f7
ClkCycle:       9432, pc_rdata: 00008d40, pc_wdata: 00008d44, insn: fff5c593, mode: 3, rs1_addr: 11, rs1_rdata: 80000000, rs2_addr: 31, rs2_rdata: 00000000, rd_addr: 11, rd_wdata: ffffffff, mem_addr: ffffffff, mem_rdata: 00000000, mem_wdata: 00000000
ClkCycle:       9433, pc_rdata: 00008d44, pc_wdata: 00008d48, insn: 37808513, mode: 3, rs1_addr:  1, rs1_rdata: 0000b118, rs2_addr: 24, rs2_rdata: 0000007d, rd_addr: 10, rd_wdata: 0000b490, mem_addr: 0000b490, mem_rdata: 00000000, mem_wdata: 0000007d
ClkCycle:       9434, pc_rdata: 00008d48, pc_wdata: 00008d4c, insn: 03400113, mode: 3, rs1_addr:  0, rs1_rdata: 00000000, rs2_addr: 20, rs2_rdata: d5bfff6f, rd_addr:  2, rd_wdata: 00000034, mem_addr: 00000034, mem_rdata: 00000000, mem_wdata: d5bfff6f
ClkCycle:       9435, pc_rdata: 00008d4c, pc_wdata: 00008d50, insn: 40250533, mode: 3, rs1_addr: 10, rs1_rdata: 0000006c, rs2_addr:  2, rs2_rdata: 0000006c, rd_addr: 10, rd_wdata: 0000b45c, mem_addr: 0000b45c, mem_rdata: 00000000, mem_wdata: 00000034
ffffffe0ffffffff
ClkCycle:       9436, pc_rdata: 00008d50, pc_wdata: 00008d52, insn: 0001d94c, mode: 3, rs1_addr: 10, rs1_rdata: 0000b490, rs2_addr: 11, rs2_rdata: ffffffff, rd_addr: 20, rd_wdata: 0000b490, mem_addr: 0000b490, mem_rdata: 00000000, mem_wdata: ffffffff
ClkCycle:       9437, pc_rdata: 00008d52, pc_wdata: 00008d56, insn: 0001d94c, mode: 3, rs1_addr:  0, rs1_rdata: 00000000, rs2_addr:  0, rs2_rdata: 00000000, rd_addr:  0, rd_wdata: 00000000, mem_addr: 00000000, mem_rdata: 00000000, mem_wdata: 00000000
ClkCycle:       9438, pc_rdata: 00008d56, pc_wdata: 00008d58, insn: 95930010, mode: 3, rs1_addr:  0, rs1_rdata: 00000000, rs2_addr:  0, rs2_rdata: 00000000, rd_addr:  0, rd_wdata: 00000000, mem_addr: 00000000, mem_rdata: 00000000, mem_wdata: 00000000
ClkCycle:       9439, pc_rdata: 00008d58, pc_wdata: 00008d5a, insn: 95930010, mode: 3, rs1_addr:  2, rs1_rdata: 00000034, rs2_addr:  0, rs2_rdata: 00000000, rd_addr: 12, rd_wdata: 00000034, mem_addr: 00000034, mem_rdata: 00000000, mem_wdata: 00000000
ClkCycle:       9440, pc_rdata: 00008d5a, pc_wdata: 00008d5e, insn: 95930010, mode: 3, rs1_addr:  0, rs1_rdata: 00000000, rs2_addr:  0, rs2_rdata: 00000000, rd_addr:  0, rd_wdata: 00000000, mem_addr: 00000000, mem_rdata: 00000000, mem_wdata: 00000000
ClkCycle:       9441, pc_rdata: 00008d5e, pc_wdata: 00008d62, insn: 8513fff5, mode: 3, rs1_addr: 11, rs1_rdata: ffffffff, rs2_addr: 31, rs2_rdata: 00000000, rd_addr: 11, rd_wdata: 80000000, mem_addr: 80000000, mem_rdata: 00000000, mem_wdata: 00000000
ClkCycle:       9442, pc_rdata: 00008d62, pc_wdata: 00008d66, insn: 8513fff5, mode: 3, rs1_addr:  0, rs1_rdata: 00000000, rs2_addr:  0, rs2_rdata: 00000000, rd_addr:  0, rd_wdata: 00000000, mem_addr: 00000000, mem_rdata: 00000000, mem_wdata: 00000000
ClkCycle:       9443, pc_rdata: 00008d66, pc_wdata: 00008d6a, insn: 05330100, mode: 3, rs1_addr:  1, rs1_rdata: 0000b118, rs2_addr: 16, rs2_rdata: 7d5bfddb, rd_addr: 10, rd_wdata: 0000b128, mem_addr: 0000b128, mem_rdata: 00000000, mem_wdata: 7d5bfddb
ClkCycle:       9444, pc_rdata: 00008d6a, pc_wdata: 00008d6e, insn: 05330100, mode: 3, rs1_addr:  0, rs1_rdata: 00000000, rs2_addr:  0, rs2_rdata: 00000000, rd_addr:  0, rd_wdata: 00000000, mem_addr: 00000000, mem_rdata: 00000000, mem_wdata: 00000000
ClkCycle:       9445, pc_rdata: 00008d6e, pc_wdata: 00008d72, insn: 00010001, mode: 3, rs1_addr:  2, rs1_rdata: 00000034, rs2_addr:  0, rs2_rdata: 00000000, rd_addr: 10, rd_wdata: 00000034, mem_addr: 00000034, mem_rdata: 00000000, mem_wdata: 00000000
ClkCycle:       9446, pc_rdata: 00008d72, pc_wdata: 00008d76, insn: 00010001, mode: 3, rs1_addr:  0, rs1_rdata: 00000000, rs2_addr:  0, rs2_rdata: 00000000, rd_addr:  0, rd_wdata: 00000000, mem_addr: 00000000, mem_rdata: 00000000, mem_wdata: 00000000
ClkCycle:       9447, pc_rdata: 00008d76, pc_wdata: 00008d78, insn: 02959593, mode: 3, rs1_addr:  0, rs1_rdata: 00000000, rs2_addr:  0, rs2_rdata: 00000000, rd_addr:  0, rd_wdata: 00000000, mem_addr: 00000000, mem_rdata: 00000000, mem_wdata: 00000000
ClkCycle:       9448, pc_rdata: 00008d78, pc_wdata: 00008d7c, insn: 02959593, mode: 3, rs1_addr: 11, rs1_rdata: 80000000, rs2_addr:  9, rs2_rdata: 000000fe, rd_addr: 11, rd_wdata: 00000000, mem_addr: 00000000, mem_rdata: 00000000, mem_wdata: 000000fe
ClkCycle:       9449, pc_rdata: 00008d7c, pc_wdata: 00008d80, insn: fff5c593, mode: 3, rs1_addr: 11, rs1_rdata: 80000000, rs2_addr: 31, rs2_rdata: 00000000, rd_addr: 11, rd_wdata: ffffffff, mem_addr: ffffffff, mem_rdata: 00000000, mem_wdata: 00000000
ClkCycle:       9450, pc_rdata: 00008d80, pc_wdata: 00008d84, insn: 38808513, mode: 3, rs1_addr:  1, rs1_rdata: 0000b118, rs2_addr:  8, rs2_rdata: 00000000, rd_addr: 10, rd_wdata: 0000b4a0, mem_addr: 0000b4a0, mem_rdata: 00000000, mem_wdata: 00000000
ClkCycle:       9451, pc_rdata: 00008d84, pc_wdata: 00008d88, insn: 00800113, mode: 3, rs1_addr:  0, rs1_rdata: 00000000, rs2_addr:  8, rs2_rdata: 00000000, rd_addr:  2, rd_wdata: 00000008, mem_addr: 00000008, mem_rdata: 00000000, mem_wdata: 00000000
ClkCycle:       9452, pc_rdata: 00008d88, pc_wdata: 00008d8c, insn: 40250533, mode: 3, rs1_addr: 10, rs1_rdata: 00000034, rs2_addr:  2, rs2_rdata: 00000034, rd_addr: 10, rd_wdata: 0000b498, mem_addr: 0000b498, mem_rdata: 00000000, mem_wdata: 00000008
ffffff00ffffffff
ClkCycle:       9453, pc_rdata: 00008d8c, pc_wdata: 00008d8e, insn: 0001c50c, mode: 3, rs1_addr: 10, rs1_rdata: 0000b4a0, rs2_addr: 11, rs2_rdata: ffffffff, rd_addr:  8, rd_wdata: 0000b4a0, mem_addr: 0000b4a0, mem_rdata: 00000000, mem_wdata: ffffffff
ClkCycle:       9454, pc_rdata: 00008d8e, pc_wdata: 00008d92, insn: 0001c50c, mode: 3, rs1_addr:  0, rs1_rdata: 00000000, rs2_addr:  0, rs2_rdata: 00000000, rd_addr:  0, rd_wdata: 00000000, mem_addr: 00000000, mem_rdata: 00000000, mem_wdata: 00000000
ClkCycle:       9455, pc_rdata: 00008d92, pc_wdata: 00008d94, insn: 95930010, mode: 3, rs1_addr:  0, rs1_rdata: 00000000, rs2_addr:  0, rs2_rdata: 00000000, rd_addr:  0, rd_wdata: 00000000, mem_addr: 00000000, mem_rdata: 00000000, mem_wdata: 00000000
ClkCycle:       9456, pc_rdata: 00008d94, pc_wdata: 00008d96, insn: 95930010, mode: 3, rs1_addr:  2, rs1_rdata: 00000008, rs2_addr:  0, rs2_rdata: 00000000, rd_addr: 12, rd_wdata: 00000008, mem_addr: 00000008, mem_rdata: 00000000, mem_wdata: 00000000
ClkCycle:       9457, pc_rdata: 00008d96, pc_wdata: 00008d9a, insn: 95930010, mode: 3, rs1_addr:  0, rs1_rdata: 00000000, rs2_addr:  0, rs2_rdata: 00000000, rd_addr:  0, rd_wdata: 00000000, mem_addr: 00000000, mem_rdata: 00000000, mem_wdata: 00000000
ClkCycle:       9458, pc_rdata: 00008d9a, pc_wdata: 00008d9e, insn: 8513fff5, mode: 3, rs1_addr: 11, rs1_rdata: ffffffff, rs2_addr: 31, rs2_rdata: 00000000, rd_addr: 11, rd_wdata: 80000000, mem_addr: 80000000, mem_rdata: 00000000, mem_wdata: 00000000
ClkCycle:       9459, pc_rdata: 00008d9e, pc_wdata: 00008da2, insn: 8513fff5, mode: 3, rs1_addr:  0, rs1_rdata: 00000000, rs2_addr:  0, rs2_rdata: 00000000, rd_addr:  0, rd_wdata: 00000000, mem_addr: 00000000, mem_rdata: 00000000, mem_wdata: 00000000
ClkCycle:       9460, pc_rdata: 00008da2, pc_wdata: 00008da6, insn: 05330340, mode: 3, rs1_addr:  1, rs1_rdata: 0000b118, rs2_addr: 20, rs2_rdata: d5bfff6f, rd_addr: 10, rd_wdata: 0000b14c, mem_addr: 0000b14c, mem_rdata: 00000000, mem_wdata: d5bfff6f
ClkCycle:       9461, pc_rdata: 00008da6, pc_wdata: 00008daa, insn: 05330340, mode: 3, rs1_addr:  0, rs1_rdata: 00000000, rs2_addr:  0, rs2_rdata: 00000000, rd_addr:  0, rd_wdata: 00000000, mem_addr: 00000000, mem_rdata: 00000000, mem_wdata: 00000000
ClkCycle:       9462, pc_rdata: 00008daa, pc_wdata: 00008dae, insn: 00010001, mode: 3, rs1_addr:  2, rs1_rdata: 00000008, rs2_addr:  0, rs2_rdata: 00000000, rd_addr: 10, rd_wdata: 00000008, mem_addr: 00000008, mem_rdata: 00000000, mem_wdata: 00000000
ClkCycle:       9463, pc_rdata: 00008dae, pc_wdata: 00008db2, insn: 00010001, mode: 3, rs1_addr:  0, rs1_rdata: 00000000, rs2_addr:  0, rs2_rdata: 00000000, rd_addr:  0, rd_wdata: 00000000, mem_addr: 00000000, mem_rdata: 00000000, mem_wdata: 00000000
ClkCycle:       9464, pc_rdata: 00008db2, pc_wdata: 00008db4, insn: 02b59593, mode: 3, rs1_addr:  0, rs1_rdata: 00000000, rs2_addr:  0, rs2_rdata: 00000000, rd_addr:  0, rd_wdata: 00000000, mem_addr: 00000000, mem_rdata: 00000000, mem_wdata: 00000000
ClkCycle:       9465, pc_rdata: 00008db4, pc_wdata: 00008db8, insn: 02b59593, mode: 3, rs1_addr: 11, rs1_rdata: 80000000, rs2_addr: 11, rs2_rdata: 80000000, rd_addr: 11, rd_wdata: 00000000, mem_addr: 00000000, mem_rdata: 00000000, mem_wdata: 80000000
ClkCycle:       9466, pc_rdata: 00008db8, pc_wdata: 00008dbc, insn: fff5c593, mode: 3, rs1_addr: 11, rs1_rdata: 80000000, rs2_addr: 31, rs2_rdata: 00000000, rd_addr: 11, rd_wdata: ffffffff, mem_addr: ffffffff, mem_rdata: 00000000, mem_wdata: 00000000
ClkCycle:       9467, pc_rdata: 00008dbc, pc_wdata: 00008dc0, insn: 39808513, mode: 3, rs1_addr:  1, rs1_rdata: 0000b118, rs2_addr: 24, rs2_rdata: 0000007d, rd_addr: 10, rd_wdata: 0000b4b0, mem_addr: 0000b4b0, mem_rdata: 00000000, mem_wdata: 0000007d
ClkCycle:       9468, pc_rdata: 00008dc0, pc_wdata: 00008dc4, insn: 03400113, mode: 3, rs1_addr:  0, rs1_rdata: 00000000, rs2_addr: 20, rs2_rdata: d5bfff6f, rd_addr:  2, rd_wdata: 00000034, mem_addr: 00000034, mem_rdata: 00000000, mem_wdata: d5bfff6f
ClkCycle:       9469, pc_rdata: 00008dc4, pc_wdata: 00008dc8, insn: 40250533, mode: 3, rs1_addr: 10, rs1_rdata: 00000008, rs2_addr:  2, rs2_rdata: 00000008, rd_addr: 10, rd_wdata: 0000b47c, mem_addr: 0000b47c, mem_rdata: 00000000, mem_wdata: 00000034
fffffc00ffffffff
ClkCycle:       9470, pc_rdata: 00008dc8, pc_wdata: 00008dca, insn: 0001d94c, mode: 3, rs1_addr: 10, rs1_rdata: 0000b4b0, rs2_addr: 11, rs2_rdata: ffffffff, rd_addr: 20, rd_wdata: 0000b4b0, mem_addr: 0000b4b0, mem_rdata: 00000000, mem_wdata: ffffffff
ClkCycle:       9471, pc_rdata: 00008dca, pc_wdata: 00008dce, insn: 0001d94c, mode: 3, rs1_addr:  0, rs1_rdata: 00000000, rs2_addr:  0, rs2_rdata: 00000000, rd_addr:  0, rd_wdata: 00000000, mem_addr: 00000000, mem_rdata: 00000000, mem_wdata: 00000000
ClkCycle:       9472, pc_rdata: 00008dce, pc_wdata: 00008dd0, insn: 95930010, mode: 3, rs1_addr:  0, rs1_rdata: 00000000, rs2_addr:  0, rs2_rdata: 00000000, rd_addr:  0, rd_wdata: 00000000, mem_addr: 00000000, mem_rdata: 00000000, mem_wdata: 00000000
ClkCycle:       9473, pc_rdata: 00008dd0, pc_wdata: 00008dd2, insn: 95930010, mode: 3, rs1_addr:  2, rs1_rdata: 00000034, rs2_addr:  0, rs2_rdata: 00000000, rd_addr: 12, rd_wdata: 00000034, mem_addr: 00000034, mem_rdata: 00000000, mem_wdata: 00000000
ClkCycle:       9474, pc_rdata: 00008dd2, pc_wdata: 00008dd6, insn: 95930010, mode: 3, rs1_addr:  0, rs1_rdata: 00000000, rs2_addr:  0, rs2_rdata: 00000000, rd_addr:  0, rd_wdata: 00000000, mem_addr: 00000000, mem_rdata: 00000000, mem_wdata: 00000000
ClkCycle:       9475, pc_rdata: 00008dd6, pc_wdata: 00008dda, insn: 8513fff5, mode: 3, rs1_addr: 11, rs1_rdata: ffffffff, rs2_addr: 31, rs2_rdata: 00000000, rd_addr: 11, rd_wdata: 80000000, mem_addr: 80000000, mem_rdata: 00000000, mem_wdata: 00000000
ClkCycle:       9476, pc_rdata: 00008dda, pc_wdata: 00008dde, insn: 8513fff5, mode: 3, rs1_addr:  0, rs1_rdata: 00000000, rs2_addr:  0, rs2_rdata: 00000000, rd_addr:  0, rd_wdata: 00000000, mem_addr: 00000000, mem_rdata: 00000000, mem_wdata: 00000000
ClkCycle:       9477, pc_rdata: 00008dde, pc_wdata: 00008de2, insn: 053303c0, mode: 3, rs1_addr:  1, rs1_rdata: 0000b118, rs2_addr: 28, rs2_rdata: 00000000, rd_addr: 10, rd_wdata: 0000b154, mem_addr: 0000b154, mem_rdata: 00000000, mem_wdata: 00000000
ClkCycle:       9478, pc_rdata: 00008de2, pc_wdata: 00008de6, insn: 053303c0, mode: 3, rs1_addr:  0, rs1_rdata: 00000000, rs2_addr:  0, rs2_rdata: 00000000, rd_addr:  0, rd_wdata: 00000000, mem_addr: 00000000, mem_rdata: 00000000, mem_wdata: 00000000
ClkCycle:       9479, pc_rdata: 00008de6, pc_wdata: 00008dea, insn: 00010001, mode: 3, rs1_addr:  2, rs1_rdata: 00000034, rs2_addr:  0, rs2_rdata: 00000000, rd_addr: 10, rd_wdata: 00000034, mem_addr: 00000034, mem_rdata: 00000000, mem_wdata: 00000000
ClkCycle:       9480, pc_rdata: 00008dea, pc_wdata: 00008dee, insn: 00010001, mode: 3, rs1_addr:  0, rs1_rdata: 00000000, rs2_addr:  0, rs2_rdata: 00000000, rd_addr:  0, rd_wdata: 00000000, mem_addr: 00000000, mem_rdata: 00000000, mem_wdata: 00000000
ClkCycle:       9481, pc_rdata: 00008dee, pc_wdata: 00008df0, insn: 02d59593, mode: 3, rs1_addr:  0, rs1_rdata: 00000000, rs2_addr:  0, rs2_rdata: 00000000, rd_addr:  0, rd_wdata: 00000000, mem_addr: 00000000, mem_rdata: 00000000, mem_wdata: 00000000
ClkCycle:       9482, pc_rdata: 00008df0, pc_wdata: 00008df4, insn: 02d59593, mode: 3, rs1_addr: 11, rs1_rdata: 80000000, rs2_addr: 13, rs2_rdata: feffffbf, rd_addr: 11, rd_wdata: 00000000, mem_addr: 00000000, mem_rdata: 00000000, mem_wdata: feffffbf
ClkCycle:       9483, pc_rdata: 00008df4, pc_wdata: 00008df8, insn: fff5c593, mode: 3, rs1_addr: 11, rs1_rdata: 80000000, rs2_addr: 31, rs2_rdata: 00000000, rd_addr: 11, rd_wdata: ffffffff, mem_addr: ffffffff, mem_rdata: 00000000, mem_wdata: 00000000
ClkCycle:       9484, pc_rdata: 00008df8, pc_wdata: 00008dfc, insn: 3a808513, mode: 3, rs1_addr:  1, rs1_rdata: 0000b118, rs2_addr:  8, rs2_rdata: 00000000, rd_addr: 10, rd_wdata: 0000b4c0, mem_addr: 0000b4c0, mem_rdata: 00000000, mem_wdata: 00000000
ClkCycle:       9485, pc_rdata: 00008dfc, pc_wdata: 00008e00, insn: 07800113, mode: 3, rs1_addr:  0, rs1_rdata: 00000000, rs2_addr: 24, rs2_rdata: 0000007d, rd_addr:  2, rd_wdata: 00000078, mem_addr: 00000078, mem_rdata: 00000000, mem_wdata: 0000007d
ClkCycle:       9486, pc_rdata: 00008e00, pc_wdata: 00008e04, insn: 40250533, mode: 3, rs1_addr: 10, rs1_rdata: 00000034, rs2_addr:  2, rs2_rdata: 00000034, rd_addr: 10, rd_wdata: 0000b448, mem_addr: 0000b448, mem_rdata: 00000000, mem_wdata: 00000078
fffff000ffffffff
ClkCycle:       9487, pc_rdata: 00008e04, pc_wdata: 00008e06, insn: 0001dd2c, mode: 3, rs1_addr: 10, rs1_rdata: 0000b4c0, rs2_addr: 11, rs2_rdata: ffffffff, rd_addr: 24, rd_wdata: 0000b4c0, mem_addr: 0000b4c0, mem_rdata: 00000000, mem_wdata: ffffffff
ClkCycle:       9488, pc_rdata: 00008e06, pc_wdata: 00008e0a, insn: 0001dd2c, mode: 3, rs1_addr:  0, rs1_rdata: 00000000, rs2_addr:  0, rs2_rdata: 00000000, rd_addr:  0, rd_wdata: 00000000, mem_addr: 00000000, mem_rdata: 00000000, mem_wdata: 00000000
ClkCycle:       9489, pc_rdata: 00008e0a, pc_wdata: 00008e0c, insn: 95930010, mode: 3, rs1_addr:  0, rs1_rdata: 00000000, rs2_addr:  0, rs2_rdata: 00000000, rd_addr:  0, rd_wdata: 00000000, mem_addr: 00000000, mem_rdata: 00000000, mem_wdata: 00000000
ClkCycle:       9490, pc_rdata: 00008e0c, pc_wdata: 00008e0e, insn: 95930010, mode: 3, rs1_addr:  2, rs1_rdata: 00000078, rs2_addr:  0, rs2_rdata: 00000000, rd_addr: 12, rd_wdata: 00000078, mem_addr: 00000078, mem_rdata: 00000000, mem_wdata: 00000000
ClkCycle:       9491, pc_rdata: 00008e0e, pc_wdata: 00008e12, insn: 95930010, mode: 3, rs1_addr:  0, rs1_rdata: 00000000, rs2_addr:  0, rs2_rdata: 00000000, rd_addr:  0, rd_wdata: 00000000, mem_addr: 00000000, mem_rdata: 00000000, mem_wdata: 00000000
ClkCycle:       9492, pc_rdata: 00008e12, pc_wdata: 00008e16, insn: 8513fff5, mode: 3, rs1_addr: 11, rs1_rdata: ffffffff, rs2_addr: 31, rs2_rdata: 00000000, rd_addr: 11, rd_wdata: 80000000, mem_addr: 80000000, mem_rdata: 00000000, mem_wdata: 00000000
ClkCycle:       9493, pc_rdata: 00008e16, pc_wdata: 00008e1a, insn: 8513fff5, mode: 3, rs1_addr:  0, rs1_rdata: 00000000, rs2_addr:  0, rs2_rdata: 00000000, rd_addr:  0, rd_wdata: 00000000, mem_addr: 00000000, mem_rdata: 00000000, mem_wdata: 00000000
ClkCycle:       9494, pc_rdata: 00008e1a, pc_wdata: 00008e1e, insn: 05330180, mode: 3, rs1_addr:  1, rs1_rdata: 0000b118, rs2_addr: 24, rs2_rdata: 0000007d, rd_addr: 10, rd_wdata: 0000b130, mem_addr: 0000b130, mem_rdata: 00000000, mem_wdata: 0000007d
ClkCycle:       9495, pc_rdata: 00008e1e, pc_wdata: 00008e22, insn: 05330180, mode: 3, rs1_addr:  0, rs1_rdata: 00000000, rs2_addr:  0, rs2_rdata: 00000000, rd_addr:  0, rd_wdata: 00000000, mem_addr: 00000000, mem_rdata: 00000000, mem_wdata: 00000000
ClkCycle:       9496, pc_rdata: 00008e22, pc_wdata: 00008e26, insn: 00010001, mode: 3, rs1_addr:  2, rs1_rdata: 00000078, rs2_addr:  0, rs2_rdata: 00000000, rd_addr: 10, rd_wdata: 00000078, mem_addr: 00000078, mem_rdata: 00000000, mem_wdata: 00000000
ClkCycle:       9497, pc_rdata: 00008e26, pc_wdata: 00008e2a, insn: 00010001, mode: 3, rs1_addr:  0, rs1_rdata: 00000000, rs2_addr:  0, rs2_rdata: 00000000, rd_addr:  0, rd_wdata: 00000000, mem_addr: 00000000, mem_rdata: 00000000, mem_wdata: 00000000
ClkCycle:       9498, pc_rdata: 00008e2a, pc_wdata: 00008e2c, insn: 02f59593, mode: 3, rs1_addr:  0, rs1_rdata: 00000000, rs2_addr:  0, rs2_rdata: 00000000, rd_addr:  0, rd_wdata: 00000000, mem_addr: 00000000, mem_rdata: 00000000, mem_wdata: 00000000
ClkCycle:       9499, pc_rdata: 00008e2c, pc_wdata: 00008e30, insn: 02f59593, mode: 3, rs1_addr: 11, rs1_rdata: 80000000, rs2_addr: 15, rs2_rdata: 00000000, rd_addr: 11, rd_wdata: 00000000, mem_addr: 00000000, mem_rdata: 00000000, mem_wdata: 00000000
ClkCycle:       9500, pc_rdata: 00008e30, pc_wdata: 00008e34, insn: fff5c593, mode: 3, rs1_addr: 11, rs1_rdata: 80000000, rs2_addr: 31, rs2_rdata: 00000000, rd_addr: 11, rd_wdata: ffffffff, mem_addr: ffffffff, mem_rdata: 00000000, mem_wdata: 00000000
ClkCycle:       9501, pc_rdata: 00008e34, pc_wdata: 00008e38, insn: 3b808513, mode: 3, rs1_addr:  1, rs1_rdata: 0000b118, rs2_addr: 24, rs2_rdata: 0000007d, rd_addr: 10, rd_wdata: 0000b4d0, mem_addr: 0000b4d0, mem_rdata: 00000000, mem_wdata: 0000007d
ClkCycle:       9502, pc_rdata: 00008e38, pc_wdata: 00008e3c, insn: 00000113, mode: 3, rs1_addr:  0, rs1_rdata: 00000000, rs2_addr:  0, rs2_rdata: 00000000, rd_addr:  2, rd_wdata: 00000000, mem_addr: 00000000, mem_rdata: 00000000, mem_wdata: 00000000
ClkCycle:       9503, pc_rdata: 00008e3c, pc_wdata: 00008e40, insn: 40250533, mode: 3, rs1_addr: 10, rs1_rdata: 00000078, rs2_addr:  2, rs2_rdata: 00000078, rd_addr: 10, rd_wdata: 0000b4d0, mem_addr: 0000b4d0, mem_rdata: 00000000, mem_wdata: 00000000
ffffc000ffffffff
ClkCycle:       9504, pc_rdata: 00008e40, pc_wdata: 00008e42, insn: 0001c10c, mode: 3, rs1_addr: 10, rs1_rdata: 0000b4d0, rs2_addr: 11, rs2_rdata: ffffffff, rd_addr:  0, rd_wdata: 0000b4d0, mem_addr: 0000b4d0, mem_rdata: 00000000, mem_wdata: ffffffff
ClkCycle:       9505, pc_rdata: 00008e42, pc_wdata: 00008e46, insn: 0001c10c, mode: 3, rs1_addr:  0, rs1_rdata: 00000000, rs2_addr:  0, rs2_rdata: 00000000, rd_addr:  0, rd_wdata: 00000000, mem_addr: 00000000, mem_rdata: 00000000, mem_wdata: 00000000
ClkCycle:       9506, pc_rdata: 00008e46, pc_wdata: 00008e48, insn: 95930010, mode: 3, rs1_addr:  0, rs1_rdata: 00000000, rs2_addr:  0, rs2_rdata: 00000000, rd_addr:  0, rd_wdata: 00000000, mem_addr: 00000000, mem_rdata: 00000000, mem_wdata: 00000000
ClkCycle:       9507, pc_rdata: 00008e48, pc_wdata: 00008e4a, insn: 95930010, mode: 3, rs1_addr:  2, rs1_rdata: 00000000, rs2_addr:  0, rs2_rdata: 00000000, rd_addr: 12, rd_wdata: 00000000, mem_addr: 00000000, mem_rdata: 00000000, mem_wdata: 00000000
ClkCycle:       9508, pc_rdata: 00008e4a, pc_wdata: 00008e4e, insn: 95930010, mode: 3, rs1_addr:  0, rs1_rdata: 00000000, rs2_addr:  0, rs2_rdata: 00000000, rd_addr:  0, rd_wdata: 00000000, mem_addr: 00000000, mem_rdata: 00000000, mem_wdata: 00000000
ClkCycle:       9509, pc_rdata: 00008e4e, pc_wdata: 00008e52, insn: 8513fff5, mode: 3, rs1_addr: 11, rs1_rdata: ffffffff, rs2_addr: 31, rs2_rdata: 00000000, rd_addr: 11, rd_wdata: 80000000, mem_addr: 80000000, mem_rdata: 00000000, mem_wdata: 00000000
ClkCycle:       9510, pc_rdata: 00008e52, pc_wdata: 00008e56, insn: 8513fff5, mode: 3, rs1_addr:  0, rs1_rdata: 00000000, rs2_addr:  0, rs2_rdata: 00000000, rd_addr:  0, rd_wdata: 00000000, mem_addr: 00000000, mem_rdata: 00000000, mem_wdata: 00000000
ClkCycle:       9511, pc_rdata: 00008e56, pc_wdata: 00008e5a, insn: 053304c0, mode: 3, rs1_addr:  1, rs1_rdata: 0000b118, rs2_addr: 12, rs2_rdata: 00000000, rd_addr: 10, rd_wdata: 0000b164, mem_addr: 0000b164, mem_rdata: 00000000, mem_wdata: 00000000
ClkCycle:       9512, pc_rdata: 00008e5a, pc_wdata: 00008e5e, insn: 053304c0, mode: 3, rs1_addr:  0, rs1_rdata: 00000000, rs2_addr:  0, rs2_rdata: 00000000, rd_addr:  0, rd_wdata: 00000000, mem_addr: 00000000, mem_rdata: 00000000, mem_wdata: 00000000
ClkCycle:       9513, pc_rdata: 00008e5e, pc_wdata: 00008e62, insn: 00010001, mode: 3, rs1_addr:  2, rs1_rdata: 00000000, rs2_addr:  0, rs2_rdata: 00000000, rd_addr: 10, rd_wdata: 00000000, mem_addr: 00000000, mem_rdata: 00000000, mem_wdata: 00000000
ClkCycle:       9514, pc_rdata: 00008e62, pc_wdata: 00008e66, insn: 00010001, mode: 3, rs1_addr:  0, rs1_rdata: 00000000, rs2_addr:  0, rs2_rdata: 00000000, rd_addr:  0, rd_wdata: 00000000, mem_addr: 00000000, mem_rdata: 00000000, mem_wdata: 00000000
ClkCycle:       9515, pc_rdata: 00008e66, pc_wdata: 00008e68, insn: 03159593, mode: 3, rs1_addr:  0, rs1_rdata: 00000000, rs2_addr:  0, rs2_rdata: 00000000, rd_addr:  0, rd_wdata: 00000000, mem_addr: 00000000, mem_rdata: 00000000, mem_wdata: 00000000
ClkCycle:       9516, pc_rdata: 00008e68, pc_wdata: 00008e6c, insn: 03159593, mode: 3, rs1_addr: 11, rs1_rdata: 80000000, rs2_addr: 17, rs2_rdata: edffffff, rd_addr: 11, rd_wdata: 00000000, mem_addr: 00000000, mem_rdata: 00000000, mem_wdata: edffffff
ClkCycle:       9517, pc_rdata: 00008e6c, pc_wdata: 00008e70, insn: fff5c593, mode: 3, rs1_addr: 11, rs1_rdata: 80000000, rs2_addr: 31, rs2_rdata: 00000000, rd_addr: 11, rd_wdata: ffffffff, mem_addr: ffffffff, mem_rdata: 00000000, mem_wdata: 00000000
ClkCycle:       9518, pc_rdata: 00008e70, pc_wdata: 00008e74, insn: 3c808513, mode: 3, rs1_addr:  1, rs1_rdata: 0000b118, rs2_addr:  8, rs2_rdata: 00000000, rd_addr: 10, rd_wdata: 0000b4e0, mem_addr: 0000b4e0, mem_rdata: 00000000, mem_wdata: 00000000
ClkCycle:       9519, pc_rdata: 00008e74, pc_wdata: 00008e78, insn: 04800113, mode: 3, rs1_addr:  0, rs1_rdata: 00000000, rs2_addr:  8, rs2_rdata: 00000000, rd_addr:  2, rd_wdata: 00000048, mem_addr: 00000048, mem_rdata: 00000000, mem_wdata: 00000000
ClkCycle:       9520, pc_rdata: 00008e78, pc_wdata: 00008e7c, insn: 40250533, mode: 3, rs1_addr: 10, rs1_rdata: 00000000, rs2_addr:  2, rs2_rdata: 00000000, rd_addr: 10, rd_wdata: 0000b498, mem_addr: 0000b498, mem_rdata: 00000000, mem_wdata: 00000048
ffff0000ffffffff
ClkCycle:       9521, pc_rdata: 00008e7c, pc_wdata: 00008e7e, insn: 0001c52c, mode: 3, rs1_addr: 10, rs1_rdata: 0000b4e0, rs2_addr: 11, rs2_rdata: ffffffff, rd_addr:  8, rd_wdata: 0000b4e0, mem_addr: 0000b4e0, mem_rdata: 00000000, mem_wdata: ffffffff
ClkCycle:       9522, pc_rdata: 00008e7e, pc_wdata: 00008e82, insn: 0001c52c, mode: 3, rs1_addr:  0, rs1_rdata: 00000000, rs2_addr:  0, rs2_rdata: 00000000, rd_addr:  0, rd_wdata: 00000000, mem_addr: 00000000, mem_rdata: 00000000, mem_wdata: 00000000
ClkCycle:       9523, pc_rdata: 00008e82, pc_wdata: 00008e84, insn: 95930010, mode: 3, rs1_addr:  0, rs1_rdata: 00000000, rs2_addr:  0, rs2_rdata: 00000000, rd_addr:  0, rd_wdata: 00000000, mem_addr: 00000000, mem_rdata: 00000000, mem_wdata: 00000000
ClkCycle:       9524, pc_rdata: 00008e84, pc_wdata: 00008e86, insn: 95930010, mode: 3, rs1_addr:  2, rs1_rdata: 00000048, rs2_addr:  0, rs2_rdata: 00000000, rd_addr: 12, rd_wdata: 00000048, mem_addr: 00000048, mem_rdata: 00000000, mem_wdata: 00000000
ClkCycle:       9525, pc_rdata: 00008e86, pc_wdata: 00008e8a, insn: 95930010, mode: 3, rs1_addr:  0, rs1_rdata: 00000000, rs2_addr:  0, rs2_rdata: 00000000, rd_addr:  0, rd_wdata: 00000000, mem_addr: 00000000, mem_rdata: 00000000, mem_wdata: 00000000
ClkCycle:       9526, pc_rdata: 00008e8a, pc_wdata: 00008e8e, insn: 8513fff5, mode: 3, rs1_addr: 11, rs1_rdata: ffffffff, rs2_addr: 31, rs2_rdata: 00000000, rd_addr: 11, rd_wdata: 80000000, mem_addr: 80000000, mem_rdata: 00000000, mem_wdata: 00000000
ClkCycle:       9527, pc_rdata: 00008e8e, pc_wdata: 00008e92, insn: 8513fff5, mode: 3, rs1_addr:  0, rs1_rdata: 00000000, rs2_addr:  0, rs2_rdata: 00000000, rd_addr:  0, rd_wdata: 00000000, mem_addr: 00000000, mem_rdata: 00000000, mem_wdata: 00000000
ClkCycle:       9528, pc_rdata: 00008e92, pc_wdata: 00008e96, insn: 05330380, mode: 3, rs1_addr:  1, rs1_rdata: 0000b118, rs2_addr: 24, rs2_rdata: 0000007d, rd_addr: 10, rd_wdata: 0000b150, mem_addr: 0000b150, mem_rdata: 00000000, mem_wdata: 0000007d
ClkCycle:       9529, pc_rdata: 00008e96, pc_wdata: 00008e9a, insn: 05330380, mode: 3, rs1_addr:  0, rs1_rdata: 00000000, rs2_addr:  0, rs2_rdata: 00000000, rd_addr:  0, rd_wdata: 00000000, mem_addr: 00000000, mem_rdata: 00000000, mem_wdata: 00000000
ClkCycle:       9530, pc_rdata: 00008e9a, pc_wdata: 00008e9e, insn: 00010001, mode: 3, rs1_addr:  2, rs1_rdata: 00000048, rs2_addr:  0, rs2_rdata: 00000000, rd_addr: 10, rd_wdata: 00000048, mem_addr: 00000048, mem_rdata: 00000000, mem_wdata: 00000000
ClkCycle:       9531, pc_rdata: 00008e9e, pc_wdata: 00008ea2, insn: 00010001, mode: 3, rs1_addr:  0, rs1_rdata: 00000000, rs2_addr:  0, rs2_rdata: 00000000, rd_addr:  0, rd_wdata: 00000000, mem_addr: 00000000, mem_rdata: 00000000, mem_wdata: 00000000
ClkCycle:       9532, pc_rdata: 00008ea2, pc_wdata: 00008ea4, insn: 03359593, mode: 3, rs1_addr:  0, rs1_rdata: 00000000, rs2_addr:  0, rs2_rdata: 00000000, rd_addr:  0, rd_wdata: 00000000, mem_addr: 00000000, mem_rdata: 00000000, mem_wdata: 00000000
ClkCycle:       9533, pc_rdata: 00008ea4, pc_wdata: 00008ea8, insn: 03359593, mode: 3, rs1_addr: 11, rs1_rdata: 80000000, rs2_addr: 19, rs2_rdata: dfffb7ff, rd_addr: 11, rd_wdata: 00000000, mem_addr: 00000000, mem_rdata: 00000000, mem_wdata: dfffb7ff
ClkCycle:       9534, pc_rdata: 00008ea8, pc_wdata: 00008eac, insn: fff5c593, mode: 3, rs1_addr: 11, rs1_rdata: 80000000, rs2_addr: 31, rs2_rdata: 00000000, rd_addr: 11, rd_wdata: ffffffff, mem_addr: ffffffff, mem_rdata: 00000000, mem_wdata: 00000000
ClkCycle:       9535, pc_rdata: 00008eac, pc_wdata: 00008eb0, insn: 3d808513, mode: 3, rs1_addr:  1, rs1_rdata: 0000b118, rs2_addr: 24, rs2_rdata: 0000007d, rd_addr: 10, rd_wdata: 0000b4f0, mem_addr: 0000b4f0, mem_rdata: 00000000, mem_wdata: 0000007d
ClkCycle:       9536, pc_rdata: 00008eb0, pc_wdata: 00008eb4, insn: 04000113, mode: 3, rs1_addr:  0, rs1_rdata: 00000000, rs2_addr:  0, rs2_rdata: 00000000, rd_addr:  2, rd_wdata: 00000040, mem_addr: 00000040, mem_rdata: 00000000, mem_wdata: 00000000
ClkCycle:       9537, pc_rdata: 00008eb4, pc_wdata: 00008eb8, insn: 40250533, mode: 3, rs1_addr: 10, rs1_rdata: 00000048, rs2_addr:  2, rs2_rdata: 00000048, rd_addr: 10, rd_wdata: 0000b4b0, mem_addr: 0000b4b0, mem_rdata: 00000000, mem_wdata: 00000040
fffc0000ffffffff
ClkCycle:       9538, pc_rdata: 00008eb8, pc_wdata: 00008eba, insn: 0001c12c, mode: 3, rs1_addr: 10, rs1_rdata: 0000b4f0, rs2_addr: 11, rs2_rdata: ffffffff, rd_addr:  0, rd_wdata: 0000b4f0, mem_addr: 0000b4f0, mem_rdata: 00000000, mem_wdata: ffffffff
ClkCycle:       9539, pc_rdata: 00008eba, pc_wdata: 00008ebe, insn: 0001c12c, mode: 3, rs1_addr:  0, rs1_rdata: 00000000, rs2_addr:  0, rs2_rdata: 00000000, rd_addr:  0, rd_wdata: 00000000, mem_addr: 00000000, mem_rdata: 00000000, mem_wdata: 00000000
ClkCycle:       9540, pc_rdata: 00008ebe, pc_wdata: 00008ec0, insn: 95930010, mode: 3, rs1_addr:  0, rs1_rdata: 00000000, rs2_addr:  0, rs2_rdata: 00000000, rd_addr:  0, rd_wdata: 00000000, mem_addr: 00000000, mem_rdata: 00000000, mem_wdata: 00000000
ClkCycle:       9541, pc_rdata: 00008ec0, pc_wdata: 00008ec2, insn: 95930010, mode: 3, rs1_addr:  2, rs1_rdata: 00000040, rs2_addr:  0, rs2_rdata: 00000000, rd_addr: 12, rd_wdata: 00000040, mem_addr: 00000040, mem_rdata: 00000000, mem_wdata: 00000000
ClkCycle:       9542, pc_rdata: 00008ec2, pc_wdata: 00008ec6, insn: 95930010, mode: 3, rs1_addr:  0, rs1_rdata: 00000000, rs2_addr:  0, rs2_rdata: 00000000, rd_addr:  0, rd_wdata: 00000000, mem_addr: 00000000, mem_rdata: 00000000, mem_wdata: 00000000
ClkCycle:       9543, pc_rdata: 00008ec6, pc_wdata: 00008eca, insn: 8513fff5, mode: 3, rs1_addr: 11, rs1_rdata: ffffffff, rs2_addr: 31, rs2_rdata: 00000000, rd_addr: 11, rd_wdata: 80000000, mem_addr: 80000000, mem_rdata: 00000000, mem_wdata: 00000000
ClkCycle:       9544, pc_rdata: 00008eca, pc_wdata: 00008ece, insn: 8513fff5, mode: 3, rs1_addr:  0, rs1_rdata: 00000000, rs2_addr:  0, rs2_rdata: 00000000, rd_addr:  0, rd_wdata: 00000000, mem_addr: 00000000, mem_rdata: 00000000, mem_wdata: 00000000
ClkCycle:       9545, pc_rdata: 00008ece, pc_wdata: 00008ed2, insn: 05330480, mode: 3, rs1_addr:  1, rs1_rdata: 0000b118, rs2_addr:  8, rs2_rdata: 00000000, rd_addr: 10, rd_wdata: 0000b160, mem_addr: 0000b160, mem_rdata: 00000000, mem_wdata: 00000000
ClkCycle:       9546, pc_rdata: 00008ed2, pc_wdata: 00008ed6, insn: 05330480, mode: 3, rs1_addr:  0, rs1_rdata: 00000000, rs2_addr:  0, rs2_rdata: 00000000, rd_addr:  0, rd_wdata: 00000000, mem_addr: 00000000, mem_rdata: 00000000, mem_wdata: 00000000
ClkCycle:       9547, pc_rdata: 00008ed6, pc_wdata: 00008eda, insn: 00010001, mode: 3, rs1_addr:  2, rs1_rdata: 00000040, rs2_addr:  0, rs2_rdata: 00000000, rd_addr: 10, rd_wdata: 00000040, mem_addr: 00000040, mem_rdata: 00000000, mem_wdata: 00000000
ClkCycle:       9548, pc_rdata: 00008eda, pc_wdata: 00008ede, insn: 00010001, mode: 3, rs1_addr:  0, rs1_rdata: 00000000, rs2_addr:  0, rs2_rdata: 00000000, rd_addr:  0, rd_wdata: 00000000, mem_addr: 00000000, mem_rdata: 00000000, mem_wdata: 00000000
ClkCycle:       9549, pc_rdata: 00008ede, pc_wdata: 00008ee0, insn: 03559593, mode: 3, rs1_addr:  0, rs1_rdata: 00000000, rs2_addr:  0, rs2_rdata: 00000000, rd_addr:  0, rd_wdata: 00000000, mem_addr: 00000000, mem_rdata: 00000000, mem_wdata: 00000000
ClkCycle:       9550, pc_rdata: 00008ee0, pc_wdata: 00008ee4, insn: 03559593, mode: 3, rs1_addr: 11, rs1_rdata: 80000000, rs2_addr: 21, rs2_rdata: 0fab7ffe, rd_addr: 11, rd_wdata: 00000000, mem_addr: 00000000, mem_rdata: 00000000, mem_wdata: 0fab7ffe
ClkCycle:       9551, pc_rdata: 00008ee4, pc_wdata: 00008ee8, insn: fff5c593, mode: 3, rs1_addr: 11, rs1_rdata: 80000000, rs2_addr: 31, rs2_rdata: 00000000, rd_addr: 11, rd_wdata: ffffffff, mem_addr: ffffffff, mem_rdata: 00000000, mem_wdata: 00000000
ClkCycle:       9552, pc_rdata: 00008ee8, pc_wdata: 00008eec, insn: 3e808513, mode: 3, rs1_addr:  1, rs1_rdata: 0000b118, rs2_addr:  8, rs2_rdata: 00000000, rd_addr: 10, rd_wdata: 0000b500, mem_addr: 0000b500, mem_rdata: 00000000, mem_wdata: 00000000
ClkCycle:       9553, pc_rdata: 00008eec, pc_wdata: 00008ef0, insn: 04c00113, mode: 3, rs1_addr:  0, rs1_rdata: 00000000, rs2_addr: 12, rs2_rdata: 00000040, rd_addr:  2, rd_wdata: 0000004c, mem_addr: 0000004c, mem_rdata: 00000000, mem_wdata: 00000040
ClkCycle:       9554, pc_rdata: 00008ef0, pc_wdata: 00008ef4, insn: 40250533, mode: 3, rs1_addr: 10, rs1_rdata: 00000040, rs2_addr:  2, rs2_rdata: 00000040, rd_addr: 10, rd_wdata: 0000b4b4, mem_addr: 0000b4b4, mem_rdata: 00000000, mem_wdata: 0000004c
fff00000ffffffff
ClkCycle:       9555, pc_rdata: 00008ef4, pc_wdata: 00008ef6, insn: 0001c56c, mode: 3, rs1_addr: 10, rs1_rdata: 0000b500, rs2_addr: 11, rs2_rdata: ffffffff, rd_addr: 12, rd_wdata: 0000b500, mem_addr: 0000b500, mem_rdata: 00000000, mem_wdata: ffffffff
ClkCycle:       9556, pc_rdata: 00008ef6, pc_wdata: 00008efa, insn: 0001c56c, mode: 3, rs1_addr:  0, rs1_rdata: 00000000, rs2_addr:  0, rs2_rdata: 00000000, rd_addr:  0, rd_wdata: 00000000, mem_addr: 00000000, mem_rdata: 00000000, mem_wdata: 00000000
ClkCycle:       9557, pc_rdata: 00008efa, pc_wdata: 00008efc, insn: 95930010, mode: 3, rs1_addr:  0, rs1_rdata: 00000000, rs2_addr:  0, rs2_rdata: 00000000, rd_addr:  0, rd_wdata: 00000000, mem_addr: 00000000, mem_rdata: 00000000, mem_wdata: 00000000
ClkCycle:       9558, pc_rdata: 00008efc, pc_wdata: 00008efe, insn: 95930010, mode: 3, rs1_addr:  2, rs1_rdata: 0000004c, rs2_addr:  0, rs2_rdata: 00000000, rd_addr: 12, rd_wdata: 0000004c, mem_addr: 0000004c, mem_rdata: 00000000, mem_wdata: 00000000
ClkCycle:       9559, pc_rdata: 00008efe, pc_wdata: 00008f02, insn: 95930010, mode: 3, rs1_addr:  0, rs1_rdata: 00000000, rs2_addr:  0, rs2_rdata: 00000000, rd_addr:  0, rd_wdata: 00000000, mem_addr: 00000000, mem_rdata: 00000000, mem_wdata: 00000000
ClkCycle:       9560, pc_rdata: 00008f02, pc_wdata: 00008f06, insn: 8513fff5, mode: 3, rs1_addr: 11, rs1_rdata: ffffffff, rs2_addr: 31, rs2_rdata: 00000000, rd_addr: 11, rd_wdata: 80000000, mem_addr: 80000000, mem_rdata: 00000000, mem_wdata: 00000000
ClkCycle:       9561, pc_rdata: 00008f06, pc_wdata: 00008f0a, insn: 8513fff5, mode: 3, rs1_addr:  0, rs1_rdata: 00000000, rs2_addr:  0, rs2_rdata: 00000000, rd_addr:  0, rd_wdata: 00000000, mem_addr: 00000000, mem_rdata: 00000000, mem_wdata: 00000000
ClkCycle:       9562, pc_rdata: 00008f0a, pc_wdata: 00008f0e, insn: 05330740, mode: 3, rs1_addr:  1, rs1_rdata: 0000b118, rs2_addr: 20, rs2_rdata: d5bfff6f, rd_addr: 10, rd_wdata: 0000b18c, mem_addr: 0000b18c, mem_rdata: 00000000, mem_wdata: d5bfff6f
ClkCycle:       9563, pc_rdata: 00008f0e, pc_wdata: 00008f12, insn: 05330740, mode: 3, rs1_addr:  0, rs1_rdata: 00000000, rs2_addr:  0, rs2_rdata: 00000000, rd_addr:  0, rd_wdata: 00000000, mem_addr: 00000000, mem_rdata: 00000000, mem_wdata: 00000000
ClkCycle:       9564, pc_rdata: 00008f12, pc_wdata: 00008f16, insn: 00010001, mode: 3, rs1_addr:  2, rs1_rdata: 0000004c, rs2_addr:  0, rs2_rdata: 00000000, rd_addr: 10, rd_wdata: 0000004c, mem_addr: 0000004c, mem_rdata: 00000000, mem_wdata: 00000000
ClkCycle:       9565, pc_rdata: 00008f16, pc_wdata: 00008f1a, insn: 00010001, mode: 3, rs1_addr:  0, rs1_rdata: 00000000, rs2_addr:  0, rs2_rdata: 00000000, rd_addr:  0, rd_wdata: 00000000, mem_addr: 00000000, mem_rdata: 00000000, mem_wdata: 00000000
ClkCycle:       9566, pc_rdata: 00008f1a, pc_wdata: 00008f1c, insn: 03759593, mode: 3, rs1_addr:  0, rs1_rdata: 00000000, rs2_addr:  0, rs2_rdata: 00000000, rd_addr:  0, rd_wdata: 00000000, mem_addr: 00000000, mem_rdata: 00000000, mem_wdata: 00000000
ClkCycle:       9567, pc_rdata: 00008f1c, pc_wdata: 00008f20, insn: 03759593, mode: 3, rs1_addr: 11, rs1_rdata: 80000000, rs2_addr: 23, rs2_rdata: 00003ead, rd_addr: 11, rd_wdata: 00000000, mem_addr: 00000000, mem_rdata: 00000000, mem_wdata: 00003ead
ClkCycle:       9568, pc_rdata: 00008f20, pc_wdata: 00008f24, insn: fff5c593, mode: 3, rs1_addr: 11, rs1_rdata: 80000000, rs2_addr: 31, rs2_rdata: 00000000, rd_addr: 11, rd_wdata: ffffffff, mem_addr: ffffffff, mem_rdata: 00000000, mem_wdata: 00000000
ClkCycle:       9569, pc_rdata: 00008f24, pc_wdata: 00008f28, insn: 3f808513, mode: 3, rs1_addr:  1, rs1_rdata: 0000b118, rs2_addr: 24, rs2_rdata: 0000007d, rd_addr: 10, rd_wdata: 0000b510, mem_addr: 0000b510, mem_rdata: 00000000, mem_wdata: 0000007d
ClkCycle:       9570, pc_rdata: 00008f28, pc_wdata: 00008f2c, insn: 05400113, mode: 3, rs1_addr:  0, rs1_rdata: 00000000, rs2_addr: 20, rs2_rdata: d5bfff6f, rd_addr:  2, rd_wdata: 00000054, mem_addr: 00000054, mem_rdata: 00000000, mem_wdata: d5bfff6f
ClkCycle:       9571, pc_rdata: 00008f2c, pc_wdata: 00008f30, insn: 40250533, mode: 3, rs1_addr: 10, rs1_rdata: 0000004c, rs2_addr:  2, rs2_rdata: 0000004c, rd_addr: 10, rd_wdata: 0000b4bc, mem_addr: 0000b4bc, mem_rdata: 00000000, mem_wdata: 00000054
ffc00000ffffffff
ClkCycle:       9572, pc_rdata: 00008f30, pc_wdata: 00008f32, insn: 0001c96c, mode: 3, rs1_addr: 10, rs1_rdata: 0000b510, rs2_addr: 11, rs2_rdata: ffffffff, rd_addr: 20, rd_wdata: 0000b510, mem_addr: 0000b510, mem_rdata: 00000000, mem_wdata: ffffffff
ClkCycle:       9573, pc_rdata: 00008f32, pc_wdata: 00008f36, insn: 0001c96c, mode: 3, rs1_addr:  0, rs1_rdata: 00000000, rs2_addr:  0, rs2_rdata: 00000000, rd_addr:  0, rd_wdata: 00000000, mem_addr: 00000000, mem_rdata: 00000000, mem_wdata: 00000000
ClkCycle:       9574, pc_rdata: 00008f36, pc_wdata: 00008f38, insn: 95930010, mode: 3, rs1_addr:  0, rs1_rdata: 00000000, rs2_addr:  0, rs2_rdata: 00000000, rd_addr:  0, rd_wdata: 00000000, mem_addr: 00000000, mem_rdata: 00000000, mem_wdata: 00000000
ClkCycle:       9575, pc_rdata: 00008f38, pc_wdata: 00008f3a, insn: 95930010, mode: 3, rs1_addr:  2, rs1_rdata: 00000054, rs2_addr:  0, rs2_rdata: 00000000, rd_addr: 12, rd_wdata: 00000054, mem_addr: 00000054, mem_rdata: 00000000, mem_wdata: 00000000
ClkCycle:       9576, pc_rdata: 00008f3a, pc_wdata: 00008f3e, insn: 95930010, mode: 3, rs1_addr:  0, rs1_rdata: 00000000, rs2_addr:  0, rs2_rdata: 00000000, rd_addr:  0, rd_wdata: 00000000, mem_addr: 00000000, mem_rdata: 00000000, mem_wdata: 00000000
ClkCycle:       9577, pc_rdata: 00008f3e, pc_wdata: 00008f42, insn: 8513fff5, mode: 3, rs1_addr: 11, rs1_rdata: ffffffff, rs2_addr: 31, rs2_rdata: 00000000, rd_addr: 11, rd_wdata: 80000000, mem_addr: 80000000, mem_rdata: 00000000, mem_wdata: 00000000
ClkCycle:       9578, pc_rdata: 00008f42, pc_wdata: 00008f46, insn: 8513fff5, mode: 3, rs1_addr:  0, rs1_rdata: 00000000, rs2_addr:  0, rs2_rdata: 00000000, rd_addr:  0, rd_wdata: 00000000, mem_addr: 00000000, mem_rdata: 00000000, mem_wdata: 00000000
ClkCycle:       9579, pc_rdata: 00008f46, pc_wdata: 00008f4a, insn: 05330200, mode: 3, rs1_addr:  1, rs1_rdata: 0000b118, rs2_addr:  0, rs2_rdata: 00000000, rd_addr: 10, rd_wdata: 0000b138, mem_addr: 0000b138, mem_rdata: 00000000, mem_wdata: 00000000
ClkCycle:       9580, pc_rdata: 00008f4a, pc_wdata: 00008f4e, insn: 05330200, mode: 3, rs1_addr:  0, rs1_rdata: 00000000, rs2_addr:  0, rs2_rdata: 00000000, rd_addr:  0, rd_wdata: 00000000, mem_addr: 00000000, mem_rdata: 00000000, mem_wdata: 00000000
ClkCycle:       9581, pc_rdata: 00008f4e, pc_wdata: 00008f52, insn: 00010001, mode: 3, rs1_addr:  2, rs1_rdata: 00000054, rs2_addr:  0, rs2_rdata: 00000000, rd_addr: 10, rd_wdata: 00000054, mem_addr: 00000054, mem_rdata: 00000000, mem_wdata: 00000000
ClkCycle:       9582, pc_rdata: 00008f52, pc_wdata: 00008f56, insn: 00010001, mode: 3, rs1_addr:  0, rs1_rdata: 00000000, rs2_addr:  0, rs2_rdata: 00000000, rd_addr:  0, rd_wdata: 00000000, mem_addr: 00000000, mem_rdata: 00000000, mem_wdata: 00000000
ClkCycle:       9583, pc_rdata: 00008f56, pc_wdata: 00008f58, insn: 03959593, mode: 3, rs1_addr:  0, rs1_rdata: 00000000, rs2_addr:  0, rs2_rdata: 00000000, rd_addr:  0, rd_wdata: 00000000, mem_addr: 00000000, mem_rdata: 00000000, mem_wdata: 00000000
ClkCycle:       9584, pc_rdata: 00008f58, pc_wdata: 00008f5c, insn: 03959593, mode: 3, rs1_addr: 11, rs1_rdata: 80000000, rs2_addr: 25, rs2_rdata: 00000000, rd_addr: 11, rd_wdata: 00000000, mem_addr: 00000000, mem_rdata: 00000000, mem_wdata: 00000000
ClkCycle:       9585, pc_rdata: 00008f5c, pc_wdata: 00008f60, insn: fff5c593, mode: 3, rs1_addr: 11, rs1_rdata: 80000000, rs2_addr: 31, rs2_rdata: 00000000, rd_addr: 11, rd_wdata: ffffffff, mem_addr: ffffffff, mem_rdata: 00000000, mem_wdata: 00000000
ClkCycle:       9586, pc_rdata: 00008f60, pc_wdata: 00008f64, insn: 40808513, mode: 3, rs1_addr:  1, rs1_rdata: 0000b118, rs2_addr:  8, rs2_rdata: 00000000, rd_addr: 10, rd_wdata: 0000b520, mem_addr: 0000b520, mem_rdata: 00000000, mem_wdata: 00000000
ClkCycle:       9587, pc_rdata: 00008f64, pc_wdata: 00008f68, insn: 03000113, mode: 3, rs1_addr:  0, rs1_rdata: 00000000, rs2_addr: 16, rs2_rdata: 7d5bfddb, rd_addr:  2, rd_wdata: 00000030, mem_addr: 00000030, mem_rdata: 00000000, mem_wdata: 7d5bfddb
ClkCycle:       9588, pc_rdata: 00008f68, pc_wdata: 00008f6c, insn: 40250533, mode: 3, rs1_addr: 10, rs1_rdata: 00000054, rs2_addr:  2, rs2_rdata: 00000054, rd_addr: 10, rd_wdata: 0000b4f0, mem_addr: 0000b4f0, mem_rdata: 00000000, mem_wdata: 00000030
ff000000ffffffff
ClkCycle:       9589, pc_rdata: 00008f6c, pc_wdata: 00008f6e, insn: 0001d90c, mode: 3, rs1_addr: 10, rs1_rdata: 0000b520, rs2_addr: 11, rs2_rdata: ffffffff, rd_addr: 16, rd_wdata: 0000b520, mem_addr: 0000b520, mem_rdata: 00000000, mem_wdata: ffffffff
ClkCycle:       9590, pc_rdata: 00008f6e, pc_wdata: 00008f72, insn: 0001d90c, mode: 3, rs1_addr:  0, rs1_rdata: 00000000, rs2_addr:  0, rs2_rdata: 00000000, rd_addr:  0, rd_wdata: 00000000, mem_addr: 00000000, mem_rdata: 00000000, mem_wdata: 00000000
ClkCycle:       9591, pc_rdata: 00008f72, pc_wdata: 00008f74, insn: 95930010, mode: 3, rs1_addr:  0, rs1_rdata: 00000000, rs2_addr:  0, rs2_rdata: 00000000, rd_addr:  0, rd_wdata: 00000000, mem_addr: 00000000, mem_rdata: 00000000, mem_wdata: 00000000
ClkCycle:       9592, pc_rdata: 00008f74, pc_wdata: 00008f76, insn: 95930010, mode: 3, rs1_addr:  2, rs1_rdata: 00000030, rs2_addr:  0, rs2_rdata: 00000000, rd_addr: 12, rd_wdata: 00000030, mem_addr: 00000030, mem_rdata: 00000000, mem_wdata: 00000000
ClkCycle:       9593, pc_rdata: 00008f76, pc_wdata: 00008f7a, insn: 95930010, mode: 3, rs1_addr:  0, rs1_rdata: 00000000, rs2_addr:  0, rs2_rdata: 00000000, rd_addr:  0, rd_wdata: 00000000, mem_addr: 00000000, mem_rdata: 00000000, mem_wdata: 00000000
ClkCycle:       9594, pc_rdata: 00008f7a, pc_wdata: 00008f7e, insn: 8513fff5, mode: 3, rs1_addr: 11, rs1_rdata: ffffffff, rs2_addr: 31, rs2_rdata: 00000000, rd_addr: 11, rd_wdata: 80000000, mem_addr: 80000000, mem_rdata: 00000000, mem_wdata: 00000000
ClkCycle:       9595, pc_rdata: 00008f7e, pc_wdata: 00008f82, insn: 8513fff5, mode: 3, rs1_addr:  0, rs1_rdata: 00000000, rs2_addr:  0, rs2_rdata: 00000000, rd_addr:  0, rd_wdata: 00000000, mem_addr: 00000000, mem_rdata: 00000000, mem_wdata: 00000000
ClkCycle:       9596, pc_rdata: 00008f82, pc_wdata: 00008f86, insn: 05330040, mode: 3, rs1_addr:  1, rs1_rdata: 0000b118, rs2_addr:  4, rs2_rdata: 6dfdffff, rd_addr: 10, rd_wdata: 0000b11c, mem_addr: 0000b11c, mem_rdata: 00000000, mem_wdata: 6dfdffff
ClkCycle:       9597, pc_rdata: 00008f86, pc_wdata: 00008f8a, insn: 05330040, mode: 3, rs1_addr:  0, rs1_rdata: 00000000, rs2_addr:  0, rs2_rdata: 00000000, rd_addr:  0, rd_wdata: 00000000, mem_addr: 00000000, mem_rdata: 00000000, mem_wdata: 00000000
ClkCycle:       9598, pc_rdata: 00008f8a, pc_wdata: 00008f8e, insn: 00010001, mode: 3, rs1_addr:  2, rs1_rdata: 00000030, rs2_addr:  0, rs2_rdata: 00000000, rd_addr: 10, rd_wdata: 00000030, mem_addr: 00000030, mem_rdata: 00000000, mem_wdata: 00000000
ClkCycle:       9599, pc_rdata: 00008f8e, pc_wdata: 00008f92, insn: 00010001, mode: 3, rs1_addr:  0, rs1_rdata: 00000000, rs2_addr:  0, rs2_rdata: 00000000, rd_addr:  0, rd_wdata: 00000000, mem_addr: 00000000, mem_rdata: 00000000, mem_wdata: 00000000
ClkCycle:       9600, pc_rdata: 00008f92, pc_wdata: 00008f94, insn: 1f813483, mode: 3, rs1_addr:  0, rs1_rdata: 00000000, rs2_addr:  0, rs2_rdata: 00000000, rd_addr:  0, rd_wdata: 00000000, mem_addr: 00000000, mem_rdata: 00000000, mem_wdata: 00000000
ClkCycle:       9601, pc_rdata: 00008f94, pc_wdata: 00008f98, insn: 1f813483, mode: 3, rs1_addr:  2, rs1_rdata: 00000030, rs2_addr: 24, rs2_rdata: 0000007d, rd_addr:  9, rd_wdata: 00000000, mem_addr: 00000228, mem_rdata: 00000000, mem_wdata: 0000007d
ClkCycle:       9602, pc_rdata: 00008f98, pc_wdata: 00008f9c, insn: 20013303, mode: 3, rs1_addr:  2, rs1_rdata: 00000030, rs2_addr:  0, rs2_rdata: 00000000, rd_addr:  6, rd_wdata: 00000000, mem_addr: 00000230, mem_rdata: 00000000, mem_wdata: 00000000
ClkCycle:       9603, pc_rdata: 00008f9c, pc_wdata: 00008fa0, insn: 00930333, mode: 3, rs1_addr:  6, rs1_rdata: 1fddb7f7, rs2_addr:  9, rs2_rdata: 000000fe, rd_addr:  6, rd_wdata: 00000230, mem_addr: 00000230, mem_rdata: 00000000, mem_wdata: 00000000
ClkCycle:       9605, pc_rdata: 00008fa0, pc_wdata: 00008fa4, insn: 00000337, mode: 3, rs1_addr:  0, rs1_rdata: 00000000, rs2_addr:  0, rs2_rdata: 00000000, rd_addr:  6, rd_wdata: 00000000, mem_addr: 00000000, mem_rdata: 00000000, mem_wdata: 00000000
ClkCycle:       9606, pc_rdata: 00008fa4, pc_wdata: 00008fa8, insn: 00030313, mode: 3, rs1_addr:  6, rs1_rdata: 00000000, rs2_addr:  0, rs2_rdata: 00000000, rd_addr:  6, rd_wdata: 00000000, mem_addr: 00000000, mem_rdata: 00000000, mem_wdata: 00000000
ClkCycle:       9607, pc_rdata: 00008fa8, pc_wdata: 00008fac, insn: 00b31313, mode: 3, rs1_addr:  6, rs1_rdata: 00000000, rs2_addr: 11, rs2_rdata: 80000000, rd_addr:  6, rd_wdata: 00000000, mem_addr: 00000000, mem_rdata: 00000000, mem_wdata: 80000000
ClkCycle:       9608, pc_rdata: 00008fac, pc_wdata: 00008fb0, insn: 5d630313, mode: 3, rs1_addr:  6, rs1_rdata: 00000000, rs2_addr: 22, rs2_rdata: 001f56ff, rd_addr:  6, rd_wdata: 000005d6, mem_addr: 000005d6, mem_rdata: 00000000, mem_wdata: 001f56ff
ClkCycle:       9609, pc_rdata: 00008fb0, pc_wdata: 00008fb4, insn: 00b31313, mode: 3, rs1_addr:  6, rs1_rdata: 00000000, rs2_addr: 11, rs2_rdata: 80000000, rd_addr:  6, rd_wdata: 002eb000, mem_addr: 002eb000, mem_rdata: 00000000, mem_wdata: 80000000
ClkCycle:       9610, pc_rdata: 00008fb4, pc_wdata: 00008fb8, insn: 43630313, mode: 3, rs1_addr:  6, rs1_rdata: 00000000, rs2_addr: 22, rs2_rdata: 001f56ff, rd_addr:  6, rd_wdata: 002eb436, mem_addr: 002eb436, mem_rdata: 00000000, mem_wdata: 001f56ff
ClkCycle:       9611, pc_rdata: 00008fb8, pc_wdata: 00008fbc, insn: 00a31313, mode: 3, rs1_addr:  6, rs1_rdata: 000005d6, rs2_addr: 10, rs2_rdata: 00000030, rd_addr:  6, rd_wdata: bad0d800, mem_addr: bad0d800, mem_rdata: 00000000, mem_wdata: 00000030
ClkCycle:       9612, pc_rdata: 00008fbc, pc_wdata: 00008fc0, insn: 2d030313, mode: 3, rs1_addr:  6, rs1_rdata: 002eb000, rs2_addr: 16, rs2_rdata: 7d5bfddb, rd_addr:  6, rd_wdata: bad0dad0, mem_addr: bad0dad0, mem_rdata: 00000000, mem_wdata: 7d5bfddb
00000000bad0dad0
ClkCycle:       9613, pc_rdata: 00008fc0, pc_wdata: 00008fc4, insn: fe64be23, mode: 3, rs1_addr:  9, rs1_rdata: 00000000, rs2_addr:  6, rs2_rdata: 002eb436, rd_addr: 28, rd_wdata: fffffffc, mem_addr: fffffffc, mem_rdata: 00000000, mem_wdata: bad0dad0
ClkCycle:       9614, pc_rdata: 00008fc4, pc_wdata: 00008fc8, insn: 0040006f, mode: 3, rs1_addr:  0, rs1_rdata: 00000000, rs2_addr:  4, rs2_rdata: 6dfdffff, rd_addr:  0, rd_wdata: 00008fc8, mem_addr: 00000004, mem_rdata: 00000000, mem_wdata: 6dfdffff
ClkCycle:       9615, pc_rdata: 00008fc8, pc_wdata: 00008fc8, insn: 0f174085, mode: 3, rs1_addr:  0, rs1_rdata: 00000000, rs2_addr:  0, rs2_rdata: 00000000, rd_addr:  0, rd_wdata: 00000000, mem_addr: 00000000, mem_rdata: 00000000, mem_wdata: 00000000
ClkCycle:       9616, pc_rdata: 00008fc8, pc_wdata: 00008fca, insn: 0f174085, mode: 3, rs1_addr:  0, rs1_rdata: 00000000, rs2_addr:  1, rs2_rdata: 0000b118, rd_addr:  1, rd_wdata: 00000001, mem_addr: 00000001, mem_rdata: 00000000, mem_wdata: 0000b118
ClkCycle:       9617, pc_rdata: 00008fca, pc_wdata: 00008fce, insn: 0f174085, mode: 3, rs1_addr:  0, rs1_rdata: 00000000, rs2_addr:  0, rs2_rdata: 00000000, rd_addr:  0, rd_wdata: 00000000, mem_addr: 00000000, mem_rdata: 00000000, mem_wdata: 00000000
ClkCycle:       9618, pc_rdata: 00008fce, pc_wdata: 00008fd2, insn: bfe5021f, mode: 3, rs1_addr: 30, rs1_rdata: 00000000, rs2_addr:  1, rs2_rdata: 0000b118, rd_addr: 30, rd_wdata: 021f8fce, mem_addr: 021f8fce, mem_rdata: 00000000, mem_wdata: 00000001
ClkCycle:       9619, pc_rdata: 00008fd2, pc_wdata: 00008fd6, insn: bfe5021f, mode: 3, rs1_addr:  0, rs1_rdata: 00000000, rs2_addr:  0, rs2_rdata: 00000000, rd_addr:  0, rd_wdata: 00000000, mem_addr: 00000000, mem_rdata: 00000000, mem_wdata: 00000000
ClkCycle:       9622, pc_rdata: 00008fce, pc_wdata: 00008fd2, insn: 2b230000, mode: 3, rs1_addr:  0, rs1_rdata: 00000000, rs2_addr:  0, rs2_rdata: 00000000, rd_addr:  0, rd_wdata: 00000000, mem_addr: 00000000, mem_rdata: 00000000, mem_wdata: 00000000
0000000000000000
