ClkCycle:          5, pc_rdata: 00000000, pc_wdata: 00000004, insn: 7d5c0837, mode: 3, rs1_addr: 24, rs1_rdata: 00000000, rs2_addr: 21, rs2_rdata: 00000000, rd_addr: 16, rd_wdata: 7d5c0000, mem_addr: 7d5c0000, mem_rdata: 00000000, mem_wdata: 00000000
ClkCycle:          6, pc_rdata: 00000004, pc_wdata: 00000008, insn: ddb80813, mode: 3, rs1_addr: 16, rs1_rdata: 00000000, rs2_addr: 27, rs2_rdata: 00000000, rd_addr: 16, rd_wdata: 7d5bfddb, mem_addr: 7d5bfddb, mem_rdata: 00000000, mem_wdata: 00000000
ClkCycle:          7, pc_rdata: 00000008, pc_wdata: 0000000c, insn: 00b81813, mode: 3, rs1_addr: 16, rs1_rdata: 00000000, rs2_addr: 11, rs2_rdata: 00000000, rd_addr: 16, rd_wdata: dfeed800, mem_addr: dfeed800, mem_rdata: 00000000, mem_wdata: 00000000
ClkCycle:          8, pc_rdata: 0000000c, pc_wdata: 00000010, insn: 3ea80813, mode: 3, rs1_addr: 16, rs1_rdata: 7d5c0000, rs2_addr: 10, rs2_rdata: 00000000, rd_addr: 16, rd_wdata: dfeedbea, mem_addr: dfeedbea, mem_rdata: 00000000, mem_wdata: 00000000
ClkCycle:          9, pc_rdata: 00000010, pc_wdata: 00000014, insn: 00b81813, mode: 3, rs1_addr: 16, rs1_rdata: 7d5bfddb, rs2_addr: 11, rs2_rdata: 00000000, rd_addr: 16, rd_wdata: 76df5000, mem_addr: 76df5000, mem_rdata: 00000000, mem_wdata: 00000000
ClkCycle:         10, pc_rdata: 00000014, pc_wdata: 00000018, insn: 6ff80813, mode: 3, rs1_addr: 16, rs1_rdata: dfeed800, rs2_addr: 31, rs2_rdata: 00000000, rd_addr: 16, rd_wdata: 76df56ff, mem_addr: 76df56ff, mem_rdata: 00000000, mem_wdata: 00000000
ClkCycle:         11, pc_rdata: 00000018, pc_wdata: 0000001c, insn: 00a81813, mode: 3, rs1_addr: 16, rs1_rdata: dfeedbea, rs2_addr: 10, rs2_rdata: 00000000, rd_addr: 16, rd_wdata: 7d5bfc00, mem_addr: 7d5bfc00, mem_rdata: 00000000, mem_wdata: 00000000
ClkCycle:         12, pc_rdata: 0000001c, pc_wdata: 00000020, insn: 1db80813, mode: 3, rs1_addr: 16, rs1_rdata: 76df5000, rs2_addr: 27, rs2_rdata: 00000000, rd_addr: 16, rd_wdata: 7d5bfddb, mem_addr: 7d5bfddb, mem_rdata: 00000000, mem_wdata: 00000000
ClkCycle:         13, pc_rdata: 00000020, pc_wdata: 00000024, insn: 00785893, mode: 3, rs1_addr: 16, rs1_rdata: 76df56ff, rs2_addr:  7, rs2_rdata: 00000000, rd_addr: 17, rd_wdata: b6fab7fb, mem_addr: b6fab7fb, mem_rdata: 00000000, mem_wdata: 00000000
ClkCycle:         14, pc_rdata: 00000024, pc_wdata: 00000028, insn: 03985793, mode: 3, rs1_addr: 16, rs1_rdata: 7d5bfc00, rs2_addr: 25, rs2_rdata: 00000000, rd_addr: 15, rd_wdata: adfeedbe, mem_addr: adfeedbe, mem_rdata: 00000000, mem_wdata: 00000000
ClkCycle:         15, pc_rdata: 00000028, pc_wdata: 0000002c, insn: 00f8e8b3, mode: 3, rs1_addr: 17, rs1_rdata: 00000000, rs2_addr: 15, rs2_rdata: 00000000, rd_addr: 17, rd_wdata: bffeffff, mem_addr: bffeffff, mem_rdata: 00000000, mem_wdata: adfeedbe
ClkCycle:         16, pc_rdata: 0000002c, pc_wdata: 00000030, insn: 0078d913, mode: 3, rs1_addr: 17, rs1_rdata: b6fab7fb, rs2_addr:  7, rs2_rdata: 00000000, rd_addr: 18, rd_wdata: ff7ffdff, mem_addr: ff7ffdff, mem_rdata: 00000000, mem_wdata: 00000000
ClkCycle:         17, pc_rdata: 00000030, pc_wdata: 00000034, insn: 0398d793, mode: 3, rs1_addr: 17, rs1_rdata: b6fab7fb, rs2_addr: 25, rs2_rdata: 00000000, rd_addr: 15, rd_wdata: 7d5bffdf, mem_addr: 7d5bffdf, mem_rdata: 00000000, mem_wdata: 00000000
ClkCycle:         18, pc_rdata: 00000034, pc_wdata: 00000038, insn: 00f96933, mode: 3, rs1_addr: 18, rs1_rdata: 00000000, rs2_addr: 15, rs2_rdata: adfeedbe, rd_addr: 18, rd_wdata: ff7fffff, mem_addr: ff7fffff, mem_rdata: 00000000, mem_wdata: 7d5bffdf
ClkCycle:         19, pc_rdata: 00000038, pc_wdata: 0000003c, insn: 00795993, mode: 3, rs1_addr: 18, rs1_rdata: ff7ffdff, rs2_addr:  7, rs2_rdata: 00000000, rd_addr: 19, rd_wdata: dffeffff, mem_addr: dffeffff, mem_rdata: 00000000, mem_wdata: 00000000
ClkCycle:         20, pc_rdata: 0000003c, pc_wdata: 00000040, insn: 03995793, mode: 3, rs1_addr: 18, rs1_rdata: ff7ffdff, rs2_addr: 25, rs2_rdata: 00000000, rd_addr: 15, rd_wdata: 00fab7ff, mem_addr: 00fab7ff, mem_rdata: 00000000, mem_wdata: 00000000
ClkCycle:         21, pc_rdata: 00000040, pc_wdata: 00000044, insn: 00f9e9b3, mode: 3, rs1_addr: 19, rs1_rdata: 00000000, rs2_addr: 15, rs2_rdata: 7d5bffdf, rd_addr: 19, rd_wdata: dffeffff, mem_addr: dffeffff, mem_rdata: 00000000, mem_wdata: 00fab7ff
ClkCycle:         22, pc_rdata: 00000044, pc_wdata: 00000048, insn: 0079da13, mode: 3, rs1_addr: 19, rs1_rdata: dffeffff, rs2_addr:  7, rs2_rdata: 00000000, rd_addr: 20, rd_wdata: d5bffdff, mem_addr: d5bffdff, mem_rdata: 00000000, mem_wdata: 00000000
ClkCycle:         23, pc_rdata: 00000048, pc_wdata: 0000004c, insn: 0399d793, mode: 3, rs1_addr: 19, rs1_rdata: dffeffff, rs2_addr: 25, rs2_rdata: 00000000, rd_addr: 15, rd_wdata: 0001f56f, mem_addr: 0001f56f, mem_rdata: 00000000, mem_wdata: 00000000
ClkCycle:         24, pc_rdata: 0000004c, pc_wdata: 00000050, insn: 00fa6a33, mode: 3, rs1_addr: 20, rs1_rdata: 00000000, rs2_addr: 15, rs2_rdata: 00fab7ff, rd_addr: 20, rd_wdata: d5bffdff, mem_addr: d5bffdff, mem_rdata: 00000000, mem_wdata: 0001f56f
ClkCycle:         25, pc_rdata: 00000050, pc_wdata: 00000054, insn: 007a5a93, mode: 3, rs1_addr: 20, rs1_rdata: d5bffdff, rs2_addr:  7, rs2_rdata: 00000000, rd_addr: 21, rd_wdata: 0fab7ffb, mem_addr: 0fab7ffb, mem_rdata: 00000000, mem_wdata: 00000000
ClkCycle:         26, pc_rdata: 00000054, pc_wdata: 00000058, insn: 039a5793, mode: 3, rs1_addr: 20, rs1_rdata: d5bffdff, rs2_addr: 25, rs2_rdata: 00000000, rd_addr: 15, rd_wdata: 000003ea, mem_addr: 000003ea, mem_rdata: 00000000, mem_wdata: 00000000
ClkCycle:         27, pc_rdata: 00000058, pc_wdata: 0000005c, insn: 00faeab3, mode: 3, rs1_addr: 21, rs1_rdata: 00000000, rs2_addr: 15, rs2_rdata: 0001f56f, rd_addr: 21, rd_wdata: 0fab7ffb, mem_addr: 0fab7ffb, mem_rdata: 00000000, mem_wdata: 000003ea
ClkCycle:         28, pc_rdata: 0000005c, pc_wdata: 00000060, insn: 007adb13, mode: 3, rs1_addr: 21, rs1_rdata: 0fab7ffb, rs2_addr:  7, rs2_rdata: 00000000, rd_addr: 22, rd_wdata: 001f56ff, mem_addr: 001f56ff, mem_rdata: 00000000, mem_wdata: 00000000
ClkCycle:         29, pc_rdata: 00000060, pc_wdata: 00000064, insn: 039ad793, mode: 3, rs1_addr: 21, rs1_rdata: 0fab7ffb, rs2_addr: 25, rs2_rdata: 00000000, rd_addr: 15, rd_wdata: 00000007, mem_addr: 00000007, mem_rdata: 00000000, mem_wdata: 00000000
ClkCycle:         30, pc_rdata: 00000064, pc_wdata: 00000068, insn: 00fb6b33, mode: 3, rs1_addr: 22, rs1_rdata: 00000000, rs2_addr: 15, rs2_rdata: 000003ea, rd_addr: 22, rd_wdata: 001f56ff, mem_addr: 001f56ff, mem_rdata: 00000000, mem_wdata: 00000007
ClkCycle:         31, pc_rdata: 00000068, pc_wdata: 0000006c, insn: 007b5b93, mode: 3, rs1_addr: 22, rs1_rdata: 001f56ff, rs2_addr:  7, rs2_rdata: 00000000, rd_addr: 23, rd_wdata: 00003ead, mem_addr: 00003ead, mem_rdata: 00000000, mem_wdata: 00000000
ClkCycle:         32, pc_rdata: 0000006c, pc_wdata: 00000070, insn: 039b5793, mode: 3, rs1_addr: 22, rs1_rdata: 001f56ff, rs2_addr: 25, rs2_rdata: 00000000, rd_addr: 15, rd_wdata: 00000000, mem_addr: 00000000, mem_rdata: 00000000, mem_wdata: 00000000
ClkCycle:         33, pc_rdata: 00000070, pc_wdata: 00000074, insn: 00fbebb3, mode: 3, rs1_addr: 23, rs1_rdata: 00000000, rs2_addr: 15, rs2_rdata: 00000007, rd_addr: 23, rd_wdata: 00003ead, mem_addr: 00003ead, mem_rdata: 00000000, mem_wdata: 00000000
ClkCycle:         34, pc_rdata: 00000074, pc_wdata: 00000078, insn: 007bdc13, mode: 3, rs1_addr: 23, rs1_rdata: 00003ead, rs2_addr:  7, rs2_rdata: 00000000, rd_addr: 24, rd_wdata: 0000007d, mem_addr: 0000007d, mem_rdata: 00000000, mem_wdata: 00000000
ClkCycle:         35, pc_rdata: 00000078, pc_wdata: 0000007c, insn: 039bd793, mode: 3, rs1_addr: 23, rs1_rdata: 00003ead, rs2_addr: 25, rs2_rdata: 00000000, rd_addr: 15, rd_wdata: 00000000, mem_addr: 00000000, mem_rdata: 00000000, mem_wdata: 00000000
ClkCycle:         36, pc_rdata: 0000007c, pc_wdata: 00000080, insn: 00fc6c33, mode: 3, rs1_addr: 24, rs1_rdata: 00000000, rs2_addr: 15, rs2_rdata: 00000000, rd_addr: 24, rd_wdata: 0000007d, mem_addr: 0000007d, mem_rdata: 00000000, mem_wdata: 00000000
ClkCycle:         37, pc_rdata: 00000080, pc_wdata: 00000084, insn: 007c5c93, mode: 3, rs1_addr: 24, rs1_rdata: 0000007d, rs2_addr:  7, rs2_rdata: 00000000, rd_addr: 25, rd_wdata: 00000000, mem_addr: 00000000, mem_rdata: 00000000, mem_wdata: 00000000
ClkCycle:         38, pc_rdata: 00000084, pc_wdata: 00000088, insn: 039c5793, mode: 3, rs1_addr: 24, rs1_rdata: 0000007d, rs2_addr: 25, rs2_rdata: 00000000, rd_addr: 15, rd_wdata: 00000000, mem_addr: 00000000, mem_rdata: 00000000, mem_wdata: 00000000
ClkCycle:         39, pc_rdata: 00000088, pc_wdata: 0000008c, insn: 00fcecb3, mode: 3, rs1_addr: 25, rs1_rdata: 00000000, rs2_addr: 15, rs2_rdata: 00000000, rd_addr: 25, rd_wdata: 00000000, mem_addr: 00000000, mem_rdata: 00000000, mem_wdata: 00000000
ClkCycle:         40, pc_rdata: 0000008c, pc_wdata: 00000090, insn: 007cdd13, mode: 3, rs1_addr: 25, rs1_rdata: 00000000, rs2_addr:  7, rs2_rdata: 00000000, rd_addr: 26, rd_wdata: 00000000, mem_addr: 00000000, mem_rdata: 00000000, mem_wdata: 00000000
ClkCycle:         41, pc_rdata: 00000090, pc_wdata: 00000094, insn: 039cd793, mode: 3, rs1_addr: 25, rs1_rdata: 00000000, rs2_addr: 25, rs2_rdata: 00000000, rd_addr: 15, rd_wdata: 00000000, mem_addr: 00000000, mem_rdata: 00000000, mem_wdata: 00000000
ClkCycle:         42, pc_rdata: 00000094, pc_wdata: 00000098, insn: 00fd6d33, mode: 3, rs1_addr: 26, rs1_rdata: 00000000, rs2_addr: 15, rs2_rdata: 00000000, rd_addr: 26, rd_wdata: 00000000, mem_addr: 00000000, mem_rdata: 00000000, mem_wdata: 00000000
ClkCycle:         43, pc_rdata: 00000098, pc_wdata: 0000009c, insn: 007d5d93, mode: 3, rs1_addr: 26, rs1_rdata: 00000000, rs2_addr:  7, rs2_rdata: 00000000, rd_addr: 27, rd_wdata: 00000000, mem_addr: 00000000, mem_rdata: 00000000, mem_wdata: 00000000
ClkCycle:         44, pc_rdata: 0000009c, pc_wdata: 000000a0, insn: 039d5793, mode: 3, rs1_addr: 26, rs1_rdata: 00000000, rs2_addr: 25, rs2_rdata: 00000000, rd_addr: 15, rd_wdata: 00000000, mem_addr: 00000000, mem_rdata: 00000000, mem_wdata: 00000000
ClkCycle:         45, pc_rdata: 000000a0, pc_wdata: 000000a4, insn: 00fdedb3, mode: 3, rs1_addr: 27, rs1_rdata: 00000000, rs2_addr: 15, rs2_rdata: 00000000, rd_addr: 27, rd_wdata: 00000000, mem_addr: 00000000, mem_rdata: 00000000, mem_wdata: 00000000
ClkCycle:         46, pc_rdata: 000000a4, pc_wdata: 000000a8, insn: 007dde13, mode: 3, rs1_addr: 27, rs1_rdata: 00000000, rs2_addr:  7, rs2_rdata: 00000000, rd_addr: 28, rd_wdata: 00000000, mem_addr: 00000000, mem_rdata: 00000000, mem_wdata: 00000000
ClkCycle:         47, pc_rdata: 000000a8, pc_wdata: 000000ac, insn: 039dd793, mode: 3, rs1_addr: 27, rs1_rdata: 00000000, rs2_addr: 25, rs2_rdata: 00000000, rd_addr: 15, rd_wdata: 00000000, mem_addr: 00000000, mem_rdata: 00000000, mem_wdata: 00000000
ClkCycle:         48, pc_rdata: 000000ac, pc_wdata: 000000b0, insn: 00fe6e33, mode: 3, rs1_addr: 28, rs1_rdata: 00000000, rs2_addr: 15, rs2_rdata: 00000000, rd_addr: 28, rd_wdata: 00000000, mem_addr: 00000000, mem_rdata: 00000000, mem_wdata: 00000000
ClkCycle:         49, pc_rdata: 000000b0, pc_wdata: 000000b4, insn: 007e5e93, mode: 3, rs1_addr: 28, rs1_rdata: 00000000, rs2_addr:  7, rs2_rdata: 00000000, rd_addr: 29, rd_wdata: 00000000, mem_addr: 00000000, mem_rdata: 00000000, mem_wdata: 00000000
ClkCycle:         50, pc_rdata: 000000b4, pc_wdata: 000000b8, insn: 039e5793, mode: 3, rs1_addr: 28, rs1_rdata: 00000000, rs2_addr: 25, rs2_rdata: 00000000, rd_addr: 15, rd_wdata: 00000000, mem_addr: 00000000, mem_rdata: 00000000, mem_wdata: 00000000
ClkCycle:         51, pc_rdata: 000000b8, pc_wdata: 000000bc, insn: 00feeeb3, mode: 3, rs1_addr: 29, rs1_rdata: 00000000, rs2_addr: 15, rs2_rdata: 00000000, rd_addr: 29, rd_wdata: 00000000, mem_addr: 00000000, mem_rdata: 00000000, mem_wdata: 00000000
ClkCycle:         52, pc_rdata: 000000bc, pc_wdata: 000000c0, insn: 007edf13, mode: 3, rs1_addr: 29, rs1_rdata: 00000000, rs2_addr:  7, rs2_rdata: 00000000, rd_addr: 30, rd_wdata: 00000000, mem_addr: 00000000, mem_rdata: 00000000, mem_wdata: 00000000
ClkCycle:         53, pc_rdata: 000000c0, pc_wdata: 000000c4, insn: 039ed793, mode: 3, rs1_addr: 29, rs1_rdata: 00000000, rs2_addr: 25, rs2_rdata: 00000000, rd_addr: 15, rd_wdata: 00000000, mem_addr: 00000000, mem_rdata: 00000000, mem_wdata: 00000000
ClkCycle:         54, pc_rdata: 000000c4, pc_wdata: 000000c8, insn: 00ff6f33, mode: 3, rs1_addr: 30, rs1_rdata: 00000000, rs2_addr: 15, rs2_rdata: 00000000, rd_addr: 30, rd_wdata: 00000000, mem_addr: 00000000, mem_rdata: 00000000, mem_wdata: 00000000
ClkCycle:         55, pc_rdata: 000000c8, pc_wdata: 000000cc, insn: feedc0b7, mode: 3, rs1_addr: 27, rs1_rdata: 00000000, rs2_addr: 14, rs2_rdata: 00000000, rd_addr:  1, rd_wdata: feedc000, mem_addr: feedc000, mem_rdata: 00000000, mem_wdata: 00000000
ClkCycle:         56, pc_rdata: 000000cc, pc_wdata: 000000d0, insn: ead08093, mode: 3, rs1_addr:  1, rs1_rdata: 00000000, rs2_addr: 13, rs2_rdata: 00000000, rd_addr:  1, rd_wdata: feedbead, mem_addr: feedbead, mem_rdata: 00000000, mem_wdata: 00000000
ClkCycle:         57, pc_rdata: 000000d0, pc_wdata: 000000d4, insn: 00b09093, mode: 3, rs1_addr:  1, rs1_rdata: 00000000, rs2_addr: 11, rs2_rdata: 00000000, rd_addr:  1, rd_wdata: 6df56800, mem_addr: 6df56800, mem_rdata: 00000000, mem_wdata: 00000000
ClkCycle:         58, pc_rdata: 000000d4, pc_wdata: 000000d8, insn: 7f708093, mode: 3, rs1_addr:  1, rs1_rdata: feedc000, rs2_addr: 23, rs2_rdata: 00003ead, rd_addr:  1, rd_wdata: 6df56ff7, mem_addr: 6df56ff7, mem_rdata: 00000000, mem_wdata: 00003ead
ClkCycle:         59, pc_rdata: 000000d8, pc_wdata: 000000dc, insn: 00b09093, mode: 3, rs1_addr:  1, rs1_rdata: feedbead, rs2_addr: 11, rs2_rdata: 00000000, rd_addr:  1, rd_wdata: ab7fb800, mem_addr: ab7fb800, mem_rdata: 00000000, mem_wdata: 00000000
ClkCycle:         60, pc_rdata: 000000dc, pc_wdata: 000000e0, insn: 36f08093, mode: 3, rs1_addr:  1, rs1_rdata: 6df56800, rs2_addr: 15, rs2_rdata: 00000000, rd_addr:  1, rd_wdata: ab7fbb6f, mem_addr: ab7fbb6f, mem_rdata: 00000000, mem_wdata: 00000000
ClkCycle:         61, pc_rdata: 000000e0, pc_wdata: 000000e4, insn: 00a09093, mode: 3, rs1_addr:  1, rs1_rdata: 6df56ff7, rs2_addr: 10, rs2_rdata: 00000000, rd_addr:  1, rd_wdata: feedbc00, mem_addr: feedbc00, mem_rdata: 00000000, mem_wdata: 00000000
ClkCycle:         62, pc_rdata: 000000e4, pc_wdata: 000000e8, insn: 2ad08093, mode: 3, rs1_addr:  1, rs1_rdata: ab7fb800, rs2_addr: 13, rs2_rdata: 00000000, rd_addr:  1, rd_wdata: feedbead, mem_addr: feedbead, mem_rdata: 00000000, mem_wdata: 00000000
ClkCycle:         63, pc_rdata: 000000e8, pc_wdata: 000000ec, insn: 0070d113, mode: 3, rs1_addr:  1, rs1_rdata: ab7fbb6f, rs2_addr:  7, rs2_rdata: 00000000, rd_addr:  2, rd_wdata: 5bfddb7d, mem_addr: 5bfddb7d, mem_rdata: 00000000, mem_wdata: 00000000
ClkCycle:         64, pc_rdata: 000000ec, pc_wdata: 000000f0, insn: 0390d793, mode: 3, rs1_addr:  1, rs1_rdata: feedbc00, rs2_addr: 25, rs2_rdata: 00000000, rd_addr: 15, rd_wdata: 76df56ff, mem_addr: 76df56ff, mem_rdata: 00000000, mem_wdata: 00000000
ClkCycle:         65, pc_rdata: 000000f0, pc_wdata: 000000f4, insn: 00f16133, mode: 3, rs1_addr:  2, rs1_rdata: 00000000, rs2_addr: 15, rs2_rdata: 00000000, rd_addr:  2, rd_wdata: 7fffdfff, mem_addr: 7fffdfff, mem_rdata: 00000000, mem_wdata: 76df56ff
ClkCycle:         66, pc_rdata: 000000f4, pc_wdata: 000000f8, insn: 00715193, mode: 3, rs1_addr:  2, rs1_rdata: 5bfddb7d, rs2_addr:  7, rs2_rdata: 00000000, rd_addr:  3, rd_wdata: feffffbf, mem_addr: feffffbf, mem_rdata: 00000000, mem_wdata: 00000000
ClkCycle:         67, pc_rdata: 000000f8, pc_wdata: 000000fc, insn: 03915793, mode: 3, rs1_addr:  2, rs1_rdata: 5bfddb7d, rs2_addr: 25, rs2_rdata: 00000000, rd_addr: 15, rd_wdata: feedbfbf, mem_addr: feedbfbf, mem_rdata: 00000000, mem_wdata: 00000000
ClkCycle:         68, pc_rdata: 000000fc, pc_wdata: 00000100, insn: 00f1e1b3, mode: 3, rs1_addr:  3, rs1_rdata: 00000000, rs2_addr: 15, rs2_rdata: 76df56ff, rd_addr:  3, rd_wdata: feffffbf, mem_addr: feffffbf, mem_rdata: 00000000, mem_wdata: feedbfbf
ClkCycle:         69, pc_rdata: 00000100, pc_wdata: 00000104, insn: 0071d213, mode: 3, rs1_addr:  3, rs1_rdata: feffffbf, rs2_addr:  7, rs2_rdata: 00000000, rd_addr:  4, rd_wdata: 6dfdffff, mem_addr: 6dfdffff, mem_rdata: 00000000, mem_wdata: 00000000
ClkCycle:         70, pc_rdata: 00000104, pc_wdata: 00000108, insn: 0391d793, mode: 3, rs1_addr:  3, rs1_rdata: feffffbf, rs2_addr: 25, rs2_rdata: 00000000, rd_addr: 15, rd_wdata: 01fddb7f, mem_addr: 01fddb7f, mem_rdata: 00000000, mem_wdata: 00000000
ClkCycle:         71, pc_rdata: 00000108, pc_wdata: 0000010c, insn: 00f26233, mode: 3, rs1_addr:  4, rs1_rdata: 00000000, rs2_addr: 15, rs2_rdata: feedbfbf, rd_addr:  4, rd_wdata: 6dfdffff, mem_addr: 6dfdffff, mem_rdata: 00000000, mem_wdata: 01fddb7f
ClkCycle:         72, pc_rdata: 0000010c, pc_wdata: 00000110, insn: 00725293, mode: 3, rs1_addr:  4, rs1_rdata: 6dfdffff, rs2_addr:  7, rs2_rdata: 00000000, rd_addr:  5, rd_wdata: eedbfbff, mem_addr: eedbfbff, mem_rdata: 00000000, mem_wdata: 00000000
ClkCycle:         73, pc_rdata: 00000110, pc_wdata: 00000114, insn: 03925793, mode: 3, rs1_addr:  4, rs1_rdata: 6dfdffff, rs2_addr: 25, rs2_rdata: 00000000, rd_addr: 15, rd_wdata: 0003fbb6, mem_addr: 0003fbb6, mem_rdata: 00000000, mem_wdata: 00000000
ClkCycle:         74, pc_rdata: 00000114, pc_wdata: 00000118, insn: 00f2e2b3, mode: 3, rs1_addr:  5, rs1_rdata: 00000000, rs2_addr: 15, rs2_rdata: 01fddb7f, rd_addr:  5, rd_wdata: eedbfbff, mem_addr: eedbfbff, mem_rdata: 00000000, mem_wdata: 0003fbb6
ClkCycle:         75, pc_rdata: 00000118, pc_wdata: 0000011c, insn: 0072d313, mode: 3, rs1_addr:  5, rs1_rdata: eedbfbff, rs2_addr:  7, rs2_rdata: 00000000, rd_addr:  6, rd_wdata: 1fddb7f7, mem_addr: 1fddb7f7, mem_rdata: 00000000, mem_wdata: 00000000
ClkCycle:         76, pc_rdata: 0000011c, pc_wdata: 00000120, insn: 0392d793, mode: 3, rs1_addr:  5, rs1_rdata: eedbfbff, rs2_addr: 25, rs2_rdata: 00000000, rd_addr: 15, rd_wdata: 000007f7, mem_addr: 000007f7, mem_rdata: 00000000, mem_wdata: 00000000
ClkCycle:         77, pc_rdata: 00000120, pc_wdata: 00000124, insn: 00f36333, mode: 3, rs1_addr:  6, rs1_rdata: 00000000, rs2_addr: 15, rs2_rdata: 0003fbb6, rd_addr:  6, rd_wdata: 1fddb7f7, mem_addr: 1fddb7f7, mem_rdata: 00000000, mem_wdata: 000007f7
ClkCycle:         78, pc_rdata: 00000124, pc_wdata: 00000128, insn: 00735393, mode: 3, rs1_addr:  6, rs1_rdata: 1fddb7f7, rs2_addr:  7, rs2_rdata: 00000000, rd_addr:  7, rd_wdata: 003fbb6f, mem_addr: 003fbb6f, mem_rdata: 00000000, mem_wdata: 00000000
ClkCycle:         79, pc_rdata: 00000128, pc_wdata: 0000012c, insn: 03935793, mode: 3, rs1_addr:  6, rs1_rdata: 1fddb7f7, rs2_addr: 25, rs2_rdata: 00000000, rd_addr: 15, rd_wdata: 0000000f, mem_addr: 0000000f, mem_rdata: 00000000, mem_wdata: 00000000
ClkCycle:         80, pc_rdata: 0000012c, pc_wdata: 00000130, insn: 00f3e3b3, mode: 3, rs1_addr:  7, rs1_rdata: 00000000, rs2_addr: 15, rs2_rdata: 000007f7, rd_addr:  7, rd_wdata: 003fbb6f, mem_addr: 003fbb6f, mem_rdata: 00000000, mem_wdata: 0000000f
ClkCycle:         81, pc_rdata: 00000130, pc_wdata: 00000134, insn: 0073d413, mode: 3, rs1_addr:  7, rs1_rdata: 003fbb6f, rs2_addr:  7, rs2_rdata: 003fbb6f, rd_addr:  8, rd_wdata: 00007f76, mem_addr: 00007f76, mem_rdata: 00000000, mem_wdata: 003fbb6f
ClkCycle:         82, pc_rdata: 00000134, pc_wdata: 00000138, insn: 0393d793, mode: 3, rs1_addr:  7, rs1_rdata: 003fbb6f, rs2_addr: 25, rs2_rdata: 00000000, rd_addr: 15, rd_wdata: 00000000, mem_addr: 00000000, mem_rdata: 00000000, mem_wdata: 00000000
ClkCycle:         83, pc_rdata: 00000138, pc_wdata: 0000013c, insn: 00f46433, mode: 3, rs1_addr:  8, rs1_rdata: 00000000, rs2_addr: 15, rs2_rdata: 0000000f, rd_addr:  8, rd_wdata: 00007f76, mem_addr: 00007f76, mem_rdata: 00000000, mem_wdata: 00000000
ClkCycle:         84, pc_rdata: 0000013c, pc_wdata: 00000140, insn: 00745493, mode: 3, rs1_addr:  8, rs1_rdata: 00007f76, rs2_addr:  7, rs2_rdata: 003fbb6f, rd_addr:  9, rd_wdata: 000000fe, mem_addr: 000000fe, mem_rdata: 00000000, mem_wdata: 003fbb6f
ClkCycle:         85, pc_rdata: 00000140, pc_wdata: 00000144, insn: 03945793, mode: 3, rs1_addr:  8, rs1_rdata: 00007f76, rs2_addr: 25, rs2_rdata: 00000000, rd_addr: 15, rd_wdata: 00000000, mem_addr: 00000000, mem_rdata: 00000000, mem_wdata: 00000000
ClkCycle:         86, pc_rdata: 00000144, pc_wdata: 00000148, insn: 00f4e4b3, mode: 3, rs1_addr:  9, rs1_rdata: 00000000, rs2_addr: 15, rs2_rdata: 00000000, rd_addr:  9, rd_wdata: 000000fe, mem_addr: 000000fe, mem_rdata: 00000000, mem_wdata: 00000000
ClkCycle:         87, pc_rdata: 00000148, pc_wdata: 0000014c, insn: 0074d513, mode: 3, rs1_addr:  9, rs1_rdata: 000000fe, rs2_addr:  7, rs2_rdata: 003fbb6f, rd_addr: 10, rd_wdata: 00000001, mem_addr: 00000001, mem_rdata: 00000000, mem_wdata: 003fbb6f
ClkCycle:         88, pc_rdata: 0000014c, pc_wdata: 00000150, insn: 0394d793, mode: 3, rs1_addr:  9, rs1_rdata: 000000fe, rs2_addr: 25, rs2_rdata: 00000000, rd_addr: 15, rd_wdata: 00000000, mem_addr: 00000000, mem_rdata: 00000000, mem_wdata: 00000000
ClkCycle:         89, pc_rdata: 00000150, pc_wdata: 00000154, insn: 00f56533, mode: 3, rs1_addr: 10, rs1_rdata: 00000000, rs2_addr: 15, rs2_rdata: 00000000, rd_addr: 10, rd_wdata: 00000001, mem_addr: 00000001, mem_rdata: 00000000, mem_wdata: 00000000
ClkCycle:         90, pc_rdata: 00000154, pc_wdata: 00000158, insn: 00755593, mode: 3, rs1_addr: 10, rs1_rdata: 00000001, rs2_addr:  7, rs2_rdata: 003fbb6f, rd_addr: 11, rd_wdata: 00000000, mem_addr: 00000000, mem_rdata: 00000000, mem_wdata: 003fbb6f
ClkCycle:         91, pc_rdata: 00000158, pc_wdata: 0000015c, insn: 03955793, mode: 3, rs1_addr: 10, rs1_rdata: 00000001, rs2_addr: 25, rs2_rdata: 00000000, rd_addr: 15, rd_wdata: 00000000, mem_addr: 00000000, mem_rdata: 00000000, mem_wdata: 00000000
ClkCycle:         92, pc_rdata: 0000015c, pc_wdata: 00000160, insn: 00f5e5b3, mode: 3, rs1_addr: 11, rs1_rdata: 00000000, rs2_addr: 15, rs2_rdata: 00000000, rd_addr: 11, rd_wdata: 00000000, mem_addr: 00000000, mem_rdata: 00000000, mem_wdata: 00000000
ClkCycle:         93, pc_rdata: 00000160, pc_wdata: 00000164, insn: 0075d613, mode: 3, rs1_addr: 11, rs1_rdata: 00000000, rs2_addr:  7, rs2_rdata: 003fbb6f, rd_addr: 12, rd_wdata: 00000000, mem_addr: 00000000, mem_rdata: 00000000, mem_wdata: 003fbb6f
ClkCycle:         94, pc_rdata: 00000164, pc_wdata: 00000168, insn: 0395d793, mode: 3, rs1_addr: 11, rs1_rdata: 00000000, rs2_addr: 25, rs2_rdata: 00000000, rd_addr: 15, rd_wdata: 00000000, mem_addr: 00000000, mem_rdata: 00000000, mem_wdata: 00000000
ClkCycle:         95, pc_rdata: 00000168, pc_wdata: 0000016c, insn: 00f66633, mode: 3, rs1_addr: 12, rs1_rdata: 00000000, rs2_addr: 15, rs2_rdata: 00000000, rd_addr: 12, rd_wdata: 00000000, mem_addr: 00000000, mem_rdata: 00000000, mem_wdata: 00000000
ClkCycle:         96, pc_rdata: 0000016c, pc_wdata: 00000170, insn: 00765693, mode: 3, rs1_addr: 12, rs1_rdata: 00000000, rs2_addr:  7, rs2_rdata: 003fbb6f, rd_addr: 13, rd_wdata: 00000000, mem_addr: 00000000, mem_rdata: 00000000, mem_wdata: 003fbb6f
ClkCycle:         97, pc_rdata: 00000170, pc_wdata: 00000174, insn: 03965793, mode: 3, rs1_addr: 12, rs1_rdata: 00000000, rs2_addr: 25, rs2_rdata: 00000000, rd_addr: 15, rd_wdata: 00000000, mem_addr: 00000000, mem_rdata: 00000000, mem_wdata: 00000000
ClkCycle:         98, pc_rdata: 00000174, pc_wdata: 00000178, insn: 00f6e6b3, mode: 3, rs1_addr: 13, rs1_rdata: 00000000, rs2_addr: 15, rs2_rdata: 00000000, rd_addr: 13, rd_wdata: 00000000, mem_addr: 00000000, mem_rdata: 00000000, mem_wdata: 00000000
ClkCycle:         99, pc_rdata: 00000178, pc_wdata: 0000017c, insn: 00000013, mode: 3, rs1_addr:  0, rs1_rdata: 00000000, rs2_addr:  0, rs2_rdata: 00000000, rd_addr:  0, rd_wdata: 00000000, mem_addr: 00000000, mem_rdata: 00000000, mem_wdata: 00000000
ClkCycle:        100, pc_rdata: 0000017c, pc_wdata: 00000180, insn: 00000013, mode: 3, rs1_addr:  0, rs1_rdata: 00000000, rs2_addr:  0, rs2_rdata: 00000000, rd_addr:  0, rd_wdata: 00000000, mem_addr: 00000000, mem_rdata: 00000000, mem_wdata: 00000000
ClkCycle:        101, pc_rdata: 00000180, pc_wdata: 00000184, insn: 00003097, mode: 3, rs1_addr:  0, rs1_rdata: 00000000, rs2_addr:  0, rs2_rdata: 00000000, rd_addr:  1, rd_wdata: 00003180, mem_addr: 00003180, mem_rdata: 00000000, mem_wdata: 00000000
ClkCycle:        102, pc_rdata: 00000184, pc_wdata: 00000188, insn: f9808093, mode: 3, rs1_addr:  1, rs1_rdata: feedbead, rs2_addr: 24, rs2_rdata: 0000007d, rd_addr:  1, rd_wdata: 00003118, mem_addr: 00003118, mem_rdata: 00000000, mem_wdata: 0000007d
ClkCycle:        103, pc_rdata: 00000188, pc_wdata: 0000018c, insn: 00000013, mode: 3, rs1_addr:  0, rs1_rdata: 00000000, rs2_addr:  0, rs2_rdata: 00000000, rd_addr:  0, rd_wdata: 00000000, mem_addr: 00000000, mem_rdata: 00000000, mem_wdata: 00000000
ClkCycle:        104, pc_rdata: 0000018c, pc_wdata: 00000190, insn: 00000013, mode: 3, rs1_addr:  0, rs1_rdata: 00000000, rs2_addr:  0, rs2_rdata: 00000000, rd_addr:  0, rd_wdata: 00000000, mem_addr: 00000000, mem_rdata: 00000000, mem_wdata: 00000000
ClkCycle:        105, pc_rdata: 00000190, pc_wdata: 00000194, insn: 00000013, mode: 3, rs1_addr:  0, rs1_rdata: 00000000, rs2_addr:  0, rs2_rdata: 00000000, rd_addr:  0, rd_wdata: 00000000, mem_addr: 00000000, mem_rdata: 00000000, mem_wdata: 00000000
ClkCycle:        106, pc_rdata: 00000194, pc_wdata: 00000198, insn: 00000013, mode: 3, rs1_addr:  0, rs1_rdata: 00000000, rs2_addr:  0, rs2_rdata: 00000000, rd_addr:  0, rd_wdata: 00000000, mem_addr: 00000000, mem_rdata: 00000000, mem_wdata: 00000000
ClkCycle:        107, pc_rdata: 00000198, pc_wdata: 0000019c, insn: 00000013, mode: 3, rs1_addr:  0, rs1_rdata: 00000000, rs2_addr:  0, rs2_rdata: 00000000, rd_addr:  0, rd_wdata: 00000000, mem_addr: 00000000, mem_rdata: 00000000, mem_wdata: 00000000
ClkCycle:        108, pc_rdata: 0000019c, pc_wdata: 000001a0, insn: 00000013, mode: 3, rs1_addr:  0, rs1_rdata: 00000000, rs2_addr:  0, rs2_rdata: 00000000, rd_addr:  0, rd_wdata: 00000000, mem_addr: 00000000, mem_rdata: 00000000, mem_wdata: 00000000
ClkCycle:        109, pc_rdata: 000001a0, pc_wdata: 000001a4, insn: 10000113, mode: 3, rs1_addr:  0, rs1_rdata: 00000000, rs2_addr:  0, rs2_rdata: 00000000, rd_addr:  2, rd_wdata: 00000100, mem_addr: 00000100, mem_rdata: 00000000, mem_wdata: 00000000
ClkCycle:        110, pc_rdata: 000001a4, pc_wdata: 000001a6, insn: b0236111, mode: 3, rs1_addr:  2, rs1_rdata: 7fffdfff, rs2_addr:  0, rs2_rdata: 00000000, rd_addr:  2, rd_wdata: 00000200, mem_addr: 00000200, mem_rdata: 00000000, mem_wdata: 00000000
ClkCycle:        111, pc_rdata: 000001a6, pc_wdata: 000001aa, insn: b0236111, mode: 3, rs1_addr:  0, rs1_rdata: 00000000, rs2_addr:  0, rs2_rdata: 00000000, rd_addr:  0, rd_wdata: 00000000, mem_addr: 00000000, mem_rdata: 00000000, mem_wdata: 00000000
0000000100003118
ClkCycle:        112, pc_rdata: 000001aa, pc_wdata: 000001ae, insn: 11130010, mode: 3, rs1_addr:  1, rs1_rdata: 00003118, rs2_addr:  1, rs2_rdata: 00003118, rd_addr:  0, rd_wdata: 00003118, mem_addr: 00003118, mem_rdata: 00000000, mem_wdata: 00003118
ClkCycle:        113, pc_rdata: 000001ae, pc_wdata: 000001b2, insn: 11130010, mode: 3, rs1_addr:  0, rs1_rdata: 00000000, rs2_addr:  0, rs2_rdata: 00000000, rd_addr:  0, rd_wdata: 00000000, mem_addr: 00000000, mem_rdata: 00000000, mem_wdata: 00000000
ClkCycle:        114, pc_rdata: 000001b2, pc_wdata: 000001b6, insn: 0020b423, mode: 3, rs1_addr:  6, rs1_rdata: 1fddb7f7, rs2_addr:  2, rs2_rdata: 00000200, rd_addr:  2, rd_wdata: 7f76dfdc, mem_addr: 7f76dfdc, mem_rdata: 00000000, mem_wdata: 00000200
ClkCycle:        115, pc_rdata: 000001b6, pc_wdata: 000001ba, insn: 0020b423, mode: 3, rs1_addr:  0, rs1_rdata: 00000000, rs2_addr:  0, rs2_rdata: 00000000, rd_addr:  0, rd_wdata: 00000000, mem_addr: 00000000, mem_rdata: 00000000, mem_wdata: 00000000
ClkCycle:        116, pc_rdata: 000001ba, pc_wdata: 000001bc, insn: 02611113, mode: 3, rs1_addr:  2, rs1_rdata: 00000200, rs2_addr:  8, rs2_rdata: 00007f76, rd_addr:  8, rd_wdata: 7f76dfe4, mem_addr: 7f76dfe4, mem_rdata: 00000000, mem_wdata: 00007f76
ClkCycle:        117, pc_rdata: 000001bc, pc_wdata: 000001c0, insn: 02611113, mode: 3, rs1_addr:  2, rs1_rdata: 7f76dfdc, rs2_addr:  6, rs2_rdata: 1fddb7f7, rd_addr:  2, rd_wdata: ddb7f700, mem_addr: ddb7f700, mem_rdata: 00000000, mem_wdata: 1fddb7f7
ClkCycle:        118, pc_rdata: 000001c0, pc_wdata: 000001c4, insn: fff14113, mode: 3, rs1_addr:  2, rs1_rdata: 7f76dfdc, rs2_addr: 31, rs2_rdata: 00000000, rd_addr:  2, rd_wdata: 224808ff, mem_addr: 224808ff, mem_rdata: 00000000, mem_wdata: 00000000
ClkCycle:        119, pc_rdata: 000001c4, pc_wdata: 000001c6, insn: b8236149, mode: 3, rs1_addr:  2, rs1_rdata: 7f76dfdc, rs2_addr: 16, rs2_rdata: 7d5bfddb, rd_addr:  2, rd_wdata: 2248098f, mem_addr: 2248098f, mem_rdata: 00000000, mem_wdata: 7d5bfddb
ClkCycle:        120, pc_rdata: 000001c6, pc_wdata: 000001ca, insn: b8236149, mode: 3, rs1_addr:  0, rs1_rdata: 00000000, rs2_addr:  0, rs2_rdata: 00000000, rd_addr:  0, rd_wdata: 00000000, mem_addr: 00000000, mem_rdata: 00000000, mem_wdata: 00000000
0000000000000000
ClkCycle:        121, pc_rdata: 000001ca, pc_wdata: 000001ce, insn: 7101ffe0, mode: 3, rs1_addr:  1, rs1_rdata: 00003118, rs2_addr: 30, rs2_rdata: 00000000, rd_addr: 16, rd_wdata: 00003108, mem_addr: 00003108, mem_rdata: 00000000, mem_wdata: 00000000
ClkCycle:        122, pc_rdata: 000001ce, pc_wdata: 000001d2, insn: 7101ffe0, mode: 3, rs1_addr:  0, rs1_rdata: 00000000, rs2_addr:  0, rs2_rdata: 00000000, rd_addr:  0, rd_wdata: 00000000, mem_addr: 00000000, mem_rdata: 00000000, mem_wdata: 00000000
ClkCycle:        123, pc_rdata: 000001d2, pc_wdata: 000001d4, insn: fff00113, mode: 3, rs1_addr:  2, rs1_rdata: 2248098f, rs2_addr:  0, rs2_rdata: 00000000, rd_addr:  2, rd_wdata: 2248078f, mem_addr: 2248078f, mem_rdata: 00000000, mem_wdata: 00000000
ClkCycle:        124, pc_rdata: 000001d4, pc_wdata: 000001d8, insn: fff00113, mode: 3, rs1_addr:  0, rs1_rdata: 00000000, rs2_addr: 31, rs2_rdata: 00000000, rd_addr:  2, rd_wdata: ffffffff, mem_addr: ffffffff, mem_rdata: 00000000, mem_wdata: 00000000
ClkCycle:        125, pc_rdata: 000001d8, pc_wdata: 000001dc, insn: 03f11113, mode: 3, rs1_addr:  2, rs1_rdata: 2248098f, rs2_addr: 31, rs2_rdata: 00000000, rd_addr:  2, rd_wdata: 80000000, mem_addr: 80000000, mem_rdata: 00000000, mem_wdata: 00000000
ClkCycle:        126, pc_rdata: 000001dc, pc_wdata: 000001de, insn: b0236141, mode: 3, rs1_addr:  2, rs1_rdata: 2248078f, rs2_addr: 16, rs2_rdata: 7d5bfddb, rd_addr:  2, rd_wdata: 80000010, mem_addr: 80000010, mem_rdata: 00000000, mem_wdata: 7d5bfddb
ClkCycle:        127, pc_rdata: 000001de, pc_wdata: 000001e2, insn: b0236141, mode: 3, rs1_addr:  0, rs1_rdata: 00000000, rs2_addr:  0, rs2_rdata: 00000000, rd_addr:  0, rd_wdata: 00000000, mem_addr: 00000000, mem_rdata: 00000000, mem_wdata: 00000000
0000000000000000
ClkCycle:        128, pc_rdata: 000001e2, pc_wdata: 000001e6, insn: 61450000, mode: 3, rs1_addr:  1, rs1_rdata: 00003118, rs2_addr:  0, rs2_rdata: 00000000, rd_addr:  0, rd_wdata: 00003118, mem_addr: 00003118, mem_rdata: 00000000, mem_wdata: 00000000
ClkCycle:        129, pc_rdata: 000001e6, pc_wdata: 000001ea, insn: 61450000, mode: 3, rs1_addr:  0, rs1_rdata: 00000000, rs2_addr:  0, rs2_rdata: 00000000, rd_addr:  0, rd_wdata: 00000000, mem_addr: 00000000, mem_rdata: 00000000, mem_wdata: 00000000
ClkCycle:        130, pc_rdata: 000001ea, pc_wdata: 000001ec, insn: fff00113, mode: 3, rs1_addr:  2, rs1_rdata: 80000010, rs2_addr: 16, rs2_rdata: 7d5bfddb, rd_addr:  2, rd_wdata: 80000040, mem_addr: 80000040, mem_rdata: 00000000, mem_wdata: 7d5bfddb
ClkCycle:        131, pc_rdata: 000001ec, pc_wdata: 000001f0, insn: fff00113, mode: 3, rs1_addr:  0, rs1_rdata: 00000000, rs2_addr: 31, rs2_rdata: 00000000, rd_addr:  2, rd_wdata: ffffffff, mem_addr: ffffffff, mem_rdata: 00000000, mem_wdata: 00000000
ClkCycle:        132, pc_rdata: 000001f0, pc_wdata: 000001f4, insn: 00115113, mode: 3, rs1_addr:  2, rs1_rdata: 80000010, rs2_addr:  1, rs2_rdata: 00003118, rd_addr:  2, rd_wdata: 7fffffff, mem_addr: 7fffffff, mem_rdata: 00000000, mem_wdata: 00003118
ClkCycle:        133, pc_rdata: 000001f4, pc_wdata: 000001f6, insn: b8236149, mode: 3, rs1_addr:  2, rs1_rdata: 80000040, rs2_addr: 16, rs2_rdata: 7d5bfddb, rd_addr:  2, rd_wdata: 8000008f, mem_addr: 8000008f, mem_rdata: 00000000, mem_wdata: 7d5bfddb
ClkCycle:        134, pc_rdata: 000001f6, pc_wdata: 000001fa, insn: b8236149, mode: 3, rs1_addr:  0, rs1_rdata: 00000000, rs2_addr:  0, rs2_rdata: 00000000, rd_addr:  0, rd_wdata: 00000000, mem_addr: 00000000, mem_rdata: 00000000, mem_wdata: 00000000
0000000100003118
ClkCycle:        135, pc_rdata: 000001fa, pc_wdata: 000001fe, insn: 616d0010, mode: 3, rs1_addr:  1, rs1_rdata: 00003118, rs2_addr:  1, rs2_rdata: 00003118, rd_addr: 16, rd_wdata: 00003128, mem_addr: 00003128, mem_rdata: 00000000, mem_wdata: 00003118
ClkCycle:        136, pc_rdata: 000001fe, pc_wdata: 00000202, insn: 616d0010, mode: 3, rs1_addr:  0, rs1_rdata: 00000000, rs2_addr:  0, rs2_rdata: 00000000, rd_addr:  0, rd_wdata: 00000000, mem_addr: 00000000, mem_rdata: 00000000, mem_wdata: 00000000
ClkCycle:        137, pc_rdata: 00000202, pc_wdata: 00000204, insn: 00100113, mode: 3, rs1_addr:  2, rs1_rdata: 8000008f, rs2_addr: 16, rs2_rdata: 7d5bfddb, rd_addr:  2, rd_wdata: 8000017f, mem_addr: 8000017f, mem_rdata: 00000000, mem_wdata: 7d5bfddb
ClkCycle:        138, pc_rdata: 00000204, pc_wdata: 00000208, insn: 00100113, mode: 3, rs1_addr:  0, rs1_rdata: 00000000, rs2_addr:  1, rs2_rdata: 00003118, rd_addr:  2, rd_wdata: 00000001, mem_addr: 00000001, mem_rdata: 00000000, mem_wdata: 00003118
ClkCycle:        139, pc_rdata: 00000208, pc_wdata: 0000020c, insn: 01011113, mode: 3, rs1_addr:  2, rs1_rdata: 8000008f, rs2_addr: 16, rs2_rdata: 7d5bfddb, rd_addr:  2, rd_wdata: 00010000, mem_addr: 00010000, mem_rdata: 00000000, mem_wdata: 7d5bfddb
ClkCycle:        140, pc_rdata: 0000020c, pc_wdata: 00000210, insn: fff14113, mode: 3, rs1_addr:  2, rs1_rdata: 8000017f, rs2_addr: 31, rs2_rdata: 00000000, rd_addr:  2, rd_wdata: fffeffff, mem_addr: fffeffff, mem_rdata: 00000000, mem_wdata: 00000000
ClkCycle:        141, pc_rdata: 00000210, pc_wdata: 00000212, insn: b023617d, mode: 3, rs1_addr:  2, rs1_rdata: 00000001, rs2_addr: 16, rs2_rdata: 7d5bfddb, rd_addr:  2, rd_wdata: ffff01ef, mem_addr: ffff01ef, mem_rdata: 00000000, mem_wdata: 7d5bfddb
ClkCycle:        142, pc_rdata: 00000212, pc_wdata: 00000216, insn: b023617d, mode: 3, rs1_addr:  0, rs1_rdata: 00000000, rs2_addr:  0, rs2_rdata: 00000000, rd_addr:  0, rd_wdata: 00000000, mem_addr: 00000000, mem_rdata: 00000000, mem_wdata: 00000000
00000000ffff01ef
ClkCycle:        143, pc_rdata: 00000216, pc_wdata: 0000021a, insn: 61710020, mode: 3, rs1_addr:  1, rs1_rdata: 00003118, rs2_addr:  2, rs2_rdata: fffeffff, rd_addr:  0, rd_wdata: 00003118, mem_addr: 00003118, mem_rdata: 00000000, mem_wdata: ffff01ef
ClkCycle:        144, pc_rdata: 0000021a, pc_wdata: 0000021e, insn: 61710020, mode: 3, rs1_addr:  0, rs1_rdata: 00000000, rs2_addr:  0, rs2_rdata: 00000000, rd_addr:  0, rd_wdata: 00000000, mem_addr: 00000000, mem_rdata: 00000000, mem_wdata: 00000000
ClkCycle:        145, pc_rdata: 0000021e, pc_wdata: 00000220, insn: 00400113, mode: 3, rs1_addr:  2, rs1_rdata: ffff01ef, rs2_addr: 16, rs2_rdata: 7d5bfddb, rd_addr:  2, rd_wdata: ffff033f, mem_addr: ffff033f, mem_rdata: 00000000, mem_wdata: 7d5bfddb
ClkCycle:        146, pc_rdata: 00000220, pc_wdata: 00000224, insn: 00400113, mode: 3, rs1_addr:  0, rs1_rdata: 00000000, rs2_addr:  4, rs2_rdata: 6dfdffff, rd_addr:  2, rd_wdata: 00000004, mem_addr: 00000004, mem_rdata: 00000000, mem_wdata: 6dfdffff
ClkCycle:        147, pc_rdata: 00000224, pc_wdata: 00000226, insn: b8237179, mode: 3, rs1_addr:  2, rs1_rdata: ffff01ef, rs2_addr: 16, rs2_rdata: 7d5bfddb, rd_addr:  2, rd_wdata: ffffffd4, mem_addr: ffffffd4, mem_rdata: 00000000, mem_wdata: 7d5bfddb
ClkCycle:        148, pc_rdata: 00000226, pc_wdata: 0000022a, insn: b8237179, mode: 3, rs1_addr:  0, rs1_rdata: 00000000, rs2_addr:  0, rs2_rdata: 00000000, rd_addr:  0, rd_wdata: 00000000, mem_addr: 00000000, mem_rdata: 00000000, mem_wdata: 00000000
000000007f76dfe4
ClkCycle:        149, pc_rdata: 0000022a, pc_wdata: 0000022e, insn: 61090080, mode: 3, rs1_addr:  1, rs1_rdata: 00003118, rs2_addr:  8, rs2_rdata: 7f76dfe4, rd_addr: 16, rd_wdata: 00003128, mem_addr: 00003128, mem_rdata: 00000000, mem_wdata: 7f76dfe4
ClkCycle:        150, pc_rdata: 0000022e, pc_wdata: 00000232, insn: 61090080, mode: 3, rs1_addr:  0, rs1_rdata: 00000000, rs2_addr:  0, rs2_rdata: 00000000, rd_addr:  0, rd_wdata: 00000000, mem_addr: 00000000, mem_rdata: 00000000, mem_wdata: 00000000
ClkCycle:        151, pc_rdata: 00000232, pc_wdata: 00000234, insn: 01000113, mode: 3, rs1_addr:  2, rs1_rdata: ffffffd4, rs2_addr:  0, rs2_rdata: 00000000, rd_addr:  2, rd_wdata: 00000054, mem_addr: 00000054, mem_rdata: 00000000, mem_wdata: 00000000
ClkCycle:        152, pc_rdata: 00000234, pc_wdata: 00000238, insn: 01000113, mode: 3, rs1_addr:  0, rs1_rdata: 00000000, rs2_addr: 16, rs2_rdata: 7d5bfddb, rd_addr:  2, rd_wdata: 00000010, mem_addr: 00000010, mem_rdata: 00000000, mem_wdata: 7d5bfddb
ClkCycle:        153, pc_rdata: 00000238, pc_wdata: 0000023a, insn: b0236171, mode: 3, rs1_addr:  2, rs1_rdata: ffffffd4, rs2_addr: 16, rs2_rdata: 7d5bfddb, rd_addr:  2, rd_wdata: 00000160, mem_addr: 00000160, mem_rdata: 00000000, mem_wdata: 7d5bfddb
ClkCycle:        154, pc_rdata: 0000023a, pc_wdata: 0000023e, insn: b0236171, mode: 3, rs1_addr:  0, rs1_rdata: 00000000, rs2_addr:  0, rs2_rdata: 00000000, rd_addr:  0, rd_wdata: 00000000, mem_addr: 00000000, mem_rdata: 00000000, mem_wdata: 00000000
0000000000000000
ClkCycle:        155, pc_rdata: 0000023e, pc_wdata: 00000242, insn: 715d0200, mode: 3, rs1_addr:  1, rs1_rdata: 00003118, rs2_addr:  0, rs2_rdata: 00000000, rd_addr:  0, rd_wdata: 00003138, mem_addr: 00003138, mem_rdata: 00000000, mem_wdata: 00000000
ClkCycle:        156, pc_rdata: 00000242, pc_wdata: 00000246, insn: 715d0200, mode: 3, rs1_addr:  0, rs1_rdata: 00000000, rs2_addr:  0, rs2_rdata: 00000000, rd_addr:  0, rd_wdata: 00000000, mem_addr: 00000000, mem_rdata: 00000000, mem_wdata: 00000000
ClkCycle:        157, pc_rdata: 00000246, pc_wdata: 00000248, insn: 04000113, mode: 3, rs1_addr:  2, rs1_rdata: 00000160, rs2_addr: 16, rs2_rdata: 7d5bfddb, rd_addr:  2, rd_wdata: 00000110, mem_addr: 00000110, mem_rdata: 00000000, mem_wdata: 7d5bfddb
ClkCycle:        158, pc_rdata: 00000248, pc_wdata: 0000024c, insn: 04000113, mode: 3, rs1_addr:  0, rs1_rdata: 00000000, rs2_addr:  0, rs2_rdata: 00000000, rd_addr:  2, rd_wdata: 00000040, mem_addr: 00000040, mem_rdata: 00000000, mem_wdata: 00000000
ClkCycle:        159, pc_rdata: 0000024c, pc_wdata: 0000024e, insn: b823617d, mode: 3, rs1_addr:  2, rs1_rdata: 00000160, rs2_addr: 16, rs2_rdata: 7d5bfddb, rd_addr:  2, rd_wdata: 00000230, mem_addr: 00000230, mem_rdata: 00000000, mem_wdata: 7d5bfddb
ClkCycle:        160, pc_rdata: 0000024e, pc_wdata: 00000252, insn: b823617d, mode: 3, rs1_addr:  0, rs1_rdata: 00000000, rs2_addr:  0, rs2_rdata: 00000000, rd_addr:  0, rd_wdata: 00000000, mem_addr: 00000000, mem_rdata: 00000000, mem_wdata: 00000000
0000000000000000
ClkCycle:        161, pc_rdata: 00000252, pc_wdata: 00000256, insn: 617d0800, mode: 3, rs1_addr:  1, rs1_rdata: 00003118, rs2_addr:  0, rs2_rdata: 00000000, rd_addr: 16, rd_wdata: 000031a8, mem_addr: 000031a8, mem_rdata: 00000000, mem_wdata: 00000000
ClkCycle:        162, pc_rdata: 00000256, pc_wdata: 0000025a, insn: 617d0800, mode: 3, rs1_addr:  0, rs1_rdata: 00000000, rs2_addr:  0, rs2_rdata: 00000000, rd_addr:  0, rd_wdata: 00000000, mem_addr: 00000000, mem_rdata: 00000000, mem_wdata: 00000000
ClkCycle:        163, pc_rdata: 0000025a, pc_wdata: 0000025c, insn: 20000113, mode: 3, rs1_addr:  2, rs1_rdata: 00000230, rs2_addr: 16, rs2_rdata: 7d5bfddb, rd_addr:  2, rd_wdata: 00000420, mem_addr: 00000420, mem_rdata: 00000000, mem_wdata: 7d5bfddb
ClkCycle:        164, pc_rdata: 0000025c, pc_wdata: 00000260, insn: 20000113, mode: 3, rs1_addr:  0, rs1_rdata: 00000000, rs2_addr:  0, rs2_rdata: 00000000, rd_addr:  2, rd_wdata: 00000200, mem_addr: 00000200, mem_rdata: 00000000, mem_wdata: 00000000
ClkCycle:        165, pc_rdata: 00000260, pc_wdata: 00000262, insn: b0236161, mode: 3, rs1_addr:  2, rs1_rdata: 00000230, rs2_addr: 16, rs2_rdata: 7d5bfddb, rd_addr:  2, rd_wdata: 00000250, mem_addr: 00000250, mem_rdata: 00000000, mem_wdata: 7d5bfddb
ClkCycle:        166, pc_rdata: 00000262, pc_wdata: 00000266, insn: b0236161, mode: 3, rs1_addr:  0, rs1_rdata: 00000000, rs2_addr:  0, rs2_rdata: 00000000, rd_addr:  0, rd_wdata: 00000000, mem_addr: 00000000, mem_rdata: 00000000, mem_wdata: 00000000
0000000000000000
ClkCycle:        167, pc_rdata: 00000266, pc_wdata: 0000026a, insn: 61214000, mode: 3, rs1_addr:  1, rs1_rdata: 00003118, rs2_addr:  0, rs2_rdata: 00000000, rd_addr:  0, rd_wdata: 00003518, mem_addr: 00003518, mem_rdata: 00000000, mem_wdata: 00000000
ClkCycle:        168, pc_rdata: 0000026a, pc_wdata: 0000026e, insn: 61214000, mode: 3, rs1_addr:  0, rs1_rdata: 00000000, rs2_addr:  0, rs2_rdata: 00000000, rd_addr:  0, rd_wdata: 00000000, mem_addr: 00000000, mem_rdata: 00000000, mem_wdata: 00000000
ClkCycle:        169, pc_rdata: 0000026e, pc_wdata: 00000270, insn: 00100113, mode: 3, rs1_addr:  2, rs1_rdata: 00000250, rs2_addr:  0, rs2_rdata: 00000000, rd_addr:  2, rd_wdata: 00000290, mem_addr: 00000290, mem_rdata: 00000000, mem_wdata: 00000000
ClkCycle:        170, pc_rdata: 00000270, pc_wdata: 00000274, insn: 00100113, mode: 3, rs1_addr:  0, rs1_rdata: 00000000, rs2_addr:  1, rs2_rdata: 00003118, rd_addr:  2, rd_wdata: 00000001, mem_addr: 00000001, mem_rdata: 00000000, mem_wdata: 00003118
ClkCycle:        171, pc_rdata: 00000274, pc_wdata: 00000278, insn: 00b11113, mode: 3, rs1_addr:  2, rs1_rdata: 00000250, rs2_addr: 11, rs2_rdata: 00000000, rd_addr:  2, rd_wdata: 00000800, mem_addr: 00000800, mem_rdata: 00000000, mem_wdata: 00000000
ClkCycle:        172, pc_rdata: 00000278, pc_wdata: 0000027a, insn: b823715d, mode: 3, rs1_addr:  2, rs1_rdata: 00000290, rs2_addr: 16, rs2_rdata: 7d5bfddb, rd_addr:  2, rd_wdata: 000007b0, mem_addr: 000007b0, mem_rdata: 00000000, mem_wdata: 7d5bfddb
ClkCycle:        173, pc_rdata: 0000027a, pc_wdata: 0000027e, insn: b823715d, mode: 3, rs1_addr:  0, rs1_rdata: 00000000, rs2_addr:  0, rs2_rdata: 00000000, rd_addr:  0, rd_wdata: 00000000, mem_addr: 00000000, mem_rdata: 00000000, mem_wdata: 00000000
0000000100003118
ClkCycle:        174, pc_rdata: 0000027e, pc_wdata: 00000282, insn: 11130010, mode: 3, rs1_addr:  1, rs1_rdata: 00003118, rs2_addr:  1, rs2_rdata: 00003118, rd_addr: 16, rd_wdata: 00003128, mem_addr: 00003128, mem_rdata: 00000000, mem_wdata: 00003118
ClkCycle:        175, pc_rdata: 00000282, pc_wdata: 00000286, insn: 11130010, mode: 3, rs1_addr:  0, rs1_rdata: 00000000, rs2_addr:  0, rs2_rdata: 00000000, rd_addr:  0, rd_wdata: 00000000, mem_addr: 00000000, mem_rdata: 00000000, mem_wdata: 00000000
ClkCycle:        176, pc_rdata: 00000286, pc_wdata: 0000028a, insn: 0820bc23, mode: 3, rs1_addr:  6, rs1_rdata: 1fddb7f7, rs2_addr:  2, rs2_rdata: 000007b0, rd_addr:  2, rd_wdata: 7f76dfdc, mem_addr: 7f76dfdc, mem_rdata: 00000000, mem_wdata: 000007b0
ClkCycle:        177, pc_rdata: 0000028a, pc_wdata: 0000028e, insn: 0820bc23, mode: 3, rs1_addr:  0, rs1_rdata: 00000000, rs2_addr:  0, rs2_rdata: 00000000, rd_addr:  0, rd_wdata: 00000000, mem_addr: 00000000, mem_rdata: 00000000, mem_wdata: 00000000
ClkCycle:        178, pc_rdata: 0000028e, pc_wdata: 00000290, insn: 00d11113, mode: 3, rs1_addr:  2, rs1_rdata: 000007b0, rs2_addr: 24, rs2_rdata: 0000007d, rd_addr:  8, rd_wdata: 7f76dff4, mem_addr: 7f76dff4, mem_rdata: 00000000, mem_wdata: 0000007d
ClkCycle:        179, pc_rdata: 00000290, pc_wdata: 00000294, insn: 00d11113, mode: 3, rs1_addr:  2, rs1_rdata: 7f76dfdc, rs2_addr: 13, rs2_rdata: 00000000, rd_addr:  2, rd_wdata: dbfb8000, mem_addr: dbfb8000, mem_rdata: 00000000, mem_wdata: 00000000
ClkCycle:        180, pc_rdata: 00000294, pc_wdata: 00000296, insn: b0236109, mode: 3, rs1_addr:  2, rs1_rdata: 7f76dfdc, rs2_addr:  0, rs2_rdata: 00000000, rd_addr:  2, rd_wdata: dbfb8080, mem_addr: dbfb8080, mem_rdata: 00000000, mem_wdata: 00000000
ClkCycle:        181, pc_rdata: 00000296, pc_wdata: 0000029a, insn: b0236109, mode: 3, rs1_addr:  0, rs1_rdata: 00000000, rs2_addr:  0, rs2_rdata: 00000000, rd_addr:  0, rd_wdata: 00000000, mem_addr: 00000000, mem_rdata: 00000000, mem_wdata: 00000000
0000000100003118
ClkCycle:        182, pc_rdata: 0000029a, pc_wdata: 0000029e, insn: 11130010, mode: 3, rs1_addr:  1, rs1_rdata: 00003118, rs2_addr:  1, rs2_rdata: 00003118, rd_addr:  0, rd_wdata: 00003118, mem_addr: 00003118, mem_rdata: 00000000, mem_wdata: 00003118
ClkCycle:        183, pc_rdata: 0000029e, pc_wdata: 000002a2, insn: 11130010, mode: 3, rs1_addr:  0, rs1_rdata: 00000000, rs2_addr:  0, rs2_rdata: 00000000, rd_addr:  0, rd_wdata: 00000000, mem_addr: 00000000, mem_rdata: 00000000, mem_wdata: 00000000
ClkCycle:        184, pc_rdata: 000002a2, pc_wdata: 000002a6, insn: 0a20b423, mode: 3, rs1_addr:  6, rs1_rdata: 1fddb7f7, rs2_addr:  2, rs2_rdata: dbfb8080, rd_addr:  2, rd_wdata: 7f76dfdc, mem_addr: 7f76dfdc, mem_rdata: 00000000, mem_wdata: dbfb8080
ClkCycle:        185, pc_rdata: 000002a6, pc_wdata: 000002aa, insn: 0a20b423, mode: 3, rs1_addr:  0, rs1_rdata: 00000000, rs2_addr:  0, rs2_rdata: 00000000, rd_addr:  0, rd_wdata: 00000000, mem_addr: 00000000, mem_rdata: 00000000, mem_wdata: 00000000
ClkCycle:        186, pc_rdata: 000002aa, pc_wdata: 000002ac, insn: 00f11113, mode: 3, rs1_addr:  2, rs1_rdata: dbfb8080, rs2_addr: 24, rs2_rdata: 0000007d, rd_addr:  8, rd_wdata: 7f76e0f4, mem_addr: 7f76e0f4, mem_rdata: 00000000, mem_wdata: 0000007d
ClkCycle:        187, pc_rdata: 000002ac, pc_wdata: 000002b0, insn: 00f11113, mode: 3, rs1_addr:  2, rs1_rdata: 7f76dfdc, rs2_addr: 15, rs2_rdata: 00000000, rd_addr:  2, rd_wdata: 6fee0000, mem_addr: 6fee0000, mem_rdata: 00000000, mem_wdata: 00000000
ClkCycle:        188, pc_rdata: 000002b0, pc_wdata: 000002b2, insn: b8236141, mode: 3, rs1_addr:  2, rs1_rdata: 7f76dfdc, rs2_addr: 16, rs2_rdata: 7d5bfddb, rd_addr:  2, rd_wdata: 6fee0010, mem_addr: 6fee0010, mem_rdata: 00000000, mem_wdata: 7d5bfddb
ClkCycle:        189, pc_rdata: 000002b2, pc_wdata: 000002b6, insn: b8236141, mode: 3, rs1_addr:  0, rs1_rdata: 00000000, rs2_addr:  0, rs2_rdata: 00000000, rd_addr:  0, rd_wdata: 00000000, mem_addr: 00000000, mem_rdata: 00000000, mem_wdata: 00000000
0000000100003118
ClkCycle:        190, pc_rdata: 000002b6, pc_wdata: 000002ba, insn: 11130010, mode: 3, rs1_addr:  1, rs1_rdata: 00003118, rs2_addr:  1, rs2_rdata: 00003118, rd_addr: 16, rd_wdata: 00003128, mem_addr: 00003128, mem_rdata: 00000000, mem_wdata: 00003118
ClkCycle:        191, pc_rdata: 000002ba, pc_wdata: 000002be, insn: 11130010, mode: 3, rs1_addr:  0, rs1_rdata: 00000000, rs2_addr:  0, rs2_rdata: 00000000, rd_addr:  0, rd_wdata: 00000000, mem_addr: 00000000, mem_rdata: 00000000, mem_wdata: 00000000
ClkCycle:        192, pc_rdata: 000002be, pc_wdata: 000002c2, insn: 0a20bc23, mode: 3, rs1_addr:  6, rs1_rdata: 1fddb7f7, rs2_addr:  2, rs2_rdata: 6fee0010, rd_addr:  2, rd_wdata: 7f76dfdc, mem_addr: 7f76dfdc, mem_rdata: 00000000, mem_wdata: 6fee0010
ClkCycle:        193, pc_rdata: 000002c2, pc_wdata: 000002c6, insn: 0a20bc23, mode: 3, rs1_addr:  0, rs1_rdata: 00000000, rs2_addr:  0, rs2_rdata: 00000000, rd_addr:  0, rd_wdata: 00000000, mem_addr: 00000000, mem_rdata: 00000000, mem_wdata: 00000000
ClkCycle:        194, pc_rdata: 000002c6, pc_wdata: 000002c8, insn: 01111113, mode: 3, rs1_addr:  2, rs1_rdata: 6fee0010, rs2_addr: 24, rs2_rdata: 0000007d, rd_addr:  8, rd_wdata: 7f76e0f4, mem_addr: 7f76e0f4, mem_rdata: 00000000, mem_wdata: 0000007d
ClkCycle:        195, pc_rdata: 000002c8, pc_wdata: 000002cc, insn: 01111113, mode: 3, rs1_addr:  2, rs1_rdata: 7f76dfdc, rs2_addr: 17, rs2_rdata: bffeffff, rd_addr:  2, rd_wdata: bfb80000, mem_addr: bfb80000, mem_rdata: 00000000, mem_wdata: bffeffff
ClkCycle:        196, pc_rdata: 000002cc, pc_wdata: 000002ce, insn: b0236111, mode: 3, rs1_addr:  2, rs1_rdata: 7f76dfdc, rs2_addr:  0, rs2_rdata: 00000000, rd_addr:  2, rd_wdata: bfb80100, mem_addr: bfb80100, mem_rdata: 00000000, mem_wdata: 00000000
ClkCycle:        197, pc_rdata: 000002ce, pc_wdata: 000002d2, insn: b0236111, mode: 3, rs1_addr:  0, rs1_rdata: 00000000, rs2_addr:  0, rs2_rdata: 00000000, rd_addr:  0, rd_wdata: 00000000, mem_addr: 00000000, mem_rdata: 00000000, mem_wdata: 00000000
0000000100003118
ClkCycle:        198, pc_rdata: 000002d2, pc_wdata: 000002d6, insn: 11130010, mode: 3, rs1_addr:  1, rs1_rdata: 00003118, rs2_addr:  1, rs2_rdata: 00003118, rd_addr:  0, rd_wdata: 00003118, mem_addr: 00003118, mem_rdata: 00000000, mem_wdata: 00003118
ClkCycle:        199, pc_rdata: 000002d6, pc_wdata: 000002da, insn: 11130010, mode: 3, rs1_addr:  0, rs1_rdata: 00000000, rs2_addr:  0, rs2_rdata: 00000000, rd_addr:  0, rd_wdata: 00000000, mem_addr: 00000000, mem_rdata: 00000000, mem_wdata: 00000000
ClkCycle:        200, pc_rdata: 000002da, pc_wdata: 000002de, insn: 0c20b423, mode: 3, rs1_addr:  6, rs1_rdata: 1fddb7f7, rs2_addr:  2, rs2_rdata: bfb80100, rd_addr:  2, rd_wdata: 7f76dfdc, mem_addr: 7f76dfdc, mem_rdata: 00000000, mem_wdata: bfb80100
ClkCycle:        201, pc_rdata: 000002de, pc_wdata: 000002e2, insn: 0c20b423, mode: 3, rs1_addr:  0, rs1_rdata: 00000000, rs2_addr:  0, rs2_rdata: 00000000, rd_addr:  0, rd_wdata: 00000000, mem_addr: 00000000, mem_rdata: 00000000, mem_wdata: 00000000
ClkCycle:        202, pc_rdata: 000002e2, pc_wdata: 000002e4, insn: 01311113, mode: 3, rs1_addr:  2, rs1_rdata: bfb80100, rs2_addr: 24, rs2_rdata: 0000007d, rd_addr:  8, rd_wdata: 7f76e1f4, mem_addr: 7f76e1f4, mem_rdata: 00000000, mem_wdata: 0000007d
ClkCycle:        203, pc_rdata: 000002e4, pc_wdata: 000002e8, insn: 01311113, mode: 3, rs1_addr:  2, rs1_rdata: 7f76dfdc, rs2_addr: 19, rs2_rdata: dffeffff, rd_addr:  2, rd_wdata: fee00000, mem_addr: fee00000, mem_rdata: 00000000, mem_wdata: dffeffff
ClkCycle:        204, pc_rdata: 000002e8, pc_wdata: 000002ea, insn: b8236161, mode: 3, rs1_addr:  2, rs1_rdata: 7f76dfdc, rs2_addr: 16, rs2_rdata: 7d5bfddb, rd_addr:  2, rd_wdata: fee00050, mem_addr: fee00050, mem_rdata: 00000000, mem_wdata: 7d5bfddb
ClkCycle:        205, pc_rdata: 000002ea, pc_wdata: 000002ee, insn: b8236161, mode: 3, rs1_addr:  0, rs1_rdata: 00000000, rs2_addr:  0, rs2_rdata: 00000000, rd_addr:  0, rd_wdata: 00000000, mem_addr: 00000000, mem_rdata: 00000000, mem_wdata: 00000000
0000000100003118
ClkCycle:        206, pc_rdata: 000002ee, pc_wdata: 000002f2, insn: 11130010, mode: 3, rs1_addr:  1, rs1_rdata: 00003118, rs2_addr:  1, rs2_rdata: 00003118, rd_addr: 16, rd_wdata: 00003128, mem_addr: 00003128, mem_rdata: 00000000, mem_wdata: 00003118
ClkCycle:        207, pc_rdata: 000002f2, pc_wdata: 000002f6, insn: 11130010, mode: 3, rs1_addr:  0, rs1_rdata: 00000000, rs2_addr:  0, rs2_rdata: 00000000, rd_addr:  0, rd_wdata: 00000000, mem_addr: 00000000, mem_rdata: 00000000, mem_wdata: 00000000
ClkCycle:        208, pc_rdata: 000002f6, pc_wdata: 000002fa, insn: 0c20bc23, mode: 3, rs1_addr:  6, rs1_rdata: 1fddb7f7, rs2_addr:  2, rs2_rdata: fee00050, rd_addr:  2, rd_wdata: 7f76dfdc, mem_addr: 7f76dfdc, mem_rdata: 00000000, mem_wdata: fee00050
ClkCycle:        209, pc_rdata: 000002fa, pc_wdata: 000002fe, insn: 0c20bc23, mode: 3, rs1_addr:  0, rs1_rdata: 00000000, rs2_addr:  0, rs2_rdata: 00000000, rd_addr:  0, rd_wdata: 00000000, mem_addr: 00000000, mem_rdata: 00000000, mem_wdata: 00000000
ClkCycle:        210, pc_rdata: 000002fe, pc_wdata: 00000300, insn: 01611113, mode: 3, rs1_addr:  2, rs1_rdata: fee00050, rs2_addr: 24, rs2_rdata: 0000007d, rd_addr:  8, rd_wdata: 7f76e1f4, mem_addr: 7f76e1f4, mem_rdata: 00000000, mem_wdata: 0000007d
ClkCycle:        211, pc_rdata: 00000300, pc_wdata: 00000304, insn: 01611113, mode: 3, rs1_addr:  2, rs1_rdata: 7f76dfdc, rs2_addr: 22, rs2_rdata: 001f56ff, rd_addr:  2, rd_wdata: f7000000, mem_addr: f7000000, mem_rdata: 00000000, mem_wdata: 001f56ff
ClkCycle:        212, pc_rdata: 00000304, pc_wdata: 00000306, insn: b0236125, mode: 3, rs1_addr:  2, rs1_rdata: 7f76dfdc, rs2_addr:  0, rs2_rdata: 00000000, rd_addr:  2, rd_wdata: f7000060, mem_addr: f7000060, mem_rdata: 00000000, mem_wdata: 00000000
ClkCycle:        213, pc_rdata: 00000306, pc_wdata: 0000030a, insn: b0236125, mode: 3, rs1_addr:  0, rs1_rdata: 00000000, rs2_addr:  0, rs2_rdata: 00000000, rd_addr:  0, rd_wdata: 00000000, mem_addr: 00000000, mem_rdata: 00000000, mem_wdata: 00000000
0000000100003118
ClkCycle:        214, pc_rdata: 0000030a, pc_wdata: 0000030e, insn: 11130010, mode: 3, rs1_addr:  1, rs1_rdata: 00003118, rs2_addr:  1, rs2_rdata: 00003118, rd_addr:  0, rd_wdata: 00003118, mem_addr: 00003118, mem_rdata: 00000000, mem_wdata: 00003118
ClkCycle:        215, pc_rdata: 0000030e, pc_wdata: 00000312, insn: 11130010, mode: 3, rs1_addr:  0, rs1_rdata: 00000000, rs2_addr:  0, rs2_rdata: 00000000, rd_addr:  0, rd_wdata: 00000000, mem_addr: 00000000, mem_rdata: 00000000, mem_wdata: 00000000
ClkCycle:        216, pc_rdata: 00000312, pc_wdata: 00000316, insn: 0e20b423, mode: 3, rs1_addr:  6, rs1_rdata: 1fddb7f7, rs2_addr:  2, rs2_rdata: f7000060, rd_addr:  2, rd_wdata: 7f76dfdc, mem_addr: 7f76dfdc, mem_rdata: 00000000, mem_wdata: f7000060
ClkCycle:        217, pc_rdata: 00000316, pc_wdata: 0000031a, insn: 0e20b423, mode: 3, rs1_addr:  0, rs1_rdata: 00000000, rs2_addr:  0, rs2_rdata: 00000000, rd_addr:  0, rd_wdata: 00000000, mem_addr: 00000000, mem_rdata: 00000000, mem_wdata: 00000000
ClkCycle:        218, pc_rdata: 0000031a, pc_wdata: 0000031c, insn: 01811113, mode: 3, rs1_addr:  2, rs1_rdata: f7000060, rs2_addr: 24, rs2_rdata: 0000007d, rd_addr:  8, rd_wdata: 7f76e2f4, mem_addr: 7f76e2f4, mem_rdata: 00000000, mem_wdata: 0000007d
ClkCycle:        219, pc_rdata: 0000031c, pc_wdata: 00000320, insn: 01811113, mode: 3, rs1_addr:  2, rs1_rdata: 7f76dfdc, rs2_addr: 24, rs2_rdata: 0000007d, rd_addr:  2, rd_wdata: dc000000, mem_addr: dc000000, mem_rdata: 00000000, mem_wdata: 0000007d
ClkCycle:        220, pc_rdata: 00000320, pc_wdata: 00000322, insn: b823711d, mode: 3, rs1_addr:  2, rs1_rdata: 7f76dfdc, rs2_addr:  0, rs2_rdata: 00000000, rd_addr:  2, rd_wdata: dbffffa0, mem_addr: dbffffa0, mem_rdata: 00000000, mem_wdata: 00000000
ClkCycle:        221, pc_rdata: 00000322, pc_wdata: 00000326, insn: b823711d, mode: 3, rs1_addr:  0, rs1_rdata: 00000000, rs2_addr:  0, rs2_rdata: 00000000, rd_addr:  0, rd_wdata: 00000000, mem_addr: 00000000, mem_rdata: 00000000, mem_wdata: 00000000
0000000100003118
ClkCycle:        222, pc_rdata: 00000326, pc_wdata: 0000032a, insn: 11130010, mode: 3, rs1_addr:  1, rs1_rdata: 00003118, rs2_addr:  1, rs2_rdata: 00003118, rd_addr: 16, rd_wdata: 00003128, mem_addr: 00003128, mem_rdata: 00000000, mem_wdata: 00003118
ClkCycle:        223, pc_rdata: 0000032a, pc_wdata: 0000032e, insn: 11130010, mode: 3, rs1_addr:  0, rs1_rdata: 00000000, rs2_addr:  0, rs2_rdata: 00000000, rd_addr:  0, rd_wdata: 00000000, mem_addr: 00000000, mem_rdata: 00000000, mem_wdata: 00000000
ClkCycle:        224, pc_rdata: 0000032e, pc_wdata: 00000332, insn: 0e20bc23, mode: 3, rs1_addr:  6, rs1_rdata: 1fddb7f7, rs2_addr:  2, rs2_rdata: dbffffa0, rd_addr:  2, rd_wdata: 7f76dfdc, mem_addr: 7f76dfdc, mem_rdata: 00000000, mem_wdata: dbffffa0
ClkCycle:        225, pc_rdata: 00000332, pc_wdata: 00000336, insn: 0e20bc23, mode: 3, rs1_addr:  0, rs1_rdata: 00000000, rs2_addr:  0, rs2_rdata: 00000000, rd_addr:  0, rd_wdata: 00000000, mem_addr: 00000000, mem_rdata: 00000000, mem_wdata: 00000000
ClkCycle:        226, pc_rdata: 00000336, pc_wdata: 00000338, insn: 01a11113, mode: 3, rs1_addr:  2, rs1_rdata: dbffffa0, rs2_addr: 24, rs2_rdata: 0000007d, rd_addr:  8, rd_wdata: 7f76e2f4, mem_addr: 7f76e2f4, mem_rdata: 00000000, mem_wdata: 0000007d
ClkCycle:        227, pc_rdata: 00000338, pc_wdata: 0000033c, insn: 01a11113, mode: 3, rs1_addr:  2, rs1_rdata: 7f76dfdc, rs2_addr: 26, rs2_rdata: 00000000, rd_addr:  2, rd_wdata: 70000000, mem_addr: 70000000, mem_rdata: 00000000, mem_wdata: 00000000
ClkCycle:        228, pc_rdata: 0000033c, pc_wdata: 0000033e, insn: b0236165, mode: 3, rs1_addr:  2, rs1_rdata: 7f76dfdc, rs2_addr: 16, rs2_rdata: 7d5bfddb, rd_addr:  2, rd_wdata: 70000070, mem_addr: 70000070, mem_rdata: 00000000, mem_wdata: 7d5bfddb
ClkCycle:        229, pc_rdata: 0000033e, pc_wdata: 00000342, insn: b0236165, mode: 3, rs1_addr:  0, rs1_rdata: 00000000, rs2_addr:  0, rs2_rdata: 00000000, rd_addr:  0, rd_wdata: 00000000, mem_addr: 00000000, mem_rdata: 00000000, mem_wdata: 00000000
0000000100003118
ClkCycle:        230, pc_rdata: 00000342, pc_wdata: 00000346, insn: 11130010, mode: 3, rs1_addr:  1, rs1_rdata: 00003118, rs2_addr:  1, rs2_rdata: 00003118, rd_addr:  0, rd_wdata: 00003118, mem_addr: 00003118, mem_rdata: 00000000, mem_wdata: 00003118
ClkCycle:        231, pc_rdata: 00000346, pc_wdata: 0000034a, insn: 11130010, mode: 3, rs1_addr:  0, rs1_rdata: 00000000, rs2_addr:  0, rs2_rdata: 00000000, rd_addr:  0, rd_wdata: 00000000, mem_addr: 00000000, mem_rdata: 00000000, mem_wdata: 00000000
ClkCycle:        232, pc_rdata: 0000034a, pc_wdata: 0000034e, insn: 1020b423, mode: 3, rs1_addr:  6, rs1_rdata: 1fddb7f7, rs2_addr:  2, rs2_rdata: 70000070, rd_addr:  2, rd_wdata: 7f76dfdc, mem_addr: 7f76dfdc, mem_rdata: 00000000, mem_wdata: 70000070
ClkCycle:        233, pc_rdata: 0000034e, pc_wdata: 00000352, insn: 1020b423, mode: 3, rs1_addr:  0, rs1_rdata: 00000000, rs2_addr:  0, rs2_rdata: 00000000, rd_addr:  0, rd_wdata: 00000000, mem_addr: 00000000, mem_rdata: 00000000, mem_wdata: 00000000
ClkCycle:        234, pc_rdata: 00000352, pc_wdata: 00000354, insn: 01c11113, mode: 3, rs1_addr:  2, rs1_rdata: 70000070, rs2_addr:  8, rs2_rdata: 7f76e2f4, rd_addr:  8, rd_wdata: 7f76e004, mem_addr: 7f76e004, mem_rdata: 00000000, mem_wdata: 7f76e2f4
ClkCycle:        235, pc_rdata: 00000354, pc_wdata: 00000358, insn: 01c11113, mode: 3, rs1_addr:  2, rs1_rdata: 7f76dfdc, rs2_addr: 28, rs2_rdata: 00000000, rd_addr:  2, rd_wdata: c0000000, mem_addr: c0000000, mem_rdata: 00000000, mem_wdata: 00000000
ClkCycle:        236, pc_rdata: 00000358, pc_wdata: 0000035a, insn: b8237135, mode: 3, rs1_addr:  2, rs1_rdata: 7f76dfdc, rs2_addr:  0, rs2_rdata: 00000000, rd_addr:  2, rd_wdata: bfffff60, mem_addr: bfffff60, mem_rdata: 00000000, mem_wdata: 00000000
ClkCycle:        237, pc_rdata: 0000035a, pc_wdata: 0000035e, insn: b8237135, mode: 3, rs1_addr:  0, rs1_rdata: 00000000, rs2_addr:  0, rs2_rdata: 00000000, rd_addr:  0, rd_wdata: 00000000, mem_addr: 00000000, mem_rdata: 00000000, mem_wdata: 00000000
0000000100003118
ClkCycle:        238, pc_rdata: 0000035e, pc_wdata: 00000362, insn: 11130010, mode: 3, rs1_addr:  1, rs1_rdata: 00003118, rs2_addr:  1, rs2_rdata: 00003118, rd_addr: 16, rd_wdata: 00003128, mem_addr: 00003128, mem_rdata: 00000000, mem_wdata: 00003118
ClkCycle:        239, pc_rdata: 00000362, pc_wdata: 00000366, insn: 11130010, mode: 3, rs1_addr:  0, rs1_rdata: 00000000, rs2_addr:  0, rs2_rdata: 00000000, rd_addr:  0, rd_wdata: 00000000, mem_addr: 00000000, mem_rdata: 00000000, mem_wdata: 00000000
ClkCycle:        240, pc_rdata: 00000366, pc_wdata: 0000036a, insn: 1020bc23, mode: 3, rs1_addr:  6, rs1_rdata: 1fddb7f7, rs2_addr:  2, rs2_rdata: bfffff60, rd_addr:  2, rd_wdata: 7f76dfdc, mem_addr: 7f76dfdc, mem_rdata: 00000000, mem_wdata: bfffff60
ClkCycle:        241, pc_rdata: 0000036a, pc_wdata: 0000036e, insn: 1020bc23, mode: 3, rs1_addr:  0, rs1_rdata: 00000000, rs2_addr:  0, rs2_rdata: 00000000, rd_addr:  0, rd_wdata: 00000000, mem_addr: 00000000, mem_rdata: 00000000, mem_wdata: 00000000
ClkCycle:        242, pc_rdata: 0000036e, pc_wdata: 00000370, insn: 01e11113, mode: 3, rs1_addr:  2, rs1_rdata: bfffff60, rs2_addr:  8, rs2_rdata: 7f76e004, rd_addr:  8, rd_wdata: 7f76e004, mem_addr: 7f76e004, mem_rdata: 00000000, mem_wdata: 7f76e004
ClkCycle:        243, pc_rdata: 00000370, pc_wdata: 00000374, insn: 01e11113, mode: 3, rs1_addr:  2, rs1_rdata: 7f76dfdc, rs2_addr: 30, rs2_rdata: 00000000, rd_addr:  2, rd_wdata: 00000000, mem_addr: 00000000, mem_rdata: 00000000, mem_wdata: 00000000
ClkCycle:        244, pc_rdata: 00000374, pc_wdata: 00000376, insn: b0237101, mode: 3, rs1_addr:  2, rs1_rdata: 7f76dfdc, rs2_addr:  0, rs2_rdata: 00000000, rd_addr:  2, rd_wdata: fffffe00, mem_addr: fffffe00, mem_rdata: 00000000, mem_wdata: 00000000
ClkCycle:        245, pc_rdata: 00000376, pc_wdata: 0000037a, insn: b0237101, mode: 3, rs1_addr:  0, rs1_rdata: 00000000, rs2_addr:  0, rs2_rdata: 00000000, rd_addr:  0, rd_wdata: 00000000, mem_addr: 00000000, mem_rdata: 00000000, mem_wdata: 00000000
0000000100003118
ClkCycle:        246, pc_rdata: 0000037a, pc_wdata: 0000037e, insn: 11130010, mode: 3, rs1_addr:  1, rs1_rdata: 00003118, rs2_addr:  1, rs2_rdata: 00003118, rd_addr:  0, rd_wdata: 00003118, mem_addr: 00003118, mem_rdata: 00000000, mem_wdata: 00003118
ClkCycle:        247, pc_rdata: 0000037e, pc_wdata: 00000382, insn: 11130010, mode: 3, rs1_addr:  0, rs1_rdata: 00000000, rs2_addr:  0, rs2_rdata: 00000000, rd_addr:  0, rd_wdata: 00000000, mem_addr: 00000000, mem_rdata: 00000000, mem_wdata: 00000000
ClkCycle:        248, pc_rdata: 00000382, pc_wdata: 00000386, insn: 1220b423, mode: 3, rs1_addr:  6, rs1_rdata: 1fddb7f7, rs2_addr:  2, rs2_rdata: fffffe00, rd_addr:  2, rd_wdata: 7f76dfdc, mem_addr: 7f76dfdc, mem_rdata: 00000000, mem_wdata: fffffe00
ClkCycle:        249, pc_rdata: 00000386, pc_wdata: 0000038a, insn: 1220b423, mode: 3, rs1_addr:  0, rs1_rdata: 00000000, rs2_addr:  0, rs2_rdata: 00000000, rd_addr:  0, rd_wdata: 00000000, mem_addr: 00000000, mem_rdata: 00000000, mem_wdata: 00000000
ClkCycle:        250, pc_rdata: 0000038a, pc_wdata: 0000038c, insn: 02011113, mode: 3, rs1_addr:  2, rs1_rdata: fffffe00, rs2_addr:  8, rs2_rdata: 7f76e004, rd_addr:  8, rd_wdata: 7f76e104, mem_addr: 7f76e104, mem_rdata: 00000000, mem_wdata: 7f76e004
ClkCycle:        251, pc_rdata: 0000038c, pc_wdata: 00000390, insn: 02011113, mode: 3, rs1_addr:  2, rs1_rdata: 7f76dfdc, rs2_addr:  0, rs2_rdata: 00000000, rd_addr:  2, rd_wdata: 7f76dfdc, mem_addr: 7f76dfdc, mem_rdata: 00000000, mem_wdata: 00000000
ClkCycle:        252, pc_rdata: 00000390, pc_wdata: 00000392, insn: b8236105, mode: 3, rs1_addr:  2, rs1_rdata: 7f76dfdc, rs2_addr:  0, rs2_rdata: 00000000, rd_addr:  2, rd_wdata: 7f76dffc, mem_addr: 7f76dffc, mem_rdata: 00000000, mem_wdata: 00000000
ClkCycle:        253, pc_rdata: 00000392, pc_wdata: 00000396, insn: b8236105, mode: 3, rs1_addr:  0, rs1_rdata: 00000000, rs2_addr:  0, rs2_rdata: 00000000, rd_addr:  0, rd_wdata: 00000000, mem_addr: 00000000, mem_rdata: 00000000, mem_wdata: 00000000
0000000100003118
ClkCycle:        254, pc_rdata: 00000396, pc_wdata: 0000039a, insn: 11130010, mode: 3, rs1_addr:  1, rs1_rdata: 00003118, rs2_addr:  1, rs2_rdata: 00003118, rd_addr: 16, rd_wdata: 00003128, mem_addr: 00003128, mem_rdata: 00000000, mem_wdata: 00003118
ClkCycle:        255, pc_rdata: 0000039a, pc_wdata: 0000039e, insn: 11130010, mode: 3, rs1_addr:  0, rs1_rdata: 00000000, rs2_addr:  0, rs2_rdata: 00000000, rd_addr:  0, rd_wdata: 00000000, mem_addr: 00000000, mem_rdata: 00000000, mem_wdata: 00000000
ClkCycle:        256, pc_rdata: 0000039e, pc_wdata: 000003a2, insn: 1220bc23, mode: 3, rs1_addr:  6, rs1_rdata: 1fddb7f7, rs2_addr:  2, rs2_rdata: 7f76dffc, rd_addr:  2, rd_wdata: 7f76dfdc, mem_addr: 7f76dfdc, mem_rdata: 00000000, mem_wdata: 7f76dffc
ClkCycle:        257, pc_rdata: 000003a2, pc_wdata: 000003a6, insn: 1220bc23, mode: 3, rs1_addr:  0, rs1_rdata: 00000000, rs2_addr:  0, rs2_rdata: 00000000, rd_addr:  0, rd_wdata: 00000000, mem_addr: 00000000, mem_rdata: 00000000, mem_wdata: 00000000
ClkCycle:        258, pc_rdata: 000003a6, pc_wdata: 000003a8, insn: 02211113, mode: 3, rs1_addr:  2, rs1_rdata: 7f76dffc, rs2_addr:  8, rs2_rdata: 7f76e104, rd_addr:  8, rd_wdata: 7f76e104, mem_addr: 7f76e104, mem_rdata: 00000000, mem_wdata: 7f76e104
ClkCycle:        259, pc_rdata: 000003a8, pc_wdata: 000003ac, insn: 02211113, mode: 3, rs1_addr:  2, rs1_rdata: 7f76dfdc, rs2_addr:  2, rs2_rdata: 7f76dfdc, rd_addr:  2, rd_wdata: fddb7f70, mem_addr: fddb7f70, mem_rdata: 00000000, mem_wdata: 7f76dfdc
ClkCycle:        260, pc_rdata: 000003ac, pc_wdata: 000003ae, insn: b0237139, mode: 3, rs1_addr:  2, rs1_rdata: 7f76dfdc, rs2_addr:  0, rs2_rdata: 00000000, rd_addr:  2, rd_wdata: fddb7f30, mem_addr: fddb7f30, mem_rdata: 00000000, mem_wdata: 00000000
ClkCycle:        261, pc_rdata: 000003ae, pc_wdata: 000003b2, insn: b0237139, mode: 3, rs1_addr:  0, rs1_rdata: 00000000, rs2_addr:  0, rs2_rdata: 00000000, rd_addr:  0, rd_wdata: 00000000, mem_addr: 00000000, mem_rdata: 00000000, mem_wdata: 00000000
0000000100003118
ClkCycle:        262, pc_rdata: 000003b2, pc_wdata: 000003b6, insn: 11130010, mode: 3, rs1_addr:  1, rs1_rdata: 00003118, rs2_addr:  1, rs2_rdata: 00003118, rd_addr:  0, rd_wdata: 00003118, mem_addr: 00003118, mem_rdata: 00000000, mem_wdata: 00003118
ClkCycle:        263, pc_rdata: 000003b6, pc_wdata: 000003ba, insn: 11130010, mode: 3, rs1_addr:  0, rs1_rdata: 00000000, rs2_addr:  0, rs2_rdata: 00000000, rd_addr:  0, rd_wdata: 00000000, mem_addr: 00000000, mem_rdata: 00000000, mem_wdata: 00000000
ClkCycle:        264, pc_rdata: 000003ba, pc_wdata: 000003be, insn: 1420b423, mode: 3, rs1_addr:  6, rs1_rdata: 1fddb7f7, rs2_addr:  2, rs2_rdata: fddb7f30, rd_addr:  2, rd_wdata: 7f76dfdc, mem_addr: 7f76dfdc, mem_rdata: 00000000, mem_wdata: fddb7f30
ClkCycle:        265, pc_rdata: 000003be, pc_wdata: 000003c2, insn: 1420b423, mode: 3, rs1_addr:  0, rs1_rdata: 00000000, rs2_addr:  0, rs2_rdata: 00000000, rd_addr:  0, rd_wdata: 00000000, mem_addr: 00000000, mem_rdata: 00000000, mem_wdata: 00000000
ClkCycle:        266, pc_rdata: 000003c2, pc_wdata: 000003c4, insn: 02411113, mode: 3, rs1_addr:  2, rs1_rdata: fddb7f30, rs2_addr:  8, rs2_rdata: 7f76e104, rd_addr:  8, rd_wdata: 7f76e204, mem_addr: 7f76e204, mem_rdata: 00000000, mem_wdata: 7f76e104
ClkCycle:        267, pc_rdata: 000003c4, pc_wdata: 000003c8, insn: 02411113, mode: 3, rs1_addr:  2, rs1_rdata: 7f76dfdc, rs2_addr:  4, rs2_rdata: 6dfdffff, rd_addr:  2, rd_wdata: f76dfdc0, mem_addr: f76dfdc0, mem_rdata: 00000000, mem_wdata: 6dfdffff
ClkCycle:        268, pc_rdata: 000003c8, pc_wdata: 000003ca, insn: b8236109, mode: 3, rs1_addr:  2, rs1_rdata: 7f76dfdc, rs2_addr:  0, rs2_rdata: 00000000, rd_addr:  2, rd_wdata: f76dfe40, mem_addr: f76dfe40, mem_rdata: 00000000, mem_wdata: 00000000
ClkCycle:        269, pc_rdata: 000003ca, pc_wdata: 000003ce, insn: b8236109, mode: 3, rs1_addr:  0, rs1_rdata: 00000000, rs2_addr:  0, rs2_rdata: 00000000, rd_addr:  0, rd_wdata: 00000000, mem_addr: 00000000, mem_rdata: 00000000, mem_wdata: 00000000
0000000100003118
ClkCycle:        270, pc_rdata: 000003ce, pc_wdata: 000003d2, insn: 11130010, mode: 3, rs1_addr:  1, rs1_rdata: 00003118, rs2_addr:  1, rs2_rdata: 00003118, rd_addr: 16, rd_wdata: 00003128, mem_addr: 00003128, mem_rdata: 00000000, mem_wdata: 00003118
ClkCycle:        271, pc_rdata: 000003d2, pc_wdata: 000003d6, insn: 11130010, mode: 3, rs1_addr:  0, rs1_rdata: 00000000, rs2_addr:  0, rs2_rdata: 00000000, rd_addr:  0, rd_wdata: 00000000, mem_addr: 00000000, mem_rdata: 00000000, mem_wdata: 00000000
ClkCycle:        272, pc_rdata: 000003d6, pc_wdata: 000003da, insn: 1420bc23, mode: 3, rs1_addr:  6, rs1_rdata: 1fddb7f7, rs2_addr:  2, rs2_rdata: f76dfe40, rd_addr:  2, rd_wdata: 7f76dfdc, mem_addr: 7f76dfdc, mem_rdata: 00000000, mem_wdata: f76dfe40
ClkCycle:        273, pc_rdata: 000003da, pc_wdata: 000003de, insn: 1420bc23, mode: 3, rs1_addr:  0, rs1_rdata: 00000000, rs2_addr:  0, rs2_rdata: 00000000, rd_addr:  0, rd_wdata: 00000000, mem_addr: 00000000, mem_rdata: 00000000, mem_wdata: 00000000
ClkCycle:        274, pc_rdata: 000003de, pc_wdata: 000003e0, insn: 02611113, mode: 3, rs1_addr:  2, rs1_rdata: f76dfe40, rs2_addr:  8, rs2_rdata: 7f76e204, rd_addr:  8, rd_wdata: 7f76e204, mem_addr: 7f76e204, mem_rdata: 00000000, mem_wdata: 7f76e204
ClkCycle:        275, pc_rdata: 000003e0, pc_wdata: 000003e4, insn: 02611113, mode: 3, rs1_addr:  2, rs1_rdata: 7f76dfdc, rs2_addr:  6, rs2_rdata: 1fddb7f7, rd_addr:  2, rd_wdata: ddb7f700, mem_addr: ddb7f700, mem_rdata: 00000000, mem_wdata: 1fddb7f7
ClkCycle:        276, pc_rdata: 000003e4, pc_wdata: 000003e6, insn: b0237135, mode: 3, rs1_addr:  2, rs1_rdata: 7f76dfdc, rs2_addr:  0, rs2_rdata: 00000000, rd_addr:  2, rd_wdata: ddb7f660, mem_addr: ddb7f660, mem_rdata: 00000000, mem_wdata: 00000000
ClkCycle:        277, pc_rdata: 000003e6, pc_wdata: 000003ea, insn: b0237135, mode: 3, rs1_addr:  0, rs1_rdata: 00000000, rs2_addr:  0, rs2_rdata: 00000000, rd_addr:  0, rd_wdata: 00000000, mem_addr: 00000000, mem_rdata: 00000000, mem_wdata: 00000000
0000000100003118
ClkCycle:        278, pc_rdata: 000003ea, pc_wdata: 000003ee, insn: 11130010, mode: 3, rs1_addr:  1, rs1_rdata: 00003118, rs2_addr:  1, rs2_rdata: 00003118, rd_addr:  0, rd_wdata: 00003118, mem_addr: 00003118, mem_rdata: 00000000, mem_wdata: 00003118
ClkCycle:        279, pc_rdata: 000003ee, pc_wdata: 000003f2, insn: 11130010, mode: 3, rs1_addr:  0, rs1_rdata: 00000000, rs2_addr:  0, rs2_rdata: 00000000, rd_addr:  0, rd_wdata: 00000000, mem_addr: 00000000, mem_rdata: 00000000, mem_wdata: 00000000
ClkCycle:        280, pc_rdata: 000003f2, pc_wdata: 000003f6, insn: 1620b423, mode: 3, rs1_addr:  6, rs1_rdata: 1fddb7f7, rs2_addr:  2, rs2_rdata: ddb7f660, rd_addr:  2, rd_wdata: 7f76dfdc, mem_addr: 7f76dfdc, mem_rdata: 00000000, mem_wdata: ddb7f660
ClkCycle:        281, pc_rdata: 000003f6, pc_wdata: 000003fa, insn: 1620b423, mode: 3, rs1_addr:  0, rs1_rdata: 00000000, rs2_addr:  0, rs2_rdata: 00000000, rd_addr:  0, rd_wdata: 00000000, mem_addr: 00000000, mem_rdata: 00000000, mem_wdata: 00000000
ClkCycle:        282, pc_rdata: 000003fa, pc_wdata: 000003fc, insn: 02811113, mode: 3, rs1_addr:  2, rs1_rdata: ddb7f660, rs2_addr:  8, rs2_rdata: 7f76e204, rd_addr:  8, rd_wdata: 7f76e304, mem_addr: 7f76e304, mem_rdata: 00000000, mem_wdata: 7f76e204
ClkCycle:        283, pc_rdata: 000003fc, pc_wdata: 00000400, insn: 02811113, mode: 3, rs1_addr:  2, rs1_rdata: 7f76dfdc, rs2_addr:  8, rs2_rdata: 7f76e204, rd_addr:  2, rd_wdata: 76dfdc00, mem_addr: 76dfdc00, mem_rdata: 00000000, mem_wdata: 7f76e304
ClkCycle:        284, pc_rdata: 00000400, pc_wdata: 00000402, insn: b8237139, mode: 3, rs1_addr:  2, rs1_rdata: 7f76dfdc, rs2_addr:  0, rs2_rdata: 00000000, rd_addr:  2, rd_wdata: 76dfdbc0, mem_addr: 76dfdbc0, mem_rdata: 00000000, mem_wdata: 00000000
ClkCycle:        285, pc_rdata: 00000402, pc_wdata: 00000406, insn: b8237139, mode: 3, rs1_addr:  0, rs1_rdata: 00000000, rs2_addr:  0, rs2_rdata: 00000000, rd_addr:  0, rd_wdata: 00000000, mem_addr: 00000000, mem_rdata: 00000000, mem_wdata: 00000000
0000000100003118
ClkCycle:        286, pc_rdata: 00000406, pc_wdata: 0000040a, insn: 11130010, mode: 3, rs1_addr:  1, rs1_rdata: 00003118, rs2_addr:  1, rs2_rdata: 00003118, rd_addr: 16, rd_wdata: 00003128, mem_addr: 00003128, mem_rdata: 00000000, mem_wdata: 00003118
ClkCycle:        287, pc_rdata: 0000040a, pc_wdata: 0000040e, insn: 11130010, mode: 3, rs1_addr:  0, rs1_rdata: 00000000, rs2_addr:  0, rs2_rdata: 00000000, rd_addr:  0, rd_wdata: 00000000, mem_addr: 00000000, mem_rdata: 00000000, mem_wdata: 00000000
ClkCycle:        288, pc_rdata: 0000040e, pc_wdata: 00000412, insn: 1620bc23, mode: 3, rs1_addr:  6, rs1_rdata: 1fddb7f7, rs2_addr:  2, rs2_rdata: 76dfdbc0, rd_addr:  2, rd_wdata: 7f76dfdc, mem_addr: 7f76dfdc, mem_rdata: 00000000, mem_wdata: 76dfdbc0
ClkCycle:        289, pc_rdata: 00000412, pc_wdata: 00000416, insn: 1620bc23, mode: 3, rs1_addr:  0, rs1_rdata: 00000000, rs2_addr:  0, rs2_rdata: 00000000, rd_addr:  0, rd_wdata: 00000000, mem_addr: 00000000, mem_rdata: 00000000, mem_wdata: 00000000
ClkCycle:        290, pc_rdata: 00000416, pc_wdata: 00000418, insn: 02a11113, mode: 3, rs1_addr:  2, rs1_rdata: 76dfdbc0, rs2_addr:  8, rs2_rdata: 7f76e304, rd_addr:  8, rd_wdata: 7f76e304, mem_addr: 7f76e304, mem_rdata: 00000000, mem_wdata: 7f76e304
ClkCycle:        291, pc_rdata: 00000418, pc_wdata: 0000041c, insn: 02a11113, mode: 3, rs1_addr:  2, rs1_rdata: 7f76dfdc, rs2_addr: 10, rs2_rdata: 00000001, rd_addr:  2, rd_wdata: db7f7000, mem_addr: db7f7000, mem_rdata: 00000000, mem_wdata: 00000001
ClkCycle:        292, pc_rdata: 0000041c, pc_wdata: 0000041e, insn: b0236141, mode: 3, rs1_addr:  2, rs1_rdata: 7f76dfdc, rs2_addr: 16, rs2_rdata: 7d5bfddb, rd_addr:  2, rd_wdata: db7f7010, mem_addr: db7f7010, mem_rdata: 00000000, mem_wdata: 7d5bfddb
ClkCycle:        293, pc_rdata: 0000041e, pc_wdata: 00000422, insn: b0236141, mode: 3, rs1_addr:  0, rs1_rdata: 00000000, rs2_addr:  0, rs2_rdata: 00000000, rd_addr:  0, rd_wdata: 00000000, mem_addr: 00000000, mem_rdata: 00000000, mem_wdata: 00000000
0000000100003118
ClkCycle:        294, pc_rdata: 00000422, pc_wdata: 00000426, insn: 11130010, mode: 3, rs1_addr:  1, rs1_rdata: 00003118, rs2_addr:  1, rs2_rdata: 00003118, rd_addr:  0, rd_wdata: 00003118, mem_addr: 00003118, mem_rdata: 00000000, mem_wdata: 00003118
ClkCycle:        295, pc_rdata: 00000426, pc_wdata: 0000042a, insn: 11130010, mode: 3, rs1_addr:  0, rs1_rdata: 00000000, rs2_addr:  0, rs2_rdata: 00000000, rd_addr:  0, rd_wdata: 00000000, mem_addr: 00000000, mem_rdata: 00000000, mem_wdata: 00000000
ClkCycle:        296, pc_rdata: 0000042a, pc_wdata: 0000042e, insn: 1820b423, mode: 3, rs1_addr:  6, rs1_rdata: 1fddb7f7, rs2_addr:  2, rs2_rdata: db7f7010, rd_addr:  2, rd_wdata: 7f76dfdc, mem_addr: 7f76dfdc, mem_rdata: 00000000, mem_wdata: db7f7010
ClkCycle:        297, pc_rdata: 0000042e, pc_wdata: 00000432, insn: 1820b423, mode: 3, rs1_addr:  0, rs1_rdata: 00000000, rs2_addr:  0, rs2_rdata: 00000000, rd_addr:  0, rd_wdata: 00000000, mem_addr: 00000000, mem_rdata: 00000000, mem_wdata: 00000000
ClkCycle:        298, pc_rdata: 00000432, pc_wdata: 00000434, insn: 02c11113, mode: 3, rs1_addr:  2, rs1_rdata: db7f7010, rs2_addr: 24, rs2_rdata: 0000007d, rd_addr:  8, rd_wdata: 7f76e014, mem_addr: 7f76e014, mem_rdata: 00000000, mem_wdata: 0000007d
ClkCycle:        299, pc_rdata: 00000434, pc_wdata: 00000438, insn: 02c11113, mode: 3, rs1_addr:  2, rs1_rdata: 7f76dfdc, rs2_addr: 12, rs2_rdata: 00000000, rd_addr:  2, rd_wdata: 6dfdc000, mem_addr: 6dfdc000, mem_rdata: 00000000, mem_wdata: 00000000
ClkCycle:        300, pc_rdata: 00000438, pc_wdata: 0000043a, insn: b823617d, mode: 3, rs1_addr:  2, rs1_rdata: 7f76dfdc, rs2_addr: 16, rs2_rdata: 7d5bfddb, rd_addr:  2, rd_wdata: 6dfdc1f0, mem_addr: 6dfdc1f0, mem_rdata: 00000000, mem_wdata: 7d5bfddb
ClkCycle:        301, pc_rdata: 0000043a, pc_wdata: 0000043e, insn: b823617d, mode: 3, rs1_addr:  0, rs1_rdata: 00000000, rs2_addr:  0, rs2_rdata: 00000000, rd_addr:  0, rd_wdata: 00000000, mem_addr: 00000000, mem_rdata: 00000000, mem_wdata: 00000000
0000000100003118
ClkCycle:        302, pc_rdata: 0000043e, pc_wdata: 00000442, insn: 11130010, mode: 3, rs1_addr:  1, rs1_rdata: 00003118, rs2_addr:  1, rs2_rdata: 00003118, rd_addr: 16, rd_wdata: 00003128, mem_addr: 00003128, mem_rdata: 00000000, mem_wdata: 00003118
ClkCycle:        303, pc_rdata: 00000442, pc_wdata: 00000446, insn: 11130010, mode: 3, rs1_addr:  0, rs1_rdata: 00000000, rs2_addr:  0, rs2_rdata: 00000000, rd_addr:  0, rd_wdata: 00000000, mem_addr: 00000000, mem_rdata: 00000000, mem_wdata: 00000000
ClkCycle:        304, pc_rdata: 00000446, pc_wdata: 0000044a, insn: 1820bc23, mode: 3, rs1_addr:  6, rs1_rdata: 1fddb7f7, rs2_addr:  2, rs2_rdata: 6dfdc1f0, rd_addr:  2, rd_wdata: 7f76dfdc, mem_addr: 7f76dfdc, mem_rdata: 00000000, mem_wdata: 6dfdc1f0
ClkCycle:        305, pc_rdata: 0000044a, pc_wdata: 0000044e, insn: 1820bc23, mode: 3, rs1_addr:  0, rs1_rdata: 00000000, rs2_addr:  0, rs2_rdata: 00000000, rd_addr:  0, rd_wdata: 00000000, mem_addr: 00000000, mem_rdata: 00000000, mem_wdata: 00000000
ClkCycle:        306, pc_rdata: 0000044e, pc_wdata: 00000450, insn: 02e11113, mode: 3, rs1_addr:  2, rs1_rdata: 6dfdc1f0, rs2_addr: 24, rs2_rdata: 0000007d, rd_addr:  8, rd_wdata: 7f76e014, mem_addr: 7f76e014, mem_rdata: 00000000, mem_wdata: 0000007d
ClkCycle:        307, pc_rdata: 00000450, pc_wdata: 00000454, insn: 02e11113, mode: 3, rs1_addr:  2, rs1_rdata: 7f76dfdc, rs2_addr: 14, rs2_rdata: 00000000, rd_addr:  2, rd_wdata: b7f70000, mem_addr: b7f70000, mem_rdata: 00000000, mem_wdata: 00000000
ClkCycle:        308, pc_rdata: 00000454, pc_wdata: 00000456, insn: b0236145, mode: 3, rs1_addr:  2, rs1_rdata: 7f76dfdc, rs2_addr: 16, rs2_rdata: 7d5bfddb, rd_addr:  2, rd_wdata: b7f70030, mem_addr: b7f70030, mem_rdata: 00000000, mem_wdata: 7d5bfddb
ClkCycle:        309, pc_rdata: 00000456, pc_wdata: 0000045a, insn: b0236145, mode: 3, rs1_addr:  0, rs1_rdata: 00000000, rs2_addr:  0, rs2_rdata: 00000000, rd_addr:  0, rd_wdata: 00000000, mem_addr: 00000000, mem_rdata: 00000000, mem_wdata: 00000000
0000000100003118
ClkCycle:        310, pc_rdata: 0000045a, pc_wdata: 0000045e, insn: 11130010, mode: 3, rs1_addr:  1, rs1_rdata: 00003118, rs2_addr:  1, rs2_rdata: 00003118, rd_addr:  0, rd_wdata: 00003118, mem_addr: 00003118, mem_rdata: 00000000, mem_wdata: 00003118
ClkCycle:        311, pc_rdata: 0000045e, pc_wdata: 00000462, insn: 11130010, mode: 3, rs1_addr:  0, rs1_rdata: 00000000, rs2_addr:  0, rs2_rdata: 00000000, rd_addr:  0, rd_wdata: 00000000, mem_addr: 00000000, mem_rdata: 00000000, mem_wdata: 00000000
ClkCycle:        312, pc_rdata: 00000462, pc_wdata: 00000466, insn: 1a20b423, mode: 3, rs1_addr:  6, rs1_rdata: 1fddb7f7, rs2_addr:  2, rs2_rdata: b7f70030, rd_addr:  2, rd_wdata: 7f76dfdc, mem_addr: 7f76dfdc, mem_rdata: 00000000, mem_wdata: b7f70030
ClkCycle:        313, pc_rdata: 00000466, pc_wdata: 0000046a, insn: 1a20b423, mode: 3, rs1_addr:  0, rs1_rdata: 00000000, rs2_addr:  0, rs2_rdata: 00000000, rd_addr:  0, rd_wdata: 00000000, mem_addr: 00000000, mem_rdata: 00000000, mem_wdata: 00000000
ClkCycle:        314, pc_rdata: 0000046a, pc_wdata: 0000046c, insn: 03011113, mode: 3, rs1_addr:  2, rs1_rdata: b7f70030, rs2_addr: 24, rs2_rdata: 0000007d, rd_addr:  8, rd_wdata: 7f76e114, mem_addr: 7f76e114, mem_rdata: 00000000, mem_wdata: 0000007d
ClkCycle:        315, pc_rdata: 0000046c, pc_wdata: 00000470, insn: 03011113, mode: 3, rs1_addr:  2, rs1_rdata: 7f76dfdc, rs2_addr: 16, rs2_rdata: 7d5bfddb, rd_addr:  2, rd_wdata: dfdc0000, mem_addr: dfdc0000, mem_rdata: 00000000, mem_wdata: 7d5bfddb
ClkCycle:        316, pc_rdata: 00000470, pc_wdata: 00000472, insn: b8236145, mode: 3, rs1_addr:  2, rs1_rdata: 7f76dfdc, rs2_addr: 16, rs2_rdata: 7d5bfddb, rd_addr:  2, rd_wdata: dfdc0030, mem_addr: dfdc0030, mem_rdata: 00000000, mem_wdata: 7d5bfddb
ClkCycle:        317, pc_rdata: 00000472, pc_wdata: 00000476, insn: b8236145, mode: 3, rs1_addr:  0, rs1_rdata: 00000000, rs2_addr:  0, rs2_rdata: 00000000, rd_addr:  0, rd_wdata: 00000000, mem_addr: 00000000, mem_rdata: 00000000, mem_wdata: 00000000
0000000100003118
ClkCycle:        318, pc_rdata: 00000476, pc_wdata: 0000047a, insn: 11130010, mode: 3, rs1_addr:  1, rs1_rdata: 00003118, rs2_addr:  1, rs2_rdata: 00003118, rd_addr: 16, rd_wdata: 00003128, mem_addr: 00003128, mem_rdata: 00000000, mem_wdata: 00003118
ClkCycle:        319, pc_rdata: 0000047a, pc_wdata: 0000047e, insn: 11130010, mode: 3, rs1_addr:  0, rs1_rdata: 00000000, rs2_addr:  0, rs2_rdata: 00000000, rd_addr:  0, rd_wdata: 00000000, mem_addr: 00000000, mem_rdata: 00000000, mem_wdata: 00000000
ClkCycle:        320, pc_rdata: 0000047e, pc_wdata: 00000482, insn: 1a20bc23, mode: 3, rs1_addr:  6, rs1_rdata: 1fddb7f7, rs2_addr:  2, rs2_rdata: dfdc0030, rd_addr:  2, rd_wdata: 7f76dfdc, mem_addr: 7f76dfdc, mem_rdata: 00000000, mem_wdata: dfdc0030
ClkCycle:        321, pc_rdata: 00000482, pc_wdata: 00000486, insn: 1a20bc23, mode: 3, rs1_addr:  0, rs1_rdata: 00000000, rs2_addr:  0, rs2_rdata: 00000000, rd_addr:  0, rd_wdata: 00000000, mem_addr: 00000000, mem_rdata: 00000000, mem_wdata: 00000000
ClkCycle:        322, pc_rdata: 00000486, pc_wdata: 00000488, insn: 03211113, mode: 3, rs1_addr:  2, rs1_rdata: dfdc0030, rs2_addr: 24, rs2_rdata: 0000007d, rd_addr:  8, rd_wdata: 7f76e114, mem_addr: 7f76e114, mem_rdata: 00000000, mem_wdata: 0000007d
ClkCycle:        323, pc_rdata: 00000488, pc_wdata: 0000048c, insn: 03211113, mode: 3, rs1_addr:  2, rs1_rdata: 7f76dfdc, rs2_addr: 18, rs2_rdata: ff7fffff, rd_addr:  2, rd_wdata: 7f700000, mem_addr: 7f700000, mem_rdata: 00000000, mem_wdata: ff7fffff
ClkCycle:        324, pc_rdata: 0000048c, pc_wdata: 0000048e, insn: b023710d, mode: 3, rs1_addr:  2, rs1_rdata: 7f76dfdc, rs2_addr:  0, rs2_rdata: 00000000, rd_addr:  2, rd_wdata: 7f6ffea0, mem_addr: 7f6ffea0, mem_rdata: 00000000, mem_wdata: 00000000
ClkCycle:        325, pc_rdata: 0000048e, pc_wdata: 00000492, insn: b023710d, mode: 3, rs1_addr:  0, rs1_rdata: 00000000, rs2_addr:  0, rs2_rdata: 00000000, rd_addr:  0, rd_wdata: 00000000, mem_addr: 00000000, mem_rdata: 00000000, mem_wdata: 00000000
0000000100003118
ClkCycle:        326, pc_rdata: 00000492, pc_wdata: 00000496, insn: 11130010, mode: 3, rs1_addr:  1, rs1_rdata: 00003118, rs2_addr:  1, rs2_rdata: 00003118, rd_addr:  0, rd_wdata: 00003118, mem_addr: 00003118, mem_rdata: 00000000, mem_wdata: 00003118
ClkCycle:        327, pc_rdata: 00000496, pc_wdata: 0000049a, insn: 11130010, mode: 3, rs1_addr:  0, rs1_rdata: 00000000, rs2_addr:  0, rs2_rdata: 00000000, rd_addr:  0, rd_wdata: 00000000, mem_addr: 00000000, mem_rdata: 00000000, mem_wdata: 00000000
ClkCycle:        328, pc_rdata: 0000049a, pc_wdata: 0000049e, insn: 1c20b423, mode: 3, rs1_addr:  6, rs1_rdata: 1fddb7f7, rs2_addr:  2, rs2_rdata: 7f6ffea0, rd_addr:  2, rd_wdata: 7f76dfdc, mem_addr: 7f76dfdc, mem_rdata: 00000000, mem_wdata: 7f6ffea0
ClkCycle:        329, pc_rdata: 0000049e, pc_wdata: 000004a2, insn: 1c20b423, mode: 3, rs1_addr:  0, rs1_rdata: 00000000, rs2_addr:  0, rs2_rdata: 00000000, rd_addr:  0, rd_wdata: 00000000, mem_addr: 00000000, mem_rdata: 00000000, mem_wdata: 00000000
ClkCycle:        330, pc_rdata: 000004a2, pc_wdata: 000004a4, insn: 03411113, mode: 3, rs1_addr:  2, rs1_rdata: 7f6ffea0, rs2_addr: 24, rs2_rdata: 0000007d, rd_addr:  8, rd_wdata: 7f76e214, mem_addr: 7f76e214, mem_rdata: 00000000, mem_wdata: 0000007d
ClkCycle:        331, pc_rdata: 000004a4, pc_wdata: 000004a8, insn: 03411113, mode: 3, rs1_addr:  2, rs1_rdata: 7f76dfdc, rs2_addr: 20, rs2_rdata: d5bffdff, rd_addr:  2, rd_wdata: fdc00000, mem_addr: fdc00000, mem_rdata: 00000000, mem_wdata: d5bffdff
ClkCycle:        332, pc_rdata: 000004a8, pc_wdata: 000004aa, insn: b8236109, mode: 3, rs1_addr:  2, rs1_rdata: 7f76dfdc, rs2_addr:  0, rs2_rdata: 00000000, rd_addr:  2, rd_wdata: fdc00080, mem_addr: fdc00080, mem_rdata: 00000000, mem_wdata: 00000000
ClkCycle:        333, pc_rdata: 000004aa, pc_wdata: 000004ae, insn: b8236109, mode: 3, rs1_addr:  0, rs1_rdata: 00000000, rs2_addr:  0, rs2_rdata: 00000000, rd_addr:  0, rd_wdata: 00000000, mem_addr: 00000000, mem_rdata: 00000000, mem_wdata: 00000000
0000000100003118
ClkCycle:        334, pc_rdata: 000004ae, pc_wdata: 000004b2, insn: 11130010, mode: 3, rs1_addr:  1, rs1_rdata: 00003118, rs2_addr:  1, rs2_rdata: 00003118, rd_addr: 16, rd_wdata: 00003128, mem_addr: 00003128, mem_rdata: 00000000, mem_wdata: 00003118
ClkCycle:        335, pc_rdata: 000004b2, pc_wdata: 000004b6, insn: 11130010, mode: 3, rs1_addr:  0, rs1_rdata: 00000000, rs2_addr:  0, rs2_rdata: 00000000, rd_addr:  0, rd_wdata: 00000000, mem_addr: 00000000, mem_rdata: 00000000, mem_wdata: 00000000
ClkCycle:        336, pc_rdata: 000004b6, pc_wdata: 000004ba, insn: 1c20bc23, mode: 3, rs1_addr:  6, rs1_rdata: 1fddb7f7, rs2_addr:  2, rs2_rdata: fdc00080, rd_addr:  2, rd_wdata: 7f76dfdc, mem_addr: 7f76dfdc, mem_rdata: 00000000, mem_wdata: fdc00080
ClkCycle:        337, pc_rdata: 000004ba, pc_wdata: 000004be, insn: 1c20bc23, mode: 3, rs1_addr:  0, rs1_rdata: 00000000, rs2_addr:  0, rs2_rdata: 00000000, rd_addr:  0, rd_wdata: 00000000, mem_addr: 00000000, mem_rdata: 00000000, mem_wdata: 00000000
ClkCycle:        338, pc_rdata: 000004be, pc_wdata: 000004c0, insn: 03611113, mode: 3, rs1_addr:  2, rs1_rdata: fdc00080, rs2_addr: 24, rs2_rdata: 0000007d, rd_addr:  8, rd_wdata: 7f76e214, mem_addr: 7f76e214, mem_rdata: 00000000, mem_wdata: 0000007d
ClkCycle:        339, pc_rdata: 000004c0, pc_wdata: 000004c4, insn: 03611113, mode: 3, rs1_addr:  2, rs1_rdata: 7f76dfdc, rs2_addr: 22, rs2_rdata: 001f56ff, rd_addr:  2, rd_wdata: f7000000, mem_addr: f7000000, mem_rdata: 00000000, mem_wdata: 001f56ff
ClkCycle:        340, pc_rdata: 000004c4, pc_wdata: 000004c6, insn: b023616d, mode: 3, rs1_addr:  2, rs1_rdata: 7f76dfdc, rs2_addr: 16, rs2_rdata: 7d5bfddb, rd_addr:  2, rd_wdata: f70000f0, mem_addr: f70000f0, mem_rdata: 00000000, mem_wdata: 7d5bfddb
ClkCycle:        341, pc_rdata: 000004c6, pc_wdata: 000004ca, insn: b023616d, mode: 3, rs1_addr:  0, rs1_rdata: 00000000, rs2_addr:  0, rs2_rdata: 00000000, rd_addr:  0, rd_wdata: 00000000, mem_addr: 00000000, mem_rdata: 00000000, mem_wdata: 00000000
0000000100003118
ClkCycle:        342, pc_rdata: 000004ca, pc_wdata: 000004ce, insn: 11130010, mode: 3, rs1_addr:  1, rs1_rdata: 00003118, rs2_addr:  1, rs2_rdata: 00003118, rd_addr:  0, rd_wdata: 00003118, mem_addr: 00003118, mem_rdata: 00000000, mem_wdata: 00003118
ClkCycle:        343, pc_rdata: 000004ce, pc_wdata: 000004d2, insn: 11130010, mode: 3, rs1_addr:  0, rs1_rdata: 00000000, rs2_addr:  0, rs2_rdata: 00000000, rd_addr:  0, rd_wdata: 00000000, mem_addr: 00000000, mem_rdata: 00000000, mem_wdata: 00000000
ClkCycle:        344, pc_rdata: 000004d2, pc_wdata: 000004d6, insn: 1e20b423, mode: 3, rs1_addr:  6, rs1_rdata: 1fddb7f7, rs2_addr:  2, rs2_rdata: f70000f0, rd_addr:  2, rd_wdata: 7f76dfdc, mem_addr: 7f76dfdc, mem_rdata: 00000000, mem_wdata: f70000f0
ClkCycle:        345, pc_rdata: 000004d6, pc_wdata: 000004da, insn: 1e20b423, mode: 3, rs1_addr:  0, rs1_rdata: 00000000, rs2_addr:  0, rs2_rdata: 00000000, rd_addr:  0, rd_wdata: 00000000, mem_addr: 00000000, mem_rdata: 00000000, mem_wdata: 00000000
ClkCycle:        346, pc_rdata: 000004da, pc_wdata: 000004dc, insn: 03811113, mode: 3, rs1_addr:  2, rs1_rdata: f70000f0, rs2_addr: 24, rs2_rdata: 0000007d, rd_addr:  8, rd_wdata: 7f76e314, mem_addr: 7f76e314, mem_rdata: 00000000, mem_wdata: 0000007d
ClkCycle:        347, pc_rdata: 000004dc, pc_wdata: 000004e0, insn: 03811113, mode: 3, rs1_addr:  2, rs1_rdata: 7f76dfdc, rs2_addr: 24, rs2_rdata: 0000007d, rd_addr:  2, rd_wdata: dc000000, mem_addr: dc000000, mem_rdata: 00000000, mem_wdata: 0000007d
ClkCycle:        348, pc_rdata: 000004e0, pc_wdata: 000004e2, insn: b823713d, mode: 3, rs1_addr:  2, rs1_rdata: 7f76dfdc, rs2_addr:  0, rs2_rdata: 00000000, rd_addr:  2, rd_wdata: dbffffe0, mem_addr: dbffffe0, mem_rdata: 00000000, mem_wdata: 00000000
ClkCycle:        349, pc_rdata: 000004e2, pc_wdata: 000004e6, insn: b823713d, mode: 3, rs1_addr:  0, rs1_rdata: 00000000, rs2_addr:  0, rs2_rdata: 00000000, rd_addr:  0, rd_wdata: 00000000, mem_addr: 00000000, mem_rdata: 00000000, mem_wdata: 00000000
0000000100003118
ClkCycle:        350, pc_rdata: 000004e6, pc_wdata: 000004ea, insn: 11130010, mode: 3, rs1_addr:  1, rs1_rdata: 00003118, rs2_addr:  1, rs2_rdata: 00003118, rd_addr: 16, rd_wdata: 00003128, mem_addr: 00003128, mem_rdata: 00000000, mem_wdata: 00003118
ClkCycle:        351, pc_rdata: 000004ea, pc_wdata: 000004ee, insn: 11130010, mode: 3, rs1_addr:  0, rs1_rdata: 00000000, rs2_addr:  0, rs2_rdata: 00000000, rd_addr:  0, rd_wdata: 00000000, mem_addr: 00000000, mem_rdata: 00000000, mem_wdata: 00000000
ClkCycle:        352, pc_rdata: 000004ee, pc_wdata: 000004f2, insn: 1e20bc23, mode: 3, rs1_addr:  6, rs1_rdata: 1fddb7f7, rs2_addr:  2, rs2_rdata: dbffffe0, rd_addr:  2, rd_wdata: 7f76dfdc, mem_addr: 7f76dfdc, mem_rdata: 00000000, mem_wdata: dbffffe0
ClkCycle:        353, pc_rdata: 000004f2, pc_wdata: 000004f6, insn: 1e20bc23, mode: 3, rs1_addr:  0, rs1_rdata: 00000000, rs2_addr:  0, rs2_rdata: 00000000, rd_addr:  0, rd_wdata: 00000000, mem_addr: 00000000, mem_rdata: 00000000, mem_wdata: 00000000
ClkCycle:        354, pc_rdata: 000004f6, pc_wdata: 000004f8, insn: 03a11113, mode: 3, rs1_addr:  2, rs1_rdata: dbffffe0, rs2_addr: 24, rs2_rdata: 0000007d, rd_addr:  8, rd_wdata: 7f76e314, mem_addr: 7f76e314, mem_rdata: 00000000, mem_wdata: 0000007d
ClkCycle:        355, pc_rdata: 000004f8, pc_wdata: 000004fc, insn: 03a11113, mode: 3, rs1_addr:  2, rs1_rdata: 7f76dfdc, rs2_addr: 26, rs2_rdata: 00000000, rd_addr:  2, rd_wdata: 70000000, mem_addr: 70000000, mem_rdata: 00000000, mem_wdata: 00000000
ClkCycle:        356, pc_rdata: 000004fc, pc_wdata: 000004fe, insn: b0237139, mode: 3, rs1_addr:  2, rs1_rdata: 7f76dfdc, rs2_addr:  0, rs2_rdata: 00000000, rd_addr:  2, rd_wdata: 6fffffc0, mem_addr: 6fffffc0, mem_rdata: 00000000, mem_wdata: 00000000
ClkCycle:        357, pc_rdata: 000004fe, pc_wdata: 00000502, insn: b0237139, mode: 3, rs1_addr:  0, rs1_rdata: 00000000, rs2_addr:  0, rs2_rdata: 00000000, rd_addr:  0, rd_wdata: 00000000, mem_addr: 00000000, mem_rdata: 00000000, mem_wdata: 00000000
0000000100003118
ClkCycle:        358, pc_rdata: 00000502, pc_wdata: 00000506, insn: 11130010, mode: 3, rs1_addr:  1, rs1_rdata: 00003118, rs2_addr:  1, rs2_rdata: 00003118, rd_addr:  0, rd_wdata: 00003118, mem_addr: 00003118, mem_rdata: 00000000, mem_wdata: 00003118
ClkCycle:        359, pc_rdata: 00000506, pc_wdata: 0000050a, insn: 11130010, mode: 3, rs1_addr:  0, rs1_rdata: 00000000, rs2_addr:  0, rs2_rdata: 00000000, rd_addr:  0, rd_wdata: 00000000, mem_addr: 00000000, mem_rdata: 00000000, mem_wdata: 00000000
ClkCycle:        360, pc_rdata: 0000050a, pc_wdata: 0000050e, insn: 2020b423, mode: 3, rs1_addr:  6, rs1_rdata: 1fddb7f7, rs2_addr:  2, rs2_rdata: 6fffffc0, rd_addr:  2, rd_wdata: 7f76dfdc, mem_addr: 7f76dfdc, mem_rdata: 00000000, mem_wdata: 6fffffc0
ClkCycle:        361, pc_rdata: 0000050e, pc_wdata: 00000512, insn: 2020b423, mode: 3, rs1_addr:  0, rs1_rdata: 00000000, rs2_addr:  0, rs2_rdata: 00000000, rd_addr:  0, rd_wdata: 00000000, mem_addr: 00000000, mem_rdata: 00000000, mem_wdata: 00000000
ClkCycle:        362, pc_rdata: 00000512, pc_wdata: 00000514, insn: 03c11113, mode: 3, rs1_addr:  2, rs1_rdata: 6fffffc0, rs2_addr:  8, rs2_rdata: 7f76e314, rd_addr:  8, rd_wdata: 7f76dfe4, mem_addr: 7f76dfe4, mem_rdata: 00000000, mem_wdata: 7f76e314
ClkCycle:        363, pc_rdata: 00000514, pc_wdata: 00000518, insn: 03c11113, mode: 3, rs1_addr:  2, rs1_rdata: 7f76dfdc, rs2_addr: 28, rs2_rdata: 00000000, rd_addr:  2, rd_wdata: c0000000, mem_addr: c0000000, mem_rdata: 00000000, mem_wdata: 00000000
ClkCycle:        364, pc_rdata: 00000518, pc_wdata: 0000051a, insn: b8236105, mode: 3, rs1_addr:  2, rs1_rdata: 7f76dfdc, rs2_addr:  0, rs2_rdata: 00000000, rd_addr:  2, rd_wdata: c0000020, mem_addr: c0000020, mem_rdata: 00000000, mem_wdata: 00000000
ClkCycle:        365, pc_rdata: 0000051a, pc_wdata: 0000051e, insn: b8236105, mode: 3, rs1_addr:  0, rs1_rdata: 00000000, rs2_addr:  0, rs2_rdata: 00000000, rd_addr:  0, rd_wdata: 00000000, mem_addr: 00000000, mem_rdata: 00000000, mem_wdata: 00000000
0000000100003118
ClkCycle:        366, pc_rdata: 0000051e, pc_wdata: 00000522, insn: 11130010, mode: 3, rs1_addr:  1, rs1_rdata: 00003118, rs2_addr:  1, rs2_rdata: 00003118, rd_addr: 16, rd_wdata: 00003128, mem_addr: 00003128, mem_rdata: 00000000, mem_wdata: 00003118
ClkCycle:        367, pc_rdata: 00000522, pc_wdata: 00000526, insn: 11130010, mode: 3, rs1_addr:  0, rs1_rdata: 00000000, rs2_addr:  0, rs2_rdata: 00000000, rd_addr:  0, rd_wdata: 00000000, mem_addr: 00000000, mem_rdata: 00000000, mem_wdata: 00000000
ClkCycle:        368, pc_rdata: 00000526, pc_wdata: 0000052a, insn: 2020bc23, mode: 3, rs1_addr:  6, rs1_rdata: 1fddb7f7, rs2_addr:  2, rs2_rdata: c0000020, rd_addr:  2, rd_wdata: 7f76dfdc, mem_addr: 7f76dfdc, mem_rdata: 00000000, mem_wdata: c0000020
ClkCycle:        369, pc_rdata: 0000052a, pc_wdata: 0000052e, insn: 2020bc23, mode: 3, rs1_addr:  0, rs1_rdata: 00000000, rs2_addr:  0, rs2_rdata: 00000000, rd_addr:  0, rd_wdata: 00000000, mem_addr: 00000000, mem_rdata: 00000000, mem_wdata: 00000000
ClkCycle:        370, pc_rdata: 0000052e, pc_wdata: 00000530, insn: 03e11113, mode: 3, rs1_addr:  2, rs1_rdata: c0000020, rs2_addr:  8, rs2_rdata: 7f76dfe4, rd_addr:  8, rd_wdata: 7f76dfe4, mem_addr: 7f76dfe4, mem_rdata: 00000000, mem_wdata: 7f76dfe4
ClkCycle:        371, pc_rdata: 00000530, pc_wdata: 00000534, insn: 03e11113, mode: 3, rs1_addr:  2, rs1_rdata: 7f76dfdc, rs2_addr: 30, rs2_rdata: 00000000, rd_addr:  2, rd_wdata: 00000000, mem_addr: 00000000, mem_rdata: 00000000, mem_wdata: 00000000
ClkCycle:        372, pc_rdata: 00000534, pc_wdata: 00000536, insn: b0236161, mode: 3, rs1_addr:  2, rs1_rdata: 7f76dfdc, rs2_addr: 16, rs2_rdata: 7d5bfddb, rd_addr:  2, rd_wdata: 00000050, mem_addr: 00000050, mem_rdata: 00000000, mem_wdata: 7d5bfddb
ClkCycle:        373, pc_rdata: 00000536, pc_wdata: 0000053a, insn: b0236161, mode: 3, rs1_addr:  0, rs1_rdata: 00000000, rs2_addr:  0, rs2_rdata: 00000000, rd_addr:  0, rd_wdata: 00000000, mem_addr: 00000000, mem_rdata: 00000000, mem_wdata: 00000000
0000000100003118
ClkCycle:        374, pc_rdata: 0000053a, pc_wdata: 0000053e, insn: 11130010, mode: 3, rs1_addr:  1, rs1_rdata: 00003118, rs2_addr:  1, rs2_rdata: 00003118, rd_addr:  0, rd_wdata: 00003118, mem_addr: 00003118, mem_rdata: 00000000, mem_wdata: 00003118
ClkCycle:        375, pc_rdata: 0000053e, pc_wdata: 00000542, insn: 11130010, mode: 3, rs1_addr:  0, rs1_rdata: 00000000, rs2_addr:  0, rs2_rdata: 00000000, rd_addr:  0, rd_wdata: 00000000, mem_addr: 00000000, mem_rdata: 00000000, mem_wdata: 00000000
ClkCycle:        376, pc_rdata: 00000542, pc_wdata: 00000546, insn: 717dfff1, mode: 3, rs1_addr:  2, rs1_rdata: 00000050, rs2_addr: 31, rs2_rdata: 00000000, rd_addr:  2, rd_wdata: 00000000, mem_addr: 00000000, mem_rdata: 00000000, mem_wdata: 00000000
ClkCycle:        377, pc_rdata: 00000546, pc_wdata: 0000054a, insn: 717dfff1, mode: 3, rs1_addr:  0, rs1_rdata: 00000000, rs2_addr:  0, rs2_rdata: 00000000, rd_addr:  0, rd_wdata: 00000000, mem_addr: 00000000, mem_rdata: 00000000, mem_wdata: 00000000
ClkCycle:        378, pc_rdata: 0000054a, pc_wdata: 0000054c, insn: 00100113, mode: 3, rs1_addr:  2, rs1_rdata: 00000050, rs2_addr: 16, rs2_rdata: 7d5bfddb, rd_addr:  2, rd_wdata: fffffff0, mem_addr: fffffff0, mem_rdata: 00000000, mem_wdata: 7d5bfddb
ClkCycle:        379, pc_rdata: 0000054c, pc_wdata: 00000550, insn: 00100113, mode: 3, rs1_addr:  0, rs1_rdata: 00000000, rs2_addr:  1, rs2_rdata: 00003118, rd_addr:  2, rd_wdata: 00000001, mem_addr: 00000001, mem_rdata: 00000000, mem_wdata: 00003118
ClkCycle:        380, pc_rdata: 00000550, pc_wdata: 00000554, insn: 03611113, mode: 3, rs1_addr:  2, rs1_rdata: 00000000, rs2_addr: 22, rs2_rdata: 001f56ff, rd_addr:  2, rd_wdata: 00400000, mem_addr: 00400000, mem_rdata: 00000000, mem_wdata: 001f56ff
ClkCycle:        381, pc_rdata: 00000554, pc_wdata: 00000558, insn: fff14113, mode: 3, rs1_addr:  2, rs1_rdata: fffffff0, rs2_addr: 31, rs2_rdata: 00000000, rd_addr:  2, rd_wdata: ffbfffff, mem_addr: ffbfffff, mem_rdata: 00000000, mem_wdata: 00000000
ClkCycle:        382, pc_rdata: 00000558, pc_wdata: 0000055a, insn: b823617d, mode: 3, rs1_addr:  2, rs1_rdata: 00000001, rs2_addr: 16, rs2_rdata: 7d5bfddb, rd_addr:  2, rd_wdata: ffc001ef, mem_addr: ffc001ef, mem_rdata: 00000000, mem_wdata: 7d5bfddb
ClkCycle:        383, pc_rdata: 0000055a, pc_wdata: 0000055e, insn: b823617d, mode: 3, rs1_addr:  0, rs1_rdata: 00000000, rs2_addr:  0, rs2_rdata: 00000000, rd_addr:  0, rd_wdata: 00000000, mem_addr: 00000000, mem_rdata: 00000000, mem_wdata: 00000000
0000000100003118
ClkCycle:        384, pc_rdata: 0000055e, pc_wdata: 00000562, insn: 11130010, mode: 3, rs1_addr:  1, rs1_rdata: 00003118, rs2_addr:  1, rs2_rdata: 00003118, rd_addr: 16, rd_wdata: 00003128, mem_addr: 00003128, mem_rdata: 00000000, mem_wdata: 00003118
ClkCycle:        385, pc_rdata: 00000562, pc_wdata: 00000566, insn: 11130010, mode: 3, rs1_addr:  0, rs1_rdata: 00000000, rs2_addr:  0, rs2_rdata: 00000000, rd_addr:  0, rd_wdata: 00000000, mem_addr: 00000000, mem_rdata: 00000000, mem_wdata: 00000000
ClkCycle:        386, pc_rdata: 00000566, pc_wdata: 0000056a, insn: 6145fff1, mode: 3, rs1_addr:  2, rs1_rdata: ffc001ef, rs2_addr: 31, rs2_rdata: 00000000, rd_addr:  2, rd_wdata: 80000000, mem_addr: 80000000, mem_rdata: 00000000, mem_wdata: 00000000
ClkCycle:        387, pc_rdata: 0000056a, pc_wdata: 0000056e, insn: 6145fff1, mode: 3, rs1_addr:  0, rs1_rdata: 00000000, rs2_addr:  0, rs2_rdata: 00000000, rd_addr:  0, rd_wdata: 00000000, mem_addr: 00000000, mem_rdata: 00000000, mem_wdata: 00000000
ClkCycle:        388, pc_rdata: 0000056e, pc_wdata: 00000570, insn: 00100113, mode: 3, rs1_addr:  2, rs1_rdata: ffc001ef, rs2_addr: 16, rs2_rdata: 7d5bfddb, rd_addr:  2, rd_wdata: 80000030, mem_addr: 80000030, mem_rdata: 00000000, mem_wdata: 7d5bfddb
ClkCycle:        389, pc_rdata: 00000570, pc_wdata: 00000574, insn: 00100113, mode: 3, rs1_addr:  0, rs1_rdata: 00000000, rs2_addr:  1, rs2_rdata: 00003118, rd_addr:  2, rd_wdata: 00000001, mem_addr: 00000001, mem_rdata: 00000000, mem_wdata: 00003118
ClkCycle:        390, pc_rdata: 00000574, pc_wdata: 00000578, insn: 03811113, mode: 3, rs1_addr:  2, rs1_rdata: 80000000, rs2_addr: 24, rs2_rdata: 0000007d, rd_addr:  2, rd_wdata: 01000000, mem_addr: 01000000, mem_rdata: 00000000, mem_wdata: 0000007d
ClkCycle:        391, pc_rdata: 00000578, pc_wdata: 0000057c, insn: fff14113, mode: 3, rs1_addr:  2, rs1_rdata: 80000030, rs2_addr: 31, rs2_rdata: 00000000, rd_addr:  2, rd_wdata: feffffff, mem_addr: feffffff, mem_rdata: 00000000, mem_wdata: 00000000
ClkCycle:        392, pc_rdata: 0000057c, pc_wdata: 0000057e, insn: b0236109, mode: 3, rs1_addr:  2, rs1_rdata: 00000001, rs2_addr:  0, rs2_rdata: 00000000, rd_addr:  2, rd_wdata: ff00007f, mem_addr: ff00007f, mem_rdata: 00000000, mem_wdata: 00000000
ClkCycle:        393, pc_rdata: 0000057e, pc_wdata: 00000582, insn: b0236109, mode: 3, rs1_addr:  0, rs1_rdata: 00000000, rs2_addr:  0, rs2_rdata: 00000000, rd_addr:  0, rd_wdata: 00000000, mem_addr: 00000000, mem_rdata: 00000000, mem_wdata: 00000000
0000000100003118
ClkCycle:        394, pc_rdata: 00000582, pc_wdata: 00000586, insn: 11130010, mode: 3, rs1_addr:  1, rs1_rdata: 00003118, rs2_addr:  1, rs2_rdata: 00003118, rd_addr:  0, rd_wdata: 00003118, mem_addr: 00003118, mem_rdata: 00000000, mem_wdata: 00003118
ClkCycle:        395, pc_rdata: 00000586, pc_wdata: 0000058a, insn: 11130010, mode: 3, rs1_addr:  0, rs1_rdata: 00000000, rs2_addr:  0, rs2_rdata: 00000000, rd_addr:  0, rd_wdata: 00000000, mem_addr: 00000000, mem_rdata: 00000000, mem_wdata: 00000000
ClkCycle:        396, pc_rdata: 0000058a, pc_wdata: 0000058e, insn: 7119fff1, mode: 3, rs1_addr:  2, rs1_rdata: ff00007f, rs2_addr: 31, rs2_rdata: 00000000, rd_addr:  2, rd_wdata: 80000000, mem_addr: 80000000, mem_rdata: 00000000, mem_wdata: 00000000
ClkCycle:        397, pc_rdata: 0000058e, pc_wdata: 00000592, insn: 7119fff1, mode: 3, rs1_addr:  0, rs1_rdata: 00000000, rs2_addr:  0, rs2_rdata: 00000000, rd_addr:  0, rd_wdata: 00000000, mem_addr: 00000000, mem_rdata: 00000000, mem_wdata: 00000000
ClkCycle:        398, pc_rdata: 00000592, pc_wdata: 00000594, insn: 00100113, mode: 3, rs1_addr:  2, rs1_rdata: ff00007f, rs2_addr:  0, rs2_rdata: 00000000, rd_addr:  2, rd_wdata: 7fffff80, mem_addr: 7fffff80, mem_rdata: 00000000, mem_wdata: 00000000
ClkCycle:        399, pc_rdata: 00000594, pc_wdata: 00000598, insn: 00100113, mode: 3, rs1_addr:  0, rs1_rdata: 00000000, rs2_addr:  1, rs2_rdata: 00003118, rd_addr:  2, rd_wdata: 00000001, mem_addr: 00000001, mem_rdata: 00000000, mem_wdata: 00003118
ClkCycle:        400, pc_rdata: 00000598, pc_wdata: 0000059c, insn: 03a11113, mode: 3, rs1_addr:  2, rs1_rdata: 80000000, rs2_addr: 26, rs2_rdata: 00000000, rd_addr:  2, rd_wdata: 04000000, mem_addr: 04000000, mem_rdata: 00000000, mem_wdata: 00000000
ClkCycle:        401, pc_rdata: 0000059c, pc_wdata: 000005a0, insn: fff14113, mode: 3, rs1_addr:  2, rs1_rdata: 7fffff80, rs2_addr: 31, rs2_rdata: 00000000, rd_addr:  2, rd_wdata: fbffffff, mem_addr: fbffffff, mem_rdata: 00000000, mem_wdata: 00000000
ClkCycle:        402, pc_rdata: 000005a0, pc_wdata: 000005a2, insn: b8236171, mode: 3, rs1_addr:  2, rs1_rdata: 00000001, rs2_addr: 16, rs2_rdata: 7d5bfddb, rd_addr:  2, rd_wdata: fc00014f, mem_addr: fc00014f, mem_rdata: 00000000, mem_wdata: 7d5bfddb
ClkCycle:        403, pc_rdata: 000005a2, pc_wdata: 000005a6, insn: b8236171, mode: 3, rs1_addr:  0, rs1_rdata: 00000000, rs2_addr:  0, rs2_rdata: 00000000, rd_addr:  0, rd_wdata: 00000000, mem_addr: 00000000, mem_rdata: 00000000, mem_wdata: 00000000
0000000100003118
ClkCycle:        404, pc_rdata: 000005a6, pc_wdata: 000005aa, insn: 11130010, mode: 3, rs1_addr:  1, rs1_rdata: 00003118, rs2_addr:  1, rs2_rdata: 00003118, rd_addr: 16, rd_wdata: 00003128, mem_addr: 00003128, mem_rdata: 00000000, mem_wdata: 00003118
ClkCycle:        405, pc_rdata: 000005aa, pc_wdata: 000005ae, insn: 11130010, mode: 3, rs1_addr:  0, rs1_rdata: 00000000, rs2_addr:  0, rs2_rdata: 00000000, rd_addr:  0, rd_wdata: 00000000, mem_addr: 00000000, mem_rdata: 00000000, mem_wdata: 00000000
ClkCycle:        406, pc_rdata: 000005ae, pc_wdata: 000005b2, insn: 7139fff1, mode: 3, rs1_addr:  2, rs1_rdata: fc00014f, rs2_addr: 31, rs2_rdata: 00000000, rd_addr:  2, rd_wdata: 80000000, mem_addr: 80000000, mem_rdata: 00000000, mem_wdata: 00000000
ClkCycle:        407, pc_rdata: 000005b2, pc_wdata: 000005b6, insn: 7139fff1, mode: 3, rs1_addr:  0, rs1_rdata: 00000000, rs2_addr:  0, rs2_rdata: 00000000, rd_addr:  0, rd_wdata: 00000000, mem_addr: 00000000, mem_rdata: 00000000, mem_wdata: 00000000
ClkCycle:        408, pc_rdata: 000005b6, pc_wdata: 000005b8, insn: 00100113, mode: 3, rs1_addr:  2, rs1_rdata: fc00014f, rs2_addr:  0, rs2_rdata: 00000000, rd_addr:  2, rd_wdata: 7fffffc0, mem_addr: 7fffffc0, mem_rdata: 00000000, mem_wdata: 00000000
ClkCycle:        409, pc_rdata: 000005b8, pc_wdata: 000005bc, insn: 00100113, mode: 3, rs1_addr:  0, rs1_rdata: 00000000, rs2_addr:  1, rs2_rdata: 00003118, rd_addr:  2, rd_wdata: 00000001, mem_addr: 00000001, mem_rdata: 00000000, mem_wdata: 00003118
ClkCycle:        410, pc_rdata: 000005bc, pc_wdata: 000005c0, insn: 03c11113, mode: 3, rs1_addr:  2, rs1_rdata: 80000000, rs2_addr: 28, rs2_rdata: 00000000, rd_addr:  2, rd_wdata: 10000000, mem_addr: 10000000, mem_rdata: 00000000, mem_wdata: 00000000
ClkCycle:        411, pc_rdata: 000005c0, pc_wdata: 000005c4, insn: fff14113, mode: 3, rs1_addr:  2, rs1_rdata: 7fffffc0, rs2_addr: 31, rs2_rdata: 00000000, rd_addr:  2, rd_wdata: efffffff, mem_addr: efffffff, mem_rdata: 00000000, mem_wdata: 00000000
ClkCycle:        412, pc_rdata: 000005c4, pc_wdata: 000005c6, insn: b0237159, mode: 3, rs1_addr:  2, rs1_rdata: 00000001, rs2_addr: 16, rs2_rdata: 7d5bfddb, rd_addr:  2, rd_wdata: efffff8f, mem_addr: efffff8f, mem_rdata: 00000000, mem_wdata: 7d5bfddb
ClkCycle:        413, pc_rdata: 000005c6, pc_wdata: 000005ca, insn: b0237159, mode: 3, rs1_addr:  0, rs1_rdata: 00000000, rs2_addr:  0, rs2_rdata: 00000000, rd_addr:  0, rd_wdata: 00000000, mem_addr: 00000000, mem_rdata: 00000000, mem_wdata: 00000000
0000000100003118
ClkCycle:        414, pc_rdata: 000005ca, pc_wdata: 000005ce, insn: 11130010, mode: 3, rs1_addr:  1, rs1_rdata: 00003118, rs2_addr:  1, rs2_rdata: 00003118, rd_addr:  0, rd_wdata: 00003118, mem_addr: 00003118, mem_rdata: 00000000, mem_wdata: 00003118
ClkCycle:        415, pc_rdata: 000005ce, pc_wdata: 000005d2, insn: 11130010, mode: 3, rs1_addr:  0, rs1_rdata: 00000000, rs2_addr:  0, rs2_rdata: 00000000, rd_addr:  0, rd_wdata: 00000000, mem_addr: 00000000, mem_rdata: 00000000, mem_wdata: 00000000
ClkCycle:        416, pc_rdata: 000005d2, pc_wdata: 000005d6, insn: 7111fff1, mode: 3, rs1_addr:  2, rs1_rdata: efffff8f, rs2_addr: 31, rs2_rdata: 00000000, rd_addr:  2, rd_wdata: 80000000, mem_addr: 80000000, mem_rdata: 00000000, mem_wdata: 00000000
ClkCycle:        417, pc_rdata: 000005d6, pc_wdata: 000005da, insn: 7111fff1, mode: 3, rs1_addr:  0, rs1_rdata: 00000000, rs2_addr:  0, rs2_rdata: 00000000, rd_addr:  0, rd_wdata: 00000000, mem_addr: 00000000, mem_rdata: 00000000, mem_wdata: 00000000
ClkCycle:        418, pc_rdata: 000005da, pc_wdata: 000005dc, insn: 00100113, mode: 3, rs1_addr:  2, rs1_rdata: efffff8f, rs2_addr:  0, rs2_rdata: 00000000, rd_addr:  2, rd_wdata: 7fffff00, mem_addr: 7fffff00, mem_rdata: 00000000, mem_wdata: 00000000
ClkCycle:        419, pc_rdata: 000005dc, pc_wdata: 000005e0, insn: 00100113, mode: 3, rs1_addr:  0, rs1_rdata: 00000000, rs2_addr:  1, rs2_rdata: 00003118, rd_addr:  2, rd_wdata: 00000001, mem_addr: 00000001, mem_rdata: 00000000, mem_wdata: 00003118
ClkCycle:        420, pc_rdata: 000005e0, pc_wdata: 000005e4, insn: 03e11113, mode: 3, rs1_addr:  2, rs1_rdata: 80000000, rs2_addr: 30, rs2_rdata: 00000000, rd_addr:  2, rd_wdata: 40000000, mem_addr: 40000000, mem_rdata: 00000000, mem_wdata: 00000000
ClkCycle:        421, pc_rdata: 000005e4, pc_wdata: 000005e8, insn: fff14113, mode: 3, rs1_addr:  2, rs1_rdata: 7fffff00, rs2_addr: 31, rs2_rdata: 00000000, rd_addr:  2, rd_wdata: bfffffff, mem_addr: bfffffff, mem_rdata: 00000000, mem_wdata: 00000000
ClkCycle:        422, pc_rdata: 000005e8, pc_wdata: 000005ea, insn: b823711d, mode: 3, rs1_addr:  2, rs1_rdata: 00000001, rs2_addr:  0, rs2_rdata: 00000000, rd_addr:  2, rd_wdata: bfffff9f, mem_addr: bfffff9f, mem_rdata: 00000000, mem_wdata: 00000000
ClkCycle:        423, pc_rdata: 000005ea, pc_wdata: 000005ee, insn: b823711d, mode: 3, rs1_addr:  0, rs1_rdata: 00000000, rs2_addr:  0, rs2_rdata: 00000000, rd_addr:  0, rd_wdata: 00000000, mem_addr: 00000000, mem_rdata: 00000000, mem_wdata: 00000000
000000000fab7ffb
ClkCycle:        424, pc_rdata: 000005ee, pc_wdata: 000005f2, insn: 01135555, mode: 3, rs1_addr: 11, rs1_rdata: 00000000, rs2_addr: 21, rs2_rdata: 0fab7ffb, rd_addr: 16, rd_wdata: 00000550, mem_addr: 00000550, mem_rdata: 00000000, mem_wdata: 0fab7ffb
ClkCycle:        425, pc_rdata: 000005f2, pc_wdata: 000005f6, insn: 01135555, mode: 3, rs1_addr:  0, rs1_rdata: 00000000, rs2_addr:  0, rs2_rdata: 00000000, rd_addr:  0, rd_wdata: 00000000, mem_addr: 00000000, mem_rdata: 00000000, mem_wdata: 00000000
ClkCycle:        426, pc_rdata: 000005f6, pc_wdata: 000005fa, insn: 011300b1, mode: 3, rs1_addr:  2, rs1_rdata: bfffff9f, rs2_addr: 11, rs2_rdata: 00000000, rd_addr:  2, rd_wdata: bfffffaa, mem_addr: bfffffaa, mem_rdata: 00000000, mem_wdata: 00000000
ClkCycle:        427, pc_rdata: 000005fa, pc_wdata: 000005fe, insn: 011300b1, mode: 3, rs1_addr:  0, rs1_rdata: 00000000, rs2_addr:  0, rs2_rdata: 00000000, rd_addr:  0, rd_wdata: 00000000, mem_addr: 00000000, mem_rdata: 00000000, mem_wdata: 00000000
ClkCycle:        428, pc_rdata: 000005fe, pc_wdata: 00000602, insn: 011300b1, mode: 3, rs1_addr:  2, rs1_rdata: bfffff9f, rs2_addr: 11, rs2_rdata: 00000000, rd_addr:  2, rd_wdata: bfffffb5, mem_addr: bfffffb5, mem_rdata: 00000000, mem_wdata: 00000000
ClkCycle:        429, pc_rdata: 00000602, pc_wdata: 00000606, insn: 011300b1, mode: 3, rs1_addr:  0, rs1_rdata: 00000000, rs2_addr:  0, rs2_rdata: 00000000, rd_addr:  0, rd_wdata: 00000000, mem_addr: 00000000, mem_rdata: 00000000, mem_wdata: 00000000
ClkCycle:        430, pc_rdata: 00000606, pc_wdata: 0000060a, insn: 011300a1, mode: 3, rs1_addr:  2, rs1_rdata: bfffffaa, rs2_addr: 10, rs2_rdata: 00000001, rd_addr:  2, rd_wdata: bfffffbf, mem_addr: bfffffbf, mem_rdata: 00000000, mem_wdata: 00000001
ClkCycle:        431, pc_rdata: 0000060a, pc_wdata: 0000060e, insn: 011300a1, mode: 3, rs1_addr:  0, rs1_rdata: 00000000, rs2_addr:  0, rs2_rdata: 00000000, rd_addr:  0, rd_wdata: 00000000, mem_addr: 00000000, mem_rdata: 00000000, mem_wdata: 00000000
ClkCycle:        432, pc_rdata: 0000060e, pc_wdata: 00000612, insn: 2620bc23, mode: 3, rs1_addr:  6, rs1_rdata: 1fddb7f7, rs2_addr:  2, rs2_rdata: bfffffb5, rd_addr:  2, rd_wdata: 1fddb3b9, mem_addr: 1fddb3b9, mem_rdata: 00000000, mem_wdata: bfffffbf
ClkCycle:        433, pc_rdata: 00000612, pc_wdata: 00000616, insn: 2620bc23, mode: 3, rs1_addr:  0, rs1_rdata: 00000000, rs2_addr:  0, rs2_rdata: 00000000, rd_addr:  0, rd_wdata: 00000000, mem_addr: 00000000, mem_rdata: 00000000, mem_wdata: 00000000
ClkCycle:        434, pc_rdata: 00000616, pc_wdata: 00000618, insn: aaa10113, mode: 3, rs1_addr:  2, rs1_rdata: bfffffbf, rs2_addr:  8, rs2_rdata: 7f76dfe4, rd_addr:  8, rd_wdata: 1fddb6c1, mem_addr: 1fddb6c1, mem_rdata: 00000000, mem_wdata: 7f76dfe4
ClkCycle:        435, pc_rdata: 00000618, pc_wdata: 0000061c, insn: aaa10113, mode: 3, rs1_addr:  2, rs1_rdata: 1fddb3b9, rs2_addr: 10, rs2_rdata: 00000001, rd_addr:  2, rd_wdata: 1fddae63, mem_addr: 1fddae63, mem_rdata: 00000000, mem_wdata: 00000001
ClkCycle:        436, pc_rdata: 0000061c, pc_wdata: 00000620, insn: 00b11113, mode: 3, rs1_addr:  2, rs1_rdata: 1fddb3b9, rs2_addr: 11, rs2_rdata: 00000000, rd_addr:  2, rd_wdata: ed731800, mem_addr: ed731800, mem_rdata: 00000000, mem_wdata: 00000000
ClkCycle:        437, pc_rdata: 00000620, pc_wdata: 00000624, insn: 55510113, mode: 3, rs1_addr:  2, rs1_rdata: 1fddb3b9, rs2_addr: 21, rs2_rdata: 0fab7ffb, rd_addr:  2, rd_wdata: ed731d55, mem_addr: ed731d55, mem_rdata: 00000000, mem_wdata: 0fab7ffb
ClkCycle:        438, pc_rdata: 00000624, pc_wdata: 00000628, insn: 00b11113, mode: 3, rs1_addr:  2, rs1_rdata: 1fddae63, rs2_addr: 11, rs2_rdata: 00000000, rd_addr:  2, rd_wdata: 98eaa800, mem_addr: 98eaa800, mem_rdata: 00000000, mem_wdata: 00000000
ClkCycle:        439, pc_rdata: 00000628, pc_wdata: 0000062c, insn: 2aa10113, mode: 3, rs1_addr:  2, rs1_rdata: ed731800, rs2_addr: 10, rs2_rdata: 00000001, rd_addr:  2, rd_wdata: 98eaaaaa, mem_addr: 98eaaaaa, mem_rdata: 00000000, mem_wdata: 00000001
ClkCycle:        440, pc_rdata: 0000062c, pc_wdata: 00000630, insn: 00a11113, mode: 3, rs1_addr:  2, rs1_rdata: ed731d55, rs2_addr: 10, rs2_rdata: 00000001, rd_addr:  2, rd_wdata: aaaaa800, mem_addr: aaaaa800, mem_rdata: 00000000, mem_wdata: 00000001
ClkCycle:        441, pc_rdata: 00000630, pc_wdata: 00000634, insn: 2aa10113, mode: 3, rs1_addr:  2, rs1_rdata: 98eaa800, rs2_addr: 10, rs2_rdata: 00000001, rd_addr:  2, rd_wdata: aaaaaaaa, mem_addr: aaaaaaaa, mem_rdata: 00000000, mem_wdata: 00000001
ClkCycle:        442, pc_rdata: 00000634, pc_wdata: 00000636, insn: b0237139, mode: 3, rs1_addr:  2, rs1_rdata: 98eaaaaa, rs2_addr:  0, rs2_rdata: 00000000, rd_addr:  2, rd_wdata: aaaaaa6a, mem_addr: aaaaaa6a, mem_rdata: 00000000, mem_wdata: 00000000
ClkCycle:        443, pc_rdata: 00000636, pc_wdata: 0000063a, insn: b0237139, mode: 3, rs1_addr:  0, rs1_rdata: 00000000, rs2_addr:  0, rs2_rdata: 00000000, rd_addr:  0, rd_wdata: 00000000, mem_addr: 00000000, mem_rdata: 00000000, mem_wdata: 00000000
0000000000000000
ClkCycle:        444, pc_rdata: 0000063a, pc_wdata: 0000063e, insn: 716d1000, mode: 3, rs1_addr:  1, rs1_rdata: 00003118, rs2_addr:  0, rs2_rdata: 00000000, rd_addr:  0, rd_wdata: 00003218, mem_addr: 00003218, mem_rdata: 00000000, mem_wdata: 00000000
ClkCycle:        445, pc_rdata: 0000063e, pc_wdata: 00000642, insn: 716d1000, mode: 3, rs1_addr:  0, rs1_rdata: 00000000, rs2_addr:  0, rs2_rdata: 00000000, rd_addr:  0, rd_wdata: 00000000, mem_addr: 00000000, mem_rdata: 00000000, mem_wdata: 00000000
ClkCycle:        446, pc_rdata: 00000642, pc_wdata: 00000644, insn: ffd00113, mode: 3, rs1_addr:  2, rs1_rdata: aaaaaa6a, rs2_addr: 16, rs2_rdata: 7d5bfddb, rd_addr:  2, rd_wdata: aaaaa95a, mem_addr: aaaaa95a, mem_rdata: 00000000, mem_wdata: 7d5bfddb
ClkCycle:        447, pc_rdata: 00000644, pc_wdata: 00000648, insn: ffd00113, mode: 3, rs1_addr:  0, rs1_rdata: 00000000, rs2_addr: 29, rs2_rdata: 00000000, rd_addr:  2, rd_wdata: fffffffd, mem_addr: fffffffd, mem_rdata: 00000000, mem_wdata: 00000000
ClkCycle:        448, pc_rdata: 00000648, pc_wdata: 0000064a, insn: b8236161, mode: 3, rs1_addr:  2, rs1_rdata: aaaaaa6a, rs2_addr: 16, rs2_rdata: 7d5bfddb, rd_addr:  2, rd_wdata: 0000004d, mem_addr: 0000004d, mem_rdata: 00000000, mem_wdata: 7d5bfddb
ClkCycle:        449, pc_rdata: 0000064a, pc_wdata: 0000064e, insn: b8236161, mode: 3, rs1_addr:  0, rs1_rdata: 00000000, rs2_addr:  0, rs2_rdata: 00000000, rd_addr:  0, rd_wdata: 00000000, mem_addr: 00000000, mem_rdata: 00000000, mem_wdata: 00000000
0000000000000000
ClkCycle:        450, pc_rdata: 0000064e, pc_wdata: 00000652, insn: 6105ffb0, mode: 3, rs1_addr:  1, rs1_rdata: 00003118, rs2_addr: 27, rs2_rdata: 00000000, rd_addr: 16, rd_wdata: 00003108, mem_addr: 00003108, mem_rdata: 00000000, mem_wdata: 00000000
ClkCycle:        451, pc_rdata: 00000652, pc_wdata: 00000656, insn: 6105ffb0, mode: 3, rs1_addr:  0, rs1_rdata: 00000000, rs2_addr:  0, rs2_rdata: 00000000, rd_addr:  0, rd_wdata: 00000000, mem_addr: 00000000, mem_rdata: 00000000, mem_wdata: 00000000
ClkCycle:        452, pc_rdata: 00000656, pc_wdata: 00000658, insn: ff700113, mode: 3, rs1_addr:  2, rs1_rdata: 0000004d, rs2_addr:  0, rs2_rdata: 00000000, rd_addr:  2, rd_wdata: 0000006d, mem_addr: 0000006d, mem_rdata: 00000000, mem_wdata: 00000000
ClkCycle:        453, pc_rdata: 00000658, pc_wdata: 0000065c, insn: ff700113, mode: 3, rs1_addr:  0, rs1_rdata: 00000000, rs2_addr: 23, rs2_rdata: 00003ead, rd_addr:  2, rd_wdata: fffffff7, mem_addr: fffffff7, mem_rdata: 00000000, mem_wdata: 00003ead
ClkCycle:        454, pc_rdata: 0000065c, pc_wdata: 0000065e, insn: b0237139, mode: 3, rs1_addr:  2, rs1_rdata: 0000004d, rs2_addr:  0, rs2_rdata: 00000000, rd_addr:  2, rd_wdata: ffffffb7, mem_addr: ffffffb7, mem_rdata: 00000000, mem_wdata: 00000000
ClkCycle:        455, pc_rdata: 0000065e, pc_wdata: 00000662, insn: b0237139, mode: 3, rs1_addr:  0, rs1_rdata: 00000000, rs2_addr:  0, rs2_rdata: 00000000, rd_addr:  0, rd_wdata: 00000000, mem_addr: 00000000, mem_rdata: 00000000, mem_wdata: 00000000
0000000000000000
ClkCycle:        456, pc_rdata: 00000662, pc_wdata: 00000666, insn: 6171fef0, mode: 3, rs1_addr:  1, rs1_rdata: 00003118, rs2_addr: 15, rs2_rdata: 00000000, rd_addr:  0, rd_wdata: 000030f8, mem_addr: 000030f8, mem_rdata: 00000000, mem_wdata: 00000000
ClkCycle:        457, pc_rdata: 00000666, pc_wdata: 0000066a, insn: 6171fef0, mode: 3, rs1_addr:  0, rs1_rdata: 00000000, rs2_addr:  0, rs2_rdata: 00000000, rd_addr:  0, rd_wdata: 00000000, mem_addr: 00000000, mem_rdata: 00000000, mem_wdata: 00000000
ClkCycle:        458, pc_rdata: 0000066a, pc_wdata: 0000066c, insn: fdf00113, mode: 3, rs1_addr:  2, rs1_rdata: ffffffb7, rs2_addr: 16, rs2_rdata: 7d5bfddb, rd_addr:  2, rd_wdata: 00000107, mem_addr: 00000107, mem_rdata: 00000000, mem_wdata: 7d5bfddb
ClkCycle:        459, pc_rdata: 0000066c, pc_wdata: 00000670, insn: fdf00113, mode: 3, rs1_addr:  0, rs1_rdata: 00000000, rs2_addr: 31, rs2_rdata: 00000000, rd_addr:  2, rd_wdata: ffffffdf, mem_addr: ffffffdf, mem_rdata: 00000000, mem_wdata: 00000000
ClkCycle:        460, pc_rdata: 00000670, pc_wdata: 00000672, insn: b823716d, mode: 3, rs1_addr:  2, rs1_rdata: ffffffb7, rs2_addr: 16, rs2_rdata: 7d5bfddb, rd_addr:  2, rd_wdata: fffffecf, mem_addr: fffffecf, mem_rdata: 00000000, mem_wdata: 7d5bfddb
ClkCycle:        461, pc_rdata: 00000672, pc_wdata: 00000676, insn: b823716d, mode: 3, rs1_addr:  0, rs1_rdata: 00000000, rs2_addr:  0, rs2_rdata: 00000000, rd_addr:  0, rd_wdata: 00000000, mem_addr: 00000000, mem_rdata: 00000000, mem_wdata: 00000000
0000000000000000
ClkCycle:        462, pc_rdata: 00000676, pc_wdata: 0000067a, insn: 7135fbf0, mode: 3, rs1_addr:  1, rs1_rdata: 00003118, rs2_addr: 31, rs2_rdata: 00000000, rd_addr: 16, rd_wdata: 000030c8, mem_addr: 000030c8, mem_rdata: 00000000, mem_wdata: 00000000
ClkCycle:        463, pc_rdata: 0000067a, pc_wdata: 0000067e, insn: 7135fbf0, mode: 3, rs1_addr:  0, rs1_rdata: 00000000, rs2_addr:  0, rs2_rdata: 00000000, rd_addr:  0, rd_wdata: 00000000, mem_addr: 00000000, mem_rdata: 00000000, mem_wdata: 00000000
ClkCycle:        464, pc_rdata: 0000067e, pc_wdata: 00000680, insn: f7f00113, mode: 3, rs1_addr:  2, rs1_rdata: fffffecf, rs2_addr:  0, rs2_rdata: 00000000, rd_addr:  2, rd_wdata: fffffe2f, mem_addr: fffffe2f, mem_rdata: 00000000, mem_wdata: 00000000
ClkCycle:        465, pc_rdata: 00000680, pc_wdata: 00000684, insn: f7f00113, mode: 3, rs1_addr:  0, rs1_rdata: 00000000, rs2_addr: 31, rs2_rdata: 00000000, rd_addr:  2, rd_wdata: ffffff7f, mem_addr: ffffff7f, mem_rdata: 00000000, mem_wdata: 00000000
ClkCycle:        466, pc_rdata: 00000684, pc_wdata: 00000686, insn: b0237101, mode: 3, rs1_addr:  2, rs1_rdata: fffffecf, rs2_addr:  0, rs2_rdata: 00000000, rd_addr:  2, rd_wdata: fffffd7f, mem_addr: fffffd7f, mem_rdata: 00000000, mem_wdata: 00000000
ClkCycle:        467, pc_rdata: 00000686, pc_wdata: 0000068a, insn: b0237101, mode: 3, rs1_addr:  0, rs1_rdata: 00000000, rs2_addr:  0, rs2_rdata: 00000000, rd_addr:  0, rd_wdata: 00000000, mem_addr: 00000000, mem_rdata: 00000000, mem_wdata: 00000000
0000000000000000
ClkCycle:        468, pc_rdata: 0000068a, pc_wdata: 0000068e, insn: 7139eff0, mode: 3, rs1_addr:  1, rs1_rdata: 00003118, rs2_addr: 31, rs2_rdata: 00000000, rd_addr:  0, rd_wdata: 00002ff8, mem_addr: 00002ff8, mem_rdata: 00000000, mem_wdata: 00000000
ClkCycle:        469, pc_rdata: 0000068e, pc_wdata: 00000692, insn: 7139eff0, mode: 3, rs1_addr:  0, rs1_rdata: 00000000, rs2_addr:  0, rs2_rdata: 00000000, rd_addr:  0, rd_wdata: 00000000, mem_addr: 00000000, mem_rdata: 00000000, mem_wdata: 00000000
ClkCycle:        470, pc_rdata: 00000692, pc_wdata: 00000694, insn: dff00113, mode: 3, rs1_addr:  2, rs1_rdata: fffffd7f, rs2_addr:  0, rs2_rdata: 00000000, rd_addr:  2, rd_wdata: fffffd3f, mem_addr: fffffd3f, mem_rdata: 00000000, mem_wdata: 00000000
ClkCycle:        471, pc_rdata: 00000694, pc_wdata: 00000698, insn: dff00113, mode: 3, rs1_addr:  0, rs1_rdata: 00000000, rs2_addr: 31, rs2_rdata: 00000000, rd_addr:  2, rd_wdata: fffffdff, mem_addr: fffffdff, mem_rdata: 00000000, mem_wdata: 00000000
ClkCycle:        472, pc_rdata: 00000698, pc_wdata: 0000069a, insn: b8236125, mode: 3, rs1_addr:  2, rs1_rdata: fffffd7f, rs2_addr:  0, rs2_rdata: 00000000, rd_addr:  2, rd_wdata: fffffe5f, mem_addr: fffffe5f, mem_rdata: 00000000, mem_wdata: 00000000
ClkCycle:        473, pc_rdata: 0000069a, pc_wdata: 0000069e, insn: b8236125, mode: 3, rs1_addr:  0, rs1_rdata: 00000000, rs2_addr:  0, rs2_rdata: 00000000, rd_addr:  0, rd_wdata: 00000000, mem_addr: 00000000, mem_rdata: 00000000, mem_wdata: 00000000
0000000000000000
ClkCycle:        474, pc_rdata: 0000069e, pc_wdata: 000006a2, insn: 617dbff0, mode: 3, rs1_addr:  1, rs1_rdata: 00003118, rs2_addr: 31, rs2_rdata: 00000000, rd_addr: 16, rd_wdata: 00002d08, mem_addr: 00002d08, mem_rdata: 00000000, mem_wdata: 00000000
ClkCycle:        475, pc_rdata: 000006a2, pc_wdata: 000006a6, insn: 617dbff0, mode: 3, rs1_addr:  0, rs1_rdata: 00000000, rs2_addr:  0, rs2_rdata: 00000000, rd_addr:  0, rd_wdata: 00000000, mem_addr: 00000000, mem_rdata: 00000000, mem_wdata: 00000000
ClkCycle:        476, pc_rdata: 000006a6, pc_wdata: 000006a8, insn: 00100113, mode: 3, rs1_addr:  2, rs1_rdata: fffffe5f, rs2_addr: 16, rs2_rdata: 7d5bfddb, rd_addr:  2, rd_wdata: 0000004f, mem_addr: 0000004f, mem_rdata: 00000000, mem_wdata: 7d5bfddb
ClkCycle:        477, pc_rdata: 000006a8, pc_wdata: 000006ac, insn: 00100113, mode: 3, rs1_addr:  0, rs1_rdata: 00000000, rs2_addr:  1, rs2_rdata: 00003118, rd_addr:  2, rd_wdata: 00000001, mem_addr: 00000001, mem_rdata: 00000000, mem_wdata: 00003118
ClkCycle:        478, pc_rdata: 000006ac, pc_wdata: 000006b0, insn: 00b11113, mode: 3, rs1_addr:  2, rs1_rdata: fffffe5f, rs2_addr: 11, rs2_rdata: 00000000, rd_addr:  2, rd_wdata: 00000800, mem_addr: 00000800, mem_rdata: 00000000, mem_wdata: 00000000
ClkCycle:        479, pc_rdata: 000006b0, pc_wdata: 000006b4, insn: fff14113, mode: 3, rs1_addr:  2, rs1_rdata: 0000004f, rs2_addr: 31, rs2_rdata: 00000000, rd_addr:  2, rd_wdata: fffff7ff, mem_addr: fffff7ff, mem_rdata: 00000000, mem_wdata: 00000000
ClkCycle:        480, pc_rdata: 000006b4, pc_wdata: 000006b6, insn: b0236121, mode: 3, rs1_addr:  2, rs1_rdata: 00000001, rs2_addr:  0, rs2_rdata: 00000000, rd_addr:  2, rd_wdata: fffff83f, mem_addr: fffff83f, mem_rdata: 00000000, mem_wdata: 00000000
ClkCycle:        481, pc_rdata: 000006b6, pc_wdata: 000006ba, insn: b0236121, mode: 3, rs1_addr:  0, rs1_rdata: 00000000, rs2_addr:  0, rs2_rdata: 00000000, rd_addr:  0, rd_wdata: 00000000, mem_addr: 00000000, mem_rdata: 00000000, mem_wdata: 00000000
0000000100003118
ClkCycle:        482, pc_rdata: 000006ba, pc_wdata: 000006be, insn: 11130010, mode: 3, rs1_addr:  1, rs1_rdata: 00003118, rs2_addr:  1, rs2_rdata: 00003118, rd_addr:  0, rd_wdata: 00003118, mem_addr: 00003118, mem_rdata: 00000000, mem_wdata: 00003118
ClkCycle:        483, pc_rdata: 000006be, pc_wdata: 000006c2, insn: 11130010, mode: 3, rs1_addr:  0, rs1_rdata: 00000000, rs2_addr:  0, rs2_rdata: 00000000, rd_addr:  0, rd_wdata: 00000000, mem_addr: 00000000, mem_rdata: 00000000, mem_wdata: 00000000
ClkCycle:        484, pc_rdata: 000006c2, pc_wdata: 000006c6, insn: 6161fff1, mode: 3, rs1_addr:  2, rs1_rdata: fffff83f, rs2_addr: 31, rs2_rdata: 00000000, rd_addr:  2, rd_wdata: 80000000, mem_addr: 80000000, mem_rdata: 00000000, mem_wdata: 00000000
ClkCycle:        485, pc_rdata: 000006c6, pc_wdata: 000006ca, insn: 6161fff1, mode: 3, rs1_addr:  0, rs1_rdata: 00000000, rs2_addr:  0, rs2_rdata: 00000000, rd_addr:  0, rd_wdata: 00000000, mem_addr: 00000000, mem_rdata: 00000000, mem_wdata: 00000000
ClkCycle:        486, pc_rdata: 000006ca, pc_wdata: 000006cc, insn: 00100113, mode: 3, rs1_addr:  2, rs1_rdata: fffff83f, rs2_addr: 16, rs2_rdata: 7d5bfddb, rd_addr:  2, rd_wdata: 80000050, mem_addr: 80000050, mem_rdata: 00000000, mem_wdata: 7d5bfddb
ClkCycle:        487, pc_rdata: 000006cc, pc_wdata: 000006d0, insn: 00100113, mode: 3, rs1_addr:  0, rs1_rdata: 00000000, rs2_addr:  1, rs2_rdata: 00003118, rd_addr:  2, rd_wdata: 00000001, mem_addr: 00000001, mem_rdata: 00000000, mem_wdata: 00003118
ClkCycle:        488, pc_rdata: 000006d0, pc_wdata: 000006d4, insn: 00d11113, mode: 3, rs1_addr:  2, rs1_rdata: 80000000, rs2_addr: 13, rs2_rdata: 00000000, rd_addr:  2, rd_wdata: 00002000, mem_addr: 00002000, mem_rdata: 00000000, mem_wdata: 00000000
ClkCycle:        489, pc_rdata: 000006d4, pc_wdata: 000006d8, insn: fff14113, mode: 3, rs1_addr:  2, rs1_rdata: 80000050, rs2_addr: 31, rs2_rdata: 00000000, rd_addr:  2, rd_wdata: ffffdfff, mem_addr: ffffdfff, mem_rdata: 00000000, mem_wdata: 00000000
ClkCycle:        490, pc_rdata: 000006d8, pc_wdata: 000006da, insn: b823717d, mode: 3, rs1_addr:  2, rs1_rdata: 00000001, rs2_addr: 16, rs2_rdata: 7d5bfddb, rd_addr:  2, rd_wdata: ffffdfef, mem_addr: ffffdfef, mem_rdata: 00000000, mem_wdata: 7d5bfddb
ClkCycle:        491, pc_rdata: 000006da, pc_wdata: 000006de, insn: b823717d, mode: 3, rs1_addr:  0, rs1_rdata: 00000000, rs2_addr:  0, rs2_rdata: 00000000, rd_addr:  0, rd_wdata: 00000000, mem_addr: 00000000, mem_rdata: 00000000, mem_wdata: 00000000
0000000100003118
ClkCycle:        492, pc_rdata: 000006de, pc_wdata: 000006e2, insn: 11130010, mode: 3, rs1_addr:  1, rs1_rdata: 00003118, rs2_addr:  1, rs2_rdata: 00003118, rd_addr: 16, rd_wdata: 00003128, mem_addr: 00003128, mem_rdata: 00000000, mem_wdata: 00003118
ClkCycle:        493, pc_rdata: 000006e2, pc_wdata: 000006e6, insn: 11130010, mode: 3, rs1_addr:  0, rs1_rdata: 00000000, rs2_addr:  0, rs2_rdata: 00000000, rd_addr:  0, rd_wdata: 00000000, mem_addr: 00000000, mem_rdata: 00000000, mem_wdata: 00000000
ClkCycle:        494, pc_rdata: 000006e6, pc_wdata: 000006ea, insn: 7111fff1, mode: 3, rs1_addr:  2, rs1_rdata: ffffdfef, rs2_addr: 31, rs2_rdata: 00000000, rd_addr:  2, rd_wdata: 80000000, mem_addr: 80000000, mem_rdata: 00000000, mem_wdata: 00000000
ClkCycle:        495, pc_rdata: 000006ea, pc_wdata: 000006ee, insn: 7111fff1, mode: 3, rs1_addr:  0, rs1_rdata: 00000000, rs2_addr:  0, rs2_rdata: 00000000, rd_addr:  0, rd_wdata: 00000000, mem_addr: 00000000, mem_rdata: 00000000, mem_wdata: 00000000
ClkCycle:        496, pc_rdata: 000006ee, pc_wdata: 000006f0, insn: 00100113, mode: 3, rs1_addr:  2, rs1_rdata: ffffdfef, rs2_addr:  0, rs2_rdata: 00000000, rd_addr:  2, rd_wdata: 7fffff00, mem_addr: 7fffff00, mem_rdata: 00000000, mem_wdata: 00000000
ClkCycle:        497, pc_rdata: 000006f0, pc_wdata: 000006f4, insn: 00100113, mode: 3, rs1_addr:  0, rs1_rdata: 00000000, rs2_addr:  1, rs2_rdata: 00003118, rd_addr:  2, rd_wdata: 00000001, mem_addr: 00000001, mem_rdata: 00000000, mem_wdata: 00003118
ClkCycle:        498, pc_rdata: 000006f4, pc_wdata: 000006f8, insn: 00f11113, mode: 3, rs1_addr:  2, rs1_rdata: 80000000, rs2_addr: 15, rs2_rdata: 00000000, rd_addr:  2, rd_wdata: 00008000, mem_addr: 00008000, mem_rdata: 00000000, mem_wdata: 00000000
ClkCycle:        499, pc_rdata: 000006f8, pc_wdata: 000006fc, insn: fff14113, mode: 3, rs1_addr:  2, rs1_rdata: 7fffff00, rs2_addr: 31, rs2_rdata: 00000000, rd_addr:  2, rd_wdata: ffff7fff, mem_addr: ffff7fff, mem_rdata: 00000000, mem_wdata: 00000000
ClkCycle:        500, pc_rdata: 000006fc, pc_wdata: 000006fe, insn: b0236165, mode: 3, rs1_addr:  2, rs1_rdata: 00000001, rs2_addr: 16, rs2_rdata: 7d5bfddb, rd_addr:  2, rd_wdata: ffff806f, mem_addr: ffff806f, mem_rdata: 00000000, mem_wdata: 7d5bfddb
ClkCycle:        501, pc_rdata: 000006fe, pc_wdata: 00000702, insn: b0236165, mode: 3, rs1_addr:  0, rs1_rdata: 00000000, rs2_addr:  0, rs2_rdata: 00000000, rd_addr:  0, rd_wdata: 00000000, mem_addr: 00000000, mem_rdata: 00000000, mem_wdata: 00000000
0000000100003118
ClkCycle:        502, pc_rdata: 00000702, pc_wdata: 00000706, insn: 11130010, mode: 3, rs1_addr:  1, rs1_rdata: 00003118, rs2_addr:  1, rs2_rdata: 00003118, rd_addr:  0, rd_wdata: 00003118, mem_addr: 00003118, mem_rdata: 00000000, mem_wdata: 00003118
ClkCycle:        503, pc_rdata: 00000706, pc_wdata: 0000070a, insn: 11130010, mode: 3, rs1_addr:  0, rs1_rdata: 00000000, rs2_addr:  0, rs2_rdata: 00000000, rd_addr:  0, rd_wdata: 00000000, mem_addr: 00000000, mem_rdata: 00000000, mem_wdata: 00000000
ClkCycle:        504, pc_rdata: 0000070a, pc_wdata: 0000070e, insn: 6149fff1, mode: 3, rs1_addr:  2, rs1_rdata: ffff806f, rs2_addr: 31, rs2_rdata: 00000000, rd_addr:  2, rd_wdata: 80000000, mem_addr: 80000000, mem_rdata: 00000000, mem_wdata: 00000000
ClkCycle:        505, pc_rdata: 0000070e, pc_wdata: 00000712, insn: 6149fff1, mode: 3, rs1_addr:  0, rs1_rdata: 00000000, rs2_addr:  0, rs2_rdata: 00000000, rd_addr:  0, rd_wdata: 00000000, mem_addr: 00000000, mem_rdata: 00000000, mem_wdata: 00000000
ClkCycle:        506, pc_rdata: 00000712, pc_wdata: 00000714, insn: 00100113, mode: 3, rs1_addr:  2, rs1_rdata: ffff806f, rs2_addr: 16, rs2_rdata: 7d5bfddb, rd_addr:  2, rd_wdata: 80000090, mem_addr: 80000090, mem_rdata: 00000000, mem_wdata: 7d5bfddb
ClkCycle:        507, pc_rdata: 00000714, pc_wdata: 00000718, insn: 00100113, mode: 3, rs1_addr:  0, rs1_rdata: 00000000, rs2_addr:  1, rs2_rdata: 00003118, rd_addr:  2, rd_wdata: 00000001, mem_addr: 00000001, mem_rdata: 00000000, mem_wdata: 00003118
ClkCycle:        508, pc_rdata: 00000718, pc_wdata: 0000071c, insn: 01211113, mode: 3, rs1_addr:  2, rs1_rdata: 80000000, rs2_addr: 18, rs2_rdata: ff7fffff, rd_addr:  2, rd_wdata: 00040000, mem_addr: 00040000, mem_rdata: 00000000, mem_wdata: ff7fffff
ClkCycle:        509, pc_rdata: 0000071c, pc_wdata: 00000720, insn: fff14113, mode: 3, rs1_addr:  2, rs1_rdata: 80000090, rs2_addr: 31, rs2_rdata: 00000000, rd_addr:  2, rd_wdata: fffbffff, mem_addr: fffbffff, mem_rdata: 00000000, mem_wdata: 00000000
ClkCycle:        510, pc_rdata: 00000720, pc_wdata: 00000722, insn: b8236109, mode: 3, rs1_addr:  2, rs1_rdata: 00000001, rs2_addr:  0, rs2_rdata: 00000000, rd_addr:  2, rd_wdata: fffc007f, mem_addr: fffc007f, mem_rdata: 00000000, mem_wdata: 00000000
ClkCycle:        511, pc_rdata: 00000722, pc_wdata: 00000726, insn: b8236109, mode: 3, rs1_addr:  0, rs1_rdata: 00000000, rs2_addr:  0, rs2_rdata: 00000000, rd_addr:  0, rd_wdata: 00000000, mem_addr: 00000000, mem_rdata: 00000000, mem_wdata: 00000000
0000000100003118
ClkCycle:        512, pc_rdata: 00000726, pc_wdata: 0000072a, insn: 11130010, mode: 3, rs1_addr:  1, rs1_rdata: 00003118, rs2_addr:  1, rs2_rdata: 00003118, rd_addr: 16, rd_wdata: 00003128, mem_addr: 00003128, mem_rdata: 00000000, mem_wdata: 00003118
ClkCycle:        513, pc_rdata: 0000072a, pc_wdata: 0000072e, insn: 11130010, mode: 3, rs1_addr:  0, rs1_rdata: 00000000, rs2_addr:  0, rs2_rdata: 00000000, rd_addr:  0, rd_wdata: 00000000, mem_addr: 00000000, mem_rdata: 00000000, mem_wdata: 00000000
ClkCycle:        514, pc_rdata: 0000072e, pc_wdata: 00000732, insn: 6149fff1, mode: 3, rs1_addr:  2, rs1_rdata: fffc007f, rs2_addr: 31, rs2_rdata: 00000000, rd_addr:  2, rd_wdata: 80000000, mem_addr: 80000000, mem_rdata: 00000000, mem_wdata: 00000000
ClkCycle:        515, pc_rdata: 00000732, pc_wdata: 00000736, insn: 6149fff1, mode: 3, rs1_addr:  0, rs1_rdata: 00000000, rs2_addr:  0, rs2_rdata: 00000000, rd_addr:  0, rd_wdata: 00000000, mem_addr: 00000000, mem_rdata: 00000000, mem_wdata: 00000000
ClkCycle:        516, pc_rdata: 00000736, pc_wdata: 00000738, insn: 00100113, mode: 3, rs1_addr:  2, rs1_rdata: fffc007f, rs2_addr: 16, rs2_rdata: 7d5bfddb, rd_addr:  2, rd_wdata: 80000090, mem_addr: 80000090, mem_rdata: 00000000, mem_wdata: 7d5bfddb
ClkCycle:        517, pc_rdata: 00000738, pc_wdata: 0000073c, insn: 00100113, mode: 3, rs1_addr:  0, rs1_rdata: 00000000, rs2_addr:  1, rs2_rdata: 00003118, rd_addr:  2, rd_wdata: 00000001, mem_addr: 00000001, mem_rdata: 00000000, mem_wdata: 00003118
ClkCycle:        518, pc_rdata: 0000073c, pc_wdata: 00000740, insn: 01411113, mode: 3, rs1_addr:  2, rs1_rdata: 80000000, rs2_addr: 20, rs2_rdata: d5bffdff, rd_addr:  2, rd_wdata: 00100000, mem_addr: 00100000, mem_rdata: 00000000, mem_wdata: d5bffdff
ClkCycle:        519, pc_rdata: 00000740, pc_wdata: 00000744, insn: fff14113, mode: 3, rs1_addr:  2, rs1_rdata: 80000090, rs2_addr: 31, rs2_rdata: 00000000, rd_addr:  2, rd_wdata: ffefffff, mem_addr: ffefffff, mem_rdata: 00000000, mem_wdata: 00000000
ClkCycle:        520, pc_rdata: 00000744, pc_wdata: 00000746, insn: b023717d, mode: 3, rs1_addr:  2, rs1_rdata: 00000001, rs2_addr: 16, rs2_rdata: 7d5bfddb, rd_addr:  2, rd_wdata: ffefffef, mem_addr: ffefffef, mem_rdata: 00000000, mem_wdata: 7d5bfddb
ClkCycle:        521, pc_rdata: 00000746, pc_wdata: 0000074a, insn: b023717d, mode: 3, rs1_addr:  0, rs1_rdata: 00000000, rs2_addr:  0, rs2_rdata: 00000000, rd_addr:  0, rd_wdata: 00000000, mem_addr: 00000000, mem_rdata: 00000000, mem_wdata: 00000000
0000000100003118
ClkCycle:        522, pc_rdata: 0000074a, pc_wdata: 0000074e, insn: 11130010, mode: 3, rs1_addr:  1, rs1_rdata: 00003118, rs2_addr:  1, rs2_rdata: 00003118, rd_addr:  0, rd_wdata: 00003118, mem_addr: 00003118, mem_rdata: 00000000, mem_wdata: 00003118
ClkCycle:        523, pc_rdata: 0000074e, pc_wdata: 00000752, insn: 11130010, mode: 3, rs1_addr:  0, rs1_rdata: 00000000, rs2_addr:  0, rs2_rdata: 00000000, rd_addr:  0, rd_wdata: 00000000, mem_addr: 00000000, mem_rdata: 00000000, mem_wdata: 00000000
ClkCycle:        524, pc_rdata: 00000752, pc_wdata: 00000756, insn: 6145fff1, mode: 3, rs1_addr:  2, rs1_rdata: ffefffef, rs2_addr: 31, rs2_rdata: 00000000, rd_addr:  2, rd_wdata: 80000000, mem_addr: 80000000, mem_rdata: 00000000, mem_wdata: 00000000
ClkCycle:        525, pc_rdata: 00000756, pc_wdata: 0000075a, insn: 6145fff1, mode: 3, rs1_addr:  0, rs1_rdata: 00000000, rs2_addr:  0, rs2_rdata: 00000000, rd_addr:  0, rd_wdata: 00000000, mem_addr: 00000000, mem_rdata: 00000000, mem_wdata: 00000000
ClkCycle:        526, pc_rdata: 0000075a, pc_wdata: 0000075c, insn: 00100113, mode: 3, rs1_addr:  2, rs1_rdata: ffefffef, rs2_addr: 16, rs2_rdata: 7d5bfddb, rd_addr:  2, rd_wdata: 80000030, mem_addr: 80000030, mem_rdata: 00000000, mem_wdata: 7d5bfddb
ClkCycle:        527, pc_rdata: 0000075c, pc_wdata: 00000760, insn: 00100113, mode: 3, rs1_addr:  0, rs1_rdata: 00000000, rs2_addr:  1, rs2_rdata: 00003118, rd_addr:  2, rd_wdata: 00000001, mem_addr: 00000001, mem_rdata: 00000000, mem_wdata: 00003118
ClkCycle:        528, pc_rdata: 00000760, pc_wdata: 00000764, insn: 01611113, mode: 3, rs1_addr:  2, rs1_rdata: 80000000, rs2_addr: 22, rs2_rdata: 001f56ff, rd_addr:  2, rd_wdata: 00400000, mem_addr: 00400000, mem_rdata: 00000000, mem_wdata: 001f56ff
ClkCycle:        529, pc_rdata: 00000764, pc_wdata: 00000768, insn: fff14113, mode: 3, rs1_addr:  2, rs1_rdata: 80000030, rs2_addr: 31, rs2_rdata: 00000000, rd_addr:  2, rd_wdata: ffbfffff, mem_addr: ffbfffff, mem_rdata: 00000000, mem_wdata: 00000000
ClkCycle:        530, pc_rdata: 00000768, pc_wdata: 0000076a, insn: b8236109, mode: 3, rs1_addr:  2, rs1_rdata: 00000001, rs2_addr:  0, rs2_rdata: 00000000, rd_addr:  2, rd_wdata: ffc0007f, mem_addr: ffc0007f, mem_rdata: 00000000, mem_wdata: 00000000
ClkCycle:        531, pc_rdata: 0000076a, pc_wdata: 0000076e, insn: b8236109, mode: 3, rs1_addr:  0, rs1_rdata: 00000000, rs2_addr:  0, rs2_rdata: 00000000, rd_addr:  0, rd_wdata: 00000000, mem_addr: 00000000, mem_rdata: 00000000, mem_wdata: 00000000
0000000100003118
ClkCycle:        532, pc_rdata: 0000076e, pc_wdata: 00000772, insn: 11130010, mode: 3, rs1_addr:  1, rs1_rdata: 00003118, rs2_addr:  1, rs2_rdata: 00003118, rd_addr: 16, rd_wdata: 00003128, mem_addr: 00003128, mem_rdata: 00000000, mem_wdata: 00003118
ClkCycle:        533, pc_rdata: 00000772, pc_wdata: 00000776, insn: 11130010, mode: 3, rs1_addr:  0, rs1_rdata: 00000000, rs2_addr:  0, rs2_rdata: 00000000, rd_addr:  0, rd_wdata: 00000000, mem_addr: 00000000, mem_rdata: 00000000, mem_wdata: 00000000
ClkCycle:        534, pc_rdata: 00000776, pc_wdata: 0000077a, insn: 6105fff1, mode: 3, rs1_addr:  2, rs1_rdata: ffc0007f, rs2_addr: 31, rs2_rdata: 00000000, rd_addr:  2, rd_wdata: 80000000, mem_addr: 80000000, mem_rdata: 00000000, mem_wdata: 00000000
ClkCycle:        535, pc_rdata: 0000077a, pc_wdata: 0000077e, insn: 6105fff1, mode: 3, rs1_addr:  0, rs1_rdata: 00000000, rs2_addr:  0, rs2_rdata: 00000000, rd_addr:  0, rd_wdata: 00000000, mem_addr: 00000000, mem_rdata: 00000000, mem_wdata: 00000000
ClkCycle:        536, pc_rdata: 0000077e, pc_wdata: 00000780, insn: 00100113, mode: 3, rs1_addr:  2, rs1_rdata: ffc0007f, rs2_addr:  0, rs2_rdata: 00000000, rd_addr:  2, rd_wdata: 80000020, mem_addr: 80000020, mem_rdata: 00000000, mem_wdata: 00000000
ClkCycle:        537, pc_rdata: 00000780, pc_wdata: 00000784, insn: 00100113, mode: 3, rs1_addr:  0, rs1_rdata: 00000000, rs2_addr:  1, rs2_rdata: 00003118, rd_addr:  2, rd_wdata: 00000001, mem_addr: 00000001, mem_rdata: 00000000, mem_wdata: 00003118
ClkCycle:        538, pc_rdata: 00000784, pc_wdata: 00000788, insn: 01811113, mode: 3, rs1_addr:  2, rs1_rdata: 80000000, rs2_addr: 24, rs2_rdata: 0000007d, rd_addr:  2, rd_wdata: 01000000, mem_addr: 01000000, mem_rdata: 00000000, mem_wdata: 0000007d
ClkCycle:        539, pc_rdata: 00000788, pc_wdata: 0000078c, insn: fff14113, mode: 3, rs1_addr:  2, rs1_rdata: 80000020, rs2_addr: 31, rs2_rdata: 00000000, rd_addr:  2, rd_wdata: feffffff, mem_addr: feffffff, mem_rdata: 00000000, mem_wdata: 00000000
ClkCycle:        540, pc_rdata: 0000078c, pc_wdata: 0000078e, insn: b0236109, mode: 3, rs1_addr:  2, rs1_rdata: 00000001, rs2_addr:  0, rs2_rdata: 00000000, rd_addr:  2, rd_wdata: ff00007f, mem_addr: ff00007f, mem_rdata: 00000000, mem_wdata: 00000000
ClkCycle:        541, pc_rdata: 0000078e, pc_wdata: 00000792, insn: b0236109, mode: 3, rs1_addr:  0, rs1_rdata: 00000000, rs2_addr:  0, rs2_rdata: 00000000, rd_addr:  0, rd_wdata: 00000000, mem_addr: 00000000, mem_rdata: 00000000, mem_wdata: 00000000
0000000100003118
ClkCycle:        542, pc_rdata: 00000792, pc_wdata: 00000796, insn: 11130010, mode: 3, rs1_addr:  1, rs1_rdata: 00003118, rs2_addr:  1, rs2_rdata: 00003118, rd_addr:  0, rd_wdata: 00003118, mem_addr: 00003118, mem_rdata: 00000000, mem_wdata: 00003118
ClkCycle:        543, pc_rdata: 00000796, pc_wdata: 0000079a, insn: 11130010, mode: 3, rs1_addr:  0, rs1_rdata: 00000000, rs2_addr:  0, rs2_rdata: 00000000, rd_addr:  0, rd_wdata: 00000000, mem_addr: 00000000, mem_rdata: 00000000, mem_wdata: 00000000
ClkCycle:        544, pc_rdata: 0000079a, pc_wdata: 0000079e, insn: 6145fff1, mode: 3, rs1_addr:  2, rs1_rdata: ff00007f, rs2_addr: 31, rs2_rdata: 00000000, rd_addr:  2, rd_wdata: 80000000, mem_addr: 80000000, mem_rdata: 00000000, mem_wdata: 00000000
ClkCycle:        545, pc_rdata: 0000079e, pc_wdata: 000007a2, insn: 6145fff1, mode: 3, rs1_addr:  0, rs1_rdata: 00000000, rs2_addr:  0, rs2_rdata: 00000000, rd_addr:  0, rd_wdata: 00000000, mem_addr: 00000000, mem_rdata: 00000000, mem_wdata: 00000000
ClkCycle:        546, pc_rdata: 000007a2, pc_wdata: 000007a4, insn: 00100113, mode: 3, rs1_addr:  2, rs1_rdata: ff00007f, rs2_addr: 16, rs2_rdata: 7d5bfddb, rd_addr:  2, rd_wdata: 80000030, mem_addr: 80000030, mem_rdata: 00000000, mem_wdata: 7d5bfddb
ClkCycle:        547, pc_rdata: 000007a4, pc_wdata: 000007a8, insn: 00100113, mode: 3, rs1_addr:  0, rs1_rdata: 00000000, rs2_addr:  1, rs2_rdata: 00003118, rd_addr:  2, rd_wdata: 00000001, mem_addr: 00000001, mem_rdata: 00000000, mem_wdata: 00003118
ClkCycle:        548, pc_rdata: 000007a8, pc_wdata: 000007ac, insn: 01a11113, mode: 3, rs1_addr:  2, rs1_rdata: 80000000, rs2_addr: 26, rs2_rdata: 00000000, rd_addr:  2, rd_wdata: 04000000, mem_addr: 04000000, mem_rdata: 00000000, mem_wdata: 00000000
ClkCycle:        549, pc_rdata: 000007ac, pc_wdata: 000007b0, insn: fff14113, mode: 3, rs1_addr:  2, rs1_rdata: 80000030, rs2_addr: 31, rs2_rdata: 00000000, rd_addr:  2, rd_wdata: fbffffff, mem_addr: fbffffff, mem_rdata: 00000000, mem_wdata: 00000000
ClkCycle:        550, pc_rdata: 000007b0, pc_wdata: 000007b2, insn: b823715d, mode: 3, rs1_addr:  2, rs1_rdata: 00000001, rs2_addr: 16, rs2_rdata: 7d5bfddb, rd_addr:  2, rd_wdata: fbffffaf, mem_addr: fbffffaf, mem_rdata: 00000000, mem_wdata: 7d5bfddb
ClkCycle:        551, pc_rdata: 000007b2, pc_wdata: 000007b6, insn: b823715d, mode: 3, rs1_addr:  0, rs1_rdata: 00000000, rs2_addr:  0, rs2_rdata: 00000000, rd_addr:  0, rd_wdata: 00000000, mem_addr: 00000000, mem_rdata: 00000000, mem_wdata: 00000000
0000000100003118
ClkCycle:        552, pc_rdata: 000007b6, pc_wdata: 000007ba, insn: 11130010, mode: 3, rs1_addr:  1, rs1_rdata: 00003118, rs2_addr:  1, rs2_rdata: 00003118, rd_addr: 16, rd_wdata: 00003128, mem_addr: 00003128, mem_rdata: 00000000, mem_wdata: 00003118
ClkCycle:        553, pc_rdata: 000007ba, pc_wdata: 000007be, insn: 11130010, mode: 3, rs1_addr:  0, rs1_rdata: 00000000, rs2_addr:  0, rs2_rdata: 00000000, rd_addr:  0, rd_wdata: 00000000, mem_addr: 00000000, mem_rdata: 00000000, mem_wdata: 00000000
ClkCycle:        554, pc_rdata: 000007be, pc_wdata: 000007c2, insn: 6145fff1, mode: 3, rs1_addr:  2, rs1_rdata: fbffffaf, rs2_addr: 31, rs2_rdata: 00000000, rd_addr:  2, rd_wdata: 80000000, mem_addr: 80000000, mem_rdata: 00000000, mem_wdata: 00000000
ClkCycle:        555, pc_rdata: 000007c2, pc_wdata: 000007c6, insn: 6145fff1, mode: 3, rs1_addr:  0, rs1_rdata: 00000000, rs2_addr:  0, rs2_rdata: 00000000, rd_addr:  0, rd_wdata: 00000000, mem_addr: 00000000, mem_rdata: 00000000, mem_wdata: 00000000
ClkCycle:        556, pc_rdata: 000007c6, pc_wdata: 000007c8, insn: 00100113, mode: 3, rs1_addr:  2, rs1_rdata: fbffffaf, rs2_addr: 16, rs2_rdata: 7d5bfddb, rd_addr:  2, rd_wdata: 80000030, mem_addr: 80000030, mem_rdata: 00000000, mem_wdata: 7d5bfddb
ClkCycle:        557, pc_rdata: 000007c8, pc_wdata: 000007cc, insn: 00100113, mode: 3, rs1_addr:  0, rs1_rdata: 00000000, rs2_addr:  1, rs2_rdata: 00003118, rd_addr:  2, rd_wdata: 00000001, mem_addr: 00000001, mem_rdata: 00000000, mem_wdata: 00003118
ClkCycle:        558, pc_rdata: 000007cc, pc_wdata: 000007d0, insn: 01c11113, mode: 3, rs1_addr:  2, rs1_rdata: 80000000, rs2_addr: 28, rs2_rdata: 00000000, rd_addr:  2, rd_wdata: 10000000, mem_addr: 10000000, mem_rdata: 00000000, mem_wdata: 00000000
ClkCycle:        559, pc_rdata: 000007d0, pc_wdata: 000007d4, insn: fff14113, mode: 3, rs1_addr:  2, rs1_rdata: 80000030, rs2_addr: 31, rs2_rdata: 00000000, rd_addr:  2, rd_wdata: efffffff, mem_addr: efffffff, mem_rdata: 00000000, mem_wdata: 00000000
ClkCycle:        560, pc_rdata: 000007d4, pc_wdata: 000007d6, insn: b0237179, mode: 3, rs1_addr:  2, rs1_rdata: 00000001, rs2_addr: 16, rs2_rdata: 7d5bfddb, rd_addr:  2, rd_wdata: efffffcf, mem_addr: efffffcf, mem_rdata: 00000000, mem_wdata: 7d5bfddb
ClkCycle:        561, pc_rdata: 000007d6, pc_wdata: 000007da, insn: b0237179, mode: 3, rs1_addr:  0, rs1_rdata: 00000000, rs2_addr:  0, rs2_rdata: 00000000, rd_addr:  0, rd_wdata: 00000000, mem_addr: 00000000, mem_rdata: 00000000, mem_wdata: 00000000
0000000100003118
ClkCycle:        562, pc_rdata: 000007da, pc_wdata: 000007de, insn: 11130010, mode: 3, rs1_addr:  1, rs1_rdata: 00003118, rs2_addr:  1, rs2_rdata: 00003118, rd_addr:  0, rd_wdata: 00003118, mem_addr: 00003118, mem_rdata: 00000000, mem_wdata: 00003118
ClkCycle:        563, pc_rdata: 000007de, pc_wdata: 000007e2, insn: 11130010, mode: 3, rs1_addr:  0, rs1_rdata: 00000000, rs2_addr:  0, rs2_rdata: 00000000, rd_addr:  0, rd_wdata: 00000000, mem_addr: 00000000, mem_rdata: 00000000, mem_wdata: 00000000
ClkCycle:        564, pc_rdata: 000007e2, pc_wdata: 000007e6, insn: 7139fff1, mode: 3, rs1_addr:  2, rs1_rdata: efffffcf, rs2_addr: 31, rs2_rdata: 00000000, rd_addr:  2, rd_wdata: 80000000, mem_addr: 80000000, mem_rdata: 00000000, mem_wdata: 00000000
ClkCycle:        565, pc_rdata: 000007e6, pc_wdata: 000007ea, insn: 7139fff1, mode: 3, rs1_addr:  0, rs1_rdata: 00000000, rs2_addr:  0, rs2_rdata: 00000000, rd_addr:  0, rd_wdata: 00000000, mem_addr: 00000000, mem_rdata: 00000000, mem_wdata: 00000000
ClkCycle:        566, pc_rdata: 000007ea, pc_wdata: 000007ec, insn: 00100113, mode: 3, rs1_addr:  2, rs1_rdata: efffffcf, rs2_addr:  0, rs2_rdata: 00000000, rd_addr:  2, rd_wdata: 7fffffc0, mem_addr: 7fffffc0, mem_rdata: 00000000, mem_wdata: 00000000
ClkCycle:        567, pc_rdata: 000007ec, pc_wdata: 000007f0, insn: 00100113, mode: 3, rs1_addr:  0, rs1_rdata: 00000000, rs2_addr:  1, rs2_rdata: 00003118, rd_addr:  2, rd_wdata: 00000001, mem_addr: 00000001, mem_rdata: 00000000, mem_wdata: 00003118
ClkCycle:        568, pc_rdata: 000007f0, pc_wdata: 000007f4, insn: 01e11113, mode: 3, rs1_addr:  2, rs1_rdata: 80000000, rs2_addr: 30, rs2_rdata: 00000000, rd_addr:  2, rd_wdata: 40000000, mem_addr: 40000000, mem_rdata: 00000000, mem_wdata: 00000000
ClkCycle:        569, pc_rdata: 000007f4, pc_wdata: 000007f8, insn: fff14113, mode: 3, rs1_addr:  2, rs1_rdata: 7fffffc0, rs2_addr: 31, rs2_rdata: 00000000, rd_addr:  2, rd_wdata: bfffffff, mem_addr: bfffffff, mem_rdata: 00000000, mem_wdata: 00000000
ClkCycle:        570, pc_rdata: 000007f8, pc_wdata: 000007fa, insn: b823716d, mode: 3, rs1_addr:  2, rs1_rdata: 00000001, rs2_addr: 16, rs2_rdata: 7d5bfddb, rd_addr:  2, rd_wdata: bffffeef, mem_addr: bffffeef, mem_rdata: 00000000, mem_wdata: 7d5bfddb
ClkCycle:        571, pc_rdata: 000007fa, pc_wdata: 000007fe, insn: b823716d, mode: 3, rs1_addr:  0, rs1_rdata: 00000000, rs2_addr:  0, rs2_rdata: 00000000, rd_addr:  0, rd_wdata: 00000000, mem_addr: 00000000, mem_rdata: 00000000, mem_wdata: 00000000
0000000100003118
ClkCycle:        572, pc_rdata: 000007fe, pc_wdata: 00000802, insn: 11130010, mode: 3, rs1_addr:  1, rs1_rdata: 00003118, rs2_addr:  1, rs2_rdata: 00003118, rd_addr: 16, rd_wdata: 00003128, mem_addr: 00003128, mem_rdata: 00000000, mem_wdata: 00003118
ClkCycle:        573, pc_rdata: 00000802, pc_wdata: 00000806, insn: 11130010, mode: 3, rs1_addr:  0, rs1_rdata: 00000000, rs2_addr:  0, rs2_rdata: 00000000, rd_addr:  0, rd_wdata: 00000000, mem_addr: 00000000, mem_rdata: 00000000, mem_wdata: 00000000
ClkCycle:        574, pc_rdata: 00000806, pc_wdata: 0000080a, insn: 711dfff1, mode: 3, rs1_addr:  2, rs1_rdata: bffffeef, rs2_addr: 31, rs2_rdata: 00000000, rd_addr:  2, rd_wdata: 80000000, mem_addr: 80000000, mem_rdata: 00000000, mem_wdata: 00000000
ClkCycle:        575, pc_rdata: 0000080a, pc_wdata: 0000080e, insn: 711dfff1, mode: 3, rs1_addr:  0, rs1_rdata: 00000000, rs2_addr:  0, rs2_rdata: 00000000, rd_addr:  0, rd_wdata: 00000000, mem_addr: 00000000, mem_rdata: 00000000, mem_wdata: 00000000
ClkCycle:        576, pc_rdata: 0000080e, pc_wdata: 00000810, insn: 00100113, mode: 3, rs1_addr:  2, rs1_rdata: bffffeef, rs2_addr:  0, rs2_rdata: 00000000, rd_addr:  2, rd_wdata: 7fffffa0, mem_addr: 7fffffa0, mem_rdata: 00000000, mem_wdata: 00000000
ClkCycle:        577, pc_rdata: 00000810, pc_wdata: 00000814, insn: 00100113, mode: 3, rs1_addr:  0, rs1_rdata: 00000000, rs2_addr:  1, rs2_rdata: 00003118, rd_addr:  2, rd_wdata: 00000001, mem_addr: 00000001, mem_rdata: 00000000, mem_wdata: 00003118
ClkCycle:        578, pc_rdata: 00000814, pc_wdata: 00000818, insn: 02011113, mode: 3, rs1_addr:  2, rs1_rdata: 80000000, rs2_addr:  0, rs2_rdata: 00000000, rd_addr:  2, rd_wdata: 00000001, mem_addr: 00000001, mem_rdata: 00000000, mem_wdata: 00000000
ClkCycle:        579, pc_rdata: 00000818, pc_wdata: 0000081c, insn: fff14113, mode: 3, rs1_addr:  2, rs1_rdata: 7fffffa0, rs2_addr: 31, rs2_rdata: 00000000, rd_addr:  2, rd_wdata: fffffffe, mem_addr: fffffffe, mem_rdata: 00000000, mem_wdata: 00000000
ClkCycle:        580, pc_rdata: 0000081c, pc_wdata: 0000081e, insn: b0236165, mode: 3, rs1_addr:  2, rs1_rdata: 00000001, rs2_addr: 16, rs2_rdata: 7d5bfddb, rd_addr:  2, rd_wdata: 0000006e, mem_addr: 0000006e, mem_rdata: 00000000, mem_wdata: 7d5bfddb
ClkCycle:        581, pc_rdata: 0000081e, pc_wdata: 00000822, insn: b0236165, mode: 3, rs1_addr:  0, rs1_rdata: 00000000, rs2_addr:  0, rs2_rdata: 00000000, rd_addr:  0, rd_wdata: 00000000, mem_addr: 00000000, mem_rdata: 00000000, mem_wdata: 00000000
0000000100003118
ClkCycle:        582, pc_rdata: 00000822, pc_wdata: 00000826, insn: 11130010, mode: 3, rs1_addr:  1, rs1_rdata: 00003118, rs2_addr:  1, rs2_rdata: 00003118, rd_addr:  0, rd_wdata: 00003118, mem_addr: 00003118, mem_rdata: 00000000, mem_wdata: 00003118
ClkCycle:        583, pc_rdata: 00000826, pc_wdata: 0000082a, insn: 11130010, mode: 3, rs1_addr:  0, rs1_rdata: 00000000, rs2_addr:  0, rs2_rdata: 00000000, rd_addr:  0, rd_wdata: 00000000, mem_addr: 00000000, mem_rdata: 00000000, mem_wdata: 00000000
ClkCycle:        584, pc_rdata: 0000082a, pc_wdata: 0000082e, insn: 7175fff1, mode: 3, rs1_addr:  2, rs1_rdata: 0000006e, rs2_addr: 31, rs2_rdata: 00000000, rd_addr:  2, rd_wdata: 00000000, mem_addr: 00000000, mem_rdata: 00000000, mem_wdata: 00000000
ClkCycle:        585, pc_rdata: 0000082e, pc_wdata: 00000832, insn: 7175fff1, mode: 3, rs1_addr:  0, rs1_rdata: 00000000, rs2_addr:  0, rs2_rdata: 00000000, rd_addr:  0, rd_wdata: 00000000, mem_addr: 00000000, mem_rdata: 00000000, mem_wdata: 00000000
ClkCycle:        586, pc_rdata: 00000832, pc_wdata: 00000834, insn: 00100113, mode: 3, rs1_addr:  2, rs1_rdata: 0000006e, rs2_addr: 16, rs2_rdata: 7d5bfddb, rd_addr:  2, rd_wdata: ffffff70, mem_addr: ffffff70, mem_rdata: 00000000, mem_wdata: 7d5bfddb
ClkCycle:        587, pc_rdata: 00000834, pc_wdata: 00000838, insn: 00100113, mode: 3, rs1_addr:  0, rs1_rdata: 00000000, rs2_addr:  1, rs2_rdata: 00003118, rd_addr:  2, rd_wdata: 00000001, mem_addr: 00000001, mem_rdata: 00000000, mem_wdata: 00003118
ClkCycle:        588, pc_rdata: 00000838, pc_wdata: 0000083c, insn: 02211113, mode: 3, rs1_addr:  2, rs1_rdata: 00000000, rs2_addr:  2, rs2_rdata: 00000000, rd_addr:  2, rd_wdata: 00000004, mem_addr: 00000004, mem_rdata: 00000000, mem_wdata: 00000001
ClkCycle:        589, pc_rdata: 0000083c, pc_wdata: 00000840, insn: fff14113, mode: 3, rs1_addr:  2, rs1_rdata: ffffff70, rs2_addr: 31, rs2_rdata: 00000000, rd_addr:  2, rd_wdata: fffffffb, mem_addr: fffffffb, mem_rdata: 00000000, mem_wdata: 00000000
ClkCycle:        590, pc_rdata: 00000840, pc_wdata: 00000842, insn: b8237135, mode: 3, rs1_addr:  2, rs1_rdata: 00000001, rs2_addr:  0, rs2_rdata: 00000000, rd_addr:  2, rd_wdata: ffffff5b, mem_addr: ffffff5b, mem_rdata: 00000000, mem_wdata: 00000000
ClkCycle:        591, pc_rdata: 00000842, pc_wdata: 00000846, insn: b8237135, mode: 3, rs1_addr:  0, rs1_rdata: 00000000, rs2_addr:  0, rs2_rdata: 00000000, rd_addr:  0, rd_wdata: 00000000, mem_addr: 00000000, mem_rdata: 00000000, mem_wdata: 00000000
0000000100003118
ClkCycle:        592, pc_rdata: 00000846, pc_wdata: 0000084a, insn: 11130010, mode: 3, rs1_addr:  1, rs1_rdata: 00003118, rs2_addr:  1, rs2_rdata: 00003118, rd_addr: 16, rd_wdata: 00003128, mem_addr: 00003128, mem_rdata: 00000000, mem_wdata: 00003118
ClkCycle:        593, pc_rdata: 0000084a, pc_wdata: 0000084e, insn: 11130010, mode: 3, rs1_addr:  0, rs1_rdata: 00000000, rs2_addr:  0, rs2_rdata: 00000000, rd_addr:  0, rd_wdata: 00000000, mem_addr: 00000000, mem_rdata: 00000000, mem_wdata: 00000000
ClkCycle:        594, pc_rdata: 0000084e, pc_wdata: 00000852, insn: 6149fff1, mode: 3, rs1_addr:  2, rs1_rdata: ffffff5b, rs2_addr: 31, rs2_rdata: 00000000, rd_addr:  2, rd_wdata: 80000000, mem_addr: 80000000, mem_rdata: 00000000, mem_wdata: 00000000
ClkCycle:        595, pc_rdata: 00000852, pc_wdata: 00000856, insn: 6149fff1, mode: 3, rs1_addr:  0, rs1_rdata: 00000000, rs2_addr:  0, rs2_rdata: 00000000, rd_addr:  0, rd_wdata: 00000000, mem_addr: 00000000, mem_rdata: 00000000, mem_wdata: 00000000
ClkCycle:        596, pc_rdata: 00000856, pc_wdata: 00000858, insn: 00100113, mode: 3, rs1_addr:  2, rs1_rdata: ffffff5b, rs2_addr: 16, rs2_rdata: 7d5bfddb, rd_addr:  2, rd_wdata: 80000090, mem_addr: 80000090, mem_rdata: 00000000, mem_wdata: 7d5bfddb
ClkCycle:        597, pc_rdata: 00000858, pc_wdata: 0000085c, insn: 00100113, mode: 3, rs1_addr:  0, rs1_rdata: 00000000, rs2_addr:  1, rs2_rdata: 00003118, rd_addr:  2, rd_wdata: 00000001, mem_addr: 00000001, mem_rdata: 00000000, mem_wdata: 00003118
ClkCycle:        598, pc_rdata: 0000085c, pc_wdata: 00000860, insn: 02411113, mode: 3, rs1_addr:  2, rs1_rdata: 80000000, rs2_addr:  4, rs2_rdata: 6dfdffff, rd_addr:  2, rd_wdata: 00000010, mem_addr: 00000010, mem_rdata: 00000000, mem_wdata: 6dfdffff
ClkCycle:        599, pc_rdata: 00000860, pc_wdata: 00000864, insn: fff14113, mode: 3, rs1_addr:  2, rs1_rdata: 80000090, rs2_addr: 31, rs2_rdata: 00000000, rd_addr:  2, rd_wdata: ffffffef, mem_addr: ffffffef, mem_rdata: 00000000, mem_wdata: 00000000
ClkCycle:        600, pc_rdata: 00000864, pc_wdata: 00000866, insn: b0237135, mode: 3, rs1_addr:  2, rs1_rdata: 00000001, rs2_addr:  0, rs2_rdata: 00000000, rd_addr:  2, rd_wdata: ffffff4f, mem_addr: ffffff4f, mem_rdata: 00000000, mem_wdata: 00000000
ClkCycle:        601, pc_rdata: 00000866, pc_wdata: 0000086a, insn: b0237135, mode: 3, rs1_addr:  0, rs1_rdata: 00000000, rs2_addr:  0, rs2_rdata: 00000000, rd_addr:  0, rd_wdata: 00000000, mem_addr: 00000000, mem_rdata: 00000000, mem_wdata: 00000000
0000000100003118
ClkCycle:        602, pc_rdata: 0000086a, pc_wdata: 0000086e, insn: 11130010, mode: 3, rs1_addr:  1, rs1_rdata: 00003118, rs2_addr:  1, rs2_rdata: 00003118, rd_addr:  0, rd_wdata: 00003118, mem_addr: 00003118, mem_rdata: 00000000, mem_wdata: 00003118
ClkCycle:        603, pc_rdata: 0000086e, pc_wdata: 00000872, insn: 11130010, mode: 3, rs1_addr:  0, rs1_rdata: 00000000, rs2_addr:  0, rs2_rdata: 00000000, rd_addr:  0, rd_wdata: 00000000, mem_addr: 00000000, mem_rdata: 00000000, mem_wdata: 00000000
ClkCycle:        604, pc_rdata: 00000872, pc_wdata: 00000876, insn: 6111fff1, mode: 3, rs1_addr:  2, rs1_rdata: ffffff4f, rs2_addr: 31, rs2_rdata: 00000000, rd_addr:  2, rd_wdata: 80000000, mem_addr: 80000000, mem_rdata: 00000000, mem_wdata: 00000000
ClkCycle:        605, pc_rdata: 00000876, pc_wdata: 0000087a, insn: 6111fff1, mode: 3, rs1_addr:  0, rs1_rdata: 00000000, rs2_addr:  0, rs2_rdata: 00000000, rd_addr:  0, rd_wdata: 00000000, mem_addr: 00000000, mem_rdata: 00000000, mem_wdata: 00000000
ClkCycle:        606, pc_rdata: 0000087a, pc_wdata: 0000087c, insn: 00100113, mode: 3, rs1_addr:  2, rs1_rdata: ffffff4f, rs2_addr:  0, rs2_rdata: 00000000, rd_addr:  2, rd_wdata: 80000100, mem_addr: 80000100, mem_rdata: 00000000, mem_wdata: 00000000
ClkCycle:        607, pc_rdata: 0000087c, pc_wdata: 00000880, insn: 00100113, mode: 3, rs1_addr:  0, rs1_rdata: 00000000, rs2_addr:  1, rs2_rdata: 00003118, rd_addr:  2, rd_wdata: 00000001, mem_addr: 00000001, mem_rdata: 00000000, mem_wdata: 00003118
ClkCycle:        608, pc_rdata: 00000880, pc_wdata: 00000884, insn: 02711113, mode: 3, rs1_addr:  2, rs1_rdata: 80000000, rs2_addr:  7, rs2_rdata: 003fbb6f, rd_addr:  2, rd_wdata: 00000080, mem_addr: 00000080, mem_rdata: 00000000, mem_wdata: 003fbb6f
ClkCycle:        609, pc_rdata: 00000884, pc_wdata: 00000888, insn: fff14113, mode: 3, rs1_addr:  2, rs1_rdata: 80000100, rs2_addr: 31, rs2_rdata: 00000000, rd_addr:  2, rd_wdata: ffffff7f, mem_addr: ffffff7f, mem_rdata: 00000000, mem_wdata: 00000000
ClkCycle:        610, pc_rdata: 00000888, pc_wdata: 0000088a, insn: b8237135, mode: 3, rs1_addr:  2, rs1_rdata: 00000001, rs2_addr:  0, rs2_rdata: 00000000, rd_addr:  2, rd_wdata: fffffedf, mem_addr: fffffedf, mem_rdata: 00000000, mem_wdata: 00000000
ClkCycle:        611, pc_rdata: 0000088a, pc_wdata: 0000088e, insn: b8237135, mode: 3, rs1_addr:  0, rs1_rdata: 00000000, rs2_addr:  0, rs2_rdata: 00000000, rd_addr:  0, rd_wdata: 00000000, mem_addr: 00000000, mem_rdata: 00000000, mem_wdata: 00000000
0000000100003118
ClkCycle:        612, pc_rdata: 0000088e, pc_wdata: 00000892, insn: 11130010, mode: 3, rs1_addr:  1, rs1_rdata: 00003118, rs2_addr:  1, rs2_rdata: 00003118, rd_addr: 16, rd_wdata: 00003128, mem_addr: 00003128, mem_rdata: 00000000, mem_wdata: 00003118
ClkCycle:        613, pc_rdata: 00000892, pc_wdata: 00000896, insn: 11130010, mode: 3, rs1_addr:  0, rs1_rdata: 00000000, rs2_addr:  0, rs2_rdata: 00000000, rd_addr:  0, rd_wdata: 00000000, mem_addr: 00000000, mem_rdata: 00000000, mem_wdata: 00000000
ClkCycle:        614, pc_rdata: 00000896, pc_wdata: 0000089a, insn: 7179fff1, mode: 3, rs1_addr:  2, rs1_rdata: fffffedf, rs2_addr: 31, rs2_rdata: 00000000, rd_addr:  2, rd_wdata: 80000000, mem_addr: 80000000, mem_rdata: 00000000, mem_wdata: 00000000
ClkCycle:        615, pc_rdata: 0000089a, pc_wdata: 0000089e, insn: 7179fff1, mode: 3, rs1_addr:  0, rs1_rdata: 00000000, rs2_addr:  0, rs2_rdata: 00000000, rd_addr:  0, rd_wdata: 00000000, mem_addr: 00000000, mem_rdata: 00000000, mem_wdata: 00000000
ClkCycle:        616, pc_rdata: 0000089e, pc_wdata: 000008a0, insn: 00100113, mode: 3, rs1_addr:  2, rs1_rdata: fffffedf, rs2_addr: 16, rs2_rdata: 7d5bfddb, rd_addr:  2, rd_wdata: 7fffffd0, mem_addr: 7fffffd0, mem_rdata: 00000000, mem_wdata: 7d5bfddb
ClkCycle:        617, pc_rdata: 000008a0, pc_wdata: 000008a4, insn: 00100113, mode: 3, rs1_addr:  0, rs1_rdata: 00000000, rs2_addr:  1, rs2_rdata: 00003118, rd_addr:  2, rd_wdata: 00000001, mem_addr: 00000001, mem_rdata: 00000000, mem_wdata: 00003118
ClkCycle:        618, pc_rdata: 000008a4, pc_wdata: 000008a8, insn: 02911113, mode: 3, rs1_addr:  2, rs1_rdata: 80000000, rs2_addr:  9, rs2_rdata: 000000fe, rd_addr:  2, rd_wdata: 00000200, mem_addr: 00000200, mem_rdata: 00000000, mem_wdata: 000000fe
ClkCycle:        619, pc_rdata: 000008a8, pc_wdata: 000008ac, insn: fff14113, mode: 3, rs1_addr:  2, rs1_rdata: 7fffffd0, rs2_addr: 31, rs2_rdata: 00000000, rd_addr:  2, rd_wdata: fffffdff, mem_addr: fffffdff, mem_rdata: 00000000, mem_wdata: 00000000
ClkCycle:        620, pc_rdata: 000008ac, pc_wdata: 000008ae, insn: b0237135, mode: 3, rs1_addr:  2, rs1_rdata: 00000001, rs2_addr:  0, rs2_rdata: 00000000, rd_addr:  2, rd_wdata: fffffd5f, mem_addr: fffffd5f, mem_rdata: 00000000, mem_wdata: 00000000
ClkCycle:        621, pc_rdata: 000008ae, pc_wdata: 000008b2, insn: b0237135, mode: 3, rs1_addr:  0, rs1_rdata: 00000000, rs2_addr:  0, rs2_rdata: 00000000, rd_addr:  0, rd_wdata: 00000000, mem_addr: 00000000, mem_rdata: 00000000, mem_wdata: 00000000
0000000100003118
ClkCycle:        622, pc_rdata: 000008b2, pc_wdata: 000008b6, insn: 11130010, mode: 3, rs1_addr:  1, rs1_rdata: 00003118, rs2_addr:  1, rs2_rdata: 00003118, rd_addr:  0, rd_wdata: 00003118, mem_addr: 00003118, mem_rdata: 00000000, mem_wdata: 00003118
ClkCycle:        623, pc_rdata: 000008b6, pc_wdata: 000008ba, insn: 11130010, mode: 3, rs1_addr:  0, rs1_rdata: 00000000, rs2_addr:  0, rs2_rdata: 00000000, rd_addr:  0, rd_wdata: 00000000, mem_addr: 00000000, mem_rdata: 00000000, mem_wdata: 00000000
ClkCycle:        624, pc_rdata: 000008ba, pc_wdata: 000008be, insn: 716dfff1, mode: 3, rs1_addr:  2, rs1_rdata: fffffd5f, rs2_addr: 31, rs2_rdata: 00000000, rd_addr:  2, rd_wdata: 80000000, mem_addr: 80000000, mem_rdata: 00000000, mem_wdata: 00000000
ClkCycle:        625, pc_rdata: 000008be, pc_wdata: 000008c2, insn: 716dfff1, mode: 3, rs1_addr:  0, rs1_rdata: 00000000, rs2_addr:  0, rs2_rdata: 00000000, rd_addr:  0, rd_wdata: 00000000, mem_addr: 00000000, mem_rdata: 00000000, mem_wdata: 00000000
ClkCycle:        626, pc_rdata: 000008c2, pc_wdata: 000008c4, insn: 00100113, mode: 3, rs1_addr:  2, rs1_rdata: fffffd5f, rs2_addr: 16, rs2_rdata: 7d5bfddb, rd_addr:  2, rd_wdata: 7ffffef0, mem_addr: 7ffffef0, mem_rdata: 00000000, mem_wdata: 7d5bfddb
ClkCycle:        627, pc_rdata: 000008c4, pc_wdata: 000008c8, insn: 00100113, mode: 3, rs1_addr:  0, rs1_rdata: 00000000, rs2_addr:  1, rs2_rdata: 00003118, rd_addr:  2, rd_wdata: 00000001, mem_addr: 00000001, mem_rdata: 00000000, mem_wdata: 00003118
ClkCycle:        628, pc_rdata: 000008c8, pc_wdata: 000008cc, insn: 02b11113, mode: 3, rs1_addr:  2, rs1_rdata: 80000000, rs2_addr: 11, rs2_rdata: 00000000, rd_addr:  2, rd_wdata: 00000800, mem_addr: 00000800, mem_rdata: 00000000, mem_wdata: 00000000
ClkCycle:        629, pc_rdata: 000008cc, pc_wdata: 000008d0, insn: fff14113, mode: 3, rs1_addr:  2, rs1_rdata: 7ffffef0, rs2_addr: 31, rs2_rdata: 00000000, rd_addr:  2, rd_wdata: fffff7ff, mem_addr: fffff7ff, mem_rdata: 00000000, mem_wdata: 00000000
ClkCycle:        630, pc_rdata: 000008d0, pc_wdata: 000008d2, insn: b8236141, mode: 3, rs1_addr:  2, rs1_rdata: 00000001, rs2_addr: 16, rs2_rdata: 7d5bfddb, rd_addr:  2, rd_wdata: fffff80f, mem_addr: fffff80f, mem_rdata: 00000000, mem_wdata: 7d5bfddb
ClkCycle:        631, pc_rdata: 000008d2, pc_wdata: 000008d6, insn: b8236141, mode: 3, rs1_addr:  0, rs1_rdata: 00000000, rs2_addr:  0, rs2_rdata: 00000000, rd_addr:  0, rd_wdata: 00000000, mem_addr: 00000000, mem_rdata: 00000000, mem_wdata: 00000000
0000000100003118
ClkCycle:        632, pc_rdata: 000008d6, pc_wdata: 000008da, insn: 11130010, mode: 3, rs1_addr:  1, rs1_rdata: 00003118, rs2_addr:  1, rs2_rdata: 00003118, rd_addr: 16, rd_wdata: 00003128, mem_addr: 00003128, mem_rdata: 00000000, mem_wdata: 00003118
ClkCycle:        633, pc_rdata: 000008da, pc_wdata: 000008de, insn: 11130010, mode: 3, rs1_addr:  0, rs1_rdata: 00000000, rs2_addr:  0, rs2_rdata: 00000000, rd_addr:  0, rd_wdata: 00000000, mem_addr: 00000000, mem_rdata: 00000000, mem_wdata: 00000000
ClkCycle:        634, pc_rdata: 000008de, pc_wdata: 000008e2, insn: 6165fff1, mode: 3, rs1_addr:  2, rs1_rdata: fffff80f, rs2_addr: 31, rs2_rdata: 00000000, rd_addr:  2, rd_wdata: 80000000, mem_addr: 80000000, mem_rdata: 00000000, mem_wdata: 00000000
ClkCycle:        635, pc_rdata: 000008e2, pc_wdata: 000008e6, insn: 6165fff1, mode: 3, rs1_addr:  0, rs1_rdata: 00000000, rs2_addr:  0, rs2_rdata: 00000000, rd_addr:  0, rd_wdata: 00000000, mem_addr: 00000000, mem_rdata: 00000000, mem_wdata: 00000000
ClkCycle:        636, pc_rdata: 000008e6, pc_wdata: 000008e8, insn: 00100113, mode: 3, rs1_addr:  2, rs1_rdata: fffff80f, rs2_addr: 16, rs2_rdata: 7d5bfddb, rd_addr:  2, rd_wdata: 80000070, mem_addr: 80000070, mem_rdata: 00000000, mem_wdata: 7d5bfddb
ClkCycle:        637, pc_rdata: 000008e8, pc_wdata: 000008ec, insn: 00100113, mode: 3, rs1_addr:  0, rs1_rdata: 00000000, rs2_addr:  1, rs2_rdata: 00003118, rd_addr:  2, rd_wdata: 00000001, mem_addr: 00000001, mem_rdata: 00000000, mem_wdata: 00003118
ClkCycle:        638, pc_rdata: 000008ec, pc_wdata: 000008f0, insn: 02d11113, mode: 3, rs1_addr:  2, rs1_rdata: 80000000, rs2_addr: 13, rs2_rdata: 00000000, rd_addr:  2, rd_wdata: 00002000, mem_addr: 00002000, mem_rdata: 00000000, mem_wdata: 00000000
ClkCycle:        639, pc_rdata: 000008f0, pc_wdata: 000008f4, insn: fff14113, mode: 3, rs1_addr:  2, rs1_rdata: 80000070, rs2_addr: 31, rs2_rdata: 00000000, rd_addr:  2, rd_wdata: ffffdfff, mem_addr: ffffdfff, mem_rdata: 00000000, mem_wdata: 00000000
ClkCycle:        640, pc_rdata: 000008f4, pc_wdata: 000008f6, insn: b0236121, mode: 3, rs1_addr:  2, rs1_rdata: 00000001, rs2_addr:  0, rs2_rdata: 00000000, rd_addr:  2, rd_wdata: ffffe03f, mem_addr: ffffe03f, mem_rdata: 00000000, mem_wdata: 00000000
ClkCycle:        641, pc_rdata: 000008f6, pc_wdata: 000008fa, insn: b0236121, mode: 3, rs1_addr:  0, rs1_rdata: 00000000, rs2_addr:  0, rs2_rdata: 00000000, rd_addr:  0, rd_wdata: 00000000, mem_addr: 00000000, mem_rdata: 00000000, mem_wdata: 00000000
0000000100003118
ClkCycle:        642, pc_rdata: 000008fa, pc_wdata: 000008fe, insn: 11130010, mode: 3, rs1_addr:  1, rs1_rdata: 00003118, rs2_addr:  1, rs2_rdata: 00003118, rd_addr:  0, rd_wdata: 00003118, mem_addr: 00003118, mem_rdata: 00000000, mem_wdata: 00003118
ClkCycle:        643, pc_rdata: 000008fe, pc_wdata: 00000902, insn: 11130010, mode: 3, rs1_addr:  0, rs1_rdata: 00000000, rs2_addr:  0, rs2_rdata: 00000000, rd_addr:  0, rd_wdata: 00000000, mem_addr: 00000000, mem_rdata: 00000000, mem_wdata: 00000000
ClkCycle:        644, pc_rdata: 00000902, pc_wdata: 00000906, insn: 6111fff1, mode: 3, rs1_addr:  2, rs1_rdata: ffffe03f, rs2_addr: 31, rs2_rdata: 00000000, rd_addr:  2, rd_wdata: 80000000, mem_addr: 80000000, mem_rdata: 00000000, mem_wdata: 00000000
ClkCycle:        645, pc_rdata: 00000906, pc_wdata: 0000090a, insn: 6111fff1, mode: 3, rs1_addr:  0, rs1_rdata: 00000000, rs2_addr:  0, rs2_rdata: 00000000, rd_addr:  0, rd_wdata: 00000000, mem_addr: 00000000, mem_rdata: 00000000, mem_wdata: 00000000
ClkCycle:        646, pc_rdata: 0000090a, pc_wdata: 0000090c, insn: 00100113, mode: 3, rs1_addr:  2, rs1_rdata: ffffe03f, rs2_addr:  0, rs2_rdata: 00000000, rd_addr:  2, rd_wdata: 80000100, mem_addr: 80000100, mem_rdata: 00000000, mem_wdata: 00000000
ClkCycle:        647, pc_rdata: 0000090c, pc_wdata: 00000910, insn: 00100113, mode: 3, rs1_addr:  0, rs1_rdata: 00000000, rs2_addr:  1, rs2_rdata: 00003118, rd_addr:  2, rd_wdata: 00000001, mem_addr: 00000001, mem_rdata: 00000000, mem_wdata: 00003118
ClkCycle:        648, pc_rdata: 00000910, pc_wdata: 00000914, insn: 02f11113, mode: 3, rs1_addr:  2, rs1_rdata: 80000000, rs2_addr: 15, rs2_rdata: 00000000, rd_addr:  2, rd_wdata: 00008000, mem_addr: 00008000, mem_rdata: 00000000, mem_wdata: 00000000
ClkCycle:        649, pc_rdata: 00000914, pc_wdata: 00000918, insn: fff14113, mode: 3, rs1_addr:  2, rs1_rdata: 80000100, rs2_addr: 31, rs2_rdata: 00000000, rd_addr:  2, rd_wdata: ffff7fff, mem_addr: ffff7fff, mem_rdata: 00000000, mem_wdata: 00000000
ClkCycle:        650, pc_rdata: 00000918, pc_wdata: 0000091a, insn: b8236121, mode: 3, rs1_addr:  2, rs1_rdata: 00000001, rs2_addr:  0, rs2_rdata: 00000000, rd_addr:  2, rd_wdata: ffff803f, mem_addr: ffff803f, mem_rdata: 00000000, mem_wdata: 00000000
ClkCycle:        651, pc_rdata: 0000091a, pc_wdata: 0000091e, insn: b8236121, mode: 3, rs1_addr:  0, rs1_rdata: 00000000, rs2_addr:  0, rs2_rdata: 00000000, rd_addr:  0, rd_wdata: 00000000, mem_addr: 00000000, mem_rdata: 00000000, mem_wdata: 00000000
0000000100003118
ClkCycle:        652, pc_rdata: 0000091e, pc_wdata: 00000922, insn: 11130010, mode: 3, rs1_addr:  1, rs1_rdata: 00003118, rs2_addr:  1, rs2_rdata: 00003118, rd_addr: 16, rd_wdata: 00003128, mem_addr: 00003128, mem_rdata: 00000000, mem_wdata: 00003118
ClkCycle:        653, pc_rdata: 00000922, pc_wdata: 00000926, insn: 11130010, mode: 3, rs1_addr:  0, rs1_rdata: 00000000, rs2_addr:  0, rs2_rdata: 00000000, rd_addr:  0, rd_wdata: 00000000, mem_addr: 00000000, mem_rdata: 00000000, mem_wdata: 00000000
ClkCycle:        654, pc_rdata: 00000926, pc_wdata: 0000092a, insn: 617dfff1, mode: 3, rs1_addr:  2, rs1_rdata: ffff803f, rs2_addr: 31, rs2_rdata: 00000000, rd_addr:  2, rd_wdata: 80000000, mem_addr: 80000000, mem_rdata: 00000000, mem_wdata: 00000000
ClkCycle:        655, pc_rdata: 0000092a, pc_wdata: 0000092e, insn: 617dfff1, mode: 3, rs1_addr:  0, rs1_rdata: 00000000, rs2_addr:  0, rs2_rdata: 00000000, rd_addr:  0, rd_wdata: 00000000, mem_addr: 00000000, mem_rdata: 00000000, mem_wdata: 00000000
ClkCycle:        656, pc_rdata: 0000092e, pc_wdata: 00000930, insn: 00100113, mode: 3, rs1_addr:  2, rs1_rdata: ffff803f, rs2_addr: 16, rs2_rdata: 7d5bfddb, rd_addr:  2, rd_wdata: 800001f0, mem_addr: 800001f0, mem_rdata: 00000000, mem_wdata: 7d5bfddb
ClkCycle:        657, pc_rdata: 00000930, pc_wdata: 00000934, insn: 00100113, mode: 3, rs1_addr:  0, rs1_rdata: 00000000, rs2_addr:  1, rs2_rdata: 00003118, rd_addr:  2, rd_wdata: 00000001, mem_addr: 00000001, mem_rdata: 00000000, mem_wdata: 00003118
ClkCycle:        658, pc_rdata: 00000934, pc_wdata: 00000938, insn: 03111113, mode: 3, rs1_addr:  2, rs1_rdata: 80000000, rs2_addr: 17, rs2_rdata: bffeffff, rd_addr:  2, rd_wdata: 00020000, mem_addr: 00020000, mem_rdata: 00000000, mem_wdata: bffeffff
ClkCycle:        659, pc_rdata: 00000938, pc_wdata: 0000093c, insn: fff14113, mode: 3, rs1_addr:  2, rs1_rdata: 800001f0, rs2_addr: 31, rs2_rdata: 00000000, rd_addr:  2, rd_wdata: fffdffff, mem_addr: fffdffff, mem_rdata: 00000000, mem_wdata: 00000000
ClkCycle:        660, pc_rdata: 0000093c, pc_wdata: 0000093e, insn: b0237135, mode: 3, rs1_addr:  2, rs1_rdata: 00000001, rs2_addr:  0, rs2_rdata: 00000000, rd_addr:  2, rd_wdata: fffdff5f, mem_addr: fffdff5f, mem_rdata: 00000000, mem_wdata: 00000000
ClkCycle:        661, pc_rdata: 0000093e, pc_wdata: 00000942, insn: b0237135, mode: 3, rs1_addr:  0, rs1_rdata: 00000000, rs2_addr:  0, rs2_rdata: 00000000, rd_addr:  0, rd_wdata: 00000000, mem_addr: 00000000, mem_rdata: 00000000, mem_wdata: 00000000
0000000100003118
ClkCycle:        662, pc_rdata: 00000942, pc_wdata: 00000946, insn: 11130010, mode: 3, rs1_addr:  1, rs1_rdata: 00003118, rs2_addr:  1, rs2_rdata: 00003118, rd_addr:  0, rd_wdata: 00003118, mem_addr: 00003118, mem_rdata: 00000000, mem_wdata: 00003118
ClkCycle:        663, pc_rdata: 00000946, pc_wdata: 0000094a, insn: 11130010, mode: 3, rs1_addr:  0, rs1_rdata: 00000000, rs2_addr:  0, rs2_rdata: 00000000, rd_addr:  0, rd_wdata: 00000000, mem_addr: 00000000, mem_rdata: 00000000, mem_wdata: 00000000
ClkCycle:        664, pc_rdata: 0000094a, pc_wdata: 0000094e, insn: 717dfff1, mode: 3, rs1_addr:  2, rs1_rdata: fffdff5f, rs2_addr: 31, rs2_rdata: 00000000, rd_addr:  2, rd_wdata: 80000000, mem_addr: 80000000, mem_rdata: 00000000, mem_wdata: 00000000
ClkCycle:        665, pc_rdata: 0000094e, pc_wdata: 00000952, insn: 717dfff1, mode: 3, rs1_addr:  0, rs1_rdata: 00000000, rs2_addr:  0, rs2_rdata: 00000000, rd_addr:  0, rd_wdata: 00000000, mem_addr: 00000000, mem_rdata: 00000000, mem_wdata: 00000000
ClkCycle:        666, pc_rdata: 00000952, pc_wdata: 00000954, insn: 00100113, mode: 3, rs1_addr:  2, rs1_rdata: fffdff5f, rs2_addr: 16, rs2_rdata: 7d5bfddb, rd_addr:  2, rd_wdata: 7ffffff0, mem_addr: 7ffffff0, mem_rdata: 00000000, mem_wdata: 7d5bfddb
ClkCycle:        667, pc_rdata: 00000954, pc_wdata: 00000958, insn: 00100113, mode: 3, rs1_addr:  0, rs1_rdata: 00000000, rs2_addr:  1, rs2_rdata: 00003118, rd_addr:  2, rd_wdata: 00000001, mem_addr: 00000001, mem_rdata: 00000000, mem_wdata: 00003118
ClkCycle:        668, pc_rdata: 00000958, pc_wdata: 0000095c, insn: 03311113, mode: 3, rs1_addr:  2, rs1_rdata: 80000000, rs2_addr: 19, rs2_rdata: dffeffff, rd_addr:  2, rd_wdata: 00080000, mem_addr: 00080000, mem_rdata: 00000000, mem_wdata: dffeffff
ClkCycle:        669, pc_rdata: 0000095c, pc_wdata: 00000960, insn: fff14113, mode: 3, rs1_addr:  2, rs1_rdata: 7ffffff0, rs2_addr: 31, rs2_rdata: 00000000, rd_addr:  2, rd_wdata: fff7ffff, mem_addr: fff7ffff, mem_rdata: 00000000, mem_wdata: 00000000
ClkCycle:        670, pc_rdata: 00000960, pc_wdata: 00000962, insn: b8237159, mode: 3, rs1_addr:  2, rs1_rdata: 00000001, rs2_addr: 16, rs2_rdata: 7d5bfddb, rd_addr:  2, rd_wdata: fff7ff8f, mem_addr: fff7ff8f, mem_rdata: 00000000, mem_wdata: 7d5bfddb
ClkCycle:        671, pc_rdata: 00000962, pc_wdata: 00000966, insn: b8237159, mode: 3, rs1_addr:  0, rs1_rdata: 00000000, rs2_addr:  0, rs2_rdata: 00000000, rd_addr:  0, rd_wdata: 00000000, mem_addr: 00000000, mem_rdata: 00000000, mem_wdata: 00000000
0000000100003118
ClkCycle:        672, pc_rdata: 00000966, pc_wdata: 0000096a, insn: 11130010, mode: 3, rs1_addr:  1, rs1_rdata: 00003118, rs2_addr:  1, rs2_rdata: 00003118, rd_addr: 16, rd_wdata: 00003128, mem_addr: 00003128, mem_rdata: 00000000, mem_wdata: 00003118
ClkCycle:        673, pc_rdata: 0000096a, pc_wdata: 0000096e, insn: 11130010, mode: 3, rs1_addr:  0, rs1_rdata: 00000000, rs2_addr:  0, rs2_rdata: 00000000, rd_addr:  0, rd_wdata: 00000000, mem_addr: 00000000, mem_rdata: 00000000, mem_wdata: 00000000
ClkCycle:        674, pc_rdata: 0000096e, pc_wdata: 00000972, insn: 713dfff1, mode: 3, rs1_addr:  2, rs1_rdata: fff7ff8f, rs2_addr: 31, rs2_rdata: 00000000, rd_addr:  2, rd_wdata: 80000000, mem_addr: 80000000, mem_rdata: 00000000, mem_wdata: 00000000
ClkCycle:        675, pc_rdata: 00000972, pc_wdata: 00000976, insn: 713dfff1, mode: 3, rs1_addr:  0, rs1_rdata: 00000000, rs2_addr:  0, rs2_rdata: 00000000, rd_addr:  0, rd_wdata: 00000000, mem_addr: 00000000, mem_rdata: 00000000, mem_wdata: 00000000
ClkCycle:        676, pc_rdata: 00000976, pc_wdata: 00000978, insn: 0380006f, mode: 3, rs1_addr:  2, rs1_rdata: fff7ff8f, rs2_addr:  0, rs2_rdata: 00000000, rd_addr:  2, rd_wdata: 7fffffe0, mem_addr: 7fffffe0, mem_rdata: 00000000, mem_wdata: 00000000
ClkCycle:        677, pc_rdata: 00000978, pc_wdata: 0000097c, insn: 0380006f, mode: 3, rs1_addr:  0, rs1_rdata: 00000000, rs2_addr: 24, rs2_rdata: 0000007d, rd_addr:  0, rd_wdata: 0000097c, mem_addr: 00000038, mem_rdata: 00000000, mem_wdata: 0000007d
ClkCycle:        678, pc_rdata: 0000097c, pc_wdata: 000009b0, insn: 1f813483, mode: 3, rs1_addr:  0, rs1_rdata: 00000000, rs2_addr:  0, rs2_rdata: 00000000, rd_addr:  0, rd_wdata: 00000000, mem_addr: 00000000, mem_rdata: 00000000, mem_wdata: 00000000
ClkCycle:        679, pc_rdata: 000009b0, pc_wdata: 000009b2, insn: 0f174085, mode: 3, rs1_addr:  0, rs1_rdata: 00000000, rs2_addr:  1, rs2_rdata: 00003118, rd_addr:  1, rd_wdata: 00000001, mem_addr: 00000001, mem_rdata: 00000000, mem_wdata: 00003118
ClkCycle:        680, pc_rdata: 000009b2, pc_wdata: 000009b6, insn: 0f174085, mode: 3, rs1_addr:  0, rs1_rdata: 00000000, rs2_addr:  0, rs2_rdata: 00000000, rd_addr:  0, rd_wdata: 00000000, mem_addr: 00000000, mem_rdata: 00000000, mem_wdata: 00000000
ClkCycle:        681, pc_rdata: 000009b6, pc_wdata: 000009ba, insn: bfe5641f, mode: 3, rs1_addr: 30, rs1_rdata: 00000000, rs2_addr:  1, rs2_rdata: 00003118, rd_addr: 30, rd_wdata: 641f09b6, mem_addr: 641f09b6, mem_rdata: 00000000, mem_wdata: 00000001
ClkCycle:        682, pc_rdata: 000009ba, pc_wdata: 000009be, insn: bfe5641f, mode: 3, rs1_addr:  0, rs1_rdata: 00000000, rs2_addr:  0, rs2_rdata: 00000000, rd_addr:  0, rd_wdata: 00000000, mem_addr: 00000000, mem_rdata: 00000000, mem_wdata: 00000000
ClkCycle:        685, pc_rdata: 000009b6, pc_wdata: 000009ba, insn: 27230000, mode: 3, rs1_addr:  0, rs1_rdata: 00000000, rs2_addr:  0, rs2_rdata: 00000000, rd_addr:  0, rd_wdata: 00000000, mem_addr: 00000000, mem_rdata: 00000000, mem_wdata: 00000000
0000000000000000
ClkCycle:       4160, pc_rdata: 00004002, pc_wdata: 00004004, insn: ddb80813, mode: 3, rs1_addr:  2, rs1_rdata: 7fffffe0, rs2_addr:  0, rs2_rdata: 00000000, rd_addr:  8, rd_wdata: 7fffffe0, mem_addr: 7fffffe0, mem_rdata: 00000000, mem_wdata: 00000000
ClkCycle:       4161, pc_rdata: 00004004, pc_wdata: 00004008, insn: ddb80813, mode: 3, rs1_addr: 16, rs1_rdata: 7d5bfddb, rs2_addr: 27, rs2_rdata: 00000000, rd_addr: 16, rd_wdata: 7d5bfbb6, mem_addr: 7d5bfbb6, mem_rdata: 00000000, mem_wdata: 00000000
ClkCycle:       4162, pc_rdata: 00004008, pc_wdata: 0000400c, insn: 00b81813, mode: 3, rs1_addr: 16, rs1_rdata: 7d5bfddb, rs2_addr: 11, rs2_rdata: 00000000, rd_addr: 16, rd_wdata: dfddb000, mem_addr: dfddb000, mem_rdata: 00000000, mem_wdata: 00000000
ClkCycle:       4163, pc_rdata: 0000400c, pc_wdata: 00004010, insn: 3ea80813, mode: 3, rs1_addr: 16, rs1_rdata: 7d5bfddb, rs2_addr: 10, rs2_rdata: 00000001, rd_addr: 16, rd_wdata: dfddb3ea, mem_addr: dfddb3ea, mem_rdata: 00000000, mem_wdata: 00000001
ClkCycle:       4164, pc_rdata: 00004010, pc_wdata: 00004014, insn: 00b81813, mode: 3, rs1_addr: 16, rs1_rdata: 7d5bfbb6, rs2_addr: 11, rs2_rdata: 00000000, rd_addr: 16, rd_wdata: ed9f5000, mem_addr: ed9f5000, mem_rdata: 00000000, mem_wdata: 00000000
ClkCycle:       4165, pc_rdata: 00004014, pc_wdata: 00004018, insn: 6ff80813, mode: 3, rs1_addr: 16, rs1_rdata: dfddb000, rs2_addr: 31, rs2_rdata: 00000000, rd_addr: 16, rd_wdata: ed9f56ff, mem_addr: ed9f56ff, mem_rdata: 00000000, mem_wdata: 00000000
ClkCycle:       4166, pc_rdata: 00004018, pc_wdata: 0000401c, insn: 00a81813, mode: 3, rs1_addr: 16, rs1_rdata: dfddb3ea, rs2_addr: 10, rs2_rdata: 00000001, rd_addr: 16, rd_wdata: 7d5bfc00, mem_addr: 7d5bfc00, mem_rdata: 00000000, mem_wdata: 00000001
ClkCycle:       4167, pc_rdata: 0000401c, pc_wdata: 00004020, insn: 1db80813, mode: 3, rs1_addr: 16, rs1_rdata: ed9f5000, rs2_addr: 27, rs2_rdata: 00000000, rd_addr: 16, rd_wdata: 7d5bfddb, mem_addr: 7d5bfddb, mem_rdata: 00000000, mem_wdata: 00000000
ClkCycle:       4168, pc_rdata: 00004020, pc_wdata: 00004024, insn: 00785893, mode: 3, rs1_addr: 16, rs1_rdata: ed9f56ff, rs2_addr:  7, rs2_rdata: 003fbb6f, rd_addr: 17, rd_wdata: 6cfab7fb, mem_addr: 6cfab7fb, mem_rdata: 00000000, mem_wdata: 003fbb6f
ClkCycle:       4169, pc_rdata: 00004024, pc_wdata: 00004028, insn: 03985793, mode: 3, rs1_addr: 16, rs1_rdata: 7d5bfc00, rs2_addr: 25, rs2_rdata: 00000000, rd_addr: 15, rd_wdata: adfddb3e, mem_addr: adfddb3e, mem_rdata: 00000000, mem_wdata: 00000000
ClkCycle:       4170, pc_rdata: 00004028, pc_wdata: 0000402c, insn: 00f8e8b3, mode: 3, rs1_addr: 17, rs1_rdata: bffeffff, rs2_addr: 15, rs2_rdata: 00000000, rd_addr: 17, rd_wdata: edffffff, mem_addr: edffffff, mem_rdata: 00000000, mem_wdata: adfddb3e
ClkCycle:       4171, pc_rdata: 0000402c, pc_wdata: 00004030, insn: 0078d913, mode: 3, rs1_addr: 17, rs1_rdata: 6cfab7fb, rs2_addr:  7, rs2_rdata: 003fbb6f, rd_addr: 18, rd_wdata: ffdbffff, mem_addr: ffdbffff, mem_rdata: 00000000, mem_wdata: 003fbb6f
ClkCycle:       4172, pc_rdata: 00004030, pc_wdata: 00004034, insn: 0398d793, mode: 3, rs1_addr: 17, rs1_rdata: 6cfab7fb, rs2_addr: 25, rs2_rdata: 00000000, rd_addr: 15, rd_wdata: 7d5bfff6, mem_addr: 7d5bfff6, mem_rdata: 00000000, mem_wdata: 00000000
ClkCycle:       4173, pc_rdata: 00004034, pc_wdata: 00004038, insn: 00f96933, mode: 3, rs1_addr: 18, rs1_rdata: ff7fffff, rs2_addr: 15, rs2_rdata: adfddb3e, rd_addr: 18, rd_wdata: ffdbffff, mem_addr: ffdbffff, mem_rdata: 00000000, mem_wdata: 7d5bfff6
ClkCycle:       4174, pc_rdata: 00004038, pc_wdata: 0000403c, insn: 00795993, mode: 3, rs1_addr: 18, rs1_rdata: ffdbffff, rs2_addr:  7, rs2_rdata: 003fbb6f, rd_addr: 19, rd_wdata: dfffb7ff, mem_addr: dfffb7ff, mem_rdata: 00000000, mem_wdata: 003fbb6f
ClkCycle:       4175, pc_rdata: 0000403c, pc_wdata: 00004040, insn: 03995793, mode: 3, rs1_addr: 18, rs1_rdata: ffdbffff, rs2_addr: 25, rs2_rdata: 00000000, rd_addr: 15, rd_wdata: 00fab7ff, mem_addr: 00fab7ff, mem_rdata: 00000000, mem_wdata: 00000000
ClkCycle:       4176, pc_rdata: 00004040, pc_wdata: 00004044, insn: 00f9e9b3, mode: 3, rs1_addr: 19, rs1_rdata: dffeffff, rs2_addr: 15, rs2_rdata: 7d5bfff6, rd_addr: 19, rd_wdata: dfffb7ff, mem_addr: dfffb7ff, mem_rdata: 00000000, mem_wdata: 00fab7ff
ClkCycle:       4177, pc_rdata: 00004044, pc_wdata: 00004048, insn: 0079da13, mode: 3, rs1_addr: 19, rs1_rdata: dfffb7ff, rs2_addr:  7, rs2_rdata: 003fbb6f, rd_addr: 20, rd_wdata: d5bfff6f, mem_addr: d5bfff6f, mem_rdata: 00000000, mem_wdata: 003fbb6f
ClkCycle:       4178, pc_rdata: 00004048, pc_wdata: 0000404c, insn: 0399d793, mode: 3, rs1_addr: 19, rs1_rdata: dfffb7ff, rs2_addr: 25, rs2_rdata: 00000000, rd_addr: 15, rd_wdata: 0001f56f, mem_addr: 0001f56f, mem_rdata: 00000000, mem_wdata: 00000000
ClkCycle:       4179, pc_rdata: 0000404c, pc_wdata: 00004050, insn: 00fa6a33, mode: 3, rs1_addr: 20, rs1_rdata: d5bffdff, rs2_addr: 15, rs2_rdata: 00fab7ff, rd_addr: 20, rd_wdata: d5bfff6f, mem_addr: d5bfff6f, mem_rdata: 00000000, mem_wdata: 0001f56f
ClkCycle:       4180, pc_rdata: 00004050, pc_wdata: 00004054, insn: 007a5a93, mode: 3, rs1_addr: 20, rs1_rdata: d5bfff6f, rs2_addr:  7, rs2_rdata: 003fbb6f, rd_addr: 21, rd_wdata: 0fab7ffe, mem_addr: 0fab7ffe, mem_rdata: 00000000, mem_wdata: 003fbb6f
ClkCycle:       4181, pc_rdata: 00004054, pc_wdata: 00004058, insn: 039a5793, mode: 3, rs1_addr: 20, rs1_rdata: d5bfff6f, rs2_addr: 25, rs2_rdata: 00000000, rd_addr: 15, rd_wdata: 000003ea, mem_addr: 000003ea, mem_rdata: 00000000, mem_wdata: 00000000
ClkCycle:       4182, pc_rdata: 00004058, pc_wdata: 0000405c, insn: 00faeab3, mode: 3, rs1_addr: 21, rs1_rdata: 0fab7ffb, rs2_addr: 15, rs2_rdata: 0001f56f, rd_addr: 21, rd_wdata: 0fab7ffe, mem_addr: 0fab7ffe, mem_rdata: 00000000, mem_wdata: 000003ea
ClkCycle:       4183, pc_rdata: 0000405c, pc_wdata: 00004060, insn: 007adb13, mode: 3, rs1_addr: 21, rs1_rdata: 0fab7ffe, rs2_addr:  7, rs2_rdata: 003fbb6f, rd_addr: 22, rd_wdata: 001f56ff, mem_addr: 001f56ff, mem_rdata: 00000000, mem_wdata: 003fbb6f
ClkCycle:       4184, pc_rdata: 00004060, pc_wdata: 00004064, insn: 039ad793, mode: 3, rs1_addr: 21, rs1_rdata: 0fab7ffe, rs2_addr: 25, rs2_rdata: 00000000, rd_addr: 15, rd_wdata: 00000007, mem_addr: 00000007, mem_rdata: 00000000, mem_wdata: 00000000
ClkCycle:       4185, pc_rdata: 00004064, pc_wdata: 00004068, insn: 00fb6b33, mode: 3, rs1_addr: 22, rs1_rdata: 001f56ff, rs2_addr: 15, rs2_rdata: 000003ea, rd_addr: 22, rd_wdata: 001f56ff, mem_addr: 001f56ff, mem_rdata: 00000000, mem_wdata: 00000007
ClkCycle:       4186, pc_rdata: 00004068, pc_wdata: 0000406c, insn: 007b5b93, mode: 3, rs1_addr: 22, rs1_rdata: 001f56ff, rs2_addr:  7, rs2_rdata: 003fbb6f, rd_addr: 23, rd_wdata: 00003ead, mem_addr: 00003ead, mem_rdata: 00000000, mem_wdata: 003fbb6f
ClkCycle:       4187, pc_rdata: 0000406c, pc_wdata: 00004070, insn: 039b5793, mode: 3, rs1_addr: 22, rs1_rdata: 001f56ff, rs2_addr: 25, rs2_rdata: 00000000, rd_addr: 15, rd_wdata: 00000000, mem_addr: 00000000, mem_rdata: 00000000, mem_wdata: 00000000
ClkCycle:       4188, pc_rdata: 00004070, pc_wdata: 00004074, insn: 00fbebb3, mode: 3, rs1_addr: 23, rs1_rdata: 00003ead, rs2_addr: 15, rs2_rdata: 00000007, rd_addr: 23, rd_wdata: 00003ead, mem_addr: 00003ead, mem_rdata: 00000000, mem_wdata: 00000000
ClkCycle:       4189, pc_rdata: 00004074, pc_wdata: 00004078, insn: 007bdc13, mode: 3, rs1_addr: 23, rs1_rdata: 00003ead, rs2_addr:  7, rs2_rdata: 003fbb6f, rd_addr: 24, rd_wdata: 0000007d, mem_addr: 0000007d, mem_rdata: 00000000, mem_wdata: 003fbb6f
ClkCycle:       4190, pc_rdata: 00004078, pc_wdata: 0000407c, insn: 039bd793, mode: 3, rs1_addr: 23, rs1_rdata: 00003ead, rs2_addr: 25, rs2_rdata: 00000000, rd_addr: 15, rd_wdata: 00000000, mem_addr: 00000000, mem_rdata: 00000000, mem_wdata: 00000000
ClkCycle:       4191, pc_rdata: 0000407c, pc_wdata: 00004080, insn: 00fc6c33, mode: 3, rs1_addr: 24, rs1_rdata: 0000007d, rs2_addr: 15, rs2_rdata: 00000000, rd_addr: 24, rd_wdata: 0000007d, mem_addr: 0000007d, mem_rdata: 00000000, mem_wdata: 00000000
ClkCycle:       4192, pc_rdata: 00004080, pc_wdata: 00004084, insn: 007c5c93, mode: 3, rs1_addr: 24, rs1_rdata: 0000007d, rs2_addr:  7, rs2_rdata: 003fbb6f, rd_addr: 25, rd_wdata: 00000000, mem_addr: 00000000, mem_rdata: 00000000, mem_wdata: 003fbb6f
ClkCycle:       4193, pc_rdata: 00004084, pc_wdata: 00004088, insn: 039c5793, mode: 3, rs1_addr: 24, rs1_rdata: 0000007d, rs2_addr: 25, rs2_rdata: 00000000, rd_addr: 15, rd_wdata: 00000000, mem_addr: 00000000, mem_rdata: 00000000, mem_wdata: 00000000
ClkCycle:       4194, pc_rdata: 00004088, pc_wdata: 0000408c, insn: 00fcecb3, mode: 3, rs1_addr: 25, rs1_rdata: 00000000, rs2_addr: 15, rs2_rdata: 00000000, rd_addr: 25, rd_wdata: 00000000, mem_addr: 00000000, mem_rdata: 00000000, mem_wdata: 00000000
ClkCycle:       4195, pc_rdata: 0000408c, pc_wdata: 00004090, insn: 007cdd13, mode: 3, rs1_addr: 25, rs1_rdata: 00000000, rs2_addr:  7, rs2_rdata: 003fbb6f, rd_addr: 26, rd_wdata: 00000000, mem_addr: 00000000, mem_rdata: 00000000, mem_wdata: 003fbb6f
ClkCycle:       4196, pc_rdata: 00004090, pc_wdata: 00004094, insn: 039cd793, mode: 3, rs1_addr: 25, rs1_rdata: 00000000, rs2_addr: 25, rs2_rdata: 00000000, rd_addr: 15, rd_wdata: 00000000, mem_addr: 00000000, mem_rdata: 00000000, mem_wdata: 00000000
ClkCycle:       4197, pc_rdata: 00004094, pc_wdata: 00004098, insn: 00fd6d33, mode: 3, rs1_addr: 26, rs1_rdata: 00000000, rs2_addr: 15, rs2_rdata: 00000000, rd_addr: 26, rd_wdata: 00000000, mem_addr: 00000000, mem_rdata: 00000000, mem_wdata: 00000000
ClkCycle:       4198, pc_rdata: 00004098, pc_wdata: 0000409c, insn: 007d5d93, mode: 3, rs1_addr: 26, rs1_rdata: 00000000, rs2_addr:  7, rs2_rdata: 003fbb6f, rd_addr: 27, rd_wdata: 00000000, mem_addr: 00000000, mem_rdata: 00000000, mem_wdata: 003fbb6f
ClkCycle:       4199, pc_rdata: 0000409c, pc_wdata: 000040a0, insn: 039d5793, mode: 3, rs1_addr: 26, rs1_rdata: 00000000, rs2_addr: 25, rs2_rdata: 00000000, rd_addr: 15, rd_wdata: 00000000, mem_addr: 00000000, mem_rdata: 00000000, mem_wdata: 00000000
ClkCycle:       4200, pc_rdata: 000040a0, pc_wdata: 000040a4, insn: 00fdedb3, mode: 3, rs1_addr: 27, rs1_rdata: 00000000, rs2_addr: 15, rs2_rdata: 00000000, rd_addr: 27, rd_wdata: 00000000, mem_addr: 00000000, mem_rdata: 00000000, mem_wdata: 00000000
ClkCycle:       4201, pc_rdata: 000040a4, pc_wdata: 000040a8, insn: 007dde13, mode: 3, rs1_addr: 27, rs1_rdata: 00000000, rs2_addr:  7, rs2_rdata: 003fbb6f, rd_addr: 28, rd_wdata: 00000000, mem_addr: 00000000, mem_rdata: 00000000, mem_wdata: 003fbb6f
ClkCycle:       4202, pc_rdata: 000040a8, pc_wdata: 000040ac, insn: 039dd793, mode: 3, rs1_addr: 27, rs1_rdata: 00000000, rs2_addr: 25, rs2_rdata: 00000000, rd_addr: 15, rd_wdata: 00000000, mem_addr: 00000000, mem_rdata: 00000000, mem_wdata: 00000000
ClkCycle:       4203, pc_rdata: 000040ac, pc_wdata: 000040b0, insn: 00fe6e33, mode: 3, rs1_addr: 28, rs1_rdata: 00000000, rs2_addr: 15, rs2_rdata: 00000000, rd_addr: 28, rd_wdata: 00000000, mem_addr: 00000000, mem_rdata: 00000000, mem_wdata: 00000000
ClkCycle:       4204, pc_rdata: 000040b0, pc_wdata: 000040b4, insn: 007e5e93, mode: 3, rs1_addr: 28, rs1_rdata: 00000000, rs2_addr:  7, rs2_rdata: 003fbb6f, rd_addr: 29, rd_wdata: 00000000, mem_addr: 00000000, mem_rdata: 00000000, mem_wdata: 003fbb6f
ClkCycle:       4205, pc_rdata: 000040b4, pc_wdata: 000040b8, insn: 039e5793, mode: 3, rs1_addr: 28, rs1_rdata: 00000000, rs2_addr: 25, rs2_rdata: 00000000, rd_addr: 15, rd_wdata: 00000000, mem_addr: 00000000, mem_rdata: 00000000, mem_wdata: 00000000
ClkCycle:       4206, pc_rdata: 000040b8, pc_wdata: 000040bc, insn: 00feeeb3, mode: 3, rs1_addr: 29, rs1_rdata: 00000000, rs2_addr: 15, rs2_rdata: 00000000, rd_addr: 29, rd_wdata: 00000000, mem_addr: 00000000, mem_rdata: 00000000, mem_wdata: 00000000
ClkCycle:       4207, pc_rdata: 000040bc, pc_wdata: 000040c0, insn: 007edf13, mode: 3, rs1_addr: 29, rs1_rdata: 00000000, rs2_addr:  7, rs2_rdata: 003fbb6f, rd_addr: 30, rd_wdata: 00000000, mem_addr: 00000000, mem_rdata: 00000000, mem_wdata: 003fbb6f
ClkCycle:       4208, pc_rdata: 000040c0, pc_wdata: 000040c4, insn: 039ed793, mode: 3, rs1_addr: 29, rs1_rdata: 00000000, rs2_addr: 25, rs2_rdata: 00000000, rd_addr: 15, rd_wdata: 00000000, mem_addr: 00000000, mem_rdata: 00000000, mem_wdata: 00000000
ClkCycle:       4209, pc_rdata: 000040c4, pc_wdata: 000040c8, insn: 00ff6f33, mode: 3, rs1_addr: 30, rs1_rdata: 641f09b6, rs2_addr: 15, rs2_rdata: 00000000, rd_addr: 30, rd_wdata: 00000000, mem_addr: 00000000, mem_rdata: 00000000, mem_wdata: 00000000
ClkCycle:       4210, pc_rdata: 000040c8, pc_wdata: 000040cc, insn: feedc0b7, mode: 3, rs1_addr: 27, rs1_rdata: 00000000, rs2_addr: 14, rs2_rdata: 00000000, rd_addr:  1, rd_wdata: feedc000, mem_addr: feedc000, mem_rdata: 00000000, mem_wdata: 00000000
ClkCycle:       4211, pc_rdata: 000040cc, pc_wdata: 000040d0, insn: ead08093, mode: 3, rs1_addr:  1, rs1_rdata: 00000001, rs2_addr: 13, rs2_rdata: 00000000, rd_addr:  1, rd_wdata: feedbead, mem_addr: feedbead, mem_rdata: 00000000, mem_wdata: 00000000
ClkCycle:       4212, pc_rdata: 000040d0, pc_wdata: 000040d4, insn: 00b09093, mode: 3, rs1_addr:  1, rs1_rdata: 00000001, rs2_addr: 11, rs2_rdata: 00000000, rd_addr:  1, rd_wdata: 6df56800, mem_addr: 6df56800, mem_rdata: 00000000, mem_wdata: 00000000
ClkCycle:       4213, pc_rdata: 000040d4, pc_wdata: 000040d8, insn: 7f708093, mode: 3, rs1_addr:  1, rs1_rdata: feedc000, rs2_addr: 23, rs2_rdata: 00003ead, rd_addr:  1, rd_wdata: 6df56ff7, mem_addr: 6df56ff7, mem_rdata: 00000000, mem_wdata: 00003ead
ClkCycle:       4214, pc_rdata: 000040d8, pc_wdata: 000040dc, insn: 00b09093, mode: 3, rs1_addr:  1, rs1_rdata: feedbead, rs2_addr: 11, rs2_rdata: 00000000, rd_addr:  1, rd_wdata: ab7fb800, mem_addr: ab7fb800, mem_rdata: 00000000, mem_wdata: 00000000
ClkCycle:       4215, pc_rdata: 000040dc, pc_wdata: 000040e0, insn: 36f08093, mode: 3, rs1_addr:  1, rs1_rdata: 6df56800, rs2_addr: 15, rs2_rdata: 00000000, rd_addr:  1, rd_wdata: ab7fbb6f, mem_addr: ab7fbb6f, mem_rdata: 00000000, mem_wdata: 00000000
ClkCycle:       4216, pc_rdata: 000040e0, pc_wdata: 000040e4, insn: 00a09093, mode: 3, rs1_addr:  1, rs1_rdata: 6df56ff7, rs2_addr: 10, rs2_rdata: 00000001, rd_addr:  1, rd_wdata: feedbc00, mem_addr: feedbc00, mem_rdata: 00000000, mem_wdata: 00000001
ClkCycle:       4217, pc_rdata: 000040e4, pc_wdata: 000040e8, insn: 2ad08093, mode: 3, rs1_addr:  1, rs1_rdata: ab7fb800, rs2_addr: 13, rs2_rdata: 00000000, rd_addr:  1, rd_wdata: feedbead, mem_addr: feedbead, mem_rdata: 00000000, mem_wdata: 00000000
ClkCycle:       4218, pc_rdata: 000040e8, pc_wdata: 000040ec, insn: 0070d113, mode: 3, rs1_addr:  1, rs1_rdata: ab7fbb6f, rs2_addr:  7, rs2_rdata: 003fbb6f, rd_addr:  2, rd_wdata: 5bfddb7d, mem_addr: 5bfddb7d, mem_rdata: 00000000, mem_wdata: 003fbb6f
ClkCycle:       4219, pc_rdata: 000040ec, pc_wdata: 000040f0, insn: 0390d793, mode: 3, rs1_addr:  1, rs1_rdata: feedbc00, rs2_addr: 25, rs2_rdata: 00000000, rd_addr: 15, rd_wdata: 76df56ff, mem_addr: 76df56ff, mem_rdata: 00000000, mem_wdata: 00000000
ClkCycle:       4220, pc_rdata: 000040f0, pc_wdata: 000040f4, insn: 00f16133, mode: 3, rs1_addr:  2, rs1_rdata: 7fffffe0, rs2_addr: 15, rs2_rdata: 00000000, rd_addr:  2, rd_wdata: 7fffdfff, mem_addr: 7fffdfff, mem_rdata: 00000000, mem_wdata: 76df56ff
ClkCycle:       4221, pc_rdata: 000040f4, pc_wdata: 000040f8, insn: 00715193, mode: 3, rs1_addr:  2, rs1_rdata: 5bfddb7d, rs2_addr:  7, rs2_rdata: 003fbb6f, rd_addr:  3, rd_wdata: feffffbf, mem_addr: feffffbf, mem_rdata: 00000000, mem_wdata: 003fbb6f
ClkCycle:       4222, pc_rdata: 000040f8, pc_wdata: 000040fc, insn: 03915793, mode: 3, rs1_addr:  2, rs1_rdata: 5bfddb7d, rs2_addr: 25, rs2_rdata: 00000000, rd_addr: 15, rd_wdata: feedbfbf, mem_addr: feedbfbf, mem_rdata: 00000000, mem_wdata: 00000000
ClkCycle:       4223, pc_rdata: 000040fc, pc_wdata: 00004100, insn: 00f1e1b3, mode: 3, rs1_addr:  3, rs1_rdata: feffffbf, rs2_addr: 15, rs2_rdata: 76df56ff, rd_addr:  3, rd_wdata: feffffbf, mem_addr: feffffbf, mem_rdata: 00000000, mem_wdata: feedbfbf
ClkCycle:       4224, pc_rdata: 00004100, pc_wdata: 00004104, insn: 0071d213, mode: 3, rs1_addr:  3, rs1_rdata: feffffbf, rs2_addr:  7, rs2_rdata: 003fbb6f, rd_addr:  4, rd_wdata: 6dfdffff, mem_addr: 6dfdffff, mem_rdata: 00000000, mem_wdata: 003fbb6f
ClkCycle:       4225, pc_rdata: 00004104, pc_wdata: 00004108, insn: 0391d793, mode: 3, rs1_addr:  3, rs1_rdata: feffffbf, rs2_addr: 25, rs2_rdata: 00000000, rd_addr: 15, rd_wdata: 01fddb7f, mem_addr: 01fddb7f, mem_rdata: 00000000, mem_wdata: 00000000
ClkCycle:       4226, pc_rdata: 00004108, pc_wdata: 0000410c, insn: 00f26233, mode: 3, rs1_addr:  4, rs1_rdata: 6dfdffff, rs2_addr: 15, rs2_rdata: feedbfbf, rd_addr:  4, rd_wdata: 6dfdffff, mem_addr: 6dfdffff, mem_rdata: 00000000, mem_wdata: 01fddb7f
ClkCycle:       4227, pc_rdata: 0000410c, pc_wdata: 00004110, insn: 00725293, mode: 3, rs1_addr:  4, rs1_rdata: 6dfdffff, rs2_addr:  7, rs2_rdata: 003fbb6f, rd_addr:  5, rd_wdata: eedbfbff, mem_addr: eedbfbff, mem_rdata: 00000000, mem_wdata: 003fbb6f
ClkCycle:       4228, pc_rdata: 00004110, pc_wdata: 00004114, insn: 03925793, mode: 3, rs1_addr:  4, rs1_rdata: 6dfdffff, rs2_addr: 25, rs2_rdata: 00000000, rd_addr: 15, rd_wdata: 0003fbb6, mem_addr: 0003fbb6, mem_rdata: 00000000, mem_wdata: 00000000
ClkCycle:       4229, pc_rdata: 00004114, pc_wdata: 00004118, insn: 00f2e2b3, mode: 3, rs1_addr:  5, rs1_rdata: eedbfbff, rs2_addr: 15, rs2_rdata: 01fddb7f, rd_addr:  5, rd_wdata: eedbfbff, mem_addr: eedbfbff, mem_rdata: 00000000, mem_wdata: 0003fbb6
ClkCycle:       4230, pc_rdata: 00004118, pc_wdata: 0000411c, insn: 0072d313, mode: 3, rs1_addr:  5, rs1_rdata: eedbfbff, rs2_addr:  7, rs2_rdata: 003fbb6f, rd_addr:  6, rd_wdata: 1fddb7f7, mem_addr: 1fddb7f7, mem_rdata: 00000000, mem_wdata: 003fbb6f
ClkCycle:       4231, pc_rdata: 0000411c, pc_wdata: 00004120, insn: 0392d793, mode: 3, rs1_addr:  5, rs1_rdata: eedbfbff, rs2_addr: 25, rs2_rdata: 00000000, rd_addr: 15, rd_wdata: 000007f7, mem_addr: 000007f7, mem_rdata: 00000000, mem_wdata: 00000000
ClkCycle:       4232, pc_rdata: 00004120, pc_wdata: 00004124, insn: 00f36333, mode: 3, rs1_addr:  6, rs1_rdata: 1fddb7f7, rs2_addr: 15, rs2_rdata: 0003fbb6, rd_addr:  6, rd_wdata: 1fddb7f7, mem_addr: 1fddb7f7, mem_rdata: 00000000, mem_wdata: 000007f7
ClkCycle:       4233, pc_rdata: 00004124, pc_wdata: 00004128, insn: 00735393, mode: 3, rs1_addr:  6, rs1_rdata: 1fddb7f7, rs2_addr:  7, rs2_rdata: 003fbb6f, rd_addr:  7, rd_wdata: 003fbb6f, mem_addr: 003fbb6f, mem_rdata: 00000000, mem_wdata: 003fbb6f
ClkCycle:       4234, pc_rdata: 00004128, pc_wdata: 0000412c, insn: 03935793, mode: 3, rs1_addr:  6, rs1_rdata: 1fddb7f7, rs2_addr: 25, rs2_rdata: 00000000, rd_addr: 15, rd_wdata: 0000000f, mem_addr: 0000000f, mem_rdata: 00000000, mem_wdata: 00000000
ClkCycle:       4235, pc_rdata: 0000412c, pc_wdata: 00004130, insn: 00f3e3b3, mode: 3, rs1_addr:  7, rs1_rdata: 003fbb6f, rs2_addr: 15, rs2_rdata: 000007f7, rd_addr:  7, rd_wdata: 003fbb6f, mem_addr: 003fbb6f, mem_rdata: 00000000, mem_wdata: 0000000f
ClkCycle:       4236, pc_rdata: 00004130, pc_wdata: 00004134, insn: 0073d413, mode: 3, rs1_addr:  7, rs1_rdata: 003fbb6f, rs2_addr:  7, rs2_rdata: 003fbb6f, rd_addr:  8, rd_wdata: 00007f76, mem_addr: 00007f76, mem_rdata: 00000000, mem_wdata: 003fbb6f
ClkCycle:       4237, pc_rdata: 00004134, pc_wdata: 00004138, insn: 0393d793, mode: 3, rs1_addr:  7, rs1_rdata: 003fbb6f, rs2_addr: 25, rs2_rdata: 00000000, rd_addr: 15, rd_wdata: 00000000, mem_addr: 00000000, mem_rdata: 00000000, mem_wdata: 00000000
ClkCycle:       4238, pc_rdata: 00004138, pc_wdata: 0000413c, insn: 00f46433, mode: 3, rs1_addr:  8, rs1_rdata: 7fffffe0, rs2_addr: 15, rs2_rdata: 0000000f, rd_addr:  8, rd_wdata: 00007f76, mem_addr: 00007f76, mem_rdata: 00000000, mem_wdata: 00000000
ClkCycle:       4239, pc_rdata: 0000413c, pc_wdata: 00004140, insn: 00745493, mode: 3, rs1_addr:  8, rs1_rdata: 00007f76, rs2_addr:  7, rs2_rdata: 003fbb6f, rd_addr:  9, rd_wdata: 000000fe, mem_addr: 000000fe, mem_rdata: 00000000, mem_wdata: 003fbb6f
ClkCycle:       4240, pc_rdata: 00004140, pc_wdata: 00004144, insn: 03945793, mode: 3, rs1_addr:  8, rs1_rdata: 00007f76, rs2_addr: 25, rs2_rdata: 00000000, rd_addr: 15, rd_wdata: 00000000, mem_addr: 00000000, mem_rdata: 00000000, mem_wdata: 00000000
ClkCycle:       4241, pc_rdata: 00004144, pc_wdata: 00004148, insn: 00f4e4b3, mode: 3, rs1_addr:  9, rs1_rdata: 000000fe, rs2_addr: 15, rs2_rdata: 00000000, rd_addr:  9, rd_wdata: 000000fe, mem_addr: 000000fe, mem_rdata: 00000000, mem_wdata: 00000000
ClkCycle:       4242, pc_rdata: 00004148, pc_wdata: 0000414c, insn: 0074d513, mode: 3, rs1_addr:  9, rs1_rdata: 000000fe, rs2_addr:  7, rs2_rdata: 003fbb6f, rd_addr: 10, rd_wdata: 00000001, mem_addr: 00000001, mem_rdata: 00000000, mem_wdata: 003fbb6f
ClkCycle:       4243, pc_rdata: 0000414c, pc_wdata: 00004150, insn: 0394d793, mode: 3, rs1_addr:  9, rs1_rdata: 000000fe, rs2_addr: 25, rs2_rdata: 00000000, rd_addr: 15, rd_wdata: 00000000, mem_addr: 00000000, mem_rdata: 00000000, mem_wdata: 00000000
ClkCycle:       4244, pc_rdata: 00004150, pc_wdata: 00004154, insn: 00f56533, mode: 3, rs1_addr: 10, rs1_rdata: 00000001, rs2_addr: 15, rs2_rdata: 00000000, rd_addr: 10, rd_wdata: 00000001, mem_addr: 00000001, mem_rdata: 00000000, mem_wdata: 00000000
ClkCycle:       4245, pc_rdata: 00004154, pc_wdata: 00004158, insn: 00755593, mode: 3, rs1_addr: 10, rs1_rdata: 00000001, rs2_addr:  7, rs2_rdata: 003fbb6f, rd_addr: 11, rd_wdata: 00000000, mem_addr: 00000000, mem_rdata: 00000000, mem_wdata: 003fbb6f
ClkCycle:       4246, pc_rdata: 00004158, pc_wdata: 0000415c, insn: 03955793, mode: 3, rs1_addr: 10, rs1_rdata: 00000001, rs2_addr: 25, rs2_rdata: 00000000, rd_addr: 15, rd_wdata: 00000000, mem_addr: 00000000, mem_rdata: 00000000, mem_wdata: 00000000
ClkCycle:       4247, pc_rdata: 0000415c, pc_wdata: 00004160, insn: 00f5e5b3, mode: 3, rs1_addr: 11, rs1_rdata: 00000000, rs2_addr: 15, rs2_rdata: 00000000, rd_addr: 11, rd_wdata: 00000000, mem_addr: 00000000, mem_rdata: 00000000, mem_wdata: 00000000
ClkCycle:       4248, pc_rdata: 00004160, pc_wdata: 00004164, insn: 0075d613, mode: 3, rs1_addr: 11, rs1_rdata: 00000000, rs2_addr:  7, rs2_rdata: 003fbb6f, rd_addr: 12, rd_wdata: 00000000, mem_addr: 00000000, mem_rdata: 00000000, mem_wdata: 003fbb6f
ClkCycle:       4249, pc_rdata: 00004164, pc_wdata: 00004168, insn: 0395d793, mode: 3, rs1_addr: 11, rs1_rdata: 00000000, rs2_addr: 25, rs2_rdata: 00000000, rd_addr: 15, rd_wdata: 00000000, mem_addr: 00000000, mem_rdata: 00000000, mem_wdata: 00000000
ClkCycle:       4250, pc_rdata: 00004168, pc_wdata: 0000416c, insn: 00f66633, mode: 3, rs1_addr: 12, rs1_rdata: 00000000, rs2_addr: 15, rs2_rdata: 00000000, rd_addr: 12, rd_wdata: 00000000, mem_addr: 00000000, mem_rdata: 00000000, mem_wdata: 00000000
ClkCycle:       4251, pc_rdata: 0000416c, pc_wdata: 00004170, insn: 00765693, mode: 3, rs1_addr: 12, rs1_rdata: 00000000, rs2_addr:  7, rs2_rdata: 003fbb6f, rd_addr: 13, rd_wdata: 00000000, mem_addr: 00000000, mem_rdata: 00000000, mem_wdata: 003fbb6f
ClkCycle:       4252, pc_rdata: 00004170, pc_wdata: 00004174, insn: 03965793, mode: 3, rs1_addr: 12, rs1_rdata: 00000000, rs2_addr: 25, rs2_rdata: 00000000, rd_addr: 15, rd_wdata: 00000000, mem_addr: 00000000, mem_rdata: 00000000, mem_wdata: 00000000
ClkCycle:       4253, pc_rdata: 00004174, pc_wdata: 00004178, insn: 00f6e6b3, mode: 3, rs1_addr: 13, rs1_rdata: 00000000, rs2_addr: 15, rs2_rdata: 00000000, rd_addr: 13, rd_wdata: 00000000, mem_addr: 00000000, mem_rdata: 00000000, mem_wdata: 00000000
ClkCycle:       4254, pc_rdata: 00004178, pc_wdata: 0000417c, insn: 00000013, mode: 3, rs1_addr:  0, rs1_rdata: 00000000, rs2_addr:  0, rs2_rdata: 00000000, rd_addr:  0, rd_wdata: 00000000, mem_addr: 00000000, mem_rdata: 00000000, mem_wdata: 00000000
ClkCycle:       4255, pc_rdata: 0000417c, pc_wdata: 00004180, insn: 00000013, mode: 3, rs1_addr:  0, rs1_rdata: 00000000, rs2_addr:  0, rs2_rdata: 00000000, rd_addr:  0, rd_wdata: 00000000, mem_addr: 00000000, mem_rdata: 00000000, mem_wdata: 00000000
ClkCycle:       4256, pc_rdata: 00004180, pc_wdata: 00004184, insn: 00003097, mode: 3, rs1_addr:  0, rs1_rdata: 00000000, rs2_addr:  0, rs2_rdata: 00000000, rd_addr:  1, rd_wdata: 00007180, mem_addr: 00007180, mem_rdata: 00000000, mem_wdata: 00000000
ClkCycle:       4257, pc_rdata: 00004184, pc_wdata: 00004188, insn: f9808093, mode: 3, rs1_addr:  1, rs1_rdata: feedbead, rs2_addr: 24, rs2_rdata: 0000007d, rd_addr:  1, rd_wdata: 00007118, mem_addr: 00007118, mem_rdata: 00000000, mem_wdata: 0000007d
ClkCycle:       4258, pc_rdata: 00004188, pc_wdata: 0000418c, insn: 00000013, mode: 3, rs1_addr:  0, rs1_rdata: 00000000, rs2_addr:  0, rs2_rdata: 00000000, rd_addr:  0, rd_wdata: 00000000, mem_addr: 00000000, mem_rdata: 00000000, mem_wdata: 00000000
ClkCycle:       4259, pc_rdata: 0000418c, pc_wdata: 00004190, insn: 00000013, mode: 3, rs1_addr:  0, rs1_rdata: 00000000, rs2_addr:  0, rs2_rdata: 00000000, rd_addr:  0, rd_wdata: 00000000, mem_addr: 00000000, mem_rdata: 00000000, mem_wdata: 00000000
ClkCycle:       4260, pc_rdata: 00004190, pc_wdata: 00004194, insn: 00000013, mode: 3, rs1_addr:  0, rs1_rdata: 00000000, rs2_addr:  0, rs2_rdata: 00000000, rd_addr:  0, rd_wdata: 00000000, mem_addr: 00000000, mem_rdata: 00000000, mem_wdata: 00000000
ClkCycle:       4261, pc_rdata: 00004194, pc_wdata: 00004198, insn: 00000013, mode: 3, rs1_addr:  0, rs1_rdata: 00000000, rs2_addr:  0, rs2_rdata: 00000000, rd_addr:  0, rd_wdata: 00000000, mem_addr: 00000000, mem_rdata: 00000000, mem_wdata: 00000000
ClkCycle:       4262, pc_rdata: 00004198, pc_wdata: 0000419c, insn: 00000013, mode: 3, rs1_addr:  0, rs1_rdata: 00000000, rs2_addr:  0, rs2_rdata: 00000000, rd_addr:  0, rd_wdata: 00000000, mem_addr: 00000000, mem_rdata: 00000000, mem_wdata: 00000000
ClkCycle:       4263, pc_rdata: 0000419c, pc_wdata: 000041a0, insn: 00000013, mode: 3, rs1_addr:  0, rs1_rdata: 00000000, rs2_addr:  0, rs2_rdata: 00000000, rd_addr:  0, rd_wdata: 00000000, mem_addr: 00000000, mem_rdata: 00000000, mem_wdata: 00000000
ClkCycle:       4264, pc_rdata: 000041a0, pc_wdata: 000041a4, insn: 10000113, mode: 3, rs1_addr:  0, rs1_rdata: 00000000, rs2_addr:  0, rs2_rdata: 00000000, rd_addr:  2, rd_wdata: 00000100, mem_addr: 00000100, mem_rdata: 00000000, mem_wdata: 00000000
ClkCycle:       4265, pc_rdata: 000041a4, pc_wdata: 000041a6, insn: b0236111, mode: 3, rs1_addr:  2, rs1_rdata: 7fffdfff, rs2_addr:  0, rs2_rdata: 00000000, rd_addr:  2, rd_wdata: 00000200, mem_addr: 00000200, mem_rdata: 00000000, mem_wdata: 00000000
ClkCycle:       4266, pc_rdata: 000041a6, pc_wdata: 000041aa, insn: b0236111, mode: 3, rs1_addr:  0, rs1_rdata: 00000000, rs2_addr:  0, rs2_rdata: 00000000, rd_addr:  0, rd_wdata: 00000000, mem_addr: 00000000, mem_rdata: 00000000, mem_wdata: 00000000
0000000100007118
ClkCycle:       4267, pc_rdata: 000041aa, pc_wdata: 000041ae, insn: 11130010, mode: 3, rs1_addr:  1, rs1_rdata: 00007118, rs2_addr:  1, rs2_rdata: 00007118, rd_addr:  0, rd_wdata: 00007118, mem_addr: 00007118, mem_rdata: 00000000, mem_wdata: 00007118
ClkCycle:       4268, pc_rdata: 000041ae, pc_wdata: 000041b2, insn: 11130010, mode: 3, rs1_addr:  0, rs1_rdata: 00000000, rs2_addr:  0, rs2_rdata: 00000000, rd_addr:  0, rd_wdata: 00000000, mem_addr: 00000000, mem_rdata: 00000000, mem_wdata: 00000000
ClkCycle:       4269, pc_rdata: 000041b2, pc_wdata: 000041b6, insn: 0020b423, mode: 3, rs1_addr:  6, rs1_rdata: 1fddb7f7, rs2_addr:  2, rs2_rdata: 00000200, rd_addr:  2, rd_wdata: 7f76dfdc, mem_addr: 7f76dfdc, mem_rdata: 00000000, mem_wdata: 00000200
ClkCycle:       4270, pc_rdata: 000041b6, pc_wdata: 000041ba, insn: 0020b423, mode: 3, rs1_addr:  0, rs1_rdata: 00000000, rs2_addr:  0, rs2_rdata: 00000000, rd_addr:  0, rd_wdata: 00000000, mem_addr: 00000000, mem_rdata: 00000000, mem_wdata: 00000000
ClkCycle:       4271, pc_rdata: 000041ba, pc_wdata: 000041bc, insn: 02611113, mode: 3, rs1_addr:  2, rs1_rdata: 00000200, rs2_addr:  8, rs2_rdata: 00007f76, rd_addr:  8, rd_wdata: 7f76dfe4, mem_addr: 7f76dfe4, mem_rdata: 00000000, mem_wdata: 00007f76
ClkCycle:       4272, pc_rdata: 000041bc, pc_wdata: 000041c0, insn: 02611113, mode: 3, rs1_addr:  2, rs1_rdata: 7f76dfdc, rs2_addr:  6, rs2_rdata: 1fddb7f7, rd_addr:  2, rd_wdata: ddb7f700, mem_addr: ddb7f700, mem_rdata: 00000000, mem_wdata: 1fddb7f7
ClkCycle:       4273, pc_rdata: 000041c0, pc_wdata: 000041c4, insn: fff14113, mode: 3, rs1_addr:  2, rs1_rdata: 7f76dfdc, rs2_addr: 31, rs2_rdata: 00000000, rd_addr:  2, rd_wdata: 224808ff, mem_addr: 224808ff, mem_rdata: 00000000, mem_wdata: 00000000
ClkCycle:       4274, pc_rdata: 000041c4, pc_wdata: 000041c6, insn: b8236149, mode: 3, rs1_addr:  2, rs1_rdata: 7f76dfdc, rs2_addr: 16, rs2_rdata: 7d5bfddb, rd_addr:  2, rd_wdata: 2248098f, mem_addr: 2248098f, mem_rdata: 00000000, mem_wdata: 7d5bfddb
ClkCycle:       4275, pc_rdata: 000041c6, pc_wdata: 000041ca, insn: b8236149, mode: 3, rs1_addr:  0, rs1_rdata: 00000000, rs2_addr:  0, rs2_rdata: 00000000, rd_addr:  0, rd_wdata: 00000000, mem_addr: 00000000, mem_rdata: 00000000, mem_wdata: 00000000
0000000000000000
ClkCycle:       4276, pc_rdata: 000041ca, pc_wdata: 000041ce, insn: 7101ffe0, mode: 3, rs1_addr:  1, rs1_rdata: 00007118, rs2_addr: 30, rs2_rdata: 00000000, rd_addr: 16, rd_wdata: 00007108, mem_addr: 00007108, mem_rdata: 00000000, mem_wdata: 00000000
ClkCycle:       4277, pc_rdata: 000041ce, pc_wdata: 000041d2, insn: 7101ffe0, mode: 3, rs1_addr:  0, rs1_rdata: 00000000, rs2_addr:  0, rs2_rdata: 00000000, rd_addr:  0, rd_wdata: 00000000, mem_addr: 00000000, mem_rdata: 00000000, mem_wdata: 00000000
ClkCycle:       4278, pc_rdata: 000041d2, pc_wdata: 000041d4, insn: fff00113, mode: 3, rs1_addr:  2, rs1_rdata: 2248098f, rs2_addr:  0, rs2_rdata: 00000000, rd_addr:  2, rd_wdata: 2248078f, mem_addr: 2248078f, mem_rdata: 00000000, mem_wdata: 00000000
ClkCycle:       4279, pc_rdata: 000041d4, pc_wdata: 000041d8, insn: fff00113, mode: 3, rs1_addr:  0, rs1_rdata: 00000000, rs2_addr: 31, rs2_rdata: 00000000, rd_addr:  2, rd_wdata: ffffffff, mem_addr: ffffffff, mem_rdata: 00000000, mem_wdata: 00000000
ClkCycle:       4280, pc_rdata: 000041d8, pc_wdata: 000041dc, insn: 03f11113, mode: 3, rs1_addr:  2, rs1_rdata: 2248098f, rs2_addr: 31, rs2_rdata: 00000000, rd_addr:  2, rd_wdata: 80000000, mem_addr: 80000000, mem_rdata: 00000000, mem_wdata: 00000000
ClkCycle:       4281, pc_rdata: 000041dc, pc_wdata: 000041de, insn: b0236141, mode: 3, rs1_addr:  2, rs1_rdata: 2248078f, rs2_addr: 16, rs2_rdata: 7d5bfddb, rd_addr:  2, rd_wdata: 80000010, mem_addr: 80000010, mem_rdata: 00000000, mem_wdata: 7d5bfddb
ClkCycle:       4282, pc_rdata: 000041de, pc_wdata: 000041e2, insn: b0236141, mode: 3, rs1_addr:  0, rs1_rdata: 00000000, rs2_addr:  0, rs2_rdata: 00000000, rd_addr:  0, rd_wdata: 00000000, mem_addr: 00000000, mem_rdata: 00000000, mem_wdata: 00000000
0000000000000000
ClkCycle:       4283, pc_rdata: 000041e2, pc_wdata: 000041e6, insn: 61450000, mode: 3, rs1_addr:  1, rs1_rdata: 00007118, rs2_addr:  0, rs2_rdata: 00000000, rd_addr:  0, rd_wdata: 00007118, mem_addr: 00007118, mem_rdata: 00000000, mem_wdata: 00000000
ClkCycle:       4284, pc_rdata: 000041e6, pc_wdata: 000041ea, insn: 61450000, mode: 3, rs1_addr:  0, rs1_rdata: 00000000, rs2_addr:  0, rs2_rdata: 00000000, rd_addr:  0, rd_wdata: 00000000, mem_addr: 00000000, mem_rdata: 00000000, mem_wdata: 00000000
ClkCycle:       4285, pc_rdata: 000041ea, pc_wdata: 000041ec, insn: fff00113, mode: 3, rs1_addr:  2, rs1_rdata: 80000010, rs2_addr: 16, rs2_rdata: 7d5bfddb, rd_addr:  2, rd_wdata: 80000040, mem_addr: 80000040, mem_rdata: 00000000, mem_wdata: 7d5bfddb
ClkCycle:       4286, pc_rdata: 000041ec, pc_wdata: 000041f0, insn: fff00113, mode: 3, rs1_addr:  0, rs1_rdata: 00000000, rs2_addr: 31, rs2_rdata: 00000000, rd_addr:  2, rd_wdata: ffffffff, mem_addr: ffffffff, mem_rdata: 00000000, mem_wdata: 00000000
ClkCycle:       4287, pc_rdata: 000041f0, pc_wdata: 000041f4, insn: 00115113, mode: 3, rs1_addr:  2, rs1_rdata: 80000010, rs2_addr:  1, rs2_rdata: 00007118, rd_addr:  2, rd_wdata: 7fffffff, mem_addr: 7fffffff, mem_rdata: 00000000, mem_wdata: 00007118
ClkCycle:       4288, pc_rdata: 000041f4, pc_wdata: 000041f6, insn: b8236149, mode: 3, rs1_addr:  2, rs1_rdata: 80000040, rs2_addr: 16, rs2_rdata: 7d5bfddb, rd_addr:  2, rd_wdata: 8000008f, mem_addr: 8000008f, mem_rdata: 00000000, mem_wdata: 7d5bfddb
ClkCycle:       4289, pc_rdata: 000041f6, pc_wdata: 000041fa, insn: b8236149, mode: 3, rs1_addr:  0, rs1_rdata: 00000000, rs2_addr:  0, rs2_rdata: 00000000, rd_addr:  0, rd_wdata: 00000000, mem_addr: 00000000, mem_rdata: 00000000, mem_wdata: 00000000
0000000100007118
ClkCycle:       4290, pc_rdata: 000041fa, pc_wdata: 000041fe, insn: 616d0010, mode: 3, rs1_addr:  1, rs1_rdata: 00007118, rs2_addr:  1, rs2_rdata: 00007118, rd_addr: 16, rd_wdata: 00007128, mem_addr: 00007128, mem_rdata: 00000000, mem_wdata: 00007118
ClkCycle:       4291, pc_rdata: 000041fe, pc_wdata: 00004202, insn: 616d0010, mode: 3, rs1_addr:  0, rs1_rdata: 00000000, rs2_addr:  0, rs2_rdata: 00000000, rd_addr:  0, rd_wdata: 00000000, mem_addr: 00000000, mem_rdata: 00000000, mem_wdata: 00000000
ClkCycle:       4292, pc_rdata: 00004202, pc_wdata: 00004204, insn: 00100113, mode: 3, rs1_addr:  2, rs1_rdata: 8000008f, rs2_addr: 16, rs2_rdata: 7d5bfddb, rd_addr:  2, rd_wdata: 8000017f, mem_addr: 8000017f, mem_rdata: 00000000, mem_wdata: 7d5bfddb
ClkCycle:       4293, pc_rdata: 00004204, pc_wdata: 00004208, insn: 00100113, mode: 3, rs1_addr:  0, rs1_rdata: 00000000, rs2_addr:  1, rs2_rdata: 00007118, rd_addr:  2, rd_wdata: 00000001, mem_addr: 00000001, mem_rdata: 00000000, mem_wdata: 00007118
ClkCycle:       4294, pc_rdata: 00004208, pc_wdata: 0000420c, insn: 01011113, mode: 3, rs1_addr:  2, rs1_rdata: 8000008f, rs2_addr: 16, rs2_rdata: 7d5bfddb, rd_addr:  2, rd_wdata: 00010000, mem_addr: 00010000, mem_rdata: 00000000, mem_wdata: 7d5bfddb
ClkCycle:       4295, pc_rdata: 0000420c, pc_wdata: 00004210, insn: fff14113, mode: 3, rs1_addr:  2, rs1_rdata: 8000017f, rs2_addr: 31, rs2_rdata: 00000000, rd_addr:  2, rd_wdata: fffeffff, mem_addr: fffeffff, mem_rdata: 00000000, mem_wdata: 00000000
ClkCycle:       4296, pc_rdata: 00004210, pc_wdata: 00004212, insn: b023617d, mode: 3, rs1_addr:  2, rs1_rdata: 00000001, rs2_addr: 16, rs2_rdata: 7d5bfddb, rd_addr:  2, rd_wdata: ffff01ef, mem_addr: ffff01ef, mem_rdata: 00000000, mem_wdata: 7d5bfddb
ClkCycle:       4297, pc_rdata: 00004212, pc_wdata: 00004216, insn: b023617d, mode: 3, rs1_addr:  0, rs1_rdata: 00000000, rs2_addr:  0, rs2_rdata: 00000000, rd_addr:  0, rd_wdata: 00000000, mem_addr: 00000000, mem_rdata: 00000000, mem_wdata: 00000000
00000000ffff01ef
ClkCycle:       4298, pc_rdata: 00004216, pc_wdata: 0000421a, insn: 61710020, mode: 3, rs1_addr:  1, rs1_rdata: 00007118, rs2_addr:  2, rs2_rdata: fffeffff, rd_addr:  0, rd_wdata: 00007118, mem_addr: 00007118, mem_rdata: 00000000, mem_wdata: ffff01ef
ClkCycle:       4299, pc_rdata: 0000421a, pc_wdata: 0000421e, insn: 61710020, mode: 3, rs1_addr:  0, rs1_rdata: 00000000, rs2_addr:  0, rs2_rdata: 00000000, rd_addr:  0, rd_wdata: 00000000, mem_addr: 00000000, mem_rdata: 00000000, mem_wdata: 00000000
ClkCycle:       4300, pc_rdata: 0000421e, pc_wdata: 00004220, insn: 00400113, mode: 3, rs1_addr:  2, rs1_rdata: ffff01ef, rs2_addr: 16, rs2_rdata: 7d5bfddb, rd_addr:  2, rd_wdata: ffff033f, mem_addr: ffff033f, mem_rdata: 00000000, mem_wdata: 7d5bfddb
ClkCycle:       4301, pc_rdata: 00004220, pc_wdata: 00004224, insn: 00400113, mode: 3, rs1_addr:  0, rs1_rdata: 00000000, rs2_addr:  4, rs2_rdata: 6dfdffff, rd_addr:  2, rd_wdata: 00000004, mem_addr: 00000004, mem_rdata: 00000000, mem_wdata: 6dfdffff
ClkCycle:       4302, pc_rdata: 00004224, pc_wdata: 00004226, insn: b8237179, mode: 3, rs1_addr:  2, rs1_rdata: ffff01ef, rs2_addr: 16, rs2_rdata: 7d5bfddb, rd_addr:  2, rd_wdata: ffffffd4, mem_addr: ffffffd4, mem_rdata: 00000000, mem_wdata: 7d5bfddb
ClkCycle:       4303, pc_rdata: 00004226, pc_wdata: 0000422a, insn: b8237179, mode: 3, rs1_addr:  0, rs1_rdata: 00000000, rs2_addr:  0, rs2_rdata: 00000000, rd_addr:  0, rd_wdata: 00000000, mem_addr: 00000000, mem_rdata: 00000000, mem_wdata: 00000000
000000007f76dfe4
ClkCycle:       4304, pc_rdata: 0000422a, pc_wdata: 0000422e, insn: 61090080, mode: 3, rs1_addr:  1, rs1_rdata: 00007118, rs2_addr:  8, rs2_rdata: 7f76dfe4, rd_addr: 16, rd_wdata: 00007128, mem_addr: 00007128, mem_rdata: 00000000, mem_wdata: 7f76dfe4
ClkCycle:       4305, pc_rdata: 0000422e, pc_wdata: 00004232, insn: 61090080, mode: 3, rs1_addr:  0, rs1_rdata: 00000000, rs2_addr:  0, rs2_rdata: 00000000, rd_addr:  0, rd_wdata: 00000000, mem_addr: 00000000, mem_rdata: 00000000, mem_wdata: 00000000
ClkCycle:       4306, pc_rdata: 00004232, pc_wdata: 00004234, insn: 01000113, mode: 3, rs1_addr:  2, rs1_rdata: ffffffd4, rs2_addr:  0, rs2_rdata: 00000000, rd_addr:  2, rd_wdata: 00000054, mem_addr: 00000054, mem_rdata: 00000000, mem_wdata: 00000000
ClkCycle:       4307, pc_rdata: 00004234, pc_wdata: 00004238, insn: 01000113, mode: 3, rs1_addr:  0, rs1_rdata: 00000000, rs2_addr: 16, rs2_rdata: 7d5bfddb, rd_addr:  2, rd_wdata: 00000010, mem_addr: 00000010, mem_rdata: 00000000, mem_wdata: 7d5bfddb
ClkCycle:       4308, pc_rdata: 00004238, pc_wdata: 0000423a, insn: b0236171, mode: 3, rs1_addr:  2, rs1_rdata: ffffffd4, rs2_addr: 16, rs2_rdata: 7d5bfddb, rd_addr:  2, rd_wdata: 00000160, mem_addr: 00000160, mem_rdata: 00000000, mem_wdata: 7d5bfddb
ClkCycle:       4309, pc_rdata: 0000423a, pc_wdata: 0000423e, insn: b0236171, mode: 3, rs1_addr:  0, rs1_rdata: 00000000, rs2_addr:  0, rs2_rdata: 00000000, rd_addr:  0, rd_wdata: 00000000, mem_addr: 00000000, mem_rdata: 00000000, mem_wdata: 00000000
0000000000000000
ClkCycle:       4310, pc_rdata: 0000423e, pc_wdata: 00004242, insn: 715d0200, mode: 3, rs1_addr:  1, rs1_rdata: 00007118, rs2_addr:  0, rs2_rdata: 00000000, rd_addr:  0, rd_wdata: 00007138, mem_addr: 00007138, mem_rdata: 00000000, mem_wdata: 00000000
ClkCycle:       4311, pc_rdata: 00004242, pc_wdata: 00004246, insn: 715d0200, mode: 3, rs1_addr:  0, rs1_rdata: 00000000, rs2_addr:  0, rs2_rdata: 00000000, rd_addr:  0, rd_wdata: 00000000, mem_addr: 00000000, mem_rdata: 00000000, mem_wdata: 00000000
ClkCycle:       4312, pc_rdata: 00004246, pc_wdata: 00004248, insn: 04000113, mode: 3, rs1_addr:  2, rs1_rdata: 00000160, rs2_addr: 16, rs2_rdata: 7d5bfddb, rd_addr:  2, rd_wdata: 00000110, mem_addr: 00000110, mem_rdata: 00000000, mem_wdata: 7d5bfddb
ClkCycle:       4313, pc_rdata: 00004248, pc_wdata: 0000424c, insn: 04000113, mode: 3, rs1_addr:  0, rs1_rdata: 00000000, rs2_addr:  0, rs2_rdata: 00000000, rd_addr:  2, rd_wdata: 00000040, mem_addr: 00000040, mem_rdata: 00000000, mem_wdata: 00000000
ClkCycle:       4314, pc_rdata: 0000424c, pc_wdata: 0000424e, insn: b823617d, mode: 3, rs1_addr:  2, rs1_rdata: 00000160, rs2_addr: 16, rs2_rdata: 7d5bfddb, rd_addr:  2, rd_wdata: 00000230, mem_addr: 00000230, mem_rdata: 00000000, mem_wdata: 7d5bfddb
ClkCycle:       4315, pc_rdata: 0000424e, pc_wdata: 00004252, insn: b823617d, mode: 3, rs1_addr:  0, rs1_rdata: 00000000, rs2_addr:  0, rs2_rdata: 00000000, rd_addr:  0, rd_wdata: 00000000, mem_addr: 00000000, mem_rdata: 00000000, mem_wdata: 00000000
0000000000000000
ClkCycle:       4316, pc_rdata: 00004252, pc_wdata: 00004256, insn: 617d0800, mode: 3, rs1_addr:  1, rs1_rdata: 00007118, rs2_addr:  0, rs2_rdata: 00000000, rd_addr: 16, rd_wdata: 000071a8, mem_addr: 000071a8, mem_rdata: 00000000, mem_wdata: 00000000
ClkCycle:       4317, pc_rdata: 00004256, pc_wdata: 0000425a, insn: 617d0800, mode: 3, rs1_addr:  0, rs1_rdata: 00000000, rs2_addr:  0, rs2_rdata: 00000000, rd_addr:  0, rd_wdata: 00000000, mem_addr: 00000000, mem_rdata: 00000000, mem_wdata: 00000000
ClkCycle:       4318, pc_rdata: 0000425a, pc_wdata: 0000425c, insn: 20000113, mode: 3, rs1_addr:  2, rs1_rdata: 00000230, rs2_addr: 16, rs2_rdata: 7d5bfddb, rd_addr:  2, rd_wdata: 00000420, mem_addr: 00000420, mem_rdata: 00000000, mem_wdata: 7d5bfddb
ClkCycle:       4319, pc_rdata: 0000425c, pc_wdata: 00004260, insn: 20000113, mode: 3, rs1_addr:  0, rs1_rdata: 00000000, rs2_addr:  0, rs2_rdata: 00000000, rd_addr:  2, rd_wdata: 00000200, mem_addr: 00000200, mem_rdata: 00000000, mem_wdata: 00000000
ClkCycle:       4320, pc_rdata: 00004260, pc_wdata: 00004262, insn: b0236161, mode: 3, rs1_addr:  2, rs1_rdata: 00000230, rs2_addr: 16, rs2_rdata: 7d5bfddb, rd_addr:  2, rd_wdata: 00000250, mem_addr: 00000250, mem_rdata: 00000000, mem_wdata: 7d5bfddb
ClkCycle:       4321, pc_rdata: 00004262, pc_wdata: 00004266, insn: b0236161, mode: 3, rs1_addr:  0, rs1_rdata: 00000000, rs2_addr:  0, rs2_rdata: 00000000, rd_addr:  0, rd_wdata: 00000000, mem_addr: 00000000, mem_rdata: 00000000, mem_wdata: 00000000
0000000000000000
ClkCycle:       4322, pc_rdata: 00004266, pc_wdata: 0000426a, insn: 61214000, mode: 3, rs1_addr:  1, rs1_rdata: 00007118, rs2_addr:  0, rs2_rdata: 00000000, rd_addr:  0, rd_wdata: 00007518, mem_addr: 00007518, mem_rdata: 00000000, mem_wdata: 00000000
ClkCycle:       4323, pc_rdata: 0000426a, pc_wdata: 0000426e, insn: 61214000, mode: 3, rs1_addr:  0, rs1_rdata: 00000000, rs2_addr:  0, rs2_rdata: 00000000, rd_addr:  0, rd_wdata: 00000000, mem_addr: 00000000, mem_rdata: 00000000, mem_wdata: 00000000
ClkCycle:       4324, pc_rdata: 0000426e, pc_wdata: 00004270, insn: 00100113, mode: 3, rs1_addr:  2, rs1_rdata: 00000250, rs2_addr:  0, rs2_rdata: 00000000, rd_addr:  2, rd_wdata: 00000290, mem_addr: 00000290, mem_rdata: 00000000, mem_wdata: 00000000
ClkCycle:       4325, pc_rdata: 00004270, pc_wdata: 00004274, insn: 00100113, mode: 3, rs1_addr:  0, rs1_rdata: 00000000, rs2_addr:  1, rs2_rdata: 00007118, rd_addr:  2, rd_wdata: 00000001, mem_addr: 00000001, mem_rdata: 00000000, mem_wdata: 00007118
ClkCycle:       4326, pc_rdata: 00004274, pc_wdata: 00004278, insn: 00b11113, mode: 3, rs1_addr:  2, rs1_rdata: 00000250, rs2_addr: 11, rs2_rdata: 00000000, rd_addr:  2, rd_wdata: 00000800, mem_addr: 00000800, mem_rdata: 00000000, mem_wdata: 00000000
ClkCycle:       4327, pc_rdata: 00004278, pc_wdata: 0000427a, insn: b823715d, mode: 3, rs1_addr:  2, rs1_rdata: 00000290, rs2_addr: 16, rs2_rdata: 7d5bfddb, rd_addr:  2, rd_wdata: 000007b0, mem_addr: 000007b0, mem_rdata: 00000000, mem_wdata: 7d5bfddb
ClkCycle:       4328, pc_rdata: 0000427a, pc_wdata: 0000427e, insn: b823715d, mode: 3, rs1_addr:  0, rs1_rdata: 00000000, rs2_addr:  0, rs2_rdata: 00000000, rd_addr:  0, rd_wdata: 00000000, mem_addr: 00000000, mem_rdata: 00000000, mem_wdata: 00000000
0000000100007118
ClkCycle:       4329, pc_rdata: 0000427e, pc_wdata: 00004282, insn: 11130010, mode: 3, rs1_addr:  1, rs1_rdata: 00007118, rs2_addr:  1, rs2_rdata: 00007118, rd_addr: 16, rd_wdata: 00007128, mem_addr: 00007128, mem_rdata: 00000000, mem_wdata: 00007118
ClkCycle:       4330, pc_rdata: 00004282, pc_wdata: 00004286, insn: 11130010, mode: 3, rs1_addr:  0, rs1_rdata: 00000000, rs2_addr:  0, rs2_rdata: 00000000, rd_addr:  0, rd_wdata: 00000000, mem_addr: 00000000, mem_rdata: 00000000, mem_wdata: 00000000
ClkCycle:       4331, pc_rdata: 00004286, pc_wdata: 0000428a, insn: 0820bc23, mode: 3, rs1_addr:  6, rs1_rdata: 1fddb7f7, rs2_addr:  2, rs2_rdata: 000007b0, rd_addr:  2, rd_wdata: 7f76dfdc, mem_addr: 7f76dfdc, mem_rdata: 00000000, mem_wdata: 000007b0
ClkCycle:       4332, pc_rdata: 0000428a, pc_wdata: 0000428e, insn: 0820bc23, mode: 3, rs1_addr:  0, rs1_rdata: 00000000, rs2_addr:  0, rs2_rdata: 00000000, rd_addr:  0, rd_wdata: 00000000, mem_addr: 00000000, mem_rdata: 00000000, mem_wdata: 00000000
ClkCycle:       4333, pc_rdata: 0000428e, pc_wdata: 00004290, insn: 00d11113, mode: 3, rs1_addr:  2, rs1_rdata: 000007b0, rs2_addr: 24, rs2_rdata: 0000007d, rd_addr:  8, rd_wdata: 7f76dff4, mem_addr: 7f76dff4, mem_rdata: 00000000, mem_wdata: 0000007d
ClkCycle:       4334, pc_rdata: 00004290, pc_wdata: 00004294, insn: 00d11113, mode: 3, rs1_addr:  2, rs1_rdata: 7f76dfdc, rs2_addr: 13, rs2_rdata: 00000000, rd_addr:  2, rd_wdata: dbfb8000, mem_addr: dbfb8000, mem_rdata: 00000000, mem_wdata: 00000000
ClkCycle:       4335, pc_rdata: 00004294, pc_wdata: 00004296, insn: b0236109, mode: 3, rs1_addr:  2, rs1_rdata: 7f76dfdc, rs2_addr:  0, rs2_rdata: 00000000, rd_addr:  2, rd_wdata: dbfb8080, mem_addr: dbfb8080, mem_rdata: 00000000, mem_wdata: 00000000
ClkCycle:       4336, pc_rdata: 00004296, pc_wdata: 0000429a, insn: b0236109, mode: 3, rs1_addr:  0, rs1_rdata: 00000000, rs2_addr:  0, rs2_rdata: 00000000, rd_addr:  0, rd_wdata: 00000000, mem_addr: 00000000, mem_rdata: 00000000, mem_wdata: 00000000
0000000100007118
ClkCycle:       4337, pc_rdata: 0000429a, pc_wdata: 0000429e, insn: 11130010, mode: 3, rs1_addr:  1, rs1_rdata: 00007118, rs2_addr:  1, rs2_rdata: 00007118, rd_addr:  0, rd_wdata: 00007118, mem_addr: 00007118, mem_rdata: 00000000, mem_wdata: 00007118
ClkCycle:       4338, pc_rdata: 0000429e, pc_wdata: 000042a2, insn: 11130010, mode: 3, rs1_addr:  0, rs1_rdata: 00000000, rs2_addr:  0, rs2_rdata: 00000000, rd_addr:  0, rd_wdata: 00000000, mem_addr: 00000000, mem_rdata: 00000000, mem_wdata: 00000000
ClkCycle:       4339, pc_rdata: 000042a2, pc_wdata: 000042a6, insn: 0a20b423, mode: 3, rs1_addr:  6, rs1_rdata: 1fddb7f7, rs2_addr:  2, rs2_rdata: dbfb8080, rd_addr:  2, rd_wdata: 7f76dfdc, mem_addr: 7f76dfdc, mem_rdata: 00000000, mem_wdata: dbfb8080
ClkCycle:       4340, pc_rdata: 000042a6, pc_wdata: 000042aa, insn: 0a20b423, mode: 3, rs1_addr:  0, rs1_rdata: 00000000, rs2_addr:  0, rs2_rdata: 00000000, rd_addr:  0, rd_wdata: 00000000, mem_addr: 00000000, mem_rdata: 00000000, mem_wdata: 00000000
ClkCycle:       4341, pc_rdata: 000042aa, pc_wdata: 000042ac, insn: 00f11113, mode: 3, rs1_addr:  2, rs1_rdata: dbfb8080, rs2_addr: 24, rs2_rdata: 0000007d, rd_addr:  8, rd_wdata: 7f76e0f4, mem_addr: 7f76e0f4, mem_rdata: 00000000, mem_wdata: 0000007d
ClkCycle:       4342, pc_rdata: 000042ac, pc_wdata: 000042b0, insn: 00f11113, mode: 3, rs1_addr:  2, rs1_rdata: 7f76dfdc, rs2_addr: 15, rs2_rdata: 00000000, rd_addr:  2, rd_wdata: 6fee0000, mem_addr: 6fee0000, mem_rdata: 00000000, mem_wdata: 00000000
ClkCycle:       4343, pc_rdata: 000042b0, pc_wdata: 000042b2, insn: b8236141, mode: 3, rs1_addr:  2, rs1_rdata: 7f76dfdc, rs2_addr: 16, rs2_rdata: 7d5bfddb, rd_addr:  2, rd_wdata: 6fee0010, mem_addr: 6fee0010, mem_rdata: 00000000, mem_wdata: 7d5bfddb
ClkCycle:       4344, pc_rdata: 000042b2, pc_wdata: 000042b6, insn: b8236141, mode: 3, rs1_addr:  0, rs1_rdata: 00000000, rs2_addr:  0, rs2_rdata: 00000000, rd_addr:  0, rd_wdata: 00000000, mem_addr: 00000000, mem_rdata: 00000000, mem_wdata: 00000000
0000000100007118
ClkCycle:       4345, pc_rdata: 000042b6, pc_wdata: 000042ba, insn: 11130010, mode: 3, rs1_addr:  1, rs1_rdata: 00007118, rs2_addr:  1, rs2_rdata: 00007118, rd_addr: 16, rd_wdata: 00007128, mem_addr: 00007128, mem_rdata: 00000000, mem_wdata: 00007118
ClkCycle:       4346, pc_rdata: 000042ba, pc_wdata: 000042be, insn: 11130010, mode: 3, rs1_addr:  0, rs1_rdata: 00000000, rs2_addr:  0, rs2_rdata: 00000000, rd_addr:  0, rd_wdata: 00000000, mem_addr: 00000000, mem_rdata: 00000000, mem_wdata: 00000000
ClkCycle:       4347, pc_rdata: 000042be, pc_wdata: 000042c2, insn: 0a20bc23, mode: 3, rs1_addr:  6, rs1_rdata: 1fddb7f7, rs2_addr:  2, rs2_rdata: 6fee0010, rd_addr:  2, rd_wdata: 7f76dfdc, mem_addr: 7f76dfdc, mem_rdata: 00000000, mem_wdata: 6fee0010
ClkCycle:       4348, pc_rdata: 000042c2, pc_wdata: 000042c6, insn: 0a20bc23, mode: 3, rs1_addr:  0, rs1_rdata: 00000000, rs2_addr:  0, rs2_rdata: 00000000, rd_addr:  0, rd_wdata: 00000000, mem_addr: 00000000, mem_rdata: 00000000, mem_wdata: 00000000
ClkCycle:       4349, pc_rdata: 000042c6, pc_wdata: 000042c8, insn: 01111113, mode: 3, rs1_addr:  2, rs1_rdata: 6fee0010, rs2_addr: 24, rs2_rdata: 0000007d, rd_addr:  8, rd_wdata: 7f76e0f4, mem_addr: 7f76e0f4, mem_rdata: 00000000, mem_wdata: 0000007d
ClkCycle:       4350, pc_rdata: 000042c8, pc_wdata: 000042cc, insn: 01111113, mode: 3, rs1_addr:  2, rs1_rdata: 7f76dfdc, rs2_addr: 17, rs2_rdata: edffffff, rd_addr:  2, rd_wdata: bfb80000, mem_addr: bfb80000, mem_rdata: 00000000, mem_wdata: edffffff
ClkCycle:       4351, pc_rdata: 000042cc, pc_wdata: 000042ce, insn: b0236111, mode: 3, rs1_addr:  2, rs1_rdata: 7f76dfdc, rs2_addr:  0, rs2_rdata: 00000000, rd_addr:  2, rd_wdata: bfb80100, mem_addr: bfb80100, mem_rdata: 00000000, mem_wdata: 00000000
ClkCycle:       4352, pc_rdata: 000042ce, pc_wdata: 000042d2, insn: b0236111, mode: 3, rs1_addr:  0, rs1_rdata: 00000000, rs2_addr:  0, rs2_rdata: 00000000, rd_addr:  0, rd_wdata: 00000000, mem_addr: 00000000, mem_rdata: 00000000, mem_wdata: 00000000
0000000100007118
ClkCycle:       4353, pc_rdata: 000042d2, pc_wdata: 000042d6, insn: 11130010, mode: 3, rs1_addr:  1, rs1_rdata: 00007118, rs2_addr:  1, rs2_rdata: 00007118, rd_addr:  0, rd_wdata: 00007118, mem_addr: 00007118, mem_rdata: 00000000, mem_wdata: 00007118
ClkCycle:       4354, pc_rdata: 000042d6, pc_wdata: 000042da, insn: 11130010, mode: 3, rs1_addr:  0, rs1_rdata: 00000000, rs2_addr:  0, rs2_rdata: 00000000, rd_addr:  0, rd_wdata: 00000000, mem_addr: 00000000, mem_rdata: 00000000, mem_wdata: 00000000
ClkCycle:       4355, pc_rdata: 000042da, pc_wdata: 000042de, insn: 0c20b423, mode: 3, rs1_addr:  6, rs1_rdata: 1fddb7f7, rs2_addr:  2, rs2_rdata: bfb80100, rd_addr:  2, rd_wdata: 7f76dfdc, mem_addr: 7f76dfdc, mem_rdata: 00000000, mem_wdata: bfb80100
ClkCycle:       4356, pc_rdata: 000042de, pc_wdata: 000042e2, insn: 0c20b423, mode: 3, rs1_addr:  0, rs1_rdata: 00000000, rs2_addr:  0, rs2_rdata: 00000000, rd_addr:  0, rd_wdata: 00000000, mem_addr: 00000000, mem_rdata: 00000000, mem_wdata: 00000000
ClkCycle:       4357, pc_rdata: 000042e2, pc_wdata: 000042e4, insn: 01311113, mode: 3, rs1_addr:  2, rs1_rdata: bfb80100, rs2_addr: 24, rs2_rdata: 0000007d, rd_addr:  8, rd_wdata: 7f76e1f4, mem_addr: 7f76e1f4, mem_rdata: 00000000, mem_wdata: 0000007d
ClkCycle:       4358, pc_rdata: 000042e4, pc_wdata: 000042e8, insn: 01311113, mode: 3, rs1_addr:  2, rs1_rdata: 7f76dfdc, rs2_addr: 19, rs2_rdata: dfffb7ff, rd_addr:  2, rd_wdata: fee00000, mem_addr: fee00000, mem_rdata: 00000000, mem_wdata: dfffb7ff
ClkCycle:       4359, pc_rdata: 000042e8, pc_wdata: 000042ea, insn: b8236161, mode: 3, rs1_addr:  2, rs1_rdata: 7f76dfdc, rs2_addr: 16, rs2_rdata: 7d5bfddb, rd_addr:  2, rd_wdata: fee00050, mem_addr: fee00050, mem_rdata: 00000000, mem_wdata: 7d5bfddb
ClkCycle:       4360, pc_rdata: 000042ea, pc_wdata: 000042ee, insn: b8236161, mode: 3, rs1_addr:  0, rs1_rdata: 00000000, rs2_addr:  0, rs2_rdata: 00000000, rd_addr:  0, rd_wdata: 00000000, mem_addr: 00000000, mem_rdata: 00000000, mem_wdata: 00000000
0000000100007118
ClkCycle:       4361, pc_rdata: 000042ee, pc_wdata: 000042f2, insn: 11130010, mode: 3, rs1_addr:  1, rs1_rdata: 00007118, rs2_addr:  1, rs2_rdata: 00007118, rd_addr: 16, rd_wdata: 00007128, mem_addr: 00007128, mem_rdata: 00000000, mem_wdata: 00007118
ClkCycle:       4362, pc_rdata: 000042f2, pc_wdata: 000042f6, insn: 11130010, mode: 3, rs1_addr:  0, rs1_rdata: 00000000, rs2_addr:  0, rs2_rdata: 00000000, rd_addr:  0, rd_wdata: 00000000, mem_addr: 00000000, mem_rdata: 00000000, mem_wdata: 00000000
ClkCycle:       4363, pc_rdata: 000042f6, pc_wdata: 000042fa, insn: 0c20bc23, mode: 3, rs1_addr:  6, rs1_rdata: 1fddb7f7, rs2_addr:  2, rs2_rdata: fee00050, rd_addr:  2, rd_wdata: 7f76dfdc, mem_addr: 7f76dfdc, mem_rdata: 00000000, mem_wdata: fee00050
ClkCycle:       4364, pc_rdata: 000042fa, pc_wdata: 000042fe, insn: 0c20bc23, mode: 3, rs1_addr:  0, rs1_rdata: 00000000, rs2_addr:  0, rs2_rdata: 00000000, rd_addr:  0, rd_wdata: 00000000, mem_addr: 00000000, mem_rdata: 00000000, mem_wdata: 00000000
ClkCycle:       4365, pc_rdata: 000042fe, pc_wdata: 00004300, insn: 01611113, mode: 3, rs1_addr:  2, rs1_rdata: fee00050, rs2_addr: 24, rs2_rdata: 0000007d, rd_addr:  8, rd_wdata: 7f76e1f4, mem_addr: 7f76e1f4, mem_rdata: 00000000, mem_wdata: 0000007d
ClkCycle:       4366, pc_rdata: 00004300, pc_wdata: 00004304, insn: 01611113, mode: 3, rs1_addr:  2, rs1_rdata: 7f76dfdc, rs2_addr: 22, rs2_rdata: 001f56ff, rd_addr:  2, rd_wdata: f7000000, mem_addr: f7000000, mem_rdata: 00000000, mem_wdata: 001f56ff
ClkCycle:       4367, pc_rdata: 00004304, pc_wdata: 00004306, insn: b0236125, mode: 3, rs1_addr:  2, rs1_rdata: 7f76dfdc, rs2_addr:  0, rs2_rdata: 00000000, rd_addr:  2, rd_wdata: f7000060, mem_addr: f7000060, mem_rdata: 00000000, mem_wdata: 00000000
ClkCycle:       4368, pc_rdata: 00004306, pc_wdata: 0000430a, insn: b0236125, mode: 3, rs1_addr:  0, rs1_rdata: 00000000, rs2_addr:  0, rs2_rdata: 00000000, rd_addr:  0, rd_wdata: 00000000, mem_addr: 00000000, mem_rdata: 00000000, mem_wdata: 00000000
0000000100007118
ClkCycle:       4369, pc_rdata: 0000430a, pc_wdata: 0000430e, insn: 11130010, mode: 3, rs1_addr:  1, rs1_rdata: 00007118, rs2_addr:  1, rs2_rdata: 00007118, rd_addr:  0, rd_wdata: 00007118, mem_addr: 00007118, mem_rdata: 00000000, mem_wdata: 00007118
ClkCycle:       4370, pc_rdata: 0000430e, pc_wdata: 00004312, insn: 11130010, mode: 3, rs1_addr:  0, rs1_rdata: 00000000, rs2_addr:  0, rs2_rdata: 00000000, rd_addr:  0, rd_wdata: 00000000, mem_addr: 00000000, mem_rdata: 00000000, mem_wdata: 00000000
ClkCycle:       4371, pc_rdata: 00004312, pc_wdata: 00004316, insn: 0e20b423, mode: 3, rs1_addr:  6, rs1_rdata: 1fddb7f7, rs2_addr:  2, rs2_rdata: f7000060, rd_addr:  2, rd_wdata: 7f76dfdc, mem_addr: 7f76dfdc, mem_rdata: 00000000, mem_wdata: f7000060
ClkCycle:       4372, pc_rdata: 00004316, pc_wdata: 0000431a, insn: 0e20b423, mode: 3, rs1_addr:  0, rs1_rdata: 00000000, rs2_addr:  0, rs2_rdata: 00000000, rd_addr:  0, rd_wdata: 00000000, mem_addr: 00000000, mem_rdata: 00000000, mem_wdata: 00000000
ClkCycle:       4373, pc_rdata: 0000431a, pc_wdata: 0000431c, insn: 01811113, mode: 3, rs1_addr:  2, rs1_rdata: f7000060, rs2_addr: 24, rs2_rdata: 0000007d, rd_addr:  8, rd_wdata: 7f76e2f4, mem_addr: 7f76e2f4, mem_rdata: 00000000, mem_wdata: 0000007d
ClkCycle:       4374, pc_rdata: 0000431c, pc_wdata: 00004320, insn: 01811113, mode: 3, rs1_addr:  2, rs1_rdata: 7f76dfdc, rs2_addr: 24, rs2_rdata: 0000007d, rd_addr:  2, rd_wdata: dc000000, mem_addr: dc000000, mem_rdata: 00000000, mem_wdata: 0000007d
ClkCycle:       4375, pc_rdata: 00004320, pc_wdata: 00004322, insn: b823711d, mode: 3, rs1_addr:  2, rs1_rdata: 7f76dfdc, rs2_addr:  0, rs2_rdata: 00000000, rd_addr:  2, rd_wdata: dbffffa0, mem_addr: dbffffa0, mem_rdata: 00000000, mem_wdata: 00000000
ClkCycle:       4376, pc_rdata: 00004322, pc_wdata: 00004326, insn: b823711d, mode: 3, rs1_addr:  0, rs1_rdata: 00000000, rs2_addr:  0, rs2_rdata: 00000000, rd_addr:  0, rd_wdata: 00000000, mem_addr: 00000000, mem_rdata: 00000000, mem_wdata: 00000000
0000000100007118
ClkCycle:       4377, pc_rdata: 00004326, pc_wdata: 0000432a, insn: 11130010, mode: 3, rs1_addr:  1, rs1_rdata: 00007118, rs2_addr:  1, rs2_rdata: 00007118, rd_addr: 16, rd_wdata: 00007128, mem_addr: 00007128, mem_rdata: 00000000, mem_wdata: 00007118
ClkCycle:       4378, pc_rdata: 0000432a, pc_wdata: 0000432e, insn: 11130010, mode: 3, rs1_addr:  0, rs1_rdata: 00000000, rs2_addr:  0, rs2_rdata: 00000000, rd_addr:  0, rd_wdata: 00000000, mem_addr: 00000000, mem_rdata: 00000000, mem_wdata: 00000000
ClkCycle:       4379, pc_rdata: 0000432e, pc_wdata: 00004332, insn: 0e20bc23, mode: 3, rs1_addr:  6, rs1_rdata: 1fddb7f7, rs2_addr:  2, rs2_rdata: dbffffa0, rd_addr:  2, rd_wdata: 7f76dfdc, mem_addr: 7f76dfdc, mem_rdata: 00000000, mem_wdata: dbffffa0
ClkCycle:       4380, pc_rdata: 00004332, pc_wdata: 00004336, insn: 0e20bc23, mode: 3, rs1_addr:  0, rs1_rdata: 00000000, rs2_addr:  0, rs2_rdata: 00000000, rd_addr:  0, rd_wdata: 00000000, mem_addr: 00000000, mem_rdata: 00000000, mem_wdata: 00000000
ClkCycle:       4381, pc_rdata: 00004336, pc_wdata: 00004338, insn: 01a11113, mode: 3, rs1_addr:  2, rs1_rdata: dbffffa0, rs2_addr: 24, rs2_rdata: 0000007d, rd_addr:  8, rd_wdata: 7f76e2f4, mem_addr: 7f76e2f4, mem_rdata: 00000000, mem_wdata: 0000007d
ClkCycle:       4382, pc_rdata: 00004338, pc_wdata: 0000433c, insn: 01a11113, mode: 3, rs1_addr:  2, rs1_rdata: 7f76dfdc, rs2_addr: 26, rs2_rdata: 00000000, rd_addr:  2, rd_wdata: 70000000, mem_addr: 70000000, mem_rdata: 00000000, mem_wdata: 00000000
ClkCycle:       4383, pc_rdata: 0000433c, pc_wdata: 0000433e, insn: b0236165, mode: 3, rs1_addr:  2, rs1_rdata: 7f76dfdc, rs2_addr: 16, rs2_rdata: 7d5bfddb, rd_addr:  2, rd_wdata: 70000070, mem_addr: 70000070, mem_rdata: 00000000, mem_wdata: 7d5bfddb
ClkCycle:       4384, pc_rdata: 0000433e, pc_wdata: 00004342, insn: b0236165, mode: 3, rs1_addr:  0, rs1_rdata: 00000000, rs2_addr:  0, rs2_rdata: 00000000, rd_addr:  0, rd_wdata: 00000000, mem_addr: 00000000, mem_rdata: 00000000, mem_wdata: 00000000
0000000100007118
ClkCycle:       4385, pc_rdata: 00004342, pc_wdata: 00004346, insn: 11130010, mode: 3, rs1_addr:  1, rs1_rdata: 00007118, rs2_addr:  1, rs2_rdata: 00007118, rd_addr:  0, rd_wdata: 00007118, mem_addr: 00007118, mem_rdata: 00000000, mem_wdata: 00007118
ClkCycle:       4386, pc_rdata: 00004346, pc_wdata: 0000434a, insn: 11130010, mode: 3, rs1_addr:  0, rs1_rdata: 00000000, rs2_addr:  0, rs2_rdata: 00000000, rd_addr:  0, rd_wdata: 00000000, mem_addr: 00000000, mem_rdata: 00000000, mem_wdata: 00000000
ClkCycle:       4387, pc_rdata: 0000434a, pc_wdata: 0000434e, insn: 1020b423, mode: 3, rs1_addr:  6, rs1_rdata: 1fddb7f7, rs2_addr:  2, rs2_rdata: 70000070, rd_addr:  2, rd_wdata: 7f76dfdc, mem_addr: 7f76dfdc, mem_rdata: 00000000, mem_wdata: 70000070
ClkCycle:       4388, pc_rdata: 0000434e, pc_wdata: 00004352, insn: 1020b423, mode: 3, rs1_addr:  0, rs1_rdata: 00000000, rs2_addr:  0, rs2_rdata: 00000000, rd_addr:  0, rd_wdata: 00000000, mem_addr: 00000000, mem_rdata: 00000000, mem_wdata: 00000000
ClkCycle:       4389, pc_rdata: 00004352, pc_wdata: 00004354, insn: 01c11113, mode: 3, rs1_addr:  2, rs1_rdata: 70000070, rs2_addr:  8, rs2_rdata: 7f76e2f4, rd_addr:  8, rd_wdata: 7f76e004, mem_addr: 7f76e004, mem_rdata: 00000000, mem_wdata: 7f76e2f4
ClkCycle:       4390, pc_rdata: 00004354, pc_wdata: 00004358, insn: 01c11113, mode: 3, rs1_addr:  2, rs1_rdata: 7f76dfdc, rs2_addr: 28, rs2_rdata: 00000000, rd_addr:  2, rd_wdata: c0000000, mem_addr: c0000000, mem_rdata: 00000000, mem_wdata: 00000000
ClkCycle:       4391, pc_rdata: 00004358, pc_wdata: 0000435a, insn: b8237135, mode: 3, rs1_addr:  2, rs1_rdata: 7f76dfdc, rs2_addr:  0, rs2_rdata: 00000000, rd_addr:  2, rd_wdata: bfffff60, mem_addr: bfffff60, mem_rdata: 00000000, mem_wdata: 00000000
ClkCycle:       4392, pc_rdata: 0000435a, pc_wdata: 0000435e, insn: b8237135, mode: 3, rs1_addr:  0, rs1_rdata: 00000000, rs2_addr:  0, rs2_rdata: 00000000, rd_addr:  0, rd_wdata: 00000000, mem_addr: 00000000, mem_rdata: 00000000, mem_wdata: 00000000
0000000100007118
ClkCycle:       4393, pc_rdata: 0000435e, pc_wdata: 00004362, insn: 11130010, mode: 3, rs1_addr:  1, rs1_rdata: 00007118, rs2_addr:  1, rs2_rdata: 00007118, rd_addr: 16, rd_wdata: 00007128, mem_addr: 00007128, mem_rdata: 00000000, mem_wdata: 00007118
ClkCycle:       4394, pc_rdata: 00004362, pc_wdata: 00004366, insn: 11130010, mode: 3, rs1_addr:  0, rs1_rdata: 00000000, rs2_addr:  0, rs2_rdata: 00000000, rd_addr:  0, rd_wdata: 00000000, mem_addr: 00000000, mem_rdata: 00000000, mem_wdata: 00000000
ClkCycle:       4395, pc_rdata: 00004366, pc_wdata: 0000436a, insn: 1020bc23, mode: 3, rs1_addr:  6, rs1_rdata: 1fddb7f7, rs2_addr:  2, rs2_rdata: bfffff60, rd_addr:  2, rd_wdata: 7f76dfdc, mem_addr: 7f76dfdc, mem_rdata: 00000000, mem_wdata: bfffff60
ClkCycle:       4396, pc_rdata: 0000436a, pc_wdata: 0000436e, insn: 1020bc23, mode: 3, rs1_addr:  0, rs1_rdata: 00000000, rs2_addr:  0, rs2_rdata: 00000000, rd_addr:  0, rd_wdata: 00000000, mem_addr: 00000000, mem_rdata: 00000000, mem_wdata: 00000000
ClkCycle:       4397, pc_rdata: 0000436e, pc_wdata: 00004370, insn: 01e11113, mode: 3, rs1_addr:  2, rs1_rdata: bfffff60, rs2_addr:  8, rs2_rdata: 7f76e004, rd_addr:  8, rd_wdata: 7f76e004, mem_addr: 7f76e004, mem_rdata: 00000000, mem_wdata: 7f76e004
ClkCycle:       4398, pc_rdata: 00004370, pc_wdata: 00004374, insn: 01e11113, mode: 3, rs1_addr:  2, rs1_rdata: 7f76dfdc, rs2_addr: 30, rs2_rdata: 00000000, rd_addr:  2, rd_wdata: 00000000, mem_addr: 00000000, mem_rdata: 00000000, mem_wdata: 00000000
ClkCycle:       4399, pc_rdata: 00004374, pc_wdata: 00004376, insn: b0237101, mode: 3, rs1_addr:  2, rs1_rdata: 7f76dfdc, rs2_addr:  0, rs2_rdata: 00000000, rd_addr:  2, rd_wdata: fffffe00, mem_addr: fffffe00, mem_rdata: 00000000, mem_wdata: 00000000
ClkCycle:       4400, pc_rdata: 00004376, pc_wdata: 0000437a, insn: b0237101, mode: 3, rs1_addr:  0, rs1_rdata: 00000000, rs2_addr:  0, rs2_rdata: 00000000, rd_addr:  0, rd_wdata: 00000000, mem_addr: 00000000, mem_rdata: 00000000, mem_wdata: 00000000
0000000100007118
ClkCycle:       4401, pc_rdata: 0000437a, pc_wdata: 0000437e, insn: 11130010, mode: 3, rs1_addr:  1, rs1_rdata: 00007118, rs2_addr:  1, rs2_rdata: 00007118, rd_addr:  0, rd_wdata: 00007118, mem_addr: 00007118, mem_rdata: 00000000, mem_wdata: 00007118
ClkCycle:       4402, pc_rdata: 0000437e, pc_wdata: 00004382, insn: 11130010, mode: 3, rs1_addr:  0, rs1_rdata: 00000000, rs2_addr:  0, rs2_rdata: 00000000, rd_addr:  0, rd_wdata: 00000000, mem_addr: 00000000, mem_rdata: 00000000, mem_wdata: 00000000
ClkCycle:       4403, pc_rdata: 00004382, pc_wdata: 00004386, insn: 1220b423, mode: 3, rs1_addr:  6, rs1_rdata: 1fddb7f7, rs2_addr:  2, rs2_rdata: fffffe00, rd_addr:  2, rd_wdata: 7f76dfdc, mem_addr: 7f76dfdc, mem_rdata: 00000000, mem_wdata: fffffe00
ClkCycle:       4404, pc_rdata: 00004386, pc_wdata: 0000438a, insn: 1220b423, mode: 3, rs1_addr:  0, rs1_rdata: 00000000, rs2_addr:  0, rs2_rdata: 00000000, rd_addr:  0, rd_wdata: 00000000, mem_addr: 00000000, mem_rdata: 00000000, mem_wdata: 00000000
ClkCycle:       4405, pc_rdata: 0000438a, pc_wdata: 0000438c, insn: 02011113, mode: 3, rs1_addr:  2, rs1_rdata: fffffe00, rs2_addr:  8, rs2_rdata: 7f76e004, rd_addr:  8, rd_wdata: 7f76e104, mem_addr: 7f76e104, mem_rdata: 00000000, mem_wdata: 7f76e004
ClkCycle:       4406, pc_rdata: 0000438c, pc_wdata: 00004390, insn: 02011113, mode: 3, rs1_addr:  2, rs1_rdata: 7f76dfdc, rs2_addr:  0, rs2_rdata: 00000000, rd_addr:  2, rd_wdata: 7f76dfdc, mem_addr: 7f76dfdc, mem_rdata: 00000000, mem_wdata: 00000000
ClkCycle:       4407, pc_rdata: 00004390, pc_wdata: 00004392, insn: b8236105, mode: 3, rs1_addr:  2, rs1_rdata: 7f76dfdc, rs2_addr:  0, rs2_rdata: 00000000, rd_addr:  2, rd_wdata: 7f76dffc, mem_addr: 7f76dffc, mem_rdata: 00000000, mem_wdata: 00000000
ClkCycle:       4408, pc_rdata: 00004392, pc_wdata: 00004396, insn: b8236105, mode: 3, rs1_addr:  0, rs1_rdata: 00000000, rs2_addr:  0, rs2_rdata: 00000000, rd_addr:  0, rd_wdata: 00000000, mem_addr: 00000000, mem_rdata: 00000000, mem_wdata: 00000000
0000000100007118
ClkCycle:       4409, pc_rdata: 00004396, pc_wdata: 0000439a, insn: 11130010, mode: 3, rs1_addr:  1, rs1_rdata: 00007118, rs2_addr:  1, rs2_rdata: 00007118, rd_addr: 16, rd_wdata: 00007128, mem_addr: 00007128, mem_rdata: 00000000, mem_wdata: 00007118
ClkCycle:       4410, pc_rdata: 0000439a, pc_wdata: 0000439e, insn: 11130010, mode: 3, rs1_addr:  0, rs1_rdata: 00000000, rs2_addr:  0, rs2_rdata: 00000000, rd_addr:  0, rd_wdata: 00000000, mem_addr: 00000000, mem_rdata: 00000000, mem_wdata: 00000000
ClkCycle:       4411, pc_rdata: 0000439e, pc_wdata: 000043a2, insn: 1220bc23, mode: 3, rs1_addr:  6, rs1_rdata: 1fddb7f7, rs2_addr:  2, rs2_rdata: 7f76dffc, rd_addr:  2, rd_wdata: 7f76dfdc, mem_addr: 7f76dfdc, mem_rdata: 00000000, mem_wdata: 7f76dffc
ClkCycle:       4412, pc_rdata: 000043a2, pc_wdata: 000043a6, insn: 1220bc23, mode: 3, rs1_addr:  0, rs1_rdata: 00000000, rs2_addr:  0, rs2_rdata: 00000000, rd_addr:  0, rd_wdata: 00000000, mem_addr: 00000000, mem_rdata: 00000000, mem_wdata: 00000000
ClkCycle:       4413, pc_rdata: 000043a6, pc_wdata: 000043a8, insn: 02211113, mode: 3, rs1_addr:  2, rs1_rdata: 7f76dffc, rs2_addr:  8, rs2_rdata: 7f76e104, rd_addr:  8, rd_wdata: 7f76e104, mem_addr: 7f76e104, mem_rdata: 00000000, mem_wdata: 7f76e104
ClkCycle:       4414, pc_rdata: 000043a8, pc_wdata: 000043ac, insn: 02211113, mode: 3, rs1_addr:  2, rs1_rdata: 7f76dfdc, rs2_addr:  2, rs2_rdata: 7f76dfdc, rd_addr:  2, rd_wdata: fddb7f70, mem_addr: fddb7f70, mem_rdata: 00000000, mem_wdata: 7f76dfdc
ClkCycle:       4415, pc_rdata: 000043ac, pc_wdata: 000043ae, insn: b0237139, mode: 3, rs1_addr:  2, rs1_rdata: 7f76dfdc, rs2_addr:  0, rs2_rdata: 00000000, rd_addr:  2, rd_wdata: fddb7f30, mem_addr: fddb7f30, mem_rdata: 00000000, mem_wdata: 00000000
ClkCycle:       4416, pc_rdata: 000043ae, pc_wdata: 000043b2, insn: b0237139, mode: 3, rs1_addr:  0, rs1_rdata: 00000000, rs2_addr:  0, rs2_rdata: 00000000, rd_addr:  0, rd_wdata: 00000000, mem_addr: 00000000, mem_rdata: 00000000, mem_wdata: 00000000
0000000100007118
ClkCycle:       4417, pc_rdata: 000043b2, pc_wdata: 000043b6, insn: 11130010, mode: 3, rs1_addr:  1, rs1_rdata: 00007118, rs2_addr:  1, rs2_rdata: 00007118, rd_addr:  0, rd_wdata: 00007118, mem_addr: 00007118, mem_rdata: 00000000, mem_wdata: 00007118
ClkCycle:       4418, pc_rdata: 000043b6, pc_wdata: 000043ba, insn: 11130010, mode: 3, rs1_addr:  0, rs1_rdata: 00000000, rs2_addr:  0, rs2_rdata: 00000000, rd_addr:  0, rd_wdata: 00000000, mem_addr: 00000000, mem_rdata: 00000000, mem_wdata: 00000000
ClkCycle:       4419, pc_rdata: 000043ba, pc_wdata: 000043be, insn: 1420b423, mode: 3, rs1_addr:  6, rs1_rdata: 1fddb7f7, rs2_addr:  2, rs2_rdata: fddb7f30, rd_addr:  2, rd_wdata: 7f76dfdc, mem_addr: 7f76dfdc, mem_rdata: 00000000, mem_wdata: fddb7f30
ClkCycle:       4420, pc_rdata: 000043be, pc_wdata: 000043c2, insn: 1420b423, mode: 3, rs1_addr:  0, rs1_rdata: 00000000, rs2_addr:  0, rs2_rdata: 00000000, rd_addr:  0, rd_wdata: 00000000, mem_addr: 00000000, mem_rdata: 00000000, mem_wdata: 00000000
ClkCycle:       4421, pc_rdata: 000043c2, pc_wdata: 000043c4, insn: 02411113, mode: 3, rs1_addr:  2, rs1_rdata: fddb7f30, rs2_addr:  8, rs2_rdata: 7f76e104, rd_addr:  8, rd_wdata: 7f76e204, mem_addr: 7f76e204, mem_rdata: 00000000, mem_wdata: 7f76e104
ClkCycle:       4422, pc_rdata: 000043c4, pc_wdata: 000043c8, insn: 02411113, mode: 3, rs1_addr:  2, rs1_rdata: 7f76dfdc, rs2_addr:  4, rs2_rdata: 6dfdffff, rd_addr:  2, rd_wdata: f76dfdc0, mem_addr: f76dfdc0, mem_rdata: 00000000, mem_wdata: 6dfdffff
ClkCycle:       4423, pc_rdata: 000043c8, pc_wdata: 000043ca, insn: b8236109, mode: 3, rs1_addr:  2, rs1_rdata: 7f76dfdc, rs2_addr:  0, rs2_rdata: 00000000, rd_addr:  2, rd_wdata: f76dfe40, mem_addr: f76dfe40, mem_rdata: 00000000, mem_wdata: 00000000
ClkCycle:       4424, pc_rdata: 000043ca, pc_wdata: 000043ce, insn: b8236109, mode: 3, rs1_addr:  0, rs1_rdata: 00000000, rs2_addr:  0, rs2_rdata: 00000000, rd_addr:  0, rd_wdata: 00000000, mem_addr: 00000000, mem_rdata: 00000000, mem_wdata: 00000000
0000000100007118
ClkCycle:       4425, pc_rdata: 000043ce, pc_wdata: 000043d2, insn: 11130010, mode: 3, rs1_addr:  1, rs1_rdata: 00007118, rs2_addr:  1, rs2_rdata: 00007118, rd_addr: 16, rd_wdata: 00007128, mem_addr: 00007128, mem_rdata: 00000000, mem_wdata: 00007118
ClkCycle:       4426, pc_rdata: 000043d2, pc_wdata: 000043d6, insn: 11130010, mode: 3, rs1_addr:  0, rs1_rdata: 00000000, rs2_addr:  0, rs2_rdata: 00000000, rd_addr:  0, rd_wdata: 00000000, mem_addr: 00000000, mem_rdata: 00000000, mem_wdata: 00000000
ClkCycle:       4427, pc_rdata: 000043d6, pc_wdata: 000043da, insn: 1420bc23, mode: 3, rs1_addr:  6, rs1_rdata: 1fddb7f7, rs2_addr:  2, rs2_rdata: f76dfe40, rd_addr:  2, rd_wdata: 7f76dfdc, mem_addr: 7f76dfdc, mem_rdata: 00000000, mem_wdata: f76dfe40
ClkCycle:       4428, pc_rdata: 000043da, pc_wdata: 000043de, insn: 1420bc23, mode: 3, rs1_addr:  0, rs1_rdata: 00000000, rs2_addr:  0, rs2_rdata: 00000000, rd_addr:  0, rd_wdata: 00000000, mem_addr: 00000000, mem_rdata: 00000000, mem_wdata: 00000000
ClkCycle:       4429, pc_rdata: 000043de, pc_wdata: 000043e0, insn: 02611113, mode: 3, rs1_addr:  2, rs1_rdata: f76dfe40, rs2_addr:  8, rs2_rdata: 7f76e204, rd_addr:  8, rd_wdata: 7f76e204, mem_addr: 7f76e204, mem_rdata: 00000000, mem_wdata: 7f76e204
ClkCycle:       4430, pc_rdata: 000043e0, pc_wdata: 000043e4, insn: 02611113, mode: 3, rs1_addr:  2, rs1_rdata: 7f76dfdc, rs2_addr:  6, rs2_rdata: 1fddb7f7, rd_addr:  2, rd_wdata: ddb7f700, mem_addr: ddb7f700, mem_rdata: 00000000, mem_wdata: 1fddb7f7
ClkCycle:       4431, pc_rdata: 000043e4, pc_wdata: 000043e6, insn: b0237135, mode: 3, rs1_addr:  2, rs1_rdata: 7f76dfdc, rs2_addr:  0, rs2_rdata: 00000000, rd_addr:  2, rd_wdata: ddb7f660, mem_addr: ddb7f660, mem_rdata: 00000000, mem_wdata: 00000000
ClkCycle:       4432, pc_rdata: 000043e6, pc_wdata: 000043ea, insn: b0237135, mode: 3, rs1_addr:  0, rs1_rdata: 00000000, rs2_addr:  0, rs2_rdata: 00000000, rd_addr:  0, rd_wdata: 00000000, mem_addr: 00000000, mem_rdata: 00000000, mem_wdata: 00000000
0000000100007118
ClkCycle:       4433, pc_rdata: 000043ea, pc_wdata: 000043ee, insn: 11130010, mode: 3, rs1_addr:  1, rs1_rdata: 00007118, rs2_addr:  1, rs2_rdata: 00007118, rd_addr:  0, rd_wdata: 00007118, mem_addr: 00007118, mem_rdata: 00000000, mem_wdata: 00007118
ClkCycle:       4434, pc_rdata: 000043ee, pc_wdata: 000043f2, insn: 11130010, mode: 3, rs1_addr:  0, rs1_rdata: 00000000, rs2_addr:  0, rs2_rdata: 00000000, rd_addr:  0, rd_wdata: 00000000, mem_addr: 00000000, mem_rdata: 00000000, mem_wdata: 00000000
ClkCycle:       4435, pc_rdata: 000043f2, pc_wdata: 000043f6, insn: 1620b423, mode: 3, rs1_addr:  6, rs1_rdata: 1fddb7f7, rs2_addr:  2, rs2_rdata: ddb7f660, rd_addr:  2, rd_wdata: 7f76dfdc, mem_addr: 7f76dfdc, mem_rdata: 00000000, mem_wdata: ddb7f660
ClkCycle:       4436, pc_rdata: 000043f6, pc_wdata: 000043fa, insn: 1620b423, mode: 3, rs1_addr:  0, rs1_rdata: 00000000, rs2_addr:  0, rs2_rdata: 00000000, rd_addr:  0, rd_wdata: 00000000, mem_addr: 00000000, mem_rdata: 00000000, mem_wdata: 00000000
ClkCycle:       4437, pc_rdata: 000043fa, pc_wdata: 000043fc, insn: 02811113, mode: 3, rs1_addr:  2, rs1_rdata: ddb7f660, rs2_addr:  8, rs2_rdata: 7f76e204, rd_addr:  8, rd_wdata: 7f76e304, mem_addr: 7f76e304, mem_rdata: 00000000, mem_wdata: 7f76e204
ClkCycle:       4438, pc_rdata: 000043fc, pc_wdata: 00004400, insn: 02811113, mode: 3, rs1_addr:  2, rs1_rdata: 7f76dfdc, rs2_addr:  8, rs2_rdata: 7f76e204, rd_addr:  2, rd_wdata: 76dfdc00, mem_addr: 76dfdc00, mem_rdata: 00000000, mem_wdata: 7f76e304
ClkCycle:       4439, pc_rdata: 00004400, pc_wdata: 00004402, insn: b8237139, mode: 3, rs1_addr:  2, rs1_rdata: 7f76dfdc, rs2_addr:  0, rs2_rdata: 00000000, rd_addr:  2, rd_wdata: 76dfdbc0, mem_addr: 76dfdbc0, mem_rdata: 00000000, mem_wdata: 00000000
ClkCycle:       4440, pc_rdata: 00004402, pc_wdata: 00004406, insn: b8237139, mode: 3, rs1_addr:  0, rs1_rdata: 00000000, rs2_addr:  0, rs2_rdata: 00000000, rd_addr:  0, rd_wdata: 00000000, mem_addr: 00000000, mem_rdata: 00000000, mem_wdata: 00000000
0000000100007118
ClkCycle:       4441, pc_rdata: 00004406, pc_wdata: 0000440a, insn: 11130010, mode: 3, rs1_addr:  1, rs1_rdata: 00007118, rs2_addr:  1, rs2_rdata: 00007118, rd_addr: 16, rd_wdata: 00007128, mem_addr: 00007128, mem_rdata: 00000000, mem_wdata: 00007118
ClkCycle:       4442, pc_rdata: 0000440a, pc_wdata: 0000440e, insn: 11130010, mode: 3, rs1_addr:  0, rs1_rdata: 00000000, rs2_addr:  0, rs2_rdata: 00000000, rd_addr:  0, rd_wdata: 00000000, mem_addr: 00000000, mem_rdata: 00000000, mem_wdata: 00000000
ClkCycle:       4443, pc_rdata: 0000440e, pc_wdata: 00004412, insn: 1620bc23, mode: 3, rs1_addr:  6, rs1_rdata: 1fddb7f7, rs2_addr:  2, rs2_rdata: 76dfdbc0, rd_addr:  2, rd_wdata: 7f76dfdc, mem_addr: 7f76dfdc, mem_rdata: 00000000, mem_wdata: 76dfdbc0
ClkCycle:       4444, pc_rdata: 00004412, pc_wdata: 00004416, insn: 1620bc23, mode: 3, rs1_addr:  0, rs1_rdata: 00000000, rs2_addr:  0, rs2_rdata: 00000000, rd_addr:  0, rd_wdata: 00000000, mem_addr: 00000000, mem_rdata: 00000000, mem_wdata: 00000000
ClkCycle:       4445, pc_rdata: 00004416, pc_wdata: 00004418, insn: 02a11113, mode: 3, rs1_addr:  2, rs1_rdata: 76dfdbc0, rs2_addr:  8, rs2_rdata: 7f76e304, rd_addr:  8, rd_wdata: 7f76e304, mem_addr: 7f76e304, mem_rdata: 00000000, mem_wdata: 7f76e304
ClkCycle:       4446, pc_rdata: 00004418, pc_wdata: 0000441c, insn: 02a11113, mode: 3, rs1_addr:  2, rs1_rdata: 7f76dfdc, rs2_addr: 10, rs2_rdata: 00000001, rd_addr:  2, rd_wdata: db7f7000, mem_addr: db7f7000, mem_rdata: 00000000, mem_wdata: 00000001
ClkCycle:       4447, pc_rdata: 0000441c, pc_wdata: 0000441e, insn: b0236141, mode: 3, rs1_addr:  2, rs1_rdata: 7f76dfdc, rs2_addr: 16, rs2_rdata: 7d5bfddb, rd_addr:  2, rd_wdata: db7f7010, mem_addr: db7f7010, mem_rdata: 00000000, mem_wdata: 7d5bfddb
ClkCycle:       4448, pc_rdata: 0000441e, pc_wdata: 00004422, insn: b0236141, mode: 3, rs1_addr:  0, rs1_rdata: 00000000, rs2_addr:  0, rs2_rdata: 00000000, rd_addr:  0, rd_wdata: 00000000, mem_addr: 00000000, mem_rdata: 00000000, mem_wdata: 00000000
0000000100007118
ClkCycle:       4449, pc_rdata: 00004422, pc_wdata: 00004426, insn: 11130010, mode: 3, rs1_addr:  1, rs1_rdata: 00007118, rs2_addr:  1, rs2_rdata: 00007118, rd_addr:  0, rd_wdata: 00007118, mem_addr: 00007118, mem_rdata: 00000000, mem_wdata: 00007118
ClkCycle:       4450, pc_rdata: 00004426, pc_wdata: 0000442a, insn: 11130010, mode: 3, rs1_addr:  0, rs1_rdata: 00000000, rs2_addr:  0, rs2_rdata: 00000000, rd_addr:  0, rd_wdata: 00000000, mem_addr: 00000000, mem_rdata: 00000000, mem_wdata: 00000000
ClkCycle:       4451, pc_rdata: 0000442a, pc_wdata: 0000442e, insn: 1820b423, mode: 3, rs1_addr:  6, rs1_rdata: 1fddb7f7, rs2_addr:  2, rs2_rdata: db7f7010, rd_addr:  2, rd_wdata: 7f76dfdc, mem_addr: 7f76dfdc, mem_rdata: 00000000, mem_wdata: db7f7010
ClkCycle:       4452, pc_rdata: 0000442e, pc_wdata: 00004432, insn: 1820b423, mode: 3, rs1_addr:  0, rs1_rdata: 00000000, rs2_addr:  0, rs2_rdata: 00000000, rd_addr:  0, rd_wdata: 00000000, mem_addr: 00000000, mem_rdata: 00000000, mem_wdata: 00000000
ClkCycle:       4453, pc_rdata: 00004432, pc_wdata: 00004434, insn: 02c11113, mode: 3, rs1_addr:  2, rs1_rdata: db7f7010, rs2_addr: 24, rs2_rdata: 0000007d, rd_addr:  8, rd_wdata: 7f76e014, mem_addr: 7f76e014, mem_rdata: 00000000, mem_wdata: 0000007d
ClkCycle:       4454, pc_rdata: 00004434, pc_wdata: 00004438, insn: 02c11113, mode: 3, rs1_addr:  2, rs1_rdata: 7f76dfdc, rs2_addr: 12, rs2_rdata: 00000000, rd_addr:  2, rd_wdata: 6dfdc000, mem_addr: 6dfdc000, mem_rdata: 00000000, mem_wdata: 00000000
ClkCycle:       4455, pc_rdata: 00004438, pc_wdata: 0000443a, insn: b823617d, mode: 3, rs1_addr:  2, rs1_rdata: 7f76dfdc, rs2_addr: 16, rs2_rdata: 7d5bfddb, rd_addr:  2, rd_wdata: 6dfdc1f0, mem_addr: 6dfdc1f0, mem_rdata: 00000000, mem_wdata: 7d5bfddb
ClkCycle:       4456, pc_rdata: 0000443a, pc_wdata: 0000443e, insn: b823617d, mode: 3, rs1_addr:  0, rs1_rdata: 00000000, rs2_addr:  0, rs2_rdata: 00000000, rd_addr:  0, rd_wdata: 00000000, mem_addr: 00000000, mem_rdata: 00000000, mem_wdata: 00000000
0000000100007118
ClkCycle:       4457, pc_rdata: 0000443e, pc_wdata: 00004442, insn: 11130010, mode: 3, rs1_addr:  1, rs1_rdata: 00007118, rs2_addr:  1, rs2_rdata: 00007118, rd_addr: 16, rd_wdata: 00007128, mem_addr: 00007128, mem_rdata: 00000000, mem_wdata: 00007118
ClkCycle:       4458, pc_rdata: 00004442, pc_wdata: 00004446, insn: 11130010, mode: 3, rs1_addr:  0, rs1_rdata: 00000000, rs2_addr:  0, rs2_rdata: 00000000, rd_addr:  0, rd_wdata: 00000000, mem_addr: 00000000, mem_rdata: 00000000, mem_wdata: 00000000
ClkCycle:       4459, pc_rdata: 00004446, pc_wdata: 0000444a, insn: 1820bc23, mode: 3, rs1_addr:  6, rs1_rdata: 1fddb7f7, rs2_addr:  2, rs2_rdata: 6dfdc1f0, rd_addr:  2, rd_wdata: 7f76dfdc, mem_addr: 7f76dfdc, mem_rdata: 00000000, mem_wdata: 6dfdc1f0
ClkCycle:       4460, pc_rdata: 0000444a, pc_wdata: 0000444e, insn: 1820bc23, mode: 3, rs1_addr:  0, rs1_rdata: 00000000, rs2_addr:  0, rs2_rdata: 00000000, rd_addr:  0, rd_wdata: 00000000, mem_addr: 00000000, mem_rdata: 00000000, mem_wdata: 00000000
ClkCycle:       4461, pc_rdata: 0000444e, pc_wdata: 00004450, insn: 02e11113, mode: 3, rs1_addr:  2, rs1_rdata: 6dfdc1f0, rs2_addr: 24, rs2_rdata: 0000007d, rd_addr:  8, rd_wdata: 7f76e014, mem_addr: 7f76e014, mem_rdata: 00000000, mem_wdata: 0000007d
ClkCycle:       4462, pc_rdata: 00004450, pc_wdata: 00004454, insn: 02e11113, mode: 3, rs1_addr:  2, rs1_rdata: 7f76dfdc, rs2_addr: 14, rs2_rdata: 00000000, rd_addr:  2, rd_wdata: b7f70000, mem_addr: b7f70000, mem_rdata: 00000000, mem_wdata: 00000000
ClkCycle:       4463, pc_rdata: 00004454, pc_wdata: 00004456, insn: b0236145, mode: 3, rs1_addr:  2, rs1_rdata: 7f76dfdc, rs2_addr: 16, rs2_rdata: 7d5bfddb, rd_addr:  2, rd_wdata: b7f70030, mem_addr: b7f70030, mem_rdata: 00000000, mem_wdata: 7d5bfddb
ClkCycle:       4464, pc_rdata: 00004456, pc_wdata: 0000445a, insn: b0236145, mode: 3, rs1_addr:  0, rs1_rdata: 00000000, rs2_addr:  0, rs2_rdata: 00000000, rd_addr:  0, rd_wdata: 00000000, mem_addr: 00000000, mem_rdata: 00000000, mem_wdata: 00000000
0000000100007118
ClkCycle:       4465, pc_rdata: 0000445a, pc_wdata: 0000445e, insn: 11130010, mode: 3, rs1_addr:  1, rs1_rdata: 00007118, rs2_addr:  1, rs2_rdata: 00007118, rd_addr:  0, rd_wdata: 00007118, mem_addr: 00007118, mem_rdata: 00000000, mem_wdata: 00007118
ClkCycle:       4466, pc_rdata: 0000445e, pc_wdata: 00004462, insn: 11130010, mode: 3, rs1_addr:  0, rs1_rdata: 00000000, rs2_addr:  0, rs2_rdata: 00000000, rd_addr:  0, rd_wdata: 00000000, mem_addr: 00000000, mem_rdata: 00000000, mem_wdata: 00000000
ClkCycle:       4467, pc_rdata: 00004462, pc_wdata: 00004466, insn: 1a20b423, mode: 3, rs1_addr:  6, rs1_rdata: 1fddb7f7, rs2_addr:  2, rs2_rdata: b7f70030, rd_addr:  2, rd_wdata: 7f76dfdc, mem_addr: 7f76dfdc, mem_rdata: 00000000, mem_wdata: b7f70030
ClkCycle:       4468, pc_rdata: 00004466, pc_wdata: 0000446a, insn: 1a20b423, mode: 3, rs1_addr:  0, rs1_rdata: 00000000, rs2_addr:  0, rs2_rdata: 00000000, rd_addr:  0, rd_wdata: 00000000, mem_addr: 00000000, mem_rdata: 00000000, mem_wdata: 00000000
ClkCycle:       4469, pc_rdata: 0000446a, pc_wdata: 0000446c, insn: 03011113, mode: 3, rs1_addr:  2, rs1_rdata: b7f70030, rs2_addr: 24, rs2_rdata: 0000007d, rd_addr:  8, rd_wdata: 7f76e114, mem_addr: 7f76e114, mem_rdata: 00000000, mem_wdata: 0000007d
ClkCycle:       4470, pc_rdata: 0000446c, pc_wdata: 00004470, insn: 03011113, mode: 3, rs1_addr:  2, rs1_rdata: 7f76dfdc, rs2_addr: 16, rs2_rdata: 7d5bfddb, rd_addr:  2, rd_wdata: dfdc0000, mem_addr: dfdc0000, mem_rdata: 00000000, mem_wdata: 7d5bfddb
ClkCycle:       4471, pc_rdata: 00004470, pc_wdata: 00004472, insn: b8236145, mode: 3, rs1_addr:  2, rs1_rdata: 7f76dfdc, rs2_addr: 16, rs2_rdata: 7d5bfddb, rd_addr:  2, rd_wdata: dfdc0030, mem_addr: dfdc0030, mem_rdata: 00000000, mem_wdata: 7d5bfddb
ClkCycle:       4472, pc_rdata: 00004472, pc_wdata: 00004476, insn: b8236145, mode: 3, rs1_addr:  0, rs1_rdata: 00000000, rs2_addr:  0, rs2_rdata: 00000000, rd_addr:  0, rd_wdata: 00000000, mem_addr: 00000000, mem_rdata: 00000000, mem_wdata: 00000000
0000000100007118
ClkCycle:       4473, pc_rdata: 00004476, pc_wdata: 0000447a, insn: 11130010, mode: 3, rs1_addr:  1, rs1_rdata: 00007118, rs2_addr:  1, rs2_rdata: 00007118, rd_addr: 16, rd_wdata: 00007128, mem_addr: 00007128, mem_rdata: 00000000, mem_wdata: 00007118
ClkCycle:       4474, pc_rdata: 0000447a, pc_wdata: 0000447e, insn: 11130010, mode: 3, rs1_addr:  0, rs1_rdata: 00000000, rs2_addr:  0, rs2_rdata: 00000000, rd_addr:  0, rd_wdata: 00000000, mem_addr: 00000000, mem_rdata: 00000000, mem_wdata: 00000000
ClkCycle:       4475, pc_rdata: 0000447e, pc_wdata: 00004482, insn: 1a20bc23, mode: 3, rs1_addr:  6, rs1_rdata: 1fddb7f7, rs2_addr:  2, rs2_rdata: dfdc0030, rd_addr:  2, rd_wdata: 7f76dfdc, mem_addr: 7f76dfdc, mem_rdata: 00000000, mem_wdata: dfdc0030
ClkCycle:       4476, pc_rdata: 00004482, pc_wdata: 00004486, insn: 1a20bc23, mode: 3, rs1_addr:  0, rs1_rdata: 00000000, rs2_addr:  0, rs2_rdata: 00000000, rd_addr:  0, rd_wdata: 00000000, mem_addr: 00000000, mem_rdata: 00000000, mem_wdata: 00000000
ClkCycle:       4477, pc_rdata: 00004486, pc_wdata: 00004488, insn: 03211113, mode: 3, rs1_addr:  2, rs1_rdata: dfdc0030, rs2_addr: 24, rs2_rdata: 0000007d, rd_addr:  8, rd_wdata: 7f76e114, mem_addr: 7f76e114, mem_rdata: 00000000, mem_wdata: 0000007d
ClkCycle:       4478, pc_rdata: 00004488, pc_wdata: 0000448c, insn: 03211113, mode: 3, rs1_addr:  2, rs1_rdata: 7f76dfdc, rs2_addr: 18, rs2_rdata: ffdbffff, rd_addr:  2, rd_wdata: 7f700000, mem_addr: 7f700000, mem_rdata: 00000000, mem_wdata: ffdbffff
ClkCycle:       4479, pc_rdata: 0000448c, pc_wdata: 0000448e, insn: b023710d, mode: 3, rs1_addr:  2, rs1_rdata: 7f76dfdc, rs2_addr:  0, rs2_rdata: 00000000, rd_addr:  2, rd_wdata: 7f6ffea0, mem_addr: 7f6ffea0, mem_rdata: 00000000, mem_wdata: 00000000
ClkCycle:       4480, pc_rdata: 0000448e, pc_wdata: 00004492, insn: b023710d, mode: 3, rs1_addr:  0, rs1_rdata: 00000000, rs2_addr:  0, rs2_rdata: 00000000, rd_addr:  0, rd_wdata: 00000000, mem_addr: 00000000, mem_rdata: 00000000, mem_wdata: 00000000
0000000100007118
ClkCycle:       4481, pc_rdata: 00004492, pc_wdata: 00004496, insn: 11130010, mode: 3, rs1_addr:  1, rs1_rdata: 00007118, rs2_addr:  1, rs2_rdata: 00007118, rd_addr:  0, rd_wdata: 00007118, mem_addr: 00007118, mem_rdata: 00000000, mem_wdata: 00007118
ClkCycle:       4482, pc_rdata: 00004496, pc_wdata: 0000449a, insn: 11130010, mode: 3, rs1_addr:  0, rs1_rdata: 00000000, rs2_addr:  0, rs2_rdata: 00000000, rd_addr:  0, rd_wdata: 00000000, mem_addr: 00000000, mem_rdata: 00000000, mem_wdata: 00000000
ClkCycle:       4483, pc_rdata: 0000449a, pc_wdata: 0000449e, insn: 1c20b423, mode: 3, rs1_addr:  6, rs1_rdata: 1fddb7f7, rs2_addr:  2, rs2_rdata: 7f6ffea0, rd_addr:  2, rd_wdata: 7f76dfdc, mem_addr: 7f76dfdc, mem_rdata: 00000000, mem_wdata: 7f6ffea0
ClkCycle:       4484, pc_rdata: 0000449e, pc_wdata: 000044a2, insn: 1c20b423, mode: 3, rs1_addr:  0, rs1_rdata: 00000000, rs2_addr:  0, rs2_rdata: 00000000, rd_addr:  0, rd_wdata: 00000000, mem_addr: 00000000, mem_rdata: 00000000, mem_wdata: 00000000
ClkCycle:       4485, pc_rdata: 000044a2, pc_wdata: 000044a4, insn: 03411113, mode: 3, rs1_addr:  2, rs1_rdata: 7f6ffea0, rs2_addr: 24, rs2_rdata: 0000007d, rd_addr:  8, rd_wdata: 7f76e214, mem_addr: 7f76e214, mem_rdata: 00000000, mem_wdata: 0000007d
ClkCycle:       4486, pc_rdata: 000044a4, pc_wdata: 000044a8, insn: 03411113, mode: 3, rs1_addr:  2, rs1_rdata: 7f76dfdc, rs2_addr: 20, rs2_rdata: d5bfff6f, rd_addr:  2, rd_wdata: fdc00000, mem_addr: fdc00000, mem_rdata: 00000000, mem_wdata: d5bfff6f
ClkCycle:       4487, pc_rdata: 000044a8, pc_wdata: 000044aa, insn: b8236109, mode: 3, rs1_addr:  2, rs1_rdata: 7f76dfdc, rs2_addr:  0, rs2_rdata: 00000000, rd_addr:  2, rd_wdata: fdc00080, mem_addr: fdc00080, mem_rdata: 00000000, mem_wdata: 00000000
ClkCycle:       4488, pc_rdata: 000044aa, pc_wdata: 000044ae, insn: b8236109, mode: 3, rs1_addr:  0, rs1_rdata: 00000000, rs2_addr:  0, rs2_rdata: 00000000, rd_addr:  0, rd_wdata: 00000000, mem_addr: 00000000, mem_rdata: 00000000, mem_wdata: 00000000
0000000100007118
ClkCycle:       4489, pc_rdata: 000044ae, pc_wdata: 000044b2, insn: 11130010, mode: 3, rs1_addr:  1, rs1_rdata: 00007118, rs2_addr:  1, rs2_rdata: 00007118, rd_addr: 16, rd_wdata: 00007128, mem_addr: 00007128, mem_rdata: 00000000, mem_wdata: 00007118
ClkCycle:       4490, pc_rdata: 000044b2, pc_wdata: 000044b6, insn: 11130010, mode: 3, rs1_addr:  0, rs1_rdata: 00000000, rs2_addr:  0, rs2_rdata: 00000000, rd_addr:  0, rd_wdata: 00000000, mem_addr: 00000000, mem_rdata: 00000000, mem_wdata: 00000000
ClkCycle:       4491, pc_rdata: 000044b6, pc_wdata: 000044ba, insn: 1c20bc23, mode: 3, rs1_addr:  6, rs1_rdata: 1fddb7f7, rs2_addr:  2, rs2_rdata: fdc00080, rd_addr:  2, rd_wdata: 7f76dfdc, mem_addr: 7f76dfdc, mem_rdata: 00000000, mem_wdata: fdc00080
ClkCycle:       4492, pc_rdata: 000044ba, pc_wdata: 000044be, insn: 1c20bc23, mode: 3, rs1_addr:  0, rs1_rdata: 00000000, rs2_addr:  0, rs2_rdata: 00000000, rd_addr:  0, rd_wdata: 00000000, mem_addr: 00000000, mem_rdata: 00000000, mem_wdata: 00000000
ClkCycle:       4493, pc_rdata: 000044be, pc_wdata: 000044c0, insn: 03611113, mode: 3, rs1_addr:  2, rs1_rdata: fdc00080, rs2_addr: 24, rs2_rdata: 0000007d, rd_addr:  8, rd_wdata: 7f76e214, mem_addr: 7f76e214, mem_rdata: 00000000, mem_wdata: 0000007d
ClkCycle:       4494, pc_rdata: 000044c0, pc_wdata: 000044c4, insn: 03611113, mode: 3, rs1_addr:  2, rs1_rdata: 7f76dfdc, rs2_addr: 22, rs2_rdata: 001f56ff, rd_addr:  2, rd_wdata: f7000000, mem_addr: f7000000, mem_rdata: 00000000, mem_wdata: 001f56ff
ClkCycle:       4495, pc_rdata: 000044c4, pc_wdata: 000044c6, insn: b023616d, mode: 3, rs1_addr:  2, rs1_rdata: 7f76dfdc, rs2_addr: 16, rs2_rdata: 7d5bfddb, rd_addr:  2, rd_wdata: f70000f0, mem_addr: f70000f0, mem_rdata: 00000000, mem_wdata: 7d5bfddb
ClkCycle:       4496, pc_rdata: 000044c6, pc_wdata: 000044ca, insn: b023616d, mode: 3, rs1_addr:  0, rs1_rdata: 00000000, rs2_addr:  0, rs2_rdata: 00000000, rd_addr:  0, rd_wdata: 00000000, mem_addr: 00000000, mem_rdata: 00000000, mem_wdata: 00000000
0000000100007118
ClkCycle:       4497, pc_rdata: 000044ca, pc_wdata: 000044ce, insn: 11130010, mode: 3, rs1_addr:  1, rs1_rdata: 00007118, rs2_addr:  1, rs2_rdata: 00007118, rd_addr:  0, rd_wdata: 00007118, mem_addr: 00007118, mem_rdata: 00000000, mem_wdata: 00007118
ClkCycle:       4498, pc_rdata: 000044ce, pc_wdata: 000044d2, insn: 11130010, mode: 3, rs1_addr:  0, rs1_rdata: 00000000, rs2_addr:  0, rs2_rdata: 00000000, rd_addr:  0, rd_wdata: 00000000, mem_addr: 00000000, mem_rdata: 00000000, mem_wdata: 00000000
ClkCycle:       4499, pc_rdata: 000044d2, pc_wdata: 000044d6, insn: 1e20b423, mode: 3, rs1_addr:  6, rs1_rdata: 1fddb7f7, rs2_addr:  2, rs2_rdata: f70000f0, rd_addr:  2, rd_wdata: 7f76dfdc, mem_addr: 7f76dfdc, mem_rdata: 00000000, mem_wdata: f70000f0
ClkCycle:       4500, pc_rdata: 000044d6, pc_wdata: 000044da, insn: 1e20b423, mode: 3, rs1_addr:  0, rs1_rdata: 00000000, rs2_addr:  0, rs2_rdata: 00000000, rd_addr:  0, rd_wdata: 00000000, mem_addr: 00000000, mem_rdata: 00000000, mem_wdata: 00000000
ClkCycle:       4501, pc_rdata: 000044da, pc_wdata: 000044dc, insn: 03811113, mode: 3, rs1_addr:  2, rs1_rdata: f70000f0, rs2_addr: 24, rs2_rdata: 0000007d, rd_addr:  8, rd_wdata: 7f76e314, mem_addr: 7f76e314, mem_rdata: 00000000, mem_wdata: 0000007d
ClkCycle:       4502, pc_rdata: 000044dc, pc_wdata: 000044e0, insn: 03811113, mode: 3, rs1_addr:  2, rs1_rdata: 7f76dfdc, rs2_addr: 24, rs2_rdata: 0000007d, rd_addr:  2, rd_wdata: dc000000, mem_addr: dc000000, mem_rdata: 00000000, mem_wdata: 0000007d
ClkCycle:       4503, pc_rdata: 000044e0, pc_wdata: 000044e2, insn: b823713d, mode: 3, rs1_addr:  2, rs1_rdata: 7f76dfdc, rs2_addr:  0, rs2_rdata: 00000000, rd_addr:  2, rd_wdata: dbffffe0, mem_addr: dbffffe0, mem_rdata: 00000000, mem_wdata: 00000000
ClkCycle:       4504, pc_rdata: 000044e2, pc_wdata: 000044e6, insn: b823713d, mode: 3, rs1_addr:  0, rs1_rdata: 00000000, rs2_addr:  0, rs2_rdata: 00000000, rd_addr:  0, rd_wdata: 00000000, mem_addr: 00000000, mem_rdata: 00000000, mem_wdata: 00000000
0000000100007118
ClkCycle:       4505, pc_rdata: 000044e6, pc_wdata: 000044ea, insn: 11130010, mode: 3, rs1_addr:  1, rs1_rdata: 00007118, rs2_addr:  1, rs2_rdata: 00007118, rd_addr: 16, rd_wdata: 00007128, mem_addr: 00007128, mem_rdata: 00000000, mem_wdata: 00007118
ClkCycle:       4506, pc_rdata: 000044ea, pc_wdata: 000044ee, insn: 11130010, mode: 3, rs1_addr:  0, rs1_rdata: 00000000, rs2_addr:  0, rs2_rdata: 00000000, rd_addr:  0, rd_wdata: 00000000, mem_addr: 00000000, mem_rdata: 00000000, mem_wdata: 00000000
ClkCycle:       4507, pc_rdata: 000044ee, pc_wdata: 000044f2, insn: 1e20bc23, mode: 3, rs1_addr:  6, rs1_rdata: 1fddb7f7, rs2_addr:  2, rs2_rdata: dbffffe0, rd_addr:  2, rd_wdata: 7f76dfdc, mem_addr: 7f76dfdc, mem_rdata: 00000000, mem_wdata: dbffffe0
ClkCycle:       4508, pc_rdata: 000044f2, pc_wdata: 000044f6, insn: 1e20bc23, mode: 3, rs1_addr:  0, rs1_rdata: 00000000, rs2_addr:  0, rs2_rdata: 00000000, rd_addr:  0, rd_wdata: 00000000, mem_addr: 00000000, mem_rdata: 00000000, mem_wdata: 00000000
ClkCycle:       4509, pc_rdata: 000044f6, pc_wdata: 000044f8, insn: 03a11113, mode: 3, rs1_addr:  2, rs1_rdata: dbffffe0, rs2_addr: 24, rs2_rdata: 0000007d, rd_addr:  8, rd_wdata: 7f76e314, mem_addr: 7f76e314, mem_rdata: 00000000, mem_wdata: 0000007d
ClkCycle:       4510, pc_rdata: 000044f8, pc_wdata: 000044fc, insn: 03a11113, mode: 3, rs1_addr:  2, rs1_rdata: 7f76dfdc, rs2_addr: 26, rs2_rdata: 00000000, rd_addr:  2, rd_wdata: 70000000, mem_addr: 70000000, mem_rdata: 00000000, mem_wdata: 00000000
ClkCycle:       4511, pc_rdata: 000044fc, pc_wdata: 000044fe, insn: b0237139, mode: 3, rs1_addr:  2, rs1_rdata: 7f76dfdc, rs2_addr:  0, rs2_rdata: 00000000, rd_addr:  2, rd_wdata: 6fffffc0, mem_addr: 6fffffc0, mem_rdata: 00000000, mem_wdata: 00000000
ClkCycle:       4512, pc_rdata: 000044fe, pc_wdata: 00004502, insn: b0237139, mode: 3, rs1_addr:  0, rs1_rdata: 00000000, rs2_addr:  0, rs2_rdata: 00000000, rd_addr:  0, rd_wdata: 00000000, mem_addr: 00000000, mem_rdata: 00000000, mem_wdata: 00000000
0000000100007118
ClkCycle:       4513, pc_rdata: 00004502, pc_wdata: 00004506, insn: 11130010, mode: 3, rs1_addr:  1, rs1_rdata: 00007118, rs2_addr:  1, rs2_rdata: 00007118, rd_addr:  0, rd_wdata: 00007118, mem_addr: 00007118, mem_rdata: 00000000, mem_wdata: 00007118
ClkCycle:       4514, pc_rdata: 00004506, pc_wdata: 0000450a, insn: 11130010, mode: 3, rs1_addr:  0, rs1_rdata: 00000000, rs2_addr:  0, rs2_rdata: 00000000, rd_addr:  0, rd_wdata: 00000000, mem_addr: 00000000, mem_rdata: 00000000, mem_wdata: 00000000
ClkCycle:       4515, pc_rdata: 0000450a, pc_wdata: 0000450e, insn: 2020b423, mode: 3, rs1_addr:  6, rs1_rdata: 1fddb7f7, rs2_addr:  2, rs2_rdata: 6fffffc0, rd_addr:  2, rd_wdata: 7f76dfdc, mem_addr: 7f76dfdc, mem_rdata: 00000000, mem_wdata: 6fffffc0
ClkCycle:       4516, pc_rdata: 0000450e, pc_wdata: 00004512, insn: 2020b423, mode: 3, rs1_addr:  0, rs1_rdata: 00000000, rs2_addr:  0, rs2_rdata: 00000000, rd_addr:  0, rd_wdata: 00000000, mem_addr: 00000000, mem_rdata: 00000000, mem_wdata: 00000000
ClkCycle:       4517, pc_rdata: 00004512, pc_wdata: 00004514, insn: 03c11113, mode: 3, rs1_addr:  2, rs1_rdata: 6fffffc0, rs2_addr:  8, rs2_rdata: 7f76e314, rd_addr:  8, rd_wdata: 7f76dfe4, mem_addr: 7f76dfe4, mem_rdata: 00000000, mem_wdata: 7f76e314
ClkCycle:       4518, pc_rdata: 00004514, pc_wdata: 00004518, insn: 03c11113, mode: 3, rs1_addr:  2, rs1_rdata: 7f76dfdc, rs2_addr: 28, rs2_rdata: 00000000, rd_addr:  2, rd_wdata: c0000000, mem_addr: c0000000, mem_rdata: 00000000, mem_wdata: 00000000
ClkCycle:       4519, pc_rdata: 00004518, pc_wdata: 0000451a, insn: b8236105, mode: 3, rs1_addr:  2, rs1_rdata: 7f76dfdc, rs2_addr:  0, rs2_rdata: 00000000, rd_addr:  2, rd_wdata: c0000020, mem_addr: c0000020, mem_rdata: 00000000, mem_wdata: 00000000
ClkCycle:       4520, pc_rdata: 0000451a, pc_wdata: 0000451e, insn: b8236105, mode: 3, rs1_addr:  0, rs1_rdata: 00000000, rs2_addr:  0, rs2_rdata: 00000000, rd_addr:  0, rd_wdata: 00000000, mem_addr: 00000000, mem_rdata: 00000000, mem_wdata: 00000000
0000000100007118
ClkCycle:       4521, pc_rdata: 0000451e, pc_wdata: 00004522, insn: 11130010, mode: 3, rs1_addr:  1, rs1_rdata: 00007118, rs2_addr:  1, rs2_rdata: 00007118, rd_addr: 16, rd_wdata: 00007128, mem_addr: 00007128, mem_rdata: 00000000, mem_wdata: 00007118
ClkCycle:       4522, pc_rdata: 00004522, pc_wdata: 00004526, insn: 11130010, mode: 3, rs1_addr:  0, rs1_rdata: 00000000, rs2_addr:  0, rs2_rdata: 00000000, rd_addr:  0, rd_wdata: 00000000, mem_addr: 00000000, mem_rdata: 00000000, mem_wdata: 00000000
ClkCycle:       4523, pc_rdata: 00004526, pc_wdata: 0000452a, insn: 2020bc23, mode: 3, rs1_addr:  6, rs1_rdata: 1fddb7f7, rs2_addr:  2, rs2_rdata: c0000020, rd_addr:  2, rd_wdata: 7f76dfdc, mem_addr: 7f76dfdc, mem_rdata: 00000000, mem_wdata: c0000020
ClkCycle:       4524, pc_rdata: 0000452a, pc_wdata: 0000452e, insn: 2020bc23, mode: 3, rs1_addr:  0, rs1_rdata: 00000000, rs2_addr:  0, rs2_rdata: 00000000, rd_addr:  0, rd_wdata: 00000000, mem_addr: 00000000, mem_rdata: 00000000, mem_wdata: 00000000
ClkCycle:       4525, pc_rdata: 0000452e, pc_wdata: 00004530, insn: 03e11113, mode: 3, rs1_addr:  2, rs1_rdata: c0000020, rs2_addr:  8, rs2_rdata: 7f76dfe4, rd_addr:  8, rd_wdata: 7f76dfe4, mem_addr: 7f76dfe4, mem_rdata: 00000000, mem_wdata: 7f76dfe4
ClkCycle:       4526, pc_rdata: 00004530, pc_wdata: 00004534, insn: 03e11113, mode: 3, rs1_addr:  2, rs1_rdata: 7f76dfdc, rs2_addr: 30, rs2_rdata: 00000000, rd_addr:  2, rd_wdata: 00000000, mem_addr: 00000000, mem_rdata: 00000000, mem_wdata: 00000000
ClkCycle:       4527, pc_rdata: 00004534, pc_wdata: 00004536, insn: b0236161, mode: 3, rs1_addr:  2, rs1_rdata: 7f76dfdc, rs2_addr: 16, rs2_rdata: 7d5bfddb, rd_addr:  2, rd_wdata: 00000050, mem_addr: 00000050, mem_rdata: 00000000, mem_wdata: 7d5bfddb
ClkCycle:       4528, pc_rdata: 00004536, pc_wdata: 0000453a, insn: b0236161, mode: 3, rs1_addr:  0, rs1_rdata: 00000000, rs2_addr:  0, rs2_rdata: 00000000, rd_addr:  0, rd_wdata: 00000000, mem_addr: 00000000, mem_rdata: 00000000, mem_wdata: 00000000
0000000100007118
ClkCycle:       4529, pc_rdata: 0000453a, pc_wdata: 0000453e, insn: 11130010, mode: 3, rs1_addr:  1, rs1_rdata: 00007118, rs2_addr:  1, rs2_rdata: 00007118, rd_addr:  0, rd_wdata: 00007118, mem_addr: 00007118, mem_rdata: 00000000, mem_wdata: 00007118
ClkCycle:       4530, pc_rdata: 0000453e, pc_wdata: 00004542, insn: 11130010, mode: 3, rs1_addr:  0, rs1_rdata: 00000000, rs2_addr:  0, rs2_rdata: 00000000, rd_addr:  0, rd_wdata: 00000000, mem_addr: 00000000, mem_rdata: 00000000, mem_wdata: 00000000
ClkCycle:       4531, pc_rdata: 00004542, pc_wdata: 00004546, insn: 717dfff1, mode: 3, rs1_addr:  2, rs1_rdata: 00000050, rs2_addr: 31, rs2_rdata: 00000000, rd_addr:  2, rd_wdata: 00000000, mem_addr: 00000000, mem_rdata: 00000000, mem_wdata: 00000000
ClkCycle:       4532, pc_rdata: 00004546, pc_wdata: 0000454a, insn: 717dfff1, mode: 3, rs1_addr:  0, rs1_rdata: 00000000, rs2_addr:  0, rs2_rdata: 00000000, rd_addr:  0, rd_wdata: 00000000, mem_addr: 00000000, mem_rdata: 00000000, mem_wdata: 00000000
ClkCycle:       4533, pc_rdata: 0000454a, pc_wdata: 0000454c, insn: 00100113, mode: 3, rs1_addr:  2, rs1_rdata: 00000050, rs2_addr: 16, rs2_rdata: 7d5bfddb, rd_addr:  2, rd_wdata: fffffff0, mem_addr: fffffff0, mem_rdata: 00000000, mem_wdata: 7d5bfddb
ClkCycle:       4534, pc_rdata: 0000454c, pc_wdata: 00004550, insn: 00100113, mode: 3, rs1_addr:  0, rs1_rdata: 00000000, rs2_addr:  1, rs2_rdata: 00007118, rd_addr:  2, rd_wdata: 00000001, mem_addr: 00000001, mem_rdata: 00000000, mem_wdata: 00007118
ClkCycle:       4535, pc_rdata: 00004550, pc_wdata: 00004554, insn: 03611113, mode: 3, rs1_addr:  2, rs1_rdata: 00000000, rs2_addr: 22, rs2_rdata: 001f56ff, rd_addr:  2, rd_wdata: 00400000, mem_addr: 00400000, mem_rdata: 00000000, mem_wdata: 001f56ff
ClkCycle:       4536, pc_rdata: 00004554, pc_wdata: 00004558, insn: fff14113, mode: 3, rs1_addr:  2, rs1_rdata: fffffff0, rs2_addr: 31, rs2_rdata: 00000000, rd_addr:  2, rd_wdata: ffbfffff, mem_addr: ffbfffff, mem_rdata: 00000000, mem_wdata: 00000000
ClkCycle:       4537, pc_rdata: 00004558, pc_wdata: 0000455a, insn: b823617d, mode: 3, rs1_addr:  2, rs1_rdata: 00000001, rs2_addr: 16, rs2_rdata: 7d5bfddb, rd_addr:  2, rd_wdata: ffc001ef, mem_addr: ffc001ef, mem_rdata: 00000000, mem_wdata: 7d5bfddb
ClkCycle:       4538, pc_rdata: 0000455a, pc_wdata: 0000455e, insn: b823617d, mode: 3, rs1_addr:  0, rs1_rdata: 00000000, rs2_addr:  0, rs2_rdata: 00000000, rd_addr:  0, rd_wdata: 00000000, mem_addr: 00000000, mem_rdata: 00000000, mem_wdata: 00000000
0000000100007118
ClkCycle:       4539, pc_rdata: 0000455e, pc_wdata: 00004562, insn: 11130010, mode: 3, rs1_addr:  1, rs1_rdata: 00007118, rs2_addr:  1, rs2_rdata: 00007118, rd_addr: 16, rd_wdata: 00007128, mem_addr: 00007128, mem_rdata: 00000000, mem_wdata: 00007118
ClkCycle:       4540, pc_rdata: 00004562, pc_wdata: 00004566, insn: 11130010, mode: 3, rs1_addr:  0, rs1_rdata: 00000000, rs2_addr:  0, rs2_rdata: 00000000, rd_addr:  0, rd_wdata: 00000000, mem_addr: 00000000, mem_rdata: 00000000, mem_wdata: 00000000
ClkCycle:       4541, pc_rdata: 00004566, pc_wdata: 0000456a, insn: 6145fff1, mode: 3, rs1_addr:  2, rs1_rdata: ffc001ef, rs2_addr: 31, rs2_rdata: 00000000, rd_addr:  2, rd_wdata: 80000000, mem_addr: 80000000, mem_rdata: 00000000, mem_wdata: 00000000
ClkCycle:       4542, pc_rdata: 0000456a, pc_wdata: 0000456e, insn: 6145fff1, mode: 3, rs1_addr:  0, rs1_rdata: 00000000, rs2_addr:  0, rs2_rdata: 00000000, rd_addr:  0, rd_wdata: 00000000, mem_addr: 00000000, mem_rdata: 00000000, mem_wdata: 00000000
ClkCycle:       4543, pc_rdata: 0000456e, pc_wdata: 00004570, insn: 00100113, mode: 3, rs1_addr:  2, rs1_rdata: ffc001ef, rs2_addr: 16, rs2_rdata: 7d5bfddb, rd_addr:  2, rd_wdata: 80000030, mem_addr: 80000030, mem_rdata: 00000000, mem_wdata: 7d5bfddb
ClkCycle:       4544, pc_rdata: 00004570, pc_wdata: 00004574, insn: 00100113, mode: 3, rs1_addr:  0, rs1_rdata: 00000000, rs2_addr:  1, rs2_rdata: 00007118, rd_addr:  2, rd_wdata: 00000001, mem_addr: 00000001, mem_rdata: 00000000, mem_wdata: 00007118
ClkCycle:       4545, pc_rdata: 00004574, pc_wdata: 00004578, insn: 03811113, mode: 3, rs1_addr:  2, rs1_rdata: 80000000, rs2_addr: 24, rs2_rdata: 0000007d, rd_addr:  2, rd_wdata: 01000000, mem_addr: 01000000, mem_rdata: 00000000, mem_wdata: 0000007d
ClkCycle:       4546, pc_rdata: 00004578, pc_wdata: 0000457c, insn: fff14113, mode: 3, rs1_addr:  2, rs1_rdata: 80000030, rs2_addr: 31, rs2_rdata: 00000000, rd_addr:  2, rd_wdata: feffffff, mem_addr: feffffff, mem_rdata: 00000000, mem_wdata: 00000000
ClkCycle:       4547, pc_rdata: 0000457c, pc_wdata: 0000457e, insn: b0236109, mode: 3, rs1_addr:  2, rs1_rdata: 00000001, rs2_addr:  0, rs2_rdata: 00000000, rd_addr:  2, rd_wdata: ff00007f, mem_addr: ff00007f, mem_rdata: 00000000, mem_wdata: 00000000
ClkCycle:       4548, pc_rdata: 0000457e, pc_wdata: 00004582, insn: b0236109, mode: 3, rs1_addr:  0, rs1_rdata: 00000000, rs2_addr:  0, rs2_rdata: 00000000, rd_addr:  0, rd_wdata: 00000000, mem_addr: 00000000, mem_rdata: 00000000, mem_wdata: 00000000
0000000100007118
ClkCycle:       4549, pc_rdata: 00004582, pc_wdata: 00004586, insn: 11130010, mode: 3, rs1_addr:  1, rs1_rdata: 00007118, rs2_addr:  1, rs2_rdata: 00007118, rd_addr:  0, rd_wdata: 00007118, mem_addr: 00007118, mem_rdata: 00000000, mem_wdata: 00007118
ClkCycle:       4550, pc_rdata: 00004586, pc_wdata: 0000458a, insn: 11130010, mode: 3, rs1_addr:  0, rs1_rdata: 00000000, rs2_addr:  0, rs2_rdata: 00000000, rd_addr:  0, rd_wdata: 00000000, mem_addr: 00000000, mem_rdata: 00000000, mem_wdata: 00000000
ClkCycle:       4551, pc_rdata: 0000458a, pc_wdata: 0000458e, insn: 7119fff1, mode: 3, rs1_addr:  2, rs1_rdata: ff00007f, rs2_addr: 31, rs2_rdata: 00000000, rd_addr:  2, rd_wdata: 80000000, mem_addr: 80000000, mem_rdata: 00000000, mem_wdata: 00000000
ClkCycle:       4552, pc_rdata: 0000458e, pc_wdata: 00004592, insn: 7119fff1, mode: 3, rs1_addr:  0, rs1_rdata: 00000000, rs2_addr:  0, rs2_rdata: 00000000, rd_addr:  0, rd_wdata: 00000000, mem_addr: 00000000, mem_rdata: 00000000, mem_wdata: 00000000
ClkCycle:       4553, pc_rdata: 00004592, pc_wdata: 00004594, insn: 00100113, mode: 3, rs1_addr:  2, rs1_rdata: ff00007f, rs2_addr:  0, rs2_rdata: 00000000, rd_addr:  2, rd_wdata: 7fffff80, mem_addr: 7fffff80, mem_rdata: 00000000, mem_wdata: 00000000
ClkCycle:       4554, pc_rdata: 00004594, pc_wdata: 00004598, insn: 00100113, mode: 3, rs1_addr:  0, rs1_rdata: 00000000, rs2_addr:  1, rs2_rdata: 00007118, rd_addr:  2, rd_wdata: 00000001, mem_addr: 00000001, mem_rdata: 00000000, mem_wdata: 00007118
ClkCycle:       4555, pc_rdata: 00004598, pc_wdata: 0000459c, insn: 03a11113, mode: 3, rs1_addr:  2, rs1_rdata: 80000000, rs2_addr: 26, rs2_rdata: 00000000, rd_addr:  2, rd_wdata: 04000000, mem_addr: 04000000, mem_rdata: 00000000, mem_wdata: 00000000
ClkCycle:       4556, pc_rdata: 0000459c, pc_wdata: 000045a0, insn: fff14113, mode: 3, rs1_addr:  2, rs1_rdata: 7fffff80, rs2_addr: 31, rs2_rdata: 00000000, rd_addr:  2, rd_wdata: fbffffff, mem_addr: fbffffff, mem_rdata: 00000000, mem_wdata: 00000000
ClkCycle:       4557, pc_rdata: 000045a0, pc_wdata: 000045a2, insn: b8236171, mode: 3, rs1_addr:  2, rs1_rdata: 00000001, rs2_addr: 16, rs2_rdata: 7d5bfddb, rd_addr:  2, rd_wdata: fc00014f, mem_addr: fc00014f, mem_rdata: 00000000, mem_wdata: 7d5bfddb
ClkCycle:       4558, pc_rdata: 000045a2, pc_wdata: 000045a6, insn: b8236171, mode: 3, rs1_addr:  0, rs1_rdata: 00000000, rs2_addr:  0, rs2_rdata: 00000000, rd_addr:  0, rd_wdata: 00000000, mem_addr: 00000000, mem_rdata: 00000000, mem_wdata: 00000000
0000000100007118
ClkCycle:       4559, pc_rdata: 000045a6, pc_wdata: 000045aa, insn: 11130010, mode: 3, rs1_addr:  1, rs1_rdata: 00007118, rs2_addr:  1, rs2_rdata: 00007118, rd_addr: 16, rd_wdata: 00007128, mem_addr: 00007128, mem_rdata: 00000000, mem_wdata: 00007118
ClkCycle:       4560, pc_rdata: 000045aa, pc_wdata: 000045ae, insn: 11130010, mode: 3, rs1_addr:  0, rs1_rdata: 00000000, rs2_addr:  0, rs2_rdata: 00000000, rd_addr:  0, rd_wdata: 00000000, mem_addr: 00000000, mem_rdata: 00000000, mem_wdata: 00000000
ClkCycle:       4561, pc_rdata: 000045ae, pc_wdata: 000045b2, insn: 7139fff1, mode: 3, rs1_addr:  2, rs1_rdata: fc00014f, rs2_addr: 31, rs2_rdata: 00000000, rd_addr:  2, rd_wdata: 80000000, mem_addr: 80000000, mem_rdata: 00000000, mem_wdata: 00000000
ClkCycle:       4562, pc_rdata: 000045b2, pc_wdata: 000045b6, insn: 7139fff1, mode: 3, rs1_addr:  0, rs1_rdata: 00000000, rs2_addr:  0, rs2_rdata: 00000000, rd_addr:  0, rd_wdata: 00000000, mem_addr: 00000000, mem_rdata: 00000000, mem_wdata: 00000000
ClkCycle:       4563, pc_rdata: 000045b6, pc_wdata: 000045b8, insn: 00100113, mode: 3, rs1_addr:  2, rs1_rdata: fc00014f, rs2_addr:  0, rs2_rdata: 00000000, rd_addr:  2, rd_wdata: 7fffffc0, mem_addr: 7fffffc0, mem_rdata: 00000000, mem_wdata: 00000000
ClkCycle:       4564, pc_rdata: 000045b8, pc_wdata: 000045bc, insn: 00100113, mode: 3, rs1_addr:  0, rs1_rdata: 00000000, rs2_addr:  1, rs2_rdata: 00007118, rd_addr:  2, rd_wdata: 00000001, mem_addr: 00000001, mem_rdata: 00000000, mem_wdata: 00007118
ClkCycle:       4565, pc_rdata: 000045bc, pc_wdata: 000045c0, insn: 03c11113, mode: 3, rs1_addr:  2, rs1_rdata: 80000000, rs2_addr: 28, rs2_rdata: 00000000, rd_addr:  2, rd_wdata: 10000000, mem_addr: 10000000, mem_rdata: 00000000, mem_wdata: 00000000
ClkCycle:       4566, pc_rdata: 000045c0, pc_wdata: 000045c4, insn: fff14113, mode: 3, rs1_addr:  2, rs1_rdata: 7fffffc0, rs2_addr: 31, rs2_rdata: 00000000, rd_addr:  2, rd_wdata: efffffff, mem_addr: efffffff, mem_rdata: 00000000, mem_wdata: 00000000
ClkCycle:       4567, pc_rdata: 000045c4, pc_wdata: 000045c6, insn: b0237159, mode: 3, rs1_addr:  2, rs1_rdata: 00000001, rs2_addr: 16, rs2_rdata: 7d5bfddb, rd_addr:  2, rd_wdata: efffff8f, mem_addr: efffff8f, mem_rdata: 00000000, mem_wdata: 7d5bfddb
ClkCycle:       4568, pc_rdata: 000045c6, pc_wdata: 000045ca, insn: b0237159, mode: 3, rs1_addr:  0, rs1_rdata: 00000000, rs2_addr:  0, rs2_rdata: 00000000, rd_addr:  0, rd_wdata: 00000000, mem_addr: 00000000, mem_rdata: 00000000, mem_wdata: 00000000
0000000100007118
ClkCycle:       4569, pc_rdata: 000045ca, pc_wdata: 000045ce, insn: 11130010, mode: 3, rs1_addr:  1, rs1_rdata: 00007118, rs2_addr:  1, rs2_rdata: 00007118, rd_addr:  0, rd_wdata: 00007118, mem_addr: 00007118, mem_rdata: 00000000, mem_wdata: 00007118
ClkCycle:       4570, pc_rdata: 000045ce, pc_wdata: 000045d2, insn: 11130010, mode: 3, rs1_addr:  0, rs1_rdata: 00000000, rs2_addr:  0, rs2_rdata: 00000000, rd_addr:  0, rd_wdata: 00000000, mem_addr: 00000000, mem_rdata: 00000000, mem_wdata: 00000000
ClkCycle:       4571, pc_rdata: 000045d2, pc_wdata: 000045d6, insn: 7111fff1, mode: 3, rs1_addr:  2, rs1_rdata: efffff8f, rs2_addr: 31, rs2_rdata: 00000000, rd_addr:  2, rd_wdata: 80000000, mem_addr: 80000000, mem_rdata: 00000000, mem_wdata: 00000000
ClkCycle:       4572, pc_rdata: 000045d6, pc_wdata: 000045da, insn: 7111fff1, mode: 3, rs1_addr:  0, rs1_rdata: 00000000, rs2_addr:  0, rs2_rdata: 00000000, rd_addr:  0, rd_wdata: 00000000, mem_addr: 00000000, mem_rdata: 00000000, mem_wdata: 00000000
ClkCycle:       4573, pc_rdata: 000045da, pc_wdata: 000045dc, insn: 00100113, mode: 3, rs1_addr:  2, rs1_rdata: efffff8f, rs2_addr:  0, rs2_rdata: 00000000, rd_addr:  2, rd_wdata: 7fffff00, mem_addr: 7fffff00, mem_rdata: 00000000, mem_wdata: 00000000
ClkCycle:       4574, pc_rdata: 000045dc, pc_wdata: 000045e0, insn: 00100113, mode: 3, rs1_addr:  0, rs1_rdata: 00000000, rs2_addr:  1, rs2_rdata: 00007118, rd_addr:  2, rd_wdata: 00000001, mem_addr: 00000001, mem_rdata: 00000000, mem_wdata: 00007118
ClkCycle:       4575, pc_rdata: 000045e0, pc_wdata: 000045e4, insn: 03e11113, mode: 3, rs1_addr:  2, rs1_rdata: 80000000, rs2_addr: 30, rs2_rdata: 00000000, rd_addr:  2, rd_wdata: 40000000, mem_addr: 40000000, mem_rdata: 00000000, mem_wdata: 00000000
ClkCycle:       4576, pc_rdata: 000045e4, pc_wdata: 000045e8, insn: fff14113, mode: 3, rs1_addr:  2, rs1_rdata: 7fffff00, rs2_addr: 31, rs2_rdata: 00000000, rd_addr:  2, rd_wdata: bfffffff, mem_addr: bfffffff, mem_rdata: 00000000, mem_wdata: 00000000
ClkCycle:       4577, pc_rdata: 000045e8, pc_wdata: 000045ea, insn: b823711d, mode: 3, rs1_addr:  2, rs1_rdata: 00000001, rs2_addr:  0, rs2_rdata: 00000000, rd_addr:  2, rd_wdata: bfffff9f, mem_addr: bfffff9f, mem_rdata: 00000000, mem_wdata: 00000000
ClkCycle:       4578, pc_rdata: 000045ea, pc_wdata: 000045ee, insn: b823711d, mode: 3, rs1_addr:  0, rs1_rdata: 00000000, rs2_addr:  0, rs2_rdata: 00000000, rd_addr:  0, rd_wdata: 00000000, mem_addr: 00000000, mem_rdata: 00000000, mem_wdata: 00000000
000000000fab7ffe
ClkCycle:       4579, pc_rdata: 000045ee, pc_wdata: 000045f2, insn: 01135555, mode: 3, rs1_addr: 11, rs1_rdata: 00000000, rs2_addr: 21, rs2_rdata: 0fab7ffe, rd_addr: 16, rd_wdata: 00000550, mem_addr: 00000550, mem_rdata: 00000000, mem_wdata: 0fab7ffe
ClkCycle:       4580, pc_rdata: 000045f2, pc_wdata: 000045f6, insn: 01135555, mode: 3, rs1_addr:  0, rs1_rdata: 00000000, rs2_addr:  0, rs2_rdata: 00000000, rd_addr:  0, rd_wdata: 00000000, mem_addr: 00000000, mem_rdata: 00000000, mem_wdata: 00000000
ClkCycle:       4581, pc_rdata: 000045f6, pc_wdata: 000045fa, insn: 011300b1, mode: 3, rs1_addr:  2, rs1_rdata: bfffff9f, rs2_addr: 11, rs2_rdata: 00000000, rd_addr:  2, rd_wdata: bfffffaa, mem_addr: bfffffaa, mem_rdata: 00000000, mem_wdata: 00000000
ClkCycle:       4582, pc_rdata: 000045fa, pc_wdata: 000045fe, insn: 011300b1, mode: 3, rs1_addr:  0, rs1_rdata: 00000000, rs2_addr:  0, rs2_rdata: 00000000, rd_addr:  0, rd_wdata: 00000000, mem_addr: 00000000, mem_rdata: 00000000, mem_wdata: 00000000
ClkCycle:       4583, pc_rdata: 000045fe, pc_wdata: 00004602, insn: 011300b1, mode: 3, rs1_addr:  2, rs1_rdata: bfffff9f, rs2_addr: 11, rs2_rdata: 00000000, rd_addr:  2, rd_wdata: bfffffb5, mem_addr: bfffffb5, mem_rdata: 00000000, mem_wdata: 00000000
ClkCycle:       4584, pc_rdata: 00004602, pc_wdata: 00004606, insn: 011300b1, mode: 3, rs1_addr:  0, rs1_rdata: 00000000, rs2_addr:  0, rs2_rdata: 00000000, rd_addr:  0, rd_wdata: 00000000, mem_addr: 00000000, mem_rdata: 00000000, mem_wdata: 00000000
ClkCycle:       4585, pc_rdata: 00004606, pc_wdata: 0000460a, insn: 011300a1, mode: 3, rs1_addr:  2, rs1_rdata: bfffffaa, rs2_addr: 10, rs2_rdata: 00000001, rd_addr:  2, rd_wdata: bfffffbf, mem_addr: bfffffbf, mem_rdata: 00000000, mem_wdata: 00000001
ClkCycle:       4586, pc_rdata: 0000460a, pc_wdata: 0000460e, insn: 011300a1, mode: 3, rs1_addr:  0, rs1_rdata: 00000000, rs2_addr:  0, rs2_rdata: 00000000, rd_addr:  0, rd_wdata: 00000000, mem_addr: 00000000, mem_rdata: 00000000, mem_wdata: 00000000
ClkCycle:       4587, pc_rdata: 0000460e, pc_wdata: 00004612, insn: 2620bc23, mode: 3, rs1_addr:  6, rs1_rdata: 1fddb7f7, rs2_addr:  2, rs2_rdata: bfffffb5, rd_addr:  2, rd_wdata: 1fddb3b9, mem_addr: 1fddb3b9, mem_rdata: 00000000, mem_wdata: bfffffbf
ClkCycle:       4588, pc_rdata: 00004612, pc_wdata: 00004616, insn: 2620bc23, mode: 3, rs1_addr:  0, rs1_rdata: 00000000, rs2_addr:  0, rs2_rdata: 00000000, rd_addr:  0, rd_wdata: 00000000, mem_addr: 00000000, mem_rdata: 00000000, mem_wdata: 00000000
ClkCycle:       4589, pc_rdata: 00004616, pc_wdata: 00004618, insn: aaa10113, mode: 3, rs1_addr:  2, rs1_rdata: bfffffbf, rs2_addr:  8, rs2_rdata: 7f76dfe4, rd_addr:  8, rd_wdata: 1fddb6c1, mem_addr: 1fddb6c1, mem_rdata: 00000000, mem_wdata: 7f76dfe4
ClkCycle:       4590, pc_rdata: 00004618, pc_wdata: 0000461c, insn: aaa10113, mode: 3, rs1_addr:  2, rs1_rdata: 1fddb3b9, rs2_addr: 10, rs2_rdata: 00000001, rd_addr:  2, rd_wdata: 1fddae63, mem_addr: 1fddae63, mem_rdata: 00000000, mem_wdata: 00000001
ClkCycle:       4591, pc_rdata: 0000461c, pc_wdata: 00004620, insn: 00b11113, mode: 3, rs1_addr:  2, rs1_rdata: 1fddb3b9, rs2_addr: 11, rs2_rdata: 00000000, rd_addr:  2, rd_wdata: ed731800, mem_addr: ed731800, mem_rdata: 00000000, mem_wdata: 00000000
ClkCycle:       4592, pc_rdata: 00004620, pc_wdata: 00004624, insn: 55510113, mode: 3, rs1_addr:  2, rs1_rdata: 1fddb3b9, rs2_addr: 21, rs2_rdata: 0fab7ffe, rd_addr:  2, rd_wdata: ed731d55, mem_addr: ed731d55, mem_rdata: 00000000, mem_wdata: 0fab7ffe
ClkCycle:       4593, pc_rdata: 00004624, pc_wdata: 00004628, insn: 00b11113, mode: 3, rs1_addr:  2, rs1_rdata: 1fddae63, rs2_addr: 11, rs2_rdata: 00000000, rd_addr:  2, rd_wdata: 98eaa800, mem_addr: 98eaa800, mem_rdata: 00000000, mem_wdata: 00000000
ClkCycle:       4594, pc_rdata: 00004628, pc_wdata: 0000462c, insn: 2aa10113, mode: 3, rs1_addr:  2, rs1_rdata: ed731800, rs2_addr: 10, rs2_rdata: 00000001, rd_addr:  2, rd_wdata: 98eaaaaa, mem_addr: 98eaaaaa, mem_rdata: 00000000, mem_wdata: 00000001
ClkCycle:       4595, pc_rdata: 0000462c, pc_wdata: 00004630, insn: 00a11113, mode: 3, rs1_addr:  2, rs1_rdata: ed731d55, rs2_addr: 10, rs2_rdata: 00000001, rd_addr:  2, rd_wdata: aaaaa800, mem_addr: aaaaa800, mem_rdata: 00000000, mem_wdata: 00000001
ClkCycle:       4596, pc_rdata: 00004630, pc_wdata: 00004634, insn: 2aa10113, mode: 3, rs1_addr:  2, rs1_rdata: 98eaa800, rs2_addr: 10, rs2_rdata: 00000001, rd_addr:  2, rd_wdata: aaaaaaaa, mem_addr: aaaaaaaa, mem_rdata: 00000000, mem_wdata: 00000001
ClkCycle:       4597, pc_rdata: 00004634, pc_wdata: 00004636, insn: b0237139, mode: 3, rs1_addr:  2, rs1_rdata: 98eaaaaa, rs2_addr:  0, rs2_rdata: 00000000, rd_addr:  2, rd_wdata: aaaaaa6a, mem_addr: aaaaaa6a, mem_rdata: 00000000, mem_wdata: 00000000
ClkCycle:       4598, pc_rdata: 00004636, pc_wdata: 0000463a, insn: b0237139, mode: 3, rs1_addr:  0, rs1_rdata: 00000000, rs2_addr:  0, rs2_rdata: 00000000, rd_addr:  0, rd_wdata: 00000000, mem_addr: 00000000, mem_rdata: 00000000, mem_wdata: 00000000
0000000000000000
ClkCycle:       4599, pc_rdata: 0000463a, pc_wdata: 0000463e, insn: 716d1000, mode: 3, rs1_addr:  1, rs1_rdata: 00007118, rs2_addr:  0, rs2_rdata: 00000000, rd_addr:  0, rd_wdata: 00007218, mem_addr: 00007218, mem_rdata: 00000000, mem_wdata: 00000000
ClkCycle:       4600, pc_rdata: 0000463e, pc_wdata: 00004642, insn: 716d1000, mode: 3, rs1_addr:  0, rs1_rdata: 00000000, rs2_addr:  0, rs2_rdata: 00000000, rd_addr:  0, rd_wdata: 00000000, mem_addr: 00000000, mem_rdata: 00000000, mem_wdata: 00000000
ClkCycle:       4601, pc_rdata: 00004642, pc_wdata: 00004644, insn: ffd00113, mode: 3, rs1_addr:  2, rs1_rdata: aaaaaa6a, rs2_addr: 16, rs2_rdata: 7d5bfddb, rd_addr:  2, rd_wdata: aaaaa95a, mem_addr: aaaaa95a, mem_rdata: 00000000, mem_wdata: 7d5bfddb
ClkCycle:       4602, pc_rdata: 00004644, pc_wdata: 00004648, insn: ffd00113, mode: 3, rs1_addr:  0, rs1_rdata: 00000000, rs2_addr: 29, rs2_rdata: 00000000, rd_addr:  2, rd_wdata: fffffffd, mem_addr: fffffffd, mem_rdata: 00000000, mem_wdata: 00000000
ClkCycle:       4603, pc_rdata: 00004648, pc_wdata: 0000464a, insn: b8236161, mode: 3, rs1_addr:  2, rs1_rdata: aaaaaa6a, rs2_addr: 16, rs2_rdata: 7d5bfddb, rd_addr:  2, rd_wdata: 0000004d, mem_addr: 0000004d, mem_rdata: 00000000, mem_wdata: 7d5bfddb
ClkCycle:       4604, pc_rdata: 0000464a, pc_wdata: 0000464e, insn: b8236161, mode: 3, rs1_addr:  0, rs1_rdata: 00000000, rs2_addr:  0, rs2_rdata: 00000000, rd_addr:  0, rd_wdata: 00000000, mem_addr: 00000000, mem_rdata: 00000000, mem_wdata: 00000000
0000000000000000
ClkCycle:       4605, pc_rdata: 0000464e, pc_wdata: 00004652, insn: 6105ffb0, mode: 3, rs1_addr:  1, rs1_rdata: 00007118, rs2_addr: 27, rs2_rdata: 00000000, rd_addr: 16, rd_wdata: 00007108, mem_addr: 00007108, mem_rdata: 00000000, mem_wdata: 00000000
ClkCycle:       4606, pc_rdata: 00004652, pc_wdata: 00004656, insn: 6105ffb0, mode: 3, rs1_addr:  0, rs1_rdata: 00000000, rs2_addr:  0, rs2_rdata: 00000000, rd_addr:  0, rd_wdata: 00000000, mem_addr: 00000000, mem_rdata: 00000000, mem_wdata: 00000000
ClkCycle:       4607, pc_rdata: 00004656, pc_wdata: 00004658, insn: ff700113, mode: 3, rs1_addr:  2, rs1_rdata: 0000004d, rs2_addr:  0, rs2_rdata: 00000000, rd_addr:  2, rd_wdata: 0000006d, mem_addr: 0000006d, mem_rdata: 00000000, mem_wdata: 00000000
ClkCycle:       4608, pc_rdata: 00004658, pc_wdata: 0000465c, insn: ff700113, mode: 3, rs1_addr:  0, rs1_rdata: 00000000, rs2_addr: 23, rs2_rdata: 00003ead, rd_addr:  2, rd_wdata: fffffff7, mem_addr: fffffff7, mem_rdata: 00000000, mem_wdata: 00003ead
ClkCycle:       4609, pc_rdata: 0000465c, pc_wdata: 0000465e, insn: b0237139, mode: 3, rs1_addr:  2, rs1_rdata: 0000004d, rs2_addr:  0, rs2_rdata: 00000000, rd_addr:  2, rd_wdata: ffffffb7, mem_addr: ffffffb7, mem_rdata: 00000000, mem_wdata: 00000000
ClkCycle:       4610, pc_rdata: 0000465e, pc_wdata: 00004662, insn: b0237139, mode: 3, rs1_addr:  0, rs1_rdata: 00000000, rs2_addr:  0, rs2_rdata: 00000000, rd_addr:  0, rd_wdata: 00000000, mem_addr: 00000000, mem_rdata: 00000000, mem_wdata: 00000000
0000000000000000
ClkCycle:       4611, pc_rdata: 00004662, pc_wdata: 00004666, insn: 6171fef0, mode: 3, rs1_addr:  1, rs1_rdata: 00007118, rs2_addr: 15, rs2_rdata: 00000000, rd_addr:  0, rd_wdata: 000070f8, mem_addr: 000070f8, mem_rdata: 00000000, mem_wdata: 00000000
ClkCycle:       4612, pc_rdata: 00004666, pc_wdata: 0000466a, insn: 6171fef0, mode: 3, rs1_addr:  0, rs1_rdata: 00000000, rs2_addr:  0, rs2_rdata: 00000000, rd_addr:  0, rd_wdata: 00000000, mem_addr: 00000000, mem_rdata: 00000000, mem_wdata: 00000000
ClkCycle:       4613, pc_rdata: 0000466a, pc_wdata: 0000466c, insn: fdf00113, mode: 3, rs1_addr:  2, rs1_rdata: ffffffb7, rs2_addr: 16, rs2_rdata: 7d5bfddb, rd_addr:  2, rd_wdata: 00000107, mem_addr: 00000107, mem_rdata: 00000000, mem_wdata: 7d5bfddb
ClkCycle:       4614, pc_rdata: 0000466c, pc_wdata: 00004670, insn: fdf00113, mode: 3, rs1_addr:  0, rs1_rdata: 00000000, rs2_addr: 31, rs2_rdata: 00000000, rd_addr:  2, rd_wdata: ffffffdf, mem_addr: ffffffdf, mem_rdata: 00000000, mem_wdata: 00000000
ClkCycle:       4615, pc_rdata: 00004670, pc_wdata: 00004672, insn: b823716d, mode: 3, rs1_addr:  2, rs1_rdata: ffffffb7, rs2_addr: 16, rs2_rdata: 7d5bfddb, rd_addr:  2, rd_wdata: fffffecf, mem_addr: fffffecf, mem_rdata: 00000000, mem_wdata: 7d5bfddb
ClkCycle:       4616, pc_rdata: 00004672, pc_wdata: 00004676, insn: b823716d, mode: 3, rs1_addr:  0, rs1_rdata: 00000000, rs2_addr:  0, rs2_rdata: 00000000, rd_addr:  0, rd_wdata: 00000000, mem_addr: 00000000, mem_rdata: 00000000, mem_wdata: 00000000
0000000000000000
ClkCycle:       4617, pc_rdata: 00004676, pc_wdata: 0000467a, insn: 7135fbf0, mode: 3, rs1_addr:  1, rs1_rdata: 00007118, rs2_addr: 31, rs2_rdata: 00000000, rd_addr: 16, rd_wdata: 000070c8, mem_addr: 000070c8, mem_rdata: 00000000, mem_wdata: 00000000
ClkCycle:       4618, pc_rdata: 0000467a, pc_wdata: 0000467e, insn: 7135fbf0, mode: 3, rs1_addr:  0, rs1_rdata: 00000000, rs2_addr:  0, rs2_rdata: 00000000, rd_addr:  0, rd_wdata: 00000000, mem_addr: 00000000, mem_rdata: 00000000, mem_wdata: 00000000
ClkCycle:       4619, pc_rdata: 0000467e, pc_wdata: 00004680, insn: f7f00113, mode: 3, rs1_addr:  2, rs1_rdata: fffffecf, rs2_addr:  0, rs2_rdata: 00000000, rd_addr:  2, rd_wdata: fffffe2f, mem_addr: fffffe2f, mem_rdata: 00000000, mem_wdata: 00000000
ClkCycle:       4620, pc_rdata: 00004680, pc_wdata: 00004684, insn: f7f00113, mode: 3, rs1_addr:  0, rs1_rdata: 00000000, rs2_addr: 31, rs2_rdata: 00000000, rd_addr:  2, rd_wdata: ffffff7f, mem_addr: ffffff7f, mem_rdata: 00000000, mem_wdata: 00000000
ClkCycle:       4621, pc_rdata: 00004684, pc_wdata: 00004686, insn: b0237101, mode: 3, rs1_addr:  2, rs1_rdata: fffffecf, rs2_addr:  0, rs2_rdata: 00000000, rd_addr:  2, rd_wdata: fffffd7f, mem_addr: fffffd7f, mem_rdata: 00000000, mem_wdata: 00000000
ClkCycle:       4622, pc_rdata: 00004686, pc_wdata: 0000468a, insn: b0237101, mode: 3, rs1_addr:  0, rs1_rdata: 00000000, rs2_addr:  0, rs2_rdata: 00000000, rd_addr:  0, rd_wdata: 00000000, mem_addr: 00000000, mem_rdata: 00000000, mem_wdata: 00000000
0000000000000000
ClkCycle:       4623, pc_rdata: 0000468a, pc_wdata: 0000468e, insn: 7139eff0, mode: 3, rs1_addr:  1, rs1_rdata: 00007118, rs2_addr: 31, rs2_rdata: 00000000, rd_addr:  0, rd_wdata: 00006ff8, mem_addr: 00006ff8, mem_rdata: 00000000, mem_wdata: 00000000
ClkCycle:       4624, pc_rdata: 0000468e, pc_wdata: 00004692, insn: 7139eff0, mode: 3, rs1_addr:  0, rs1_rdata: 00000000, rs2_addr:  0, rs2_rdata: 00000000, rd_addr:  0, rd_wdata: 00000000, mem_addr: 00000000, mem_rdata: 00000000, mem_wdata: 00000000
ClkCycle:       4625, pc_rdata: 00004692, pc_wdata: 00004694, insn: dff00113, mode: 3, rs1_addr:  2, rs1_rdata: fffffd7f, rs2_addr:  0, rs2_rdata: 00000000, rd_addr:  2, rd_wdata: fffffd3f, mem_addr: fffffd3f, mem_rdata: 00000000, mem_wdata: 00000000
ClkCycle:       4626, pc_rdata: 00004694, pc_wdata: 00004698, insn: dff00113, mode: 3, rs1_addr:  0, rs1_rdata: 00000000, rs2_addr: 31, rs2_rdata: 00000000, rd_addr:  2, rd_wdata: fffffdff, mem_addr: fffffdff, mem_rdata: 00000000, mem_wdata: 00000000
ClkCycle:       4627, pc_rdata: 00004698, pc_wdata: 0000469a, insn: b8236125, mode: 3, rs1_addr:  2, rs1_rdata: fffffd7f, rs2_addr:  0, rs2_rdata: 00000000, rd_addr:  2, rd_wdata: fffffe5f, mem_addr: fffffe5f, mem_rdata: 00000000, mem_wdata: 00000000
ClkCycle:       4628, pc_rdata: 0000469a, pc_wdata: 0000469e, insn: b8236125, mode: 3, rs1_addr:  0, rs1_rdata: 00000000, rs2_addr:  0, rs2_rdata: 00000000, rd_addr:  0, rd_wdata: 00000000, mem_addr: 00000000, mem_rdata: 00000000, mem_wdata: 00000000
0000000000000000
ClkCycle:       4629, pc_rdata: 0000469e, pc_wdata: 000046a2, insn: 617dbff0, mode: 3, rs1_addr:  1, rs1_rdata: 00007118, rs2_addr: 31, rs2_rdata: 00000000, rd_addr: 16, rd_wdata: 00006d08, mem_addr: 00006d08, mem_rdata: 00000000, mem_wdata: 00000000
ClkCycle:       4630, pc_rdata: 000046a2, pc_wdata: 000046a6, insn: 617dbff0, mode: 3, rs1_addr:  0, rs1_rdata: 00000000, rs2_addr:  0, rs2_rdata: 00000000, rd_addr:  0, rd_wdata: 00000000, mem_addr: 00000000, mem_rdata: 00000000, mem_wdata: 00000000
ClkCycle:       4631, pc_rdata: 000046a6, pc_wdata: 000046a8, insn: 00100113, mode: 3, rs1_addr:  2, rs1_rdata: fffffe5f, rs2_addr: 16, rs2_rdata: 7d5bfddb, rd_addr:  2, rd_wdata: 0000004f, mem_addr: 0000004f, mem_rdata: 00000000, mem_wdata: 7d5bfddb
ClkCycle:       4632, pc_rdata: 000046a8, pc_wdata: 000046ac, insn: 00100113, mode: 3, rs1_addr:  0, rs1_rdata: 00000000, rs2_addr:  1, rs2_rdata: 00007118, rd_addr:  2, rd_wdata: 00000001, mem_addr: 00000001, mem_rdata: 00000000, mem_wdata: 00007118
ClkCycle:       4633, pc_rdata: 000046ac, pc_wdata: 000046b0, insn: 00b11113, mode: 3, rs1_addr:  2, rs1_rdata: fffffe5f, rs2_addr: 11, rs2_rdata: 00000000, rd_addr:  2, rd_wdata: 00000800, mem_addr: 00000800, mem_rdata: 00000000, mem_wdata: 00000000
ClkCycle:       4634, pc_rdata: 000046b0, pc_wdata: 000046b4, insn: fff14113, mode: 3, rs1_addr:  2, rs1_rdata: 0000004f, rs2_addr: 31, rs2_rdata: 00000000, rd_addr:  2, rd_wdata: fffff7ff, mem_addr: fffff7ff, mem_rdata: 00000000, mem_wdata: 00000000
ClkCycle:       4635, pc_rdata: 000046b4, pc_wdata: 000046b6, insn: b0236121, mode: 3, rs1_addr:  2, rs1_rdata: 00000001, rs2_addr:  0, rs2_rdata: 00000000, rd_addr:  2, rd_wdata: fffff83f, mem_addr: fffff83f, mem_rdata: 00000000, mem_wdata: 00000000
ClkCycle:       4636, pc_rdata: 000046b6, pc_wdata: 000046ba, insn: b0236121, mode: 3, rs1_addr:  0, rs1_rdata: 00000000, rs2_addr:  0, rs2_rdata: 00000000, rd_addr:  0, rd_wdata: 00000000, mem_addr: 00000000, mem_rdata: 00000000, mem_wdata: 00000000
0000000100007118
ClkCycle:       4637, pc_rdata: 000046ba, pc_wdata: 000046be, insn: 11130010, mode: 3, rs1_addr:  1, rs1_rdata: 00007118, rs2_addr:  1, rs2_rdata: 00007118, rd_addr:  0, rd_wdata: 00007118, mem_addr: 00007118, mem_rdata: 00000000, mem_wdata: 00007118
ClkCycle:       4638, pc_rdata: 000046be, pc_wdata: 000046c2, insn: 11130010, mode: 3, rs1_addr:  0, rs1_rdata: 00000000, rs2_addr:  0, rs2_rdata: 00000000, rd_addr:  0, rd_wdata: 00000000, mem_addr: 00000000, mem_rdata: 00000000, mem_wdata: 00000000
ClkCycle:       4639, pc_rdata: 000046c2, pc_wdata: 000046c6, insn: 6161fff1, mode: 3, rs1_addr:  2, rs1_rdata: fffff83f, rs2_addr: 31, rs2_rdata: 00000000, rd_addr:  2, rd_wdata: 80000000, mem_addr: 80000000, mem_rdata: 00000000, mem_wdata: 00000000
ClkCycle:       4640, pc_rdata: 000046c6, pc_wdata: 000046ca, insn: 6161fff1, mode: 3, rs1_addr:  0, rs1_rdata: 00000000, rs2_addr:  0, rs2_rdata: 00000000, rd_addr:  0, rd_wdata: 00000000, mem_addr: 00000000, mem_rdata: 00000000, mem_wdata: 00000000
ClkCycle:       4641, pc_rdata: 000046ca, pc_wdata: 000046cc, insn: 00100113, mode: 3, rs1_addr:  2, rs1_rdata: fffff83f, rs2_addr: 16, rs2_rdata: 7d5bfddb, rd_addr:  2, rd_wdata: 80000050, mem_addr: 80000050, mem_rdata: 00000000, mem_wdata: 7d5bfddb
ClkCycle:       4642, pc_rdata: 000046cc, pc_wdata: 000046d0, insn: 00100113, mode: 3, rs1_addr:  0, rs1_rdata: 00000000, rs2_addr:  1, rs2_rdata: 00007118, rd_addr:  2, rd_wdata: 00000001, mem_addr: 00000001, mem_rdata: 00000000, mem_wdata: 00007118
ClkCycle:       4643, pc_rdata: 000046d0, pc_wdata: 000046d4, insn: 00d11113, mode: 3, rs1_addr:  2, rs1_rdata: 80000000, rs2_addr: 13, rs2_rdata: 00000000, rd_addr:  2, rd_wdata: 00002000, mem_addr: 00002000, mem_rdata: 00000000, mem_wdata: 00000000
ClkCycle:       4644, pc_rdata: 000046d4, pc_wdata: 000046d8, insn: fff14113, mode: 3, rs1_addr:  2, rs1_rdata: 80000050, rs2_addr: 31, rs2_rdata: 00000000, rd_addr:  2, rd_wdata: ffffdfff, mem_addr: ffffdfff, mem_rdata: 00000000, mem_wdata: 00000000
ClkCycle:       4645, pc_rdata: 000046d8, pc_wdata: 000046da, insn: b823717d, mode: 3, rs1_addr:  2, rs1_rdata: 00000001, rs2_addr: 16, rs2_rdata: 7d5bfddb, rd_addr:  2, rd_wdata: ffffdfef, mem_addr: ffffdfef, mem_rdata: 00000000, mem_wdata: 7d5bfddb
ClkCycle:       4646, pc_rdata: 000046da, pc_wdata: 000046de, insn: b823717d, mode: 3, rs1_addr:  0, rs1_rdata: 00000000, rs2_addr:  0, rs2_rdata: 00000000, rd_addr:  0, rd_wdata: 00000000, mem_addr: 00000000, mem_rdata: 00000000, mem_wdata: 00000000
0000000100007118
ClkCycle:       4647, pc_rdata: 000046de, pc_wdata: 000046e2, insn: 11130010, mode: 3, rs1_addr:  1, rs1_rdata: 00007118, rs2_addr:  1, rs2_rdata: 00007118, rd_addr: 16, rd_wdata: 00007128, mem_addr: 00007128, mem_rdata: 00000000, mem_wdata: 00007118
ClkCycle:       4648, pc_rdata: 000046e2, pc_wdata: 000046e6, insn: 11130010, mode: 3, rs1_addr:  0, rs1_rdata: 00000000, rs2_addr:  0, rs2_rdata: 00000000, rd_addr:  0, rd_wdata: 00000000, mem_addr: 00000000, mem_rdata: 00000000, mem_wdata: 00000000
ClkCycle:       4649, pc_rdata: 000046e6, pc_wdata: 000046ea, insn: 7111fff1, mode: 3, rs1_addr:  2, rs1_rdata: ffffdfef, rs2_addr: 31, rs2_rdata: 00000000, rd_addr:  2, rd_wdata: 80000000, mem_addr: 80000000, mem_rdata: 00000000, mem_wdata: 00000000
ClkCycle:       4650, pc_rdata: 000046ea, pc_wdata: 000046ee, insn: 7111fff1, mode: 3, rs1_addr:  0, rs1_rdata: 00000000, rs2_addr:  0, rs2_rdata: 00000000, rd_addr:  0, rd_wdata: 00000000, mem_addr: 00000000, mem_rdata: 00000000, mem_wdata: 00000000
ClkCycle:       4651, pc_rdata: 000046ee, pc_wdata: 000046f0, insn: 00100113, mode: 3, rs1_addr:  2, rs1_rdata: ffffdfef, rs2_addr:  0, rs2_rdata: 00000000, rd_addr:  2, rd_wdata: 7fffff00, mem_addr: 7fffff00, mem_rdata: 00000000, mem_wdata: 00000000
ClkCycle:       4652, pc_rdata: 000046f0, pc_wdata: 000046f4, insn: 00100113, mode: 3, rs1_addr:  0, rs1_rdata: 00000000, rs2_addr:  1, rs2_rdata: 00007118, rd_addr:  2, rd_wdata: 00000001, mem_addr: 00000001, mem_rdata: 00000000, mem_wdata: 00007118
ClkCycle:       4653, pc_rdata: 000046f4, pc_wdata: 000046f8, insn: 00f11113, mode: 3, rs1_addr:  2, rs1_rdata: 80000000, rs2_addr: 15, rs2_rdata: 00000000, rd_addr:  2, rd_wdata: 00008000, mem_addr: 00008000, mem_rdata: 00000000, mem_wdata: 00000000
ClkCycle:       4654, pc_rdata: 000046f8, pc_wdata: 000046fc, insn: fff14113, mode: 3, rs1_addr:  2, rs1_rdata: 7fffff00, rs2_addr: 31, rs2_rdata: 00000000, rd_addr:  2, rd_wdata: ffff7fff, mem_addr: ffff7fff, mem_rdata: 00000000, mem_wdata: 00000000
ClkCycle:       4655, pc_rdata: 000046fc, pc_wdata: 000046fe, insn: b0236165, mode: 3, rs1_addr:  2, rs1_rdata: 00000001, rs2_addr: 16, rs2_rdata: 7d5bfddb, rd_addr:  2, rd_wdata: ffff806f, mem_addr: ffff806f, mem_rdata: 00000000, mem_wdata: 7d5bfddb
ClkCycle:       4656, pc_rdata: 000046fe, pc_wdata: 00004702, insn: b0236165, mode: 3, rs1_addr:  0, rs1_rdata: 00000000, rs2_addr:  0, rs2_rdata: 00000000, rd_addr:  0, rd_wdata: 00000000, mem_addr: 00000000, mem_rdata: 00000000, mem_wdata: 00000000
0000000100007118
ClkCycle:       4657, pc_rdata: 00004702, pc_wdata: 00004706, insn: 11130010, mode: 3, rs1_addr:  1, rs1_rdata: 00007118, rs2_addr:  1, rs2_rdata: 00007118, rd_addr:  0, rd_wdata: 00007118, mem_addr: 00007118, mem_rdata: 00000000, mem_wdata: 00007118
ClkCycle:       4658, pc_rdata: 00004706, pc_wdata: 0000470a, insn: 11130010, mode: 3, rs1_addr:  0, rs1_rdata: 00000000, rs2_addr:  0, rs2_rdata: 00000000, rd_addr:  0, rd_wdata: 00000000, mem_addr: 00000000, mem_rdata: 00000000, mem_wdata: 00000000
ClkCycle:       4659, pc_rdata: 0000470a, pc_wdata: 0000470e, insn: 6149fff1, mode: 3, rs1_addr:  2, rs1_rdata: ffff806f, rs2_addr: 31, rs2_rdata: 00000000, rd_addr:  2, rd_wdata: 80000000, mem_addr: 80000000, mem_rdata: 00000000, mem_wdata: 00000000
ClkCycle:       4660, pc_rdata: 0000470e, pc_wdata: 00004712, insn: 6149fff1, mode: 3, rs1_addr:  0, rs1_rdata: 00000000, rs2_addr:  0, rs2_rdata: 00000000, rd_addr:  0, rd_wdata: 00000000, mem_addr: 00000000, mem_rdata: 00000000, mem_wdata: 00000000
ClkCycle:       4661, pc_rdata: 00004712, pc_wdata: 00004714, insn: 00100113, mode: 3, rs1_addr:  2, rs1_rdata: ffff806f, rs2_addr: 16, rs2_rdata: 7d5bfddb, rd_addr:  2, rd_wdata: 80000090, mem_addr: 80000090, mem_rdata: 00000000, mem_wdata: 7d5bfddb
ClkCycle:       4662, pc_rdata: 00004714, pc_wdata: 00004718, insn: 00100113, mode: 3, rs1_addr:  0, rs1_rdata: 00000000, rs2_addr:  1, rs2_rdata: 00007118, rd_addr:  2, rd_wdata: 00000001, mem_addr: 00000001, mem_rdata: 00000000, mem_wdata: 00007118
ClkCycle:       4663, pc_rdata: 00004718, pc_wdata: 0000471c, insn: 01211113, mode: 3, rs1_addr:  2, rs1_rdata: 80000000, rs2_addr: 18, rs2_rdata: ffdbffff, rd_addr:  2, rd_wdata: 00040000, mem_addr: 00040000, mem_rdata: 00000000, mem_wdata: ffdbffff
ClkCycle:       4664, pc_rdata: 0000471c, pc_wdata: 00004720, insn: fff14113, mode: 3, rs1_addr:  2, rs1_rdata: 80000090, rs2_addr: 31, rs2_rdata: 00000000, rd_addr:  2, rd_wdata: fffbffff, mem_addr: fffbffff, mem_rdata: 00000000, mem_wdata: 00000000
ClkCycle:       4665, pc_rdata: 00004720, pc_wdata: 00004722, insn: b8236109, mode: 3, rs1_addr:  2, rs1_rdata: 00000001, rs2_addr:  0, rs2_rdata: 00000000, rd_addr:  2, rd_wdata: fffc007f, mem_addr: fffc007f, mem_rdata: 00000000, mem_wdata: 00000000
ClkCycle:       4666, pc_rdata: 00004722, pc_wdata: 00004726, insn: b8236109, mode: 3, rs1_addr:  0, rs1_rdata: 00000000, rs2_addr:  0, rs2_rdata: 00000000, rd_addr:  0, rd_wdata: 00000000, mem_addr: 00000000, mem_rdata: 00000000, mem_wdata: 00000000
0000000100007118
ClkCycle:       4667, pc_rdata: 00004726, pc_wdata: 0000472a, insn: 11130010, mode: 3, rs1_addr:  1, rs1_rdata: 00007118, rs2_addr:  1, rs2_rdata: 00007118, rd_addr: 16, rd_wdata: 00007128, mem_addr: 00007128, mem_rdata: 00000000, mem_wdata: 00007118
ClkCycle:       4668, pc_rdata: 0000472a, pc_wdata: 0000472e, insn: 11130010, mode: 3, rs1_addr:  0, rs1_rdata: 00000000, rs2_addr:  0, rs2_rdata: 00000000, rd_addr:  0, rd_wdata: 00000000, mem_addr: 00000000, mem_rdata: 00000000, mem_wdata: 00000000
ClkCycle:       4669, pc_rdata: 0000472e, pc_wdata: 00004732, insn: 6149fff1, mode: 3, rs1_addr:  2, rs1_rdata: fffc007f, rs2_addr: 31, rs2_rdata: 00000000, rd_addr:  2, rd_wdata: 80000000, mem_addr: 80000000, mem_rdata: 00000000, mem_wdata: 00000000
ClkCycle:       4670, pc_rdata: 00004732, pc_wdata: 00004736, insn: 6149fff1, mode: 3, rs1_addr:  0, rs1_rdata: 00000000, rs2_addr:  0, rs2_rdata: 00000000, rd_addr:  0, rd_wdata: 00000000, mem_addr: 00000000, mem_rdata: 00000000, mem_wdata: 00000000
ClkCycle:       4671, pc_rdata: 00004736, pc_wdata: 00004738, insn: 00100113, mode: 3, rs1_addr:  2, rs1_rdata: fffc007f, rs2_addr: 16, rs2_rdata: 7d5bfddb, rd_addr:  2, rd_wdata: 80000090, mem_addr: 80000090, mem_rdata: 00000000, mem_wdata: 7d5bfddb
ClkCycle:       4672, pc_rdata: 00004738, pc_wdata: 0000473c, insn: 00100113, mode: 3, rs1_addr:  0, rs1_rdata: 00000000, rs2_addr:  1, rs2_rdata: 00007118, rd_addr:  2, rd_wdata: 00000001, mem_addr: 00000001, mem_rdata: 00000000, mem_wdata: 00007118
ClkCycle:       4673, pc_rdata: 0000473c, pc_wdata: 00004740, insn: 01411113, mode: 3, rs1_addr:  2, rs1_rdata: 80000000, rs2_addr: 20, rs2_rdata: d5bfff6f, rd_addr:  2, rd_wdata: 00100000, mem_addr: 00100000, mem_rdata: 00000000, mem_wdata: d5bfff6f
ClkCycle:       4674, pc_rdata: 00004740, pc_wdata: 00004744, insn: fff14113, mode: 3, rs1_addr:  2, rs1_rdata: 80000090, rs2_addr: 31, rs2_rdata: 00000000, rd_addr:  2, rd_wdata: ffefffff, mem_addr: ffefffff, mem_rdata: 00000000, mem_wdata: 00000000
ClkCycle:       4675, pc_rdata: 00004744, pc_wdata: 00004746, insn: b023717d, mode: 3, rs1_addr:  2, rs1_rdata: 00000001, rs2_addr: 16, rs2_rdata: 7d5bfddb, rd_addr:  2, rd_wdata: ffefffef, mem_addr: ffefffef, mem_rdata: 00000000, mem_wdata: 7d5bfddb
ClkCycle:       4676, pc_rdata: 00004746, pc_wdata: 0000474a, insn: b023717d, mode: 3, rs1_addr:  0, rs1_rdata: 00000000, rs2_addr:  0, rs2_rdata: 00000000, rd_addr:  0, rd_wdata: 00000000, mem_addr: 00000000, mem_rdata: 00000000, mem_wdata: 00000000
0000000100007118
ClkCycle:       4677, pc_rdata: 0000474a, pc_wdata: 0000474e, insn: 11130010, mode: 3, rs1_addr:  1, rs1_rdata: 00007118, rs2_addr:  1, rs2_rdata: 00007118, rd_addr:  0, rd_wdata: 00007118, mem_addr: 00007118, mem_rdata: 00000000, mem_wdata: 00007118
ClkCycle:       4678, pc_rdata: 0000474e, pc_wdata: 00004752, insn: 11130010, mode: 3, rs1_addr:  0, rs1_rdata: 00000000, rs2_addr:  0, rs2_rdata: 00000000, rd_addr:  0, rd_wdata: 00000000, mem_addr: 00000000, mem_rdata: 00000000, mem_wdata: 00000000
ClkCycle:       4679, pc_rdata: 00004752, pc_wdata: 00004756, insn: 6145fff1, mode: 3, rs1_addr:  2, rs1_rdata: ffefffef, rs2_addr: 31, rs2_rdata: 00000000, rd_addr:  2, rd_wdata: 80000000, mem_addr: 80000000, mem_rdata: 00000000, mem_wdata: 00000000
ClkCycle:       4680, pc_rdata: 00004756, pc_wdata: 0000475a, insn: 6145fff1, mode: 3, rs1_addr:  0, rs1_rdata: 00000000, rs2_addr:  0, rs2_rdata: 00000000, rd_addr:  0, rd_wdata: 00000000, mem_addr: 00000000, mem_rdata: 00000000, mem_wdata: 00000000
ClkCycle:       4681, pc_rdata: 0000475a, pc_wdata: 0000475c, insn: 00100113, mode: 3, rs1_addr:  2, rs1_rdata: ffefffef, rs2_addr: 16, rs2_rdata: 7d5bfddb, rd_addr:  2, rd_wdata: 80000030, mem_addr: 80000030, mem_rdata: 00000000, mem_wdata: 7d5bfddb
ClkCycle:       4682, pc_rdata: 0000475c, pc_wdata: 00004760, insn: 00100113, mode: 3, rs1_addr:  0, rs1_rdata: 00000000, rs2_addr:  1, rs2_rdata: 00007118, rd_addr:  2, rd_wdata: 00000001, mem_addr: 00000001, mem_rdata: 00000000, mem_wdata: 00007118
ClkCycle:       4683, pc_rdata: 00004760, pc_wdata: 00004764, insn: 01611113, mode: 3, rs1_addr:  2, rs1_rdata: 80000000, rs2_addr: 22, rs2_rdata: 001f56ff, rd_addr:  2, rd_wdata: 00400000, mem_addr: 00400000, mem_rdata: 00000000, mem_wdata: 001f56ff
ClkCycle:       4684, pc_rdata: 00004764, pc_wdata: 00004768, insn: fff14113, mode: 3, rs1_addr:  2, rs1_rdata: 80000030, rs2_addr: 31, rs2_rdata: 00000000, rd_addr:  2, rd_wdata: ffbfffff, mem_addr: ffbfffff, mem_rdata: 00000000, mem_wdata: 00000000
ClkCycle:       4685, pc_rdata: 00004768, pc_wdata: 0000476a, insn: b8236109, mode: 3, rs1_addr:  2, rs1_rdata: 00000001, rs2_addr:  0, rs2_rdata: 00000000, rd_addr:  2, rd_wdata: ffc0007f, mem_addr: ffc0007f, mem_rdata: 00000000, mem_wdata: 00000000
ClkCycle:       4686, pc_rdata: 0000476a, pc_wdata: 0000476e, insn: b8236109, mode: 3, rs1_addr:  0, rs1_rdata: 00000000, rs2_addr:  0, rs2_rdata: 00000000, rd_addr:  0, rd_wdata: 00000000, mem_addr: 00000000, mem_rdata: 00000000, mem_wdata: 00000000
0000000100007118
ClkCycle:       4687, pc_rdata: 0000476e, pc_wdata: 00004772, insn: 11130010, mode: 3, rs1_addr:  1, rs1_rdata: 00007118, rs2_addr:  1, rs2_rdata: 00007118, rd_addr: 16, rd_wdata: 00007128, mem_addr: 00007128, mem_rdata: 00000000, mem_wdata: 00007118
ClkCycle:       4688, pc_rdata: 00004772, pc_wdata: 00004776, insn: 11130010, mode: 3, rs1_addr:  0, rs1_rdata: 00000000, rs2_addr:  0, rs2_rdata: 00000000, rd_addr:  0, rd_wdata: 00000000, mem_addr: 00000000, mem_rdata: 00000000, mem_wdata: 00000000
ClkCycle:       4689, pc_rdata: 00004776, pc_wdata: 0000477a, insn: 6105fff1, mode: 3, rs1_addr:  2, rs1_rdata: ffc0007f, rs2_addr: 31, rs2_rdata: 00000000, rd_addr:  2, rd_wdata: 80000000, mem_addr: 80000000, mem_rdata: 00000000, mem_wdata: 00000000
ClkCycle:       4690, pc_rdata: 0000477a, pc_wdata: 0000477e, insn: 6105fff1, mode: 3, rs1_addr:  0, rs1_rdata: 00000000, rs2_addr:  0, rs2_rdata: 00000000, rd_addr:  0, rd_wdata: 00000000, mem_addr: 00000000, mem_rdata: 00000000, mem_wdata: 00000000
ClkCycle:       4691, pc_rdata: 0000477e, pc_wdata: 00004780, insn: 00100113, mode: 3, rs1_addr:  2, rs1_rdata: ffc0007f, rs2_addr:  0, rs2_rdata: 00000000, rd_addr:  2, rd_wdata: 80000020, mem_addr: 80000020, mem_rdata: 00000000, mem_wdata: 00000000
ClkCycle:       4692, pc_rdata: 00004780, pc_wdata: 00004784, insn: 00100113, mode: 3, rs1_addr:  0, rs1_rdata: 00000000, rs2_addr:  1, rs2_rdata: 00007118, rd_addr:  2, rd_wdata: 00000001, mem_addr: 00000001, mem_rdata: 00000000, mem_wdata: 00007118
ClkCycle:       4693, pc_rdata: 00004784, pc_wdata: 00004788, insn: 01811113, mode: 3, rs1_addr:  2, rs1_rdata: 80000000, rs2_addr: 24, rs2_rdata: 0000007d, rd_addr:  2, rd_wdata: 01000000, mem_addr: 01000000, mem_rdata: 00000000, mem_wdata: 0000007d
ClkCycle:       4694, pc_rdata: 00004788, pc_wdata: 0000478c, insn: fff14113, mode: 3, rs1_addr:  2, rs1_rdata: 80000020, rs2_addr: 31, rs2_rdata: 00000000, rd_addr:  2, rd_wdata: feffffff, mem_addr: feffffff, mem_rdata: 00000000, mem_wdata: 00000000
ClkCycle:       4695, pc_rdata: 0000478c, pc_wdata: 0000478e, insn: b0236109, mode: 3, rs1_addr:  2, rs1_rdata: 00000001, rs2_addr:  0, rs2_rdata: 00000000, rd_addr:  2, rd_wdata: ff00007f, mem_addr: ff00007f, mem_rdata: 00000000, mem_wdata: 00000000
ClkCycle:       4696, pc_rdata: 0000478e, pc_wdata: 00004792, insn: b0236109, mode: 3, rs1_addr:  0, rs1_rdata: 00000000, rs2_addr:  0, rs2_rdata: 00000000, rd_addr:  0, rd_wdata: 00000000, mem_addr: 00000000, mem_rdata: 00000000, mem_wdata: 00000000
0000000100007118
ClkCycle:       4697, pc_rdata: 00004792, pc_wdata: 00004796, insn: 11130010, mode: 3, rs1_addr:  1, rs1_rdata: 00007118, rs2_addr:  1, rs2_rdata: 00007118, rd_addr:  0, rd_wdata: 00007118, mem_addr: 00007118, mem_rdata: 00000000, mem_wdata: 00007118
ClkCycle:       4698, pc_rdata: 00004796, pc_wdata: 0000479a, insn: 11130010, mode: 3, rs1_addr:  0, rs1_rdata: 00000000, rs2_addr:  0, rs2_rdata: 00000000, rd_addr:  0, rd_wdata: 00000000, mem_addr: 00000000, mem_rdata: 00000000, mem_wdata: 00000000
ClkCycle:       4699, pc_rdata: 0000479a, pc_wdata: 0000479e, insn: 6145fff1, mode: 3, rs1_addr:  2, rs1_rdata: ff00007f, rs2_addr: 31, rs2_rdata: 00000000, rd_addr:  2, rd_wdata: 80000000, mem_addr: 80000000, mem_rdata: 00000000, mem_wdata: 00000000
ClkCycle:       4700, pc_rdata: 0000479e, pc_wdata: 000047a2, insn: 6145fff1, mode: 3, rs1_addr:  0, rs1_rdata: 00000000, rs2_addr:  0, rs2_rdata: 00000000, rd_addr:  0, rd_wdata: 00000000, mem_addr: 00000000, mem_rdata: 00000000, mem_wdata: 00000000
ClkCycle:       4701, pc_rdata: 000047a2, pc_wdata: 000047a4, insn: 00100113, mode: 3, rs1_addr:  2, rs1_rdata: ff00007f, rs2_addr: 16, rs2_rdata: 7d5bfddb, rd_addr:  2, rd_wdata: 80000030, mem_addr: 80000030, mem_rdata: 00000000, mem_wdata: 7d5bfddb
ClkCycle:       4702, pc_rdata: 000047a4, pc_wdata: 000047a8, insn: 00100113, mode: 3, rs1_addr:  0, rs1_rdata: 00000000, rs2_addr:  1, rs2_rdata: 00007118, rd_addr:  2, rd_wdata: 00000001, mem_addr: 00000001, mem_rdata: 00000000, mem_wdata: 00007118
ClkCycle:       4703, pc_rdata: 000047a8, pc_wdata: 000047ac, insn: 01a11113, mode: 3, rs1_addr:  2, rs1_rdata: 80000000, rs2_addr: 26, rs2_rdata: 00000000, rd_addr:  2, rd_wdata: 04000000, mem_addr: 04000000, mem_rdata: 00000000, mem_wdata: 00000000
ClkCycle:       4704, pc_rdata: 000047ac, pc_wdata: 000047b0, insn: fff14113, mode: 3, rs1_addr:  2, rs1_rdata: 80000030, rs2_addr: 31, rs2_rdata: 00000000, rd_addr:  2, rd_wdata: fbffffff, mem_addr: fbffffff, mem_rdata: 00000000, mem_wdata: 00000000
ClkCycle:       4705, pc_rdata: 000047b0, pc_wdata: 000047b2, insn: b823715d, mode: 3, rs1_addr:  2, rs1_rdata: 00000001, rs2_addr: 16, rs2_rdata: 7d5bfddb, rd_addr:  2, rd_wdata: fbffffaf, mem_addr: fbffffaf, mem_rdata: 00000000, mem_wdata: 7d5bfddb
ClkCycle:       4706, pc_rdata: 000047b2, pc_wdata: 000047b6, insn: b823715d, mode: 3, rs1_addr:  0, rs1_rdata: 00000000, rs2_addr:  0, rs2_rdata: 00000000, rd_addr:  0, rd_wdata: 00000000, mem_addr: 00000000, mem_rdata: 00000000, mem_wdata: 00000000
0000000100007118
ClkCycle:       4707, pc_rdata: 000047b6, pc_wdata: 000047ba, insn: 11130010, mode: 3, rs1_addr:  1, rs1_rdata: 00007118, rs2_addr:  1, rs2_rdata: 00007118, rd_addr: 16, rd_wdata: 00007128, mem_addr: 00007128, mem_rdata: 00000000, mem_wdata: 00007118
ClkCycle:       4708, pc_rdata: 000047ba, pc_wdata: 000047be, insn: 11130010, mode: 3, rs1_addr:  0, rs1_rdata: 00000000, rs2_addr:  0, rs2_rdata: 00000000, rd_addr:  0, rd_wdata: 00000000, mem_addr: 00000000, mem_rdata: 00000000, mem_wdata: 00000000
ClkCycle:       4709, pc_rdata: 000047be, pc_wdata: 000047c2, insn: 6145fff1, mode: 3, rs1_addr:  2, rs1_rdata: fbffffaf, rs2_addr: 31, rs2_rdata: 00000000, rd_addr:  2, rd_wdata: 80000000, mem_addr: 80000000, mem_rdata: 00000000, mem_wdata: 00000000
ClkCycle:       4710, pc_rdata: 000047c2, pc_wdata: 000047c6, insn: 6145fff1, mode: 3, rs1_addr:  0, rs1_rdata: 00000000, rs2_addr:  0, rs2_rdata: 00000000, rd_addr:  0, rd_wdata: 00000000, mem_addr: 00000000, mem_rdata: 00000000, mem_wdata: 00000000
ClkCycle:       4711, pc_rdata: 000047c6, pc_wdata: 000047c8, insn: 00100113, mode: 3, rs1_addr:  2, rs1_rdata: fbffffaf, rs2_addr: 16, rs2_rdata: 7d5bfddb, rd_addr:  2, rd_wdata: 80000030, mem_addr: 80000030, mem_rdata: 00000000, mem_wdata: 7d5bfddb
ClkCycle:       4712, pc_rdata: 000047c8, pc_wdata: 000047cc, insn: 00100113, mode: 3, rs1_addr:  0, rs1_rdata: 00000000, rs2_addr:  1, rs2_rdata: 00007118, rd_addr:  2, rd_wdata: 00000001, mem_addr: 00000001, mem_rdata: 00000000, mem_wdata: 00007118
ClkCycle:       4713, pc_rdata: 000047cc, pc_wdata: 000047d0, insn: 01c11113, mode: 3, rs1_addr:  2, rs1_rdata: 80000000, rs2_addr: 28, rs2_rdata: 00000000, rd_addr:  2, rd_wdata: 10000000, mem_addr: 10000000, mem_rdata: 00000000, mem_wdata: 00000000
ClkCycle:       4714, pc_rdata: 000047d0, pc_wdata: 000047d4, insn: fff14113, mode: 3, rs1_addr:  2, rs1_rdata: 80000030, rs2_addr: 31, rs2_rdata: 00000000, rd_addr:  2, rd_wdata: efffffff, mem_addr: efffffff, mem_rdata: 00000000, mem_wdata: 00000000
ClkCycle:       4715, pc_rdata: 000047d4, pc_wdata: 000047d6, insn: b0237179, mode: 3, rs1_addr:  2, rs1_rdata: 00000001, rs2_addr: 16, rs2_rdata: 7d5bfddb, rd_addr:  2, rd_wdata: efffffcf, mem_addr: efffffcf, mem_rdata: 00000000, mem_wdata: 7d5bfddb
ClkCycle:       4716, pc_rdata: 000047d6, pc_wdata: 000047da, insn: b0237179, mode: 3, rs1_addr:  0, rs1_rdata: 00000000, rs2_addr:  0, rs2_rdata: 00000000, rd_addr:  0, rd_wdata: 00000000, mem_addr: 00000000, mem_rdata: 00000000, mem_wdata: 00000000
0000000100007118
ClkCycle:       4717, pc_rdata: 000047da, pc_wdata: 000047de, insn: 11130010, mode: 3, rs1_addr:  1, rs1_rdata: 00007118, rs2_addr:  1, rs2_rdata: 00007118, rd_addr:  0, rd_wdata: 00007118, mem_addr: 00007118, mem_rdata: 00000000, mem_wdata: 00007118
ClkCycle:       4718, pc_rdata: 000047de, pc_wdata: 000047e2, insn: 11130010, mode: 3, rs1_addr:  0, rs1_rdata: 00000000, rs2_addr:  0, rs2_rdata: 00000000, rd_addr:  0, rd_wdata: 00000000, mem_addr: 00000000, mem_rdata: 00000000, mem_wdata: 00000000
ClkCycle:       4719, pc_rdata: 000047e2, pc_wdata: 000047e6, insn: 7139fff1, mode: 3, rs1_addr:  2, rs1_rdata: efffffcf, rs2_addr: 31, rs2_rdata: 00000000, rd_addr:  2, rd_wdata: 80000000, mem_addr: 80000000, mem_rdata: 00000000, mem_wdata: 00000000
ClkCycle:       4720, pc_rdata: 000047e6, pc_wdata: 000047ea, insn: 7139fff1, mode: 3, rs1_addr:  0, rs1_rdata: 00000000, rs2_addr:  0, rs2_rdata: 00000000, rd_addr:  0, rd_wdata: 00000000, mem_addr: 00000000, mem_rdata: 00000000, mem_wdata: 00000000
ClkCycle:       4721, pc_rdata: 000047ea, pc_wdata: 000047ec, insn: 00100113, mode: 3, rs1_addr:  2, rs1_rdata: efffffcf, rs2_addr:  0, rs2_rdata: 00000000, rd_addr:  2, rd_wdata: 7fffffc0, mem_addr: 7fffffc0, mem_rdata: 00000000, mem_wdata: 00000000
ClkCycle:       4722, pc_rdata: 000047ec, pc_wdata: 000047f0, insn: 00100113, mode: 3, rs1_addr:  0, rs1_rdata: 00000000, rs2_addr:  1, rs2_rdata: 00007118, rd_addr:  2, rd_wdata: 00000001, mem_addr: 00000001, mem_rdata: 00000000, mem_wdata: 00007118
ClkCycle:       4723, pc_rdata: 000047f0, pc_wdata: 000047f4, insn: 01e11113, mode: 3, rs1_addr:  2, rs1_rdata: 80000000, rs2_addr: 30, rs2_rdata: 00000000, rd_addr:  2, rd_wdata: 40000000, mem_addr: 40000000, mem_rdata: 00000000, mem_wdata: 00000000
ClkCycle:       4724, pc_rdata: 000047f4, pc_wdata: 000047f8, insn: fff14113, mode: 3, rs1_addr:  2, rs1_rdata: 7fffffc0, rs2_addr: 31, rs2_rdata: 00000000, rd_addr:  2, rd_wdata: bfffffff, mem_addr: bfffffff, mem_rdata: 00000000, mem_wdata: 00000000
ClkCycle:       4725, pc_rdata: 000047f8, pc_wdata: 000047fa, insn: b823716d, mode: 3, rs1_addr:  2, rs1_rdata: 00000001, rs2_addr: 16, rs2_rdata: 7d5bfddb, rd_addr:  2, rd_wdata: bffffeef, mem_addr: bffffeef, mem_rdata: 00000000, mem_wdata: 7d5bfddb
ClkCycle:       4726, pc_rdata: 000047fa, pc_wdata: 000047fe, insn: b823716d, mode: 3, rs1_addr:  0, rs1_rdata: 00000000, rs2_addr:  0, rs2_rdata: 00000000, rd_addr:  0, rd_wdata: 00000000, mem_addr: 00000000, mem_rdata: 00000000, mem_wdata: 00000000
0000000100007118
ClkCycle:       4727, pc_rdata: 000047fe, pc_wdata: 00004802, insn: 11130010, mode: 3, rs1_addr:  1, rs1_rdata: 00007118, rs2_addr:  1, rs2_rdata: 00007118, rd_addr: 16, rd_wdata: 00007128, mem_addr: 00007128, mem_rdata: 00000000, mem_wdata: 00007118
ClkCycle:       4728, pc_rdata: 00004802, pc_wdata: 00004806, insn: 11130010, mode: 3, rs1_addr:  0, rs1_rdata: 00000000, rs2_addr:  0, rs2_rdata: 00000000, rd_addr:  0, rd_wdata: 00000000, mem_addr: 00000000, mem_rdata: 00000000, mem_wdata: 00000000
ClkCycle:       4729, pc_rdata: 00004806, pc_wdata: 0000480a, insn: 711dfff1, mode: 3, rs1_addr:  2, rs1_rdata: bffffeef, rs2_addr: 31, rs2_rdata: 00000000, rd_addr:  2, rd_wdata: 80000000, mem_addr: 80000000, mem_rdata: 00000000, mem_wdata: 00000000
ClkCycle:       4730, pc_rdata: 0000480a, pc_wdata: 0000480e, insn: 711dfff1, mode: 3, rs1_addr:  0, rs1_rdata: 00000000, rs2_addr:  0, rs2_rdata: 00000000, rd_addr:  0, rd_wdata: 00000000, mem_addr: 00000000, mem_rdata: 00000000, mem_wdata: 00000000
ClkCycle:       4731, pc_rdata: 0000480e, pc_wdata: 00004810, insn: 00100113, mode: 3, rs1_addr:  2, rs1_rdata: bffffeef, rs2_addr:  0, rs2_rdata: 00000000, rd_addr:  2, rd_wdata: 7fffffa0, mem_addr: 7fffffa0, mem_rdata: 00000000, mem_wdata: 00000000
ClkCycle:       4732, pc_rdata: 00004810, pc_wdata: 00004814, insn: 00100113, mode: 3, rs1_addr:  0, rs1_rdata: 00000000, rs2_addr:  1, rs2_rdata: 00007118, rd_addr:  2, rd_wdata: 00000001, mem_addr: 00000001, mem_rdata: 00000000, mem_wdata: 00007118
ClkCycle:       4733, pc_rdata: 00004814, pc_wdata: 00004818, insn: 02011113, mode: 3, rs1_addr:  2, rs1_rdata: 80000000, rs2_addr:  0, rs2_rdata: 00000000, rd_addr:  2, rd_wdata: 00000001, mem_addr: 00000001, mem_rdata: 00000000, mem_wdata: 00000000
ClkCycle:       4734, pc_rdata: 00004818, pc_wdata: 0000481c, insn: fff14113, mode: 3, rs1_addr:  2, rs1_rdata: 7fffffa0, rs2_addr: 31, rs2_rdata: 00000000, rd_addr:  2, rd_wdata: fffffffe, mem_addr: fffffffe, mem_rdata: 00000000, mem_wdata: 00000000
ClkCycle:       4735, pc_rdata: 0000481c, pc_wdata: 0000481e, insn: b0236165, mode: 3, rs1_addr:  2, rs1_rdata: 00000001, rs2_addr: 16, rs2_rdata: 7d5bfddb, rd_addr:  2, rd_wdata: 0000006e, mem_addr: 0000006e, mem_rdata: 00000000, mem_wdata: 7d5bfddb
ClkCycle:       4736, pc_rdata: 0000481e, pc_wdata: 00004822, insn: b0236165, mode: 3, rs1_addr:  0, rs1_rdata: 00000000, rs2_addr:  0, rs2_rdata: 00000000, rd_addr:  0, rd_wdata: 00000000, mem_addr: 00000000, mem_rdata: 00000000, mem_wdata: 00000000
0000000100007118
ClkCycle:       4737, pc_rdata: 00004822, pc_wdata: 00004826, insn: 11130010, mode: 3, rs1_addr:  1, rs1_rdata: 00007118, rs2_addr:  1, rs2_rdata: 00007118, rd_addr:  0, rd_wdata: 00007118, mem_addr: 00007118, mem_rdata: 00000000, mem_wdata: 00007118
ClkCycle:       4738, pc_rdata: 00004826, pc_wdata: 0000482a, insn: 11130010, mode: 3, rs1_addr:  0, rs1_rdata: 00000000, rs2_addr:  0, rs2_rdata: 00000000, rd_addr:  0, rd_wdata: 00000000, mem_addr: 00000000, mem_rdata: 00000000, mem_wdata: 00000000
ClkCycle:       4739, pc_rdata: 0000482a, pc_wdata: 0000482e, insn: 7175fff1, mode: 3, rs1_addr:  2, rs1_rdata: 0000006e, rs2_addr: 31, rs2_rdata: 00000000, rd_addr:  2, rd_wdata: 00000000, mem_addr: 00000000, mem_rdata: 00000000, mem_wdata: 00000000
ClkCycle:       4740, pc_rdata: 0000482e, pc_wdata: 00004832, insn: 7175fff1, mode: 3, rs1_addr:  0, rs1_rdata: 00000000, rs2_addr:  0, rs2_rdata: 00000000, rd_addr:  0, rd_wdata: 00000000, mem_addr: 00000000, mem_rdata: 00000000, mem_wdata: 00000000
ClkCycle:       4741, pc_rdata: 00004832, pc_wdata: 00004834, insn: 00100113, mode: 3, rs1_addr:  2, rs1_rdata: 0000006e, rs2_addr: 16, rs2_rdata: 7d5bfddb, rd_addr:  2, rd_wdata: ffffff70, mem_addr: ffffff70, mem_rdata: 00000000, mem_wdata: 7d5bfddb
ClkCycle:       4742, pc_rdata: 00004834, pc_wdata: 00004838, insn: 00100113, mode: 3, rs1_addr:  0, rs1_rdata: 00000000, rs2_addr:  1, rs2_rdata: 00007118, rd_addr:  2, rd_wdata: 00000001, mem_addr: 00000001, mem_rdata: 00000000, mem_wdata: 00007118
ClkCycle:       4743, pc_rdata: 00004838, pc_wdata: 0000483c, insn: 02211113, mode: 3, rs1_addr:  2, rs1_rdata: 00000000, rs2_addr:  2, rs2_rdata: 00000000, rd_addr:  2, rd_wdata: 00000004, mem_addr: 00000004, mem_rdata: 00000000, mem_wdata: 00000001
ClkCycle:       4744, pc_rdata: 0000483c, pc_wdata: 00004840, insn: fff14113, mode: 3, rs1_addr:  2, rs1_rdata: ffffff70, rs2_addr: 31, rs2_rdata: 00000000, rd_addr:  2, rd_wdata: fffffffb, mem_addr: fffffffb, mem_rdata: 00000000, mem_wdata: 00000000
ClkCycle:       4745, pc_rdata: 00004840, pc_wdata: 00004842, insn: b8237135, mode: 3, rs1_addr:  2, rs1_rdata: 00000001, rs2_addr:  0, rs2_rdata: 00000000, rd_addr:  2, rd_wdata: ffffff5b, mem_addr: ffffff5b, mem_rdata: 00000000, mem_wdata: 00000000
ClkCycle:       4746, pc_rdata: 00004842, pc_wdata: 00004846, insn: b8237135, mode: 3, rs1_addr:  0, rs1_rdata: 00000000, rs2_addr:  0, rs2_rdata: 00000000, rd_addr:  0, rd_wdata: 00000000, mem_addr: 00000000, mem_rdata: 00000000, mem_wdata: 00000000
0000000100007118
ClkCycle:       4747, pc_rdata: 00004846, pc_wdata: 0000484a, insn: 11130010, mode: 3, rs1_addr:  1, rs1_rdata: 00007118, rs2_addr:  1, rs2_rdata: 00007118, rd_addr: 16, rd_wdata: 00007128, mem_addr: 00007128, mem_rdata: 00000000, mem_wdata: 00007118
ClkCycle:       4748, pc_rdata: 0000484a, pc_wdata: 0000484e, insn: 11130010, mode: 3, rs1_addr:  0, rs1_rdata: 00000000, rs2_addr:  0, rs2_rdata: 00000000, rd_addr:  0, rd_wdata: 00000000, mem_addr: 00000000, mem_rdata: 00000000, mem_wdata: 00000000
ClkCycle:       4749, pc_rdata: 0000484e, pc_wdata: 00004852, insn: 6149fff1, mode: 3, rs1_addr:  2, rs1_rdata: ffffff5b, rs2_addr: 31, rs2_rdata: 00000000, rd_addr:  2, rd_wdata: 80000000, mem_addr: 80000000, mem_rdata: 00000000, mem_wdata: 00000000
ClkCycle:       4750, pc_rdata: 00004852, pc_wdata: 00004856, insn: 6149fff1, mode: 3, rs1_addr:  0, rs1_rdata: 00000000, rs2_addr:  0, rs2_rdata: 00000000, rd_addr:  0, rd_wdata: 00000000, mem_addr: 00000000, mem_rdata: 00000000, mem_wdata: 00000000
ClkCycle:       4751, pc_rdata: 00004856, pc_wdata: 00004858, insn: 00100113, mode: 3, rs1_addr:  2, rs1_rdata: ffffff5b, rs2_addr: 16, rs2_rdata: 7d5bfddb, rd_addr:  2, rd_wdata: 80000090, mem_addr: 80000090, mem_rdata: 00000000, mem_wdata: 7d5bfddb
ClkCycle:       4752, pc_rdata: 00004858, pc_wdata: 0000485c, insn: 00100113, mode: 3, rs1_addr:  0, rs1_rdata: 00000000, rs2_addr:  1, rs2_rdata: 00007118, rd_addr:  2, rd_wdata: 00000001, mem_addr: 00000001, mem_rdata: 00000000, mem_wdata: 00007118
ClkCycle:       4753, pc_rdata: 0000485c, pc_wdata: 00004860, insn: 02411113, mode: 3, rs1_addr:  2, rs1_rdata: 80000000, rs2_addr:  4, rs2_rdata: 6dfdffff, rd_addr:  2, rd_wdata: 00000010, mem_addr: 00000010, mem_rdata: 00000000, mem_wdata: 6dfdffff
ClkCycle:       4754, pc_rdata: 00004860, pc_wdata: 00004864, insn: fff14113, mode: 3, rs1_addr:  2, rs1_rdata: 80000090, rs2_addr: 31, rs2_rdata: 00000000, rd_addr:  2, rd_wdata: ffffffef, mem_addr: ffffffef, mem_rdata: 00000000, mem_wdata: 00000000
ClkCycle:       4755, pc_rdata: 00004864, pc_wdata: 00004866, insn: b0237135, mode: 3, rs1_addr:  2, rs1_rdata: 00000001, rs2_addr:  0, rs2_rdata: 00000000, rd_addr:  2, rd_wdata: ffffff4f, mem_addr: ffffff4f, mem_rdata: 00000000, mem_wdata: 00000000
ClkCycle:       4756, pc_rdata: 00004866, pc_wdata: 0000486a, insn: b0237135, mode: 3, rs1_addr:  0, rs1_rdata: 00000000, rs2_addr:  0, rs2_rdata: 00000000, rd_addr:  0, rd_wdata: 00000000, mem_addr: 00000000, mem_rdata: 00000000, mem_wdata: 00000000
0000000100007118
ClkCycle:       4757, pc_rdata: 0000486a, pc_wdata: 0000486e, insn: 11130010, mode: 3, rs1_addr:  1, rs1_rdata: 00007118, rs2_addr:  1, rs2_rdata: 00007118, rd_addr:  0, rd_wdata: 00007118, mem_addr: 00007118, mem_rdata: 00000000, mem_wdata: 00007118
ClkCycle:       4758, pc_rdata: 0000486e, pc_wdata: 00004872, insn: 11130010, mode: 3, rs1_addr:  0, rs1_rdata: 00000000, rs2_addr:  0, rs2_rdata: 00000000, rd_addr:  0, rd_wdata: 00000000, mem_addr: 00000000, mem_rdata: 00000000, mem_wdata: 00000000
ClkCycle:       4759, pc_rdata: 00004872, pc_wdata: 00004876, insn: 6111fff1, mode: 3, rs1_addr:  2, rs1_rdata: ffffff4f, rs2_addr: 31, rs2_rdata: 00000000, rd_addr:  2, rd_wdata: 80000000, mem_addr: 80000000, mem_rdata: 00000000, mem_wdata: 00000000
ClkCycle:       4760, pc_rdata: 00004876, pc_wdata: 0000487a, insn: 6111fff1, mode: 3, rs1_addr:  0, rs1_rdata: 00000000, rs2_addr:  0, rs2_rdata: 00000000, rd_addr:  0, rd_wdata: 00000000, mem_addr: 00000000, mem_rdata: 00000000, mem_wdata: 00000000
ClkCycle:       4761, pc_rdata: 0000487a, pc_wdata: 0000487c, insn: 00100113, mode: 3, rs1_addr:  2, rs1_rdata: ffffff4f, rs2_addr:  0, rs2_rdata: 00000000, rd_addr:  2, rd_wdata: 80000100, mem_addr: 80000100, mem_rdata: 00000000, mem_wdata: 00000000
ClkCycle:       4762, pc_rdata: 0000487c, pc_wdata: 00004880, insn: 00100113, mode: 3, rs1_addr:  0, rs1_rdata: 00000000, rs2_addr:  1, rs2_rdata: 00007118, rd_addr:  2, rd_wdata: 00000001, mem_addr: 00000001, mem_rdata: 00000000, mem_wdata: 00007118
ClkCycle:       4763, pc_rdata: 00004880, pc_wdata: 00004884, insn: 02711113, mode: 3, rs1_addr:  2, rs1_rdata: 80000000, rs2_addr:  7, rs2_rdata: 003fbb6f, rd_addr:  2, rd_wdata: 00000080, mem_addr: 00000080, mem_rdata: 00000000, mem_wdata: 003fbb6f
ClkCycle:       4764, pc_rdata: 00004884, pc_wdata: 00004888, insn: fff14113, mode: 3, rs1_addr:  2, rs1_rdata: 80000100, rs2_addr: 31, rs2_rdata: 00000000, rd_addr:  2, rd_wdata: ffffff7f, mem_addr: ffffff7f, mem_rdata: 00000000, mem_wdata: 00000000
ClkCycle:       4765, pc_rdata: 00004888, pc_wdata: 0000488a, insn: b8237135, mode: 3, rs1_addr:  2, rs1_rdata: 00000001, rs2_addr:  0, rs2_rdata: 00000000, rd_addr:  2, rd_wdata: fffffedf, mem_addr: fffffedf, mem_rdata: 00000000, mem_wdata: 00000000
ClkCycle:       4766, pc_rdata: 0000488a, pc_wdata: 0000488e, insn: b8237135, mode: 3, rs1_addr:  0, rs1_rdata: 00000000, rs2_addr:  0, rs2_rdata: 00000000, rd_addr:  0, rd_wdata: 00000000, mem_addr: 00000000, mem_rdata: 00000000, mem_wdata: 00000000
0000000100007118
ClkCycle:       4767, pc_rdata: 0000488e, pc_wdata: 00004892, insn: 11130010, mode: 3, rs1_addr:  1, rs1_rdata: 00007118, rs2_addr:  1, rs2_rdata: 00007118, rd_addr: 16, rd_wdata: 00007128, mem_addr: 00007128, mem_rdata: 00000000, mem_wdata: 00007118
ClkCycle:       4768, pc_rdata: 00004892, pc_wdata: 00004896, insn: 11130010, mode: 3, rs1_addr:  0, rs1_rdata: 00000000, rs2_addr:  0, rs2_rdata: 00000000, rd_addr:  0, rd_wdata: 00000000, mem_addr: 00000000, mem_rdata: 00000000, mem_wdata: 00000000
ClkCycle:       4769, pc_rdata: 00004896, pc_wdata: 0000489a, insn: 7179fff1, mode: 3, rs1_addr:  2, rs1_rdata: fffffedf, rs2_addr: 31, rs2_rdata: 00000000, rd_addr:  2, rd_wdata: 80000000, mem_addr: 80000000, mem_rdata: 00000000, mem_wdata: 00000000
ClkCycle:       4770, pc_rdata: 0000489a, pc_wdata: 0000489e, insn: 7179fff1, mode: 3, rs1_addr:  0, rs1_rdata: 00000000, rs2_addr:  0, rs2_rdata: 00000000, rd_addr:  0, rd_wdata: 00000000, mem_addr: 00000000, mem_rdata: 00000000, mem_wdata: 00000000
ClkCycle:       4771, pc_rdata: 0000489e, pc_wdata: 000048a0, insn: 00100113, mode: 3, rs1_addr:  2, rs1_rdata: fffffedf, rs2_addr: 16, rs2_rdata: 7d5bfddb, rd_addr:  2, rd_wdata: 7fffffd0, mem_addr: 7fffffd0, mem_rdata: 00000000, mem_wdata: 7d5bfddb
ClkCycle:       4772, pc_rdata: 000048a0, pc_wdata: 000048a4, insn: 00100113, mode: 3, rs1_addr:  0, rs1_rdata: 00000000, rs2_addr:  1, rs2_rdata: 00007118, rd_addr:  2, rd_wdata: 00000001, mem_addr: 00000001, mem_rdata: 00000000, mem_wdata: 00007118
ClkCycle:       4773, pc_rdata: 000048a4, pc_wdata: 000048a8, insn: 02911113, mode: 3, rs1_addr:  2, rs1_rdata: 80000000, rs2_addr:  9, rs2_rdata: 000000fe, rd_addr:  2, rd_wdata: 00000200, mem_addr: 00000200, mem_rdata: 00000000, mem_wdata: 000000fe
ClkCycle:       4774, pc_rdata: 000048a8, pc_wdata: 000048ac, insn: fff14113, mode: 3, rs1_addr:  2, rs1_rdata: 7fffffd0, rs2_addr: 31, rs2_rdata: 00000000, rd_addr:  2, rd_wdata: fffffdff, mem_addr: fffffdff, mem_rdata: 00000000, mem_wdata: 00000000
ClkCycle:       4775, pc_rdata: 000048ac, pc_wdata: 000048ae, insn: b0237135, mode: 3, rs1_addr:  2, rs1_rdata: 00000001, rs2_addr:  0, rs2_rdata: 00000000, rd_addr:  2, rd_wdata: fffffd5f, mem_addr: fffffd5f, mem_rdata: 00000000, mem_wdata: 00000000
ClkCycle:       4776, pc_rdata: 000048ae, pc_wdata: 000048b2, insn: b0237135, mode: 3, rs1_addr:  0, rs1_rdata: 00000000, rs2_addr:  0, rs2_rdata: 00000000, rd_addr:  0, rd_wdata: 00000000, mem_addr: 00000000, mem_rdata: 00000000, mem_wdata: 00000000
0000000100007118
ClkCycle:       4777, pc_rdata: 000048b2, pc_wdata: 000048b6, insn: 11130010, mode: 3, rs1_addr:  1, rs1_rdata: 00007118, rs2_addr:  1, rs2_rdata: 00007118, rd_addr:  0, rd_wdata: 00007118, mem_addr: 00007118, mem_rdata: 00000000, mem_wdata: 00007118
ClkCycle:       4778, pc_rdata: 000048b6, pc_wdata: 000048ba, insn: 11130010, mode: 3, rs1_addr:  0, rs1_rdata: 00000000, rs2_addr:  0, rs2_rdata: 00000000, rd_addr:  0, rd_wdata: 00000000, mem_addr: 00000000, mem_rdata: 00000000, mem_wdata: 00000000
ClkCycle:       4779, pc_rdata: 000048ba, pc_wdata: 000048be, insn: 716dfff1, mode: 3, rs1_addr:  2, rs1_rdata: fffffd5f, rs2_addr: 31, rs2_rdata: 00000000, rd_addr:  2, rd_wdata: 80000000, mem_addr: 80000000, mem_rdata: 00000000, mem_wdata: 00000000
ClkCycle:       4780, pc_rdata: 000048be, pc_wdata: 000048c2, insn: 716dfff1, mode: 3, rs1_addr:  0, rs1_rdata: 00000000, rs2_addr:  0, rs2_rdata: 00000000, rd_addr:  0, rd_wdata: 00000000, mem_addr: 00000000, mem_rdata: 00000000, mem_wdata: 00000000
ClkCycle:       4781, pc_rdata: 000048c2, pc_wdata: 000048c4, insn: 00100113, mode: 3, rs1_addr:  2, rs1_rdata: fffffd5f, rs2_addr: 16, rs2_rdata: 7d5bfddb, rd_addr:  2, rd_wdata: 7ffffef0, mem_addr: 7ffffef0, mem_rdata: 00000000, mem_wdata: 7d5bfddb
ClkCycle:       4782, pc_rdata: 000048c4, pc_wdata: 000048c8, insn: 00100113, mode: 3, rs1_addr:  0, rs1_rdata: 00000000, rs2_addr:  1, rs2_rdata: 00007118, rd_addr:  2, rd_wdata: 00000001, mem_addr: 00000001, mem_rdata: 00000000, mem_wdata: 00007118
ClkCycle:       4783, pc_rdata: 000048c8, pc_wdata: 000048cc, insn: 02b11113, mode: 3, rs1_addr:  2, rs1_rdata: 80000000, rs2_addr: 11, rs2_rdata: 00000000, rd_addr:  2, rd_wdata: 00000800, mem_addr: 00000800, mem_rdata: 00000000, mem_wdata: 00000000
ClkCycle:       4784, pc_rdata: 000048cc, pc_wdata: 000048d0, insn: fff14113, mode: 3, rs1_addr:  2, rs1_rdata: 7ffffef0, rs2_addr: 31, rs2_rdata: 00000000, rd_addr:  2, rd_wdata: fffff7ff, mem_addr: fffff7ff, mem_rdata: 00000000, mem_wdata: 00000000
ClkCycle:       4785, pc_rdata: 000048d0, pc_wdata: 000048d2, insn: b8236141, mode: 3, rs1_addr:  2, rs1_rdata: 00000001, rs2_addr: 16, rs2_rdata: 7d5bfddb, rd_addr:  2, rd_wdata: fffff80f, mem_addr: fffff80f, mem_rdata: 00000000, mem_wdata: 7d5bfddb
ClkCycle:       4786, pc_rdata: 000048d2, pc_wdata: 000048d6, insn: b8236141, mode: 3, rs1_addr:  0, rs1_rdata: 00000000, rs2_addr:  0, rs2_rdata: 00000000, rd_addr:  0, rd_wdata: 00000000, mem_addr: 00000000, mem_rdata: 00000000, mem_wdata: 00000000
0000000100007118
ClkCycle:       4787, pc_rdata: 000048d6, pc_wdata: 000048da, insn: 11130010, mode: 3, rs1_addr:  1, rs1_rdata: 00007118, rs2_addr:  1, rs2_rdata: 00007118, rd_addr: 16, rd_wdata: 00007128, mem_addr: 00007128, mem_rdata: 00000000, mem_wdata: 00007118
ClkCycle:       4788, pc_rdata: 000048da, pc_wdata: 000048de, insn: 11130010, mode: 3, rs1_addr:  0, rs1_rdata: 00000000, rs2_addr:  0, rs2_rdata: 00000000, rd_addr:  0, rd_wdata: 00000000, mem_addr: 00000000, mem_rdata: 00000000, mem_wdata: 00000000
ClkCycle:       4789, pc_rdata: 000048de, pc_wdata: 000048e2, insn: 6165fff1, mode: 3, rs1_addr:  2, rs1_rdata: fffff80f, rs2_addr: 31, rs2_rdata: 00000000, rd_addr:  2, rd_wdata: 80000000, mem_addr: 80000000, mem_rdata: 00000000, mem_wdata: 00000000
ClkCycle:       4790, pc_rdata: 000048e2, pc_wdata: 000048e6, insn: 6165fff1, mode: 3, rs1_addr:  0, rs1_rdata: 00000000, rs2_addr:  0, rs2_rdata: 00000000, rd_addr:  0, rd_wdata: 00000000, mem_addr: 00000000, mem_rdata: 00000000, mem_wdata: 00000000
ClkCycle:       4791, pc_rdata: 000048e6, pc_wdata: 000048e8, insn: 00100113, mode: 3, rs1_addr:  2, rs1_rdata: fffff80f, rs2_addr: 16, rs2_rdata: 7d5bfddb, rd_addr:  2, rd_wdata: 80000070, mem_addr: 80000070, mem_rdata: 00000000, mem_wdata: 7d5bfddb
ClkCycle:       4792, pc_rdata: 000048e8, pc_wdata: 000048ec, insn: 00100113, mode: 3, rs1_addr:  0, rs1_rdata: 00000000, rs2_addr:  1, rs2_rdata: 00007118, rd_addr:  2, rd_wdata: 00000001, mem_addr: 00000001, mem_rdata: 00000000, mem_wdata: 00007118
ClkCycle:       4793, pc_rdata: 000048ec, pc_wdata: 000048f0, insn: 02d11113, mode: 3, rs1_addr:  2, rs1_rdata: 80000000, rs2_addr: 13, rs2_rdata: 00000000, rd_addr:  2, rd_wdata: 00002000, mem_addr: 00002000, mem_rdata: 00000000, mem_wdata: 00000000
ClkCycle:       4794, pc_rdata: 000048f0, pc_wdata: 000048f4, insn: fff14113, mode: 3, rs1_addr:  2, rs1_rdata: 80000070, rs2_addr: 31, rs2_rdata: 00000000, rd_addr:  2, rd_wdata: ffffdfff, mem_addr: ffffdfff, mem_rdata: 00000000, mem_wdata: 00000000
ClkCycle:       4795, pc_rdata: 000048f4, pc_wdata: 000048f6, insn: b0236121, mode: 3, rs1_addr:  2, rs1_rdata: 00000001, rs2_addr:  0, rs2_rdata: 00000000, rd_addr:  2, rd_wdata: ffffe03f, mem_addr: ffffe03f, mem_rdata: 00000000, mem_wdata: 00000000
ClkCycle:       4796, pc_rdata: 000048f6, pc_wdata: 000048fa, insn: b0236121, mode: 3, rs1_addr:  0, rs1_rdata: 00000000, rs2_addr:  0, rs2_rdata: 00000000, rd_addr:  0, rd_wdata: 00000000, mem_addr: 00000000, mem_rdata: 00000000, mem_wdata: 00000000
0000000100007118
ClkCycle:       4797, pc_rdata: 000048fa, pc_wdata: 000048fe, insn: 11130010, mode: 3, rs1_addr:  1, rs1_rdata: 00007118, rs2_addr:  1, rs2_rdata: 00007118, rd_addr:  0, rd_wdata: 00007118, mem_addr: 00007118, mem_rdata: 00000000, mem_wdata: 00007118
ClkCycle:       4798, pc_rdata: 000048fe, pc_wdata: 00004902, insn: 11130010, mode: 3, rs1_addr:  0, rs1_rdata: 00000000, rs2_addr:  0, rs2_rdata: 00000000, rd_addr:  0, rd_wdata: 00000000, mem_addr: 00000000, mem_rdata: 00000000, mem_wdata: 00000000
ClkCycle:       4799, pc_rdata: 00004902, pc_wdata: 00004906, insn: 6111fff1, mode: 3, rs1_addr:  2, rs1_rdata: ffffe03f, rs2_addr: 31, rs2_rdata: 00000000, rd_addr:  2, rd_wdata: 80000000, mem_addr: 80000000, mem_rdata: 00000000, mem_wdata: 00000000
ClkCycle:       4800, pc_rdata: 00004906, pc_wdata: 0000490a, insn: 6111fff1, mode: 3, rs1_addr:  0, rs1_rdata: 00000000, rs2_addr:  0, rs2_rdata: 00000000, rd_addr:  0, rd_wdata: 00000000, mem_addr: 00000000, mem_rdata: 00000000, mem_wdata: 00000000
ClkCycle:       4801, pc_rdata: 0000490a, pc_wdata: 0000490c, insn: 00100113, mode: 3, rs1_addr:  2, rs1_rdata: ffffe03f, rs2_addr:  0, rs2_rdata: 00000000, rd_addr:  2, rd_wdata: 80000100, mem_addr: 80000100, mem_rdata: 00000000, mem_wdata: 00000000
ClkCycle:       4802, pc_rdata: 0000490c, pc_wdata: 00004910, insn: 00100113, mode: 3, rs1_addr:  0, rs1_rdata: 00000000, rs2_addr:  1, rs2_rdata: 00007118, rd_addr:  2, rd_wdata: 00000001, mem_addr: 00000001, mem_rdata: 00000000, mem_wdata: 00007118
ClkCycle:       4803, pc_rdata: 00004910, pc_wdata: 00004914, insn: 02f11113, mode: 3, rs1_addr:  2, rs1_rdata: 80000000, rs2_addr: 15, rs2_rdata: 00000000, rd_addr:  2, rd_wdata: 00008000, mem_addr: 00008000, mem_rdata: 00000000, mem_wdata: 00000000
ClkCycle:       4804, pc_rdata: 00004914, pc_wdata: 00004918, insn: fff14113, mode: 3, rs1_addr:  2, rs1_rdata: 80000100, rs2_addr: 31, rs2_rdata: 00000000, rd_addr:  2, rd_wdata: ffff7fff, mem_addr: ffff7fff, mem_rdata: 00000000, mem_wdata: 00000000
ClkCycle:       4805, pc_rdata: 00004918, pc_wdata: 0000491a, insn: b8236121, mode: 3, rs1_addr:  2, rs1_rdata: 00000001, rs2_addr:  0, rs2_rdata: 00000000, rd_addr:  2, rd_wdata: ffff803f, mem_addr: ffff803f, mem_rdata: 00000000, mem_wdata: 00000000
ClkCycle:       4806, pc_rdata: 0000491a, pc_wdata: 0000491e, insn: b8236121, mode: 3, rs1_addr:  0, rs1_rdata: 00000000, rs2_addr:  0, rs2_rdata: 00000000, rd_addr:  0, rd_wdata: 00000000, mem_addr: 00000000, mem_rdata: 00000000, mem_wdata: 00000000
0000000100007118
ClkCycle:       4807, pc_rdata: 0000491e, pc_wdata: 00004922, insn: 11130010, mode: 3, rs1_addr:  1, rs1_rdata: 00007118, rs2_addr:  1, rs2_rdata: 00007118, rd_addr: 16, rd_wdata: 00007128, mem_addr: 00007128, mem_rdata: 00000000, mem_wdata: 00007118
ClkCycle:       4808, pc_rdata: 00004922, pc_wdata: 00004926, insn: 11130010, mode: 3, rs1_addr:  0, rs1_rdata: 00000000, rs2_addr:  0, rs2_rdata: 00000000, rd_addr:  0, rd_wdata: 00000000, mem_addr: 00000000, mem_rdata: 00000000, mem_wdata: 00000000
ClkCycle:       4809, pc_rdata: 00004926, pc_wdata: 0000492a, insn: 617dfff1, mode: 3, rs1_addr:  2, rs1_rdata: ffff803f, rs2_addr: 31, rs2_rdata: 00000000, rd_addr:  2, rd_wdata: 80000000, mem_addr: 80000000, mem_rdata: 00000000, mem_wdata: 00000000
ClkCycle:       4810, pc_rdata: 0000492a, pc_wdata: 0000492e, insn: 617dfff1, mode: 3, rs1_addr:  0, rs1_rdata: 00000000, rs2_addr:  0, rs2_rdata: 00000000, rd_addr:  0, rd_wdata: 00000000, mem_addr: 00000000, mem_rdata: 00000000, mem_wdata: 00000000
ClkCycle:       4811, pc_rdata: 0000492e, pc_wdata: 00004930, insn: 00100113, mode: 3, rs1_addr:  2, rs1_rdata: ffff803f, rs2_addr: 16, rs2_rdata: 7d5bfddb, rd_addr:  2, rd_wdata: 800001f0, mem_addr: 800001f0, mem_rdata: 00000000, mem_wdata: 7d5bfddb
ClkCycle:       4812, pc_rdata: 00004930, pc_wdata: 00004934, insn: 00100113, mode: 3, rs1_addr:  0, rs1_rdata: 00000000, rs2_addr:  1, rs2_rdata: 00007118, rd_addr:  2, rd_wdata: 00000001, mem_addr: 00000001, mem_rdata: 00000000, mem_wdata: 00007118
ClkCycle:       4813, pc_rdata: 00004934, pc_wdata: 00004938, insn: 03111113, mode: 3, rs1_addr:  2, rs1_rdata: 80000000, rs2_addr: 17, rs2_rdata: edffffff, rd_addr:  2, rd_wdata: 00020000, mem_addr: 00020000, mem_rdata: 00000000, mem_wdata: edffffff
ClkCycle:       4814, pc_rdata: 00004938, pc_wdata: 0000493c, insn: fff14113, mode: 3, rs1_addr:  2, rs1_rdata: 800001f0, rs2_addr: 31, rs2_rdata: 00000000, rd_addr:  2, rd_wdata: fffdffff, mem_addr: fffdffff, mem_rdata: 00000000, mem_wdata: 00000000
ClkCycle:       4815, pc_rdata: 0000493c, pc_wdata: 0000493e, insn: b0237135, mode: 3, rs1_addr:  2, rs1_rdata: 00000001, rs2_addr:  0, rs2_rdata: 00000000, rd_addr:  2, rd_wdata: fffdff5f, mem_addr: fffdff5f, mem_rdata: 00000000, mem_wdata: 00000000
ClkCycle:       4816, pc_rdata: 0000493e, pc_wdata: 00004942, insn: b0237135, mode: 3, rs1_addr:  0, rs1_rdata: 00000000, rs2_addr:  0, rs2_rdata: 00000000, rd_addr:  0, rd_wdata: 00000000, mem_addr: 00000000, mem_rdata: 00000000, mem_wdata: 00000000
0000000100007118
ClkCycle:       4817, pc_rdata: 00004942, pc_wdata: 00004946, insn: 11130010, mode: 3, rs1_addr:  1, rs1_rdata: 00007118, rs2_addr:  1, rs2_rdata: 00007118, rd_addr:  0, rd_wdata: 00007118, mem_addr: 00007118, mem_rdata: 00000000, mem_wdata: 00007118
ClkCycle:       4818, pc_rdata: 00004946, pc_wdata: 0000494a, insn: 11130010, mode: 3, rs1_addr:  0, rs1_rdata: 00000000, rs2_addr:  0, rs2_rdata: 00000000, rd_addr:  0, rd_wdata: 00000000, mem_addr: 00000000, mem_rdata: 00000000, mem_wdata: 00000000
ClkCycle:       4819, pc_rdata: 0000494a, pc_wdata: 0000494e, insn: 717dfff1, mode: 3, rs1_addr:  2, rs1_rdata: fffdff5f, rs2_addr: 31, rs2_rdata: 00000000, rd_addr:  2, rd_wdata: 80000000, mem_addr: 80000000, mem_rdata: 00000000, mem_wdata: 00000000
ClkCycle:       4820, pc_rdata: 0000494e, pc_wdata: 00004952, insn: 717dfff1, mode: 3, rs1_addr:  0, rs1_rdata: 00000000, rs2_addr:  0, rs2_rdata: 00000000, rd_addr:  0, rd_wdata: 00000000, mem_addr: 00000000, mem_rdata: 00000000, mem_wdata: 00000000
ClkCycle:       4821, pc_rdata: 00004952, pc_wdata: 00004954, insn: 00100113, mode: 3, rs1_addr:  2, rs1_rdata: fffdff5f, rs2_addr: 16, rs2_rdata: 7d5bfddb, rd_addr:  2, rd_wdata: 7ffffff0, mem_addr: 7ffffff0, mem_rdata: 00000000, mem_wdata: 7d5bfddb
ClkCycle:       4822, pc_rdata: 00004954, pc_wdata: 00004958, insn: 00100113, mode: 3, rs1_addr:  0, rs1_rdata: 00000000, rs2_addr:  1, rs2_rdata: 00007118, rd_addr:  2, rd_wdata: 00000001, mem_addr: 00000001, mem_rdata: 00000000, mem_wdata: 00007118
ClkCycle:       4823, pc_rdata: 00004958, pc_wdata: 0000495c, insn: 03311113, mode: 3, rs1_addr:  2, rs1_rdata: 80000000, rs2_addr: 19, rs2_rdata: dfffb7ff, rd_addr:  2, rd_wdata: 00080000, mem_addr: 00080000, mem_rdata: 00000000, mem_wdata: dfffb7ff
ClkCycle:       4824, pc_rdata: 0000495c, pc_wdata: 00004960, insn: fff14113, mode: 3, rs1_addr:  2, rs1_rdata: 7ffffff0, rs2_addr: 31, rs2_rdata: 00000000, rd_addr:  2, rd_wdata: fff7ffff, mem_addr: fff7ffff, mem_rdata: 00000000, mem_wdata: 00000000
ClkCycle:       4825, pc_rdata: 00004960, pc_wdata: 00004962, insn: b8237159, mode: 3, rs1_addr:  2, rs1_rdata: 00000001, rs2_addr: 16, rs2_rdata: 7d5bfddb, rd_addr:  2, rd_wdata: fff7ff8f, mem_addr: fff7ff8f, mem_rdata: 00000000, mem_wdata: 7d5bfddb
ClkCycle:       4826, pc_rdata: 00004962, pc_wdata: 00004966, insn: b8237159, mode: 3, rs1_addr:  0, rs1_rdata: 00000000, rs2_addr:  0, rs2_rdata: 00000000, rd_addr:  0, rd_wdata: 00000000, mem_addr: 00000000, mem_rdata: 00000000, mem_wdata: 00000000
0000000100007118
ClkCycle:       4827, pc_rdata: 00004966, pc_wdata: 0000496a, insn: 11130010, mode: 3, rs1_addr:  1, rs1_rdata: 00007118, rs2_addr:  1, rs2_rdata: 00007118, rd_addr: 16, rd_wdata: 00007128, mem_addr: 00007128, mem_rdata: 00000000, mem_wdata: 00007118
ClkCycle:       4828, pc_rdata: 0000496a, pc_wdata: 0000496e, insn: 11130010, mode: 3, rs1_addr:  0, rs1_rdata: 00000000, rs2_addr:  0, rs2_rdata: 00000000, rd_addr:  0, rd_wdata: 00000000, mem_addr: 00000000, mem_rdata: 00000000, mem_wdata: 00000000
ClkCycle:       4829, pc_rdata: 0000496e, pc_wdata: 00004972, insn: 713dfff1, mode: 3, rs1_addr:  2, rs1_rdata: fff7ff8f, rs2_addr: 31, rs2_rdata: 00000000, rd_addr:  2, rd_wdata: 80000000, mem_addr: 80000000, mem_rdata: 00000000, mem_wdata: 00000000
ClkCycle:       4830, pc_rdata: 00004972, pc_wdata: 00004976, insn: 713dfff1, mode: 3, rs1_addr:  0, rs1_rdata: 00000000, rs2_addr:  0, rs2_rdata: 00000000, rd_addr:  0, rd_wdata: 00000000, mem_addr: 00000000, mem_rdata: 00000000, mem_wdata: 00000000
ClkCycle:       4831, pc_rdata: 00004976, pc_wdata: 00004978, insn: 0380006f, mode: 3, rs1_addr:  2, rs1_rdata: fff7ff8f, rs2_addr:  0, rs2_rdata: 00000000, rd_addr:  2, rd_wdata: 7fffffe0, mem_addr: 7fffffe0, mem_rdata: 00000000, mem_wdata: 00000000
ClkCycle:       4832, pc_rdata: 00004978, pc_wdata: 0000497c, insn: 0380006f, mode: 3, rs1_addr:  0, rs1_rdata: 00000000, rs2_addr: 24, rs2_rdata: 0000007d, rd_addr:  0, rd_wdata: 0000497c, mem_addr: 00000038, mem_rdata: 00000000, mem_wdata: 0000007d
ClkCycle:       4833, pc_rdata: 0000497c, pc_wdata: 000049b0, insn: 1f813483, mode: 3, rs1_addr:  0, rs1_rdata: 00000000, rs2_addr:  0, rs2_rdata: 00000000, rd_addr:  0, rd_wdata: 00000000, mem_addr: 00000000, mem_rdata: 00000000, mem_wdata: 00000000
ClkCycle:       4834, pc_rdata: 000049b0, pc_wdata: 000049b2, insn: 0f174085, mode: 3, rs1_addr:  0, rs1_rdata: 00000000, rs2_addr:  1, rs2_rdata: 00007118, rd_addr:  1, rd_wdata: 00000001, mem_addr: 00000001, mem_rdata: 00000000, mem_wdata: 00007118
ClkCycle:       4835, pc_rdata: 000049b2, pc_wdata: 000049b6, insn: 0f174085, mode: 3, rs1_addr:  0, rs1_rdata: 00000000, rs2_addr:  0, rs2_rdata: 00000000, rd_addr:  0, rd_wdata: 00000000, mem_addr: 00000000, mem_rdata: 00000000, mem_wdata: 00000000
ClkCycle:       4836, pc_rdata: 000049b6, pc_wdata: 000049ba, insn: bfe5641f, mode: 3, rs1_addr: 30, rs1_rdata: 00000000, rs2_addr:  1, rs2_rdata: 00007118, rd_addr: 30, rd_wdata: 641f49b6, mem_addr: 641f49b6, mem_rdata: 00000000, mem_wdata: 00000001
ClkCycle:       4837, pc_rdata: 000049ba, pc_wdata: 000049be, insn: bfe5641f, mode: 3, rs1_addr:  0, rs1_rdata: 00000000, rs2_addr:  0, rs2_rdata: 00000000, rd_addr:  0, rd_wdata: 00000000, mem_addr: 00000000, mem_rdata: 00000000, mem_wdata: 00000000
ClkCycle:       4840, pc_rdata: 000049b6, pc_wdata: 000049ba, insn: 27230000, mode: 3, rs1_addr:  0, rs1_rdata: 00000000, rs2_addr:  0, rs2_rdata: 00000000, rd_addr:  0, rd_wdata: 00000000, mem_addr: 00000000, mem_rdata: 00000000, mem_wdata: 00000000
0000000000000000
ClkCycle:       8315, pc_rdata: 00008002, pc_wdata: 00008004, insn: ddb80813, mode: 3, rs1_addr:  2, rs1_rdata: 7fffffe0, rs2_addr:  0, rs2_rdata: 00000000, rd_addr:  8, rd_wdata: 7fffffe0, mem_addr: 7fffffe0, mem_rdata: 00000000, mem_wdata: 00000000
ClkCycle:       8316, pc_rdata: 00008004, pc_wdata: 00008008, insn: ddb80813, mode: 3, rs1_addr: 16, rs1_rdata: 7d5bfddb, rs2_addr: 27, rs2_rdata: 00000000, rd_addr: 16, rd_wdata: 7d5bfbb6, mem_addr: 7d5bfbb6, mem_rdata: 00000000, mem_wdata: 00000000
ClkCycle:       8317, pc_rdata: 00008008, pc_wdata: 0000800c, insn: 00b81813, mode: 3, rs1_addr: 16, rs1_rdata: 7d5bfddb, rs2_addr: 11, rs2_rdata: 00000000, rd_addr: 16, rd_wdata: dfddb000, mem_addr: dfddb000, mem_rdata: 00000000, mem_wdata: 00000000
ClkCycle:       8318, pc_rdata: 0000800c, pc_wdata: 00008010, insn: 3ea80813, mode: 3, rs1_addr: 16, rs1_rdata: 7d5bfddb, rs2_addr: 10, rs2_rdata: 00000001, rd_addr: 16, rd_wdata: dfddb3ea, mem_addr: dfddb3ea, mem_rdata: 00000000, mem_wdata: 00000001
ClkCycle:       8319, pc_rdata: 00008010, pc_wdata: 00008014, insn: 00b81813, mode: 3, rs1_addr: 16, rs1_rdata: 7d5bfbb6, rs2_addr: 11, rs2_rdata: 00000000, rd_addr: 16, rd_wdata: ed9f5000, mem_addr: ed9f5000, mem_rdata: 00000000, mem_wdata: 00000000
ClkCycle:       8320, pc_rdata: 00008014, pc_wdata: 00008018, insn: 6ff80813, mode: 3, rs1_addr: 16, rs1_rdata: dfddb000, rs2_addr: 31, rs2_rdata: 00000000, rd_addr: 16, rd_wdata: ed9f56ff, mem_addr: ed9f56ff, mem_rdata: 00000000, mem_wdata: 00000000
ClkCycle:       8321, pc_rdata: 00008018, pc_wdata: 0000801c, insn: 00a81813, mode: 3, rs1_addr: 16, rs1_rdata: dfddb3ea, rs2_addr: 10, rs2_rdata: 00000001, rd_addr: 16, rd_wdata: 7d5bfc00, mem_addr: 7d5bfc00, mem_rdata: 00000000, mem_wdata: 00000001
ClkCycle:       8322, pc_rdata: 0000801c, pc_wdata: 00008020, insn: 1db80813, mode: 3, rs1_addr: 16, rs1_rdata: ed9f5000, rs2_addr: 27, rs2_rdata: 00000000, rd_addr: 16, rd_wdata: 7d5bfddb, mem_addr: 7d5bfddb, mem_rdata: 00000000, mem_wdata: 00000000
ClkCycle:       8323, pc_rdata: 00008020, pc_wdata: 00008024, insn: 00785893, mode: 3, rs1_addr: 16, rs1_rdata: ed9f56ff, rs2_addr:  7, rs2_rdata: 003fbb6f, rd_addr: 17, rd_wdata: 6cfab7fb, mem_addr: 6cfab7fb, mem_rdata: 00000000, mem_wdata: 003fbb6f
ClkCycle:       8324, pc_rdata: 00008024, pc_wdata: 00008028, insn: 03985793, mode: 3, rs1_addr: 16, rs1_rdata: 7d5bfc00, rs2_addr: 25, rs2_rdata: 00000000, rd_addr: 15, rd_wdata: adfddb3e, mem_addr: adfddb3e, mem_rdata: 00000000, mem_wdata: 00000000
ClkCycle:       8325, pc_rdata: 00008028, pc_wdata: 0000802c, insn: 00f8e8b3, mode: 3, rs1_addr: 17, rs1_rdata: edffffff, rs2_addr: 15, rs2_rdata: 00000000, rd_addr: 17, rd_wdata: edffffff, mem_addr: edffffff, mem_rdata: 00000000, mem_wdata: adfddb3e
ClkCycle:       8326, pc_rdata: 0000802c, pc_wdata: 00008030, insn: 0078d913, mode: 3, rs1_addr: 17, rs1_rdata: 6cfab7fb, rs2_addr:  7, rs2_rdata: 003fbb6f, rd_addr: 18, rd_wdata: ffdbffff, mem_addr: ffdbffff, mem_rdata: 00000000, mem_wdata: 003fbb6f
ClkCycle:       8327, pc_rdata: 00008030, pc_wdata: 00008034, insn: 0398d793, mode: 3, rs1_addr: 17, rs1_rdata: 6cfab7fb, rs2_addr: 25, rs2_rdata: 00000000, rd_addr: 15, rd_wdata: 7d5bfff6, mem_addr: 7d5bfff6, mem_rdata: 00000000, mem_wdata: 00000000
ClkCycle:       8328, pc_rdata: 00008034, pc_wdata: 00008038, insn: 00f96933, mode: 3, rs1_addr: 18, rs1_rdata: ffdbffff, rs2_addr: 15, rs2_rdata: adfddb3e, rd_addr: 18, rd_wdata: ffdbffff, mem_addr: ffdbffff, mem_rdata: 00000000, mem_wdata: 7d5bfff6
ClkCycle:       8329, pc_rdata: 00008038, pc_wdata: 0000803c, insn: 00795993, mode: 3, rs1_addr: 18, rs1_rdata: ffdbffff, rs2_addr:  7, rs2_rdata: 003fbb6f, rd_addr: 19, rd_wdata: dfffb7ff, mem_addr: dfffb7ff, mem_rdata: 00000000, mem_wdata: 003fbb6f
ClkCycle:       8330, pc_rdata: 0000803c, pc_wdata: 00008040, insn: 03995793, mode: 3, rs1_addr: 18, rs1_rdata: ffdbffff, rs2_addr: 25, rs2_rdata: 00000000, rd_addr: 15, rd_wdata: 00fab7ff, mem_addr: 00fab7ff, mem_rdata: 00000000, mem_wdata: 00000000
ClkCycle:       8331, pc_rdata: 00008040, pc_wdata: 00008044, insn: 00f9e9b3, mode: 3, rs1_addr: 19, rs1_rdata: dfffb7ff, rs2_addr: 15, rs2_rdata: 7d5bfff6, rd_addr: 19, rd_wdata: dfffb7ff, mem_addr: dfffb7ff, mem_rdata: 00000000, mem_wdata: 00fab7ff
ClkCycle:       8332, pc_rdata: 00008044, pc_wdata: 00008048, insn: 0079da13, mode: 3, rs1_addr: 19, rs1_rdata: dfffb7ff, rs2_addr:  7, rs2_rdata: 003fbb6f, rd_addr: 20, rd_wdata: d5bfff6f, mem_addr: d5bfff6f, mem_rdata: 00000000, mem_wdata: 003fbb6f
ClkCycle:       8333, pc_rdata: 00008048, pc_wdata: 0000804c, insn: 0399d793, mode: 3, rs1_addr: 19, rs1_rdata: dfffb7ff, rs2_addr: 25, rs2_rdata: 00000000, rd_addr: 15, rd_wdata: 0001f56f, mem_addr: 0001f56f, mem_rdata: 00000000, mem_wdata: 00000000
ClkCycle:       8334, pc_rdata: 0000804c, pc_wdata: 00008050, insn: 00fa6a33, mode: 3, rs1_addr: 20, rs1_rdata: d5bfff6f, rs2_addr: 15, rs2_rdata: 00fab7ff, rd_addr: 20, rd_wdata: d5bfff6f, mem_addr: d5bfff6f, mem_rdata: 00000000, mem_wdata: 0001f56f
ClkCycle:       8335, pc_rdata: 00008050, pc_wdata: 00008054, insn: 007a5a93, mode: 3, rs1_addr: 20, rs1_rdata: d5bfff6f, rs2_addr:  7, rs2_rdata: 003fbb6f, rd_addr: 21, rd_wdata: 0fab7ffe, mem_addr: 0fab7ffe, mem_rdata: 00000000, mem_wdata: 003fbb6f
ClkCycle:       8336, pc_rdata: 00008054, pc_wdata: 00008058, insn: 039a5793, mode: 3, rs1_addr: 20, rs1_rdata: d5bfff6f, rs2_addr: 25, rs2_rdata: 00000000, rd_addr: 15, rd_wdata: 000003ea, mem_addr: 000003ea, mem_rdata: 00000000, mem_wdata: 00000000
ClkCycle:       8337, pc_rdata: 00008058, pc_wdata: 0000805c, insn: 00faeab3, mode: 3, rs1_addr: 21, rs1_rdata: 0fab7ffe, rs2_addr: 15, rs2_rdata: 0001f56f, rd_addr: 21, rd_wdata: 0fab7ffe, mem_addr: 0fab7ffe, mem_rdata: 00000000, mem_wdata: 000003ea
ClkCycle:       8338, pc_rdata: 0000805c, pc_wdata: 00008060, insn: 007adb13, mode: 3, rs1_addr: 21, rs1_rdata: 0fab7ffe, rs2_addr:  7, rs2_rdata: 003fbb6f, rd_addr: 22, rd_wdata: 001f56ff, mem_addr: 001f56ff, mem_rdata: 00000000, mem_wdata: 003fbb6f
ClkCycle:       8339, pc_rdata: 00008060, pc_wdata: 00008064, insn: 039ad793, mode: 3, rs1_addr: 21, rs1_rdata: 0fab7ffe, rs2_addr: 25, rs2_rdata: 00000000, rd_addr: 15, rd_wdata: 00000007, mem_addr: 00000007, mem_rdata: 00000000, mem_wdata: 00000000
ClkCycle:       8340, pc_rdata: 00008064, pc_wdata: 00008068, insn: 00fb6b33, mode: 3, rs1_addr: 22, rs1_rdata: 001f56ff, rs2_addr: 15, rs2_rdata: 000003ea, rd_addr: 22, rd_wdata: 001f56ff, mem_addr: 001f56ff, mem_rdata: 00000000, mem_wdata: 00000007
ClkCycle:       8341, pc_rdata: 00008068, pc_wdata: 0000806c, insn: 007b5b93, mode: 3, rs1_addr: 22, rs1_rdata: 001f56ff, rs2_addr:  7, rs2_rdata: 003fbb6f, rd_addr: 23, rd_wdata: 00003ead, mem_addr: 00003ead, mem_rdata: 00000000, mem_wdata: 003fbb6f
ClkCycle:       8342, pc_rdata: 0000806c, pc_wdata: 00008070, insn: 039b5793, mode: 3, rs1_addr: 22, rs1_rdata: 001f56ff, rs2_addr: 25, rs2_rdata: 00000000, rd_addr: 15, rd_wdata: 00000000, mem_addr: 00000000, mem_rdata: 00000000, mem_wdata: 00000000
ClkCycle:       8343, pc_rdata: 00008070, pc_wdata: 00008074, insn: 00fbebb3, mode: 3, rs1_addr: 23, rs1_rdata: 00003ead, rs2_addr: 15, rs2_rdata: 00000007, rd_addr: 23, rd_wdata: 00003ead, mem_addr: 00003ead, mem_rdata: 00000000, mem_wdata: 00000000
ClkCycle:       8344, pc_rdata: 00008074, pc_wdata: 00008078, insn: 007bdc13, mode: 3, rs1_addr: 23, rs1_rdata: 00003ead, rs2_addr:  7, rs2_rdata: 003fbb6f, rd_addr: 24, rd_wdata: 0000007d, mem_addr: 0000007d, mem_rdata: 00000000, mem_wdata: 003fbb6f
ClkCycle:       8345, pc_rdata: 00008078, pc_wdata: 0000807c, insn: 039bd793, mode: 3, rs1_addr: 23, rs1_rdata: 00003ead, rs2_addr: 25, rs2_rdata: 00000000, rd_addr: 15, rd_wdata: 00000000, mem_addr: 00000000, mem_rdata: 00000000, mem_wdata: 00000000
ClkCycle:       8346, pc_rdata: 0000807c, pc_wdata: 00008080, insn: 00fc6c33, mode: 3, rs1_addr: 24, rs1_rdata: 0000007d, rs2_addr: 15, rs2_rdata: 00000000, rd_addr: 24, rd_wdata: 0000007d, mem_addr: 0000007d, mem_rdata: 00000000, mem_wdata: 00000000
ClkCycle:       8347, pc_rdata: 00008080, pc_wdata: 00008084, insn: 007c5c93, mode: 3, rs1_addr: 24, rs1_rdata: 0000007d, rs2_addr:  7, rs2_rdata: 003fbb6f, rd_addr: 25, rd_wdata: 00000000, mem_addr: 00000000, mem_rdata: 00000000, mem_wdata: 003fbb6f
ClkCycle:       8348, pc_rdata: 00008084, pc_wdata: 00008088, insn: 039c5793, mode: 3, rs1_addr: 24, rs1_rdata: 0000007d, rs2_addr: 25, rs2_rdata: 00000000, rd_addr: 15, rd_wdata: 00000000, mem_addr: 00000000, mem_rdata: 00000000, mem_wdata: 00000000
ClkCycle:       8349, pc_rdata: 00008088, pc_wdata: 0000808c, insn: 00fcecb3, mode: 3, rs1_addr: 25, rs1_rdata: 00000000, rs2_addr: 15, rs2_rdata: 00000000, rd_addr: 25, rd_wdata: 00000000, mem_addr: 00000000, mem_rdata: 00000000, mem_wdata: 00000000
ClkCycle:       8350, pc_rdata: 0000808c, pc_wdata: 00008090, insn: 007cdd13, mode: 3, rs1_addr: 25, rs1_rdata: 00000000, rs2_addr:  7, rs2_rdata: 003fbb6f, rd_addr: 26, rd_wdata: 00000000, mem_addr: 00000000, mem_rdata: 00000000, mem_wdata: 003fbb6f
ClkCycle:       8351, pc_rdata: 00008090, pc_wdata: 00008094, insn: 039cd793, mode: 3, rs1_addr: 25, rs1_rdata: 00000000, rs2_addr: 25, rs2_rdata: 00000000, rd_addr: 15, rd_wdata: 00000000, mem_addr: 00000000, mem_rdata: 00000000, mem_wdata: 00000000
ClkCycle:       8352, pc_rdata: 00008094, pc_wdata: 00008098, insn: 00fd6d33, mode: 3, rs1_addr: 26, rs1_rdata: 00000000, rs2_addr: 15, rs2_rdata: 00000000, rd_addr: 26, rd_wdata: 00000000, mem_addr: 00000000, mem_rdata: 00000000, mem_wdata: 00000000
ClkCycle:       8353, pc_rdata: 00008098, pc_wdata: 0000809c, insn: 007d5d93, mode: 3, rs1_addr: 26, rs1_rdata: 00000000, rs2_addr:  7, rs2_rdata: 003fbb6f, rd_addr: 27, rd_wdata: 00000000, mem_addr: 00000000, mem_rdata: 00000000, mem_wdata: 003fbb6f
ClkCycle:       8354, pc_rdata: 0000809c, pc_wdata: 000080a0, insn: 039d5793, mode: 3, rs1_addr: 26, rs1_rdata: 00000000, rs2_addr: 25, rs2_rdata: 00000000, rd_addr: 15, rd_wdata: 00000000, mem_addr: 00000000, mem_rdata: 00000000, mem_wdata: 00000000
ClkCycle:       8355, pc_rdata: 000080a0, pc_wdata: 000080a4, insn: 00fdedb3, mode: 3, rs1_addr: 27, rs1_rdata: 00000000, rs2_addr: 15, rs2_rdata: 00000000, rd_addr: 27, rd_wdata: 00000000, mem_addr: 00000000, mem_rdata: 00000000, mem_wdata: 00000000
ClkCycle:       8356, pc_rdata: 000080a4, pc_wdata: 000080a8, insn: 007dde13, mode: 3, rs1_addr: 27, rs1_rdata: 00000000, rs2_addr:  7, rs2_rdata: 003fbb6f, rd_addr: 28, rd_wdata: 00000000, mem_addr: 00000000, mem_rdata: 00000000, mem_wdata: 003fbb6f
ClkCycle:       8357, pc_rdata: 000080a8, pc_wdata: 000080ac, insn: 039dd793, mode: 3, rs1_addr: 27, rs1_rdata: 00000000, rs2_addr: 25, rs2_rdata: 00000000, rd_addr: 15, rd_wdata: 00000000, mem_addr: 00000000, mem_rdata: 00000000, mem_wdata: 00000000
ClkCycle:       8358, pc_rdata: 000080ac, pc_wdata: 000080b0, insn: 00fe6e33, mode: 3, rs1_addr: 28, rs1_rdata: 00000000, rs2_addr: 15, rs2_rdata: 00000000, rd_addr: 28, rd_wdata: 00000000, mem_addr: 00000000, mem_rdata: 00000000, mem_wdata: 00000000
ClkCycle:       8359, pc_rdata: 000080b0, pc_wdata: 000080b4, insn: 007e5e93, mode: 3, rs1_addr: 28, rs1_rdata: 00000000, rs2_addr:  7, rs2_rdata: 003fbb6f, rd_addr: 29, rd_wdata: 00000000, mem_addr: 00000000, mem_rdata: 00000000, mem_wdata: 003fbb6f
ClkCycle:       8360, pc_rdata: 000080b4, pc_wdata: 000080b8, insn: 039e5793, mode: 3, rs1_addr: 28, rs1_rdata: 00000000, rs2_addr: 25, rs2_rdata: 00000000, rd_addr: 15, rd_wdata: 00000000, mem_addr: 00000000, mem_rdata: 00000000, mem_wdata: 00000000
ClkCycle:       8361, pc_rdata: 000080b8, pc_wdata: 000080bc, insn: 00feeeb3, mode: 3, rs1_addr: 29, rs1_rdata: 00000000, rs2_addr: 15, rs2_rdata: 00000000, rd_addr: 29, rd_wdata: 00000000, mem_addr: 00000000, mem_rdata: 00000000, mem_wdata: 00000000
ClkCycle:       8362, pc_rdata: 000080bc, pc_wdata: 000080c0, insn: 007edf13, mode: 3, rs1_addr: 29, rs1_rdata: 00000000, rs2_addr:  7, rs2_rdata: 003fbb6f, rd_addr: 30, rd_wdata: 00000000, mem_addr: 00000000, mem_rdata: 00000000, mem_wdata: 003fbb6f
ClkCycle:       8363, pc_rdata: 000080c0, pc_wdata: 000080c4, insn: 039ed793, mode: 3, rs1_addr: 29, rs1_rdata: 00000000, rs2_addr: 25, rs2_rdata: 00000000, rd_addr: 15, rd_wdata: 00000000, mem_addr: 00000000, mem_rdata: 00000000, mem_wdata: 00000000
ClkCycle:       8364, pc_rdata: 000080c4, pc_wdata: 000080c8, insn: 00ff6f33, mode: 3, rs1_addr: 30, rs1_rdata: 641f49b6, rs2_addr: 15, rs2_rdata: 00000000, rd_addr: 30, rd_wdata: 00000000, mem_addr: 00000000, mem_rdata: 00000000, mem_wdata: 00000000
ClkCycle:       8365, pc_rdata: 000080c8, pc_wdata: 000080cc, insn: feedc0b7, mode: 3, rs1_addr: 27, rs1_rdata: 00000000, rs2_addr: 14, rs2_rdata: 00000000, rd_addr:  1, rd_wdata: feedc000, mem_addr: feedc000, mem_rdata: 00000000, mem_wdata: 00000000
ClkCycle:       8366, pc_rdata: 000080cc, pc_wdata: 000080d0, insn: ead08093, mode: 3, rs1_addr:  1, rs1_rdata: 00000001, rs2_addr: 13, rs2_rdata: 00000000, rd_addr:  1, rd_wdata: feedbead, mem_addr: feedbead, mem_rdata: 00000000, mem_wdata: 00000000
ClkCycle:       8367, pc_rdata: 000080d0, pc_wdata: 000080d4, insn: 00b09093, mode: 3, rs1_addr:  1, rs1_rdata: 00000001, rs2_addr: 11, rs2_rdata: 00000000, rd_addr:  1, rd_wdata: 6df56800, mem_addr: 6df56800, mem_rdata: 00000000, mem_wdata: 00000000
ClkCycle:       8368, pc_rdata: 000080d4, pc_wdata: 000080d8, insn: 7f708093, mode: 3, rs1_addr:  1, rs1_rdata: feedc000, rs2_addr: 23, rs2_rdata: 00003ead, rd_addr:  1, rd_wdata: 6df56ff7, mem_addr: 6df56ff7, mem_rdata: 00000000, mem_wdata: 00003ead
ClkCycle:       8369, pc_rdata: 000080d8, pc_wdata: 000080dc, insn: 00b09093, mode: 3, rs1_addr:  1, rs1_rdata: feedbead, rs2_addr: 11, rs2_rdata: 00000000, rd_addr:  1, rd_wdata: ab7fb800, mem_addr: ab7fb800, mem_rdata: 00000000, mem_wdata: 00000000
ClkCycle:       8370, pc_rdata: 000080dc, pc_wdata: 000080e0, insn: 36f08093, mode: 3, rs1_addr:  1, rs1_rdata: 6df56800, rs2_addr: 15, rs2_rdata: 00000000, rd_addr:  1, rd_wdata: ab7fbb6f, mem_addr: ab7fbb6f, mem_rdata: 00000000, mem_wdata: 00000000
ClkCycle:       8371, pc_rdata: 000080e0, pc_wdata: 000080e4, insn: 00a09093, mode: 3, rs1_addr:  1, rs1_rdata: 6df56ff7, rs2_addr: 10, rs2_rdata: 00000001, rd_addr:  1, rd_wdata: feedbc00, mem_addr: feedbc00, mem_rdata: 00000000, mem_wdata: 00000001
ClkCycle:       8372, pc_rdata: 000080e4, pc_wdata: 000080e8, insn: 2ad08093, mode: 3, rs1_addr:  1, rs1_rdata: ab7fb800, rs2_addr: 13, rs2_rdata: 00000000, rd_addr:  1, rd_wdata: feedbead, mem_addr: feedbead, mem_rdata: 00000000, mem_wdata: 00000000
ClkCycle:       8373, pc_rdata: 000080e8, pc_wdata: 000080ec, insn: 0070d113, mode: 3, rs1_addr:  1, rs1_rdata: ab7fbb6f, rs2_addr:  7, rs2_rdata: 003fbb6f, rd_addr:  2, rd_wdata: 5bfddb7d, mem_addr: 5bfddb7d, mem_rdata: 00000000, mem_wdata: 003fbb6f
ClkCycle:       8374, pc_rdata: 000080ec, pc_wdata: 000080f0, insn: 0390d793, mode: 3, rs1_addr:  1, rs1_rdata: feedbc00, rs2_addr: 25, rs2_rdata: 00000000, rd_addr: 15, rd_wdata: 76df56ff, mem_addr: 76df56ff, mem_rdata: 00000000, mem_wdata: 00000000
ClkCycle:       8375, pc_rdata: 000080f0, pc_wdata: 000080f4, insn: 00f16133, mode: 3, rs1_addr:  2, rs1_rdata: 7fffffe0, rs2_addr: 15, rs2_rdata: 00000000, rd_addr:  2, rd_wdata: 7fffdfff, mem_addr: 7fffdfff, mem_rdata: 00000000, mem_wdata: 76df56ff
ClkCycle:       8376, pc_rdata: 000080f4, pc_wdata: 000080f8, insn: 00715193, mode: 3, rs1_addr:  2, rs1_rdata: 5bfddb7d, rs2_addr:  7, rs2_rdata: 003fbb6f, rd_addr:  3, rd_wdata: feffffbf, mem_addr: feffffbf, mem_rdata: 00000000, mem_wdata: 003fbb6f
ClkCycle:       8377, pc_rdata: 000080f8, pc_wdata: 000080fc, insn: 03915793, mode: 3, rs1_addr:  2, rs1_rdata: 5bfddb7d, rs2_addr: 25, rs2_rdata: 00000000, rd_addr: 15, rd_wdata: feedbfbf, mem_addr: feedbfbf, mem_rdata: 00000000, mem_wdata: 00000000
ClkCycle:       8378, pc_rdata: 000080fc, pc_wdata: 00008100, insn: 00f1e1b3, mode: 3, rs1_addr:  3, rs1_rdata: feffffbf, rs2_addr: 15, rs2_rdata: 76df56ff, rd_addr:  3, rd_wdata: feffffbf, mem_addr: feffffbf, mem_rdata: 00000000, mem_wdata: feedbfbf
ClkCycle:       8379, pc_rdata: 00008100, pc_wdata: 00008104, insn: 0071d213, mode: 3, rs1_addr:  3, rs1_rdata: feffffbf, rs2_addr:  7, rs2_rdata: 003fbb6f, rd_addr:  4, rd_wdata: 6dfdffff, mem_addr: 6dfdffff, mem_rdata: 00000000, mem_wdata: 003fbb6f
ClkCycle:       8380, pc_rdata: 00008104, pc_wdata: 00008108, insn: 0391d793, mode: 3, rs1_addr:  3, rs1_rdata: feffffbf, rs2_addr: 25, rs2_rdata: 00000000, rd_addr: 15, rd_wdata: 01fddb7f, mem_addr: 01fddb7f, mem_rdata: 00000000, mem_wdata: 00000000
ClkCycle:       8381, pc_rdata: 00008108, pc_wdata: 0000810c, insn: 00f26233, mode: 3, rs1_addr:  4, rs1_rdata: 6dfdffff, rs2_addr: 15, rs2_rdata: feedbfbf, rd_addr:  4, rd_wdata: 6dfdffff, mem_addr: 6dfdffff, mem_rdata: 00000000, mem_wdata: 01fddb7f
ClkCycle:       8382, pc_rdata: 0000810c, pc_wdata: 00008110, insn: 00725293, mode: 3, rs1_addr:  4, rs1_rdata: 6dfdffff, rs2_addr:  7, rs2_rdata: 003fbb6f, rd_addr:  5, rd_wdata: eedbfbff, mem_addr: eedbfbff, mem_rdata: 00000000, mem_wdata: 003fbb6f
ClkCycle:       8383, pc_rdata: 00008110, pc_wdata: 00008114, insn: 03925793, mode: 3, rs1_addr:  4, rs1_rdata: 6dfdffff, rs2_addr: 25, rs2_rdata: 00000000, rd_addr: 15, rd_wdata: 0003fbb6, mem_addr: 0003fbb6, mem_rdata: 00000000, mem_wdata: 00000000
ClkCycle:       8384, pc_rdata: 00008114, pc_wdata: 00008118, insn: 00f2e2b3, mode: 3, rs1_addr:  5, rs1_rdata: eedbfbff, rs2_addr: 15, rs2_rdata: 01fddb7f, rd_addr:  5, rd_wdata: eedbfbff, mem_addr: eedbfbff, mem_rdata: 00000000, mem_wdata: 0003fbb6
ClkCycle:       8385, pc_rdata: 00008118, pc_wdata: 0000811c, insn: 0072d313, mode: 3, rs1_addr:  5, rs1_rdata: eedbfbff, rs2_addr:  7, rs2_rdata: 003fbb6f, rd_addr:  6, rd_wdata: 1fddb7f7, mem_addr: 1fddb7f7, mem_rdata: 00000000, mem_wdata: 003fbb6f
ClkCycle:       8386, pc_rdata: 0000811c, pc_wdata: 00008120, insn: 0392d793, mode: 3, rs1_addr:  5, rs1_rdata: eedbfbff, rs2_addr: 25, rs2_rdata: 00000000, rd_addr: 15, rd_wdata: 000007f7, mem_addr: 000007f7, mem_rdata: 00000000, mem_wdata: 00000000
ClkCycle:       8387, pc_rdata: 00008120, pc_wdata: 00008124, insn: 00f36333, mode: 3, rs1_addr:  6, rs1_rdata: 1fddb7f7, rs2_addr: 15, rs2_rdata: 0003fbb6, rd_addr:  6, rd_wdata: 1fddb7f7, mem_addr: 1fddb7f7, mem_rdata: 00000000, mem_wdata: 000007f7
ClkCycle:       8388, pc_rdata: 00008124, pc_wdata: 00008128, insn: 00735393, mode: 3, rs1_addr:  6, rs1_rdata: 1fddb7f7, rs2_addr:  7, rs2_rdata: 003fbb6f, rd_addr:  7, rd_wdata: 003fbb6f, mem_addr: 003fbb6f, mem_rdata: 00000000, mem_wdata: 003fbb6f
ClkCycle:       8389, pc_rdata: 00008128, pc_wdata: 0000812c, insn: 03935793, mode: 3, rs1_addr:  6, rs1_rdata: 1fddb7f7, rs2_addr: 25, rs2_rdata: 00000000, rd_addr: 15, rd_wdata: 0000000f, mem_addr: 0000000f, mem_rdata: 00000000, mem_wdata: 00000000
ClkCycle:       8390, pc_rdata: 0000812c, pc_wdata: 00008130, insn: 00f3e3b3, mode: 3, rs1_addr:  7, rs1_rdata: 003fbb6f, rs2_addr: 15, rs2_rdata: 000007f7, rd_addr:  7, rd_wdata: 003fbb6f, mem_addr: 003fbb6f, mem_rdata: 00000000, mem_wdata: 0000000f
ClkCycle:       8391, pc_rdata: 00008130, pc_wdata: 00008134, insn: 0073d413, mode: 3, rs1_addr:  7, rs1_rdata: 003fbb6f, rs2_addr:  7, rs2_rdata: 003fbb6f, rd_addr:  8, rd_wdata: 00007f76, mem_addr: 00007f76, mem_rdata: 00000000, mem_wdata: 003fbb6f
ClkCycle:       8392, pc_rdata: 00008134, pc_wdata: 00008138, insn: 0393d793, mode: 3, rs1_addr:  7, rs1_rdata: 003fbb6f, rs2_addr: 25, rs2_rdata: 00000000, rd_addr: 15, rd_wdata: 00000000, mem_addr: 00000000, mem_rdata: 00000000, mem_wdata: 00000000
ClkCycle:       8393, pc_rdata: 00008138, pc_wdata: 0000813c, insn: 00f46433, mode: 3, rs1_addr:  8, rs1_rdata: 7fffffe0, rs2_addr: 15, rs2_rdata: 0000000f, rd_addr:  8, rd_wdata: 00007f76, mem_addr: 00007f76, mem_rdata: 00000000, mem_wdata: 00000000
ClkCycle:       8394, pc_rdata: 0000813c, pc_wdata: 00008140, insn: 00745493, mode: 3, rs1_addr:  8, rs1_rdata: 00007f76, rs2_addr:  7, rs2_rdata: 003fbb6f, rd_addr:  9, rd_wdata: 000000fe, mem_addr: 000000fe, mem_rdata: 00000000, mem_wdata: 003fbb6f
ClkCycle:       8395, pc_rdata: 00008140, pc_wdata: 00008144, insn: 03945793, mode: 3, rs1_addr:  8, rs1_rdata: 00007f76, rs2_addr: 25, rs2_rdata: 00000000, rd_addr: 15, rd_wdata: 00000000, mem_addr: 00000000, mem_rdata: 00000000, mem_wdata: 00000000
ClkCycle:       8396, pc_rdata: 00008144, pc_wdata: 00008148, insn: 00f4e4b3, mode: 3, rs1_addr:  9, rs1_rdata: 000000fe, rs2_addr: 15, rs2_rdata: 00000000, rd_addr:  9, rd_wdata: 000000fe, mem_addr: 000000fe, mem_rdata: 00000000, mem_wdata: 00000000
ClkCycle:       8397, pc_rdata: 00008148, pc_wdata: 0000814c, insn: 0074d513, mode: 3, rs1_addr:  9, rs1_rdata: 000000fe, rs2_addr:  7, rs2_rdata: 003fbb6f, rd_addr: 10, rd_wdata: 00000001, mem_addr: 00000001, mem_rdata: 00000000, mem_wdata: 003fbb6f
ClkCycle:       8398, pc_rdata: 0000814c, pc_wdata: 00008150, insn: 0394d793, mode: 3, rs1_addr:  9, rs1_rdata: 000000fe, rs2_addr: 25, rs2_rdata: 00000000, rd_addr: 15, rd_wdata: 00000000, mem_addr: 00000000, mem_rdata: 00000000, mem_wdata: 00000000
ClkCycle:       8399, pc_rdata: 00008150, pc_wdata: 00008154, insn: 00f56533, mode: 3, rs1_addr: 10, rs1_rdata: 00000001, rs2_addr: 15, rs2_rdata: 00000000, rd_addr: 10, rd_wdata: 00000001, mem_addr: 00000001, mem_rdata: 00000000, mem_wdata: 00000000
ClkCycle:       8400, pc_rdata: 00008154, pc_wdata: 00008158, insn: 00755593, mode: 3, rs1_addr: 10, rs1_rdata: 00000001, rs2_addr:  7, rs2_rdata: 003fbb6f, rd_addr: 11, rd_wdata: 00000000, mem_addr: 00000000, mem_rdata: 00000000, mem_wdata: 003fbb6f
ClkCycle:       8401, pc_rdata: 00008158, pc_wdata: 0000815c, insn: 03955793, mode: 3, rs1_addr: 10, rs1_rdata: 00000001, rs2_addr: 25, rs2_rdata: 00000000, rd_addr: 15, rd_wdata: 00000000, mem_addr: 00000000, mem_rdata: 00000000, mem_wdata: 00000000
ClkCycle:       8402, pc_rdata: 0000815c, pc_wdata: 00008160, insn: 00f5e5b3, mode: 3, rs1_addr: 11, rs1_rdata: 00000000, rs2_addr: 15, rs2_rdata: 00000000, rd_addr: 11, rd_wdata: 00000000, mem_addr: 00000000, mem_rdata: 00000000, mem_wdata: 00000000
ClkCycle:       8403, pc_rdata: 00008160, pc_wdata: 00008164, insn: 0075d613, mode: 3, rs1_addr: 11, rs1_rdata: 00000000, rs2_addr:  7, rs2_rdata: 003fbb6f, rd_addr: 12, rd_wdata: 00000000, mem_addr: 00000000, mem_rdata: 00000000, mem_wdata: 003fbb6f
ClkCycle:       8404, pc_rdata: 00008164, pc_wdata: 00008168, insn: 0395d793, mode: 3, rs1_addr: 11, rs1_rdata: 00000000, rs2_addr: 25, rs2_rdata: 00000000, rd_addr: 15, rd_wdata: 00000000, mem_addr: 00000000, mem_rdata: 00000000, mem_wdata: 00000000
ClkCycle:       8405, pc_rdata: 00008168, pc_wdata: 0000816c, insn: 00f66633, mode: 3, rs1_addr: 12, rs1_rdata: 00000000, rs2_addr: 15, rs2_rdata: 00000000, rd_addr: 12, rd_wdata: 00000000, mem_addr: 00000000, mem_rdata: 00000000, mem_wdata: 00000000
ClkCycle:       8406, pc_rdata: 0000816c, pc_wdata: 00008170, insn: 00765693, mode: 3, rs1_addr: 12, rs1_rdata: 00000000, rs2_addr:  7, rs2_rdata: 003fbb6f, rd_addr: 13, rd_wdata: 00000000, mem_addr: 00000000, mem_rdata: 00000000, mem_wdata: 003fbb6f
ClkCycle:       8407, pc_rdata: 00008170, pc_wdata: 00008174, insn: 03965793, mode: 3, rs1_addr: 12, rs1_rdata: 00000000, rs2_addr: 25, rs2_rdata: 00000000, rd_addr: 15, rd_wdata: 00000000, mem_addr: 00000000, mem_rdata: 00000000, mem_wdata: 00000000
ClkCycle:       8408, pc_rdata: 00008174, pc_wdata: 00008178, insn: 00f6e6b3, mode: 3, rs1_addr: 13, rs1_rdata: 00000000, rs2_addr: 15, rs2_rdata: 00000000, rd_addr: 13, rd_wdata: 00000000, mem_addr: 00000000, mem_rdata: 00000000, mem_wdata: 00000000
ClkCycle:       8409, pc_rdata: 00008178, pc_wdata: 0000817c, insn: 00000013, mode: 3, rs1_addr:  0, rs1_rdata: 00000000, rs2_addr:  0, rs2_rdata: 00000000, rd_addr:  0, rd_wdata: 00000000, mem_addr: 00000000, mem_rdata: 00000000, mem_wdata: 00000000
ClkCycle:       8410, pc_rdata: 0000817c, pc_wdata: 00008180, insn: 00000013, mode: 3, rs1_addr:  0, rs1_rdata: 00000000, rs2_addr:  0, rs2_rdata: 00000000, rd_addr:  0, rd_wdata: 00000000, mem_addr: 00000000, mem_rdata: 00000000, mem_wdata: 00000000
ClkCycle:       8411, pc_rdata: 00008180, pc_wdata: 00008184, insn: 00003097, mode: 3, rs1_addr:  0, rs1_rdata: 00000000, rs2_addr:  0, rs2_rdata: 00000000, rd_addr:  1, rd_wdata: 0000b180, mem_addr: 0000b180, mem_rdata: 00000000, mem_wdata: 00000000
ClkCycle:       8412, pc_rdata: 00008184, pc_wdata: 00008188, insn: f9808093, mode: 3, rs1_addr:  1, rs1_rdata: feedbead, rs2_addr: 24, rs2_rdata: 0000007d, rd_addr:  1, rd_wdata: 0000b118, mem_addr: 0000b118, mem_rdata: 00000000, mem_wdata: 0000007d
ClkCycle:       8413, pc_rdata: 00008188, pc_wdata: 0000818c, insn: 00000013, mode: 3, rs1_addr:  0, rs1_rdata: 00000000, rs2_addr:  0, rs2_rdata: 00000000, rd_addr:  0, rd_wdata: 00000000, mem_addr: 00000000, mem_rdata: 00000000, mem_wdata: 00000000
ClkCycle:       8414, pc_rdata: 0000818c, pc_wdata: 00008190, insn: 00000013, mode: 3, rs1_addr:  0, rs1_rdata: 00000000, rs2_addr:  0, rs2_rdata: 00000000, rd_addr:  0, rd_wdata: 00000000, mem_addr: 00000000, mem_rdata: 00000000, mem_wdata: 00000000
ClkCycle:       8415, pc_rdata: 00008190, pc_wdata: 00008194, insn: 00000013, mode: 3, rs1_addr:  0, rs1_rdata: 00000000, rs2_addr:  0, rs2_rdata: 00000000, rd_addr:  0, rd_wdata: 00000000, mem_addr: 00000000, mem_rdata: 00000000, mem_wdata: 00000000
ClkCycle:       8416, pc_rdata: 00008194, pc_wdata: 00008198, insn: 00000013, mode: 3, rs1_addr:  0, rs1_rdata: 00000000, rs2_addr:  0, rs2_rdata: 00000000, rd_addr:  0, rd_wdata: 00000000, mem_addr: 00000000, mem_rdata: 00000000, mem_wdata: 00000000
ClkCycle:       8417, pc_rdata: 00008198, pc_wdata: 0000819c, insn: 00000013, mode: 3, rs1_addr:  0, rs1_rdata: 00000000, rs2_addr:  0, rs2_rdata: 00000000, rd_addr:  0, rd_wdata: 00000000, mem_addr: 00000000, mem_rdata: 00000000, mem_wdata: 00000000
ClkCycle:       8418, pc_rdata: 0000819c, pc_wdata: 000081a0, insn: 00000013, mode: 3, rs1_addr:  0, rs1_rdata: 00000000, rs2_addr:  0, rs2_rdata: 00000000, rd_addr:  0, rd_wdata: 00000000, mem_addr: 00000000, mem_rdata: 00000000, mem_wdata: 00000000
ClkCycle:       8419, pc_rdata: 000081a0, pc_wdata: 000081a4, insn: 10000113, mode: 3, rs1_addr:  0, rs1_rdata: 00000000, rs2_addr:  0, rs2_rdata: 00000000, rd_addr:  2, rd_wdata: 00000100, mem_addr: 00000100, mem_rdata: 00000000, mem_wdata: 00000000
ClkCycle:       8420, pc_rdata: 000081a4, pc_wdata: 000081a6, insn: b0236111, mode: 3, rs1_addr:  2, rs1_rdata: 7fffdfff, rs2_addr:  0, rs2_rdata: 00000000, rd_addr:  2, rd_wdata: 00000200, mem_addr: 00000200, mem_rdata: 00000000, mem_wdata: 00000000
ClkCycle:       8421, pc_rdata: 000081a6, pc_wdata: 000081aa, insn: b0236111, mode: 3, rs1_addr:  0, rs1_rdata: 00000000, rs2_addr:  0, rs2_rdata: 00000000, rd_addr:  0, rd_wdata: 00000000, mem_addr: 00000000, mem_rdata: 00000000, mem_wdata: 00000000
000000010000b118
ClkCycle:       8422, pc_rdata: 000081aa, pc_wdata: 000081ae, insn: 11130010, mode: 3, rs1_addr:  1, rs1_rdata: 0000b118, rs2_addr:  1, rs2_rdata: 0000b118, rd_addr:  0, rd_wdata: 0000b118, mem_addr: 0000b118, mem_rdata: 00000000, mem_wdata: 0000b118
ClkCycle:       8423, pc_rdata: 000081ae, pc_wdata: 000081b2, insn: 11130010, mode: 3, rs1_addr:  0, rs1_rdata: 00000000, rs2_addr:  0, rs2_rdata: 00000000, rd_addr:  0, rd_wdata: 00000000, mem_addr: 00000000, mem_rdata: 00000000, mem_wdata: 00000000
ClkCycle:       8424, pc_rdata: 000081b2, pc_wdata: 000081b6, insn: 0020b423, mode: 3, rs1_addr:  6, rs1_rdata: 1fddb7f7, rs2_addr:  2, rs2_rdata: 00000200, rd_addr:  2, rd_wdata: 7f76dfdc, mem_addr: 7f76dfdc, mem_rdata: 00000000, mem_wdata: 00000200
ClkCycle:       8425, pc_rdata: 000081b6, pc_wdata: 000081ba, insn: 0020b423, mode: 3, rs1_addr:  0, rs1_rdata: 00000000, rs2_addr:  0, rs2_rdata: 00000000, rd_addr:  0, rd_wdata: 00000000, mem_addr: 00000000, mem_rdata: 00000000, mem_wdata: 00000000
ClkCycle:       8426, pc_rdata: 000081ba, pc_wdata: 000081bc, insn: 02611113, mode: 3, rs1_addr:  2, rs1_rdata: 00000200, rs2_addr:  8, rs2_rdata: 00007f76, rd_addr:  8, rd_wdata: 7f76dfe4, mem_addr: 7f76dfe4, mem_rdata: 00000000, mem_wdata: 00007f76
ClkCycle:       8427, pc_rdata: 000081bc, pc_wdata: 000081c0, insn: 02611113, mode: 3, rs1_addr:  2, rs1_rdata: 7f76dfdc, rs2_addr:  6, rs2_rdata: 1fddb7f7, rd_addr:  2, rd_wdata: ddb7f700, mem_addr: ddb7f700, mem_rdata: 00000000, mem_wdata: 1fddb7f7
ClkCycle:       8428, pc_rdata: 000081c0, pc_wdata: 000081c4, insn: fff14113, mode: 3, rs1_addr:  2, rs1_rdata: 7f76dfdc, rs2_addr: 31, rs2_rdata: 00000000, rd_addr:  2, rd_wdata: 224808ff, mem_addr: 224808ff, mem_rdata: 00000000, mem_wdata: 00000000
ClkCycle:       8429, pc_rdata: 000081c4, pc_wdata: 000081c6, insn: b8236149, mode: 3, rs1_addr:  2, rs1_rdata: 7f76dfdc, rs2_addr: 16, rs2_rdata: 7d5bfddb, rd_addr:  2, rd_wdata: 2248098f, mem_addr: 2248098f, mem_rdata: 00000000, mem_wdata: 7d5bfddb
ClkCycle:       8430, pc_rdata: 000081c6, pc_wdata: 000081ca, insn: b8236149, mode: 3, rs1_addr:  0, rs1_rdata: 00000000, rs2_addr:  0, rs2_rdata: 00000000, rd_addr:  0, rd_wdata: 00000000, mem_addr: 00000000, mem_rdata: 00000000, mem_wdata: 00000000
0000000000000000
ClkCycle:       8431, pc_rdata: 000081ca, pc_wdata: 000081ce, insn: 7101ffe0, mode: 3, rs1_addr:  1, rs1_rdata: 0000b118, rs2_addr: 30, rs2_rdata: 00000000, rd_addr: 16, rd_wdata: 0000b108, mem_addr: 0000b108, mem_rdata: 00000000, mem_wdata: 00000000
ClkCycle:       8432, pc_rdata: 000081ce, pc_wdata: 000081d2, insn: 7101ffe0, mode: 3, rs1_addr:  0, rs1_rdata: 00000000, rs2_addr:  0, rs2_rdata: 00000000, rd_addr:  0, rd_wdata: 00000000, mem_addr: 00000000, mem_rdata: 00000000, mem_wdata: 00000000
ClkCycle:       8433, pc_rdata: 000081d2, pc_wdata: 000081d4, insn: fff00113, mode: 3, rs1_addr:  2, rs1_rdata: 2248098f, rs2_addr:  0, rs2_rdata: 00000000, rd_addr:  2, rd_wdata: 2248078f, mem_addr: 2248078f, mem_rdata: 00000000, mem_wdata: 00000000
ClkCycle:       8434, pc_rdata: 000081d4, pc_wdata: 000081d8, insn: fff00113, mode: 3, rs1_addr:  0, rs1_rdata: 00000000, rs2_addr: 31, rs2_rdata: 00000000, rd_addr:  2, rd_wdata: ffffffff, mem_addr: ffffffff, mem_rdata: 00000000, mem_wdata: 00000000
ClkCycle:       8435, pc_rdata: 000081d8, pc_wdata: 000081dc, insn: 03f11113, mode: 3, rs1_addr:  2, rs1_rdata: 2248098f, rs2_addr: 31, rs2_rdata: 00000000, rd_addr:  2, rd_wdata: 80000000, mem_addr: 80000000, mem_rdata: 00000000, mem_wdata: 00000000
ClkCycle:       8436, pc_rdata: 000081dc, pc_wdata: 000081de, insn: b0236141, mode: 3, rs1_addr:  2, rs1_rdata: 2248078f, rs2_addr: 16, rs2_rdata: 7d5bfddb, rd_addr:  2, rd_wdata: 80000010, mem_addr: 80000010, mem_rdata: 00000000, mem_wdata: 7d5bfddb
ClkCycle:       8437, pc_rdata: 000081de, pc_wdata: 000081e2, insn: b0236141, mode: 3, rs1_addr:  0, rs1_rdata: 00000000, rs2_addr:  0, rs2_rdata: 00000000, rd_addr:  0, rd_wdata: 00000000, mem_addr: 00000000, mem_rdata: 00000000, mem_wdata: 00000000
0000000000000000
ClkCycle:       8438, pc_rdata: 000081e2, pc_wdata: 000081e6, insn: 61450000, mode: 3, rs1_addr:  1, rs1_rdata: 0000b118, rs2_addr:  0, rs2_rdata: 00000000, rd_addr:  0, rd_wdata: 0000b118, mem_addr: 0000b118, mem_rdata: 00000000, mem_wdata: 00000000
ClkCycle:       8439, pc_rdata: 000081e6, pc_wdata: 000081ea, insn: 61450000, mode: 3, rs1_addr:  0, rs1_rdata: 00000000, rs2_addr:  0, rs2_rdata: 00000000, rd_addr:  0, rd_wdata: 00000000, mem_addr: 00000000, mem_rdata: 00000000, mem_wdata: 00000000
ClkCycle:       8440, pc_rdata: 000081ea, pc_wdata: 000081ec, insn: fff00113, mode: 3, rs1_addr:  2, rs1_rdata: 80000010, rs2_addr: 16, rs2_rdata: 7d5bfddb, rd_addr:  2, rd_wdata: 80000040, mem_addr: 80000040, mem_rdata: 00000000, mem_wdata: 7d5bfddb
ClkCycle:       8441, pc_rdata: 000081ec, pc_wdata: 000081f0, insn: fff00113, mode: 3, rs1_addr:  0, rs1_rdata: 00000000, rs2_addr: 31, rs2_rdata: 00000000, rd_addr:  2, rd_wdata: ffffffff, mem_addr: ffffffff, mem_rdata: 00000000, mem_wdata: 00000000
ClkCycle:       8442, pc_rdata: 000081f0, pc_wdata: 000081f4, insn: 00115113, mode: 3, rs1_addr:  2, rs1_rdata: 80000010, rs2_addr:  1, rs2_rdata: 0000b118, rd_addr:  2, rd_wdata: 7fffffff, mem_addr: 7fffffff, mem_rdata: 00000000, mem_wdata: 0000b118
ClkCycle:       8443, pc_rdata: 000081f4, pc_wdata: 000081f6, insn: b8236149, mode: 3, rs1_addr:  2, rs1_rdata: 80000040, rs2_addr: 16, rs2_rdata: 7d5bfddb, rd_addr:  2, rd_wdata: 8000008f, mem_addr: 8000008f, mem_rdata: 00000000, mem_wdata: 7d5bfddb
ClkCycle:       8444, pc_rdata: 000081f6, pc_wdata: 000081fa, insn: b8236149, mode: 3, rs1_addr:  0, rs1_rdata: 00000000, rs2_addr:  0, rs2_rdata: 00000000, rd_addr:  0, rd_wdata: 00000000, mem_addr: 00000000, mem_rdata: 00000000, mem_wdata: 00000000
000000010000b118
ClkCycle:       8445, pc_rdata: 000081fa, pc_wdata: 000081fe, insn: 616d0010, mode: 3, rs1_addr:  1, rs1_rdata: 0000b118, rs2_addr:  1, rs2_rdata: 0000b118, rd_addr: 16, rd_wdata: 0000b128, mem_addr: 0000b128, mem_rdata: 00000000, mem_wdata: 0000b118
ClkCycle:       8446, pc_rdata: 000081fe, pc_wdata: 00008202, insn: 616d0010, mode: 3, rs1_addr:  0, rs1_rdata: 00000000, rs2_addr:  0, rs2_rdata: 00000000, rd_addr:  0, rd_wdata: 00000000, mem_addr: 00000000, mem_rdata: 00000000, mem_wdata: 00000000
ClkCycle:       8447, pc_rdata: 00008202, pc_wdata: 00008204, insn: 00100113, mode: 3, rs1_addr:  2, rs1_rdata: 8000008f, rs2_addr: 16, rs2_rdata: 7d5bfddb, rd_addr:  2, rd_wdata: 8000017f, mem_addr: 8000017f, mem_rdata: 00000000, mem_wdata: 7d5bfddb
ClkCycle:       8448, pc_rdata: 00008204, pc_wdata: 00008208, insn: 00100113, mode: 3, rs1_addr:  0, rs1_rdata: 00000000, rs2_addr:  1, rs2_rdata: 0000b118, rd_addr:  2, rd_wdata: 00000001, mem_addr: 00000001, mem_rdata: 00000000, mem_wdata: 0000b118
ClkCycle:       8449, pc_rdata: 00008208, pc_wdata: 0000820c, insn: 01011113, mode: 3, rs1_addr:  2, rs1_rdata: 8000008f, rs2_addr: 16, rs2_rdata: 7d5bfddb, rd_addr:  2, rd_wdata: 00010000, mem_addr: 00010000, mem_rdata: 00000000, mem_wdata: 7d5bfddb
ClkCycle:       8450, pc_rdata: 0000820c, pc_wdata: 00008210, insn: fff14113, mode: 3, rs1_addr:  2, rs1_rdata: 8000017f, rs2_addr: 31, rs2_rdata: 00000000, rd_addr:  2, rd_wdata: fffeffff, mem_addr: fffeffff, mem_rdata: 00000000, mem_wdata: 00000000
ClkCycle:       8451, pc_rdata: 00008210, pc_wdata: 00008212, insn: b023617d, mode: 3, rs1_addr:  2, rs1_rdata: 00000001, rs2_addr: 16, rs2_rdata: 7d5bfddb, rd_addr:  2, rd_wdata: ffff01ef, mem_addr: ffff01ef, mem_rdata: 00000000, mem_wdata: 7d5bfddb
ClkCycle:       8452, pc_rdata: 00008212, pc_wdata: 00008216, insn: b023617d, mode: 3, rs1_addr:  0, rs1_rdata: 00000000, rs2_addr:  0, rs2_rdata: 00000000, rd_addr:  0, rd_wdata: 00000000, mem_addr: 00000000, mem_rdata: 00000000, mem_wdata: 00000000
00000000ffff01ef
ClkCycle:       8453, pc_rdata: 00008216, pc_wdata: 0000821a, insn: 61710020, mode: 3, rs1_addr:  1, rs1_rdata: 0000b118, rs2_addr:  2, rs2_rdata: fffeffff, rd_addr:  0, rd_wdata: 0000b118, mem_addr: 0000b118, mem_rdata: 00000000, mem_wdata: ffff01ef
ClkCycle:       8454, pc_rdata: 0000821a, pc_wdata: 0000821e, insn: 61710020, mode: 3, rs1_addr:  0, rs1_rdata: 00000000, rs2_addr:  0, rs2_rdata: 00000000, rd_addr:  0, rd_wdata: 00000000, mem_addr: 00000000, mem_rdata: 00000000, mem_wdata: 00000000
ClkCycle:       8455, pc_rdata: 0000821e, pc_wdata: 00008220, insn: 00400113, mode: 3, rs1_addr:  2, rs1_rdata: ffff01ef, rs2_addr: 16, rs2_rdata: 7d5bfddb, rd_addr:  2, rd_wdata: ffff033f, mem_addr: ffff033f, mem_rdata: 00000000, mem_wdata: 7d5bfddb
ClkCycle:       8456, pc_rdata: 00008220, pc_wdata: 00008224, insn: 00400113, mode: 3, rs1_addr:  0, rs1_rdata: 00000000, rs2_addr:  4, rs2_rdata: 6dfdffff, rd_addr:  2, rd_wdata: 00000004, mem_addr: 00000004, mem_rdata: 00000000, mem_wdata: 6dfdffff
ClkCycle:       8457, pc_rdata: 00008224, pc_wdata: 00008226, insn: b8237179, mode: 3, rs1_addr:  2, rs1_rdata: ffff01ef, rs2_addr: 16, rs2_rdata: 7d5bfddb, rd_addr:  2, rd_wdata: ffffffd4, mem_addr: ffffffd4, mem_rdata: 00000000, mem_wdata: 7d5bfddb
ClkCycle:       8458, pc_rdata: 00008226, pc_wdata: 0000822a, insn: b8237179, mode: 3, rs1_addr:  0, rs1_rdata: 00000000, rs2_addr:  0, rs2_rdata: 00000000, rd_addr:  0, rd_wdata: 00000000, mem_addr: 00000000, mem_rdata: 00000000, mem_wdata: 00000000
000000007f76dfe4
ClkCycle:       8459, pc_rdata: 0000822a, pc_wdata: 0000822e, insn: 61090080, mode: 3, rs1_addr:  1, rs1_rdata: 0000b118, rs2_addr:  8, rs2_rdata: 7f76dfe4, rd_addr: 16, rd_wdata: 0000b128, mem_addr: 0000b128, mem_rdata: 00000000, mem_wdata: 7f76dfe4
ClkCycle:       8460, pc_rdata: 0000822e, pc_wdata: 00008232, insn: 61090080, mode: 3, rs1_addr:  0, rs1_rdata: 00000000, rs2_addr:  0, rs2_rdata: 00000000, rd_addr:  0, rd_wdata: 00000000, mem_addr: 00000000, mem_rdata: 00000000, mem_wdata: 00000000
ClkCycle:       8461, pc_rdata: 00008232, pc_wdata: 00008234, insn: 01000113, mode: 3, rs1_addr:  2, rs1_rdata: ffffffd4, rs2_addr:  0, rs2_rdata: 00000000, rd_addr:  2, rd_wdata: 00000054, mem_addr: 00000054, mem_rdata: 00000000, mem_wdata: 00000000
ClkCycle:       8462, pc_rdata: 00008234, pc_wdata: 00008238, insn: 01000113, mode: 3, rs1_addr:  0, rs1_rdata: 00000000, rs2_addr: 16, rs2_rdata: 7d5bfddb, rd_addr:  2, rd_wdata: 00000010, mem_addr: 00000010, mem_rdata: 00000000, mem_wdata: 7d5bfddb
ClkCycle:       8463, pc_rdata: 00008238, pc_wdata: 0000823a, insn: b0236171, mode: 3, rs1_addr:  2, rs1_rdata: ffffffd4, rs2_addr: 16, rs2_rdata: 7d5bfddb, rd_addr:  2, rd_wdata: 00000160, mem_addr: 00000160, mem_rdata: 00000000, mem_wdata: 7d5bfddb
ClkCycle:       8464, pc_rdata: 0000823a, pc_wdata: 0000823e, insn: b0236171, mode: 3, rs1_addr:  0, rs1_rdata: 00000000, rs2_addr:  0, rs2_rdata: 00000000, rd_addr:  0, rd_wdata: 00000000, mem_addr: 00000000, mem_rdata: 00000000, mem_wdata: 00000000
0000000000000000
ClkCycle:       8465, pc_rdata: 0000823e, pc_wdata: 00008242, insn: 715d0200, mode: 3, rs1_addr:  1, rs1_rdata: 0000b118, rs2_addr:  0, rs2_rdata: 00000000, rd_addr:  0, rd_wdata: 0000b138, mem_addr: 0000b138, mem_rdata: 00000000, mem_wdata: 00000000
ClkCycle:       8466, pc_rdata: 00008242, pc_wdata: 00008246, insn: 715d0200, mode: 3, rs1_addr:  0, rs1_rdata: 00000000, rs2_addr:  0, rs2_rdata: 00000000, rd_addr:  0, rd_wdata: 00000000, mem_addr: 00000000, mem_rdata: 00000000, mem_wdata: 00000000
ClkCycle:       8467, pc_rdata: 00008246, pc_wdata: 00008248, insn: 04000113, mode: 3, rs1_addr:  2, rs1_rdata: 00000160, rs2_addr: 16, rs2_rdata: 7d5bfddb, rd_addr:  2, rd_wdata: 00000110, mem_addr: 00000110, mem_rdata: 00000000, mem_wdata: 7d5bfddb
ClkCycle:       8468, pc_rdata: 00008248, pc_wdata: 0000824c, insn: 04000113, mode: 3, rs1_addr:  0, rs1_rdata: 00000000, rs2_addr:  0, rs2_rdata: 00000000, rd_addr:  2, rd_wdata: 00000040, mem_addr: 00000040, mem_rdata: 00000000, mem_wdata: 00000000
ClkCycle:       8469, pc_rdata: 0000824c, pc_wdata: 0000824e, insn: b823617d, mode: 3, rs1_addr:  2, rs1_rdata: 00000160, rs2_addr: 16, rs2_rdata: 7d5bfddb, rd_addr:  2, rd_wdata: 00000230, mem_addr: 00000230, mem_rdata: 00000000, mem_wdata: 7d5bfddb
ClkCycle:       8470, pc_rdata: 0000824e, pc_wdata: 00008252, insn: b823617d, mode: 3, rs1_addr:  0, rs1_rdata: 00000000, rs2_addr:  0, rs2_rdata: 00000000, rd_addr:  0, rd_wdata: 00000000, mem_addr: 00000000, mem_rdata: 00000000, mem_wdata: 00000000
0000000000000000
ClkCycle:       8471, pc_rdata: 00008252, pc_wdata: 00008256, insn: 617d0800, mode: 3, rs1_addr:  1, rs1_rdata: 0000b118, rs2_addr:  0, rs2_rdata: 00000000, rd_addr: 16, rd_wdata: 0000b1a8, mem_addr: 0000b1a8, mem_rdata: 00000000, mem_wdata: 00000000
ClkCycle:       8472, pc_rdata: 00008256, pc_wdata: 0000825a, insn: 617d0800, mode: 3, rs1_addr:  0, rs1_rdata: 00000000, rs2_addr:  0, rs2_rdata: 00000000, rd_addr:  0, rd_wdata: 00000000, mem_addr: 00000000, mem_rdata: 00000000, mem_wdata: 00000000
ClkCycle:       8473, pc_rdata: 0000825a, pc_wdata: 0000825c, insn: 20000113, mode: 3, rs1_addr:  2, rs1_rdata: 00000230, rs2_addr: 16, rs2_rdata: 7d5bfddb, rd_addr:  2, rd_wdata: 00000420, mem_addr: 00000420, mem_rdata: 00000000, mem_wdata: 7d5bfddb
ClkCycle:       8474, pc_rdata: 0000825c, pc_wdata: 00008260, insn: 20000113, mode: 3, rs1_addr:  0, rs1_rdata: 00000000, rs2_addr:  0, rs2_rdata: 00000000, rd_addr:  2, rd_wdata: 00000200, mem_addr: 00000200, mem_rdata: 00000000, mem_wdata: 00000000
ClkCycle:       8475, pc_rdata: 00008260, pc_wdata: 00008262, insn: b0236161, mode: 3, rs1_addr:  2, rs1_rdata: 00000230, rs2_addr: 16, rs2_rdata: 7d5bfddb, rd_addr:  2, rd_wdata: 00000250, mem_addr: 00000250, mem_rdata: 00000000, mem_wdata: 7d5bfddb
ClkCycle:       8476, pc_rdata: 00008262, pc_wdata: 00008266, insn: b0236161, mode: 3, rs1_addr:  0, rs1_rdata: 00000000, rs2_addr:  0, rs2_rdata: 00000000, rd_addr:  0, rd_wdata: 00000000, mem_addr: 00000000, mem_rdata: 00000000, mem_wdata: 00000000
0000000000000000
ClkCycle:       8477, pc_rdata: 00008266, pc_wdata: 0000826a, insn: 61214000, mode: 3, rs1_addr:  1, rs1_rdata: 0000b118, rs2_addr:  0, rs2_rdata: 00000000, rd_addr:  0, rd_wdata: 0000b518, mem_addr: 0000b518, mem_rdata: 00000000, mem_wdata: 00000000
ClkCycle:       8478, pc_rdata: 0000826a, pc_wdata: 0000826e, insn: 61214000, mode: 3, rs1_addr:  0, rs1_rdata: 00000000, rs2_addr:  0, rs2_rdata: 00000000, rd_addr:  0, rd_wdata: 00000000, mem_addr: 00000000, mem_rdata: 00000000, mem_wdata: 00000000
ClkCycle:       8479, pc_rdata: 0000826e, pc_wdata: 00008270, insn: 00100113, mode: 3, rs1_addr:  2, rs1_rdata: 00000250, rs2_addr:  0, rs2_rdata: 00000000, rd_addr:  2, rd_wdata: 00000290, mem_addr: 00000290, mem_rdata: 00000000, mem_wdata: 00000000
ClkCycle:       8480, pc_rdata: 00008270, pc_wdata: 00008274, insn: 00100113, mode: 3, rs1_addr:  0, rs1_rdata: 00000000, rs2_addr:  1, rs2_rdata: 0000b118, rd_addr:  2, rd_wdata: 00000001, mem_addr: 00000001, mem_rdata: 00000000, mem_wdata: 0000b118
ClkCycle:       8481, pc_rdata: 00008274, pc_wdata: 00008278, insn: 00b11113, mode: 3, rs1_addr:  2, rs1_rdata: 00000250, rs2_addr: 11, rs2_rdata: 00000000, rd_addr:  2, rd_wdata: 00000800, mem_addr: 00000800, mem_rdata: 00000000, mem_wdata: 00000000
ClkCycle:       8482, pc_rdata: 00008278, pc_wdata: 0000827a, insn: b823715d, mode: 3, rs1_addr:  2, rs1_rdata: 00000290, rs2_addr: 16, rs2_rdata: 7d5bfddb, rd_addr:  2, rd_wdata: 000007b0, mem_addr: 000007b0, mem_rdata: 00000000, mem_wdata: 7d5bfddb
ClkCycle:       8483, pc_rdata: 0000827a, pc_wdata: 0000827e, insn: b823715d, mode: 3, rs1_addr:  0, rs1_rdata: 00000000, rs2_addr:  0, rs2_rdata: 00000000, rd_addr:  0, rd_wdata: 00000000, mem_addr: 00000000, mem_rdata: 00000000, mem_wdata: 00000000
000000010000b118
ClkCycle:       8484, pc_rdata: 0000827e, pc_wdata: 00008282, insn: 11130010, mode: 3, rs1_addr:  1, rs1_rdata: 0000b118, rs2_addr:  1, rs2_rdata: 0000b118, rd_addr: 16, rd_wdata: 0000b128, mem_addr: 0000b128, mem_rdata: 00000000, mem_wdata: 0000b118
ClkCycle:       8485, pc_rdata: 00008282, pc_wdata: 00008286, insn: 11130010, mode: 3, rs1_addr:  0, rs1_rdata: 00000000, rs2_addr:  0, rs2_rdata: 00000000, rd_addr:  0, rd_wdata: 00000000, mem_addr: 00000000, mem_rdata: 00000000, mem_wdata: 00000000
ClkCycle:       8486, pc_rdata: 00008286, pc_wdata: 0000828a, insn: 0820bc23, mode: 3, rs1_addr:  6, rs1_rdata: 1fddb7f7, rs2_addr:  2, rs2_rdata: 000007b0, rd_addr:  2, rd_wdata: 7f76dfdc, mem_addr: 7f76dfdc, mem_rdata: 00000000, mem_wdata: 000007b0
ClkCycle:       8487, pc_rdata: 0000828a, pc_wdata: 0000828e, insn: 0820bc23, mode: 3, rs1_addr:  0, rs1_rdata: 00000000, rs2_addr:  0, rs2_rdata: 00000000, rd_addr:  0, rd_wdata: 00000000, mem_addr: 00000000, mem_rdata: 00000000, mem_wdata: 00000000
ClkCycle:       8488, pc_rdata: 0000828e, pc_wdata: 00008290, insn: 00d11113, mode: 3, rs1_addr:  2, rs1_rdata: 000007b0, rs2_addr: 24, rs2_rdata: 0000007d, rd_addr:  8, rd_wdata: 7f76dff4, mem_addr: 7f76dff4, mem_rdata: 00000000, mem_wdata: 0000007d
ClkCycle:       8489, pc_rdata: 00008290, pc_wdata: 00008294, insn: 00d11113, mode: 3, rs1_addr:  2, rs1_rdata: 7f76dfdc, rs2_addr: 13, rs2_rdata: 00000000, rd_addr:  2, rd_wdata: dbfb8000, mem_addr: dbfb8000, mem_rdata: 00000000, mem_wdata: 00000000
ClkCycle:       8490, pc_rdata: 00008294, pc_wdata: 00008296, insn: b0236109, mode: 3, rs1_addr:  2, rs1_rdata: 7f76dfdc, rs2_addr:  0, rs2_rdata: 00000000, rd_addr:  2, rd_wdata: dbfb8080, mem_addr: dbfb8080, mem_rdata: 00000000, mem_wdata: 00000000
ClkCycle:       8491, pc_rdata: 00008296, pc_wdata: 0000829a, insn: b0236109, mode: 3, rs1_addr:  0, rs1_rdata: 00000000, rs2_addr:  0, rs2_rdata: 00000000, rd_addr:  0, rd_wdata: 00000000, mem_addr: 00000000, mem_rdata: 00000000, mem_wdata: 00000000
000000010000b118
ClkCycle:       8492, pc_rdata: 0000829a, pc_wdata: 0000829e, insn: 11130010, mode: 3, rs1_addr:  1, rs1_rdata: 0000b118, rs2_addr:  1, rs2_rdata: 0000b118, rd_addr:  0, rd_wdata: 0000b118, mem_addr: 0000b118, mem_rdata: 00000000, mem_wdata: 0000b118
ClkCycle:       8493, pc_rdata: 0000829e, pc_wdata: 000082a2, insn: 11130010, mode: 3, rs1_addr:  0, rs1_rdata: 00000000, rs2_addr:  0, rs2_rdata: 00000000, rd_addr:  0, rd_wdata: 00000000, mem_addr: 00000000, mem_rdata: 00000000, mem_wdata: 00000000
ClkCycle:       8494, pc_rdata: 000082a2, pc_wdata: 000082a6, insn: 0a20b423, mode: 3, rs1_addr:  6, rs1_rdata: 1fddb7f7, rs2_addr:  2, rs2_rdata: dbfb8080, rd_addr:  2, rd_wdata: 7f76dfdc, mem_addr: 7f76dfdc, mem_rdata: 00000000, mem_wdata: dbfb8080
ClkCycle:       8495, pc_rdata: 000082a6, pc_wdata: 000082aa, insn: 0a20b423, mode: 3, rs1_addr:  0, rs1_rdata: 00000000, rs2_addr:  0, rs2_rdata: 00000000, rd_addr:  0, rd_wdata: 00000000, mem_addr: 00000000, mem_rdata: 00000000, mem_wdata: 00000000
ClkCycle:       8496, pc_rdata: 000082aa, pc_wdata: 000082ac, insn: 00f11113, mode: 3, rs1_addr:  2, rs1_rdata: dbfb8080, rs2_addr: 24, rs2_rdata: 0000007d, rd_addr:  8, rd_wdata: 7f76e0f4, mem_addr: 7f76e0f4, mem_rdata: 00000000, mem_wdata: 0000007d
ClkCycle:       8497, pc_rdata: 000082ac, pc_wdata: 000082b0, insn: 00f11113, mode: 3, rs1_addr:  2, rs1_rdata: 7f76dfdc, rs2_addr: 15, rs2_rdata: 00000000, rd_addr:  2, rd_wdata: 6fee0000, mem_addr: 6fee0000, mem_rdata: 00000000, mem_wdata: 00000000
ClkCycle:       8498, pc_rdata: 000082b0, pc_wdata: 000082b2, insn: b8236141, mode: 3, rs1_addr:  2, rs1_rdata: 7f76dfdc, rs2_addr: 16, rs2_rdata: 7d5bfddb, rd_addr:  2, rd_wdata: 6fee0010, mem_addr: 6fee0010, mem_rdata: 00000000, mem_wdata: 7d5bfddb
ClkCycle:       8499, pc_rdata: 000082b2, pc_wdata: 000082b6, insn: b8236141, mode: 3, rs1_addr:  0, rs1_rdata: 00000000, rs2_addr:  0, rs2_rdata: 00000000, rd_addr:  0, rd_wdata: 00000000, mem_addr: 00000000, mem_rdata: 00000000, mem_wdata: 00000000
000000010000b118
ClkCycle:       8500, pc_rdata: 000082b6, pc_wdata: 000082ba, insn: 11130010, mode: 3, rs1_addr:  1, rs1_rdata: 0000b118, rs2_addr:  1, rs2_rdata: 0000b118, rd_addr: 16, rd_wdata: 0000b128, mem_addr: 0000b128, mem_rdata: 00000000, mem_wdata: 0000b118
ClkCycle:       8501, pc_rdata: 000082ba, pc_wdata: 000082be, insn: 11130010, mode: 3, rs1_addr:  0, rs1_rdata: 00000000, rs2_addr:  0, rs2_rdata: 00000000, rd_addr:  0, rd_wdata: 00000000, mem_addr: 00000000, mem_rdata: 00000000, mem_wdata: 00000000
ClkCycle:       8502, pc_rdata: 000082be, pc_wdata: 000082c2, insn: 0a20bc23, mode: 3, rs1_addr:  6, rs1_rdata: 1fddb7f7, rs2_addr:  2, rs2_rdata: 6fee0010, rd_addr:  2, rd_wdata: 7f76dfdc, mem_addr: 7f76dfdc, mem_rdata: 00000000, mem_wdata: 6fee0010
ClkCycle:       8503, pc_rdata: 000082c2, pc_wdata: 000082c6, insn: 0a20bc23, mode: 3, rs1_addr:  0, rs1_rdata: 00000000, rs2_addr:  0, rs2_rdata: 00000000, rd_addr:  0, rd_wdata: 00000000, mem_addr: 00000000, mem_rdata: 00000000, mem_wdata: 00000000
ClkCycle:       8504, pc_rdata: 000082c6, pc_wdata: 000082c8, insn: 01111113, mode: 3, rs1_addr:  2, rs1_rdata: 6fee0010, rs2_addr: 24, rs2_rdata: 0000007d, rd_addr:  8, rd_wdata: 7f76e0f4, mem_addr: 7f76e0f4, mem_rdata: 00000000, mem_wdata: 0000007d
ClkCycle:       8505, pc_rdata: 000082c8, pc_wdata: 000082cc, insn: 01111113, mode: 3, rs1_addr:  2, rs1_rdata: 7f76dfdc, rs2_addr: 17, rs2_rdata: edffffff, rd_addr:  2, rd_wdata: bfb80000, mem_addr: bfb80000, mem_rdata: 00000000, mem_wdata: edffffff
ClkCycle:       8506, pc_rdata: 000082cc, pc_wdata: 000082ce, insn: b0236111, mode: 3, rs1_addr:  2, rs1_rdata: 7f76dfdc, rs2_addr:  0, rs2_rdata: 00000000, rd_addr:  2, rd_wdata: bfb80100, mem_addr: bfb80100, mem_rdata: 00000000, mem_wdata: 00000000
ClkCycle:       8507, pc_rdata: 000082ce, pc_wdata: 000082d2, insn: b0236111, mode: 3, rs1_addr:  0, rs1_rdata: 00000000, rs2_addr:  0, rs2_rdata: 00000000, rd_addr:  0, rd_wdata: 00000000, mem_addr: 00000000, mem_rdata: 00000000, mem_wdata: 00000000
000000010000b118
ClkCycle:       8508, pc_rdata: 000082d2, pc_wdata: 000082d6, insn: 11130010, mode: 3, rs1_addr:  1, rs1_rdata: 0000b118, rs2_addr:  1, rs2_rdata: 0000b118, rd_addr:  0, rd_wdata: 0000b118, mem_addr: 0000b118, mem_rdata: 00000000, mem_wdata: 0000b118
ClkCycle:       8509, pc_rdata: 000082d6, pc_wdata: 000082da, insn: 11130010, mode: 3, rs1_addr:  0, rs1_rdata: 00000000, rs2_addr:  0, rs2_rdata: 00000000, rd_addr:  0, rd_wdata: 00000000, mem_addr: 00000000, mem_rdata: 00000000, mem_wdata: 00000000
ClkCycle:       8510, pc_rdata: 000082da, pc_wdata: 000082de, insn: 0c20b423, mode: 3, rs1_addr:  6, rs1_rdata: 1fddb7f7, rs2_addr:  2, rs2_rdata: bfb80100, rd_addr:  2, rd_wdata: 7f76dfdc, mem_addr: 7f76dfdc, mem_rdata: 00000000, mem_wdata: bfb80100
ClkCycle:       8511, pc_rdata: 000082de, pc_wdata: 000082e2, insn: 0c20b423, mode: 3, rs1_addr:  0, rs1_rdata: 00000000, rs2_addr:  0, rs2_rdata: 00000000, rd_addr:  0, rd_wdata: 00000000, mem_addr: 00000000, mem_rdata: 00000000, mem_wdata: 00000000
ClkCycle:       8512, pc_rdata: 000082e2, pc_wdata: 000082e4, insn: 01311113, mode: 3, rs1_addr:  2, rs1_rdata: bfb80100, rs2_addr: 24, rs2_rdata: 0000007d, rd_addr:  8, rd_wdata: 7f76e1f4, mem_addr: 7f76e1f4, mem_rdata: 00000000, mem_wdata: 0000007d
ClkCycle:       8513, pc_rdata: 000082e4, pc_wdata: 000082e8, insn: 01311113, mode: 3, rs1_addr:  2, rs1_rdata: 7f76dfdc, rs2_addr: 19, rs2_rdata: dfffb7ff, rd_addr:  2, rd_wdata: fee00000, mem_addr: fee00000, mem_rdata: 00000000, mem_wdata: dfffb7ff
ClkCycle:       8514, pc_rdata: 000082e8, pc_wdata: 000082ea, insn: b8236161, mode: 3, rs1_addr:  2, rs1_rdata: 7f76dfdc, rs2_addr: 16, rs2_rdata: 7d5bfddb, rd_addr:  2, rd_wdata: fee00050, mem_addr: fee00050, mem_rdata: 00000000, mem_wdata: 7d5bfddb
ClkCycle:       8515, pc_rdata: 000082ea, pc_wdata: 000082ee, insn: b8236161, mode: 3, rs1_addr:  0, rs1_rdata: 00000000, rs2_addr:  0, rs2_rdata: 00000000, rd_addr:  0, rd_wdata: 00000000, mem_addr: 00000000, mem_rdata: 00000000, mem_wdata: 00000000
000000010000b118
ClkCycle:       8516, pc_rdata: 000082ee, pc_wdata: 000082f2, insn: 11130010, mode: 3, rs1_addr:  1, rs1_rdata: 0000b118, rs2_addr:  1, rs2_rdata: 0000b118, rd_addr: 16, rd_wdata: 0000b128, mem_addr: 0000b128, mem_rdata: 00000000, mem_wdata: 0000b118
ClkCycle:       8517, pc_rdata: 000082f2, pc_wdata: 000082f6, insn: 11130010, mode: 3, rs1_addr:  0, rs1_rdata: 00000000, rs2_addr:  0, rs2_rdata: 00000000, rd_addr:  0, rd_wdata: 00000000, mem_addr: 00000000, mem_rdata: 00000000, mem_wdata: 00000000
ClkCycle:       8518, pc_rdata: 000082f6, pc_wdata: 000082fa, insn: 0c20bc23, mode: 3, rs1_addr:  6, rs1_rdata: 1fddb7f7, rs2_addr:  2, rs2_rdata: fee00050, rd_addr:  2, rd_wdata: 7f76dfdc, mem_addr: 7f76dfdc, mem_rdata: 00000000, mem_wdata: fee00050
ClkCycle:       8519, pc_rdata: 000082fa, pc_wdata: 000082fe, insn: 0c20bc23, mode: 3, rs1_addr:  0, rs1_rdata: 00000000, rs2_addr:  0, rs2_rdata: 00000000, rd_addr:  0, rd_wdata: 00000000, mem_addr: 00000000, mem_rdata: 00000000, mem_wdata: 00000000
ClkCycle:       8520, pc_rdata: 000082fe, pc_wdata: 00008300, insn: 01611113, mode: 3, rs1_addr:  2, rs1_rdata: fee00050, rs2_addr: 24, rs2_rdata: 0000007d, rd_addr:  8, rd_wdata: 7f76e1f4, mem_addr: 7f76e1f4, mem_rdata: 00000000, mem_wdata: 0000007d
ClkCycle:       8521, pc_rdata: 00008300, pc_wdata: 00008304, insn: 01611113, mode: 3, rs1_addr:  2, rs1_rdata: 7f76dfdc, rs2_addr: 22, rs2_rdata: 001f56ff, rd_addr:  2, rd_wdata: f7000000, mem_addr: f7000000, mem_rdata: 00000000, mem_wdata: 001f56ff
ClkCycle:       8522, pc_rdata: 00008304, pc_wdata: 00008306, insn: b0236125, mode: 3, rs1_addr:  2, rs1_rdata: 7f76dfdc, rs2_addr:  0, rs2_rdata: 00000000, rd_addr:  2, rd_wdata: f7000060, mem_addr: f7000060, mem_rdata: 00000000, mem_wdata: 00000000
ClkCycle:       8523, pc_rdata: 00008306, pc_wdata: 0000830a, insn: b0236125, mode: 3, rs1_addr:  0, rs1_rdata: 00000000, rs2_addr:  0, rs2_rdata: 00000000, rd_addr:  0, rd_wdata: 00000000, mem_addr: 00000000, mem_rdata: 00000000, mem_wdata: 00000000
000000010000b118
ClkCycle:       8524, pc_rdata: 0000830a, pc_wdata: 0000830e, insn: 11130010, mode: 3, rs1_addr:  1, rs1_rdata: 0000b118, rs2_addr:  1, rs2_rdata: 0000b118, rd_addr:  0, rd_wdata: 0000b118, mem_addr: 0000b118, mem_rdata: 00000000, mem_wdata: 0000b118
ClkCycle:       8525, pc_rdata: 0000830e, pc_wdata: 00008312, insn: 11130010, mode: 3, rs1_addr:  0, rs1_rdata: 00000000, rs2_addr:  0, rs2_rdata: 00000000, rd_addr:  0, rd_wdata: 00000000, mem_addr: 00000000, mem_rdata: 00000000, mem_wdata: 00000000
ClkCycle:       8526, pc_rdata: 00008312, pc_wdata: 00008316, insn: 0e20b423, mode: 3, rs1_addr:  6, rs1_rdata: 1fddb7f7, rs2_addr:  2, rs2_rdata: f7000060, rd_addr:  2, rd_wdata: 7f76dfdc, mem_addr: 7f76dfdc, mem_rdata: 00000000, mem_wdata: f7000060
ClkCycle:       8527, pc_rdata: 00008316, pc_wdata: 0000831a, insn: 0e20b423, mode: 3, rs1_addr:  0, rs1_rdata: 00000000, rs2_addr:  0, rs2_rdata: 00000000, rd_addr:  0, rd_wdata: 00000000, mem_addr: 00000000, mem_rdata: 00000000, mem_wdata: 00000000
ClkCycle:       8528, pc_rdata: 0000831a, pc_wdata: 0000831c, insn: 01811113, mode: 3, rs1_addr:  2, rs1_rdata: f7000060, rs2_addr: 24, rs2_rdata: 0000007d, rd_addr:  8, rd_wdata: 7f76e2f4, mem_addr: 7f76e2f4, mem_rdata: 00000000, mem_wdata: 0000007d
ClkCycle:       8529, pc_rdata: 0000831c, pc_wdata: 00008320, insn: 01811113, mode: 3, rs1_addr:  2, rs1_rdata: 7f76dfdc, rs2_addr: 24, rs2_rdata: 0000007d, rd_addr:  2, rd_wdata: dc000000, mem_addr: dc000000, mem_rdata: 00000000, mem_wdata: 0000007d
ClkCycle:       8530, pc_rdata: 00008320, pc_wdata: 00008322, insn: b823711d, mode: 3, rs1_addr:  2, rs1_rdata: 7f76dfdc, rs2_addr:  0, rs2_rdata: 00000000, rd_addr:  2, rd_wdata: dbffffa0, mem_addr: dbffffa0, mem_rdata: 00000000, mem_wdata: 00000000
ClkCycle:       8531, pc_rdata: 00008322, pc_wdata: 00008326, insn: b823711d, mode: 3, rs1_addr:  0, rs1_rdata: 00000000, rs2_addr:  0, rs2_rdata: 00000000, rd_addr:  0, rd_wdata: 00000000, mem_addr: 00000000, mem_rdata: 00000000, mem_wdata: 00000000
000000010000b118
ClkCycle:       8532, pc_rdata: 00008326, pc_wdata: 0000832a, insn: 11130010, mode: 3, rs1_addr:  1, rs1_rdata: 0000b118, rs2_addr:  1, rs2_rdata: 0000b118, rd_addr: 16, rd_wdata: 0000b128, mem_addr: 0000b128, mem_rdata: 00000000, mem_wdata: 0000b118
ClkCycle:       8533, pc_rdata: 0000832a, pc_wdata: 0000832e, insn: 11130010, mode: 3, rs1_addr:  0, rs1_rdata: 00000000, rs2_addr:  0, rs2_rdata: 00000000, rd_addr:  0, rd_wdata: 00000000, mem_addr: 00000000, mem_rdata: 00000000, mem_wdata: 00000000
ClkCycle:       8534, pc_rdata: 0000832e, pc_wdata: 00008332, insn: 0e20bc23, mode: 3, rs1_addr:  6, rs1_rdata: 1fddb7f7, rs2_addr:  2, rs2_rdata: dbffffa0, rd_addr:  2, rd_wdata: 7f76dfdc, mem_addr: 7f76dfdc, mem_rdata: 00000000, mem_wdata: dbffffa0
ClkCycle:       8535, pc_rdata: 00008332, pc_wdata: 00008336, insn: 0e20bc23, mode: 3, rs1_addr:  0, rs1_rdata: 00000000, rs2_addr:  0, rs2_rdata: 00000000, rd_addr:  0, rd_wdata: 00000000, mem_addr: 00000000, mem_rdata: 00000000, mem_wdata: 00000000
ClkCycle:       8536, pc_rdata: 00008336, pc_wdata: 00008338, insn: 01a11113, mode: 3, rs1_addr:  2, rs1_rdata: dbffffa0, rs2_addr: 24, rs2_rdata: 0000007d, rd_addr:  8, rd_wdata: 7f76e2f4, mem_addr: 7f76e2f4, mem_rdata: 00000000, mem_wdata: 0000007d
ClkCycle:       8537, pc_rdata: 00008338, pc_wdata: 0000833c, insn: 01a11113, mode: 3, rs1_addr:  2, rs1_rdata: 7f76dfdc, rs2_addr: 26, rs2_rdata: 00000000, rd_addr:  2, rd_wdata: 70000000, mem_addr: 70000000, mem_rdata: 00000000, mem_wdata: 00000000
ClkCycle:       8538, pc_rdata: 0000833c, pc_wdata: 0000833e, insn: b0236165, mode: 3, rs1_addr:  2, rs1_rdata: 7f76dfdc, rs2_addr: 16, rs2_rdata: 7d5bfddb, rd_addr:  2, rd_wdata: 70000070, mem_addr: 70000070, mem_rdata: 00000000, mem_wdata: 7d5bfddb
ClkCycle:       8539, pc_rdata: 0000833e, pc_wdata: 00008342, insn: b0236165, mode: 3, rs1_addr:  0, rs1_rdata: 00000000, rs2_addr:  0, rs2_rdata: 00000000, rd_addr:  0, rd_wdata: 00000000, mem_addr: 00000000, mem_rdata: 00000000, mem_wdata: 00000000
000000010000b118
ClkCycle:       8540, pc_rdata: 00008342, pc_wdata: 00008346, insn: 11130010, mode: 3, rs1_addr:  1, rs1_rdata: 0000b118, rs2_addr:  1, rs2_rdata: 0000b118, rd_addr:  0, rd_wdata: 0000b118, mem_addr: 0000b118, mem_rdata: 00000000, mem_wdata: 0000b118
ClkCycle:       8541, pc_rdata: 00008346, pc_wdata: 0000834a, insn: 11130010, mode: 3, rs1_addr:  0, rs1_rdata: 00000000, rs2_addr:  0, rs2_rdata: 00000000, rd_addr:  0, rd_wdata: 00000000, mem_addr: 00000000, mem_rdata: 00000000, mem_wdata: 00000000
ClkCycle:       8542, pc_rdata: 0000834a, pc_wdata: 0000834e, insn: 1020b423, mode: 3, rs1_addr:  6, rs1_rdata: 1fddb7f7, rs2_addr:  2, rs2_rdata: 70000070, rd_addr:  2, rd_wdata: 7f76dfdc, mem_addr: 7f76dfdc, mem_rdata: 00000000, mem_wdata: 70000070
ClkCycle:       8543, pc_rdata: 0000834e, pc_wdata: 00008352, insn: 1020b423, mode: 3, rs1_addr:  0, rs1_rdata: 00000000, rs2_addr:  0, rs2_rdata: 00000000, rd_addr:  0, rd_wdata: 00000000, mem_addr: 00000000, mem_rdata: 00000000, mem_wdata: 00000000
ClkCycle:       8544, pc_rdata: 00008352, pc_wdata: 00008354, insn: 01c11113, mode: 3, rs1_addr:  2, rs1_rdata: 70000070, rs2_addr:  8, rs2_rdata: 7f76e2f4, rd_addr:  8, rd_wdata: 7f76e004, mem_addr: 7f76e004, mem_rdata: 00000000, mem_wdata: 7f76e2f4
ClkCycle:       8545, pc_rdata: 00008354, pc_wdata: 00008358, insn: 01c11113, mode: 3, rs1_addr:  2, rs1_rdata: 7f76dfdc, rs2_addr: 28, rs2_rdata: 00000000, rd_addr:  2, rd_wdata: c0000000, mem_addr: c0000000, mem_rdata: 00000000, mem_wdata: 00000000
ClkCycle:       8546, pc_rdata: 00008358, pc_wdata: 0000835a, insn: b8237135, mode: 3, rs1_addr:  2, rs1_rdata: 7f76dfdc, rs2_addr:  0, rs2_rdata: 00000000, rd_addr:  2, rd_wdata: bfffff60, mem_addr: bfffff60, mem_rdata: 00000000, mem_wdata: 00000000
ClkCycle:       8547, pc_rdata: 0000835a, pc_wdata: 0000835e, insn: b8237135, mode: 3, rs1_addr:  0, rs1_rdata: 00000000, rs2_addr:  0, rs2_rdata: 00000000, rd_addr:  0, rd_wdata: 00000000, mem_addr: 00000000, mem_rdata: 00000000, mem_wdata: 00000000
000000010000b118
ClkCycle:       8548, pc_rdata: 0000835e, pc_wdata: 00008362, insn: 11130010, mode: 3, rs1_addr:  1, rs1_rdata: 0000b118, rs2_addr:  1, rs2_rdata: 0000b118, rd_addr: 16, rd_wdata: 0000b128, mem_addr: 0000b128, mem_rdata: 00000000, mem_wdata: 0000b118
ClkCycle:       8549, pc_rdata: 00008362, pc_wdata: 00008366, insn: 11130010, mode: 3, rs1_addr:  0, rs1_rdata: 00000000, rs2_addr:  0, rs2_rdata: 00000000, rd_addr:  0, rd_wdata: 00000000, mem_addr: 00000000, mem_rdata: 00000000, mem_wdata: 00000000
ClkCycle:       8550, pc_rdata: 00008366, pc_wdata: 0000836a, insn: 1020bc23, mode: 3, rs1_addr:  6, rs1_rdata: 1fddb7f7, rs2_addr:  2, rs2_rdata: bfffff60, rd_addr:  2, rd_wdata: 7f76dfdc, mem_addr: 7f76dfdc, mem_rdata: 00000000, mem_wdata: bfffff60
ClkCycle:       8551, pc_rdata: 0000836a, pc_wdata: 0000836e, insn: 1020bc23, mode: 3, rs1_addr:  0, rs1_rdata: 00000000, rs2_addr:  0, rs2_rdata: 00000000, rd_addr:  0, rd_wdata: 00000000, mem_addr: 00000000, mem_rdata: 00000000, mem_wdata: 00000000
ClkCycle:       8552, pc_rdata: 0000836e, pc_wdata: 00008370, insn: 01e11113, mode: 3, rs1_addr:  2, rs1_rdata: bfffff60, rs2_addr:  8, rs2_rdata: 7f76e004, rd_addr:  8, rd_wdata: 7f76e004, mem_addr: 7f76e004, mem_rdata: 00000000, mem_wdata: 7f76e004
ClkCycle:       8553, pc_rdata: 00008370, pc_wdata: 00008374, insn: 01e11113, mode: 3, rs1_addr:  2, rs1_rdata: 7f76dfdc, rs2_addr: 30, rs2_rdata: 00000000, rd_addr:  2, rd_wdata: 00000000, mem_addr: 00000000, mem_rdata: 00000000, mem_wdata: 00000000
ClkCycle:       8554, pc_rdata: 00008374, pc_wdata: 00008376, insn: b0237101, mode: 3, rs1_addr:  2, rs1_rdata: 7f76dfdc, rs2_addr:  0, rs2_rdata: 00000000, rd_addr:  2, rd_wdata: fffffe00, mem_addr: fffffe00, mem_rdata: 00000000, mem_wdata: 00000000
ClkCycle:       8555, pc_rdata: 00008376, pc_wdata: 0000837a, insn: b0237101, mode: 3, rs1_addr:  0, rs1_rdata: 00000000, rs2_addr:  0, rs2_rdata: 00000000, rd_addr:  0, rd_wdata: 00000000, mem_addr: 00000000, mem_rdata: 00000000, mem_wdata: 00000000
000000010000b118
ClkCycle:       8556, pc_rdata: 0000837a, pc_wdata: 0000837e, insn: 11130010, mode: 3, rs1_addr:  1, rs1_rdata: 0000b118, rs2_addr:  1, rs2_rdata: 0000b118, rd_addr:  0, rd_wdata: 0000b118, mem_addr: 0000b118, mem_rdata: 00000000, mem_wdata: 0000b118
ClkCycle:       8557, pc_rdata: 0000837e, pc_wdata: 00008382, insn: 11130010, mode: 3, rs1_addr:  0, rs1_rdata: 00000000, rs2_addr:  0, rs2_rdata: 00000000, rd_addr:  0, rd_wdata: 00000000, mem_addr: 00000000, mem_rdata: 00000000, mem_wdata: 00000000
ClkCycle:       8558, pc_rdata: 00008382, pc_wdata: 00008386, insn: 1220b423, mode: 3, rs1_addr:  6, rs1_rdata: 1fddb7f7, rs2_addr:  2, rs2_rdata: fffffe00, rd_addr:  2, rd_wdata: 7f76dfdc, mem_addr: 7f76dfdc, mem_rdata: 00000000, mem_wdata: fffffe00
ClkCycle:       8559, pc_rdata: 00008386, pc_wdata: 0000838a, insn: 1220b423, mode: 3, rs1_addr:  0, rs1_rdata: 00000000, rs2_addr:  0, rs2_rdata: 00000000, rd_addr:  0, rd_wdata: 00000000, mem_addr: 00000000, mem_rdata: 00000000, mem_wdata: 00000000
ClkCycle:       8560, pc_rdata: 0000838a, pc_wdata: 0000838c, insn: 02011113, mode: 3, rs1_addr:  2, rs1_rdata: fffffe00, rs2_addr:  8, rs2_rdata: 7f76e004, rd_addr:  8, rd_wdata: 7f76e104, mem_addr: 7f76e104, mem_rdata: 00000000, mem_wdata: 7f76e004
ClkCycle:       8561, pc_rdata: 0000838c, pc_wdata: 00008390, insn: 02011113, mode: 3, rs1_addr:  2, rs1_rdata: 7f76dfdc, rs2_addr:  0, rs2_rdata: 00000000, rd_addr:  2, rd_wdata: 7f76dfdc, mem_addr: 7f76dfdc, mem_rdata: 00000000, mem_wdata: 00000000
ClkCycle:       8562, pc_rdata: 00008390, pc_wdata: 00008392, insn: b8236105, mode: 3, rs1_addr:  2, rs1_rdata: 7f76dfdc, rs2_addr:  0, rs2_rdata: 00000000, rd_addr:  2, rd_wdata: 7f76dffc, mem_addr: 7f76dffc, mem_rdata: 00000000, mem_wdata: 00000000
ClkCycle:       8563, pc_rdata: 00008392, pc_wdata: 00008396, insn: b8236105, mode: 3, rs1_addr:  0, rs1_rdata: 00000000, rs2_addr:  0, rs2_rdata: 00000000, rd_addr:  0, rd_wdata: 00000000, mem_addr: 00000000, mem_rdata: 00000000, mem_wdata: 00000000
000000010000b118
ClkCycle:       8564, pc_rdata: 00008396, pc_wdata: 0000839a, insn: 11130010, mode: 3, rs1_addr:  1, rs1_rdata: 0000b118, rs2_addr:  1, rs2_rdata: 0000b118, rd_addr: 16, rd_wdata: 0000b128, mem_addr: 0000b128, mem_rdata: 00000000, mem_wdata: 0000b118
ClkCycle:       8565, pc_rdata: 0000839a, pc_wdata: 0000839e, insn: 11130010, mode: 3, rs1_addr:  0, rs1_rdata: 00000000, rs2_addr:  0, rs2_rdata: 00000000, rd_addr:  0, rd_wdata: 00000000, mem_addr: 00000000, mem_rdata: 00000000, mem_wdata: 00000000
ClkCycle:       8566, pc_rdata: 0000839e, pc_wdata: 000083a2, insn: 1220bc23, mode: 3, rs1_addr:  6, rs1_rdata: 1fddb7f7, rs2_addr:  2, rs2_rdata: 7f76dffc, rd_addr:  2, rd_wdata: 7f76dfdc, mem_addr: 7f76dfdc, mem_rdata: 00000000, mem_wdata: 7f76dffc
ClkCycle:       8567, pc_rdata: 000083a2, pc_wdata: 000083a6, insn: 1220bc23, mode: 3, rs1_addr:  0, rs1_rdata: 00000000, rs2_addr:  0, rs2_rdata: 00000000, rd_addr:  0, rd_wdata: 00000000, mem_addr: 00000000, mem_rdata: 00000000, mem_wdata: 00000000
ClkCycle:       8568, pc_rdata: 000083a6, pc_wdata: 000083a8, insn: 02211113, mode: 3, rs1_addr:  2, rs1_rdata: 7f76dffc, rs2_addr:  8, rs2_rdata: 7f76e104, rd_addr:  8, rd_wdata: 7f76e104, mem_addr: 7f76e104, mem_rdata: 00000000, mem_wdata: 7f76e104
ClkCycle:       8569, pc_rdata: 000083a8, pc_wdata: 000083ac, insn: 02211113, mode: 3, rs1_addr:  2, rs1_rdata: 7f76dfdc, rs2_addr:  2, rs2_rdata: 7f76dfdc, rd_addr:  2, rd_wdata: fddb7f70, mem_addr: fddb7f70, mem_rdata: 00000000, mem_wdata: 7f76dfdc
ClkCycle:       8570, pc_rdata: 000083ac, pc_wdata: 000083ae, insn: b0237139, mode: 3, rs1_addr:  2, rs1_rdata: 7f76dfdc, rs2_addr:  0, rs2_rdata: 00000000, rd_addr:  2, rd_wdata: fddb7f30, mem_addr: fddb7f30, mem_rdata: 00000000, mem_wdata: 00000000
ClkCycle:       8571, pc_rdata: 000083ae, pc_wdata: 000083b2, insn: b0237139, mode: 3, rs1_addr:  0, rs1_rdata: 00000000, rs2_addr:  0, rs2_rdata: 00000000, rd_addr:  0, rd_wdata: 00000000, mem_addr: 00000000, mem_rdata: 00000000, mem_wdata: 00000000
000000010000b118
ClkCycle:       8572, pc_rdata: 000083b2, pc_wdata: 000083b6, insn: 11130010, mode: 3, rs1_addr:  1, rs1_rdata: 0000b118, rs2_addr:  1, rs2_rdata: 0000b118, rd_addr:  0, rd_wdata: 0000b118, mem_addr: 0000b118, mem_rdata: 00000000, mem_wdata: 0000b118
ClkCycle:       8573, pc_rdata: 000083b6, pc_wdata: 000083ba, insn: 11130010, mode: 3, rs1_addr:  0, rs1_rdata: 00000000, rs2_addr:  0, rs2_rdata: 00000000, rd_addr:  0, rd_wdata: 00000000, mem_addr: 00000000, mem_rdata: 00000000, mem_wdata: 00000000
ClkCycle:       8574, pc_rdata: 000083ba, pc_wdata: 000083be, insn: 1420b423, mode: 3, rs1_addr:  6, rs1_rdata: 1fddb7f7, rs2_addr:  2, rs2_rdata: fddb7f30, rd_addr:  2, rd_wdata: 7f76dfdc, mem_addr: 7f76dfdc, mem_rdata: 00000000, mem_wdata: fddb7f30
ClkCycle:       8575, pc_rdata: 000083be, pc_wdata: 000083c2, insn: 1420b423, mode: 3, rs1_addr:  0, rs1_rdata: 00000000, rs2_addr:  0, rs2_rdata: 00000000, rd_addr:  0, rd_wdata: 00000000, mem_addr: 00000000, mem_rdata: 00000000, mem_wdata: 00000000
ClkCycle:       8576, pc_rdata: 000083c2, pc_wdata: 000083c4, insn: 02411113, mode: 3, rs1_addr:  2, rs1_rdata: fddb7f30, rs2_addr:  8, rs2_rdata: 7f76e104, rd_addr:  8, rd_wdata: 7f76e204, mem_addr: 7f76e204, mem_rdata: 00000000, mem_wdata: 7f76e104
ClkCycle:       8577, pc_rdata: 000083c4, pc_wdata: 000083c8, insn: 02411113, mode: 3, rs1_addr:  2, rs1_rdata: 7f76dfdc, rs2_addr:  4, rs2_rdata: 6dfdffff, rd_addr:  2, rd_wdata: f76dfdc0, mem_addr: f76dfdc0, mem_rdata: 00000000, mem_wdata: 6dfdffff
ClkCycle:       8578, pc_rdata: 000083c8, pc_wdata: 000083ca, insn: b8236109, mode: 3, rs1_addr:  2, rs1_rdata: 7f76dfdc, rs2_addr:  0, rs2_rdata: 00000000, rd_addr:  2, rd_wdata: f76dfe40, mem_addr: f76dfe40, mem_rdata: 00000000, mem_wdata: 00000000
ClkCycle:       8579, pc_rdata: 000083ca, pc_wdata: 000083ce, insn: b8236109, mode: 3, rs1_addr:  0, rs1_rdata: 00000000, rs2_addr:  0, rs2_rdata: 00000000, rd_addr:  0, rd_wdata: 00000000, mem_addr: 00000000, mem_rdata: 00000000, mem_wdata: 00000000
000000010000b118
ClkCycle:       8580, pc_rdata: 000083ce, pc_wdata: 000083d2, insn: 11130010, mode: 3, rs1_addr:  1, rs1_rdata: 0000b118, rs2_addr:  1, rs2_rdata: 0000b118, rd_addr: 16, rd_wdata: 0000b128, mem_addr: 0000b128, mem_rdata: 00000000, mem_wdata: 0000b118
ClkCycle:       8581, pc_rdata: 000083d2, pc_wdata: 000083d6, insn: 11130010, mode: 3, rs1_addr:  0, rs1_rdata: 00000000, rs2_addr:  0, rs2_rdata: 00000000, rd_addr:  0, rd_wdata: 00000000, mem_addr: 00000000, mem_rdata: 00000000, mem_wdata: 00000000
ClkCycle:       8582, pc_rdata: 000083d6, pc_wdata: 000083da, insn: 1420bc23, mode: 3, rs1_addr:  6, rs1_rdata: 1fddb7f7, rs2_addr:  2, rs2_rdata: f76dfe40, rd_addr:  2, rd_wdata: 7f76dfdc, mem_addr: 7f76dfdc, mem_rdata: 00000000, mem_wdata: f76dfe40
ClkCycle:       8583, pc_rdata: 000083da, pc_wdata: 000083de, insn: 1420bc23, mode: 3, rs1_addr:  0, rs1_rdata: 00000000, rs2_addr:  0, rs2_rdata: 00000000, rd_addr:  0, rd_wdata: 00000000, mem_addr: 00000000, mem_rdata: 00000000, mem_wdata: 00000000
ClkCycle:       8584, pc_rdata: 000083de, pc_wdata: 000083e0, insn: 02611113, mode: 3, rs1_addr:  2, rs1_rdata: f76dfe40, rs2_addr:  8, rs2_rdata: 7f76e204, rd_addr:  8, rd_wdata: 7f76e204, mem_addr: 7f76e204, mem_rdata: 00000000, mem_wdata: 7f76e204
ClkCycle:       8585, pc_rdata: 000083e0, pc_wdata: 000083e4, insn: 02611113, mode: 3, rs1_addr:  2, rs1_rdata: 7f76dfdc, rs2_addr:  6, rs2_rdata: 1fddb7f7, rd_addr:  2, rd_wdata: ddb7f700, mem_addr: ddb7f700, mem_rdata: 00000000, mem_wdata: 1fddb7f7
ClkCycle:       8586, pc_rdata: 000083e4, pc_wdata: 000083e6, insn: b0237135, mode: 3, rs1_addr:  2, rs1_rdata: 7f76dfdc, rs2_addr:  0, rs2_rdata: 00000000, rd_addr:  2, rd_wdata: ddb7f660, mem_addr: ddb7f660, mem_rdata: 00000000, mem_wdata: 00000000
ClkCycle:       8587, pc_rdata: 000083e6, pc_wdata: 000083ea, insn: b0237135, mode: 3, rs1_addr:  0, rs1_rdata: 00000000, rs2_addr:  0, rs2_rdata: 00000000, rd_addr:  0, rd_wdata: 00000000, mem_addr: 00000000, mem_rdata: 00000000, mem_wdata: 00000000
000000010000b118
ClkCycle:       8588, pc_rdata: 000083ea, pc_wdata: 000083ee, insn: 11130010, mode: 3, rs1_addr:  1, rs1_rdata: 0000b118, rs2_addr:  1, rs2_rdata: 0000b118, rd_addr:  0, rd_wdata: 0000b118, mem_addr: 0000b118, mem_rdata: 00000000, mem_wdata: 0000b118
ClkCycle:       8589, pc_rdata: 000083ee, pc_wdata: 000083f2, insn: 11130010, mode: 3, rs1_addr:  0, rs1_rdata: 00000000, rs2_addr:  0, rs2_rdata: 00000000, rd_addr:  0, rd_wdata: 00000000, mem_addr: 00000000, mem_rdata: 00000000, mem_wdata: 00000000
ClkCycle:       8590, pc_rdata: 000083f2, pc_wdata: 000083f6, insn: 1620b423, mode: 3, rs1_addr:  6, rs1_rdata: 1fddb7f7, rs2_addr:  2, rs2_rdata: ddb7f660, rd_addr:  2, rd_wdata: 7f76dfdc, mem_addr: 7f76dfdc, mem_rdata: 00000000, mem_wdata: ddb7f660
ClkCycle:       8591, pc_rdata: 000083f6, pc_wdata: 000083fa, insn: 1620b423, mode: 3, rs1_addr:  0, rs1_rdata: 00000000, rs2_addr:  0, rs2_rdata: 00000000, rd_addr:  0, rd_wdata: 00000000, mem_addr: 00000000, mem_rdata: 00000000, mem_wdata: 00000000
ClkCycle:       8592, pc_rdata: 000083fa, pc_wdata: 000083fc, insn: 02811113, mode: 3, rs1_addr:  2, rs1_rdata: ddb7f660, rs2_addr:  8, rs2_rdata: 7f76e204, rd_addr:  8, rd_wdata: 7f76e304, mem_addr: 7f76e304, mem_rdata: 00000000, mem_wdata: 7f76e204
ClkCycle:       8593, pc_rdata: 000083fc, pc_wdata: 00008400, insn: 02811113, mode: 3, rs1_addr:  2, rs1_rdata: 7f76dfdc, rs2_addr:  8, rs2_rdata: 7f76e204, rd_addr:  2, rd_wdata: 76dfdc00, mem_addr: 76dfdc00, mem_rdata: 00000000, mem_wdata: 7f76e304
ClkCycle:       8594, pc_rdata: 00008400, pc_wdata: 00008402, insn: b8237139, mode: 3, rs1_addr:  2, rs1_rdata: 7f76dfdc, rs2_addr:  0, rs2_rdata: 00000000, rd_addr:  2, rd_wdata: 76dfdbc0, mem_addr: 76dfdbc0, mem_rdata: 00000000, mem_wdata: 00000000
ClkCycle:       8595, pc_rdata: 00008402, pc_wdata: 00008406, insn: b8237139, mode: 3, rs1_addr:  0, rs1_rdata: 00000000, rs2_addr:  0, rs2_rdata: 00000000, rd_addr:  0, rd_wdata: 00000000, mem_addr: 00000000, mem_rdata: 00000000, mem_wdata: 00000000
000000010000b118
ClkCycle:       8596, pc_rdata: 00008406, pc_wdata: 0000840a, insn: 11130010, mode: 3, rs1_addr:  1, rs1_rdata: 0000b118, rs2_addr:  1, rs2_rdata: 0000b118, rd_addr: 16, rd_wdata: 0000b128, mem_addr: 0000b128, mem_rdata: 00000000, mem_wdata: 0000b118
ClkCycle:       8597, pc_rdata: 0000840a, pc_wdata: 0000840e, insn: 11130010, mode: 3, rs1_addr:  0, rs1_rdata: 00000000, rs2_addr:  0, rs2_rdata: 00000000, rd_addr:  0, rd_wdata: 00000000, mem_addr: 00000000, mem_rdata: 00000000, mem_wdata: 00000000
ClkCycle:       8598, pc_rdata: 0000840e, pc_wdata: 00008412, insn: 1620bc23, mode: 3, rs1_addr:  6, rs1_rdata: 1fddb7f7, rs2_addr:  2, rs2_rdata: 76dfdbc0, rd_addr:  2, rd_wdata: 7f76dfdc, mem_addr: 7f76dfdc, mem_rdata: 00000000, mem_wdata: 76dfdbc0
ClkCycle:       8599, pc_rdata: 00008412, pc_wdata: 00008416, insn: 1620bc23, mode: 3, rs1_addr:  0, rs1_rdata: 00000000, rs2_addr:  0, rs2_rdata: 00000000, rd_addr:  0, rd_wdata: 00000000, mem_addr: 00000000, mem_rdata: 00000000, mem_wdata: 00000000
ClkCycle:       8600, pc_rdata: 00008416, pc_wdata: 00008418, insn: 02a11113, mode: 3, rs1_addr:  2, rs1_rdata: 76dfdbc0, rs2_addr:  8, rs2_rdata: 7f76e304, rd_addr:  8, rd_wdata: 7f76e304, mem_addr: 7f76e304, mem_rdata: 00000000, mem_wdata: 7f76e304
ClkCycle:       8601, pc_rdata: 00008418, pc_wdata: 0000841c, insn: 02a11113, mode: 3, rs1_addr:  2, rs1_rdata: 7f76dfdc, rs2_addr: 10, rs2_rdata: 00000001, rd_addr:  2, rd_wdata: db7f7000, mem_addr: db7f7000, mem_rdata: 00000000, mem_wdata: 00000001
ClkCycle:       8602, pc_rdata: 0000841c, pc_wdata: 0000841e, insn: b0236141, mode: 3, rs1_addr:  2, rs1_rdata: 7f76dfdc, rs2_addr: 16, rs2_rdata: 7d5bfddb, rd_addr:  2, rd_wdata: db7f7010, mem_addr: db7f7010, mem_rdata: 00000000, mem_wdata: 7d5bfddb
ClkCycle:       8603, pc_rdata: 0000841e, pc_wdata: 00008422, insn: b0236141, mode: 3, rs1_addr:  0, rs1_rdata: 00000000, rs2_addr:  0, rs2_rdata: 00000000, rd_addr:  0, rd_wdata: 00000000, mem_addr: 00000000, mem_rdata: 00000000, mem_wdata: 00000000
000000010000b118
ClkCycle:       8604, pc_rdata: 00008422, pc_wdata: 00008426, insn: 11130010, mode: 3, rs1_addr:  1, rs1_rdata: 0000b118, rs2_addr:  1, rs2_rdata: 0000b118, rd_addr:  0, rd_wdata: 0000b118, mem_addr: 0000b118, mem_rdata: 00000000, mem_wdata: 0000b118
ClkCycle:       8605, pc_rdata: 00008426, pc_wdata: 0000842a, insn: 11130010, mode: 3, rs1_addr:  0, rs1_rdata: 00000000, rs2_addr:  0, rs2_rdata: 00000000, rd_addr:  0, rd_wdata: 00000000, mem_addr: 00000000, mem_rdata: 00000000, mem_wdata: 00000000
ClkCycle:       8606, pc_rdata: 0000842a, pc_wdata: 0000842e, insn: 1820b423, mode: 3, rs1_addr:  6, rs1_rdata: 1fddb7f7, rs2_addr:  2, rs2_rdata: db7f7010, rd_addr:  2, rd_wdata: 7f76dfdc, mem_addr: 7f76dfdc, mem_rdata: 00000000, mem_wdata: db7f7010
ClkCycle:       8607, pc_rdata: 0000842e, pc_wdata: 00008432, insn: 1820b423, mode: 3, rs1_addr:  0, rs1_rdata: 00000000, rs2_addr:  0, rs2_rdata: 00000000, rd_addr:  0, rd_wdata: 00000000, mem_addr: 00000000, mem_rdata: 00000000, mem_wdata: 00000000
ClkCycle:       8608, pc_rdata: 00008432, pc_wdata: 00008434, insn: 02c11113, mode: 3, rs1_addr:  2, rs1_rdata: db7f7010, rs2_addr: 24, rs2_rdata: 0000007d, rd_addr:  8, rd_wdata: 7f76e014, mem_addr: 7f76e014, mem_rdata: 00000000, mem_wdata: 0000007d
ClkCycle:       8609, pc_rdata: 00008434, pc_wdata: 00008438, insn: 02c11113, mode: 3, rs1_addr:  2, rs1_rdata: 7f76dfdc, rs2_addr: 12, rs2_rdata: 00000000, rd_addr:  2, rd_wdata: 6dfdc000, mem_addr: 6dfdc000, mem_rdata: 00000000, mem_wdata: 00000000
ClkCycle:       8610, pc_rdata: 00008438, pc_wdata: 0000843a, insn: b823617d, mode: 3, rs1_addr:  2, rs1_rdata: 7f76dfdc, rs2_addr: 16, rs2_rdata: 7d5bfddb, rd_addr:  2, rd_wdata: 6dfdc1f0, mem_addr: 6dfdc1f0, mem_rdata: 00000000, mem_wdata: 7d5bfddb
ClkCycle:       8611, pc_rdata: 0000843a, pc_wdata: 0000843e, insn: b823617d, mode: 3, rs1_addr:  0, rs1_rdata: 00000000, rs2_addr:  0, rs2_rdata: 00000000, rd_addr:  0, rd_wdata: 00000000, mem_addr: 00000000, mem_rdata: 00000000, mem_wdata: 00000000
000000010000b118
ClkCycle:       8612, pc_rdata: 0000843e, pc_wdata: 00008442, insn: 11130010, mode: 3, rs1_addr:  1, rs1_rdata: 0000b118, rs2_addr:  1, rs2_rdata: 0000b118, rd_addr: 16, rd_wdata: 0000b128, mem_addr: 0000b128, mem_rdata: 00000000, mem_wdata: 0000b118
ClkCycle:       8613, pc_rdata: 00008442, pc_wdata: 00008446, insn: 11130010, mode: 3, rs1_addr:  0, rs1_rdata: 00000000, rs2_addr:  0, rs2_rdata: 00000000, rd_addr:  0, rd_wdata: 00000000, mem_addr: 00000000, mem_rdata: 00000000, mem_wdata: 00000000
ClkCycle:       8614, pc_rdata: 00008446, pc_wdata: 0000844a, insn: 1820bc23, mode: 3, rs1_addr:  6, rs1_rdata: 1fddb7f7, rs2_addr:  2, rs2_rdata: 6dfdc1f0, rd_addr:  2, rd_wdata: 7f76dfdc, mem_addr: 7f76dfdc, mem_rdata: 00000000, mem_wdata: 6dfdc1f0
ClkCycle:       8615, pc_rdata: 0000844a, pc_wdata: 0000844e, insn: 1820bc23, mode: 3, rs1_addr:  0, rs1_rdata: 00000000, rs2_addr:  0, rs2_rdata: 00000000, rd_addr:  0, rd_wdata: 00000000, mem_addr: 00000000, mem_rdata: 00000000, mem_wdata: 00000000
ClkCycle:       8616, pc_rdata: 0000844e, pc_wdata: 00008450, insn: 02e11113, mode: 3, rs1_addr:  2, rs1_rdata: 6dfdc1f0, rs2_addr: 24, rs2_rdata: 0000007d, rd_addr:  8, rd_wdata: 7f76e014, mem_addr: 7f76e014, mem_rdata: 00000000, mem_wdata: 0000007d
ClkCycle:       8617, pc_rdata: 00008450, pc_wdata: 00008454, insn: 02e11113, mode: 3, rs1_addr:  2, rs1_rdata: 7f76dfdc, rs2_addr: 14, rs2_rdata: 00000000, rd_addr:  2, rd_wdata: b7f70000, mem_addr: b7f70000, mem_rdata: 00000000, mem_wdata: 00000000
ClkCycle:       8618, pc_rdata: 00008454, pc_wdata: 00008456, insn: b0236145, mode: 3, rs1_addr:  2, rs1_rdata: 7f76dfdc, rs2_addr: 16, rs2_rdata: 7d5bfddb, rd_addr:  2, rd_wdata: b7f70030, mem_addr: b7f70030, mem_rdata: 00000000, mem_wdata: 7d5bfddb
ClkCycle:       8619, pc_rdata: 00008456, pc_wdata: 0000845a, insn: b0236145, mode: 3, rs1_addr:  0, rs1_rdata: 00000000, rs2_addr:  0, rs2_rdata: 00000000, rd_addr:  0, rd_wdata: 00000000, mem_addr: 00000000, mem_rdata: 00000000, mem_wdata: 00000000
000000010000b118
ClkCycle:       8620, pc_rdata: 0000845a, pc_wdata: 0000845e, insn: 11130010, mode: 3, rs1_addr:  1, rs1_rdata: 0000b118, rs2_addr:  1, rs2_rdata: 0000b118, rd_addr:  0, rd_wdata: 0000b118, mem_addr: 0000b118, mem_rdata: 00000000, mem_wdata: 0000b118
ClkCycle:       8621, pc_rdata: 0000845e, pc_wdata: 00008462, insn: 11130010, mode: 3, rs1_addr:  0, rs1_rdata: 00000000, rs2_addr:  0, rs2_rdata: 00000000, rd_addr:  0, rd_wdata: 00000000, mem_addr: 00000000, mem_rdata: 00000000, mem_wdata: 00000000
ClkCycle:       8622, pc_rdata: 00008462, pc_wdata: 00008466, insn: 1a20b423, mode: 3, rs1_addr:  6, rs1_rdata: 1fddb7f7, rs2_addr:  2, rs2_rdata: b7f70030, rd_addr:  2, rd_wdata: 7f76dfdc, mem_addr: 7f76dfdc, mem_rdata: 00000000, mem_wdata: b7f70030
ClkCycle:       8623, pc_rdata: 00008466, pc_wdata: 0000846a, insn: 1a20b423, mode: 3, rs1_addr:  0, rs1_rdata: 00000000, rs2_addr:  0, rs2_rdata: 00000000, rd_addr:  0, rd_wdata: 00000000, mem_addr: 00000000, mem_rdata: 00000000, mem_wdata: 00000000
ClkCycle:       8624, pc_rdata: 0000846a, pc_wdata: 0000846c, insn: 03011113, mode: 3, rs1_addr:  2, rs1_rdata: b7f70030, rs2_addr: 24, rs2_rdata: 0000007d, rd_addr:  8, rd_wdata: 7f76e114, mem_addr: 7f76e114, mem_rdata: 00000000, mem_wdata: 0000007d
ClkCycle:       8625, pc_rdata: 0000846c, pc_wdata: 00008470, insn: 03011113, mode: 3, rs1_addr:  2, rs1_rdata: 7f76dfdc, rs2_addr: 16, rs2_rdata: 7d5bfddb, rd_addr:  2, rd_wdata: dfdc0000, mem_addr: dfdc0000, mem_rdata: 00000000, mem_wdata: 7d5bfddb
ClkCycle:       8626, pc_rdata: 00008470, pc_wdata: 00008472, insn: b8236145, mode: 3, rs1_addr:  2, rs1_rdata: 7f76dfdc, rs2_addr: 16, rs2_rdata: 7d5bfddb, rd_addr:  2, rd_wdata: dfdc0030, mem_addr: dfdc0030, mem_rdata: 00000000, mem_wdata: 7d5bfddb
ClkCycle:       8627, pc_rdata: 00008472, pc_wdata: 00008476, insn: b8236145, mode: 3, rs1_addr:  0, rs1_rdata: 00000000, rs2_addr:  0, rs2_rdata: 00000000, rd_addr:  0, rd_wdata: 00000000, mem_addr: 00000000, mem_rdata: 00000000, mem_wdata: 00000000
000000010000b118
ClkCycle:       8628, pc_rdata: 00008476, pc_wdata: 0000847a, insn: 11130010, mode: 3, rs1_addr:  1, rs1_rdata: 0000b118, rs2_addr:  1, rs2_rdata: 0000b118, rd_addr: 16, rd_wdata: 0000b128, mem_addr: 0000b128, mem_rdata: 00000000, mem_wdata: 0000b118
ClkCycle:       8629, pc_rdata: 0000847a, pc_wdata: 0000847e, insn: 11130010, mode: 3, rs1_addr:  0, rs1_rdata: 00000000, rs2_addr:  0, rs2_rdata: 00000000, rd_addr:  0, rd_wdata: 00000000, mem_addr: 00000000, mem_rdata: 00000000, mem_wdata: 00000000
ClkCycle:       8630, pc_rdata: 0000847e, pc_wdata: 00008482, insn: 1a20bc23, mode: 3, rs1_addr:  6, rs1_rdata: 1fddb7f7, rs2_addr:  2, rs2_rdata: dfdc0030, rd_addr:  2, rd_wdata: 7f76dfdc, mem_addr: 7f76dfdc, mem_rdata: 00000000, mem_wdata: dfdc0030
ClkCycle:       8631, pc_rdata: 00008482, pc_wdata: 00008486, insn: 1a20bc23, mode: 3, rs1_addr:  0, rs1_rdata: 00000000, rs2_addr:  0, rs2_rdata: 00000000, rd_addr:  0, rd_wdata: 00000000, mem_addr: 00000000, mem_rdata: 00000000, mem_wdata: 00000000
ClkCycle:       8632, pc_rdata: 00008486, pc_wdata: 00008488, insn: 03211113, mode: 3, rs1_addr:  2, rs1_rdata: dfdc0030, rs2_addr: 24, rs2_rdata: 0000007d, rd_addr:  8, rd_wdata: 7f76e114, mem_addr: 7f76e114, mem_rdata: 00000000, mem_wdata: 0000007d
ClkCycle:       8633, pc_rdata: 00008488, pc_wdata: 0000848c, insn: 03211113, mode: 3, rs1_addr:  2, rs1_rdata: 7f76dfdc, rs2_addr: 18, rs2_rdata: ffdbffff, rd_addr:  2, rd_wdata: 7f700000, mem_addr: 7f700000, mem_rdata: 00000000, mem_wdata: ffdbffff
ClkCycle:       8634, pc_rdata: 0000848c, pc_wdata: 0000848e, insn: b023710d, mode: 3, rs1_addr:  2, rs1_rdata: 7f76dfdc, rs2_addr:  0, rs2_rdata: 00000000, rd_addr:  2, rd_wdata: 7f6ffea0, mem_addr: 7f6ffea0, mem_rdata: 00000000, mem_wdata: 00000000
ClkCycle:       8635, pc_rdata: 0000848e, pc_wdata: 00008492, insn: b023710d, mode: 3, rs1_addr:  0, rs1_rdata: 00000000, rs2_addr:  0, rs2_rdata: 00000000, rd_addr:  0, rd_wdata: 00000000, mem_addr: 00000000, mem_rdata: 00000000, mem_wdata: 00000000
000000010000b118
ClkCycle:       8636, pc_rdata: 00008492, pc_wdata: 00008496, insn: 11130010, mode: 3, rs1_addr:  1, rs1_rdata: 0000b118, rs2_addr:  1, rs2_rdata: 0000b118, rd_addr:  0, rd_wdata: 0000b118, mem_addr: 0000b118, mem_rdata: 00000000, mem_wdata: 0000b118
ClkCycle:       8637, pc_rdata: 00008496, pc_wdata: 0000849a, insn: 11130010, mode: 3, rs1_addr:  0, rs1_rdata: 00000000, rs2_addr:  0, rs2_rdata: 00000000, rd_addr:  0, rd_wdata: 00000000, mem_addr: 00000000, mem_rdata: 00000000, mem_wdata: 00000000
ClkCycle:       8638, pc_rdata: 0000849a, pc_wdata: 0000849e, insn: 1c20b423, mode: 3, rs1_addr:  6, rs1_rdata: 1fddb7f7, rs2_addr:  2, rs2_rdata: 7f6ffea0, rd_addr:  2, rd_wdata: 7f76dfdc, mem_addr: 7f76dfdc, mem_rdata: 00000000, mem_wdata: 7f6ffea0
ClkCycle:       8639, pc_rdata: 0000849e, pc_wdata: 000084a2, insn: 1c20b423, mode: 3, rs1_addr:  0, rs1_rdata: 00000000, rs2_addr:  0, rs2_rdata: 00000000, rd_addr:  0, rd_wdata: 00000000, mem_addr: 00000000, mem_rdata: 00000000, mem_wdata: 00000000
ClkCycle:       8640, pc_rdata: 000084a2, pc_wdata: 000084a4, insn: 03411113, mode: 3, rs1_addr:  2, rs1_rdata: 7f6ffea0, rs2_addr: 24, rs2_rdata: 0000007d, rd_addr:  8, rd_wdata: 7f76e214, mem_addr: 7f76e214, mem_rdata: 00000000, mem_wdata: 0000007d
ClkCycle:       8641, pc_rdata: 000084a4, pc_wdata: 000084a8, insn: 03411113, mode: 3, rs1_addr:  2, rs1_rdata: 7f76dfdc, rs2_addr: 20, rs2_rdata: d5bfff6f, rd_addr:  2, rd_wdata: fdc00000, mem_addr: fdc00000, mem_rdata: 00000000, mem_wdata: d5bfff6f
ClkCycle:       8642, pc_rdata: 000084a8, pc_wdata: 000084aa, insn: b8236109, mode: 3, rs1_addr:  2, rs1_rdata: 7f76dfdc, rs2_addr:  0, rs2_rdata: 00000000, rd_addr:  2, rd_wdata: fdc00080, mem_addr: fdc00080, mem_rdata: 00000000, mem_wdata: 00000000
ClkCycle:       8643, pc_rdata: 000084aa, pc_wdata: 000084ae, insn: b8236109, mode: 3, rs1_addr:  0, rs1_rdata: 00000000, rs2_addr:  0, rs2_rdata: 00000000, rd_addr:  0, rd_wdata: 00000000, mem_addr: 00000000, mem_rdata: 00000000, mem_wdata: 00000000
000000010000b118
ClkCycle:       8644, pc_rdata: 000084ae, pc_wdata: 000084b2, insn: 11130010, mode: 3, rs1_addr:  1, rs1_rdata: 0000b118, rs2_addr:  1, rs2_rdata: 0000b118, rd_addr: 16, rd_wdata: 0000b128, mem_addr: 0000b128, mem_rdata: 00000000, mem_wdata: 0000b118
ClkCycle:       8645, pc_rdata: 000084b2, pc_wdata: 000084b6, insn: 11130010, mode: 3, rs1_addr:  0, rs1_rdata: 00000000, rs2_addr:  0, rs2_rdata: 00000000, rd_addr:  0, rd_wdata: 00000000, mem_addr: 00000000, mem_rdata: 00000000, mem_wdata: 00000000
ClkCycle:       8646, pc_rdata: 000084b6, pc_wdata: 000084ba, insn: 1c20bc23, mode: 3, rs1_addr:  6, rs1_rdata: 1fddb7f7, rs2_addr:  2, rs2_rdata: fdc00080, rd_addr:  2, rd_wdata: 7f76dfdc, mem_addr: 7f76dfdc, mem_rdata: 00000000, mem_wdata: fdc00080
ClkCycle:       8647, pc_rdata: 000084ba, pc_wdata: 000084be, insn: 1c20bc23, mode: 3, rs1_addr:  0, rs1_rdata: 00000000, rs2_addr:  0, rs2_rdata: 00000000, rd_addr:  0, rd_wdata: 00000000, mem_addr: 00000000, mem_rdata: 00000000, mem_wdata: 00000000
ClkCycle:       8648, pc_rdata: 000084be, pc_wdata: 000084c0, insn: 03611113, mode: 3, rs1_addr:  2, rs1_rdata: fdc00080, rs2_addr: 24, rs2_rdata: 0000007d, rd_addr:  8, rd_wdata: 7f76e214, mem_addr: 7f76e214, mem_rdata: 00000000, mem_wdata: 0000007d
ClkCycle:       8649, pc_rdata: 000084c0, pc_wdata: 000084c4, insn: 03611113, mode: 3, rs1_addr:  2, rs1_rdata: 7f76dfdc, rs2_addr: 22, rs2_rdata: 001f56ff, rd_addr:  2, rd_wdata: f7000000, mem_addr: f7000000, mem_rdata: 00000000, mem_wdata: 001f56ff
ClkCycle:       8650, pc_rdata: 000084c4, pc_wdata: 000084c6, insn: b023616d, mode: 3, rs1_addr:  2, rs1_rdata: 7f76dfdc, rs2_addr: 16, rs2_rdata: 7d5bfddb, rd_addr:  2, rd_wdata: f70000f0, mem_addr: f70000f0, mem_rdata: 00000000, mem_wdata: 7d5bfddb
ClkCycle:       8651, pc_rdata: 000084c6, pc_wdata: 000084ca, insn: b023616d, mode: 3, rs1_addr:  0, rs1_rdata: 00000000, rs2_addr:  0, rs2_rdata: 00000000, rd_addr:  0, rd_wdata: 00000000, mem_addr: 00000000, mem_rdata: 00000000, mem_wdata: 00000000
000000010000b118
ClkCycle:       8652, pc_rdata: 000084ca, pc_wdata: 000084ce, insn: 11130010, mode: 3, rs1_addr:  1, rs1_rdata: 0000b118, rs2_addr:  1, rs2_rdata: 0000b118, rd_addr:  0, rd_wdata: 0000b118, mem_addr: 0000b118, mem_rdata: 00000000, mem_wdata: 0000b118
ClkCycle:       8653, pc_rdata: 000084ce, pc_wdata: 000084d2, insn: 11130010, mode: 3, rs1_addr:  0, rs1_rdata: 00000000, rs2_addr:  0, rs2_rdata: 00000000, rd_addr:  0, rd_wdata: 00000000, mem_addr: 00000000, mem_rdata: 00000000, mem_wdata: 00000000
ClkCycle:       8654, pc_rdata: 000084d2, pc_wdata: 000084d6, insn: 1e20b423, mode: 3, rs1_addr:  6, rs1_rdata: 1fddb7f7, rs2_addr:  2, rs2_rdata: f70000f0, rd_addr:  2, rd_wdata: 7f76dfdc, mem_addr: 7f76dfdc, mem_rdata: 00000000, mem_wdata: f70000f0
ClkCycle:       8655, pc_rdata: 000084d6, pc_wdata: 000084da, insn: 1e20b423, mode: 3, rs1_addr:  0, rs1_rdata: 00000000, rs2_addr:  0, rs2_rdata: 00000000, rd_addr:  0, rd_wdata: 00000000, mem_addr: 00000000, mem_rdata: 00000000, mem_wdata: 00000000
ClkCycle:       8656, pc_rdata: 000084da, pc_wdata: 000084dc, insn: 03811113, mode: 3, rs1_addr:  2, rs1_rdata: f70000f0, rs2_addr: 24, rs2_rdata: 0000007d, rd_addr:  8, rd_wdata: 7f76e314, mem_addr: 7f76e314, mem_rdata: 00000000, mem_wdata: 0000007d
ClkCycle:       8657, pc_rdata: 000084dc, pc_wdata: 000084e0, insn: 03811113, mode: 3, rs1_addr:  2, rs1_rdata: 7f76dfdc, rs2_addr: 24, rs2_rdata: 0000007d, rd_addr:  2, rd_wdata: dc000000, mem_addr: dc000000, mem_rdata: 00000000, mem_wdata: 0000007d
ClkCycle:       8658, pc_rdata: 000084e0, pc_wdata: 000084e2, insn: b823713d, mode: 3, rs1_addr:  2, rs1_rdata: 7f76dfdc, rs2_addr:  0, rs2_rdata: 00000000, rd_addr:  2, rd_wdata: dbffffe0, mem_addr: dbffffe0, mem_rdata: 00000000, mem_wdata: 00000000
ClkCycle:       8659, pc_rdata: 000084e2, pc_wdata: 000084e6, insn: b823713d, mode: 3, rs1_addr:  0, rs1_rdata: 00000000, rs2_addr:  0, rs2_rdata: 00000000, rd_addr:  0, rd_wdata: 00000000, mem_addr: 00000000, mem_rdata: 00000000, mem_wdata: 00000000
000000010000b118
ClkCycle:       8660, pc_rdata: 000084e6, pc_wdata: 000084ea, insn: 11130010, mode: 3, rs1_addr:  1, rs1_rdata: 0000b118, rs2_addr:  1, rs2_rdata: 0000b118, rd_addr: 16, rd_wdata: 0000b128, mem_addr: 0000b128, mem_rdata: 00000000, mem_wdata: 0000b118
ClkCycle:       8661, pc_rdata: 000084ea, pc_wdata: 000084ee, insn: 11130010, mode: 3, rs1_addr:  0, rs1_rdata: 00000000, rs2_addr:  0, rs2_rdata: 00000000, rd_addr:  0, rd_wdata: 00000000, mem_addr: 00000000, mem_rdata: 00000000, mem_wdata: 00000000
ClkCycle:       8662, pc_rdata: 000084ee, pc_wdata: 000084f2, insn: 1e20bc23, mode: 3, rs1_addr:  6, rs1_rdata: 1fddb7f7, rs2_addr:  2, rs2_rdata: dbffffe0, rd_addr:  2, rd_wdata: 7f76dfdc, mem_addr: 7f76dfdc, mem_rdata: 00000000, mem_wdata: dbffffe0
ClkCycle:       8663, pc_rdata: 000084f2, pc_wdata: 000084f6, insn: 1e20bc23, mode: 3, rs1_addr:  0, rs1_rdata: 00000000, rs2_addr:  0, rs2_rdata: 00000000, rd_addr:  0, rd_wdata: 00000000, mem_addr: 00000000, mem_rdata: 00000000, mem_wdata: 00000000
ClkCycle:       8664, pc_rdata: 000084f6, pc_wdata: 000084f8, insn: 03a11113, mode: 3, rs1_addr:  2, rs1_rdata: dbffffe0, rs2_addr: 24, rs2_rdata: 0000007d, rd_addr:  8, rd_wdata: 7f76e314, mem_addr: 7f76e314, mem_rdata: 00000000, mem_wdata: 0000007d
ClkCycle:       8665, pc_rdata: 000084f8, pc_wdata: 000084fc, insn: 03a11113, mode: 3, rs1_addr:  2, rs1_rdata: 7f76dfdc, rs2_addr: 26, rs2_rdata: 00000000, rd_addr:  2, rd_wdata: 70000000, mem_addr: 70000000, mem_rdata: 00000000, mem_wdata: 00000000
ClkCycle:       8666, pc_rdata: 000084fc, pc_wdata: 000084fe, insn: b0237139, mode: 3, rs1_addr:  2, rs1_rdata: 7f76dfdc, rs2_addr:  0, rs2_rdata: 00000000, rd_addr:  2, rd_wdata: 6fffffc0, mem_addr: 6fffffc0, mem_rdata: 00000000, mem_wdata: 00000000
ClkCycle:       8667, pc_rdata: 000084fe, pc_wdata: 00008502, insn: b0237139, mode: 3, rs1_addr:  0, rs1_rdata: 00000000, rs2_addr:  0, rs2_rdata: 00000000, rd_addr:  0, rd_wdata: 00000000, mem_addr: 00000000, mem_rdata: 00000000, mem_wdata: 00000000
000000010000b118
ClkCycle:       8668, pc_rdata: 00008502, pc_wdata: 00008506, insn: 11130010, mode: 3, rs1_addr:  1, rs1_rdata: 0000b118, rs2_addr:  1, rs2_rdata: 0000b118, rd_addr:  0, rd_wdata: 0000b118, mem_addr: 0000b118, mem_rdata: 00000000, mem_wdata: 0000b118
ClkCycle:       8669, pc_rdata: 00008506, pc_wdata: 0000850a, insn: 11130010, mode: 3, rs1_addr:  0, rs1_rdata: 00000000, rs2_addr:  0, rs2_rdata: 00000000, rd_addr:  0, rd_wdata: 00000000, mem_addr: 00000000, mem_rdata: 00000000, mem_wdata: 00000000
ClkCycle:       8670, pc_rdata: 0000850a, pc_wdata: 0000850e, insn: 2020b423, mode: 3, rs1_addr:  6, rs1_rdata: 1fddb7f7, rs2_addr:  2, rs2_rdata: 6fffffc0, rd_addr:  2, rd_wdata: 7f76dfdc, mem_addr: 7f76dfdc, mem_rdata: 00000000, mem_wdata: 6fffffc0
ClkCycle:       8671, pc_rdata: 0000850e, pc_wdata: 00008512, insn: 2020b423, mode: 3, rs1_addr:  0, rs1_rdata: 00000000, rs2_addr:  0, rs2_rdata: 00000000, rd_addr:  0, rd_wdata: 00000000, mem_addr: 00000000, mem_rdata: 00000000, mem_wdata: 00000000
ClkCycle:       8672, pc_rdata: 00008512, pc_wdata: 00008514, insn: 03c11113, mode: 3, rs1_addr:  2, rs1_rdata: 6fffffc0, rs2_addr:  8, rs2_rdata: 7f76e314, rd_addr:  8, rd_wdata: 7f76dfe4, mem_addr: 7f76dfe4, mem_rdata: 00000000, mem_wdata: 7f76e314
ClkCycle:       8673, pc_rdata: 00008514, pc_wdata: 00008518, insn: 03c11113, mode: 3, rs1_addr:  2, rs1_rdata: 7f76dfdc, rs2_addr: 28, rs2_rdata: 00000000, rd_addr:  2, rd_wdata: c0000000, mem_addr: c0000000, mem_rdata: 00000000, mem_wdata: 00000000
ClkCycle:       8674, pc_rdata: 00008518, pc_wdata: 0000851a, insn: b8236105, mode: 3, rs1_addr:  2, rs1_rdata: 7f76dfdc, rs2_addr:  0, rs2_rdata: 00000000, rd_addr:  2, rd_wdata: c0000020, mem_addr: c0000020, mem_rdata: 00000000, mem_wdata: 00000000
ClkCycle:       8675, pc_rdata: 0000851a, pc_wdata: 0000851e, insn: b8236105, mode: 3, rs1_addr:  0, rs1_rdata: 00000000, rs2_addr:  0, rs2_rdata: 00000000, rd_addr:  0, rd_wdata: 00000000, mem_addr: 00000000, mem_rdata: 00000000, mem_wdata: 00000000
000000010000b118
ClkCycle:       8676, pc_rdata: 0000851e, pc_wdata: 00008522, insn: 11130010, mode: 3, rs1_addr:  1, rs1_rdata: 0000b118, rs2_addr:  1, rs2_rdata: 0000b118, rd_addr: 16, rd_wdata: 0000b128, mem_addr: 0000b128, mem_rdata: 00000000, mem_wdata: 0000b118
ClkCycle:       8677, pc_rdata: 00008522, pc_wdata: 00008526, insn: 11130010, mode: 3, rs1_addr:  0, rs1_rdata: 00000000, rs2_addr:  0, rs2_rdata: 00000000, rd_addr:  0, rd_wdata: 00000000, mem_addr: 00000000, mem_rdata: 00000000, mem_wdata: 00000000
ClkCycle:       8678, pc_rdata: 00008526, pc_wdata: 0000852a, insn: 2020bc23, mode: 3, rs1_addr:  6, rs1_rdata: 1fddb7f7, rs2_addr:  2, rs2_rdata: c0000020, rd_addr:  2, rd_wdata: 7f76dfdc, mem_addr: 7f76dfdc, mem_rdata: 00000000, mem_wdata: c0000020
ClkCycle:       8679, pc_rdata: 0000852a, pc_wdata: 0000852e, insn: 2020bc23, mode: 3, rs1_addr:  0, rs1_rdata: 00000000, rs2_addr:  0, rs2_rdata: 00000000, rd_addr:  0, rd_wdata: 00000000, mem_addr: 00000000, mem_rdata: 00000000, mem_wdata: 00000000
ClkCycle:       8680, pc_rdata: 0000852e, pc_wdata: 00008530, insn: 03e11113, mode: 3, rs1_addr:  2, rs1_rdata: c0000020, rs2_addr:  8, rs2_rdata: 7f76dfe4, rd_addr:  8, rd_wdata: 7f76dfe4, mem_addr: 7f76dfe4, mem_rdata: 00000000, mem_wdata: 7f76dfe4
ClkCycle:       8681, pc_rdata: 00008530, pc_wdata: 00008534, insn: 03e11113, mode: 3, rs1_addr:  2, rs1_rdata: 7f76dfdc, rs2_addr: 30, rs2_rdata: 00000000, rd_addr:  2, rd_wdata: 00000000, mem_addr: 00000000, mem_rdata: 00000000, mem_wdata: 00000000
ClkCycle:       8682, pc_rdata: 00008534, pc_wdata: 00008536, insn: b0236161, mode: 3, rs1_addr:  2, rs1_rdata: 7f76dfdc, rs2_addr: 16, rs2_rdata: 7d5bfddb, rd_addr:  2, rd_wdata: 00000050, mem_addr: 00000050, mem_rdata: 00000000, mem_wdata: 7d5bfddb
ClkCycle:       8683, pc_rdata: 00008536, pc_wdata: 0000853a, insn: b0236161, mode: 3, rs1_addr:  0, rs1_rdata: 00000000, rs2_addr:  0, rs2_rdata: 00000000, rd_addr:  0, rd_wdata: 00000000, mem_addr: 00000000, mem_rdata: 00000000, mem_wdata: 00000000
000000010000b118
ClkCycle:       8684, pc_rdata: 0000853a, pc_wdata: 0000853e, insn: 11130010, mode: 3, rs1_addr:  1, rs1_rdata: 0000b118, rs2_addr:  1, rs2_rdata: 0000b118, rd_addr:  0, rd_wdata: 0000b118, mem_addr: 0000b118, mem_rdata: 00000000, mem_wdata: 0000b118
ClkCycle:       8685, pc_rdata: 0000853e, pc_wdata: 00008542, insn: 11130010, mode: 3, rs1_addr:  0, rs1_rdata: 00000000, rs2_addr:  0, rs2_rdata: 00000000, rd_addr:  0, rd_wdata: 00000000, mem_addr: 00000000, mem_rdata: 00000000, mem_wdata: 00000000
ClkCycle:       8686, pc_rdata: 00008542, pc_wdata: 00008546, insn: 717dfff1, mode: 3, rs1_addr:  2, rs1_rdata: 00000050, rs2_addr: 31, rs2_rdata: 00000000, rd_addr:  2, rd_wdata: 00000000, mem_addr: 00000000, mem_rdata: 00000000, mem_wdata: 00000000
ClkCycle:       8687, pc_rdata: 00008546, pc_wdata: 0000854a, insn: 717dfff1, mode: 3, rs1_addr:  0, rs1_rdata: 00000000, rs2_addr:  0, rs2_rdata: 00000000, rd_addr:  0, rd_wdata: 00000000, mem_addr: 00000000, mem_rdata: 00000000, mem_wdata: 00000000
ClkCycle:       8688, pc_rdata: 0000854a, pc_wdata: 0000854c, insn: 00100113, mode: 3, rs1_addr:  2, rs1_rdata: 00000050, rs2_addr: 16, rs2_rdata: 7d5bfddb, rd_addr:  2, rd_wdata: fffffff0, mem_addr: fffffff0, mem_rdata: 00000000, mem_wdata: 7d5bfddb
ClkCycle:       8689, pc_rdata: 0000854c, pc_wdata: 00008550, insn: 00100113, mode: 3, rs1_addr:  0, rs1_rdata: 00000000, rs2_addr:  1, rs2_rdata: 0000b118, rd_addr:  2, rd_wdata: 00000001, mem_addr: 00000001, mem_rdata: 00000000, mem_wdata: 0000b118
ClkCycle:       8690, pc_rdata: 00008550, pc_wdata: 00008554, insn: 03611113, mode: 3, rs1_addr:  2, rs1_rdata: 00000000, rs2_addr: 22, rs2_rdata: 001f56ff, rd_addr:  2, rd_wdata: 00400000, mem_addr: 00400000, mem_rdata: 00000000, mem_wdata: 001f56ff
ClkCycle:       8691, pc_rdata: 00008554, pc_wdata: 00008558, insn: fff14113, mode: 3, rs1_addr:  2, rs1_rdata: fffffff0, rs2_addr: 31, rs2_rdata: 00000000, rd_addr:  2, rd_wdata: ffbfffff, mem_addr: ffbfffff, mem_rdata: 00000000, mem_wdata: 00000000
ClkCycle:       8692, pc_rdata: 00008558, pc_wdata: 0000855a, insn: b823617d, mode: 3, rs1_addr:  2, rs1_rdata: 00000001, rs2_addr: 16, rs2_rdata: 7d5bfddb, rd_addr:  2, rd_wdata: ffc001ef, mem_addr: ffc001ef, mem_rdata: 00000000, mem_wdata: 7d5bfddb
ClkCycle:       8693, pc_rdata: 0000855a, pc_wdata: 0000855e, insn: b823617d, mode: 3, rs1_addr:  0, rs1_rdata: 00000000, rs2_addr:  0, rs2_rdata: 00000000, rd_addr:  0, rd_wdata: 00000000, mem_addr: 00000000, mem_rdata: 00000000, mem_wdata: 00000000
000000010000b118
ClkCycle:       8694, pc_rdata: 0000855e, pc_wdata: 00008562, insn: 11130010, mode: 3, rs1_addr:  1, rs1_rdata: 0000b118, rs2_addr:  1, rs2_rdata: 0000b118, rd_addr: 16, rd_wdata: 0000b128, mem_addr: 0000b128, mem_rdata: 00000000, mem_wdata: 0000b118
ClkCycle:       8695, pc_rdata: 00008562, pc_wdata: 00008566, insn: 11130010, mode: 3, rs1_addr:  0, rs1_rdata: 00000000, rs2_addr:  0, rs2_rdata: 00000000, rd_addr:  0, rd_wdata: 00000000, mem_addr: 00000000, mem_rdata: 00000000, mem_wdata: 00000000
ClkCycle:       8696, pc_rdata: 00008566, pc_wdata: 0000856a, insn: 6145fff1, mode: 3, rs1_addr:  2, rs1_rdata: ffc001ef, rs2_addr: 31, rs2_rdata: 00000000, rd_addr:  2, rd_wdata: 80000000, mem_addr: 80000000, mem_rdata: 00000000, mem_wdata: 00000000
ClkCycle:       8697, pc_rdata: 0000856a, pc_wdata: 0000856e, insn: 6145fff1, mode: 3, rs1_addr:  0, rs1_rdata: 00000000, rs2_addr:  0, rs2_rdata: 00000000, rd_addr:  0, rd_wdata: 00000000, mem_addr: 00000000, mem_rdata: 00000000, mem_wdata: 00000000
ClkCycle:       8698, pc_rdata: 0000856e, pc_wdata: 00008570, insn: 00100113, mode: 3, rs1_addr:  2, rs1_rdata: ffc001ef, rs2_addr: 16, rs2_rdata: 7d5bfddb, rd_addr:  2, rd_wdata: 80000030, mem_addr: 80000030, mem_rdata: 00000000, mem_wdata: 7d5bfddb
ClkCycle:       8699, pc_rdata: 00008570, pc_wdata: 00008574, insn: 00100113, mode: 3, rs1_addr:  0, rs1_rdata: 00000000, rs2_addr:  1, rs2_rdata: 0000b118, rd_addr:  2, rd_wdata: 00000001, mem_addr: 00000001, mem_rdata: 00000000, mem_wdata: 0000b118
ClkCycle:       8700, pc_rdata: 00008574, pc_wdata: 00008578, insn: 03811113, mode: 3, rs1_addr:  2, rs1_rdata: 80000000, rs2_addr: 24, rs2_rdata: 0000007d, rd_addr:  2, rd_wdata: 01000000, mem_addr: 01000000, mem_rdata: 00000000, mem_wdata: 0000007d
ClkCycle:       8701, pc_rdata: 00008578, pc_wdata: 0000857c, insn: fff14113, mode: 3, rs1_addr:  2, rs1_rdata: 80000030, rs2_addr: 31, rs2_rdata: 00000000, rd_addr:  2, rd_wdata: feffffff, mem_addr: feffffff, mem_rdata: 00000000, mem_wdata: 00000000
ClkCycle:       8702, pc_rdata: 0000857c, pc_wdata: 0000857e, insn: b0236109, mode: 3, rs1_addr:  2, rs1_rdata: 00000001, rs2_addr:  0, rs2_rdata: 00000000, rd_addr:  2, rd_wdata: ff00007f, mem_addr: ff00007f, mem_rdata: 00000000, mem_wdata: 00000000
ClkCycle:       8703, pc_rdata: 0000857e, pc_wdata: 00008582, insn: b0236109, mode: 3, rs1_addr:  0, rs1_rdata: 00000000, rs2_addr:  0, rs2_rdata: 00000000, rd_addr:  0, rd_wdata: 00000000, mem_addr: 00000000, mem_rdata: 00000000, mem_wdata: 00000000
000000010000b118
ClkCycle:       8704, pc_rdata: 00008582, pc_wdata: 00008586, insn: 11130010, mode: 3, rs1_addr:  1, rs1_rdata: 0000b118, rs2_addr:  1, rs2_rdata: 0000b118, rd_addr:  0, rd_wdata: 0000b118, mem_addr: 0000b118, mem_rdata: 00000000, mem_wdata: 0000b118
ClkCycle:       8705, pc_rdata: 00008586, pc_wdata: 0000858a, insn: 11130010, mode: 3, rs1_addr:  0, rs1_rdata: 00000000, rs2_addr:  0, rs2_rdata: 00000000, rd_addr:  0, rd_wdata: 00000000, mem_addr: 00000000, mem_rdata: 00000000, mem_wdata: 00000000
ClkCycle:       8706, pc_rdata: 0000858a, pc_wdata: 0000858e, insn: 7119fff1, mode: 3, rs1_addr:  2, rs1_rdata: ff00007f, rs2_addr: 31, rs2_rdata: 00000000, rd_addr:  2, rd_wdata: 80000000, mem_addr: 80000000, mem_rdata: 00000000, mem_wdata: 00000000
ClkCycle:       8707, pc_rdata: 0000858e, pc_wdata: 00008592, insn: 7119fff1, mode: 3, rs1_addr:  0, rs1_rdata: 00000000, rs2_addr:  0, rs2_rdata: 00000000, rd_addr:  0, rd_wdata: 00000000, mem_addr: 00000000, mem_rdata: 00000000, mem_wdata: 00000000
ClkCycle:       8708, pc_rdata: 00008592, pc_wdata: 00008594, insn: 00100113, mode: 3, rs1_addr:  2, rs1_rdata: ff00007f, rs2_addr:  0, rs2_rdata: 00000000, rd_addr:  2, rd_wdata: 7fffff80, mem_addr: 7fffff80, mem_rdata: 00000000, mem_wdata: 00000000
ClkCycle:       8709, pc_rdata: 00008594, pc_wdata: 00008598, insn: 00100113, mode: 3, rs1_addr:  0, rs1_rdata: 00000000, rs2_addr:  1, rs2_rdata: 0000b118, rd_addr:  2, rd_wdata: 00000001, mem_addr: 00000001, mem_rdata: 00000000, mem_wdata: 0000b118
ClkCycle:       8710, pc_rdata: 00008598, pc_wdata: 0000859c, insn: 03a11113, mode: 3, rs1_addr:  2, rs1_rdata: 80000000, rs2_addr: 26, rs2_rdata: 00000000, rd_addr:  2, rd_wdata: 04000000, mem_addr: 04000000, mem_rdata: 00000000, mem_wdata: 00000000
ClkCycle:       8711, pc_rdata: 0000859c, pc_wdata: 000085a0, insn: fff14113, mode: 3, rs1_addr:  2, rs1_rdata: 7fffff80, rs2_addr: 31, rs2_rdata: 00000000, rd_addr:  2, rd_wdata: fbffffff, mem_addr: fbffffff, mem_rdata: 00000000, mem_wdata: 00000000
ClkCycle:       8712, pc_rdata: 000085a0, pc_wdata: 000085a2, insn: b8236171, mode: 3, rs1_addr:  2, rs1_rdata: 00000001, rs2_addr: 16, rs2_rdata: 7d5bfddb, rd_addr:  2, rd_wdata: fc00014f, mem_addr: fc00014f, mem_rdata: 00000000, mem_wdata: 7d5bfddb
ClkCycle:       8713, pc_rdata: 000085a2, pc_wdata: 000085a6, insn: b8236171, mode: 3, rs1_addr:  0, rs1_rdata: 00000000, rs2_addr:  0, rs2_rdata: 00000000, rd_addr:  0, rd_wdata: 00000000, mem_addr: 00000000, mem_rdata: 00000000, mem_wdata: 00000000
000000010000b118
ClkCycle:       8714, pc_rdata: 000085a6, pc_wdata: 000085aa, insn: 11130010, mode: 3, rs1_addr:  1, rs1_rdata: 0000b118, rs2_addr:  1, rs2_rdata: 0000b118, rd_addr: 16, rd_wdata: 0000b128, mem_addr: 0000b128, mem_rdata: 00000000, mem_wdata: 0000b118
ClkCycle:       8715, pc_rdata: 000085aa, pc_wdata: 000085ae, insn: 11130010, mode: 3, rs1_addr:  0, rs1_rdata: 00000000, rs2_addr:  0, rs2_rdata: 00000000, rd_addr:  0, rd_wdata: 00000000, mem_addr: 00000000, mem_rdata: 00000000, mem_wdata: 00000000
ClkCycle:       8716, pc_rdata: 000085ae, pc_wdata: 000085b2, insn: 7139fff1, mode: 3, rs1_addr:  2, rs1_rdata: fc00014f, rs2_addr: 31, rs2_rdata: 00000000, rd_addr:  2, rd_wdata: 80000000, mem_addr: 80000000, mem_rdata: 00000000, mem_wdata: 00000000
ClkCycle:       8717, pc_rdata: 000085b2, pc_wdata: 000085b6, insn: 7139fff1, mode: 3, rs1_addr:  0, rs1_rdata: 00000000, rs2_addr:  0, rs2_rdata: 00000000, rd_addr:  0, rd_wdata: 00000000, mem_addr: 00000000, mem_rdata: 00000000, mem_wdata: 00000000
ClkCycle:       8718, pc_rdata: 000085b6, pc_wdata: 000085b8, insn: 00100113, mode: 3, rs1_addr:  2, rs1_rdata: fc00014f, rs2_addr:  0, rs2_rdata: 00000000, rd_addr:  2, rd_wdata: 7fffffc0, mem_addr: 7fffffc0, mem_rdata: 00000000, mem_wdata: 00000000
ClkCycle:       8719, pc_rdata: 000085b8, pc_wdata: 000085bc, insn: 00100113, mode: 3, rs1_addr:  0, rs1_rdata: 00000000, rs2_addr:  1, rs2_rdata: 0000b118, rd_addr:  2, rd_wdata: 00000001, mem_addr: 00000001, mem_rdata: 00000000, mem_wdata: 0000b118
ClkCycle:       8720, pc_rdata: 000085bc, pc_wdata: 000085c0, insn: 03c11113, mode: 3, rs1_addr:  2, rs1_rdata: 80000000, rs2_addr: 28, rs2_rdata: 00000000, rd_addr:  2, rd_wdata: 10000000, mem_addr: 10000000, mem_rdata: 00000000, mem_wdata: 00000000
ClkCycle:       8721, pc_rdata: 000085c0, pc_wdata: 000085c4, insn: fff14113, mode: 3, rs1_addr:  2, rs1_rdata: 7fffffc0, rs2_addr: 31, rs2_rdata: 00000000, rd_addr:  2, rd_wdata: efffffff, mem_addr: efffffff, mem_rdata: 00000000, mem_wdata: 00000000
ClkCycle:       8722, pc_rdata: 000085c4, pc_wdata: 000085c6, insn: b0237159, mode: 3, rs1_addr:  2, rs1_rdata: 00000001, rs2_addr: 16, rs2_rdata: 7d5bfddb, rd_addr:  2, rd_wdata: efffff8f, mem_addr: efffff8f, mem_rdata: 00000000, mem_wdata: 7d5bfddb
ClkCycle:       8723, pc_rdata: 000085c6, pc_wdata: 000085ca, insn: b0237159, mode: 3, rs1_addr:  0, rs1_rdata: 00000000, rs2_addr:  0, rs2_rdata: 00000000, rd_addr:  0, rd_wdata: 00000000, mem_addr: 00000000, mem_rdata: 00000000, mem_wdata: 00000000
000000010000b118
ClkCycle:       8724, pc_rdata: 000085ca, pc_wdata: 000085ce, insn: 11130010, mode: 3, rs1_addr:  1, rs1_rdata: 0000b118, rs2_addr:  1, rs2_rdata: 0000b118, rd_addr:  0, rd_wdata: 0000b118, mem_addr: 0000b118, mem_rdata: 00000000, mem_wdata: 0000b118
ClkCycle:       8725, pc_rdata: 000085ce, pc_wdata: 000085d2, insn: 11130010, mode: 3, rs1_addr:  0, rs1_rdata: 00000000, rs2_addr:  0, rs2_rdata: 00000000, rd_addr:  0, rd_wdata: 00000000, mem_addr: 00000000, mem_rdata: 00000000, mem_wdata: 00000000
ClkCycle:       8726, pc_rdata: 000085d2, pc_wdata: 000085d6, insn: 7111fff1, mode: 3, rs1_addr:  2, rs1_rdata: efffff8f, rs2_addr: 31, rs2_rdata: 00000000, rd_addr:  2, rd_wdata: 80000000, mem_addr: 80000000, mem_rdata: 00000000, mem_wdata: 00000000
ClkCycle:       8727, pc_rdata: 000085d6, pc_wdata: 000085da, insn: 7111fff1, mode: 3, rs1_addr:  0, rs1_rdata: 00000000, rs2_addr:  0, rs2_rdata: 00000000, rd_addr:  0, rd_wdata: 00000000, mem_addr: 00000000, mem_rdata: 00000000, mem_wdata: 00000000
ClkCycle:       8728, pc_rdata: 000085da, pc_wdata: 000085dc, insn: 00100113, mode: 3, rs1_addr:  2, rs1_rdata: efffff8f, rs2_addr:  0, rs2_rdata: 00000000, rd_addr:  2, rd_wdata: 7fffff00, mem_addr: 7fffff00, mem_rdata: 00000000, mem_wdata: 00000000
ClkCycle:       8729, pc_rdata: 000085dc, pc_wdata: 000085e0, insn: 00100113, mode: 3, rs1_addr:  0, rs1_rdata: 00000000, rs2_addr:  1, rs2_rdata: 0000b118, rd_addr:  2, rd_wdata: 00000001, mem_addr: 00000001, mem_rdata: 00000000, mem_wdata: 0000b118
ClkCycle:       8730, pc_rdata: 000085e0, pc_wdata: 000085e4, insn: 03e11113, mode: 3, rs1_addr:  2, rs1_rdata: 80000000, rs2_addr: 30, rs2_rdata: 00000000, rd_addr:  2, rd_wdata: 40000000, mem_addr: 40000000, mem_rdata: 00000000, mem_wdata: 00000000
ClkCycle:       8731, pc_rdata: 000085e4, pc_wdata: 000085e8, insn: fff14113, mode: 3, rs1_addr:  2, rs1_rdata: 7fffff00, rs2_addr: 31, rs2_rdata: 00000000, rd_addr:  2, rd_wdata: bfffffff, mem_addr: bfffffff, mem_rdata: 00000000, mem_wdata: 00000000
ClkCycle:       8732, pc_rdata: 000085e8, pc_wdata: 000085ea, insn: b823711d, mode: 3, rs1_addr:  2, rs1_rdata: 00000001, rs2_addr:  0, rs2_rdata: 00000000, rd_addr:  2, rd_wdata: bfffff9f, mem_addr: bfffff9f, mem_rdata: 00000000, mem_wdata: 00000000
ClkCycle:       8733, pc_rdata: 000085ea, pc_wdata: 000085ee, insn: b823711d, mode: 3, rs1_addr:  0, rs1_rdata: 00000000, rs2_addr:  0, rs2_rdata: 00000000, rd_addr:  0, rd_wdata: 00000000, mem_addr: 00000000, mem_rdata: 00000000, mem_wdata: 00000000
000000000fab7ffe
ClkCycle:       8734, pc_rdata: 000085ee, pc_wdata: 000085f2, insn: 01135555, mode: 3, rs1_addr: 11, rs1_rdata: 00000000, rs2_addr: 21, rs2_rdata: 0fab7ffe, rd_addr: 16, rd_wdata: 00000550, mem_addr: 00000550, mem_rdata: 00000000, mem_wdata: 0fab7ffe
ClkCycle:       8735, pc_rdata: 000085f2, pc_wdata: 000085f6, insn: 01135555, mode: 3, rs1_addr:  0, rs1_rdata: 00000000, rs2_addr:  0, rs2_rdata: 00000000, rd_addr:  0, rd_wdata: 00000000, mem_addr: 00000000, mem_rdata: 00000000, mem_wdata: 00000000
ClkCycle:       8736, pc_rdata: 000085f6, pc_wdata: 000085fa, insn: 011300b1, mode: 3, rs1_addr:  2, rs1_rdata: bfffff9f, rs2_addr: 11, rs2_rdata: 00000000, rd_addr:  2, rd_wdata: bfffffaa, mem_addr: bfffffaa, mem_rdata: 00000000, mem_wdata: 00000000
ClkCycle:       8737, pc_rdata: 000085fa, pc_wdata: 000085fe, insn: 011300b1, mode: 3, rs1_addr:  0, rs1_rdata: 00000000, rs2_addr:  0, rs2_rdata: 00000000, rd_addr:  0, rd_wdata: 00000000, mem_addr: 00000000, mem_rdata: 00000000, mem_wdata: 00000000
ClkCycle:       8738, pc_rdata: 000085fe, pc_wdata: 00008602, insn: 011300b1, mode: 3, rs1_addr:  2, rs1_rdata: bfffff9f, rs2_addr: 11, rs2_rdata: 00000000, rd_addr:  2, rd_wdata: bfffffb5, mem_addr: bfffffb5, mem_rdata: 00000000, mem_wdata: 00000000
ClkCycle:       8739, pc_rdata: 00008602, pc_wdata: 00008606, insn: 011300b1, mode: 3, rs1_addr:  0, rs1_rdata: 00000000, rs2_addr:  0, rs2_rdata: 00000000, rd_addr:  0, rd_wdata: 00000000, mem_addr: 00000000, mem_rdata: 00000000, mem_wdata: 00000000
ClkCycle:       8740, pc_rdata: 00008606, pc_wdata: 0000860a, insn: 011300a1, mode: 3, rs1_addr:  2, rs1_rdata: bfffffaa, rs2_addr: 10, rs2_rdata: 00000001, rd_addr:  2, rd_wdata: bfffffbf, mem_addr: bfffffbf, mem_rdata: 00000000, mem_wdata: 00000001
ClkCycle:       8741, pc_rdata: 0000860a, pc_wdata: 0000860e, insn: 011300a1, mode: 3, rs1_addr:  0, rs1_rdata: 00000000, rs2_addr:  0, rs2_rdata: 00000000, rd_addr:  0, rd_wdata: 00000000, mem_addr: 00000000, mem_rdata: 00000000, mem_wdata: 00000000
ClkCycle:       8742, pc_rdata: 0000860e, pc_wdata: 00008612, insn: 2620bc23, mode: 3, rs1_addr:  6, rs1_rdata: 1fddb7f7, rs2_addr:  2, rs2_rdata: bfffffb5, rd_addr:  2, rd_wdata: 1fddb3b9, mem_addr: 1fddb3b9, mem_rdata: 00000000, mem_wdata: bfffffbf
ClkCycle:       8743, pc_rdata: 00008612, pc_wdata: 00008616, insn: 2620bc23, mode: 3, rs1_addr:  0, rs1_rdata: 00000000, rs2_addr:  0, rs2_rdata: 00000000, rd_addr:  0, rd_wdata: 00000000, mem_addr: 00000000, mem_rdata: 00000000, mem_wdata: 00000000
ClkCycle:       8744, pc_rdata: 00008616, pc_wdata: 00008618, insn: aaa10113, mode: 3, rs1_addr:  2, rs1_rdata: bfffffbf, rs2_addr:  8, rs2_rdata: 7f76dfe4, rd_addr:  8, rd_wdata: 1fddb6c1, mem_addr: 1fddb6c1, mem_rdata: 00000000, mem_wdata: 7f76dfe4
ClkCycle:       8745, pc_rdata: 00008618, pc_wdata: 0000861c, insn: aaa10113, mode: 3, rs1_addr:  2, rs1_rdata: 1fddb3b9, rs2_addr: 10, rs2_rdata: 00000001, rd_addr:  2, rd_wdata: 1fddae63, mem_addr: 1fddae63, mem_rdata: 00000000, mem_wdata: 00000001
ClkCycle:       8746, pc_rdata: 0000861c, pc_wdata: 00008620, insn: 00b11113, mode: 3, rs1_addr:  2, rs1_rdata: 1fddb3b9, rs2_addr: 11, rs2_rdata: 00000000, rd_addr:  2, rd_wdata: ed731800, mem_addr: ed731800, mem_rdata: 00000000, mem_wdata: 00000000
ClkCycle:       8747, pc_rdata: 00008620, pc_wdata: 00008624, insn: 55510113, mode: 3, rs1_addr:  2, rs1_rdata: 1fddb3b9, rs2_addr: 21, rs2_rdata: 0fab7ffe, rd_addr:  2, rd_wdata: ed731d55, mem_addr: ed731d55, mem_rdata: 00000000, mem_wdata: 0fab7ffe
ClkCycle:       8748, pc_rdata: 00008624, pc_wdata: 00008628, insn: 00b11113, mode: 3, rs1_addr:  2, rs1_rdata: 1fddae63, rs2_addr: 11, rs2_rdata: 00000000, rd_addr:  2, rd_wdata: 98eaa800, mem_addr: 98eaa800, mem_rdata: 00000000, mem_wdata: 00000000
ClkCycle:       8749, pc_rdata: 00008628, pc_wdata: 0000862c, insn: 2aa10113, mode: 3, rs1_addr:  2, rs1_rdata: ed731800, rs2_addr: 10, rs2_rdata: 00000001, rd_addr:  2, rd_wdata: 98eaaaaa, mem_addr: 98eaaaaa, mem_rdata: 00000000, mem_wdata: 00000001
ClkCycle:       8750, pc_rdata: 0000862c, pc_wdata: 00008630, insn: 00a11113, mode: 3, rs1_addr:  2, rs1_rdata: ed731d55, rs2_addr: 10, rs2_rdata: 00000001, rd_addr:  2, rd_wdata: aaaaa800, mem_addr: aaaaa800, mem_rdata: 00000000, mem_wdata: 00000001
ClkCycle:       8751, pc_rdata: 00008630, pc_wdata: 00008634, insn: 2aa10113, mode: 3, rs1_addr:  2, rs1_rdata: 98eaa800, rs2_addr: 10, rs2_rdata: 00000001, rd_addr:  2, rd_wdata: aaaaaaaa, mem_addr: aaaaaaaa, mem_rdata: 00000000, mem_wdata: 00000001
ClkCycle:       8752, pc_rdata: 00008634, pc_wdata: 00008636, insn: b0237139, mode: 3, rs1_addr:  2, rs1_rdata: 98eaaaaa, rs2_addr:  0, rs2_rdata: 00000000, rd_addr:  2, rd_wdata: aaaaaa6a, mem_addr: aaaaaa6a, mem_rdata: 00000000, mem_wdata: 00000000
ClkCycle:       8753, pc_rdata: 00008636, pc_wdata: 0000863a, insn: b0237139, mode: 3, rs1_addr:  0, rs1_rdata: 00000000, rs2_addr:  0, rs2_rdata: 00000000, rd_addr:  0, rd_wdata: 00000000, mem_addr: 00000000, mem_rdata: 00000000, mem_wdata: 00000000
0000000000000000
ClkCycle:       8754, pc_rdata: 0000863a, pc_wdata: 0000863e, insn: 716d1000, mode: 3, rs1_addr:  1, rs1_rdata: 0000b118, rs2_addr:  0, rs2_rdata: 00000000, rd_addr:  0, rd_wdata: 0000b218, mem_addr: 0000b218, mem_rdata: 00000000, mem_wdata: 00000000
ClkCycle:       8755, pc_rdata: 0000863e, pc_wdata: 00008642, insn: 716d1000, mode: 3, rs1_addr:  0, rs1_rdata: 00000000, rs2_addr:  0, rs2_rdata: 00000000, rd_addr:  0, rd_wdata: 00000000, mem_addr: 00000000, mem_rdata: 00000000, mem_wdata: 00000000
ClkCycle:       8756, pc_rdata: 00008642, pc_wdata: 00008644, insn: ffd00113, mode: 3, rs1_addr:  2, rs1_rdata: aaaaaa6a, rs2_addr: 16, rs2_rdata: 7d5bfddb, rd_addr:  2, rd_wdata: aaaaa95a, mem_addr: aaaaa95a, mem_rdata: 00000000, mem_wdata: 7d5bfddb
ClkCycle:       8757, pc_rdata: 00008644, pc_wdata: 00008648, insn: ffd00113, mode: 3, rs1_addr:  0, rs1_rdata: 00000000, rs2_addr: 29, rs2_rdata: 00000000, rd_addr:  2, rd_wdata: fffffffd, mem_addr: fffffffd, mem_rdata: 00000000, mem_wdata: 00000000
ClkCycle:       8758, pc_rdata: 00008648, pc_wdata: 0000864a, insn: b8236161, mode: 3, rs1_addr:  2, rs1_rdata: aaaaaa6a, rs2_addr: 16, rs2_rdata: 7d5bfddb, rd_addr:  2, rd_wdata: 0000004d, mem_addr: 0000004d, mem_rdata: 00000000, mem_wdata: 7d5bfddb
ClkCycle:       8759, pc_rdata: 0000864a, pc_wdata: 0000864e, insn: b8236161, mode: 3, rs1_addr:  0, rs1_rdata: 00000000, rs2_addr:  0, rs2_rdata: 00000000, rd_addr:  0, rd_wdata: 00000000, mem_addr: 00000000, mem_rdata: 00000000, mem_wdata: 00000000
0000000000000000
ClkCycle:       8760, pc_rdata: 0000864e, pc_wdata: 00008652, insn: 6105ffb0, mode: 3, rs1_addr:  1, rs1_rdata: 0000b118, rs2_addr: 27, rs2_rdata: 00000000, rd_addr: 16, rd_wdata: 0000b108, mem_addr: 0000b108, mem_rdata: 00000000, mem_wdata: 00000000
ClkCycle:       8761, pc_rdata: 00008652, pc_wdata: 00008656, insn: 6105ffb0, mode: 3, rs1_addr:  0, rs1_rdata: 00000000, rs2_addr:  0, rs2_rdata: 00000000, rd_addr:  0, rd_wdata: 00000000, mem_addr: 00000000, mem_rdata: 00000000, mem_wdata: 00000000
ClkCycle:       8762, pc_rdata: 00008656, pc_wdata: 00008658, insn: ff700113, mode: 3, rs1_addr:  2, rs1_rdata: 0000004d, rs2_addr:  0, rs2_rdata: 00000000, rd_addr:  2, rd_wdata: 0000006d, mem_addr: 0000006d, mem_rdata: 00000000, mem_wdata: 00000000
ClkCycle:       8763, pc_rdata: 00008658, pc_wdata: 0000865c, insn: ff700113, mode: 3, rs1_addr:  0, rs1_rdata: 00000000, rs2_addr: 23, rs2_rdata: 00003ead, rd_addr:  2, rd_wdata: fffffff7, mem_addr: fffffff7, mem_rdata: 00000000, mem_wdata: 00003ead
ClkCycle:       8764, pc_rdata: 0000865c, pc_wdata: 0000865e, insn: b0237139, mode: 3, rs1_addr:  2, rs1_rdata: 0000004d, rs2_addr:  0, rs2_rdata: 00000000, rd_addr:  2, rd_wdata: ffffffb7, mem_addr: ffffffb7, mem_rdata: 00000000, mem_wdata: 00000000
ClkCycle:       8765, pc_rdata: 0000865e, pc_wdata: 00008662, insn: b0237139, mode: 3, rs1_addr:  0, rs1_rdata: 00000000, rs2_addr:  0, rs2_rdata: 00000000, rd_addr:  0, rd_wdata: 00000000, mem_addr: 00000000, mem_rdata: 00000000, mem_wdata: 00000000
0000000000000000
ClkCycle:       8766, pc_rdata: 00008662, pc_wdata: 00008666, insn: 6171fef0, mode: 3, rs1_addr:  1, rs1_rdata: 0000b118, rs2_addr: 15, rs2_rdata: 00000000, rd_addr:  0, rd_wdata: 0000b0f8, mem_addr: 0000b0f8, mem_rdata: 00000000, mem_wdata: 00000000
ClkCycle:       8767, pc_rdata: 00008666, pc_wdata: 0000866a, insn: 6171fef0, mode: 3, rs1_addr:  0, rs1_rdata: 00000000, rs2_addr:  0, rs2_rdata: 00000000, rd_addr:  0, rd_wdata: 00000000, mem_addr: 00000000, mem_rdata: 00000000, mem_wdata: 00000000
ClkCycle:       8768, pc_rdata: 0000866a, pc_wdata: 0000866c, insn: fdf00113, mode: 3, rs1_addr:  2, rs1_rdata: ffffffb7, rs2_addr: 16, rs2_rdata: 7d5bfddb, rd_addr:  2, rd_wdata: 00000107, mem_addr: 00000107, mem_rdata: 00000000, mem_wdata: 7d5bfddb
ClkCycle:       8769, pc_rdata: 0000866c, pc_wdata: 00008670, insn: fdf00113, mode: 3, rs1_addr:  0, rs1_rdata: 00000000, rs2_addr: 31, rs2_rdata: 00000000, rd_addr:  2, rd_wdata: ffffffdf, mem_addr: ffffffdf, mem_rdata: 00000000, mem_wdata: 00000000
ClkCycle:       8770, pc_rdata: 00008670, pc_wdata: 00008672, insn: b823716d, mode: 3, rs1_addr:  2, rs1_rdata: ffffffb7, rs2_addr: 16, rs2_rdata: 7d5bfddb, rd_addr:  2, rd_wdata: fffffecf, mem_addr: fffffecf, mem_rdata: 00000000, mem_wdata: 7d5bfddb
ClkCycle:       8771, pc_rdata: 00008672, pc_wdata: 00008676, insn: b823716d, mode: 3, rs1_addr:  0, rs1_rdata: 00000000, rs2_addr:  0, rs2_rdata: 00000000, rd_addr:  0, rd_wdata: 00000000, mem_addr: 00000000, mem_rdata: 00000000, mem_wdata: 00000000
0000000000000000
ClkCycle:       8772, pc_rdata: 00008676, pc_wdata: 0000867a, insn: 7135fbf0, mode: 3, rs1_addr:  1, rs1_rdata: 0000b118, rs2_addr: 31, rs2_rdata: 00000000, rd_addr: 16, rd_wdata: 0000b0c8, mem_addr: 0000b0c8, mem_rdata: 00000000, mem_wdata: 00000000
ClkCycle:       8773, pc_rdata: 0000867a, pc_wdata: 0000867e, insn: 7135fbf0, mode: 3, rs1_addr:  0, rs1_rdata: 00000000, rs2_addr:  0, rs2_rdata: 00000000, rd_addr:  0, rd_wdata: 00000000, mem_addr: 00000000, mem_rdata: 00000000, mem_wdata: 00000000
ClkCycle:       8774, pc_rdata: 0000867e, pc_wdata: 00008680, insn: f7f00113, mode: 3, rs1_addr:  2, rs1_rdata: fffffecf, rs2_addr:  0, rs2_rdata: 00000000, rd_addr:  2, rd_wdata: fffffe2f, mem_addr: fffffe2f, mem_rdata: 00000000, mem_wdata: 00000000
ClkCycle:       8775, pc_rdata: 00008680, pc_wdata: 00008684, insn: f7f00113, mode: 3, rs1_addr:  0, rs1_rdata: 00000000, rs2_addr: 31, rs2_rdata: 00000000, rd_addr:  2, rd_wdata: ffffff7f, mem_addr: ffffff7f, mem_rdata: 00000000, mem_wdata: 00000000
ClkCycle:       8776, pc_rdata: 00008684, pc_wdata: 00008686, insn: b0237101, mode: 3, rs1_addr:  2, rs1_rdata: fffffecf, rs2_addr:  0, rs2_rdata: 00000000, rd_addr:  2, rd_wdata: fffffd7f, mem_addr: fffffd7f, mem_rdata: 00000000, mem_wdata: 00000000
ClkCycle:       8777, pc_rdata: 00008686, pc_wdata: 0000868a, insn: b0237101, mode: 3, rs1_addr:  0, rs1_rdata: 00000000, rs2_addr:  0, rs2_rdata: 00000000, rd_addr:  0, rd_wdata: 00000000, mem_addr: 00000000, mem_rdata: 00000000, mem_wdata: 00000000
0000000000000000
ClkCycle:       8778, pc_rdata: 0000868a, pc_wdata: 0000868e, insn: 7139eff0, mode: 3, rs1_addr:  1, rs1_rdata: 0000b118, rs2_addr: 31, rs2_rdata: 00000000, rd_addr:  0, rd_wdata: 0000aff8, mem_addr: 0000aff8, mem_rdata: 00000000, mem_wdata: 00000000
ClkCycle:       8779, pc_rdata: 0000868e, pc_wdata: 00008692, insn: 7139eff0, mode: 3, rs1_addr:  0, rs1_rdata: 00000000, rs2_addr:  0, rs2_rdata: 00000000, rd_addr:  0, rd_wdata: 00000000, mem_addr: 00000000, mem_rdata: 00000000, mem_wdata: 00000000
ClkCycle:       8780, pc_rdata: 00008692, pc_wdata: 00008694, insn: dff00113, mode: 3, rs1_addr:  2, rs1_rdata: fffffd7f, rs2_addr:  0, rs2_rdata: 00000000, rd_addr:  2, rd_wdata: fffffd3f, mem_addr: fffffd3f, mem_rdata: 00000000, mem_wdata: 00000000
ClkCycle:       8781, pc_rdata: 00008694, pc_wdata: 00008698, insn: dff00113, mode: 3, rs1_addr:  0, rs1_rdata: 00000000, rs2_addr: 31, rs2_rdata: 00000000, rd_addr:  2, rd_wdata: fffffdff, mem_addr: fffffdff, mem_rdata: 00000000, mem_wdata: 00000000
ClkCycle:       8782, pc_rdata: 00008698, pc_wdata: 0000869a, insn: b8236125, mode: 3, rs1_addr:  2, rs1_rdata: fffffd7f, rs2_addr:  0, rs2_rdata: 00000000, rd_addr:  2, rd_wdata: fffffe5f, mem_addr: fffffe5f, mem_rdata: 00000000, mem_wdata: 00000000
ClkCycle:       8783, pc_rdata: 0000869a, pc_wdata: 0000869e, insn: b8236125, mode: 3, rs1_addr:  0, rs1_rdata: 00000000, rs2_addr:  0, rs2_rdata: 00000000, rd_addr:  0, rd_wdata: 00000000, mem_addr: 00000000, mem_rdata: 00000000, mem_wdata: 00000000
0000000000000000
ClkCycle:       8784, pc_rdata: 0000869e, pc_wdata: 000086a2, insn: 617dbff0, mode: 3, rs1_addr:  1, rs1_rdata: 0000b118, rs2_addr: 31, rs2_rdata: 00000000, rd_addr: 16, rd_wdata: 0000ad08, mem_addr: 0000ad08, mem_rdata: 00000000, mem_wdata: 00000000
ClkCycle:       8785, pc_rdata: 000086a2, pc_wdata: 000086a6, insn: 617dbff0, mode: 3, rs1_addr:  0, rs1_rdata: 00000000, rs2_addr:  0, rs2_rdata: 00000000, rd_addr:  0, rd_wdata: 00000000, mem_addr: 00000000, mem_rdata: 00000000, mem_wdata: 00000000
ClkCycle:       8786, pc_rdata: 000086a6, pc_wdata: 000086a8, insn: 00100113, mode: 3, rs1_addr:  2, rs1_rdata: fffffe5f, rs2_addr: 16, rs2_rdata: 7d5bfddb, rd_addr:  2, rd_wdata: 0000004f, mem_addr: 0000004f, mem_rdata: 00000000, mem_wdata: 7d5bfddb
ClkCycle:       8787, pc_rdata: 000086a8, pc_wdata: 000086ac, insn: 00100113, mode: 3, rs1_addr:  0, rs1_rdata: 00000000, rs2_addr:  1, rs2_rdata: 0000b118, rd_addr:  2, rd_wdata: 00000001, mem_addr: 00000001, mem_rdata: 00000000, mem_wdata: 0000b118
ClkCycle:       8788, pc_rdata: 000086ac, pc_wdata: 000086b0, insn: 00b11113, mode: 3, rs1_addr:  2, rs1_rdata: fffffe5f, rs2_addr: 11, rs2_rdata: 00000000, rd_addr:  2, rd_wdata: 00000800, mem_addr: 00000800, mem_rdata: 00000000, mem_wdata: 00000000
ClkCycle:       8789, pc_rdata: 000086b0, pc_wdata: 000086b4, insn: fff14113, mode: 3, rs1_addr:  2, rs1_rdata: 0000004f, rs2_addr: 31, rs2_rdata: 00000000, rd_addr:  2, rd_wdata: fffff7ff, mem_addr: fffff7ff, mem_rdata: 00000000, mem_wdata: 00000000
ClkCycle:       8790, pc_rdata: 000086b4, pc_wdata: 000086b6, insn: b0236121, mode: 3, rs1_addr:  2, rs1_rdata: 00000001, rs2_addr:  0, rs2_rdata: 00000000, rd_addr:  2, rd_wdata: fffff83f, mem_addr: fffff83f, mem_rdata: 00000000, mem_wdata: 00000000
ClkCycle:       8791, pc_rdata: 000086b6, pc_wdata: 000086ba, insn: b0236121, mode: 3, rs1_addr:  0, rs1_rdata: 00000000, rs2_addr:  0, rs2_rdata: 00000000, rd_addr:  0, rd_wdata: 00000000, mem_addr: 00000000, mem_rdata: 00000000, mem_wdata: 00000000
000000010000b118
ClkCycle:       8792, pc_rdata: 000086ba, pc_wdata: 000086be, insn: 11130010, mode: 3, rs1_addr:  1, rs1_rdata: 0000b118, rs2_addr:  1, rs2_rdata: 0000b118, rd_addr:  0, rd_wdata: 0000b118, mem_addr: 0000b118, mem_rdata: 00000000, mem_wdata: 0000b118
ClkCycle:       8793, pc_rdata: 000086be, pc_wdata: 000086c2, insn: 11130010, mode: 3, rs1_addr:  0, rs1_rdata: 00000000, rs2_addr:  0, rs2_rdata: 00000000, rd_addr:  0, rd_wdata: 00000000, mem_addr: 00000000, mem_rdata: 00000000, mem_wdata: 00000000
ClkCycle:       8794, pc_rdata: 000086c2, pc_wdata: 000086c6, insn: 6161fff1, mode: 3, rs1_addr:  2, rs1_rdata: fffff83f, rs2_addr: 31, rs2_rdata: 00000000, rd_addr:  2, rd_wdata: 80000000, mem_addr: 80000000, mem_rdata: 00000000, mem_wdata: 00000000
ClkCycle:       8795, pc_rdata: 000086c6, pc_wdata: 000086ca, insn: 6161fff1, mode: 3, rs1_addr:  0, rs1_rdata: 00000000, rs2_addr:  0, rs2_rdata: 00000000, rd_addr:  0, rd_wdata: 00000000, mem_addr: 00000000, mem_rdata: 00000000, mem_wdata: 00000000
ClkCycle:       8796, pc_rdata: 000086ca, pc_wdata: 000086cc, insn: 00100113, mode: 3, rs1_addr:  2, rs1_rdata: fffff83f, rs2_addr: 16, rs2_rdata: 7d5bfddb, rd_addr:  2, rd_wdata: 80000050, mem_addr: 80000050, mem_rdata: 00000000, mem_wdata: 7d5bfddb
ClkCycle:       8797, pc_rdata: 000086cc, pc_wdata: 000086d0, insn: 00100113, mode: 3, rs1_addr:  0, rs1_rdata: 00000000, rs2_addr:  1, rs2_rdata: 0000b118, rd_addr:  2, rd_wdata: 00000001, mem_addr: 00000001, mem_rdata: 00000000, mem_wdata: 0000b118
ClkCycle:       8798, pc_rdata: 000086d0, pc_wdata: 000086d4, insn: 00d11113, mode: 3, rs1_addr:  2, rs1_rdata: 80000000, rs2_addr: 13, rs2_rdata: 00000000, rd_addr:  2, rd_wdata: 00002000, mem_addr: 00002000, mem_rdata: 00000000, mem_wdata: 00000000
ClkCycle:       8799, pc_rdata: 000086d4, pc_wdata: 000086d8, insn: fff14113, mode: 3, rs1_addr:  2, rs1_rdata: 80000050, rs2_addr: 31, rs2_rdata: 00000000, rd_addr:  2, rd_wdata: ffffdfff, mem_addr: ffffdfff, mem_rdata: 00000000, mem_wdata: 00000000
ClkCycle:       8800, pc_rdata: 000086d8, pc_wdata: 000086da, insn: b823717d, mode: 3, rs1_addr:  2, rs1_rdata: 00000001, rs2_addr: 16, rs2_rdata: 7d5bfddb, rd_addr:  2, rd_wdata: ffffdfef, mem_addr: ffffdfef, mem_rdata: 00000000, mem_wdata: 7d5bfddb
ClkCycle:       8801, pc_rdata: 000086da, pc_wdata: 000086de, insn: b823717d, mode: 3, rs1_addr:  0, rs1_rdata: 00000000, rs2_addr:  0, rs2_rdata: 00000000, rd_addr:  0, rd_wdata: 00000000, mem_addr: 00000000, mem_rdata: 00000000, mem_wdata: 00000000
000000010000b118
ClkCycle:       8802, pc_rdata: 000086de, pc_wdata: 000086e2, insn: 11130010, mode: 3, rs1_addr:  1, rs1_rdata: 0000b118, rs2_addr:  1, rs2_rdata: 0000b118, rd_addr: 16, rd_wdata: 0000b128, mem_addr: 0000b128, mem_rdata: 00000000, mem_wdata: 0000b118
ClkCycle:       8803, pc_rdata: 000086e2, pc_wdata: 000086e6, insn: 11130010, mode: 3, rs1_addr:  0, rs1_rdata: 00000000, rs2_addr:  0, rs2_rdata: 00000000, rd_addr:  0, rd_wdata: 00000000, mem_addr: 00000000, mem_rdata: 00000000, mem_wdata: 00000000
ClkCycle:       8804, pc_rdata: 000086e6, pc_wdata: 000086ea, insn: 7111fff1, mode: 3, rs1_addr:  2, rs1_rdata: ffffdfef, rs2_addr: 31, rs2_rdata: 00000000, rd_addr:  2, rd_wdata: 80000000, mem_addr: 80000000, mem_rdata: 00000000, mem_wdata: 00000000
ClkCycle:       8805, pc_rdata: 000086ea, pc_wdata: 000086ee, insn: 7111fff1, mode: 3, rs1_addr:  0, rs1_rdata: 00000000, rs2_addr:  0, rs2_rdata: 00000000, rd_addr:  0, rd_wdata: 00000000, mem_addr: 00000000, mem_rdata: 00000000, mem_wdata: 00000000
ClkCycle:       8806, pc_rdata: 000086ee, pc_wdata: 000086f0, insn: 00100113, mode: 3, rs1_addr:  2, rs1_rdata: ffffdfef, rs2_addr:  0, rs2_rdata: 00000000, rd_addr:  2, rd_wdata: 7fffff00, mem_addr: 7fffff00, mem_rdata: 00000000, mem_wdata: 00000000
ClkCycle:       8807, pc_rdata: 000086f0, pc_wdata: 000086f4, insn: 00100113, mode: 3, rs1_addr:  0, rs1_rdata: 00000000, rs2_addr:  1, rs2_rdata: 0000b118, rd_addr:  2, rd_wdata: 00000001, mem_addr: 00000001, mem_rdata: 00000000, mem_wdata: 0000b118
ClkCycle:       8808, pc_rdata: 000086f4, pc_wdata: 000086f8, insn: 00f11113, mode: 3, rs1_addr:  2, rs1_rdata: 80000000, rs2_addr: 15, rs2_rdata: 00000000, rd_addr:  2, rd_wdata: 00008000, mem_addr: 00008000, mem_rdata: 00000000, mem_wdata: 00000000
ClkCycle:       8809, pc_rdata: 000086f8, pc_wdata: 000086fc, insn: fff14113, mode: 3, rs1_addr:  2, rs1_rdata: 7fffff00, rs2_addr: 31, rs2_rdata: 00000000, rd_addr:  2, rd_wdata: ffff7fff, mem_addr: ffff7fff, mem_rdata: 00000000, mem_wdata: 00000000
ClkCycle:       8810, pc_rdata: 000086fc, pc_wdata: 000086fe, insn: b0236165, mode: 3, rs1_addr:  2, rs1_rdata: 00000001, rs2_addr: 16, rs2_rdata: 7d5bfddb, rd_addr:  2, rd_wdata: ffff806f, mem_addr: ffff806f, mem_rdata: 00000000, mem_wdata: 7d5bfddb
ClkCycle:       8811, pc_rdata: 000086fe, pc_wdata: 00008702, insn: b0236165, mode: 3, rs1_addr:  0, rs1_rdata: 00000000, rs2_addr:  0, rs2_rdata: 00000000, rd_addr:  0, rd_wdata: 00000000, mem_addr: 00000000, mem_rdata: 00000000, mem_wdata: 00000000
000000010000b118
ClkCycle:       8812, pc_rdata: 00008702, pc_wdata: 00008706, insn: 11130010, mode: 3, rs1_addr:  1, rs1_rdata: 0000b118, rs2_addr:  1, rs2_rdata: 0000b118, rd_addr:  0, rd_wdata: 0000b118, mem_addr: 0000b118, mem_rdata: 00000000, mem_wdata: 0000b118
ClkCycle:       8813, pc_rdata: 00008706, pc_wdata: 0000870a, insn: 11130010, mode: 3, rs1_addr:  0, rs1_rdata: 00000000, rs2_addr:  0, rs2_rdata: 00000000, rd_addr:  0, rd_wdata: 00000000, mem_addr: 00000000, mem_rdata: 00000000, mem_wdata: 00000000
ClkCycle:       8814, pc_rdata: 0000870a, pc_wdata: 0000870e, insn: 6149fff1, mode: 3, rs1_addr:  2, rs1_rdata: ffff806f, rs2_addr: 31, rs2_rdata: 00000000, rd_addr:  2, rd_wdata: 80000000, mem_addr: 80000000, mem_rdata: 00000000, mem_wdata: 00000000
ClkCycle:       8815, pc_rdata: 0000870e, pc_wdata: 00008712, insn: 6149fff1, mode: 3, rs1_addr:  0, rs1_rdata: 00000000, rs2_addr:  0, rs2_rdata: 00000000, rd_addr:  0, rd_wdata: 00000000, mem_addr: 00000000, mem_rdata: 00000000, mem_wdata: 00000000
ClkCycle:       8816, pc_rdata: 00008712, pc_wdata: 00008714, insn: 00100113, mode: 3, rs1_addr:  2, rs1_rdata: ffff806f, rs2_addr: 16, rs2_rdata: 7d5bfddb, rd_addr:  2, rd_wdata: 80000090, mem_addr: 80000090, mem_rdata: 00000000, mem_wdata: 7d5bfddb
ClkCycle:       8817, pc_rdata: 00008714, pc_wdata: 00008718, insn: 00100113, mode: 3, rs1_addr:  0, rs1_rdata: 00000000, rs2_addr:  1, rs2_rdata: 0000b118, rd_addr:  2, rd_wdata: 00000001, mem_addr: 00000001, mem_rdata: 00000000, mem_wdata: 0000b118
ClkCycle:       8818, pc_rdata: 00008718, pc_wdata: 0000871c, insn: 01211113, mode: 3, rs1_addr:  2, rs1_rdata: 80000000, rs2_addr: 18, rs2_rdata: ffdbffff, rd_addr:  2, rd_wdata: 00040000, mem_addr: 00040000, mem_rdata: 00000000, mem_wdata: ffdbffff
ClkCycle:       8819, pc_rdata: 0000871c, pc_wdata: 00008720, insn: fff14113, mode: 3, rs1_addr:  2, rs1_rdata: 80000090, rs2_addr: 31, rs2_rdata: 00000000, rd_addr:  2, rd_wdata: fffbffff, mem_addr: fffbffff, mem_rdata: 00000000, mem_wdata: 00000000
ClkCycle:       8820, pc_rdata: 00008720, pc_wdata: 00008722, insn: b8236109, mode: 3, rs1_addr:  2, rs1_rdata: 00000001, rs2_addr:  0, rs2_rdata: 00000000, rd_addr:  2, rd_wdata: fffc007f, mem_addr: fffc007f, mem_rdata: 00000000, mem_wdata: 00000000
ClkCycle:       8821, pc_rdata: 00008722, pc_wdata: 00008726, insn: b8236109, mode: 3, rs1_addr:  0, rs1_rdata: 00000000, rs2_addr:  0, rs2_rdata: 00000000, rd_addr:  0, rd_wdata: 00000000, mem_addr: 00000000, mem_rdata: 00000000, mem_wdata: 00000000
000000010000b118
ClkCycle:       8822, pc_rdata: 00008726, pc_wdata: 0000872a, insn: 11130010, mode: 3, rs1_addr:  1, rs1_rdata: 0000b118, rs2_addr:  1, rs2_rdata: 0000b118, rd_addr: 16, rd_wdata: 0000b128, mem_addr: 0000b128, mem_rdata: 00000000, mem_wdata: 0000b118
ClkCycle:       8823, pc_rdata: 0000872a, pc_wdata: 0000872e, insn: 11130010, mode: 3, rs1_addr:  0, rs1_rdata: 00000000, rs2_addr:  0, rs2_rdata: 00000000, rd_addr:  0, rd_wdata: 00000000, mem_addr: 00000000, mem_rdata: 00000000, mem_wdata: 00000000
ClkCycle:       8824, pc_rdata: 0000872e, pc_wdata: 00008732, insn: 6149fff1, mode: 3, rs1_addr:  2, rs1_rdata: fffc007f, rs2_addr: 31, rs2_rdata: 00000000, rd_addr:  2, rd_wdata: 80000000, mem_addr: 80000000, mem_rdata: 00000000, mem_wdata: 00000000
ClkCycle:       8825, pc_rdata: 00008732, pc_wdata: 00008736, insn: 6149fff1, mode: 3, rs1_addr:  0, rs1_rdata: 00000000, rs2_addr:  0, rs2_rdata: 00000000, rd_addr:  0, rd_wdata: 00000000, mem_addr: 00000000, mem_rdata: 00000000, mem_wdata: 00000000
ClkCycle:       8826, pc_rdata: 00008736, pc_wdata: 00008738, insn: 00100113, mode: 3, rs1_addr:  2, rs1_rdata: fffc007f, rs2_addr: 16, rs2_rdata: 7d5bfddb, rd_addr:  2, rd_wdata: 80000090, mem_addr: 80000090, mem_rdata: 00000000, mem_wdata: 7d5bfddb
ClkCycle:       8827, pc_rdata: 00008738, pc_wdata: 0000873c, insn: 00100113, mode: 3, rs1_addr:  0, rs1_rdata: 00000000, rs2_addr:  1, rs2_rdata: 0000b118, rd_addr:  2, rd_wdata: 00000001, mem_addr: 00000001, mem_rdata: 00000000, mem_wdata: 0000b118
ClkCycle:       8828, pc_rdata: 0000873c, pc_wdata: 00008740, insn: 01411113, mode: 3, rs1_addr:  2, rs1_rdata: 80000000, rs2_addr: 20, rs2_rdata: d5bfff6f, rd_addr:  2, rd_wdata: 00100000, mem_addr: 00100000, mem_rdata: 00000000, mem_wdata: d5bfff6f
ClkCycle:       8829, pc_rdata: 00008740, pc_wdata: 00008744, insn: fff14113, mode: 3, rs1_addr:  2, rs1_rdata: 80000090, rs2_addr: 31, rs2_rdata: 00000000, rd_addr:  2, rd_wdata: ffefffff, mem_addr: ffefffff, mem_rdata: 00000000, mem_wdata: 00000000
ClkCycle:       8830, pc_rdata: 00008744, pc_wdata: 00008746, insn: b023717d, mode: 3, rs1_addr:  2, rs1_rdata: 00000001, rs2_addr: 16, rs2_rdata: 7d5bfddb, rd_addr:  2, rd_wdata: ffefffef, mem_addr: ffefffef, mem_rdata: 00000000, mem_wdata: 7d5bfddb
ClkCycle:       8831, pc_rdata: 00008746, pc_wdata: 0000874a, insn: b023717d, mode: 3, rs1_addr:  0, rs1_rdata: 00000000, rs2_addr:  0, rs2_rdata: 00000000, rd_addr:  0, rd_wdata: 00000000, mem_addr: 00000000, mem_rdata: 00000000, mem_wdata: 00000000
000000010000b118
ClkCycle:       8832, pc_rdata: 0000874a, pc_wdata: 0000874e, insn: 11130010, mode: 3, rs1_addr:  1, rs1_rdata: 0000b118, rs2_addr:  1, rs2_rdata: 0000b118, rd_addr:  0, rd_wdata: 0000b118, mem_addr: 0000b118, mem_rdata: 00000000, mem_wdata: 0000b118
ClkCycle:       8833, pc_rdata: 0000874e, pc_wdata: 00008752, insn: 11130010, mode: 3, rs1_addr:  0, rs1_rdata: 00000000, rs2_addr:  0, rs2_rdata: 00000000, rd_addr:  0, rd_wdata: 00000000, mem_addr: 00000000, mem_rdata: 00000000, mem_wdata: 00000000
ClkCycle:       8834, pc_rdata: 00008752, pc_wdata: 00008756, insn: 6145fff1, mode: 3, rs1_addr:  2, rs1_rdata: ffefffef, rs2_addr: 31, rs2_rdata: 00000000, rd_addr:  2, rd_wdata: 80000000, mem_addr: 80000000, mem_rdata: 00000000, mem_wdata: 00000000
ClkCycle:       8835, pc_rdata: 00008756, pc_wdata: 0000875a, insn: 6145fff1, mode: 3, rs1_addr:  0, rs1_rdata: 00000000, rs2_addr:  0, rs2_rdata: 00000000, rd_addr:  0, rd_wdata: 00000000, mem_addr: 00000000, mem_rdata: 00000000, mem_wdata: 00000000
ClkCycle:       8836, pc_rdata: 0000875a, pc_wdata: 0000875c, insn: 00100113, mode: 3, rs1_addr:  2, rs1_rdata: ffefffef, rs2_addr: 16, rs2_rdata: 7d5bfddb, rd_addr:  2, rd_wdata: 80000030, mem_addr: 80000030, mem_rdata: 00000000, mem_wdata: 7d5bfddb
ClkCycle:       8837, pc_rdata: 0000875c, pc_wdata: 00008760, insn: 00100113, mode: 3, rs1_addr:  0, rs1_rdata: 00000000, rs2_addr:  1, rs2_rdata: 0000b118, rd_addr:  2, rd_wdata: 00000001, mem_addr: 00000001, mem_rdata: 00000000, mem_wdata: 0000b118
ClkCycle:       8838, pc_rdata: 00008760, pc_wdata: 00008764, insn: 01611113, mode: 3, rs1_addr:  2, rs1_rdata: 80000000, rs2_addr: 22, rs2_rdata: 001f56ff, rd_addr:  2, rd_wdata: 00400000, mem_addr: 00400000, mem_rdata: 00000000, mem_wdata: 001f56ff
ClkCycle:       8839, pc_rdata: 00008764, pc_wdata: 00008768, insn: fff14113, mode: 3, rs1_addr:  2, rs1_rdata: 80000030, rs2_addr: 31, rs2_rdata: 00000000, rd_addr:  2, rd_wdata: ffbfffff, mem_addr: ffbfffff, mem_rdata: 00000000, mem_wdata: 00000000
ClkCycle:       8840, pc_rdata: 00008768, pc_wdata: 0000876a, insn: b8236109, mode: 3, rs1_addr:  2, rs1_rdata: 00000001, rs2_addr:  0, rs2_rdata: 00000000, rd_addr:  2, rd_wdata: ffc0007f, mem_addr: ffc0007f, mem_rdata: 00000000, mem_wdata: 00000000
ClkCycle:       8841, pc_rdata: 0000876a, pc_wdata: 0000876e, insn: b8236109, mode: 3, rs1_addr:  0, rs1_rdata: 00000000, rs2_addr:  0, rs2_rdata: 00000000, rd_addr:  0, rd_wdata: 00000000, mem_addr: 00000000, mem_rdata: 00000000, mem_wdata: 00000000
000000010000b118
ClkCycle:       8842, pc_rdata: 0000876e, pc_wdata: 00008772, insn: 11130010, mode: 3, rs1_addr:  1, rs1_rdata: 0000b118, rs2_addr:  1, rs2_rdata: 0000b118, rd_addr: 16, rd_wdata: 0000b128, mem_addr: 0000b128, mem_rdata: 00000000, mem_wdata: 0000b118
ClkCycle:       8843, pc_rdata: 00008772, pc_wdata: 00008776, insn: 11130010, mode: 3, rs1_addr:  0, rs1_rdata: 00000000, rs2_addr:  0, rs2_rdata: 00000000, rd_addr:  0, rd_wdata: 00000000, mem_addr: 00000000, mem_rdata: 00000000, mem_wdata: 00000000
ClkCycle:       8844, pc_rdata: 00008776, pc_wdata: 0000877a, insn: 6105fff1, mode: 3, rs1_addr:  2, rs1_rdata: ffc0007f, rs2_addr: 31, rs2_rdata: 00000000, rd_addr:  2, rd_wdata: 80000000, mem_addr: 80000000, mem_rdata: 00000000, mem_wdata: 00000000
ClkCycle:       8845, pc_rdata: 0000877a, pc_wdata: 0000877e, insn: 6105fff1, mode: 3, rs1_addr:  0, rs1_rdata: 00000000, rs2_addr:  0, rs2_rdata: 00000000, rd_addr:  0, rd_wdata: 00000000, mem_addr: 00000000, mem_rdata: 00000000, mem_wdata: 00000000
ClkCycle:       8846, pc_rdata: 0000877e, pc_wdata: 00008780, insn: 00100113, mode: 3, rs1_addr:  2, rs1_rdata: ffc0007f, rs2_addr:  0, rs2_rdata: 00000000, rd_addr:  2, rd_wdata: 80000020, mem_addr: 80000020, mem_rdata: 00000000, mem_wdata: 00000000
ClkCycle:       8847, pc_rdata: 00008780, pc_wdata: 00008784, insn: 00100113, mode: 3, rs1_addr:  0, rs1_rdata: 00000000, rs2_addr:  1, rs2_rdata: 0000b118, rd_addr:  2, rd_wdata: 00000001, mem_addr: 00000001, mem_rdata: 00000000, mem_wdata: 0000b118
ClkCycle:       8848, pc_rdata: 00008784, pc_wdata: 00008788, insn: 01811113, mode: 3, rs1_addr:  2, rs1_rdata: 80000000, rs2_addr: 24, rs2_rdata: 0000007d, rd_addr:  2, rd_wdata: 01000000, mem_addr: 01000000, mem_rdata: 00000000, mem_wdata: 0000007d
ClkCycle:       8849, pc_rdata: 00008788, pc_wdata: 0000878c, insn: fff14113, mode: 3, rs1_addr:  2, rs1_rdata: 80000020, rs2_addr: 31, rs2_rdata: 00000000, rd_addr:  2, rd_wdata: feffffff, mem_addr: feffffff, mem_rdata: 00000000, mem_wdata: 00000000
ClkCycle:       8850, pc_rdata: 0000878c, pc_wdata: 0000878e, insn: b0236109, mode: 3, rs1_addr:  2, rs1_rdata: 00000001, rs2_addr:  0, rs2_rdata: 00000000, rd_addr:  2, rd_wdata: ff00007f, mem_addr: ff00007f, mem_rdata: 00000000, mem_wdata: 00000000
ClkCycle:       8851, pc_rdata: 0000878e, pc_wdata: 00008792, insn: b0236109, mode: 3, rs1_addr:  0, rs1_rdata: 00000000, rs2_addr:  0, rs2_rdata: 00000000, rd_addr:  0, rd_wdata: 00000000, mem_addr: 00000000, mem_rdata: 00000000, mem_wdata: 00000000
000000010000b118
ClkCycle:       8852, pc_rdata: 00008792, pc_wdata: 00008796, insn: 11130010, mode: 3, rs1_addr:  1, rs1_rdata: 0000b118, rs2_addr:  1, rs2_rdata: 0000b118, rd_addr:  0, rd_wdata: 0000b118, mem_addr: 0000b118, mem_rdata: 00000000, mem_wdata: 0000b118
ClkCycle:       8853, pc_rdata: 00008796, pc_wdata: 0000879a, insn: 11130010, mode: 3, rs1_addr:  0, rs1_rdata: 00000000, rs2_addr:  0, rs2_rdata: 00000000, rd_addr:  0, rd_wdata: 00000000, mem_addr: 00000000, mem_rdata: 00000000, mem_wdata: 00000000
ClkCycle:       8854, pc_rdata: 0000879a, pc_wdata: 0000879e, insn: 6145fff1, mode: 3, rs1_addr:  2, rs1_rdata: ff00007f, rs2_addr: 31, rs2_rdata: 00000000, rd_addr:  2, rd_wdata: 80000000, mem_addr: 80000000, mem_rdata: 00000000, mem_wdata: 00000000
ClkCycle:       8855, pc_rdata: 0000879e, pc_wdata: 000087a2, insn: 6145fff1, mode: 3, rs1_addr:  0, rs1_rdata: 00000000, rs2_addr:  0, rs2_rdata: 00000000, rd_addr:  0, rd_wdata: 00000000, mem_addr: 00000000, mem_rdata: 00000000, mem_wdata: 00000000
ClkCycle:       8856, pc_rdata: 000087a2, pc_wdata: 000087a4, insn: 00100113, mode: 3, rs1_addr:  2, rs1_rdata: ff00007f, rs2_addr: 16, rs2_rdata: 7d5bfddb, rd_addr:  2, rd_wdata: 80000030, mem_addr: 80000030, mem_rdata: 00000000, mem_wdata: 7d5bfddb
ClkCycle:       8857, pc_rdata: 000087a4, pc_wdata: 000087a8, insn: 00100113, mode: 3, rs1_addr:  0, rs1_rdata: 00000000, rs2_addr:  1, rs2_rdata: 0000b118, rd_addr:  2, rd_wdata: 00000001, mem_addr: 00000001, mem_rdata: 00000000, mem_wdata: 0000b118
ClkCycle:       8858, pc_rdata: 000087a8, pc_wdata: 000087ac, insn: 01a11113, mode: 3, rs1_addr:  2, rs1_rdata: 80000000, rs2_addr: 26, rs2_rdata: 00000000, rd_addr:  2, rd_wdata: 04000000, mem_addr: 04000000, mem_rdata: 00000000, mem_wdata: 00000000
ClkCycle:       8859, pc_rdata: 000087ac, pc_wdata: 000087b0, insn: fff14113, mode: 3, rs1_addr:  2, rs1_rdata: 80000030, rs2_addr: 31, rs2_rdata: 00000000, rd_addr:  2, rd_wdata: fbffffff, mem_addr: fbffffff, mem_rdata: 00000000, mem_wdata: 00000000
ClkCycle:       8860, pc_rdata: 000087b0, pc_wdata: 000087b2, insn: b823715d, mode: 3, rs1_addr:  2, rs1_rdata: 00000001, rs2_addr: 16, rs2_rdata: 7d5bfddb, rd_addr:  2, rd_wdata: fbffffaf, mem_addr: fbffffaf, mem_rdata: 00000000, mem_wdata: 7d5bfddb
ClkCycle:       8861, pc_rdata: 000087b2, pc_wdata: 000087b6, insn: b823715d, mode: 3, rs1_addr:  0, rs1_rdata: 00000000, rs2_addr:  0, rs2_rdata: 00000000, rd_addr:  0, rd_wdata: 00000000, mem_addr: 00000000, mem_rdata: 00000000, mem_wdata: 00000000
000000010000b118
ClkCycle:       8862, pc_rdata: 000087b6, pc_wdata: 000087ba, insn: 11130010, mode: 3, rs1_addr:  1, rs1_rdata: 0000b118, rs2_addr:  1, rs2_rdata: 0000b118, rd_addr: 16, rd_wdata: 0000b128, mem_addr: 0000b128, mem_rdata: 00000000, mem_wdata: 0000b118
ClkCycle:       8863, pc_rdata: 000087ba, pc_wdata: 000087be, insn: 11130010, mode: 3, rs1_addr:  0, rs1_rdata: 00000000, rs2_addr:  0, rs2_rdata: 00000000, rd_addr:  0, rd_wdata: 00000000, mem_addr: 00000000, mem_rdata: 00000000, mem_wdata: 00000000
ClkCycle:       8864, pc_rdata: 000087be, pc_wdata: 000087c2, insn: 6145fff1, mode: 3, rs1_addr:  2, rs1_rdata: fbffffaf, rs2_addr: 31, rs2_rdata: 00000000, rd_addr:  2, rd_wdata: 80000000, mem_addr: 80000000, mem_rdata: 00000000, mem_wdata: 00000000
ClkCycle:       8865, pc_rdata: 000087c2, pc_wdata: 000087c6, insn: 6145fff1, mode: 3, rs1_addr:  0, rs1_rdata: 00000000, rs2_addr:  0, rs2_rdata: 00000000, rd_addr:  0, rd_wdata: 00000000, mem_addr: 00000000, mem_rdata: 00000000, mem_wdata: 00000000
ClkCycle:       8866, pc_rdata: 000087c6, pc_wdata: 000087c8, insn: 00100113, mode: 3, rs1_addr:  2, rs1_rdata: fbffffaf, rs2_addr: 16, rs2_rdata: 7d5bfddb, rd_addr:  2, rd_wdata: 80000030, mem_addr: 80000030, mem_rdata: 00000000, mem_wdata: 7d5bfddb
ClkCycle:       8867, pc_rdata: 000087c8, pc_wdata: 000087cc, insn: 00100113, mode: 3, rs1_addr:  0, rs1_rdata: 00000000, rs2_addr:  1, rs2_rdata: 0000b118, rd_addr:  2, rd_wdata: 00000001, mem_addr: 00000001, mem_rdata: 00000000, mem_wdata: 0000b118
ClkCycle:       8868, pc_rdata: 000087cc, pc_wdata: 000087d0, insn: 01c11113, mode: 3, rs1_addr:  2, rs1_rdata: 80000000, rs2_addr: 28, rs2_rdata: 00000000, rd_addr:  2, rd_wdata: 10000000, mem_addr: 10000000, mem_rdata: 00000000, mem_wdata: 00000000
ClkCycle:       8869, pc_rdata: 000087d0, pc_wdata: 000087d4, insn: fff14113, mode: 3, rs1_addr:  2, rs1_rdata: 80000030, rs2_addr: 31, rs2_rdata: 00000000, rd_addr:  2, rd_wdata: efffffff, mem_addr: efffffff, mem_rdata: 00000000, mem_wdata: 00000000
ClkCycle:       8870, pc_rdata: 000087d4, pc_wdata: 000087d6, insn: b0237179, mode: 3, rs1_addr:  2, rs1_rdata: 00000001, rs2_addr: 16, rs2_rdata: 7d5bfddb, rd_addr:  2, rd_wdata: efffffcf, mem_addr: efffffcf, mem_rdata: 00000000, mem_wdata: 7d5bfddb
ClkCycle:       8871, pc_rdata: 000087d6, pc_wdata: 000087da, insn: b0237179, mode: 3, rs1_addr:  0, rs1_rdata: 00000000, rs2_addr:  0, rs2_rdata: 00000000, rd_addr:  0, rd_wdata: 00000000, mem_addr: 00000000, mem_rdata: 00000000, mem_wdata: 00000000
000000010000b118
ClkCycle:       8872, pc_rdata: 000087da, pc_wdata: 000087de, insn: 11130010, mode: 3, rs1_addr:  1, rs1_rdata: 0000b118, rs2_addr:  1, rs2_rdata: 0000b118, rd_addr:  0, rd_wdata: 0000b118, mem_addr: 0000b118, mem_rdata: 00000000, mem_wdata: 0000b118
ClkCycle:       8873, pc_rdata: 000087de, pc_wdata: 000087e2, insn: 11130010, mode: 3, rs1_addr:  0, rs1_rdata: 00000000, rs2_addr:  0, rs2_rdata: 00000000, rd_addr:  0, rd_wdata: 00000000, mem_addr: 00000000, mem_rdata: 00000000, mem_wdata: 00000000
ClkCycle:       8874, pc_rdata: 000087e2, pc_wdata: 000087e6, insn: 7139fff1, mode: 3, rs1_addr:  2, rs1_rdata: efffffcf, rs2_addr: 31, rs2_rdata: 00000000, rd_addr:  2, rd_wdata: 80000000, mem_addr: 80000000, mem_rdata: 00000000, mem_wdata: 00000000
ClkCycle:       8875, pc_rdata: 000087e6, pc_wdata: 000087ea, insn: 7139fff1, mode: 3, rs1_addr:  0, rs1_rdata: 00000000, rs2_addr:  0, rs2_rdata: 00000000, rd_addr:  0, rd_wdata: 00000000, mem_addr: 00000000, mem_rdata: 00000000, mem_wdata: 00000000
ClkCycle:       8876, pc_rdata: 000087ea, pc_wdata: 000087ec, insn: 00100113, mode: 3, rs1_addr:  2, rs1_rdata: efffffcf, rs2_addr:  0, rs2_rdata: 00000000, rd_addr:  2, rd_wdata: 7fffffc0, mem_addr: 7fffffc0, mem_rdata: 00000000, mem_wdata: 00000000
ClkCycle:       8877, pc_rdata: 000087ec, pc_wdata: 000087f0, insn: 00100113, mode: 3, rs1_addr:  0, rs1_rdata: 00000000, rs2_addr:  1, rs2_rdata: 0000b118, rd_addr:  2, rd_wdata: 00000001, mem_addr: 00000001, mem_rdata: 00000000, mem_wdata: 0000b118
ClkCycle:       8878, pc_rdata: 000087f0, pc_wdata: 000087f4, insn: 01e11113, mode: 3, rs1_addr:  2, rs1_rdata: 80000000, rs2_addr: 30, rs2_rdata: 00000000, rd_addr:  2, rd_wdata: 40000000, mem_addr: 40000000, mem_rdata: 00000000, mem_wdata: 00000000
ClkCycle:       8879, pc_rdata: 000087f4, pc_wdata: 000087f8, insn: fff14113, mode: 3, rs1_addr:  2, rs1_rdata: 7fffffc0, rs2_addr: 31, rs2_rdata: 00000000, rd_addr:  2, rd_wdata: bfffffff, mem_addr: bfffffff, mem_rdata: 00000000, mem_wdata: 00000000
ClkCycle:       8880, pc_rdata: 000087f8, pc_wdata: 000087fa, insn: b823716d, mode: 3, rs1_addr:  2, rs1_rdata: 00000001, rs2_addr: 16, rs2_rdata: 7d5bfddb, rd_addr:  2, rd_wdata: bffffeef, mem_addr: bffffeef, mem_rdata: 00000000, mem_wdata: 7d5bfddb
ClkCycle:       8881, pc_rdata: 000087fa, pc_wdata: 000087fe, insn: b823716d, mode: 3, rs1_addr:  0, rs1_rdata: 00000000, rs2_addr:  0, rs2_rdata: 00000000, rd_addr:  0, rd_wdata: 00000000, mem_addr: 00000000, mem_rdata: 00000000, mem_wdata: 00000000
000000010000b118
ClkCycle:       8882, pc_rdata: 000087fe, pc_wdata: 00008802, insn: 11130010, mode: 3, rs1_addr:  1, rs1_rdata: 0000b118, rs2_addr:  1, rs2_rdata: 0000b118, rd_addr: 16, rd_wdata: 0000b128, mem_addr: 0000b128, mem_rdata: 00000000, mem_wdata: 0000b118
ClkCycle:       8883, pc_rdata: 00008802, pc_wdata: 00008806, insn: 11130010, mode: 3, rs1_addr:  0, rs1_rdata: 00000000, rs2_addr:  0, rs2_rdata: 00000000, rd_addr:  0, rd_wdata: 00000000, mem_addr: 00000000, mem_rdata: 00000000, mem_wdata: 00000000
ClkCycle:       8884, pc_rdata: 00008806, pc_wdata: 0000880a, insn: 711dfff1, mode: 3, rs1_addr:  2, rs1_rdata: bffffeef, rs2_addr: 31, rs2_rdata: 00000000, rd_addr:  2, rd_wdata: 80000000, mem_addr: 80000000, mem_rdata: 00000000, mem_wdata: 00000000
ClkCycle:       8885, pc_rdata: 0000880a, pc_wdata: 0000880e, insn: 711dfff1, mode: 3, rs1_addr:  0, rs1_rdata: 00000000, rs2_addr:  0, rs2_rdata: 00000000, rd_addr:  0, rd_wdata: 00000000, mem_addr: 00000000, mem_rdata: 00000000, mem_wdata: 00000000
ClkCycle:       8886, pc_rdata: 0000880e, pc_wdata: 00008810, insn: 00100113, mode: 3, rs1_addr:  2, rs1_rdata: bffffeef, rs2_addr:  0, rs2_rdata: 00000000, rd_addr:  2, rd_wdata: 7fffffa0, mem_addr: 7fffffa0, mem_rdata: 00000000, mem_wdata: 00000000
ClkCycle:       8887, pc_rdata: 00008810, pc_wdata: 00008814, insn: 00100113, mode: 3, rs1_addr:  0, rs1_rdata: 00000000, rs2_addr:  1, rs2_rdata: 0000b118, rd_addr:  2, rd_wdata: 00000001, mem_addr: 00000001, mem_rdata: 00000000, mem_wdata: 0000b118
ClkCycle:       8888, pc_rdata: 00008814, pc_wdata: 00008818, insn: 02011113, mode: 3, rs1_addr:  2, rs1_rdata: 80000000, rs2_addr:  0, rs2_rdata: 00000000, rd_addr:  2, rd_wdata: 00000001, mem_addr: 00000001, mem_rdata: 00000000, mem_wdata: 00000000
ClkCycle:       8889, pc_rdata: 00008818, pc_wdata: 0000881c, insn: fff14113, mode: 3, rs1_addr:  2, rs1_rdata: 7fffffa0, rs2_addr: 31, rs2_rdata: 00000000, rd_addr:  2, rd_wdata: fffffffe, mem_addr: fffffffe, mem_rdata: 00000000, mem_wdata: 00000000
ClkCycle:       8890, pc_rdata: 0000881c, pc_wdata: 0000881e, insn: b0236165, mode: 3, rs1_addr:  2, rs1_rdata: 00000001, rs2_addr: 16, rs2_rdata: 7d5bfddb, rd_addr:  2, rd_wdata: 0000006e, mem_addr: 0000006e, mem_rdata: 00000000, mem_wdata: 7d5bfddb
ClkCycle:       8891, pc_rdata: 0000881e, pc_wdata: 00008822, insn: b0236165, mode: 3, rs1_addr:  0, rs1_rdata: 00000000, rs2_addr:  0, rs2_rdata: 00000000, rd_addr:  0, rd_wdata: 00000000, mem_addr: 00000000, mem_rdata: 00000000, mem_wdata: 00000000
000000010000b118
ClkCycle:       8892, pc_rdata: 00008822, pc_wdata: 00008826, insn: 11130010, mode: 3, rs1_addr:  1, rs1_rdata: 0000b118, rs2_addr:  1, rs2_rdata: 0000b118, rd_addr:  0, rd_wdata: 0000b118, mem_addr: 0000b118, mem_rdata: 00000000, mem_wdata: 0000b118
ClkCycle:       8893, pc_rdata: 00008826, pc_wdata: 0000882a, insn: 11130010, mode: 3, rs1_addr:  0, rs1_rdata: 00000000, rs2_addr:  0, rs2_rdata: 00000000, rd_addr:  0, rd_wdata: 00000000, mem_addr: 00000000, mem_rdata: 00000000, mem_wdata: 00000000
ClkCycle:       8894, pc_rdata: 0000882a, pc_wdata: 0000882e, insn: 7175fff1, mode: 3, rs1_addr:  2, rs1_rdata: 0000006e, rs2_addr: 31, rs2_rdata: 00000000, rd_addr:  2, rd_wdata: 00000000, mem_addr: 00000000, mem_rdata: 00000000, mem_wdata: 00000000
ClkCycle:       8895, pc_rdata: 0000882e, pc_wdata: 00008832, insn: 7175fff1, mode: 3, rs1_addr:  0, rs1_rdata: 00000000, rs2_addr:  0, rs2_rdata: 00000000, rd_addr:  0, rd_wdata: 00000000, mem_addr: 00000000, mem_rdata: 00000000, mem_wdata: 00000000
ClkCycle:       8896, pc_rdata: 00008832, pc_wdata: 00008834, insn: 00100113, mode: 3, rs1_addr:  2, rs1_rdata: 0000006e, rs2_addr: 16, rs2_rdata: 7d5bfddb, rd_addr:  2, rd_wdata: ffffff70, mem_addr: ffffff70, mem_rdata: 00000000, mem_wdata: 7d5bfddb
ClkCycle:       8897, pc_rdata: 00008834, pc_wdata: 00008838, insn: 00100113, mode: 3, rs1_addr:  0, rs1_rdata: 00000000, rs2_addr:  1, rs2_rdata: 0000b118, rd_addr:  2, rd_wdata: 00000001, mem_addr: 00000001, mem_rdata: 00000000, mem_wdata: 0000b118
ClkCycle:       8898, pc_rdata: 00008838, pc_wdata: 0000883c, insn: 02211113, mode: 3, rs1_addr:  2, rs1_rdata: 00000000, rs2_addr:  2, rs2_rdata: 00000000, rd_addr:  2, rd_wdata: 00000004, mem_addr: 00000004, mem_rdata: 00000000, mem_wdata: 00000001
ClkCycle:       8899, pc_rdata: 0000883c, pc_wdata: 00008840, insn: fff14113, mode: 3, rs1_addr:  2, rs1_rdata: ffffff70, rs2_addr: 31, rs2_rdata: 00000000, rd_addr:  2, rd_wdata: fffffffb, mem_addr: fffffffb, mem_rdata: 00000000, mem_wdata: 00000000
ClkCycle:       8900, pc_rdata: 00008840, pc_wdata: 00008842, insn: b8237135, mode: 3, rs1_addr:  2, rs1_rdata: 00000001, rs2_addr:  0, rs2_rdata: 00000000, rd_addr:  2, rd_wdata: ffffff5b, mem_addr: ffffff5b, mem_rdata: 00000000, mem_wdata: 00000000
ClkCycle:       8901, pc_rdata: 00008842, pc_wdata: 00008846, insn: b8237135, mode: 3, rs1_addr:  0, rs1_rdata: 00000000, rs2_addr:  0, rs2_rdata: 00000000, rd_addr:  0, rd_wdata: 00000000, mem_addr: 00000000, mem_rdata: 00000000, mem_wdata: 00000000
000000010000b118
ClkCycle:       8902, pc_rdata: 00008846, pc_wdata: 0000884a, insn: 11130010, mode: 3, rs1_addr:  1, rs1_rdata: 0000b118, rs2_addr:  1, rs2_rdata: 0000b118, rd_addr: 16, rd_wdata: 0000b128, mem_addr: 0000b128, mem_rdata: 00000000, mem_wdata: 0000b118
ClkCycle:       8903, pc_rdata: 0000884a, pc_wdata: 0000884e, insn: 11130010, mode: 3, rs1_addr:  0, rs1_rdata: 00000000, rs2_addr:  0, rs2_rdata: 00000000, rd_addr:  0, rd_wdata: 00000000, mem_addr: 00000000, mem_rdata: 00000000, mem_wdata: 00000000
ClkCycle:       8904, pc_rdata: 0000884e, pc_wdata: 00008852, insn: 6149fff1, mode: 3, rs1_addr:  2, rs1_rdata: ffffff5b, rs2_addr: 31, rs2_rdata: 00000000, rd_addr:  2, rd_wdata: 80000000, mem_addr: 80000000, mem_rdata: 00000000, mem_wdata: 00000000
ClkCycle:       8905, pc_rdata: 00008852, pc_wdata: 00008856, insn: 6149fff1, mode: 3, rs1_addr:  0, rs1_rdata: 00000000, rs2_addr:  0, rs2_rdata: 00000000, rd_addr:  0, rd_wdata: 00000000, mem_addr: 00000000, mem_rdata: 00000000, mem_wdata: 00000000
ClkCycle:       8906, pc_rdata: 00008856, pc_wdata: 00008858, insn: 00100113, mode: 3, rs1_addr:  2, rs1_rdata: ffffff5b, rs2_addr: 16, rs2_rdata: 7d5bfddb, rd_addr:  2, rd_wdata: 80000090, mem_addr: 80000090, mem_rdata: 00000000, mem_wdata: 7d5bfddb
ClkCycle:       8907, pc_rdata: 00008858, pc_wdata: 0000885c, insn: 00100113, mode: 3, rs1_addr:  0, rs1_rdata: 00000000, rs2_addr:  1, rs2_rdata: 0000b118, rd_addr:  2, rd_wdata: 00000001, mem_addr: 00000001, mem_rdata: 00000000, mem_wdata: 0000b118
ClkCycle:       8908, pc_rdata: 0000885c, pc_wdata: 00008860, insn: 02411113, mode: 3, rs1_addr:  2, rs1_rdata: 80000000, rs2_addr:  4, rs2_rdata: 6dfdffff, rd_addr:  2, rd_wdata: 00000010, mem_addr: 00000010, mem_rdata: 00000000, mem_wdata: 6dfdffff
ClkCycle:       8909, pc_rdata: 00008860, pc_wdata: 00008864, insn: fff14113, mode: 3, rs1_addr:  2, rs1_rdata: 80000090, rs2_addr: 31, rs2_rdata: 00000000, rd_addr:  2, rd_wdata: ffffffef, mem_addr: ffffffef, mem_rdata: 00000000, mem_wdata: 00000000
ClkCycle:       8910, pc_rdata: 00008864, pc_wdata: 00008866, insn: b0237135, mode: 3, rs1_addr:  2, rs1_rdata: 00000001, rs2_addr:  0, rs2_rdata: 00000000, rd_addr:  2, rd_wdata: ffffff4f, mem_addr: ffffff4f, mem_rdata: 00000000, mem_wdata: 00000000
ClkCycle:       8911, pc_rdata: 00008866, pc_wdata: 0000886a, insn: b0237135, mode: 3, rs1_addr:  0, rs1_rdata: 00000000, rs2_addr:  0, rs2_rdata: 00000000, rd_addr:  0, rd_wdata: 00000000, mem_addr: 00000000, mem_rdata: 00000000, mem_wdata: 00000000
000000010000b118
ClkCycle:       8912, pc_rdata: 0000886a, pc_wdata: 0000886e, insn: 11130010, mode: 3, rs1_addr:  1, rs1_rdata: 0000b118, rs2_addr:  1, rs2_rdata: 0000b118, rd_addr:  0, rd_wdata: 0000b118, mem_addr: 0000b118, mem_rdata: 00000000, mem_wdata: 0000b118
ClkCycle:       8913, pc_rdata: 0000886e, pc_wdata: 00008872, insn: 11130010, mode: 3, rs1_addr:  0, rs1_rdata: 00000000, rs2_addr:  0, rs2_rdata: 00000000, rd_addr:  0, rd_wdata: 00000000, mem_addr: 00000000, mem_rdata: 00000000, mem_wdata: 00000000
ClkCycle:       8914, pc_rdata: 00008872, pc_wdata: 00008876, insn: 6111fff1, mode: 3, rs1_addr:  2, rs1_rdata: ffffff4f, rs2_addr: 31, rs2_rdata: 00000000, rd_addr:  2, rd_wdata: 80000000, mem_addr: 80000000, mem_rdata: 00000000, mem_wdata: 00000000
ClkCycle:       8915, pc_rdata: 00008876, pc_wdata: 0000887a, insn: 6111fff1, mode: 3, rs1_addr:  0, rs1_rdata: 00000000, rs2_addr:  0, rs2_rdata: 00000000, rd_addr:  0, rd_wdata: 00000000, mem_addr: 00000000, mem_rdata: 00000000, mem_wdata: 00000000
ClkCycle:       8916, pc_rdata: 0000887a, pc_wdata: 0000887c, insn: 00100113, mode: 3, rs1_addr:  2, rs1_rdata: ffffff4f, rs2_addr:  0, rs2_rdata: 00000000, rd_addr:  2, rd_wdata: 80000100, mem_addr: 80000100, mem_rdata: 00000000, mem_wdata: 00000000
ClkCycle:       8917, pc_rdata: 0000887c, pc_wdata: 00008880, insn: 00100113, mode: 3, rs1_addr:  0, rs1_rdata: 00000000, rs2_addr:  1, rs2_rdata: 0000b118, rd_addr:  2, rd_wdata: 00000001, mem_addr: 00000001, mem_rdata: 00000000, mem_wdata: 0000b118
ClkCycle:       8918, pc_rdata: 00008880, pc_wdata: 00008884, insn: 02711113, mode: 3, rs1_addr:  2, rs1_rdata: 80000000, rs2_addr:  7, rs2_rdata: 003fbb6f, rd_addr:  2, rd_wdata: 00000080, mem_addr: 00000080, mem_rdata: 00000000, mem_wdata: 003fbb6f
ClkCycle:       8919, pc_rdata: 00008884, pc_wdata: 00008888, insn: fff14113, mode: 3, rs1_addr:  2, rs1_rdata: 80000100, rs2_addr: 31, rs2_rdata: 00000000, rd_addr:  2, rd_wdata: ffffff7f, mem_addr: ffffff7f, mem_rdata: 00000000, mem_wdata: 00000000
ClkCycle:       8920, pc_rdata: 00008888, pc_wdata: 0000888a, insn: b8237135, mode: 3, rs1_addr:  2, rs1_rdata: 00000001, rs2_addr:  0, rs2_rdata: 00000000, rd_addr:  2, rd_wdata: fffffedf, mem_addr: fffffedf, mem_rdata: 00000000, mem_wdata: 00000000
ClkCycle:       8921, pc_rdata: 0000888a, pc_wdata: 0000888e, insn: b8237135, mode: 3, rs1_addr:  0, rs1_rdata: 00000000, rs2_addr:  0, rs2_rdata: 00000000, rd_addr:  0, rd_wdata: 00000000, mem_addr: 00000000, mem_rdata: 00000000, mem_wdata: 00000000
000000010000b118
ClkCycle:       8922, pc_rdata: 0000888e, pc_wdata: 00008892, insn: 11130010, mode: 3, rs1_addr:  1, rs1_rdata: 0000b118, rs2_addr:  1, rs2_rdata: 0000b118, rd_addr: 16, rd_wdata: 0000b128, mem_addr: 0000b128, mem_rdata: 00000000, mem_wdata: 0000b118
ClkCycle:       8923, pc_rdata: 00008892, pc_wdata: 00008896, insn: 11130010, mode: 3, rs1_addr:  0, rs1_rdata: 00000000, rs2_addr:  0, rs2_rdata: 00000000, rd_addr:  0, rd_wdata: 00000000, mem_addr: 00000000, mem_rdata: 00000000, mem_wdata: 00000000
ClkCycle:       8924, pc_rdata: 00008896, pc_wdata: 0000889a, insn: 7179fff1, mode: 3, rs1_addr:  2, rs1_rdata: fffffedf, rs2_addr: 31, rs2_rdata: 00000000, rd_addr:  2, rd_wdata: 80000000, mem_addr: 80000000, mem_rdata: 00000000, mem_wdata: 00000000
ClkCycle:       8925, pc_rdata: 0000889a, pc_wdata: 0000889e, insn: 7179fff1, mode: 3, rs1_addr:  0, rs1_rdata: 00000000, rs2_addr:  0, rs2_rdata: 00000000, rd_addr:  0, rd_wdata: 00000000, mem_addr: 00000000, mem_rdata: 00000000, mem_wdata: 00000000
ClkCycle:       8926, pc_rdata: 0000889e, pc_wdata: 000088a0, insn: 00100113, mode: 3, rs1_addr:  2, rs1_rdata: fffffedf, rs2_addr: 16, rs2_rdata: 7d5bfddb, rd_addr:  2, rd_wdata: 7fffffd0, mem_addr: 7fffffd0, mem_rdata: 00000000, mem_wdata: 7d5bfddb
ClkCycle:       8927, pc_rdata: 000088a0, pc_wdata: 000088a4, insn: 00100113, mode: 3, rs1_addr:  0, rs1_rdata: 00000000, rs2_addr:  1, rs2_rdata: 0000b118, rd_addr:  2, rd_wdata: 00000001, mem_addr: 00000001, mem_rdata: 00000000, mem_wdata: 0000b118
ClkCycle:       8928, pc_rdata: 000088a4, pc_wdata: 000088a8, insn: 02911113, mode: 3, rs1_addr:  2, rs1_rdata: 80000000, rs2_addr:  9, rs2_rdata: 000000fe, rd_addr:  2, rd_wdata: 00000200, mem_addr: 00000200, mem_rdata: 00000000, mem_wdata: 000000fe
ClkCycle:       8929, pc_rdata: 000088a8, pc_wdata: 000088ac, insn: fff14113, mode: 3, rs1_addr:  2, rs1_rdata: 7fffffd0, rs2_addr: 31, rs2_rdata: 00000000, rd_addr:  2, rd_wdata: fffffdff, mem_addr: fffffdff, mem_rdata: 00000000, mem_wdata: 00000000
ClkCycle:       8930, pc_rdata: 000088ac, pc_wdata: 000088ae, insn: b0237135, mode: 3, rs1_addr:  2, rs1_rdata: 00000001, rs2_addr:  0, rs2_rdata: 00000000, rd_addr:  2, rd_wdata: fffffd5f, mem_addr: fffffd5f, mem_rdata: 00000000, mem_wdata: 00000000
ClkCycle:       8931, pc_rdata: 000088ae, pc_wdata: 000088b2, insn: b0237135, mode: 3, rs1_addr:  0, rs1_rdata: 00000000, rs2_addr:  0, rs2_rdata: 00000000, rd_addr:  0, rd_wdata: 00000000, mem_addr: 00000000, mem_rdata: 00000000, mem_wdata: 00000000
000000010000b118
ClkCycle:       8932, pc_rdata: 000088b2, pc_wdata: 000088b6, insn: 11130010, mode: 3, rs1_addr:  1, rs1_rdata: 0000b118, rs2_addr:  1, rs2_rdata: 0000b118, rd_addr:  0, rd_wdata: 0000b118, mem_addr: 0000b118, mem_rdata: 00000000, mem_wdata: 0000b118
ClkCycle:       8933, pc_rdata: 000088b6, pc_wdata: 000088ba, insn: 11130010, mode: 3, rs1_addr:  0, rs1_rdata: 00000000, rs2_addr:  0, rs2_rdata: 00000000, rd_addr:  0, rd_wdata: 00000000, mem_addr: 00000000, mem_rdata: 00000000, mem_wdata: 00000000
ClkCycle:       8934, pc_rdata: 000088ba, pc_wdata: 000088be, insn: 716dfff1, mode: 3, rs1_addr:  2, rs1_rdata: fffffd5f, rs2_addr: 31, rs2_rdata: 00000000, rd_addr:  2, rd_wdata: 80000000, mem_addr: 80000000, mem_rdata: 00000000, mem_wdata: 00000000
ClkCycle:       8935, pc_rdata: 000088be, pc_wdata: 000088c2, insn: 716dfff1, mode: 3, rs1_addr:  0, rs1_rdata: 00000000, rs2_addr:  0, rs2_rdata: 00000000, rd_addr:  0, rd_wdata: 00000000, mem_addr: 00000000, mem_rdata: 00000000, mem_wdata: 00000000
ClkCycle:       8936, pc_rdata: 000088c2, pc_wdata: 000088c4, insn: 00100113, mode: 3, rs1_addr:  2, rs1_rdata: fffffd5f, rs2_addr: 16, rs2_rdata: 7d5bfddb, rd_addr:  2, rd_wdata: 7ffffef0, mem_addr: 7ffffef0, mem_rdata: 00000000, mem_wdata: 7d5bfddb
ClkCycle:       8937, pc_rdata: 000088c4, pc_wdata: 000088c8, insn: 00100113, mode: 3, rs1_addr:  0, rs1_rdata: 00000000, rs2_addr:  1, rs2_rdata: 0000b118, rd_addr:  2, rd_wdata: 00000001, mem_addr: 00000001, mem_rdata: 00000000, mem_wdata: 0000b118
ClkCycle:       8938, pc_rdata: 000088c8, pc_wdata: 000088cc, insn: 02b11113, mode: 3, rs1_addr:  2, rs1_rdata: 80000000, rs2_addr: 11, rs2_rdata: 00000000, rd_addr:  2, rd_wdata: 00000800, mem_addr: 00000800, mem_rdata: 00000000, mem_wdata: 00000000
ClkCycle:       8939, pc_rdata: 000088cc, pc_wdata: 000088d0, insn: fff14113, mode: 3, rs1_addr:  2, rs1_rdata: 7ffffef0, rs2_addr: 31, rs2_rdata: 00000000, rd_addr:  2, rd_wdata: fffff7ff, mem_addr: fffff7ff, mem_rdata: 00000000, mem_wdata: 00000000
ClkCycle:       8940, pc_rdata: 000088d0, pc_wdata: 000088d2, insn: b8236141, mode: 3, rs1_addr:  2, rs1_rdata: 00000001, rs2_addr: 16, rs2_rdata: 7d5bfddb, rd_addr:  2, rd_wdata: fffff80f, mem_addr: fffff80f, mem_rdata: 00000000, mem_wdata: 7d5bfddb
ClkCycle:       8941, pc_rdata: 000088d2, pc_wdata: 000088d6, insn: b8236141, mode: 3, rs1_addr:  0, rs1_rdata: 00000000, rs2_addr:  0, rs2_rdata: 00000000, rd_addr:  0, rd_wdata: 00000000, mem_addr: 00000000, mem_rdata: 00000000, mem_wdata: 00000000
000000010000b118
ClkCycle:       8942, pc_rdata: 000088d6, pc_wdata: 000088da, insn: 11130010, mode: 3, rs1_addr:  1, rs1_rdata: 0000b118, rs2_addr:  1, rs2_rdata: 0000b118, rd_addr: 16, rd_wdata: 0000b128, mem_addr: 0000b128, mem_rdata: 00000000, mem_wdata: 0000b118
ClkCycle:       8943, pc_rdata: 000088da, pc_wdata: 000088de, insn: 11130010, mode: 3, rs1_addr:  0, rs1_rdata: 00000000, rs2_addr:  0, rs2_rdata: 00000000, rd_addr:  0, rd_wdata: 00000000, mem_addr: 00000000, mem_rdata: 00000000, mem_wdata: 00000000
ClkCycle:       8944, pc_rdata: 000088de, pc_wdata: 000088e2, insn: 6165fff1, mode: 3, rs1_addr:  2, rs1_rdata: fffff80f, rs2_addr: 31, rs2_rdata: 00000000, rd_addr:  2, rd_wdata: 80000000, mem_addr: 80000000, mem_rdata: 00000000, mem_wdata: 00000000
ClkCycle:       8945, pc_rdata: 000088e2, pc_wdata: 000088e6, insn: 6165fff1, mode: 3, rs1_addr:  0, rs1_rdata: 00000000, rs2_addr:  0, rs2_rdata: 00000000, rd_addr:  0, rd_wdata: 00000000, mem_addr: 00000000, mem_rdata: 00000000, mem_wdata: 00000000
ClkCycle:       8946, pc_rdata: 000088e6, pc_wdata: 000088e8, insn: 00100113, mode: 3, rs1_addr:  2, rs1_rdata: fffff80f, rs2_addr: 16, rs2_rdata: 7d5bfddb, rd_addr:  2, rd_wdata: 80000070, mem_addr: 80000070, mem_rdata: 00000000, mem_wdata: 7d5bfddb
ClkCycle:       8947, pc_rdata: 000088e8, pc_wdata: 000088ec, insn: 00100113, mode: 3, rs1_addr:  0, rs1_rdata: 00000000, rs2_addr:  1, rs2_rdata: 0000b118, rd_addr:  2, rd_wdata: 00000001, mem_addr: 00000001, mem_rdata: 00000000, mem_wdata: 0000b118
ClkCycle:       8948, pc_rdata: 000088ec, pc_wdata: 000088f0, insn: 02d11113, mode: 3, rs1_addr:  2, rs1_rdata: 80000000, rs2_addr: 13, rs2_rdata: 00000000, rd_addr:  2, rd_wdata: 00002000, mem_addr: 00002000, mem_rdata: 00000000, mem_wdata: 00000000
ClkCycle:       8949, pc_rdata: 000088f0, pc_wdata: 000088f4, insn: fff14113, mode: 3, rs1_addr:  2, rs1_rdata: 80000070, rs2_addr: 31, rs2_rdata: 00000000, rd_addr:  2, rd_wdata: ffffdfff, mem_addr: ffffdfff, mem_rdata: 00000000, mem_wdata: 00000000
ClkCycle:       8950, pc_rdata: 000088f4, pc_wdata: 000088f6, insn: b0236121, mode: 3, rs1_addr:  2, rs1_rdata: 00000001, rs2_addr:  0, rs2_rdata: 00000000, rd_addr:  2, rd_wdata: ffffe03f, mem_addr: ffffe03f, mem_rdata: 00000000, mem_wdata: 00000000
ClkCycle:       8951, pc_rdata: 000088f6, pc_wdata: 000088fa, insn: b0236121, mode: 3, rs1_addr:  0, rs1_rdata: 00000000, rs2_addr:  0, rs2_rdata: 00000000, rd_addr:  0, rd_wdata: 00000000, mem_addr: 00000000, mem_rdata: 00000000, mem_wdata: 00000000
000000010000b118
ClkCycle:       8952, pc_rdata: 000088fa, pc_wdata: 000088fe, insn: 11130010, mode: 3, rs1_addr:  1, rs1_rdata: 0000b118, rs2_addr:  1, rs2_rdata: 0000b118, rd_addr:  0, rd_wdata: 0000b118, mem_addr: 0000b118, mem_rdata: 00000000, mem_wdata: 0000b118
ClkCycle:       8953, pc_rdata: 000088fe, pc_wdata: 00008902, insn: 11130010, mode: 3, rs1_addr:  0, rs1_rdata: 00000000, rs2_addr:  0, rs2_rdata: 00000000, rd_addr:  0, rd_wdata: 00000000, mem_addr: 00000000, mem_rdata: 00000000, mem_wdata: 00000000
ClkCycle:       8954, pc_rdata: 00008902, pc_wdata: 00008906, insn: 6111fff1, mode: 3, rs1_addr:  2, rs1_rdata: ffffe03f, rs2_addr: 31, rs2_rdata: 00000000, rd_addr:  2, rd_wdata: 80000000, mem_addr: 80000000, mem_rdata: 00000000, mem_wdata: 00000000
ClkCycle:       8955, pc_rdata: 00008906, pc_wdata: 0000890a, insn: 6111fff1, mode: 3, rs1_addr:  0, rs1_rdata: 00000000, rs2_addr:  0, rs2_rdata: 00000000, rd_addr:  0, rd_wdata: 00000000, mem_addr: 00000000, mem_rdata: 00000000, mem_wdata: 00000000
ClkCycle:       8956, pc_rdata: 0000890a, pc_wdata: 0000890c, insn: 00100113, mode: 3, rs1_addr:  2, rs1_rdata: ffffe03f, rs2_addr:  0, rs2_rdata: 00000000, rd_addr:  2, rd_wdata: 80000100, mem_addr: 80000100, mem_rdata: 00000000, mem_wdata: 00000000
ClkCycle:       8957, pc_rdata: 0000890c, pc_wdata: 00008910, insn: 00100113, mode: 3, rs1_addr:  0, rs1_rdata: 00000000, rs2_addr:  1, rs2_rdata: 0000b118, rd_addr:  2, rd_wdata: 00000001, mem_addr: 00000001, mem_rdata: 00000000, mem_wdata: 0000b118
ClkCycle:       8958, pc_rdata: 00008910, pc_wdata: 00008914, insn: 02f11113, mode: 3, rs1_addr:  2, rs1_rdata: 80000000, rs2_addr: 15, rs2_rdata: 00000000, rd_addr:  2, rd_wdata: 00008000, mem_addr: 00008000, mem_rdata: 00000000, mem_wdata: 00000000
ClkCycle:       8959, pc_rdata: 00008914, pc_wdata: 00008918, insn: fff14113, mode: 3, rs1_addr:  2, rs1_rdata: 80000100, rs2_addr: 31, rs2_rdata: 00000000, rd_addr:  2, rd_wdata: ffff7fff, mem_addr: ffff7fff, mem_rdata: 00000000, mem_wdata: 00000000
ClkCycle:       8960, pc_rdata: 00008918, pc_wdata: 0000891a, insn: b8236121, mode: 3, rs1_addr:  2, rs1_rdata: 00000001, rs2_addr:  0, rs2_rdata: 00000000, rd_addr:  2, rd_wdata: ffff803f, mem_addr: ffff803f, mem_rdata: 00000000, mem_wdata: 00000000
ClkCycle:       8961, pc_rdata: 0000891a, pc_wdata: 0000891e, insn: b8236121, mode: 3, rs1_addr:  0, rs1_rdata: 00000000, rs2_addr:  0, rs2_rdata: 00000000, rd_addr:  0, rd_wdata: 00000000, mem_addr: 00000000, mem_rdata: 00000000, mem_wdata: 00000000
000000010000b118
ClkCycle:       8962, pc_rdata: 0000891e, pc_wdata: 00008922, insn: 11130010, mode: 3, rs1_addr:  1, rs1_rdata: 0000b118, rs2_addr:  1, rs2_rdata: 0000b118, rd_addr: 16, rd_wdata: 0000b128, mem_addr: 0000b128, mem_rdata: 00000000, mem_wdata: 0000b118
ClkCycle:       8963, pc_rdata: 00008922, pc_wdata: 00008926, insn: 11130010, mode: 3, rs1_addr:  0, rs1_rdata: 00000000, rs2_addr:  0, rs2_rdata: 00000000, rd_addr:  0, rd_wdata: 00000000, mem_addr: 00000000, mem_rdata: 00000000, mem_wdata: 00000000
ClkCycle:       8964, pc_rdata: 00008926, pc_wdata: 0000892a, insn: 617dfff1, mode: 3, rs1_addr:  2, rs1_rdata: ffff803f, rs2_addr: 31, rs2_rdata: 00000000, rd_addr:  2, rd_wdata: 80000000, mem_addr: 80000000, mem_rdata: 00000000, mem_wdata: 00000000
ClkCycle:       8965, pc_rdata: 0000892a, pc_wdata: 0000892e, insn: 617dfff1, mode: 3, rs1_addr:  0, rs1_rdata: 00000000, rs2_addr:  0, rs2_rdata: 00000000, rd_addr:  0, rd_wdata: 00000000, mem_addr: 00000000, mem_rdata: 00000000, mem_wdata: 00000000
ClkCycle:       8966, pc_rdata: 0000892e, pc_wdata: 00008930, insn: 00100113, mode: 3, rs1_addr:  2, rs1_rdata: ffff803f, rs2_addr: 16, rs2_rdata: 7d5bfddb, rd_addr:  2, rd_wdata: 800001f0, mem_addr: 800001f0, mem_rdata: 00000000, mem_wdata: 7d5bfddb
ClkCycle:       8967, pc_rdata: 00008930, pc_wdata: 00008934, insn: 00100113, mode: 3, rs1_addr:  0, rs1_rdata: 00000000, rs2_addr:  1, rs2_rdata: 0000b118, rd_addr:  2, rd_wdata: 00000001, mem_addr: 00000001, mem_rdata: 00000000, mem_wdata: 0000b118
ClkCycle:       8968, pc_rdata: 00008934, pc_wdata: 00008938, insn: 03111113, mode: 3, rs1_addr:  2, rs1_rdata: 80000000, rs2_addr: 17, rs2_rdata: edffffff, rd_addr:  2, rd_wdata: 00020000, mem_addr: 00020000, mem_rdata: 00000000, mem_wdata: edffffff
ClkCycle:       8969, pc_rdata: 00008938, pc_wdata: 0000893c, insn: fff14113, mode: 3, rs1_addr:  2, rs1_rdata: 800001f0, rs2_addr: 31, rs2_rdata: 00000000, rd_addr:  2, rd_wdata: fffdffff, mem_addr: fffdffff, mem_rdata: 00000000, mem_wdata: 00000000
ClkCycle:       8970, pc_rdata: 0000893c, pc_wdata: 0000893e, insn: b0237135, mode: 3, rs1_addr:  2, rs1_rdata: 00000001, rs2_addr:  0, rs2_rdata: 00000000, rd_addr:  2, rd_wdata: fffdff5f, mem_addr: fffdff5f, mem_rdata: 00000000, mem_wdata: 00000000
ClkCycle:       8971, pc_rdata: 0000893e, pc_wdata: 00008942, insn: b0237135, mode: 3, rs1_addr:  0, rs1_rdata: 00000000, rs2_addr:  0, rs2_rdata: 00000000, rd_addr:  0, rd_wdata: 00000000, mem_addr: 00000000, mem_rdata: 00000000, mem_wdata: 00000000
000000010000b118
ClkCycle:       8972, pc_rdata: 00008942, pc_wdata: 00008946, insn: 11130010, mode: 3, rs1_addr:  1, rs1_rdata: 0000b118, rs2_addr:  1, rs2_rdata: 0000b118, rd_addr:  0, rd_wdata: 0000b118, mem_addr: 0000b118, mem_rdata: 00000000, mem_wdata: 0000b118
ClkCycle:       8973, pc_rdata: 00008946, pc_wdata: 0000894a, insn: 11130010, mode: 3, rs1_addr:  0, rs1_rdata: 00000000, rs2_addr:  0, rs2_rdata: 00000000, rd_addr:  0, rd_wdata: 00000000, mem_addr: 00000000, mem_rdata: 00000000, mem_wdata: 00000000
ClkCycle:       8974, pc_rdata: 0000894a, pc_wdata: 0000894e, insn: 717dfff1, mode: 3, rs1_addr:  2, rs1_rdata: fffdff5f, rs2_addr: 31, rs2_rdata: 00000000, rd_addr:  2, rd_wdata: 80000000, mem_addr: 80000000, mem_rdata: 00000000, mem_wdata: 00000000
ClkCycle:       8975, pc_rdata: 0000894e, pc_wdata: 00008952, insn: 717dfff1, mode: 3, rs1_addr:  0, rs1_rdata: 00000000, rs2_addr:  0, rs2_rdata: 00000000, rd_addr:  0, rd_wdata: 00000000, mem_addr: 00000000, mem_rdata: 00000000, mem_wdata: 00000000
ClkCycle:       8976, pc_rdata: 00008952, pc_wdata: 00008954, insn: 00100113, mode: 3, rs1_addr:  2, rs1_rdata: fffdff5f, rs2_addr: 16, rs2_rdata: 7d5bfddb, rd_addr:  2, rd_wdata: 7ffffff0, mem_addr: 7ffffff0, mem_rdata: 00000000, mem_wdata: 7d5bfddb
ClkCycle:       8977, pc_rdata: 00008954, pc_wdata: 00008958, insn: 00100113, mode: 3, rs1_addr:  0, rs1_rdata: 00000000, rs2_addr:  1, rs2_rdata: 0000b118, rd_addr:  2, rd_wdata: 00000001, mem_addr: 00000001, mem_rdata: 00000000, mem_wdata: 0000b118
ClkCycle:       8978, pc_rdata: 00008958, pc_wdata: 0000895c, insn: 03311113, mode: 3, rs1_addr:  2, rs1_rdata: 80000000, rs2_addr: 19, rs2_rdata: dfffb7ff, rd_addr:  2, rd_wdata: 00080000, mem_addr: 00080000, mem_rdata: 00000000, mem_wdata: dfffb7ff
ClkCycle:       8979, pc_rdata: 0000895c, pc_wdata: 00008960, insn: fff14113, mode: 3, rs1_addr:  2, rs1_rdata: 7ffffff0, rs2_addr: 31, rs2_rdata: 00000000, rd_addr:  2, rd_wdata: fff7ffff, mem_addr: fff7ffff, mem_rdata: 00000000, mem_wdata: 00000000
ClkCycle:       8980, pc_rdata: 00008960, pc_wdata: 00008962, insn: b8237159, mode: 3, rs1_addr:  2, rs1_rdata: 00000001, rs2_addr: 16, rs2_rdata: 7d5bfddb, rd_addr:  2, rd_wdata: fff7ff8f, mem_addr: fff7ff8f, mem_rdata: 00000000, mem_wdata: 7d5bfddb
ClkCycle:       8981, pc_rdata: 00008962, pc_wdata: 00008966, insn: b8237159, mode: 3, rs1_addr:  0, rs1_rdata: 00000000, rs2_addr:  0, rs2_rdata: 00000000, rd_addr:  0, rd_wdata: 00000000, mem_addr: 00000000, mem_rdata: 00000000, mem_wdata: 00000000
000000010000b118
ClkCycle:       8982, pc_rdata: 00008966, pc_wdata: 0000896a, insn: 11130010, mode: 3, rs1_addr:  1, rs1_rdata: 0000b118, rs2_addr:  1, rs2_rdata: 0000b118, rd_addr: 16, rd_wdata: 0000b128, mem_addr: 0000b128, mem_rdata: 00000000, mem_wdata: 0000b118
ClkCycle:       8983, pc_rdata: 0000896a, pc_wdata: 0000896e, insn: 11130010, mode: 3, rs1_addr:  0, rs1_rdata: 00000000, rs2_addr:  0, rs2_rdata: 00000000, rd_addr:  0, rd_wdata: 00000000, mem_addr: 00000000, mem_rdata: 00000000, mem_wdata: 00000000
ClkCycle:       8984, pc_rdata: 0000896e, pc_wdata: 00008972, insn: 713dfff1, mode: 3, rs1_addr:  2, rs1_rdata: fff7ff8f, rs2_addr: 31, rs2_rdata: 00000000, rd_addr:  2, rd_wdata: 80000000, mem_addr: 80000000, mem_rdata: 00000000, mem_wdata: 00000000
ClkCycle:       8985, pc_rdata: 00008972, pc_wdata: 00008976, insn: 713dfff1, mode: 3, rs1_addr:  0, rs1_rdata: 00000000, rs2_addr:  0, rs2_rdata: 00000000, rd_addr:  0, rd_wdata: 00000000, mem_addr: 00000000, mem_rdata: 00000000, mem_wdata: 00000000
ClkCycle:       8986, pc_rdata: 00008976, pc_wdata: 00008978, insn: 0380006f, mode: 3, rs1_addr:  2, rs1_rdata: fff7ff8f, rs2_addr:  0, rs2_rdata: 00000000, rd_addr:  2, rd_wdata: 7fffffe0, mem_addr: 7fffffe0, mem_rdata: 00000000, mem_wdata: 00000000
ClkCycle:       8987, pc_rdata: 00008978, pc_wdata: 0000897c, insn: 0380006f, mode: 3, rs1_addr:  0, rs1_rdata: 00000000, rs2_addr: 24, rs2_rdata: 0000007d, rd_addr:  0, rd_wdata: 0000897c, mem_addr: 00000038, mem_rdata: 00000000, mem_wdata: 0000007d
ClkCycle:       8988, pc_rdata: 0000897c, pc_wdata: 000089b0, insn: 1f813483, mode: 3, rs1_addr:  0, rs1_rdata: 00000000, rs2_addr:  0, rs2_rdata: 00000000, rd_addr:  0, rd_wdata: 00000000, mem_addr: 00000000, mem_rdata: 00000000, mem_wdata: 00000000
ClkCycle:       8989, pc_rdata: 000089b0, pc_wdata: 000089b2, insn: 0f174085, mode: 3, rs1_addr:  0, rs1_rdata: 00000000, rs2_addr:  1, rs2_rdata: 0000b118, rd_addr:  1, rd_wdata: 00000001, mem_addr: 00000001, mem_rdata: 00000000, mem_wdata: 0000b118
ClkCycle:       8990, pc_rdata: 000089b2, pc_wdata: 000089b6, insn: 0f174085, mode: 3, rs1_addr:  0, rs1_rdata: 00000000, rs2_addr:  0, rs2_rdata: 00000000, rd_addr:  0, rd_wdata: 00000000, mem_addr: 00000000, mem_rdata: 00000000, mem_wdata: 00000000
ClkCycle:       8991, pc_rdata: 000089b6, pc_wdata: 000089ba, insn: bfe5641f, mode: 3, rs1_addr: 30, rs1_rdata: 00000000, rs2_addr:  1, rs2_rdata: 0000b118, rd_addr: 30, rd_wdata: 641f89b6, mem_addr: 641f89b6, mem_rdata: 00000000, mem_wdata: 00000001
ClkCycle:       8992, pc_rdata: 000089ba, pc_wdata: 000089be, insn: bfe5641f, mode: 3, rs1_addr:  0, rs1_rdata: 00000000, rs2_addr:  0, rs2_rdata: 00000000, rd_addr:  0, rd_wdata: 00000000, mem_addr: 00000000, mem_rdata: 00000000, mem_wdata: 00000000
ClkCycle:       8995, pc_rdata: 000089b6, pc_wdata: 000089ba, insn: 27230000, mode: 3, rs1_addr:  0, rs1_rdata: 00000000, rs2_addr:  0, rs2_rdata: 00000000, rd_addr:  0, rd_wdata: 00000000, mem_addr: 00000000, mem_rdata: 00000000, mem_wdata: 00000000
0000000000000000
