ClkCycle:          5, pc_rdata: 00000000, pc_wdata: 00000004, insn: 7d5c0837, mode: 3, rs1_addr: 24, rs1_rdata: 00000000, rs2_addr: 21, rs2_rdata: 00000000, rd_addr: 16, rd_wdata: 7d5c0000, mem_addr: 7d5c0000, mem_rdata: 00000000, mem_wdata: 00000000
ClkCycle:          6, pc_rdata: 00000004, pc_wdata: 00000008, insn: ddb80813, mode: 3, rs1_addr: 16, rs1_rdata: 00000000, rs2_addr: 27, rs2_rdata: 00000000, rd_addr: 16, rd_wdata: 7d5bfddb, mem_addr: 7d5bfddb, mem_rdata: 00000000, mem_wdata: 00000000
ClkCycle:          7, pc_rdata: 00000008, pc_wdata: 0000000c, insn: 00b81813, mode: 3, rs1_addr: 16, rs1_rdata: 00000000, rs2_addr: 11, rs2_rdata: 00000000, rd_addr: 16, rd_wdata: dfeed800, mem_addr: dfeed800, mem_rdata: 00000000, mem_wdata: 00000000
ClkCycle:          8, pc_rdata: 0000000c, pc_wdata: 00000010, insn: 3ea80813, mode: 3, rs1_addr: 16, rs1_rdata: 7d5c0000, rs2_addr: 10, rs2_rdata: 00000000, rd_addr: 16, rd_wdata: dfeedbea, mem_addr: dfeedbea, mem_rdata: 00000000, mem_wdata: 00000000
ClkCycle:          9, pc_rdata: 00000010, pc_wdata: 00000014, insn: 00b81813, mode: 3, rs1_addr: 16, rs1_rdata: 7d5bfddb, rs2_addr: 11, rs2_rdata: 00000000, rd_addr: 16, rd_wdata: 76df5000, mem_addr: 76df5000, mem_rdata: 00000000, mem_wdata: 00000000
ClkCycle:         10, pc_rdata: 00000014, pc_wdata: 00000018, insn: 6ff80813, mode: 3, rs1_addr: 16, rs1_rdata: dfeed800, rs2_addr: 31, rs2_rdata: 00000000, rd_addr: 16, rd_wdata: 76df56ff, mem_addr: 76df56ff, mem_rdata: 00000000, mem_wdata: 00000000
ClkCycle:         11, pc_rdata: 00000018, pc_wdata: 0000001c, insn: 00a81813, mode: 3, rs1_addr: 16, rs1_rdata: dfeedbea, rs2_addr: 10, rs2_rdata: 00000000, rd_addr: 16, rd_wdata: 7d5bfc00, mem_addr: 7d5bfc00, mem_rdata: 00000000, mem_wdata: 00000000
ClkCycle:         12, pc_rdata: 0000001c, pc_wdata: 00000020, insn: 1db80813, mode: 3, rs1_addr: 16, rs1_rdata: 76df5000, rs2_addr: 27, rs2_rdata: 00000000, rd_addr: 16, rd_wdata: 7d5bfddb, mem_addr: 7d5bfddb, mem_rdata: 00000000, mem_wdata: 00000000
ClkCycle:         13, pc_rdata: 00000020, pc_wdata: 00000024, insn: 00785893, mode: 3, rs1_addr: 16, rs1_rdata: 76df56ff, rs2_addr:  7, rs2_rdata: 00000000, rd_addr: 17, rd_wdata: b6fab7fb, mem_addr: b6fab7fb, mem_rdata: 00000000, mem_wdata: 00000000
ClkCycle:         14, pc_rdata: 00000024, pc_wdata: 00000028, insn: 03985793, mode: 3, rs1_addr: 16, rs1_rdata: 7d5bfc00, rs2_addr: 25, rs2_rdata: 00000000, rd_addr: 15, rd_wdata: adfeedbe, mem_addr: adfeedbe, mem_rdata: 00000000, mem_wdata: 00000000
ClkCycle:         15, pc_rdata: 00000028, pc_wdata: 0000002c, insn: 00f8e8b3, mode: 3, rs1_addr: 17, rs1_rdata: 00000000, rs2_addr: 15, rs2_rdata: 00000000, rd_addr: 17, rd_wdata: bffeffff, mem_addr: bffeffff, mem_rdata: 00000000, mem_wdata: adfeedbe
ClkCycle:         16, pc_rdata: 0000002c, pc_wdata: 00000030, insn: 0078d913, mode: 3, rs1_addr: 17, rs1_rdata: b6fab7fb, rs2_addr:  7, rs2_rdata: 00000000, rd_addr: 18, rd_wdata: ff7ffdff, mem_addr: ff7ffdff, mem_rdata: 00000000, mem_wdata: 00000000
ClkCycle:         17, pc_rdata: 00000030, pc_wdata: 00000034, insn: 0398d793, mode: 3, rs1_addr: 17, rs1_rdata: b6fab7fb, rs2_addr: 25, rs2_rdata: 00000000, rd_addr: 15, rd_wdata: 7d5bffdf, mem_addr: 7d5bffdf, mem_rdata: 00000000, mem_wdata: 00000000
ClkCycle:         18, pc_rdata: 00000034, pc_wdata: 00000038, insn: 00f96933, mode: 3, rs1_addr: 18, rs1_rdata: 00000000, rs2_addr: 15, rs2_rdata: adfeedbe, rd_addr: 18, rd_wdata: ff7fffff, mem_addr: ff7fffff, mem_rdata: 00000000, mem_wdata: 7d5bffdf
ClkCycle:         19, pc_rdata: 00000038, pc_wdata: 0000003c, insn: 00795993, mode: 3, rs1_addr: 18, rs1_rdata: ff7ffdff, rs2_addr:  7, rs2_rdata: 00000000, rd_addr: 19, rd_wdata: dffeffff, mem_addr: dffeffff, mem_rdata: 00000000, mem_wdata: 00000000
ClkCycle:         20, pc_rdata: 0000003c, pc_wdata: 00000040, insn: 03995793, mode: 3, rs1_addr: 18, rs1_rdata: ff7ffdff, rs2_addr: 25, rs2_rdata: 00000000, rd_addr: 15, rd_wdata: 00fab7ff, mem_addr: 00fab7ff, mem_rdata: 00000000, mem_wdata: 00000000
ClkCycle:         21, pc_rdata: 00000040, pc_wdata: 00000044, insn: 00f9e9b3, mode: 3, rs1_addr: 19, rs1_rdata: 00000000, rs2_addr: 15, rs2_rdata: 7d5bffdf, rd_addr: 19, rd_wdata: dffeffff, mem_addr: dffeffff, mem_rdata: 00000000, mem_wdata: 00fab7ff
ClkCycle:         22, pc_rdata: 00000044, pc_wdata: 00000048, insn: 0079da13, mode: 3, rs1_addr: 19, rs1_rdata: dffeffff, rs2_addr:  7, rs2_rdata: 00000000, rd_addr: 20, rd_wdata: d5bffdff, mem_addr: d5bffdff, mem_rdata: 00000000, mem_wdata: 00000000
ClkCycle:         23, pc_rdata: 00000048, pc_wdata: 0000004c, insn: 0399d793, mode: 3, rs1_addr: 19, rs1_rdata: dffeffff, rs2_addr: 25, rs2_rdata: 00000000, rd_addr: 15, rd_wdata: 0001f56f, mem_addr: 0001f56f, mem_rdata: 00000000, mem_wdata: 00000000
ClkCycle:         24, pc_rdata: 0000004c, pc_wdata: 00000050, insn: 00fa6a33, mode: 3, rs1_addr: 20, rs1_rdata: 00000000, rs2_addr: 15, rs2_rdata: 00fab7ff, rd_addr: 20, rd_wdata: d5bffdff, mem_addr: d5bffdff, mem_rdata: 00000000, mem_wdata: 0001f56f
ClkCycle:         25, pc_rdata: 00000050, pc_wdata: 00000054, insn: 007a5a93, mode: 3, rs1_addr: 20, rs1_rdata: d5bffdff, rs2_addr:  7, rs2_rdata: 00000000, rd_addr: 21, rd_wdata: 0fab7ffb, mem_addr: 0fab7ffb, mem_rdata: 00000000, mem_wdata: 00000000
ClkCycle:         26, pc_rdata: 00000054, pc_wdata: 00000058, insn: 039a5793, mode: 3, rs1_addr: 20, rs1_rdata: d5bffdff, rs2_addr: 25, rs2_rdata: 00000000, rd_addr: 15, rd_wdata: 000003ea, mem_addr: 000003ea, mem_rdata: 00000000, mem_wdata: 00000000
ClkCycle:         27, pc_rdata: 00000058, pc_wdata: 0000005c, insn: 00faeab3, mode: 3, rs1_addr: 21, rs1_rdata: 00000000, rs2_addr: 15, rs2_rdata: 0001f56f, rd_addr: 21, rd_wdata: 0fab7ffb, mem_addr: 0fab7ffb, mem_rdata: 00000000, mem_wdata: 000003ea
ClkCycle:         28, pc_rdata: 0000005c, pc_wdata: 00000060, insn: 007adb13, mode: 3, rs1_addr: 21, rs1_rdata: 0fab7ffb, rs2_addr:  7, rs2_rdata: 00000000, rd_addr: 22, rd_wdata: 001f56ff, mem_addr: 001f56ff, mem_rdata: 00000000, mem_wdata: 00000000
ClkCycle:         29, pc_rdata: 00000060, pc_wdata: 00000064, insn: 039ad793, mode: 3, rs1_addr: 21, rs1_rdata: 0fab7ffb, rs2_addr: 25, rs2_rdata: 00000000, rd_addr: 15, rd_wdata: 00000007, mem_addr: 00000007, mem_rdata: 00000000, mem_wdata: 00000000
ClkCycle:         30, pc_rdata: 00000064, pc_wdata: 00000068, insn: 00fb6b33, mode: 3, rs1_addr: 22, rs1_rdata: 00000000, rs2_addr: 15, rs2_rdata: 000003ea, rd_addr: 22, rd_wdata: 001f56ff, mem_addr: 001f56ff, mem_rdata: 00000000, mem_wdata: 00000007
ClkCycle:         31, pc_rdata: 00000068, pc_wdata: 0000006c, insn: 007b5b93, mode: 3, rs1_addr: 22, rs1_rdata: 001f56ff, rs2_addr:  7, rs2_rdata: 00000000, rd_addr: 23, rd_wdata: 00003ead, mem_addr: 00003ead, mem_rdata: 00000000, mem_wdata: 00000000
ClkCycle:         32, pc_rdata: 0000006c, pc_wdata: 00000070, insn: 039b5793, mode: 3, rs1_addr: 22, rs1_rdata: 001f56ff, rs2_addr: 25, rs2_rdata: 00000000, rd_addr: 15, rd_wdata: 00000000, mem_addr: 00000000, mem_rdata: 00000000, mem_wdata: 00000000
ClkCycle:         33, pc_rdata: 00000070, pc_wdata: 00000074, insn: 00fbebb3, mode: 3, rs1_addr: 23, rs1_rdata: 00000000, rs2_addr: 15, rs2_rdata: 00000007, rd_addr: 23, rd_wdata: 00003ead, mem_addr: 00003ead, mem_rdata: 00000000, mem_wdata: 00000000
ClkCycle:         34, pc_rdata: 00000074, pc_wdata: 00000078, insn: 007bdc13, mode: 3, rs1_addr: 23, rs1_rdata: 00003ead, rs2_addr:  7, rs2_rdata: 00000000, rd_addr: 24, rd_wdata: 0000007d, mem_addr: 0000007d, mem_rdata: 00000000, mem_wdata: 00000000
ClkCycle:         35, pc_rdata: 00000078, pc_wdata: 0000007c, insn: 039bd793, mode: 3, rs1_addr: 23, rs1_rdata: 00003ead, rs2_addr: 25, rs2_rdata: 00000000, rd_addr: 15, rd_wdata: 00000000, mem_addr: 00000000, mem_rdata: 00000000, mem_wdata: 00000000
ClkCycle:         36, pc_rdata: 0000007c, pc_wdata: 00000080, insn: 00fc6c33, mode: 3, rs1_addr: 24, rs1_rdata: 00000000, rs2_addr: 15, rs2_rdata: 00000000, rd_addr: 24, rd_wdata: 0000007d, mem_addr: 0000007d, mem_rdata: 00000000, mem_wdata: 00000000
ClkCycle:         37, pc_rdata: 00000080, pc_wdata: 00000084, insn: 007c5c93, mode: 3, rs1_addr: 24, rs1_rdata: 0000007d, rs2_addr:  7, rs2_rdata: 00000000, rd_addr: 25, rd_wdata: 00000000, mem_addr: 00000000, mem_rdata: 00000000, mem_wdata: 00000000
ClkCycle:         38, pc_rdata: 00000084, pc_wdata: 00000088, insn: 039c5793, mode: 3, rs1_addr: 24, rs1_rdata: 0000007d, rs2_addr: 25, rs2_rdata: 00000000, rd_addr: 15, rd_wdata: 00000000, mem_addr: 00000000, mem_rdata: 00000000, mem_wdata: 00000000
ClkCycle:         39, pc_rdata: 00000088, pc_wdata: 0000008c, insn: 00fcecb3, mode: 3, rs1_addr: 25, rs1_rdata: 00000000, rs2_addr: 15, rs2_rdata: 00000000, rd_addr: 25, rd_wdata: 00000000, mem_addr: 00000000, mem_rdata: 00000000, mem_wdata: 00000000
ClkCycle:         40, pc_rdata: 0000008c, pc_wdata: 00000090, insn: 007cdd13, mode: 3, rs1_addr: 25, rs1_rdata: 00000000, rs2_addr:  7, rs2_rdata: 00000000, rd_addr: 26, rd_wdata: 00000000, mem_addr: 00000000, mem_rdata: 00000000, mem_wdata: 00000000
ClkCycle:         41, pc_rdata: 00000090, pc_wdata: 00000094, insn: 039cd793, mode: 3, rs1_addr: 25, rs1_rdata: 00000000, rs2_addr: 25, rs2_rdata: 00000000, rd_addr: 15, rd_wdata: 00000000, mem_addr: 00000000, mem_rdata: 00000000, mem_wdata: 00000000
ClkCycle:         42, pc_rdata: 00000094, pc_wdata: 00000098, insn: 00fd6d33, mode: 3, rs1_addr: 26, rs1_rdata: 00000000, rs2_addr: 15, rs2_rdata: 00000000, rd_addr: 26, rd_wdata: 00000000, mem_addr: 00000000, mem_rdata: 00000000, mem_wdata: 00000000
ClkCycle:         43, pc_rdata: 00000098, pc_wdata: 0000009c, insn: 007d5d93, mode: 3, rs1_addr: 26, rs1_rdata: 00000000, rs2_addr:  7, rs2_rdata: 00000000, rd_addr: 27, rd_wdata: 00000000, mem_addr: 00000000, mem_rdata: 00000000, mem_wdata: 00000000
ClkCycle:         44, pc_rdata: 0000009c, pc_wdata: 000000a0, insn: 039d5793, mode: 3, rs1_addr: 26, rs1_rdata: 00000000, rs2_addr: 25, rs2_rdata: 00000000, rd_addr: 15, rd_wdata: 00000000, mem_addr: 00000000, mem_rdata: 00000000, mem_wdata: 00000000
ClkCycle:         45, pc_rdata: 000000a0, pc_wdata: 000000a4, insn: 00fdedb3, mode: 3, rs1_addr: 27, rs1_rdata: 00000000, rs2_addr: 15, rs2_rdata: 00000000, rd_addr: 27, rd_wdata: 00000000, mem_addr: 00000000, mem_rdata: 00000000, mem_wdata: 00000000
ClkCycle:         46, pc_rdata: 000000a4, pc_wdata: 000000a8, insn: 007dde13, mode: 3, rs1_addr: 27, rs1_rdata: 00000000, rs2_addr:  7, rs2_rdata: 00000000, rd_addr: 28, rd_wdata: 00000000, mem_addr: 00000000, mem_rdata: 00000000, mem_wdata: 00000000
ClkCycle:         47, pc_rdata: 000000a8, pc_wdata: 000000ac, insn: 039dd793, mode: 3, rs1_addr: 27, rs1_rdata: 00000000, rs2_addr: 25, rs2_rdata: 00000000, rd_addr: 15, rd_wdata: 00000000, mem_addr: 00000000, mem_rdata: 00000000, mem_wdata: 00000000
ClkCycle:         48, pc_rdata: 000000ac, pc_wdata: 000000b0, insn: 00fe6e33, mode: 3, rs1_addr: 28, rs1_rdata: 00000000, rs2_addr: 15, rs2_rdata: 00000000, rd_addr: 28, rd_wdata: 00000000, mem_addr: 00000000, mem_rdata: 00000000, mem_wdata: 00000000
ClkCycle:         49, pc_rdata: 000000b0, pc_wdata: 000000b4, insn: 007e5e93, mode: 3, rs1_addr: 28, rs1_rdata: 00000000, rs2_addr:  7, rs2_rdata: 00000000, rd_addr: 29, rd_wdata: 00000000, mem_addr: 00000000, mem_rdata: 00000000, mem_wdata: 00000000
ClkCycle:         50, pc_rdata: 000000b4, pc_wdata: 000000b8, insn: 039e5793, mode: 3, rs1_addr: 28, rs1_rdata: 00000000, rs2_addr: 25, rs2_rdata: 00000000, rd_addr: 15, rd_wdata: 00000000, mem_addr: 00000000, mem_rdata: 00000000, mem_wdata: 00000000
ClkCycle:         51, pc_rdata: 000000b8, pc_wdata: 000000bc, insn: 00feeeb3, mode: 3, rs1_addr: 29, rs1_rdata: 00000000, rs2_addr: 15, rs2_rdata: 00000000, rd_addr: 29, rd_wdata: 00000000, mem_addr: 00000000, mem_rdata: 00000000, mem_wdata: 00000000
ClkCycle:         52, pc_rdata: 000000bc, pc_wdata: 000000c0, insn: 007edf13, mode: 3, rs1_addr: 29, rs1_rdata: 00000000, rs2_addr:  7, rs2_rdata: 00000000, rd_addr: 30, rd_wdata: 00000000, mem_addr: 00000000, mem_rdata: 00000000, mem_wdata: 00000000
ClkCycle:         53, pc_rdata: 000000c0, pc_wdata: 000000c4, insn: 039ed793, mode: 3, rs1_addr: 29, rs1_rdata: 00000000, rs2_addr: 25, rs2_rdata: 00000000, rd_addr: 15, rd_wdata: 00000000, mem_addr: 00000000, mem_rdata: 00000000, mem_wdata: 00000000
ClkCycle:         54, pc_rdata: 000000c4, pc_wdata: 000000c8, insn: 00ff6f33, mode: 3, rs1_addr: 30, rs1_rdata: 00000000, rs2_addr: 15, rs2_rdata: 00000000, rd_addr: 30, rd_wdata: 00000000, mem_addr: 00000000, mem_rdata: 00000000, mem_wdata: 00000000
ClkCycle:         55, pc_rdata: 000000c8, pc_wdata: 000000cc, insn: feedc0b7, mode: 3, rs1_addr: 27, rs1_rdata: 00000000, rs2_addr: 14, rs2_rdata: 00000000, rd_addr:  1, rd_wdata: feedc000, mem_addr: feedc000, mem_rdata: 00000000, mem_wdata: 00000000
ClkCycle:         56, pc_rdata: 000000cc, pc_wdata: 000000d0, insn: ead08093, mode: 3, rs1_addr:  1, rs1_rdata: 00000000, rs2_addr: 13, rs2_rdata: 00000000, rd_addr:  1, rd_wdata: feedbead, mem_addr: feedbead, mem_rdata: 00000000, mem_wdata: 00000000
ClkCycle:         57, pc_rdata: 000000d0, pc_wdata: 000000d4, insn: 00b09093, mode: 3, rs1_addr:  1, rs1_rdata: 00000000, rs2_addr: 11, rs2_rdata: 00000000, rd_addr:  1, rd_wdata: 6df56800, mem_addr: 6df56800, mem_rdata: 00000000, mem_wdata: 00000000
ClkCycle:         58, pc_rdata: 000000d4, pc_wdata: 000000d8, insn: 7f708093, mode: 3, rs1_addr:  1, rs1_rdata: feedc000, rs2_addr: 23, rs2_rdata: 00003ead, rd_addr:  1, rd_wdata: 6df56ff7, mem_addr: 6df56ff7, mem_rdata: 00000000, mem_wdata: 00003ead
ClkCycle:         59, pc_rdata: 000000d8, pc_wdata: 000000dc, insn: 00b09093, mode: 3, rs1_addr:  1, rs1_rdata: feedbead, rs2_addr: 11, rs2_rdata: 00000000, rd_addr:  1, rd_wdata: ab7fb800, mem_addr: ab7fb800, mem_rdata: 00000000, mem_wdata: 00000000
ClkCycle:         60, pc_rdata: 000000dc, pc_wdata: 000000e0, insn: 36f08093, mode: 3, rs1_addr:  1, rs1_rdata: 6df56800, rs2_addr: 15, rs2_rdata: 00000000, rd_addr:  1, rd_wdata: ab7fbb6f, mem_addr: ab7fbb6f, mem_rdata: 00000000, mem_wdata: 00000000
ClkCycle:         61, pc_rdata: 000000e0, pc_wdata: 000000e4, insn: 00a09093, mode: 3, rs1_addr:  1, rs1_rdata: 6df56ff7, rs2_addr: 10, rs2_rdata: 00000000, rd_addr:  1, rd_wdata: feedbc00, mem_addr: feedbc00, mem_rdata: 00000000, mem_wdata: 00000000
ClkCycle:         62, pc_rdata: 000000e4, pc_wdata: 000000e8, insn: 2ad08093, mode: 3, rs1_addr:  1, rs1_rdata: ab7fb800, rs2_addr: 13, rs2_rdata: 00000000, rd_addr:  1, rd_wdata: feedbead, mem_addr: feedbead, mem_rdata: 00000000, mem_wdata: 00000000
ClkCycle:         63, pc_rdata: 000000e8, pc_wdata: 000000ec, insn: 0070d113, mode: 3, rs1_addr:  1, rs1_rdata: ab7fbb6f, rs2_addr:  7, rs2_rdata: 00000000, rd_addr:  2, rd_wdata: 5bfddb7d, mem_addr: 5bfddb7d, mem_rdata: 00000000, mem_wdata: 00000000
ClkCycle:         64, pc_rdata: 000000ec, pc_wdata: 000000f0, insn: 0390d793, mode: 3, rs1_addr:  1, rs1_rdata: feedbc00, rs2_addr: 25, rs2_rdata: 00000000, rd_addr: 15, rd_wdata: 76df56ff, mem_addr: 76df56ff, mem_rdata: 00000000, mem_wdata: 00000000
ClkCycle:         65, pc_rdata: 000000f0, pc_wdata: 000000f4, insn: 00f16133, mode: 3, rs1_addr:  2, rs1_rdata: 00000000, rs2_addr: 15, rs2_rdata: 00000000, rd_addr:  2, rd_wdata: 7fffdfff, mem_addr: 7fffdfff, mem_rdata: 00000000, mem_wdata: 76df56ff
ClkCycle:         66, pc_rdata: 000000f4, pc_wdata: 000000f8, insn: 00715193, mode: 3, rs1_addr:  2, rs1_rdata: 5bfddb7d, rs2_addr:  7, rs2_rdata: 00000000, rd_addr:  3, rd_wdata: feffffbf, mem_addr: feffffbf, mem_rdata: 00000000, mem_wdata: 00000000
ClkCycle:         67, pc_rdata: 000000f8, pc_wdata: 000000fc, insn: 03915793, mode: 3, rs1_addr:  2, rs1_rdata: 5bfddb7d, rs2_addr: 25, rs2_rdata: 00000000, rd_addr: 15, rd_wdata: feedbfbf, mem_addr: feedbfbf, mem_rdata: 00000000, mem_wdata: 00000000
ClkCycle:         68, pc_rdata: 000000fc, pc_wdata: 00000100, insn: 00f1e1b3, mode: 3, rs1_addr:  3, rs1_rdata: 00000000, rs2_addr: 15, rs2_rdata: 76df56ff, rd_addr:  3, rd_wdata: feffffbf, mem_addr: feffffbf, mem_rdata: 00000000, mem_wdata: feedbfbf
ClkCycle:         69, pc_rdata: 00000100, pc_wdata: 00000104, insn: 0071d213, mode: 3, rs1_addr:  3, rs1_rdata: feffffbf, rs2_addr:  7, rs2_rdata: 00000000, rd_addr:  4, rd_wdata: 6dfdffff, mem_addr: 6dfdffff, mem_rdata: 00000000, mem_wdata: 00000000
ClkCycle:         70, pc_rdata: 00000104, pc_wdata: 00000108, insn: 0391d793, mode: 3, rs1_addr:  3, rs1_rdata: feffffbf, rs2_addr: 25, rs2_rdata: 00000000, rd_addr: 15, rd_wdata: 01fddb7f, mem_addr: 01fddb7f, mem_rdata: 00000000, mem_wdata: 00000000
ClkCycle:         71, pc_rdata: 00000108, pc_wdata: 0000010c, insn: 00f26233, mode: 3, rs1_addr:  4, rs1_rdata: 00000000, rs2_addr: 15, rs2_rdata: feedbfbf, rd_addr:  4, rd_wdata: 6dfdffff, mem_addr: 6dfdffff, mem_rdata: 00000000, mem_wdata: 01fddb7f
ClkCycle:         72, pc_rdata: 0000010c, pc_wdata: 00000110, insn: 00725293, mode: 3, rs1_addr:  4, rs1_rdata: 6dfdffff, rs2_addr:  7, rs2_rdata: 00000000, rd_addr:  5, rd_wdata: eedbfbff, mem_addr: eedbfbff, mem_rdata: 00000000, mem_wdata: 00000000
ClkCycle:         73, pc_rdata: 00000110, pc_wdata: 00000114, insn: 03925793, mode: 3, rs1_addr:  4, rs1_rdata: 6dfdffff, rs2_addr: 25, rs2_rdata: 00000000, rd_addr: 15, rd_wdata: 0003fbb6, mem_addr: 0003fbb6, mem_rdata: 00000000, mem_wdata: 00000000
ClkCycle:         74, pc_rdata: 00000114, pc_wdata: 00000118, insn: 00f2e2b3, mode: 3, rs1_addr:  5, rs1_rdata: 00000000, rs2_addr: 15, rs2_rdata: 01fddb7f, rd_addr:  5, rd_wdata: eedbfbff, mem_addr: eedbfbff, mem_rdata: 00000000, mem_wdata: 0003fbb6
ClkCycle:         75, pc_rdata: 00000118, pc_wdata: 0000011c, insn: 0072d313, mode: 3, rs1_addr:  5, rs1_rdata: eedbfbff, rs2_addr:  7, rs2_rdata: 00000000, rd_addr:  6, rd_wdata: 1fddb7f7, mem_addr: 1fddb7f7, mem_rdata: 00000000, mem_wdata: 00000000
ClkCycle:         76, pc_rdata: 0000011c, pc_wdata: 00000120, insn: 0392d793, mode: 3, rs1_addr:  5, rs1_rdata: eedbfbff, rs2_addr: 25, rs2_rdata: 00000000, rd_addr: 15, rd_wdata: 000007f7, mem_addr: 000007f7, mem_rdata: 00000000, mem_wdata: 00000000
ClkCycle:         77, pc_rdata: 00000120, pc_wdata: 00000124, insn: 00f36333, mode: 3, rs1_addr:  6, rs1_rdata: 00000000, rs2_addr: 15, rs2_rdata: 0003fbb6, rd_addr:  6, rd_wdata: 1fddb7f7, mem_addr: 1fddb7f7, mem_rdata: 00000000, mem_wdata: 000007f7
ClkCycle:         78, pc_rdata: 00000124, pc_wdata: 00000128, insn: 00735393, mode: 3, rs1_addr:  6, rs1_rdata: 1fddb7f7, rs2_addr:  7, rs2_rdata: 00000000, rd_addr:  7, rd_wdata: 003fbb6f, mem_addr: 003fbb6f, mem_rdata: 00000000, mem_wdata: 00000000
ClkCycle:         79, pc_rdata: 00000128, pc_wdata: 0000012c, insn: 03935793, mode: 3, rs1_addr:  6, rs1_rdata: 1fddb7f7, rs2_addr: 25, rs2_rdata: 00000000, rd_addr: 15, rd_wdata: 0000000f, mem_addr: 0000000f, mem_rdata: 00000000, mem_wdata: 00000000
ClkCycle:         80, pc_rdata: 0000012c, pc_wdata: 00000130, insn: 00f3e3b3, mode: 3, rs1_addr:  7, rs1_rdata: 00000000, rs2_addr: 15, rs2_rdata: 000007f7, rd_addr:  7, rd_wdata: 003fbb6f, mem_addr: 003fbb6f, mem_rdata: 00000000, mem_wdata: 0000000f
ClkCycle:         81, pc_rdata: 00000130, pc_wdata: 00000134, insn: 0073d413, mode: 3, rs1_addr:  7, rs1_rdata: 003fbb6f, rs2_addr:  7, rs2_rdata: 003fbb6f, rd_addr:  8, rd_wdata: 00007f76, mem_addr: 00007f76, mem_rdata: 00000000, mem_wdata: 003fbb6f
ClkCycle:         82, pc_rdata: 00000134, pc_wdata: 00000138, insn: 0393d793, mode: 3, rs1_addr:  7, rs1_rdata: 003fbb6f, rs2_addr: 25, rs2_rdata: 00000000, rd_addr: 15, rd_wdata: 00000000, mem_addr: 00000000, mem_rdata: 00000000, mem_wdata: 00000000
ClkCycle:         83, pc_rdata: 00000138, pc_wdata: 0000013c, insn: 00f46433, mode: 3, rs1_addr:  8, rs1_rdata: 00000000, rs2_addr: 15, rs2_rdata: 0000000f, rd_addr:  8, rd_wdata: 00007f76, mem_addr: 00007f76, mem_rdata: 00000000, mem_wdata: 00000000
ClkCycle:         84, pc_rdata: 0000013c, pc_wdata: 00000140, insn: 00745493, mode: 3, rs1_addr:  8, rs1_rdata: 00007f76, rs2_addr:  7, rs2_rdata: 003fbb6f, rd_addr:  9, rd_wdata: 000000fe, mem_addr: 000000fe, mem_rdata: 00000000, mem_wdata: 003fbb6f
ClkCycle:         85, pc_rdata: 00000140, pc_wdata: 00000144, insn: 03945793, mode: 3, rs1_addr:  8, rs1_rdata: 00007f76, rs2_addr: 25, rs2_rdata: 00000000, rd_addr: 15, rd_wdata: 00000000, mem_addr: 00000000, mem_rdata: 00000000, mem_wdata: 00000000
ClkCycle:         86, pc_rdata: 00000144, pc_wdata: 00000148, insn: 00f4e4b3, mode: 3, rs1_addr:  9, rs1_rdata: 00000000, rs2_addr: 15, rs2_rdata: 00000000, rd_addr:  9, rd_wdata: 000000fe, mem_addr: 000000fe, mem_rdata: 00000000, mem_wdata: 00000000
ClkCycle:         87, pc_rdata: 00000148, pc_wdata: 0000014c, insn: 0074d513, mode: 3, rs1_addr:  9, rs1_rdata: 000000fe, rs2_addr:  7, rs2_rdata: 003fbb6f, rd_addr: 10, rd_wdata: 00000001, mem_addr: 00000001, mem_rdata: 00000000, mem_wdata: 003fbb6f
ClkCycle:         88, pc_rdata: 0000014c, pc_wdata: 00000150, insn: 0394d793, mode: 3, rs1_addr:  9, rs1_rdata: 000000fe, rs2_addr: 25, rs2_rdata: 00000000, rd_addr: 15, rd_wdata: 00000000, mem_addr: 00000000, mem_rdata: 00000000, mem_wdata: 00000000
ClkCycle:         89, pc_rdata: 00000150, pc_wdata: 00000154, insn: 00f56533, mode: 3, rs1_addr: 10, rs1_rdata: 00000000, rs2_addr: 15, rs2_rdata: 00000000, rd_addr: 10, rd_wdata: 00000001, mem_addr: 00000001, mem_rdata: 00000000, mem_wdata: 00000000
ClkCycle:         90, pc_rdata: 00000154, pc_wdata: 00000158, insn: 00755593, mode: 3, rs1_addr: 10, rs1_rdata: 00000001, rs2_addr:  7, rs2_rdata: 003fbb6f, rd_addr: 11, rd_wdata: 00000000, mem_addr: 00000000, mem_rdata: 00000000, mem_wdata: 003fbb6f
ClkCycle:         91, pc_rdata: 00000158, pc_wdata: 0000015c, insn: 03955793, mode: 3, rs1_addr: 10, rs1_rdata: 00000001, rs2_addr: 25, rs2_rdata: 00000000, rd_addr: 15, rd_wdata: 00000000, mem_addr: 00000000, mem_rdata: 00000000, mem_wdata: 00000000
ClkCycle:         92, pc_rdata: 0000015c, pc_wdata: 00000160, insn: 00f5e5b3, mode: 3, rs1_addr: 11, rs1_rdata: 00000000, rs2_addr: 15, rs2_rdata: 00000000, rd_addr: 11, rd_wdata: 00000000, mem_addr: 00000000, mem_rdata: 00000000, mem_wdata: 00000000
ClkCycle:         93, pc_rdata: 00000160, pc_wdata: 00000164, insn: 0075d613, mode: 3, rs1_addr: 11, rs1_rdata: 00000000, rs2_addr:  7, rs2_rdata: 003fbb6f, rd_addr: 12, rd_wdata: 00000000, mem_addr: 00000000, mem_rdata: 00000000, mem_wdata: 003fbb6f
ClkCycle:         94, pc_rdata: 00000164, pc_wdata: 00000168, insn: 0395d793, mode: 3, rs1_addr: 11, rs1_rdata: 00000000, rs2_addr: 25, rs2_rdata: 00000000, rd_addr: 15, rd_wdata: 00000000, mem_addr: 00000000, mem_rdata: 00000000, mem_wdata: 00000000
ClkCycle:         95, pc_rdata: 00000168, pc_wdata: 0000016c, insn: 00f66633, mode: 3, rs1_addr: 12, rs1_rdata: 00000000, rs2_addr: 15, rs2_rdata: 00000000, rd_addr: 12, rd_wdata: 00000000, mem_addr: 00000000, mem_rdata: 00000000, mem_wdata: 00000000
ClkCycle:         96, pc_rdata: 0000016c, pc_wdata: 00000170, insn: 00765693, mode: 3, rs1_addr: 12, rs1_rdata: 00000000, rs2_addr:  7, rs2_rdata: 003fbb6f, rd_addr: 13, rd_wdata: 00000000, mem_addr: 00000000, mem_rdata: 00000000, mem_wdata: 003fbb6f
ClkCycle:         97, pc_rdata: 00000170, pc_wdata: 00000174, insn: 03965793, mode: 3, rs1_addr: 12, rs1_rdata: 00000000, rs2_addr: 25, rs2_rdata: 00000000, rd_addr: 15, rd_wdata: 00000000, mem_addr: 00000000, mem_rdata: 00000000, mem_wdata: 00000000
ClkCycle:         98, pc_rdata: 00000174, pc_wdata: 00000178, insn: 00f6e6b3, mode: 3, rs1_addr: 13, rs1_rdata: 00000000, rs2_addr: 15, rs2_rdata: 00000000, rd_addr: 13, rd_wdata: 00000000, mem_addr: 00000000, mem_rdata: 00000000, mem_wdata: 00000000
ClkCycle:         99, pc_rdata: 00000178, pc_wdata: 0000017c, insn: 00000013, mode: 3, rs1_addr:  0, rs1_rdata: 00000000, rs2_addr:  0, rs2_rdata: 00000000, rd_addr:  0, rd_wdata: 00000000, mem_addr: 00000000, mem_rdata: 00000000, mem_wdata: 00000000
ClkCycle:        100, pc_rdata: 0000017c, pc_wdata: 00000180, insn: 00000013, mode: 3, rs1_addr:  0, rs1_rdata: 00000000, rs2_addr:  0, rs2_rdata: 00000000, rd_addr:  0, rd_wdata: 00000000, mem_addr: 00000000, mem_rdata: 00000000, mem_wdata: 00000000
ClkCycle:        101, pc_rdata: 00000180, pc_wdata: 00000184, insn: 00003097, mode: 3, rs1_addr:  0, rs1_rdata: 00000000, rs2_addr:  0, rs2_rdata: 00000000, rd_addr:  1, rd_wdata: 00003180, mem_addr: 00003180, mem_rdata: 00000000, mem_wdata: 00000000
ClkCycle:        102, pc_rdata: 00000184, pc_wdata: 00000188, insn: f9808093, mode: 3, rs1_addr:  1, rs1_rdata: feedbead, rs2_addr: 24, rs2_rdata: 0000007d, rd_addr:  1, rd_wdata: 00003118, mem_addr: 00003118, mem_rdata: 00000000, mem_wdata: 0000007d
ClkCycle:        103, pc_rdata: 00000188, pc_wdata: 0000018c, insn: 00000013, mode: 3, rs1_addr:  0, rs1_rdata: 00000000, rs2_addr:  0, rs2_rdata: 00000000, rd_addr:  0, rd_wdata: 00000000, mem_addr: 00000000, mem_rdata: 00000000, mem_wdata: 00000000
ClkCycle:        104, pc_rdata: 0000018c, pc_wdata: 00000190, insn: 00000013, mode: 3, rs1_addr:  0, rs1_rdata: 00000000, rs2_addr:  0, rs2_rdata: 00000000, rd_addr:  0, rd_wdata: 00000000, mem_addr: 00000000, mem_rdata: 00000000, mem_wdata: 00000000
ClkCycle:        105, pc_rdata: 00000190, pc_wdata: 00000194, insn: 00000013, mode: 3, rs1_addr:  0, rs1_rdata: 00000000, rs2_addr:  0, rs2_rdata: 00000000, rd_addr:  0, rd_wdata: 00000000, mem_addr: 00000000, mem_rdata: 00000000, mem_wdata: 00000000
ClkCycle:        106, pc_rdata: 00000194, pc_wdata: 00000198, insn: 00000013, mode: 3, rs1_addr:  0, rs1_rdata: 00000000, rs2_addr:  0, rs2_rdata: 00000000, rd_addr:  0, rd_wdata: 00000000, mem_addr: 00000000, mem_rdata: 00000000, mem_wdata: 00000000
ClkCycle:        107, pc_rdata: 00000198, pc_wdata: 0000019c, insn: 00000013, mode: 3, rs1_addr:  0, rs1_rdata: 00000000, rs2_addr:  0, rs2_rdata: 00000000, rd_addr:  0, rd_wdata: 00000000, mem_addr: 00000000, mem_rdata: 00000000, mem_wdata: 00000000
ClkCycle:        108, pc_rdata: 0000019c, pc_wdata: 000001a0, insn: 00000013, mode: 3, rs1_addr:  0, rs1_rdata: 00000000, rs2_addr:  0, rs2_rdata: 00000000, rd_addr:  0, rd_wdata: 00000000, mem_addr: 00000000, mem_rdata: 00000000, mem_wdata: 00000000
ClkCycle:        109, pc_rdata: 000001a0, pc_wdata: 000001a4, insn: 00002717, mode: 3, rs1_addr:  0, rs1_rdata: 00000000, rs2_addr:  0, rs2_rdata: 00000000, rd_addr: 14, rd_wdata: 000021a0, mem_addr: 000021a0, mem_rdata: 00000000, mem_wdata: 00000000
ClkCycle:        110, pc_rdata: 000001a4, pc_wdata: 000001a8, insn: df470713, mode: 3, rs1_addr: 14, rs1_rdata: 00000000, rs2_addr: 20, rs2_rdata: d5bffdff, rd_addr: 14, rd_wdata: 00001f94, mem_addr: 00001f94, mem_rdata: 00000000, mem_wdata: d5bffdff
ClkCycle:        111, pc_rdata: 000001a8, pc_wdata: 000001ac, insn: 00000013, mode: 3, rs1_addr:  0, rs1_rdata: 00000000, rs2_addr:  0, rs2_rdata: 00000000, rd_addr:  0, rd_wdata: 00000000, mem_addr: 00000000, mem_rdata: 00000000, mem_wdata: 00000000
ClkCycle:        112, pc_rdata: 000001ac, pc_wdata: 000001b0, insn: 00000013, mode: 3, rs1_addr:  0, rs1_rdata: 00000000, rs2_addr:  0, rs2_rdata: 00000000, rd_addr:  0, rd_wdata: 00000000, mem_addr: 00000000, mem_rdata: 00000000, mem_wdata: 00000000
ClkCycle:        113, pc_rdata: 000001b0, pc_wdata: 000001b4, insn: 00000013, mode: 3, rs1_addr:  0, rs1_rdata: 00000000, rs2_addr:  0, rs2_rdata: 00000000, rd_addr:  0, rd_wdata: 00000000, mem_addr: 00000000, mem_rdata: 00000000, mem_wdata: 00000000
ClkCycle:        114, pc_rdata: 000001b4, pc_wdata: 000001b8, insn: 00000013, mode: 3, rs1_addr:  0, rs1_rdata: 00000000, rs2_addr:  0, rs2_rdata: 00000000, rd_addr:  0, rd_wdata: 00000000, mem_addr: 00000000, mem_rdata: 00000000, mem_wdata: 00000000
ClkCycle:        115, pc_rdata: 000001b8, pc_wdata: 000001bc, insn: 00000013, mode: 3, rs1_addr:  0, rs1_rdata: 00000000, rs2_addr:  0, rs2_rdata: 00000000, rd_addr:  0, rd_wdata: 00000000, mem_addr: 00000000, mem_rdata: 00000000, mem_wdata: 00000000
ClkCycle:        116, pc_rdata: 000001bc, pc_wdata: 000001c0, insn: 00000013, mode: 3, rs1_addr:  0, rs1_rdata: 00000000, rs2_addr:  0, rs2_rdata: 00000000, rd_addr:  0, rd_wdata: 00000000, mem_addr: 00000000, mem_rdata: 00000000, mem_wdata: 00000000
ClkCycle:        117, pc_rdata: 000001c0, pc_wdata: 000001c2, insn: 00015770, mode: 3, rs1_addr: 14, rs1_rdata: 00001f94, rs2_addr: 12, rs2_rdata: 00000000, rd_addr: 12, rd_wdata: 00000000, mem_addr: 00002000, mem_rdata: 00000000, mem_wdata: 00000000
ClkCycle:        118, pc_rdata: 000001c2, pc_wdata: 000001c6, insn: 00015770, mode: 3, rs1_addr:  0, rs1_rdata: 00000000, rs2_addr:  0, rs2_rdata: 00000000, rd_addr:  0, rd_wdata: 00000000, mem_addr: 00000000, mem_rdata: 00000000, mem_wdata: 00000000
ClkCycle:        119, pc_rdata: 000001c6, pc_wdata: 000001c8, insn: 001300c0, mode: 3, rs1_addr:  0, rs1_rdata: 00000000, rs2_addr:  0, rs2_rdata: 00000000, rd_addr:  0, rd_wdata: 00000000, mem_addr: 00000000, mem_rdata: 00000000, mem_wdata: 00000000
ClkCycle:        120, pc_rdata: 000001c8, pc_wdata: 000001ca, insn: 001300c0, mode: 3, rs1_addr:  2, rs1_rdata: 7fffdfff, rs2_addr:  4, rs2_rdata: 6dfdffff, rd_addr:  8, rd_wdata: 7fffe043, mem_addr: 7fffe043, mem_rdata: 00000000, mem_wdata: 6dfdffff
ClkCycle:        121, pc_rdata: 000001ca, pc_wdata: 000001ce, insn: 001300c0, mode: 3, rs1_addr:  0, rs1_rdata: 00000000, rs2_addr:  0, rs2_rdata: 00000000, rd_addr:  0, rd_wdata: 00000000, mem_addr: 00000000, mem_rdata: 00000000, mem_wdata: 00000000
ClkCycle:        122, pc_rdata: 000001ce, pc_wdata: 000001d2, insn: 00130000, mode: 3, rs1_addr:  0, rs1_rdata: 00000000, rs2_addr:  0, rs2_rdata: 00000000, rd_addr:  0, rd_wdata: 00000000, mem_addr: 00000000, mem_rdata: 00000000, mem_wdata: 00000000
ClkCycle:        123, pc_rdata: 000001d2, pc_wdata: 000001d6, insn: 00130000, mode: 3, rs1_addr:  0, rs1_rdata: 00000000, rs2_addr:  0, rs2_rdata: 00000000, rd_addr:  0, rd_wdata: 00000000, mem_addr: 00000000, mem_rdata: 00000000, mem_wdata: 00000000
ClkCycle:        124, pc_rdata: 000001d6, pc_wdata: 000001da, insn: 00130000, mode: 3, rs1_addr:  0, rs1_rdata: 00000000, rs2_addr:  0, rs2_rdata: 00000000, rd_addr:  0, rd_wdata: 00000000, mem_addr: 00000000, mem_rdata: 00000000, mem_wdata: 00000000
ClkCycle:        125, pc_rdata: 000001da, pc_wdata: 000001de, insn: 00130000, mode: 3, rs1_addr:  0, rs1_rdata: 00000000, rs2_addr:  0, rs2_rdata: 00000000, rd_addr:  0, rd_wdata: 00000000, mem_addr: 00000000, mem_rdata: 00000000, mem_wdata: 00000000
ClkCycle:        126, pc_rdata: 000001de, pc_wdata: 000001e2, insn: 00002517, mode: 3, rs1_addr: 14, rs1_rdata: 00001f94, rs2_addr: 17, rs2_rdata: bffeffff, rd_addr:  0, rd_wdata: 000021e5, mem_addr: 000021e5, mem_rdata: 00000000, mem_wdata: bffeffff
ClkCycle:        127, pc_rdata: 000001e2, pc_wdata: 000001e6, insn: 00002517, mode: 3, rs1_addr:  0, rs1_rdata: 00000000, rs2_addr:  0, rs2_rdata: 00000000, rd_addr:  0, rd_wdata: 00000000, mem_addr: 00000000, mem_rdata: 00000000, mem_wdata: 00000000
ClkCycle:        128, pc_rdata: 000001e6, pc_wdata: 000001e8, insn: 00000013, mode: 3, rs1_addr:  2, rs1_rdata: 7fffdfff, rs2_addr:  0, rs2_rdata: 00000000, rd_addr:  8, rd_wdata: 7fffdfff, mem_addr: 7fffdfff, mem_rdata: 00000000, mem_wdata: 00000000
ClkCycle:        129, pc_rdata: 000001e8, pc_wdata: 000001ec, insn: 00000013, mode: 3, rs1_addr:  0, rs1_rdata: 00000000, rs2_addr:  0, rs2_rdata: 00000000, rd_addr:  0, rd_wdata: 00000000, mem_addr: 00000000, mem_rdata: 00000000, mem_wdata: 00000000
ClkCycle:        130, pc_rdata: 000001ec, pc_wdata: 000001f0, insn: 00000013, mode: 3, rs1_addr:  0, rs1_rdata: 00000000, rs2_addr:  0, rs2_rdata: 00000000, rd_addr:  0, rd_wdata: 00000000, mem_addr: 00000000, mem_rdata: 00000000, mem_wdata: 00000000
ClkCycle:        131, pc_rdata: 000001f0, pc_wdata: 000001f4, insn: 00000013, mode: 3, rs1_addr:  0, rs1_rdata: 00000000, rs2_addr:  0, rs2_rdata: 00000000, rd_addr:  0, rd_wdata: 00000000, mem_addr: 00000000, mem_rdata: 00000000, mem_wdata: 00000000
ClkCycle:        132, pc_rdata: 000001f4, pc_wdata: 000001f8, insn: 00000013, mode: 3, rs1_addr:  0, rs1_rdata: 00000000, rs2_addr:  0, rs2_rdata: 00000000, rd_addr:  0, rd_wdata: 00000000, mem_addr: 00000000, mem_rdata: 00000000, mem_wdata: 00000000
ClkCycle:        133, pc_rdata: 000001f8, pc_wdata: 000001fc, insn: 00000013, mode: 3, rs1_addr:  0, rs1_rdata: 00000000, rs2_addr:  0, rs2_rdata: 00000000, rd_addr:  0, rd_wdata: 00000000, mem_addr: 00000000, mem_rdata: 00000000, mem_wdata: 00000000
ClkCycle:        134, pc_rdata: 000001fc, pc_wdata: 00000200, insn: 00000013, mode: 3, rs1_addr:  0, rs1_rdata: 00000000, rs2_addr:  0, rs2_rdata: 00000000, rd_addr:  0, rd_wdata: 00000000, mem_addr: 00000000, mem_rdata: 00000000, mem_wdata: 00000000
ClkCycle:        135, pc_rdata: 00000200, pc_wdata: 00000202, insn: 00014108, mode: 3, rs1_addr: 10, rs1_rdata: 00000001, rs2_addr:  0, rs2_rdata: 00000000, rd_addr: 10, rd_wdata: 00000000, mem_addr: 00000001, mem_rdata: 00000000, mem_wdata: 00000000
ClkCycle:        136, pc_rdata: 00000202, pc_wdata: 00000206, insn: 00014108, mode: 3, rs1_addr:  0, rs1_rdata: 00000000, rs2_addr:  0, rs2_rdata: 00000000, rd_addr:  0, rd_wdata: 00000000, mem_addr: 00000000, mem_rdata: 00000000, mem_wdata: 00000000
ClkCycle:        137, pc_rdata: 00000206, pc_wdata: 00000208, insn: 001300a0, mode: 3, rs1_addr:  0, rs1_rdata: 00000000, rs2_addr:  0, rs2_rdata: 00000000, rd_addr:  0, rd_wdata: 00000000, mem_addr: 00000000, mem_rdata: 00000000, mem_wdata: 00000000
ClkCycle:        138, pc_rdata: 00000208, pc_wdata: 0000020a, insn: 001300a0, mode: 3, rs1_addr:  2, rs1_rdata: 7fffdfff, rs2_addr:  8, rs2_rdata: 7fffdfff, rd_addr:  8, rd_wdata: 7fffe047, mem_addr: 7fffe047, mem_rdata: 00000000, mem_wdata: 7fffdfff
ClkCycle:        139, pc_rdata: 0000020a, pc_wdata: 0000020e, insn: 001300a0, mode: 3, rs1_addr:  0, rs1_rdata: 00000000, rs2_addr:  0, rs2_rdata: 00000000, rd_addr:  0, rd_wdata: 00000000, mem_addr: 00000000, mem_rdata: 00000000, mem_wdata: 00000000
ClkCycle:        140, pc_rdata: 0000020e, pc_wdata: 00000212, insn: 00130000, mode: 3, rs1_addr:  0, rs1_rdata: 00000000, rs2_addr:  0, rs2_rdata: 00000000, rd_addr:  0, rd_wdata: 00000000, mem_addr: 00000000, mem_rdata: 00000000, mem_wdata: 00000000
ClkCycle:        141, pc_rdata: 00000212, pc_wdata: 00000216, insn: 00130000, mode: 3, rs1_addr:  0, rs1_rdata: 00000000, rs2_addr:  0, rs2_rdata: 00000000, rd_addr:  0, rd_wdata: 00000000, mem_addr: 00000000, mem_rdata: 00000000, mem_wdata: 00000000
ClkCycle:        142, pc_rdata: 00000216, pc_wdata: 0000021a, insn: 00130000, mode: 3, rs1_addr:  0, rs1_rdata: 00000000, rs2_addr:  0, rs2_rdata: 00000000, rd_addr:  0, rd_wdata: 00000000, mem_addr: 00000000, mem_rdata: 00000000, mem_wdata: 00000000
ClkCycle:        143, pc_rdata: 0000021a, pc_wdata: 0000021e, insn: 00130000, mode: 3, rs1_addr:  0, rs1_rdata: 00000000, rs2_addr:  0, rs2_rdata: 00000000, rd_addr:  0, rd_wdata: 00000000, mem_addr: 00000000, mem_rdata: 00000000, mem_wdata: 00000000
ClkCycle:        144, pc_rdata: 0000021e, pc_wdata: 00000222, insn: 00002497, mode: 3, rs1_addr: 14, rs1_rdata: 00001f94, rs2_addr:  9, rs2_rdata: 000000fe, rd_addr:  0, rd_wdata: 000021dd, mem_addr: 000021dd, mem_rdata: 00000000, mem_wdata: 000000fe
ClkCycle:        145, pc_rdata: 00000222, pc_wdata: 00000226, insn: 00002497, mode: 3, rs1_addr:  0, rs1_rdata: 00000000, rs2_addr:  0, rs2_rdata: 00000000, rd_addr:  0, rd_wdata: 00000000, mem_addr: 00000000, mem_rdata: 00000000, mem_wdata: 00000000
ClkCycle:        146, pc_rdata: 00000226, pc_wdata: 00000228, insn: 00000013, mode: 3, rs1_addr:  2, rs1_rdata: 7fffdfff, rs2_addr:  0, rs2_rdata: 00000000, rd_addr:  8, rd_wdata: 7fffdfff, mem_addr: 7fffdfff, mem_rdata: 00000000, mem_wdata: 00000000
ClkCycle:        147, pc_rdata: 00000228, pc_wdata: 0000022c, insn: 00000013, mode: 3, rs1_addr:  0, rs1_rdata: 00000000, rs2_addr:  0, rs2_rdata: 00000000, rd_addr:  0, rd_wdata: 00000000, mem_addr: 00000000, mem_rdata: 00000000, mem_wdata: 00000000
ClkCycle:        148, pc_rdata: 0000022c, pc_wdata: 00000230, insn: 00000013, mode: 3, rs1_addr:  0, rs1_rdata: 00000000, rs2_addr:  0, rs2_rdata: 00000000, rd_addr:  0, rd_wdata: 00000000, mem_addr: 00000000, mem_rdata: 00000000, mem_wdata: 00000000
ClkCycle:        149, pc_rdata: 00000230, pc_wdata: 00000234, insn: 00000013, mode: 3, rs1_addr:  0, rs1_rdata: 00000000, rs2_addr:  0, rs2_rdata: 00000000, rd_addr:  0, rd_wdata: 00000000, mem_addr: 00000000, mem_rdata: 00000000, mem_wdata: 00000000
ClkCycle:        150, pc_rdata: 00000234, pc_wdata: 00000238, insn: 00000013, mode: 3, rs1_addr:  0, rs1_rdata: 00000000, rs2_addr:  0, rs2_rdata: 00000000, rd_addr:  0, rd_wdata: 00000000, mem_addr: 00000000, mem_rdata: 00000000, mem_wdata: 00000000
ClkCycle:        151, pc_rdata: 00000238, pc_wdata: 0000023c, insn: 00000013, mode: 3, rs1_addr:  0, rs1_rdata: 00000000, rs2_addr:  0, rs2_rdata: 00000000, rd_addr:  0, rd_wdata: 00000000, mem_addr: 00000000, mem_rdata: 00000000, mem_wdata: 00000000
ClkCycle:        152, pc_rdata: 0000023c, pc_wdata: 00000240, insn: 00000013, mode: 3, rs1_addr:  0, rs1_rdata: 00000000, rs2_addr:  0, rs2_rdata: 00000000, rd_addr:  0, rd_wdata: 00000000, mem_addr: 00000000, mem_rdata: 00000000, mem_wdata: 00000000
ClkCycle:        153, pc_rdata: 00000240, pc_wdata: 00000242, insn: 000140d4, mode: 3, rs1_addr:  9, rs1_rdata: 000000fe, rs2_addr:  4, rs2_rdata: 6dfdffff, rd_addr: 13, rd_wdata: 00000000, mem_addr: 00000102, mem_rdata: 00000000, mem_wdata: 6dfdffff
ClkCycle:        154, pc_rdata: 00000242, pc_wdata: 00000246, insn: 000140d4, mode: 3, rs1_addr:  0, rs1_rdata: 00000000, rs2_addr:  0, rs2_rdata: 00000000, rd_addr:  0, rd_wdata: 00000000, mem_addr: 00000000, mem_rdata: 00000000, mem_wdata: 00000000
ClkCycle:        155, pc_rdata: 00000246, pc_wdata: 00000248, insn: 001300d0, mode: 3, rs1_addr:  0, rs1_rdata: 00000000, rs2_addr:  0, rs2_rdata: 00000000, rd_addr:  0, rd_wdata: 00000000, mem_addr: 00000000, mem_rdata: 00000000, mem_wdata: 00000000
ClkCycle:        156, pc_rdata: 00000248, pc_wdata: 0000024a, insn: 001300d0, mode: 3, rs1_addr:  2, rs1_rdata: 7fffdfff, rs2_addr:  4, rs2_rdata: 6dfdffff, rd_addr: 12, rd_wdata: 7fffe043, mem_addr: 7fffe043, mem_rdata: 00000000, mem_wdata: 6dfdffff
ClkCycle:        157, pc_rdata: 0000024a, pc_wdata: 0000024e, insn: 001300d0, mode: 3, rs1_addr:  0, rs1_rdata: 00000000, rs2_addr:  0, rs2_rdata: 00000000, rd_addr:  0, rd_wdata: 00000000, mem_addr: 00000000, mem_rdata: 00000000, mem_wdata: 00000000
ClkCycle:        158, pc_rdata: 0000024e, pc_wdata: 00000252, insn: 00130000, mode: 3, rs1_addr:  0, rs1_rdata: 00000000, rs2_addr:  0, rs2_rdata: 00000000, rd_addr:  0, rd_wdata: 00000000, mem_addr: 00000000, mem_rdata: 00000000, mem_wdata: 00000000
ClkCycle:        159, pc_rdata: 00000252, pc_wdata: 00000256, insn: 00130000, mode: 3, rs1_addr:  0, rs1_rdata: 00000000, rs2_addr:  0, rs2_rdata: 00000000, rd_addr:  0, rd_wdata: 00000000, mem_addr: 00000000, mem_rdata: 00000000, mem_wdata: 00000000
ClkCycle:        160, pc_rdata: 00000256, pc_wdata: 0000025a, insn: 00130000, mode: 3, rs1_addr:  0, rs1_rdata: 00000000, rs2_addr:  0, rs2_rdata: 00000000, rd_addr:  0, rd_wdata: 00000000, mem_addr: 00000000, mem_rdata: 00000000, mem_wdata: 00000000
ClkCycle:        161, pc_rdata: 0000025a, pc_wdata: 0000025e, insn: 00130000, mode: 3, rs1_addr:  0, rs1_rdata: 00000000, rs2_addr:  0, rs2_rdata: 00000000, rd_addr:  0, rd_wdata: 00000000, mem_addr: 00000000, mem_rdata: 00000000, mem_wdata: 00000000
ClkCycle:        162, pc_rdata: 0000025e, pc_wdata: 00000262, insn: 00002597, mode: 3, rs1_addr: 14, rs1_rdata: 00001f94, rs2_addr: 25, rs2_rdata: 00000000, rd_addr:  0, rd_wdata: 000021ed, mem_addr: 000021ed, mem_rdata: 00000000, mem_wdata: 00000000
ClkCycle:        163, pc_rdata: 00000262, pc_wdata: 00000266, insn: 00002597, mode: 3, rs1_addr:  0, rs1_rdata: 00000000, rs2_addr:  0, rs2_rdata: 00000000, rd_addr:  0, rd_wdata: 00000000, mem_addr: 00000000, mem_rdata: 00000000, mem_wdata: 00000000
ClkCycle:        164, pc_rdata: 00000266, pc_wdata: 00000268, insn: 00000013, mode: 3, rs1_addr:  2, rs1_rdata: 7fffdfff, rs2_addr:  0, rs2_rdata: 00000000, rd_addr:  8, rd_wdata: 7fffdfff, mem_addr: 7fffdfff, mem_rdata: 00000000, mem_wdata: 00000000
ClkCycle:        165, pc_rdata: 00000268, pc_wdata: 0000026c, insn: 00000013, mode: 3, rs1_addr:  0, rs1_rdata: 00000000, rs2_addr:  0, rs2_rdata: 00000000, rd_addr:  0, rd_wdata: 00000000, mem_addr: 00000000, mem_rdata: 00000000, mem_wdata: 00000000
ClkCycle:        166, pc_rdata: 0000026c, pc_wdata: 00000270, insn: 00000013, mode: 3, rs1_addr:  0, rs1_rdata: 00000000, rs2_addr:  0, rs2_rdata: 00000000, rd_addr:  0, rd_wdata: 00000000, mem_addr: 00000000, mem_rdata: 00000000, mem_wdata: 00000000
ClkCycle:        167, pc_rdata: 00000270, pc_wdata: 00000274, insn: 00000013, mode: 3, rs1_addr:  0, rs1_rdata: 00000000, rs2_addr:  0, rs2_rdata: 00000000, rd_addr:  0, rd_wdata: 00000000, mem_addr: 00000000, mem_rdata: 00000000, mem_wdata: 00000000
ClkCycle:        168, pc_rdata: 00000274, pc_wdata: 00000278, insn: 00000013, mode: 3, rs1_addr:  0, rs1_rdata: 00000000, rs2_addr:  0, rs2_rdata: 00000000, rd_addr:  0, rd_wdata: 00000000, mem_addr: 00000000, mem_rdata: 00000000, mem_wdata: 00000000
ClkCycle:        169, pc_rdata: 00000278, pc_wdata: 0000027c, insn: 00000013, mode: 3, rs1_addr:  0, rs1_rdata: 00000000, rs2_addr:  0, rs2_rdata: 00000000, rd_addr:  0, rd_wdata: 00000000, mem_addr: 00000000, mem_rdata: 00000000, mem_wdata: 00000000
ClkCycle:        170, pc_rdata: 0000027c, pc_wdata: 00000280, insn: 00000013, mode: 3, rs1_addr:  0, rs1_rdata: 00000000, rs2_addr:  0, rs2_rdata: 00000000, rd_addr:  0, rd_wdata: 00000000, mem_addr: 00000000, mem_rdata: 00000000, mem_wdata: 00000000
ClkCycle:        171, pc_rdata: 00000280, pc_wdata: 00000282, insn: 00014580, mode: 3, rs1_addr: 11, rs1_rdata: 00000000, rs2_addr:  8, rs2_rdata: 7fffdfff, rd_addr:  8, rd_wdata: 00000000, mem_addr: 00000008, mem_rdata: 00000000, mem_wdata: 7fffdfff
ClkCycle:        172, pc_rdata: 00000282, pc_wdata: 00000286, insn: 00014580, mode: 3, rs1_addr:  0, rs1_rdata: 00000000, rs2_addr:  0, rs2_rdata: 00000000, rd_addr:  0, rd_wdata: 00000000, mem_addr: 00000000, mem_rdata: 00000000, mem_wdata: 00000000
ClkCycle:        173, pc_rdata: 00000286, pc_wdata: 00000288, insn: 00130080, mode: 3, rs1_addr:  0, rs1_rdata: 00000000, rs2_addr:  0, rs2_rdata: 00000000, rd_addr:  0, rd_wdata: 00000000, mem_addr: 00000000, mem_rdata: 00000000, mem_wdata: 00000000
ClkCycle:        174, pc_rdata: 00000288, pc_wdata: 0000028a, insn: 00130080, mode: 3, rs1_addr:  2, rs1_rdata: 7fffdfff, rs2_addr:  0, rs2_rdata: 00000000, rd_addr:  8, rd_wdata: 7fffe03f, mem_addr: 7fffe03f, mem_rdata: 00000000, mem_wdata: 00000000
ClkCycle:        175, pc_rdata: 0000028a, pc_wdata: 0000028e, insn: 00130080, mode: 3, rs1_addr:  0, rs1_rdata: 00000000, rs2_addr:  0, rs2_rdata: 00000000, rd_addr:  0, rd_wdata: 00000000, mem_addr: 00000000, mem_rdata: 00000000, mem_wdata: 00000000
ClkCycle:        176, pc_rdata: 0000028e, pc_wdata: 00000292, insn: 00130000, mode: 3, rs1_addr:  0, rs1_rdata: 00000000, rs2_addr:  0, rs2_rdata: 00000000, rd_addr:  0, rd_wdata: 00000000, mem_addr: 00000000, mem_rdata: 00000000, mem_wdata: 00000000
ClkCycle:        177, pc_rdata: 00000292, pc_wdata: 00000296, insn: 00130000, mode: 3, rs1_addr:  0, rs1_rdata: 00000000, rs2_addr:  0, rs2_rdata: 00000000, rd_addr:  0, rd_wdata: 00000000, mem_addr: 00000000, mem_rdata: 00000000, mem_wdata: 00000000
ClkCycle:        178, pc_rdata: 00000296, pc_wdata: 0000029a, insn: 00130000, mode: 3, rs1_addr:  0, rs1_rdata: 00000000, rs2_addr:  0, rs2_rdata: 00000000, rd_addr:  0, rd_wdata: 00000000, mem_addr: 00000000, mem_rdata: 00000000, mem_wdata: 00000000
ClkCycle:        179, pc_rdata: 0000029a, pc_wdata: 0000029e, insn: 00130000, mode: 3, rs1_addr:  0, rs1_rdata: 00000000, rs2_addr:  0, rs2_rdata: 00000000, rd_addr:  0, rd_wdata: 00000000, mem_addr: 00000000, mem_rdata: 00000000, mem_wdata: 00000000
ClkCycle:        180, pc_rdata: 0000029e, pc_wdata: 000002a2, insn: 00002417, mode: 3, rs1_addr: 14, rs1_rdata: 00001f94, rs2_addr:  1, rs2_rdata: 00003118, rd_addr:  0, rd_wdata: 000021d5, mem_addr: 000021d5, mem_rdata: 00000000, mem_wdata: 00003118
ClkCycle:        181, pc_rdata: 000002a2, pc_wdata: 000002a6, insn: 00002417, mode: 3, rs1_addr:  0, rs1_rdata: 00000000, rs2_addr:  0, rs2_rdata: 00000000, rd_addr:  0, rd_wdata: 00000000, mem_addr: 00000000, mem_rdata: 00000000, mem_wdata: 00000000
ClkCycle:        182, pc_rdata: 000002a6, pc_wdata: 000002a8, insn: 00000013, mode: 3, rs1_addr:  2, rs1_rdata: 7fffdfff, rs2_addr:  0, rs2_rdata: 00000000, rd_addr:  8, rd_wdata: 7fffdfff, mem_addr: 7fffdfff, mem_rdata: 00000000, mem_wdata: 00000000
ClkCycle:        183, pc_rdata: 000002a8, pc_wdata: 000002ac, insn: 00000013, mode: 3, rs1_addr:  0, rs1_rdata: 00000000, rs2_addr:  0, rs2_rdata: 00000000, rd_addr:  0, rd_wdata: 00000000, mem_addr: 00000000, mem_rdata: 00000000, mem_wdata: 00000000
ClkCycle:        184, pc_rdata: 000002ac, pc_wdata: 000002b0, insn: 00000013, mode: 3, rs1_addr:  0, rs1_rdata: 00000000, rs2_addr:  0, rs2_rdata: 00000000, rd_addr:  0, rd_wdata: 00000000, mem_addr: 00000000, mem_rdata: 00000000, mem_wdata: 00000000
ClkCycle:        185, pc_rdata: 000002b0, pc_wdata: 000002b4, insn: 00000013, mode: 3, rs1_addr:  0, rs1_rdata: 00000000, rs2_addr:  0, rs2_rdata: 00000000, rd_addr:  0, rd_wdata: 00000000, mem_addr: 00000000, mem_rdata: 00000000, mem_wdata: 00000000
ClkCycle:        186, pc_rdata: 000002b4, pc_wdata: 000002b8, insn: 00000013, mode: 3, rs1_addr:  0, rs1_rdata: 00000000, rs2_addr:  0, rs2_rdata: 00000000, rd_addr:  0, rd_wdata: 00000000, mem_addr: 00000000, mem_rdata: 00000000, mem_wdata: 00000000
ClkCycle:        187, pc_rdata: 000002b8, pc_wdata: 000002bc, insn: 00000013, mode: 3, rs1_addr:  0, rs1_rdata: 00000000, rs2_addr:  0, rs2_rdata: 00000000, rd_addr:  0, rd_wdata: 00000000, mem_addr: 00000000, mem_rdata: 00000000, mem_wdata: 00000000
ClkCycle:        188, pc_rdata: 000002bc, pc_wdata: 000002c0, insn: 00000013, mode: 3, rs1_addr:  0, rs1_rdata: 00000000, rs2_addr:  0, rs2_rdata: 00000000, rd_addr:  0, rd_wdata: 00000000, mem_addr: 00000000, mem_rdata: 00000000, mem_wdata: 00000000
ClkCycle:        189, pc_rdata: 000002c0, pc_wdata: 000002c2, insn: 00014804, mode: 3, rs1_addr:  8, rs1_rdata: 7fffdfff, rs2_addr: 16, rs2_rdata: 7d5bfddb, rd_addr:  9, rd_wdata: 00000000, mem_addr: 7fffe00f, mem_rdata: 00000000, mem_wdata: 7d5bfddb
ClkCycle:        190, pc_rdata: 000002c2, pc_wdata: 000002c6, insn: 00014804, mode: 3, rs1_addr:  0, rs1_rdata: 00000000, rs2_addr:  0, rs2_rdata: 00000000, rd_addr:  0, rd_wdata: 00000000, mem_addr: 00000000, mem_rdata: 00000000, mem_wdata: 00000000
ClkCycle:        191, pc_rdata: 000002c6, pc_wdata: 000002c8, insn: 00130290, mode: 3, rs1_addr:  0, rs1_rdata: 00000000, rs2_addr:  0, rs2_rdata: 00000000, rd_addr:  0, rd_wdata: 00000000, mem_addr: 00000000, mem_rdata: 00000000, mem_wdata: 00000000
ClkCycle:        192, pc_rdata: 000002c8, pc_wdata: 000002ca, insn: 00130290, mode: 3, rs1_addr:  2, rs1_rdata: 7fffdfff, rs2_addr:  0, rs2_rdata: 00000000, rd_addr: 12, rd_wdata: 7fffe13f, mem_addr: 7fffe13f, mem_rdata: 00000000, mem_wdata: 00000000
ClkCycle:        193, pc_rdata: 000002ca, pc_wdata: 000002ce, insn: 00130290, mode: 3, rs1_addr:  0, rs1_rdata: 00000000, rs2_addr:  0, rs2_rdata: 00000000, rd_addr:  0, rd_wdata: 00000000, mem_addr: 00000000, mem_rdata: 00000000, mem_wdata: 00000000
ClkCycle:        194, pc_rdata: 000002ce, pc_wdata: 000002d2, insn: 00130000, mode: 3, rs1_addr:  0, rs1_rdata: 00000000, rs2_addr:  0, rs2_rdata: 00000000, rd_addr:  0, rd_wdata: 00000000, mem_addr: 00000000, mem_rdata: 00000000, mem_wdata: 00000000
ClkCycle:        195, pc_rdata: 000002d2, pc_wdata: 000002d6, insn: 00130000, mode: 3, rs1_addr:  0, rs1_rdata: 00000000, rs2_addr:  0, rs2_rdata: 00000000, rd_addr:  0, rd_wdata: 00000000, mem_addr: 00000000, mem_rdata: 00000000, mem_wdata: 00000000
ClkCycle:        196, pc_rdata: 000002d6, pc_wdata: 000002da, insn: 00130000, mode: 3, rs1_addr:  0, rs1_rdata: 00000000, rs2_addr:  0, rs2_rdata: 00000000, rd_addr:  0, rd_wdata: 00000000, mem_addr: 00000000, mem_rdata: 00000000, mem_wdata: 00000000
ClkCycle:        197, pc_rdata: 000002da, pc_wdata: 000002de, insn: 00130000, mode: 3, rs1_addr:  0, rs1_rdata: 00000000, rs2_addr:  0, rs2_rdata: 00000000, rd_addr:  0, rd_wdata: 00000000, mem_addr: 00000000, mem_rdata: 00000000, mem_wdata: 00000000
ClkCycle:        198, pc_rdata: 000002de, pc_wdata: 000002e2, insn: 00002697, mode: 3, rs1_addr: 14, rs1_rdata: 00001f94, rs2_addr:  9, rs2_rdata: 00000000, rd_addr:  0, rd_wdata: 000021fd, mem_addr: 000021fd, mem_rdata: 00000000, mem_wdata: 00000000
ClkCycle:        199, pc_rdata: 000002e2, pc_wdata: 000002e6, insn: 00002697, mode: 3, rs1_addr:  0, rs1_rdata: 00000000, rs2_addr:  0, rs2_rdata: 00000000, rd_addr:  0, rd_wdata: 00000000, mem_addr: 00000000, mem_rdata: 00000000, mem_wdata: 00000000
ClkCycle:        200, pc_rdata: 000002e6, pc_wdata: 000002e8, insn: 00000013, mode: 3, rs1_addr:  2, rs1_rdata: 7fffdfff, rs2_addr:  0, rs2_rdata: 00000000, rd_addr:  8, rd_wdata: 7fffdfff, mem_addr: 7fffdfff, mem_rdata: 00000000, mem_wdata: 00000000
ClkCycle:        201, pc_rdata: 000002e8, pc_wdata: 000002ec, insn: 00000013, mode: 3, rs1_addr:  0, rs1_rdata: 00000000, rs2_addr:  0, rs2_rdata: 00000000, rd_addr:  0, rd_wdata: 00000000, mem_addr: 00000000, mem_rdata: 00000000, mem_wdata: 00000000
ClkCycle:        202, pc_rdata: 000002ec, pc_wdata: 000002f0, insn: 00000013, mode: 3, rs1_addr:  0, rs1_rdata: 00000000, rs2_addr:  0, rs2_rdata: 00000000, rd_addr:  0, rd_wdata: 00000000, mem_addr: 00000000, mem_rdata: 00000000, mem_wdata: 00000000
ClkCycle:        203, pc_rdata: 000002f0, pc_wdata: 000002f4, insn: 00000013, mode: 3, rs1_addr:  0, rs1_rdata: 00000000, rs2_addr:  0, rs2_rdata: 00000000, rd_addr:  0, rd_wdata: 00000000, mem_addr: 00000000, mem_rdata: 00000000, mem_wdata: 00000000
ClkCycle:        204, pc_rdata: 000002f4, pc_wdata: 000002f8, insn: 00000013, mode: 3, rs1_addr:  0, rs1_rdata: 00000000, rs2_addr:  0, rs2_rdata: 00000000, rd_addr:  0, rd_wdata: 00000000, mem_addr: 00000000, mem_rdata: 00000000, mem_wdata: 00000000
ClkCycle:        205, pc_rdata: 000002f8, pc_wdata: 000002fc, insn: 00000013, mode: 3, rs1_addr:  0, rs1_rdata: 00000000, rs2_addr:  0, rs2_rdata: 00000000, rd_addr:  0, rd_wdata: 00000000, mem_addr: 00000000, mem_rdata: 00000000, mem_wdata: 00000000
ClkCycle:        206, pc_rdata: 000002fc, pc_wdata: 00000300, insn: 00000013, mode: 3, rs1_addr:  0, rs1_rdata: 00000000, rs2_addr:  0, rs2_rdata: 00000000, rd_addr:  0, rd_wdata: 00000000, mem_addr: 00000000, mem_rdata: 00000000, mem_wdata: 00000000
ClkCycle:        207, pc_rdata: 00000300, pc_wdata: 00000302, insn: 00015298, mode: 3, rs1_addr: 13, rs1_rdata: 00000000, rs2_addr:  0, rs2_rdata: 00000000, rd_addr: 14, rd_wdata: 00000000, mem_addr: 00000020, mem_rdata: 00000000, mem_wdata: 00000000
ClkCycle:        208, pc_rdata: 00000302, pc_wdata: 00000306, insn: 00015298, mode: 3, rs1_addr:  0, rs1_rdata: 00000000, rs2_addr:  0, rs2_rdata: 00000000, rd_addr:  0, rd_wdata: 00000000, mem_addr: 00000000, mem_rdata: 00000000, mem_wdata: 00000000
ClkCycle:        209, pc_rdata: 00000306, pc_wdata: 00000308, insn: 001302e0, mode: 3, rs1_addr:  0, rs1_rdata: 00000000, rs2_addr:  0, rs2_rdata: 00000000, rd_addr:  0, rd_wdata: 00000000, mem_addr: 00000000, mem_rdata: 00000000, mem_wdata: 00000000
ClkCycle:        210, pc_rdata: 00000308, pc_wdata: 0000030a, insn: 001302e0, mode: 3, rs1_addr:  2, rs1_rdata: 7fffdfff, rs2_addr: 12, rs2_rdata: 7fffe13f, rd_addr:  8, rd_wdata: 7fffe14b, mem_addr: 7fffe14b, mem_rdata: 00000000, mem_wdata: 7fffe13f
ClkCycle:        211, pc_rdata: 0000030a, pc_wdata: 0000030e, insn: 001302e0, mode: 3, rs1_addr:  0, rs1_rdata: 00000000, rs2_addr:  0, rs2_rdata: 00000000, rd_addr:  0, rd_wdata: 00000000, mem_addr: 00000000, mem_rdata: 00000000, mem_wdata: 00000000
ClkCycle:        212, pc_rdata: 0000030e, pc_wdata: 00000312, insn: 00130000, mode: 3, rs1_addr:  0, rs1_rdata: 00000000, rs2_addr:  0, rs2_rdata: 00000000, rd_addr:  0, rd_wdata: 00000000, mem_addr: 00000000, mem_rdata: 00000000, mem_wdata: 00000000
ClkCycle:        213, pc_rdata: 00000312, pc_wdata: 00000316, insn: 00130000, mode: 3, rs1_addr:  0, rs1_rdata: 00000000, rs2_addr:  0, rs2_rdata: 00000000, rd_addr:  0, rd_wdata: 00000000, mem_addr: 00000000, mem_rdata: 00000000, mem_wdata: 00000000
ClkCycle:        214, pc_rdata: 00000316, pc_wdata: 0000031a, insn: 00130000, mode: 3, rs1_addr:  0, rs1_rdata: 00000000, rs2_addr:  0, rs2_rdata: 00000000, rd_addr:  0, rd_wdata: 00000000, mem_addr: 00000000, mem_rdata: 00000000, mem_wdata: 00000000
ClkCycle:        215, pc_rdata: 0000031a, pc_wdata: 0000031e, insn: 00130000, mode: 3, rs1_addr:  0, rs1_rdata: 00000000, rs2_addr:  0, rs2_rdata: 00000000, rd_addr:  0, rd_wdata: 00000000, mem_addr: 00000000, mem_rdata: 00000000, mem_wdata: 00000000
ClkCycle:        216, pc_rdata: 0000031e, pc_wdata: 00000322, insn: 00002797, mode: 3, rs1_addr: 14, rs1_rdata: 00000000, rs2_addr: 25, rs2_rdata: 00000000, rd_addr:  0, rd_wdata: 00000279, mem_addr: 00000279, mem_rdata: 00000000, mem_wdata: 00000000
ClkCycle:        217, pc_rdata: 00000322, pc_wdata: 00000326, insn: 00002797, mode: 3, rs1_addr:  0, rs1_rdata: 00000000, rs2_addr:  0, rs2_rdata: 00000000, rd_addr:  0, rd_wdata: 00000000, mem_addr: 00000000, mem_rdata: 00000000, mem_wdata: 00000000
ClkCycle:        218, pc_rdata: 00000326, pc_wdata: 00000328, insn: 00000013, mode: 3, rs1_addr:  2, rs1_rdata: 7fffdfff, rs2_addr:  0, rs2_rdata: 00000000, rd_addr:  8, rd_wdata: 7fffdfff, mem_addr: 7fffdfff, mem_rdata: 00000000, mem_wdata: 00000000
ClkCycle:        219, pc_rdata: 00000328, pc_wdata: 0000032c, insn: 00000013, mode: 3, rs1_addr:  0, rs1_rdata: 00000000, rs2_addr:  0, rs2_rdata: 00000000, rd_addr:  0, rd_wdata: 00000000, mem_addr: 00000000, mem_rdata: 00000000, mem_wdata: 00000000
ClkCycle:        220, pc_rdata: 0000032c, pc_wdata: 00000330, insn: 00000013, mode: 3, rs1_addr:  0, rs1_rdata: 00000000, rs2_addr:  0, rs2_rdata: 00000000, rd_addr:  0, rd_wdata: 00000000, mem_addr: 00000000, mem_rdata: 00000000, mem_wdata: 00000000
ClkCycle:        221, pc_rdata: 00000330, pc_wdata: 00000334, insn: 00000013, mode: 3, rs1_addr:  0, rs1_rdata: 00000000, rs2_addr:  0, rs2_rdata: 00000000, rd_addr:  0, rd_wdata: 00000000, mem_addr: 00000000, mem_rdata: 00000000, mem_wdata: 00000000
ClkCycle:        222, pc_rdata: 00000334, pc_wdata: 00000338, insn: 00000013, mode: 3, rs1_addr:  0, rs1_rdata: 00000000, rs2_addr:  0, rs2_rdata: 00000000, rd_addr:  0, rd_wdata: 00000000, mem_addr: 00000000, mem_rdata: 00000000, mem_wdata: 00000000
ClkCycle:        223, pc_rdata: 00000338, pc_wdata: 0000033c, insn: 00000013, mode: 3, rs1_addr:  0, rs1_rdata: 00000000, rs2_addr:  0, rs2_rdata: 00000000, rd_addr:  0, rd_wdata: 00000000, mem_addr: 00000000, mem_rdata: 00000000, mem_wdata: 00000000
ClkCycle:        224, pc_rdata: 0000033c, pc_wdata: 00000340, insn: 00000013, mode: 3, rs1_addr:  0, rs1_rdata: 00000000, rs2_addr:  0, rs2_rdata: 00000000, rd_addr:  0, rd_wdata: 00000000, mem_addr: 00000000, mem_rdata: 00000000, mem_wdata: 00000000
ClkCycle:        225, pc_rdata: 00000340, pc_wdata: 00000342, insn: 000143ac, mode: 3, rs1_addr: 15, rs1_rdata: 00000000, rs2_addr:  0, rs2_rdata: 00000000, rd_addr: 11, rd_wdata: 00000000, mem_addr: 00000040, mem_rdata: 00000000, mem_wdata: 00000000
ClkCycle:        226, pc_rdata: 00000342, pc_wdata: 00000346, insn: 000143ac, mode: 3, rs1_addr:  0, rs1_rdata: 00000000, rs2_addr:  0, rs2_rdata: 00000000, rd_addr:  0, rd_wdata: 00000000, mem_addr: 00000000, mem_rdata: 00000000, mem_wdata: 00000000
ClkCycle:        227, pc_rdata: 00000346, pc_wdata: 00000348, insn: 001302b0, mode: 3, rs1_addr:  0, rs1_rdata: 00000000, rs2_addr:  0, rs2_rdata: 00000000, rd_addr:  0, rd_wdata: 00000000, mem_addr: 00000000, mem_rdata: 00000000, mem_wdata: 00000000
ClkCycle:        228, pc_rdata: 00000348, pc_wdata: 0000034a, insn: 001302b0, mode: 3, rs1_addr:  2, rs1_rdata: 7fffdfff, rs2_addr:  8, rs2_rdata: 7fffdfff, rd_addr: 12, rd_wdata: 7fffe147, mem_addr: 7fffe147, mem_rdata: 00000000, mem_wdata: 7fffdfff
ClkCycle:        229, pc_rdata: 0000034a, pc_wdata: 0000034e, insn: 001302b0, mode: 3, rs1_addr:  0, rs1_rdata: 00000000, rs2_addr:  0, rs2_rdata: 00000000, rd_addr:  0, rd_wdata: 00000000, mem_addr: 00000000, mem_rdata: 00000000, mem_wdata: 00000000
ClkCycle:        230, pc_rdata: 0000034e, pc_wdata: 00000352, insn: 00130000, mode: 3, rs1_addr:  0, rs1_rdata: 00000000, rs2_addr:  0, rs2_rdata: 00000000, rd_addr:  0, rd_wdata: 00000000, mem_addr: 00000000, mem_rdata: 00000000, mem_wdata: 00000000
ClkCycle:        231, pc_rdata: 00000352, pc_wdata: 00000356, insn: 00130000, mode: 3, rs1_addr:  0, rs1_rdata: 00000000, rs2_addr:  0, rs2_rdata: 00000000, rd_addr:  0, rd_wdata: 00000000, mem_addr: 00000000, mem_rdata: 00000000, mem_wdata: 00000000
ClkCycle:        232, pc_rdata: 00000356, pc_wdata: 0000035a, insn: 00130000, mode: 3, rs1_addr:  0, rs1_rdata: 00000000, rs2_addr:  0, rs2_rdata: 00000000, rd_addr:  0, rd_wdata: 00000000, mem_addr: 00000000, mem_rdata: 00000000, mem_wdata: 00000000
ClkCycle:        233, pc_rdata: 0000035a, pc_wdata: 0000035e, insn: 00130000, mode: 3, rs1_addr:  0, rs1_rdata: 00000000, rs2_addr:  0, rs2_rdata: 00000000, rd_addr:  0, rd_wdata: 00000000, mem_addr: 00000000, mem_rdata: 00000000, mem_wdata: 00000000
ClkCycle:        234, pc_rdata: 0000035e, pc_wdata: 00000362, insn: 00002617, mode: 3, rs1_addr: 14, rs1_rdata: 00000000, rs2_addr:  1, rs2_rdata: 00003118, rd_addr:  0, rd_wdata: 00000261, mem_addr: 00000261, mem_rdata: 00000000, mem_wdata: 00003118
ClkCycle:        235, pc_rdata: 00000362, pc_wdata: 00000366, insn: 00002617, mode: 3, rs1_addr:  0, rs1_rdata: 00000000, rs2_addr:  0, rs2_rdata: 00000000, rd_addr:  0, rd_wdata: 00000000, mem_addr: 00000000, mem_rdata: 00000000, mem_wdata: 00000000
ClkCycle:        236, pc_rdata: 00000366, pc_wdata: 00000368, insn: 00000013, mode: 3, rs1_addr:  2, rs1_rdata: 7fffdfff, rs2_addr:  0, rs2_rdata: 00000000, rd_addr:  8, rd_wdata: 7fffdfff, mem_addr: 7fffdfff, mem_rdata: 00000000, mem_wdata: 00000000
ClkCycle:        237, pc_rdata: 00000368, pc_wdata: 0000036c, insn: 00000013, mode: 3, rs1_addr:  0, rs1_rdata: 00000000, rs2_addr:  0, rs2_rdata: 00000000, rd_addr:  0, rd_wdata: 00000000, mem_addr: 00000000, mem_rdata: 00000000, mem_wdata: 00000000
ClkCycle:        238, pc_rdata: 0000036c, pc_wdata: 00000370, insn: 00000013, mode: 3, rs1_addr:  0, rs1_rdata: 00000000, rs2_addr:  0, rs2_rdata: 00000000, rd_addr:  0, rd_wdata: 00000000, mem_addr: 00000000, mem_rdata: 00000000, mem_wdata: 00000000
ClkCycle:        239, pc_rdata: 00000370, pc_wdata: 00000374, insn: 00000013, mode: 3, rs1_addr:  0, rs1_rdata: 00000000, rs2_addr:  0, rs2_rdata: 00000000, rd_addr:  0, rd_wdata: 00000000, mem_addr: 00000000, mem_rdata: 00000000, mem_wdata: 00000000
ClkCycle:        240, pc_rdata: 00000374, pc_wdata: 00000378, insn: 00000013, mode: 3, rs1_addr:  0, rs1_rdata: 00000000, rs2_addr:  0, rs2_rdata: 00000000, rd_addr:  0, rd_wdata: 00000000, mem_addr: 00000000, mem_rdata: 00000000, mem_wdata: 00000000
ClkCycle:        241, pc_rdata: 00000378, pc_wdata: 0000037c, insn: 00000013, mode: 3, rs1_addr:  0, rs1_rdata: 00000000, rs2_addr:  0, rs2_rdata: 00000000, rd_addr:  0, rd_wdata: 00000000, mem_addr: 00000000, mem_rdata: 00000000, mem_wdata: 00000000
ClkCycle:        242, pc_rdata: 0000037c, pc_wdata: 00000380, insn: 00000013, mode: 3, rs1_addr:  0, rs1_rdata: 00000000, rs2_addr:  0, rs2_rdata: 00000000, rd_addr:  0, rd_wdata: 00000000, mem_addr: 00000000, mem_rdata: 00000000, mem_wdata: 00000000
ClkCycle:        243, pc_rdata: 00000380, pc_wdata: 00000382, insn: 00015e3c, mode: 3, rs1_addr: 12, rs1_rdata: 7fffe147, rs2_addr: 24, rs2_rdata: 0000007d, rd_addr: 15, rd_wdata: 00000000, mem_addr: 7fffe1bf, mem_rdata: 00000000, mem_wdata: 0000007d
ClkCycle:        244, pc_rdata: 00000382, pc_wdata: 00000386, insn: 00015e3c, mode: 3, rs1_addr:  0, rs1_rdata: 00000000, rs2_addr:  0, rs2_rdata: 00000000, rd_addr:  0, rd_wdata: 00000000, mem_addr: 00000000, mem_rdata: 00000000, mem_wdata: 00000000
ClkCycle:        245, pc_rdata: 00000386, pc_wdata: 00000388, insn: 001302f0, mode: 3, rs1_addr:  0, rs1_rdata: 00000000, rs2_addr:  0, rs2_rdata: 00000000, rd_addr:  0, rd_wdata: 00000000, mem_addr: 00000000, mem_rdata: 00000000, mem_wdata: 00000000
ClkCycle:        246, pc_rdata: 00000388, pc_wdata: 0000038a, insn: 001302f0, mode: 3, rs1_addr:  2, rs1_rdata: 7fffdfff, rs2_addr: 12, rs2_rdata: 7fffe147, rd_addr: 12, rd_wdata: 7fffe14b, mem_addr: 7fffe14b, mem_rdata: 00000000, mem_wdata: 7fffe147
ClkCycle:        247, pc_rdata: 0000038a, pc_wdata: 0000038e, insn: 001302f0, mode: 3, rs1_addr:  0, rs1_rdata: 00000000, rs2_addr:  0, rs2_rdata: 00000000, rd_addr:  0, rd_wdata: 00000000, mem_addr: 00000000, mem_rdata: 00000000, mem_wdata: 00000000
ClkCycle:        248, pc_rdata: 0000038e, pc_wdata: 00000392, insn: 00130000, mode: 3, rs1_addr:  0, rs1_rdata: 00000000, rs2_addr:  0, rs2_rdata: 00000000, rd_addr:  0, rd_wdata: 00000000, mem_addr: 00000000, mem_rdata: 00000000, mem_wdata: 00000000
ClkCycle:        249, pc_rdata: 00000392, pc_wdata: 00000396, insn: 00130000, mode: 3, rs1_addr:  0, rs1_rdata: 00000000, rs2_addr:  0, rs2_rdata: 00000000, rd_addr:  0, rd_wdata: 00000000, mem_addr: 00000000, mem_rdata: 00000000, mem_wdata: 00000000
ClkCycle:        250, pc_rdata: 00000396, pc_wdata: 0000039a, insn: 00130000, mode: 3, rs1_addr:  0, rs1_rdata: 00000000, rs2_addr:  0, rs2_rdata: 00000000, rd_addr:  0, rd_wdata: 00000000, mem_addr: 00000000, mem_rdata: 00000000, mem_wdata: 00000000
ClkCycle:        251, pc_rdata: 0000039a, pc_wdata: 0000039e, insn: 00130000, mode: 3, rs1_addr:  0, rs1_rdata: 00000000, rs2_addr:  0, rs2_rdata: 00000000, rd_addr:  0, rd_wdata: 00000000, mem_addr: 00000000, mem_rdata: 00000000, mem_wdata: 00000000
ClkCycle:        252, pc_rdata: 0000039e, pc_wdata: 000003a2, insn: 00002597, mode: 3, rs1_addr: 14, rs1_rdata: 00000000, rs2_addr: 25, rs2_rdata: 00000000, rd_addr:  0, rd_wdata: 00000259, mem_addr: 00000259, mem_rdata: 00000000, mem_wdata: 00000000
ClkCycle:        253, pc_rdata: 000003a2, pc_wdata: 000003a6, insn: 00002597, mode: 3, rs1_addr:  0, rs1_rdata: 00000000, rs2_addr:  0, rs2_rdata: 00000000, rd_addr:  0, rd_wdata: 00000000, mem_addr: 00000000, mem_rdata: 00000000, mem_wdata: 00000000
ClkCycle:        254, pc_rdata: 000003a6, pc_wdata: 000003a8, insn: 00000013, mode: 3, rs1_addr:  2, rs1_rdata: 7fffdfff, rs2_addr:  0, rs2_rdata: 00000000, rd_addr:  8, rd_wdata: 7fffdfff, mem_addr: 7fffdfff, mem_rdata: 00000000, mem_wdata: 00000000
ClkCycle:        255, pc_rdata: 000003a8, pc_wdata: 000003ac, insn: 00000013, mode: 3, rs1_addr:  0, rs1_rdata: 00000000, rs2_addr:  0, rs2_rdata: 00000000, rd_addr:  0, rd_wdata: 00000000, mem_addr: 00000000, mem_rdata: 00000000, mem_wdata: 00000000
ClkCycle:        256, pc_rdata: 000003ac, pc_wdata: 000003b0, insn: 00000013, mode: 3, rs1_addr:  0, rs1_rdata: 00000000, rs2_addr:  0, rs2_rdata: 00000000, rd_addr:  0, rd_wdata: 00000000, mem_addr: 00000000, mem_rdata: 00000000, mem_wdata: 00000000
ClkCycle:        257, pc_rdata: 000003b0, pc_wdata: 000003b4, insn: 00000013, mode: 3, rs1_addr:  0, rs1_rdata: 00000000, rs2_addr:  0, rs2_rdata: 00000000, rd_addr:  0, rd_wdata: 00000000, mem_addr: 00000000, mem_rdata: 00000000, mem_wdata: 00000000
ClkCycle:        258, pc_rdata: 000003b4, pc_wdata: 000003b8, insn: 00000013, mode: 3, rs1_addr:  0, rs1_rdata: 00000000, rs2_addr:  0, rs2_rdata: 00000000, rd_addr:  0, rd_wdata: 00000000, mem_addr: 00000000, mem_rdata: 00000000, mem_wdata: 00000000
ClkCycle:        259, pc_rdata: 000003b8, pc_wdata: 000003bc, insn: 00000013, mode: 3, rs1_addr:  0, rs1_rdata: 00000000, rs2_addr:  0, rs2_rdata: 00000000, rd_addr:  0, rd_wdata: 00000000, mem_addr: 00000000, mem_rdata: 00000000, mem_wdata: 00000000
ClkCycle:        260, pc_rdata: 000003bc, pc_wdata: 000003c0, insn: 00000013, mode: 3, rs1_addr:  0, rs1_rdata: 00000000, rs2_addr:  0, rs2_rdata: 00000000, rd_addr:  0, rd_wdata: 00000000, mem_addr: 00000000, mem_rdata: 00000000, mem_wdata: 00000000
ClkCycle:        261, pc_rdata: 000003c0, pc_wdata: 000003c2, insn: 000159e8, mode: 3, rs1_addr: 11, rs1_rdata: 00000000, rs2_addr: 20, rs2_rdata: d5bffdff, rd_addr: 10, rd_wdata: 00000000, mem_addr: 00000074, mem_rdata: 00000000, mem_wdata: d5bffdff
ClkCycle:        262, pc_rdata: 000003c2, pc_wdata: 000003c6, insn: 000159e8, mode: 3, rs1_addr:  0, rs1_rdata: 00000000, rs2_addr:  0, rs2_rdata: 00000000, rd_addr:  0, rd_wdata: 00000000, mem_addr: 00000000, mem_rdata: 00000000, mem_wdata: 00000000
ClkCycle:        263, pc_rdata: 000003c6, pc_wdata: 000003c8, insn: 001304a0, mode: 3, rs1_addr:  0, rs1_rdata: 00000000, rs2_addr:  0, rs2_rdata: 00000000, rd_addr:  0, rd_wdata: 00000000, mem_addr: 00000000, mem_rdata: 00000000, mem_wdata: 00000000
ClkCycle:        264, pc_rdata: 000003c8, pc_wdata: 000003ca, insn: 001304a0, mode: 3, rs1_addr:  2, rs1_rdata: 7fffdfff, rs2_addr:  8, rs2_rdata: 7fffdfff, rd_addr:  8, rd_wdata: 7fffe247, mem_addr: 7fffe247, mem_rdata: 00000000, mem_wdata: 7fffdfff
ClkCycle:        265, pc_rdata: 000003ca, pc_wdata: 000003ce, insn: 001304a0, mode: 3, rs1_addr:  0, rs1_rdata: 00000000, rs2_addr:  0, rs2_rdata: 00000000, rd_addr:  0, rd_wdata: 00000000, mem_addr: 00000000, mem_rdata: 00000000, mem_wdata: 00000000
ClkCycle:        266, pc_rdata: 000003ce, pc_wdata: 000003d2, insn: 00130000, mode: 3, rs1_addr:  0, rs1_rdata: 00000000, rs2_addr:  0, rs2_rdata: 00000000, rd_addr:  0, rd_wdata: 00000000, mem_addr: 00000000, mem_rdata: 00000000, mem_wdata: 00000000
ClkCycle:        267, pc_rdata: 000003d2, pc_wdata: 000003d6, insn: 00130000, mode: 3, rs1_addr:  0, rs1_rdata: 00000000, rs2_addr:  0, rs2_rdata: 00000000, rd_addr:  0, rd_wdata: 00000000, mem_addr: 00000000, mem_rdata: 00000000, mem_wdata: 00000000
ClkCycle:        268, pc_rdata: 000003d6, pc_wdata: 000003da, insn: 00130000, mode: 3, rs1_addr:  0, rs1_rdata: 00000000, rs2_addr:  0, rs2_rdata: 00000000, rd_addr:  0, rd_wdata: 00000000, mem_addr: 00000000, mem_rdata: 00000000, mem_wdata: 00000000
ClkCycle:        269, pc_rdata: 000003da, pc_wdata: 000003de, insn: 00130000, mode: 3, rs1_addr:  0, rs1_rdata: 00000000, rs2_addr:  0, rs2_rdata: 00000000, rd_addr:  0, rd_wdata: 00000000, mem_addr: 00000000, mem_rdata: 00000000, mem_wdata: 00000000
ClkCycle:        270, pc_rdata: 000003de, pc_wdata: 000003e2, insn: 00002597, mode: 3, rs1_addr: 14, rs1_rdata: 00000000, rs2_addr: 25, rs2_rdata: 00000000, rd_addr:  0, rd_wdata: 00000259, mem_addr: 00000259, mem_rdata: 00000000, mem_wdata: 00000000
ClkCycle:        271, pc_rdata: 000003e2, pc_wdata: 000003e6, insn: 00002597, mode: 3, rs1_addr:  0, rs1_rdata: 00000000, rs2_addr:  0, rs2_rdata: 00000000, rd_addr:  0, rd_wdata: 00000000, mem_addr: 00000000, mem_rdata: 00000000, mem_wdata: 00000000
ClkCycle:        272, pc_rdata: 000003e6, pc_wdata: 000003e8, insn: 00000013, mode: 3, rs1_addr:  2, rs1_rdata: 7fffdfff, rs2_addr:  0, rs2_rdata: 00000000, rd_addr:  8, rd_wdata: 7fffdfff, mem_addr: 7fffdfff, mem_rdata: 00000000, mem_wdata: 00000000
ClkCycle:        273, pc_rdata: 000003e8, pc_wdata: 000003ec, insn: 00000013, mode: 3, rs1_addr:  0, rs1_rdata: 00000000, rs2_addr:  0, rs2_rdata: 00000000, rd_addr:  0, rd_wdata: 00000000, mem_addr: 00000000, mem_rdata: 00000000, mem_wdata: 00000000
ClkCycle:        274, pc_rdata: 000003ec, pc_wdata: 000003f0, insn: 00000013, mode: 3, rs1_addr:  0, rs1_rdata: 00000000, rs2_addr:  0, rs2_rdata: 00000000, rd_addr:  0, rd_wdata: 00000000, mem_addr: 00000000, mem_rdata: 00000000, mem_wdata: 00000000
ClkCycle:        275, pc_rdata: 000003f0, pc_wdata: 000003f4, insn: 00000013, mode: 3, rs1_addr:  0, rs1_rdata: 00000000, rs2_addr:  0, rs2_rdata: 00000000, rd_addr:  0, rd_wdata: 00000000, mem_addr: 00000000, mem_rdata: 00000000, mem_wdata: 00000000
ClkCycle:        276, pc_rdata: 000003f4, pc_wdata: 000003f8, insn: 00000013, mode: 3, rs1_addr:  0, rs1_rdata: 00000000, rs2_addr:  0, rs2_rdata: 00000000, rd_addr:  0, rd_wdata: 00000000, mem_addr: 00000000, mem_rdata: 00000000, mem_wdata: 00000000
ClkCycle:        277, pc_rdata: 000003f8, pc_wdata: 000003fc, insn: 00000013, mode: 3, rs1_addr:  0, rs1_rdata: 00000000, rs2_addr:  0, rs2_rdata: 00000000, rd_addr:  0, rd_wdata: 00000000, mem_addr: 00000000, mem_rdata: 00000000, mem_wdata: 00000000
ClkCycle:        278, pc_rdata: 000003fc, pc_wdata: 00000400, insn: 00000013, mode: 3, rs1_addr:  0, rs1_rdata: 00000000, rs2_addr:  0, rs2_rdata: 00000000, rd_addr:  0, rd_wdata: 00000000, mem_addr: 00000000, mem_rdata: 00000000, mem_wdata: 00000000
ClkCycle:        279, pc_rdata: 00000400, pc_wdata: 00000402, insn: 00014de8, mode: 3, rs1_addr: 11, rs1_rdata: 00000000, rs2_addr: 28, rs2_rdata: 00000000, rd_addr: 10, rd_wdata: 00000000, mem_addr: 0000005c, mem_rdata: 00000000, mem_wdata: 00000000
ClkCycle:        280, pc_rdata: 00000402, pc_wdata: 00000406, insn: 00014de8, mode: 3, rs1_addr:  0, rs1_rdata: 00000000, rs2_addr:  0, rs2_rdata: 00000000, rd_addr:  0, rd_wdata: 00000000, mem_addr: 00000000, mem_rdata: 00000000, mem_wdata: 00000000
ClkCycle:        281, pc_rdata: 00000406, pc_wdata: 00000408, insn: 001304a0, mode: 3, rs1_addr:  0, rs1_rdata: 00000000, rs2_addr:  0, rs2_rdata: 00000000, rd_addr:  0, rd_wdata: 00000000, mem_addr: 00000000, mem_rdata: 00000000, mem_wdata: 00000000
ClkCycle:        282, pc_rdata: 00000408, pc_wdata: 0000040a, insn: 001304a0, mode: 3, rs1_addr:  2, rs1_rdata: 7fffdfff, rs2_addr:  8, rs2_rdata: 7fffdfff, rd_addr:  8, rd_wdata: 7fffe247, mem_addr: 7fffe247, mem_rdata: 00000000, mem_wdata: 7fffdfff
ClkCycle:        283, pc_rdata: 0000040a, pc_wdata: 0000040e, insn: 001304a0, mode: 3, rs1_addr:  0, rs1_rdata: 00000000, rs2_addr:  0, rs2_rdata: 00000000, rd_addr:  0, rd_wdata: 00000000, mem_addr: 00000000, mem_rdata: 00000000, mem_wdata: 00000000
ClkCycle:        284, pc_rdata: 0000040e, pc_wdata: 00000412, insn: 00130000, mode: 3, rs1_addr:  0, rs1_rdata: 00000000, rs2_addr:  0, rs2_rdata: 00000000, rd_addr:  0, rd_wdata: 00000000, mem_addr: 00000000, mem_rdata: 00000000, mem_wdata: 00000000
ClkCycle:        285, pc_rdata: 00000412, pc_wdata: 00000416, insn: 00130000, mode: 3, rs1_addr:  0, rs1_rdata: 00000000, rs2_addr:  0, rs2_rdata: 00000000, rd_addr:  0, rd_wdata: 00000000, mem_addr: 00000000, mem_rdata: 00000000, mem_wdata: 00000000
ClkCycle:        286, pc_rdata: 00000416, pc_wdata: 0000041a, insn: 00130000, mode: 3, rs1_addr:  0, rs1_rdata: 00000000, rs2_addr:  0, rs2_rdata: 00000000, rd_addr:  0, rd_wdata: 00000000, mem_addr: 00000000, mem_rdata: 00000000, mem_wdata: 00000000
ClkCycle:        287, pc_rdata: 0000041a, pc_wdata: 0000041e, insn: 00130000, mode: 3, rs1_addr:  0, rs1_rdata: 00000000, rs2_addr:  0, rs2_rdata: 00000000, rd_addr:  0, rd_wdata: 00000000, mem_addr: 00000000, mem_rdata: 00000000, mem_wdata: 00000000
ClkCycle:        288, pc_rdata: 0000041e, pc_wdata: 00000422, insn: 00002597, mode: 3, rs1_addr: 14, rs1_rdata: 00000000, rs2_addr: 25, rs2_rdata: 00000000, rd_addr:  0, rd_wdata: 00000259, mem_addr: 00000259, mem_rdata: 00000000, mem_wdata: 00000000
ClkCycle:        289, pc_rdata: 00000422, pc_wdata: 00000426, insn: 00002597, mode: 3, rs1_addr:  0, rs1_rdata: 00000000, rs2_addr:  0, rs2_rdata: 00000000, rd_addr:  0, rd_wdata: 00000000, mem_addr: 00000000, mem_rdata: 00000000, mem_wdata: 00000000
ClkCycle:        290, pc_rdata: 00000426, pc_wdata: 00000428, insn: 00000013, mode: 3, rs1_addr:  2, rs1_rdata: 7fffdfff, rs2_addr:  0, rs2_rdata: 00000000, rd_addr:  8, rd_wdata: 7fffdfff, mem_addr: 7fffdfff, mem_rdata: 00000000, mem_wdata: 00000000
ClkCycle:        291, pc_rdata: 00000428, pc_wdata: 0000042c, insn: 00000013, mode: 3, rs1_addr:  0, rs1_rdata: 00000000, rs2_addr:  0, rs2_rdata: 00000000, rd_addr:  0, rd_wdata: 00000000, mem_addr: 00000000, mem_rdata: 00000000, mem_wdata: 00000000
ClkCycle:        292, pc_rdata: 0000042c, pc_wdata: 00000430, insn: 00000013, mode: 3, rs1_addr:  0, rs1_rdata: 00000000, rs2_addr:  0, rs2_rdata: 00000000, rd_addr:  0, rd_wdata: 00000000, mem_addr: 00000000, mem_rdata: 00000000, mem_wdata: 00000000
ClkCycle:        293, pc_rdata: 00000430, pc_wdata: 00000434, insn: 00000013, mode: 3, rs1_addr:  0, rs1_rdata: 00000000, rs2_addr:  0, rs2_rdata: 00000000, rd_addr:  0, rd_wdata: 00000000, mem_addr: 00000000, mem_rdata: 00000000, mem_wdata: 00000000
ClkCycle:        294, pc_rdata: 00000434, pc_wdata: 00000438, insn: 00000013, mode: 3, rs1_addr:  0, rs1_rdata: 00000000, rs2_addr:  0, rs2_rdata: 00000000, rd_addr:  0, rd_wdata: 00000000, mem_addr: 00000000, mem_rdata: 00000000, mem_wdata: 00000000
ClkCycle:        295, pc_rdata: 00000438, pc_wdata: 0000043c, insn: 00000013, mode: 3, rs1_addr:  0, rs1_rdata: 00000000, rs2_addr:  0, rs2_rdata: 00000000, rd_addr:  0, rd_wdata: 00000000, mem_addr: 00000000, mem_rdata: 00000000, mem_wdata: 00000000
ClkCycle:        296, pc_rdata: 0000043c, pc_wdata: 00000440, insn: 00000013, mode: 3, rs1_addr:  0, rs1_rdata: 00000000, rs2_addr:  0, rs2_rdata: 00000000, rd_addr:  0, rd_wdata: 00000000, mem_addr: 00000000, mem_rdata: 00000000, mem_wdata: 00000000
ClkCycle:        297, pc_rdata: 00000440, pc_wdata: 00000442, insn: 00015dc8, mode: 3, rs1_addr: 11, rs1_rdata: 00000000, rs2_addr: 28, rs2_rdata: 00000000, rd_addr: 10, rd_wdata: 00000000, mem_addr: 0000003c, mem_rdata: 00000000, mem_wdata: 00000000
ClkCycle:        298, pc_rdata: 00000442, pc_wdata: 00000446, insn: 00015dc8, mode: 3, rs1_addr:  0, rs1_rdata: 00000000, rs2_addr:  0, rs2_rdata: 00000000, rd_addr:  0, rd_wdata: 00000000, mem_addr: 00000000, mem_rdata: 00000000, mem_wdata: 00000000
ClkCycle:        299, pc_rdata: 00000446, pc_wdata: 00000448, insn: 001304a0, mode: 3, rs1_addr:  0, rs1_rdata: 00000000, rs2_addr:  0, rs2_rdata: 00000000, rd_addr:  0, rd_wdata: 00000000, mem_addr: 00000000, mem_rdata: 00000000, mem_wdata: 00000000
ClkCycle:        300, pc_rdata: 00000448, pc_wdata: 0000044a, insn: 001304a0, mode: 3, rs1_addr:  2, rs1_rdata: 7fffdfff, rs2_addr:  8, rs2_rdata: 7fffdfff, rd_addr:  8, rd_wdata: 7fffe247, mem_addr: 7fffe247, mem_rdata: 00000000, mem_wdata: 7fffdfff
ClkCycle:        301, pc_rdata: 0000044a, pc_wdata: 0000044e, insn: 001304a0, mode: 3, rs1_addr:  0, rs1_rdata: 00000000, rs2_addr:  0, rs2_rdata: 00000000, rd_addr:  0, rd_wdata: 00000000, mem_addr: 00000000, mem_rdata: 00000000, mem_wdata: 00000000
ClkCycle:        302, pc_rdata: 0000044e, pc_wdata: 00000452, insn: 00130000, mode: 3, rs1_addr:  0, rs1_rdata: 00000000, rs2_addr:  0, rs2_rdata: 00000000, rd_addr:  0, rd_wdata: 00000000, mem_addr: 00000000, mem_rdata: 00000000, mem_wdata: 00000000
ClkCycle:        303, pc_rdata: 00000452, pc_wdata: 00000456, insn: 00130000, mode: 3, rs1_addr:  0, rs1_rdata: 00000000, rs2_addr:  0, rs2_rdata: 00000000, rd_addr:  0, rd_wdata: 00000000, mem_addr: 00000000, mem_rdata: 00000000, mem_wdata: 00000000
ClkCycle:        304, pc_rdata: 00000456, pc_wdata: 0000045a, insn: 00130000, mode: 3, rs1_addr:  0, rs1_rdata: 00000000, rs2_addr:  0, rs2_rdata: 00000000, rd_addr:  0, rd_wdata: 00000000, mem_addr: 00000000, mem_rdata: 00000000, mem_wdata: 00000000
ClkCycle:        305, pc_rdata: 0000045a, pc_wdata: 0000045e, insn: 00130000, mode: 3, rs1_addr:  0, rs1_rdata: 00000000, rs2_addr:  0, rs2_rdata: 00000000, rd_addr:  0, rd_wdata: 00000000, mem_addr: 00000000, mem_rdata: 00000000, mem_wdata: 00000000
ClkCycle:        306, pc_rdata: 0000045e, pc_wdata: 00000462, insn: 00002597, mode: 3, rs1_addr: 14, rs1_rdata: 00000000, rs2_addr: 25, rs2_rdata: 00000000, rd_addr:  0, rd_wdata: 00000259, mem_addr: 00000259, mem_rdata: 00000000, mem_wdata: 00000000
ClkCycle:        307, pc_rdata: 00000462, pc_wdata: 00000466, insn: 00002597, mode: 3, rs1_addr:  0, rs1_rdata: 00000000, rs2_addr:  0, rs2_rdata: 00000000, rd_addr:  0, rd_wdata: 00000000, mem_addr: 00000000, mem_rdata: 00000000, mem_wdata: 00000000
ClkCycle:        308, pc_rdata: 00000466, pc_wdata: 00000468, insn: 00000013, mode: 3, rs1_addr:  2, rs1_rdata: 7fffdfff, rs2_addr:  0, rs2_rdata: 00000000, rd_addr:  8, rd_wdata: 7fffdfff, mem_addr: 7fffdfff, mem_rdata: 00000000, mem_wdata: 00000000
ClkCycle:        309, pc_rdata: 00000468, pc_wdata: 0000046c, insn: 00000013, mode: 3, rs1_addr:  0, rs1_rdata: 00000000, rs2_addr:  0, rs2_rdata: 00000000, rd_addr:  0, rd_wdata: 00000000, mem_addr: 00000000, mem_rdata: 00000000, mem_wdata: 00000000
ClkCycle:        310, pc_rdata: 0000046c, pc_wdata: 00000470, insn: 00000013, mode: 3, rs1_addr:  0, rs1_rdata: 00000000, rs2_addr:  0, rs2_rdata: 00000000, rd_addr:  0, rd_wdata: 00000000, mem_addr: 00000000, mem_rdata: 00000000, mem_wdata: 00000000
ClkCycle:        311, pc_rdata: 00000470, pc_wdata: 00000474, insn: 00000013, mode: 3, rs1_addr:  0, rs1_rdata: 00000000, rs2_addr:  0, rs2_rdata: 00000000, rd_addr:  0, rd_wdata: 00000000, mem_addr: 00000000, mem_rdata: 00000000, mem_wdata: 00000000
ClkCycle:        312, pc_rdata: 00000474, pc_wdata: 00000478, insn: 00000013, mode: 3, rs1_addr:  0, rs1_rdata: 00000000, rs2_addr:  0, rs2_rdata: 00000000, rd_addr:  0, rd_wdata: 00000000, mem_addr: 00000000, mem_rdata: 00000000, mem_wdata: 00000000
ClkCycle:        313, pc_rdata: 00000478, pc_wdata: 0000047c, insn: 00000013, mode: 3, rs1_addr:  0, rs1_rdata: 00000000, rs2_addr:  0, rs2_rdata: 00000000, rd_addr:  0, rd_wdata: 00000000, mem_addr: 00000000, mem_rdata: 00000000, mem_wdata: 00000000
ClkCycle:        314, pc_rdata: 0000047c, pc_wdata: 00000480, insn: 00000013, mode: 3, rs1_addr:  0, rs1_rdata: 00000000, rs2_addr:  0, rs2_rdata: 00000000, rd_addr:  0, rd_wdata: 00000000, mem_addr: 00000000, mem_rdata: 00000000, mem_wdata: 00000000
ClkCycle:        315, pc_rdata: 00000480, pc_wdata: 00000482, insn: 000149e8, mode: 3, rs1_addr: 11, rs1_rdata: 00000000, rs2_addr: 20, rs2_rdata: d5bffdff, rd_addr: 10, rd_wdata: 00000000, mem_addr: 00000054, mem_rdata: 00000000, mem_wdata: d5bffdff
ClkCycle:        316, pc_rdata: 00000482, pc_wdata: 00000486, insn: 000149e8, mode: 3, rs1_addr:  0, rs1_rdata: 00000000, rs2_addr:  0, rs2_rdata: 00000000, rd_addr:  0, rd_wdata: 00000000, mem_addr: 00000000, mem_rdata: 00000000, mem_wdata: 00000000
ClkCycle:        317, pc_rdata: 00000486, pc_wdata: 00000488, insn: 001304a0, mode: 3, rs1_addr:  0, rs1_rdata: 00000000, rs2_addr:  0, rs2_rdata: 00000000, rd_addr:  0, rd_wdata: 00000000, mem_addr: 00000000, mem_rdata: 00000000, mem_wdata: 00000000
ClkCycle:        318, pc_rdata: 00000488, pc_wdata: 0000048a, insn: 001304a0, mode: 3, rs1_addr:  2, rs1_rdata: 7fffdfff, rs2_addr:  8, rs2_rdata: 7fffdfff, rd_addr:  8, rd_wdata: 7fffe247, mem_addr: 7fffe247, mem_rdata: 00000000, mem_wdata: 7fffdfff
ClkCycle:        319, pc_rdata: 0000048a, pc_wdata: 0000048e, insn: 001304a0, mode: 3, rs1_addr:  0, rs1_rdata: 00000000, rs2_addr:  0, rs2_rdata: 00000000, rd_addr:  0, rd_wdata: 00000000, mem_addr: 00000000, mem_rdata: 00000000, mem_wdata: 00000000
ClkCycle:        320, pc_rdata: 0000048e, pc_wdata: 00000492, insn: 00130000, mode: 3, rs1_addr:  0, rs1_rdata: 00000000, rs2_addr:  0, rs2_rdata: 00000000, rd_addr:  0, rd_wdata: 00000000, mem_addr: 00000000, mem_rdata: 00000000, mem_wdata: 00000000
ClkCycle:        321, pc_rdata: 00000492, pc_wdata: 00000496, insn: 00130000, mode: 3, rs1_addr:  0, rs1_rdata: 00000000, rs2_addr:  0, rs2_rdata: 00000000, rd_addr:  0, rd_wdata: 00000000, mem_addr: 00000000, mem_rdata: 00000000, mem_wdata: 00000000
ClkCycle:        322, pc_rdata: 00000496, pc_wdata: 0000049a, insn: 00130000, mode: 3, rs1_addr:  0, rs1_rdata: 00000000, rs2_addr:  0, rs2_rdata: 00000000, rd_addr:  0, rd_wdata: 00000000, mem_addr: 00000000, mem_rdata: 00000000, mem_wdata: 00000000
ClkCycle:        323, pc_rdata: 0000049a, pc_wdata: 0000049e, insn: 00130000, mode: 3, rs1_addr:  0, rs1_rdata: 00000000, rs2_addr:  0, rs2_rdata: 00000000, rd_addr:  0, rd_wdata: 00000000, mem_addr: 00000000, mem_rdata: 00000000, mem_wdata: 00000000
ClkCycle:        324, pc_rdata: 0000049e, pc_wdata: 000004a2, insn: 00002597, mode: 3, rs1_addr: 14, rs1_rdata: 00000000, rs2_addr: 25, rs2_rdata: 00000000, rd_addr:  0, rd_wdata: 00000259, mem_addr: 00000259, mem_rdata: 00000000, mem_wdata: 00000000
ClkCycle:        325, pc_rdata: 000004a2, pc_wdata: 000004a6, insn: 00002597, mode: 3, rs1_addr:  0, rs1_rdata: 00000000, rs2_addr:  0, rs2_rdata: 00000000, rd_addr:  0, rd_wdata: 00000000, mem_addr: 00000000, mem_rdata: 00000000, mem_wdata: 00000000
ClkCycle:        326, pc_rdata: 000004a6, pc_wdata: 000004a8, insn: 00000013, mode: 3, rs1_addr:  2, rs1_rdata: 7fffdfff, rs2_addr:  0, rs2_rdata: 00000000, rd_addr:  8, rd_wdata: 7fffdfff, mem_addr: 7fffdfff, mem_rdata: 00000000, mem_wdata: 00000000
ClkCycle:        327, pc_rdata: 000004a8, pc_wdata: 000004ac, insn: 00000013, mode: 3, rs1_addr:  0, rs1_rdata: 00000000, rs2_addr:  0, rs2_rdata: 00000000, rd_addr:  0, rd_wdata: 00000000, mem_addr: 00000000, mem_rdata: 00000000, mem_wdata: 00000000
ClkCycle:        328, pc_rdata: 000004ac, pc_wdata: 000004b0, insn: 00000013, mode: 3, rs1_addr:  0, rs1_rdata: 00000000, rs2_addr:  0, rs2_rdata: 00000000, rd_addr:  0, rd_wdata: 00000000, mem_addr: 00000000, mem_rdata: 00000000, mem_wdata: 00000000
ClkCycle:        329, pc_rdata: 000004b0, pc_wdata: 000004b4, insn: 00000013, mode: 3, rs1_addr:  0, rs1_rdata: 00000000, rs2_addr:  0, rs2_rdata: 00000000, rd_addr:  0, rd_wdata: 00000000, mem_addr: 00000000, mem_rdata: 00000000, mem_wdata: 00000000
ClkCycle:        330, pc_rdata: 000004b4, pc_wdata: 000004b8, insn: 00000013, mode: 3, rs1_addr:  0, rs1_rdata: 00000000, rs2_addr:  0, rs2_rdata: 00000000, rd_addr:  0, rd_wdata: 00000000, mem_addr: 00000000, mem_rdata: 00000000, mem_wdata: 00000000
ClkCycle:        331, pc_rdata: 000004b8, pc_wdata: 000004bc, insn: 00000013, mode: 3, rs1_addr:  0, rs1_rdata: 00000000, rs2_addr:  0, rs2_rdata: 00000000, rd_addr:  0, rd_wdata: 00000000, mem_addr: 00000000, mem_rdata: 00000000, mem_wdata: 00000000
ClkCycle:        332, pc_rdata: 000004bc, pc_wdata: 000004c0, insn: 00000013, mode: 3, rs1_addr:  0, rs1_rdata: 00000000, rs2_addr:  0, rs2_rdata: 00000000, rd_addr:  0, rd_wdata: 00000000, mem_addr: 00000000, mem_rdata: 00000000, mem_wdata: 00000000
ClkCycle:        333, pc_rdata: 000004c0, pc_wdata: 000004c2, insn: 00015588, mode: 3, rs1_addr: 11, rs1_rdata: 00000000, rs2_addr:  8, rs2_rdata: 7fffdfff, rd_addr: 10, rd_wdata: 00000000, mem_addr: 00000028, mem_rdata: 00000000, mem_wdata: 7fffdfff
ClkCycle:        334, pc_rdata: 000004c2, pc_wdata: 000004c6, insn: 00015588, mode: 3, rs1_addr:  0, rs1_rdata: 00000000, rs2_addr:  0, rs2_rdata: 00000000, rd_addr:  0, rd_wdata: 00000000, mem_addr: 00000000, mem_rdata: 00000000, mem_wdata: 00000000
ClkCycle:        335, pc_rdata: 000004c6, pc_wdata: 000004c8, insn: 006f06a0, mode: 3, rs1_addr:  0, rs1_rdata: 00000000, rs2_addr:  0, rs2_rdata: 00000000, rd_addr:  0, rd_wdata: 00000000, mem_addr: 00000000, mem_rdata: 00000000, mem_wdata: 00000000
ClkCycle:        336, pc_rdata: 000004c8, pc_wdata: 000004ca, insn: 006f06a0, mode: 3, rs1_addr:  2, rs1_rdata: 7fffdfff, rs2_addr:  8, rs2_rdata: 7fffdfff, rd_addr:  8, rd_wdata: 7fffe347, mem_addr: 7fffe347, mem_rdata: 00000000, mem_wdata: 7fffdfff
ClkCycle:        337, pc_rdata: 000004ca, pc_wdata: 000004ce, insn: 006f06a0, mode: 3, rs1_addr:  0, rs1_rdata: 00000000, rs2_addr:  0, rs2_rdata: 00000000, rd_addr:  0, rd_wdata: 00000000, mem_addr: 00000000, mem_rdata: 00000000, mem_wdata: 00000000
ClkCycle:        338, pc_rdata: 000004ce, pc_wdata: 000004d2, insn: 33031f81, mode: 3, rs1_addr:  2, rs1_rdata: 7fffdfff, rs2_addr: 24, rs2_rdata: 0000007d, rd_addr:  0, rd_wdata: 000004d2, mem_addr: 8000e1f7, mem_rdata: 00000000, mem_wdata: 0000007d
ClkCycle:        339, pc_rdata: 000004d2, pc_wdata: 000106c6, insn: 33031f81, mode: 3, rs1_addr:  0, rs1_rdata: 00000000, rs2_addr:  0, rs2_rdata: 00000000, rd_addr:  0, rd_wdata: 00000000, mem_addr: 00000000, mem_rdata: 00000000, mem_wdata: 00000000
ClkCycle:       4003, pc_rdata: 00014002, pc_wdata: 00014004, insn: ddb80813, mode: 3, rs1_addr:  2, rs1_rdata: 7fffdfff, rs2_addr:  0, rs2_rdata: 00000000, rd_addr:  8, rd_wdata: 7fffdfff, mem_addr: 7fffdfff, mem_rdata: 00000000, mem_wdata: 00000000
ClkCycle:       4004, pc_rdata: 00014004, pc_wdata: 00014008, insn: ddb80813, mode: 3, rs1_addr: 16, rs1_rdata: 7d5bfddb, rs2_addr: 27, rs2_rdata: 00000000, rd_addr: 16, rd_wdata: 7d5bfbb6, mem_addr: 7d5bfbb6, mem_rdata: 00000000, mem_wdata: 00000000
ClkCycle:       4005, pc_rdata: 00014008, pc_wdata: 0001400c, insn: 00b81813, mode: 3, rs1_addr: 16, rs1_rdata: 7d5bfddb, rs2_addr: 11, rs2_rdata: 00000000, rd_addr: 16, rd_wdata: dfddb000, mem_addr: dfddb000, mem_rdata: 00000000, mem_wdata: 00000000
ClkCycle:       4006, pc_rdata: 0001400c, pc_wdata: 00014010, insn: 3ea80813, mode: 3, rs1_addr: 16, rs1_rdata: 7d5bfddb, rs2_addr: 10, rs2_rdata: 00000000, rd_addr: 16, rd_wdata: dfddb3ea, mem_addr: dfddb3ea, mem_rdata: 00000000, mem_wdata: 00000000
ClkCycle:       4007, pc_rdata: 00014010, pc_wdata: 00014014, insn: 00b81813, mode: 3, rs1_addr: 16, rs1_rdata: 7d5bfbb6, rs2_addr: 11, rs2_rdata: 00000000, rd_addr: 16, rd_wdata: ed9f5000, mem_addr: ed9f5000, mem_rdata: 00000000, mem_wdata: 00000000
ClkCycle:       4008, pc_rdata: 00014014, pc_wdata: 00014018, insn: 6ff80813, mode: 3, rs1_addr: 16, rs1_rdata: dfddb000, rs2_addr: 31, rs2_rdata: 00000000, rd_addr: 16, rd_wdata: ed9f56ff, mem_addr: ed9f56ff, mem_rdata: 00000000, mem_wdata: 00000000
ClkCycle:       4009, pc_rdata: 00014018, pc_wdata: 0001401c, insn: 00a81813, mode: 3, rs1_addr: 16, rs1_rdata: dfddb3ea, rs2_addr: 10, rs2_rdata: 00000000, rd_addr: 16, rd_wdata: 7d5bfc00, mem_addr: 7d5bfc00, mem_rdata: 00000000, mem_wdata: 00000000
ClkCycle:       4010, pc_rdata: 0001401c, pc_wdata: 00014020, insn: 1db80813, mode: 3, rs1_addr: 16, rs1_rdata: ed9f5000, rs2_addr: 27, rs2_rdata: 00000000, rd_addr: 16, rd_wdata: 7d5bfddb, mem_addr: 7d5bfddb, mem_rdata: 00000000, mem_wdata: 00000000
ClkCycle:       4011, pc_rdata: 00014020, pc_wdata: 00014024, insn: 00785893, mode: 3, rs1_addr: 16, rs1_rdata: ed9f56ff, rs2_addr:  7, rs2_rdata: 003fbb6f, rd_addr: 17, rd_wdata: 6cfab7fb, mem_addr: 6cfab7fb, mem_rdata: 00000000, mem_wdata: 003fbb6f
ClkCycle:       4012, pc_rdata: 00014024, pc_wdata: 00014028, insn: 03985793, mode: 3, rs1_addr: 16, rs1_rdata: 7d5bfc00, rs2_addr: 25, rs2_rdata: 00000000, rd_addr: 15, rd_wdata: adfddb3e, mem_addr: adfddb3e, mem_rdata: 00000000, mem_wdata: 00000000
ClkCycle:       4013, pc_rdata: 00014028, pc_wdata: 0001402c, insn: 00f8e8b3, mode: 3, rs1_addr: 17, rs1_rdata: bffeffff, rs2_addr: 15, rs2_rdata: 00000000, rd_addr: 17, rd_wdata: edffffff, mem_addr: edffffff, mem_rdata: 00000000, mem_wdata: adfddb3e
ClkCycle:       4014, pc_rdata: 0001402c, pc_wdata: 00014030, insn: 0078d913, mode: 3, rs1_addr: 17, rs1_rdata: 6cfab7fb, rs2_addr:  7, rs2_rdata: 003fbb6f, rd_addr: 18, rd_wdata: ffdbffff, mem_addr: ffdbffff, mem_rdata: 00000000, mem_wdata: 003fbb6f
ClkCycle:       4015, pc_rdata: 00014030, pc_wdata: 00014034, insn: 0398d793, mode: 3, rs1_addr: 17, rs1_rdata: 6cfab7fb, rs2_addr: 25, rs2_rdata: 00000000, rd_addr: 15, rd_wdata: 7d5bfff6, mem_addr: 7d5bfff6, mem_rdata: 00000000, mem_wdata: 00000000
ClkCycle:       4016, pc_rdata: 00014034, pc_wdata: 00014038, insn: 00f96933, mode: 3, rs1_addr: 18, rs1_rdata: ff7fffff, rs2_addr: 15, rs2_rdata: adfddb3e, rd_addr: 18, rd_wdata: ffdbffff, mem_addr: ffdbffff, mem_rdata: 00000000, mem_wdata: 7d5bfff6
ClkCycle:       4017, pc_rdata: 00014038, pc_wdata: 0001403c, insn: 00795993, mode: 3, rs1_addr: 18, rs1_rdata: ffdbffff, rs2_addr:  7, rs2_rdata: 003fbb6f, rd_addr: 19, rd_wdata: dfffb7ff, mem_addr: dfffb7ff, mem_rdata: 00000000, mem_wdata: 003fbb6f
ClkCycle:       4018, pc_rdata: 0001403c, pc_wdata: 00014040, insn: 03995793, mode: 3, rs1_addr: 18, rs1_rdata: ffdbffff, rs2_addr: 25, rs2_rdata: 00000000, rd_addr: 15, rd_wdata: 00fab7ff, mem_addr: 00fab7ff, mem_rdata: 00000000, mem_wdata: 00000000
ClkCycle:       4019, pc_rdata: 00014040, pc_wdata: 00014044, insn: 00f9e9b3, mode: 3, rs1_addr: 19, rs1_rdata: dffeffff, rs2_addr: 15, rs2_rdata: 7d5bfff6, rd_addr: 19, rd_wdata: dfffb7ff, mem_addr: dfffb7ff, mem_rdata: 00000000, mem_wdata: 00fab7ff
ClkCycle:       4020, pc_rdata: 00014044, pc_wdata: 00014048, insn: 0079da13, mode: 3, rs1_addr: 19, rs1_rdata: dfffb7ff, rs2_addr:  7, rs2_rdata: 003fbb6f, rd_addr: 20, rd_wdata: d5bfff6f, mem_addr: d5bfff6f, mem_rdata: 00000000, mem_wdata: 003fbb6f
ClkCycle:       4021, pc_rdata: 00014048, pc_wdata: 0001404c, insn: 0399d793, mode: 3, rs1_addr: 19, rs1_rdata: dfffb7ff, rs2_addr: 25, rs2_rdata: 00000000, rd_addr: 15, rd_wdata: 0001f56f, mem_addr: 0001f56f, mem_rdata: 00000000, mem_wdata: 00000000
ClkCycle:       4022, pc_rdata: 0001404c, pc_wdata: 00014050, insn: 00fa6a33, mode: 3, rs1_addr: 20, rs1_rdata: d5bffdff, rs2_addr: 15, rs2_rdata: 00fab7ff, rd_addr: 20, rd_wdata: d5bfff6f, mem_addr: d5bfff6f, mem_rdata: 00000000, mem_wdata: 0001f56f
ClkCycle:       4023, pc_rdata: 00014050, pc_wdata: 00014054, insn: 007a5a93, mode: 3, rs1_addr: 20, rs1_rdata: d5bfff6f, rs2_addr:  7, rs2_rdata: 003fbb6f, rd_addr: 21, rd_wdata: 0fab7ffe, mem_addr: 0fab7ffe, mem_rdata: 00000000, mem_wdata: 003fbb6f
ClkCycle:       4024, pc_rdata: 00014054, pc_wdata: 00014058, insn: 039a5793, mode: 3, rs1_addr: 20, rs1_rdata: d5bfff6f, rs2_addr: 25, rs2_rdata: 00000000, rd_addr: 15, rd_wdata: 000003ea, mem_addr: 000003ea, mem_rdata: 00000000, mem_wdata: 00000000
ClkCycle:       4025, pc_rdata: 00014058, pc_wdata: 0001405c, insn: 00faeab3, mode: 3, rs1_addr: 21, rs1_rdata: 0fab7ffb, rs2_addr: 15, rs2_rdata: 0001f56f, rd_addr: 21, rd_wdata: 0fab7ffe, mem_addr: 0fab7ffe, mem_rdata: 00000000, mem_wdata: 000003ea
ClkCycle:       4026, pc_rdata: 0001405c, pc_wdata: 00014060, insn: 007adb13, mode: 3, rs1_addr: 21, rs1_rdata: 0fab7ffe, rs2_addr:  7, rs2_rdata: 003fbb6f, rd_addr: 22, rd_wdata: 001f56ff, mem_addr: 001f56ff, mem_rdata: 00000000, mem_wdata: 003fbb6f
ClkCycle:       4027, pc_rdata: 00014060, pc_wdata: 00014064, insn: 039ad793, mode: 3, rs1_addr: 21, rs1_rdata: 0fab7ffe, rs2_addr: 25, rs2_rdata: 00000000, rd_addr: 15, rd_wdata: 00000007, mem_addr: 00000007, mem_rdata: 00000000, mem_wdata: 00000000
ClkCycle:       4028, pc_rdata: 00014064, pc_wdata: 00014068, insn: 00fb6b33, mode: 3, rs1_addr: 22, rs1_rdata: 001f56ff, rs2_addr: 15, rs2_rdata: 000003ea, rd_addr: 22, rd_wdata: 001f56ff, mem_addr: 001f56ff, mem_rdata: 00000000, mem_wdata: 00000007
ClkCycle:       4029, pc_rdata: 00014068, pc_wdata: 0001406c, insn: 007b5b93, mode: 3, rs1_addr: 22, rs1_rdata: 001f56ff, rs2_addr:  7, rs2_rdata: 003fbb6f, rd_addr: 23, rd_wdata: 00003ead, mem_addr: 00003ead, mem_rdata: 00000000, mem_wdata: 003fbb6f
ClkCycle:       4030, pc_rdata: 0001406c, pc_wdata: 00014070, insn: 039b5793, mode: 3, rs1_addr: 22, rs1_rdata: 001f56ff, rs2_addr: 25, rs2_rdata: 00000000, rd_addr: 15, rd_wdata: 00000000, mem_addr: 00000000, mem_rdata: 00000000, mem_wdata: 00000000
ClkCycle:       4031, pc_rdata: 00014070, pc_wdata: 00014074, insn: 00fbebb3, mode: 3, rs1_addr: 23, rs1_rdata: 00003ead, rs2_addr: 15, rs2_rdata: 00000007, rd_addr: 23, rd_wdata: 00003ead, mem_addr: 00003ead, mem_rdata: 00000000, mem_wdata: 00000000
ClkCycle:       4032, pc_rdata: 00014074, pc_wdata: 00014078, insn: 007bdc13, mode: 3, rs1_addr: 23, rs1_rdata: 00003ead, rs2_addr:  7, rs2_rdata: 003fbb6f, rd_addr: 24, rd_wdata: 0000007d, mem_addr: 0000007d, mem_rdata: 00000000, mem_wdata: 003fbb6f
ClkCycle:       4033, pc_rdata: 00014078, pc_wdata: 0001407c, insn: 039bd793, mode: 3, rs1_addr: 23, rs1_rdata: 00003ead, rs2_addr: 25, rs2_rdata: 00000000, rd_addr: 15, rd_wdata: 00000000, mem_addr: 00000000, mem_rdata: 00000000, mem_wdata: 00000000
ClkCycle:       4034, pc_rdata: 0001407c, pc_wdata: 00014080, insn: 00fc6c33, mode: 3, rs1_addr: 24, rs1_rdata: 0000007d, rs2_addr: 15, rs2_rdata: 00000000, rd_addr: 24, rd_wdata: 0000007d, mem_addr: 0000007d, mem_rdata: 00000000, mem_wdata: 00000000
ClkCycle:       4035, pc_rdata: 00014080, pc_wdata: 00014084, insn: 007c5c93, mode: 3, rs1_addr: 24, rs1_rdata: 0000007d, rs2_addr:  7, rs2_rdata: 003fbb6f, rd_addr: 25, rd_wdata: 00000000, mem_addr: 00000000, mem_rdata: 00000000, mem_wdata: 003fbb6f
ClkCycle:       4036, pc_rdata: 00014084, pc_wdata: 00014088, insn: 039c5793, mode: 3, rs1_addr: 24, rs1_rdata: 0000007d, rs2_addr: 25, rs2_rdata: 00000000, rd_addr: 15, rd_wdata: 00000000, mem_addr: 00000000, mem_rdata: 00000000, mem_wdata: 00000000
ClkCycle:       4037, pc_rdata: 00014088, pc_wdata: 0001408c, insn: 00fcecb3, mode: 3, rs1_addr: 25, rs1_rdata: 00000000, rs2_addr: 15, rs2_rdata: 00000000, rd_addr: 25, rd_wdata: 00000000, mem_addr: 00000000, mem_rdata: 00000000, mem_wdata: 00000000
ClkCycle:       4038, pc_rdata: 0001408c, pc_wdata: 00014090, insn: 007cdd13, mode: 3, rs1_addr: 25, rs1_rdata: 00000000, rs2_addr:  7, rs2_rdata: 003fbb6f, rd_addr: 26, rd_wdata: 00000000, mem_addr: 00000000, mem_rdata: 00000000, mem_wdata: 003fbb6f
ClkCycle:       4039, pc_rdata: 00014090, pc_wdata: 00014094, insn: 039cd793, mode: 3, rs1_addr: 25, rs1_rdata: 00000000, rs2_addr: 25, rs2_rdata: 00000000, rd_addr: 15, rd_wdata: 00000000, mem_addr: 00000000, mem_rdata: 00000000, mem_wdata: 00000000
ClkCycle:       4040, pc_rdata: 00014094, pc_wdata: 00014098, insn: 00fd6d33, mode: 3, rs1_addr: 26, rs1_rdata: 00000000, rs2_addr: 15, rs2_rdata: 00000000, rd_addr: 26, rd_wdata: 00000000, mem_addr: 00000000, mem_rdata: 00000000, mem_wdata: 00000000
ClkCycle:       4041, pc_rdata: 00014098, pc_wdata: 0001409c, insn: 007d5d93, mode: 3, rs1_addr: 26, rs1_rdata: 00000000, rs2_addr:  7, rs2_rdata: 003fbb6f, rd_addr: 27, rd_wdata: 00000000, mem_addr: 00000000, mem_rdata: 00000000, mem_wdata: 003fbb6f
ClkCycle:       4042, pc_rdata: 0001409c, pc_wdata: 000140a0, insn: 039d5793, mode: 3, rs1_addr: 26, rs1_rdata: 00000000, rs2_addr: 25, rs2_rdata: 00000000, rd_addr: 15, rd_wdata: 00000000, mem_addr: 00000000, mem_rdata: 00000000, mem_wdata: 00000000
ClkCycle:       4043, pc_rdata: 000140a0, pc_wdata: 000140a4, insn: 00fdedb3, mode: 3, rs1_addr: 27, rs1_rdata: 00000000, rs2_addr: 15, rs2_rdata: 00000000, rd_addr: 27, rd_wdata: 00000000, mem_addr: 00000000, mem_rdata: 00000000, mem_wdata: 00000000
ClkCycle:       4044, pc_rdata: 000140a4, pc_wdata: 000140a8, insn: 007dde13, mode: 3, rs1_addr: 27, rs1_rdata: 00000000, rs2_addr:  7, rs2_rdata: 003fbb6f, rd_addr: 28, rd_wdata: 00000000, mem_addr: 00000000, mem_rdata: 00000000, mem_wdata: 003fbb6f
ClkCycle:       4045, pc_rdata: 000140a8, pc_wdata: 000140ac, insn: 039dd793, mode: 3, rs1_addr: 27, rs1_rdata: 00000000, rs2_addr: 25, rs2_rdata: 00000000, rd_addr: 15, rd_wdata: 00000000, mem_addr: 00000000, mem_rdata: 00000000, mem_wdata: 00000000
ClkCycle:       4046, pc_rdata: 000140ac, pc_wdata: 000140b0, insn: 00fe6e33, mode: 3, rs1_addr: 28, rs1_rdata: 00000000, rs2_addr: 15, rs2_rdata: 00000000, rd_addr: 28, rd_wdata: 00000000, mem_addr: 00000000, mem_rdata: 00000000, mem_wdata: 00000000
ClkCycle:       4047, pc_rdata: 000140b0, pc_wdata: 000140b4, insn: 007e5e93, mode: 3, rs1_addr: 28, rs1_rdata: 00000000, rs2_addr:  7, rs2_rdata: 003fbb6f, rd_addr: 29, rd_wdata: 00000000, mem_addr: 00000000, mem_rdata: 00000000, mem_wdata: 003fbb6f
ClkCycle:       4048, pc_rdata: 000140b4, pc_wdata: 000140b8, insn: 039e5793, mode: 3, rs1_addr: 28, rs1_rdata: 00000000, rs2_addr: 25, rs2_rdata: 00000000, rd_addr: 15, rd_wdata: 00000000, mem_addr: 00000000, mem_rdata: 00000000, mem_wdata: 00000000
ClkCycle:       4049, pc_rdata: 000140b8, pc_wdata: 000140bc, insn: 00feeeb3, mode: 3, rs1_addr: 29, rs1_rdata: 00000000, rs2_addr: 15, rs2_rdata: 00000000, rd_addr: 29, rd_wdata: 00000000, mem_addr: 00000000, mem_rdata: 00000000, mem_wdata: 00000000
ClkCycle:       4050, pc_rdata: 000140bc, pc_wdata: 000140c0, insn: 007edf13, mode: 3, rs1_addr: 29, rs1_rdata: 00000000, rs2_addr:  7, rs2_rdata: 003fbb6f, rd_addr: 30, rd_wdata: 00000000, mem_addr: 00000000, mem_rdata: 00000000, mem_wdata: 003fbb6f
ClkCycle:       4051, pc_rdata: 000140c0, pc_wdata: 000140c4, insn: 039ed793, mode: 3, rs1_addr: 29, rs1_rdata: 00000000, rs2_addr: 25, rs2_rdata: 00000000, rd_addr: 15, rd_wdata: 00000000, mem_addr: 00000000, mem_rdata: 00000000, mem_wdata: 00000000
ClkCycle:       4052, pc_rdata: 000140c4, pc_wdata: 000140c8, insn: 00ff6f33, mode: 3, rs1_addr: 30, rs1_rdata: 00000000, rs2_addr: 15, rs2_rdata: 00000000, rd_addr: 30, rd_wdata: 00000000, mem_addr: 00000000, mem_rdata: 00000000, mem_wdata: 00000000
ClkCycle:       4053, pc_rdata: 000140c8, pc_wdata: 000140cc, insn: feedc0b7, mode: 3, rs1_addr: 27, rs1_rdata: 00000000, rs2_addr: 14, rs2_rdata: 00000000, rd_addr:  1, rd_wdata: feedc000, mem_addr: feedc000, mem_rdata: 00000000, mem_wdata: 00000000
ClkCycle:       4054, pc_rdata: 000140cc, pc_wdata: 000140d0, insn: ead08093, mode: 3, rs1_addr:  1, rs1_rdata: 00003118, rs2_addr: 13, rs2_rdata: 00000000, rd_addr:  1, rd_wdata: feedbead, mem_addr: feedbead, mem_rdata: 00000000, mem_wdata: 00000000
ClkCycle:       4055, pc_rdata: 000140d0, pc_wdata: 000140d4, insn: 00b09093, mode: 3, rs1_addr:  1, rs1_rdata: 00003118, rs2_addr: 11, rs2_rdata: 00000000, rd_addr:  1, rd_wdata: 6df56800, mem_addr: 6df56800, mem_rdata: 00000000, mem_wdata: 00000000
ClkCycle:       4056, pc_rdata: 000140d4, pc_wdata: 000140d8, insn: 7f708093, mode: 3, rs1_addr:  1, rs1_rdata: feedc000, rs2_addr: 23, rs2_rdata: 00003ead, rd_addr:  1, rd_wdata: 6df56ff7, mem_addr: 6df56ff7, mem_rdata: 00000000, mem_wdata: 00003ead
ClkCycle:       4057, pc_rdata: 000140d8, pc_wdata: 000140dc, insn: 00b09093, mode: 3, rs1_addr:  1, rs1_rdata: feedbead, rs2_addr: 11, rs2_rdata: 00000000, rd_addr:  1, rd_wdata: ab7fb800, mem_addr: ab7fb800, mem_rdata: 00000000, mem_wdata: 00000000
ClkCycle:       4058, pc_rdata: 000140dc, pc_wdata: 000140e0, insn: 36f08093, mode: 3, rs1_addr:  1, rs1_rdata: 6df56800, rs2_addr: 15, rs2_rdata: 00000000, rd_addr:  1, rd_wdata: ab7fbb6f, mem_addr: ab7fbb6f, mem_rdata: 00000000, mem_wdata: 00000000
ClkCycle:       4059, pc_rdata: 000140e0, pc_wdata: 000140e4, insn: 00a09093, mode: 3, rs1_addr:  1, rs1_rdata: 6df56ff7, rs2_addr: 10, rs2_rdata: 00000000, rd_addr:  1, rd_wdata: feedbc00, mem_addr: feedbc00, mem_rdata: 00000000, mem_wdata: 00000000
ClkCycle:       4060, pc_rdata: 000140e4, pc_wdata: 000140e8, insn: 2ad08093, mode: 3, rs1_addr:  1, rs1_rdata: ab7fb800, rs2_addr: 13, rs2_rdata: 00000000, rd_addr:  1, rd_wdata: feedbead, mem_addr: feedbead, mem_rdata: 00000000, mem_wdata: 00000000
ClkCycle:       4061, pc_rdata: 000140e8, pc_wdata: 000140ec, insn: 0070d113, mode: 3, rs1_addr:  1, rs1_rdata: ab7fbb6f, rs2_addr:  7, rs2_rdata: 003fbb6f, rd_addr:  2, rd_wdata: 5bfddb7d, mem_addr: 5bfddb7d, mem_rdata: 00000000, mem_wdata: 003fbb6f
ClkCycle:       4062, pc_rdata: 000140ec, pc_wdata: 000140f0, insn: 0390d793, mode: 3, rs1_addr:  1, rs1_rdata: feedbc00, rs2_addr: 25, rs2_rdata: 00000000, rd_addr: 15, rd_wdata: 76df56ff, mem_addr: 76df56ff, mem_rdata: 00000000, mem_wdata: 00000000
ClkCycle:       4063, pc_rdata: 000140f0, pc_wdata: 000140f4, insn: 00f16133, mode: 3, rs1_addr:  2, rs1_rdata: 7fffdfff, rs2_addr: 15, rs2_rdata: 00000000, rd_addr:  2, rd_wdata: 7fffdfff, mem_addr: 7fffdfff, mem_rdata: 00000000, mem_wdata: 76df56ff
ClkCycle:       4064, pc_rdata: 000140f4, pc_wdata: 000140f8, insn: 00715193, mode: 3, rs1_addr:  2, rs1_rdata: 5bfddb7d, rs2_addr:  7, rs2_rdata: 003fbb6f, rd_addr:  3, rd_wdata: feffffbf, mem_addr: feffffbf, mem_rdata: 00000000, mem_wdata: 003fbb6f
ClkCycle:       4065, pc_rdata: 000140f8, pc_wdata: 000140fc, insn: 03915793, mode: 3, rs1_addr:  2, rs1_rdata: 5bfddb7d, rs2_addr: 25, rs2_rdata: 00000000, rd_addr: 15, rd_wdata: feedbfbf, mem_addr: feedbfbf, mem_rdata: 00000000, mem_wdata: 00000000
ClkCycle:       4066, pc_rdata: 000140fc, pc_wdata: 00014100, insn: 00f1e1b3, mode: 3, rs1_addr:  3, rs1_rdata: feffffbf, rs2_addr: 15, rs2_rdata: 76df56ff, rd_addr:  3, rd_wdata: feffffbf, mem_addr: feffffbf, mem_rdata: 00000000, mem_wdata: feedbfbf
ClkCycle:       4067, pc_rdata: 00014100, pc_wdata: 00014104, insn: 0071d213, mode: 3, rs1_addr:  3, rs1_rdata: feffffbf, rs2_addr:  7, rs2_rdata: 003fbb6f, rd_addr:  4, rd_wdata: 6dfdffff, mem_addr: 6dfdffff, mem_rdata: 00000000, mem_wdata: 003fbb6f
ClkCycle:       4068, pc_rdata: 00014104, pc_wdata: 00014108, insn: 0391d793, mode: 3, rs1_addr:  3, rs1_rdata: feffffbf, rs2_addr: 25, rs2_rdata: 00000000, rd_addr: 15, rd_wdata: 01fddb7f, mem_addr: 01fddb7f, mem_rdata: 00000000, mem_wdata: 00000000
ClkCycle:       4069, pc_rdata: 00014108, pc_wdata: 0001410c, insn: 00f26233, mode: 3, rs1_addr:  4, rs1_rdata: 6dfdffff, rs2_addr: 15, rs2_rdata: feedbfbf, rd_addr:  4, rd_wdata: 6dfdffff, mem_addr: 6dfdffff, mem_rdata: 00000000, mem_wdata: 01fddb7f
ClkCycle:       4070, pc_rdata: 0001410c, pc_wdata: 00014110, insn: 00725293, mode: 3, rs1_addr:  4, rs1_rdata: 6dfdffff, rs2_addr:  7, rs2_rdata: 003fbb6f, rd_addr:  5, rd_wdata: eedbfbff, mem_addr: eedbfbff, mem_rdata: 00000000, mem_wdata: 003fbb6f
ClkCycle:       4071, pc_rdata: 00014110, pc_wdata: 00014114, insn: 03925793, mode: 3, rs1_addr:  4, rs1_rdata: 6dfdffff, rs2_addr: 25, rs2_rdata: 00000000, rd_addr: 15, rd_wdata: 0003fbb6, mem_addr: 0003fbb6, mem_rdata: 00000000, mem_wdata: 00000000
ClkCycle:       4072, pc_rdata: 00014114, pc_wdata: 00014118, insn: 00f2e2b3, mode: 3, rs1_addr:  5, rs1_rdata: eedbfbff, rs2_addr: 15, rs2_rdata: 01fddb7f, rd_addr:  5, rd_wdata: eedbfbff, mem_addr: eedbfbff, mem_rdata: 00000000, mem_wdata: 0003fbb6
ClkCycle:       4073, pc_rdata: 00014118, pc_wdata: 0001411c, insn: 0072d313, mode: 3, rs1_addr:  5, rs1_rdata: eedbfbff, rs2_addr:  7, rs2_rdata: 003fbb6f, rd_addr:  6, rd_wdata: 1fddb7f7, mem_addr: 1fddb7f7, mem_rdata: 00000000, mem_wdata: 003fbb6f
ClkCycle:       4074, pc_rdata: 0001411c, pc_wdata: 00014120, insn: 0392d793, mode: 3, rs1_addr:  5, rs1_rdata: eedbfbff, rs2_addr: 25, rs2_rdata: 00000000, rd_addr: 15, rd_wdata: 000007f7, mem_addr: 000007f7, mem_rdata: 00000000, mem_wdata: 00000000
ClkCycle:       4075, pc_rdata: 00014120, pc_wdata: 00014124, insn: 00f36333, mode: 3, rs1_addr:  6, rs1_rdata: 1fddb7f7, rs2_addr: 15, rs2_rdata: 0003fbb6, rd_addr:  6, rd_wdata: 1fddb7f7, mem_addr: 1fddb7f7, mem_rdata: 00000000, mem_wdata: 000007f7
ClkCycle:       4076, pc_rdata: 00014124, pc_wdata: 00014128, insn: 00735393, mode: 3, rs1_addr:  6, rs1_rdata: 1fddb7f7, rs2_addr:  7, rs2_rdata: 003fbb6f, rd_addr:  7, rd_wdata: 003fbb6f, mem_addr: 003fbb6f, mem_rdata: 00000000, mem_wdata: 003fbb6f
ClkCycle:       4077, pc_rdata: 00014128, pc_wdata: 0001412c, insn: 03935793, mode: 3, rs1_addr:  6, rs1_rdata: 1fddb7f7, rs2_addr: 25, rs2_rdata: 00000000, rd_addr: 15, rd_wdata: 0000000f, mem_addr: 0000000f, mem_rdata: 00000000, mem_wdata: 00000000
ClkCycle:       4078, pc_rdata: 0001412c, pc_wdata: 00014130, insn: 00f3e3b3, mode: 3, rs1_addr:  7, rs1_rdata: 003fbb6f, rs2_addr: 15, rs2_rdata: 000007f7, rd_addr:  7, rd_wdata: 003fbb6f, mem_addr: 003fbb6f, mem_rdata: 00000000, mem_wdata: 0000000f
ClkCycle:       4079, pc_rdata: 00014130, pc_wdata: 00014134, insn: 0073d413, mode: 3, rs1_addr:  7, rs1_rdata: 003fbb6f, rs2_addr:  7, rs2_rdata: 003fbb6f, rd_addr:  8, rd_wdata: 00007f76, mem_addr: 00007f76, mem_rdata: 00000000, mem_wdata: 003fbb6f
ClkCycle:       4080, pc_rdata: 00014134, pc_wdata: 00014138, insn: 0393d793, mode: 3, rs1_addr:  7, rs1_rdata: 003fbb6f, rs2_addr: 25, rs2_rdata: 00000000, rd_addr: 15, rd_wdata: 00000000, mem_addr: 00000000, mem_rdata: 00000000, mem_wdata: 00000000
ClkCycle:       4081, pc_rdata: 00014138, pc_wdata: 0001413c, insn: 00f46433, mode: 3, rs1_addr:  8, rs1_rdata: 7fffdfff, rs2_addr: 15, rs2_rdata: 0000000f, rd_addr:  8, rd_wdata: 00007f76, mem_addr: 00007f76, mem_rdata: 00000000, mem_wdata: 00000000
ClkCycle:       4082, pc_rdata: 0001413c, pc_wdata: 00014140, insn: 00745493, mode: 3, rs1_addr:  8, rs1_rdata: 00007f76, rs2_addr:  7, rs2_rdata: 003fbb6f, rd_addr:  9, rd_wdata: 000000fe, mem_addr: 000000fe, mem_rdata: 00000000, mem_wdata: 003fbb6f
ClkCycle:       4083, pc_rdata: 00014140, pc_wdata: 00014144, insn: 03945793, mode: 3, rs1_addr:  8, rs1_rdata: 00007f76, rs2_addr: 25, rs2_rdata: 00000000, rd_addr: 15, rd_wdata: 00000000, mem_addr: 00000000, mem_rdata: 00000000, mem_wdata: 00000000
ClkCycle:       4084, pc_rdata: 00014144, pc_wdata: 00014148, insn: 00f4e4b3, mode: 3, rs1_addr:  9, rs1_rdata: 00000000, rs2_addr: 15, rs2_rdata: 00000000, rd_addr:  9, rd_wdata: 000000fe, mem_addr: 000000fe, mem_rdata: 00000000, mem_wdata: 00000000
ClkCycle:       4085, pc_rdata: 00014148, pc_wdata: 0001414c, insn: 0074d513, mode: 3, rs1_addr:  9, rs1_rdata: 000000fe, rs2_addr:  7, rs2_rdata: 003fbb6f, rd_addr: 10, rd_wdata: 00000001, mem_addr: 00000001, mem_rdata: 00000000, mem_wdata: 003fbb6f
ClkCycle:       4086, pc_rdata: 0001414c, pc_wdata: 00014150, insn: 0394d793, mode: 3, rs1_addr:  9, rs1_rdata: 000000fe, rs2_addr: 25, rs2_rdata: 00000000, rd_addr: 15, rd_wdata: 00000000, mem_addr: 00000000, mem_rdata: 00000000, mem_wdata: 00000000
ClkCycle:       4087, pc_rdata: 00014150, pc_wdata: 00014154, insn: 00f56533, mode: 3, rs1_addr: 10, rs1_rdata: 00000000, rs2_addr: 15, rs2_rdata: 00000000, rd_addr: 10, rd_wdata: 00000001, mem_addr: 00000001, mem_rdata: 00000000, mem_wdata: 00000000
ClkCycle:       4088, pc_rdata: 00014154, pc_wdata: 00014158, insn: 00755593, mode: 3, rs1_addr: 10, rs1_rdata: 00000001, rs2_addr:  7, rs2_rdata: 003fbb6f, rd_addr: 11, rd_wdata: 00000000, mem_addr: 00000000, mem_rdata: 00000000, mem_wdata: 003fbb6f
ClkCycle:       4089, pc_rdata: 00014158, pc_wdata: 0001415c, insn: 03955793, mode: 3, rs1_addr: 10, rs1_rdata: 00000001, rs2_addr: 25, rs2_rdata: 00000000, rd_addr: 15, rd_wdata: 00000000, mem_addr: 00000000, mem_rdata: 00000000, mem_wdata: 00000000
ClkCycle:       4090, pc_rdata: 0001415c, pc_wdata: 00014160, insn: 00f5e5b3, mode: 3, rs1_addr: 11, rs1_rdata: 00000000, rs2_addr: 15, rs2_rdata: 00000000, rd_addr: 11, rd_wdata: 00000000, mem_addr: 00000000, mem_rdata: 00000000, mem_wdata: 00000000
ClkCycle:       4091, pc_rdata: 00014160, pc_wdata: 00014164, insn: 0075d613, mode: 3, rs1_addr: 11, rs1_rdata: 00000000, rs2_addr:  7, rs2_rdata: 003fbb6f, rd_addr: 12, rd_wdata: 00000000, mem_addr: 00000000, mem_rdata: 00000000, mem_wdata: 003fbb6f
ClkCycle:       4092, pc_rdata: 00014164, pc_wdata: 00014168, insn: 0395d793, mode: 3, rs1_addr: 11, rs1_rdata: 00000000, rs2_addr: 25, rs2_rdata: 00000000, rd_addr: 15, rd_wdata: 00000000, mem_addr: 00000000, mem_rdata: 00000000, mem_wdata: 00000000
ClkCycle:       4093, pc_rdata: 00014168, pc_wdata: 0001416c, insn: 00f66633, mode: 3, rs1_addr: 12, rs1_rdata: 7fffe14b, rs2_addr: 15, rs2_rdata: 00000000, rd_addr: 12, rd_wdata: 00000000, mem_addr: 00000000, mem_rdata: 00000000, mem_wdata: 00000000
ClkCycle:       4094, pc_rdata: 0001416c, pc_wdata: 00014170, insn: 00765693, mode: 3, rs1_addr: 12, rs1_rdata: 00000000, rs2_addr:  7, rs2_rdata: 003fbb6f, rd_addr: 13, rd_wdata: 00000000, mem_addr: 00000000, mem_rdata: 00000000, mem_wdata: 003fbb6f
ClkCycle:       4095, pc_rdata: 00014170, pc_wdata: 00014174, insn: 03965793, mode: 3, rs1_addr: 12, rs1_rdata: 00000000, rs2_addr: 25, rs2_rdata: 00000000, rd_addr: 15, rd_wdata: 00000000, mem_addr: 00000000, mem_rdata: 00000000, mem_wdata: 00000000
ClkCycle:       4096, pc_rdata: 00014174, pc_wdata: 00014178, insn: 00f6e6b3, mode: 3, rs1_addr: 13, rs1_rdata: 00000000, rs2_addr: 15, rs2_rdata: 00000000, rd_addr: 13, rd_wdata: 00000000, mem_addr: 00000000, mem_rdata: 00000000, mem_wdata: 00000000
ClkCycle:       4097, pc_rdata: 00014178, pc_wdata: 0001417c, insn: 00000013, mode: 3, rs1_addr:  0, rs1_rdata: 00000000, rs2_addr:  0, rs2_rdata: 00000000, rd_addr:  0, rd_wdata: 00000000, mem_addr: 00000000, mem_rdata: 00000000, mem_wdata: 00000000
ClkCycle:       4098, pc_rdata: 0001417c, pc_wdata: 00014180, insn: 00000013, mode: 3, rs1_addr:  0, rs1_rdata: 00000000, rs2_addr:  0, rs2_rdata: 00000000, rd_addr:  0, rd_wdata: 00000000, mem_addr: 00000000, mem_rdata: 00000000, mem_wdata: 00000000
ClkCycle:       4099, pc_rdata: 00014180, pc_wdata: 00014184, insn: 00003097, mode: 3, rs1_addr:  0, rs1_rdata: 00000000, rs2_addr:  0, rs2_rdata: 00000000, rd_addr:  1, rd_wdata: 00017180, mem_addr: 00017180, mem_rdata: 00000000, mem_wdata: 00000000
ClkCycle:       4100, pc_rdata: 00014184, pc_wdata: 00014188, insn: f9808093, mode: 3, rs1_addr:  1, rs1_rdata: feedbead, rs2_addr: 24, rs2_rdata: 0000007d, rd_addr:  1, rd_wdata: 00017118, mem_addr: 00017118, mem_rdata: 00000000, mem_wdata: 0000007d
ClkCycle:       4101, pc_rdata: 00014188, pc_wdata: 0001418c, insn: 00000013, mode: 3, rs1_addr:  0, rs1_rdata: 00000000, rs2_addr:  0, rs2_rdata: 00000000, rd_addr:  0, rd_wdata: 00000000, mem_addr: 00000000, mem_rdata: 00000000, mem_wdata: 00000000
ClkCycle:       4102, pc_rdata: 0001418c, pc_wdata: 00014190, insn: 00000013, mode: 3, rs1_addr:  0, rs1_rdata: 00000000, rs2_addr:  0, rs2_rdata: 00000000, rd_addr:  0, rd_wdata: 00000000, mem_addr: 00000000, mem_rdata: 00000000, mem_wdata: 00000000
ClkCycle:       4103, pc_rdata: 00014190, pc_wdata: 00014194, insn: 00000013, mode: 3, rs1_addr:  0, rs1_rdata: 00000000, rs2_addr:  0, rs2_rdata: 00000000, rd_addr:  0, rd_wdata: 00000000, mem_addr: 00000000, mem_rdata: 00000000, mem_wdata: 00000000
ClkCycle:       4104, pc_rdata: 00014194, pc_wdata: 00014198, insn: 00000013, mode: 3, rs1_addr:  0, rs1_rdata: 00000000, rs2_addr:  0, rs2_rdata: 00000000, rd_addr:  0, rd_wdata: 00000000, mem_addr: 00000000, mem_rdata: 00000000, mem_wdata: 00000000
ClkCycle:       4105, pc_rdata: 00014198, pc_wdata: 0001419c, insn: 00000013, mode: 3, rs1_addr:  0, rs1_rdata: 00000000, rs2_addr:  0, rs2_rdata: 00000000, rd_addr:  0, rd_wdata: 00000000, mem_addr: 00000000, mem_rdata: 00000000, mem_wdata: 00000000
ClkCycle:       4106, pc_rdata: 0001419c, pc_wdata: 000141a0, insn: 00000013, mode: 3, rs1_addr:  0, rs1_rdata: 00000000, rs2_addr:  0, rs2_rdata: 00000000, rd_addr:  0, rd_wdata: 00000000, mem_addr: 00000000, mem_rdata: 00000000, mem_wdata: 00000000
ClkCycle:       4107, pc_rdata: 000141a0, pc_wdata: 000141a4, insn: 00002717, mode: 3, rs1_addr:  0, rs1_rdata: 00000000, rs2_addr:  0, rs2_rdata: 00000000, rd_addr: 14, rd_wdata: 000161a0, mem_addr: 000161a0, mem_rdata: 00000000, mem_wdata: 00000000
ClkCycle:       4108, pc_rdata: 000141a4, pc_wdata: 000141a8, insn: df470713, mode: 3, rs1_addr: 14, rs1_rdata: 00000000, rs2_addr: 20, rs2_rdata: d5bfff6f, rd_addr: 14, rd_wdata: 00015f94, mem_addr: 00015f94, mem_rdata: 00000000, mem_wdata: d5bfff6f
ClkCycle:       4109, pc_rdata: 000141a8, pc_wdata: 000141ac, insn: 00000013, mode: 3, rs1_addr:  0, rs1_rdata: 00000000, rs2_addr:  0, rs2_rdata: 00000000, rd_addr:  0, rd_wdata: 00000000, mem_addr: 00000000, mem_rdata: 00000000, mem_wdata: 00000000
ClkCycle:       4110, pc_rdata: 000141ac, pc_wdata: 000141b0, insn: 00000013, mode: 3, rs1_addr:  0, rs1_rdata: 00000000, rs2_addr:  0, rs2_rdata: 00000000, rd_addr:  0, rd_wdata: 00000000, mem_addr: 00000000, mem_rdata: 00000000, mem_wdata: 00000000
ClkCycle:       4111, pc_rdata: 000141b0, pc_wdata: 000141b4, insn: 00000013, mode: 3, rs1_addr:  0, rs1_rdata: 00000000, rs2_addr:  0, rs2_rdata: 00000000, rd_addr:  0, rd_wdata: 00000000, mem_addr: 00000000, mem_rdata: 00000000, mem_wdata: 00000000
ClkCycle:       4112, pc_rdata: 000141b4, pc_wdata: 000141b8, insn: 00000013, mode: 3, rs1_addr:  0, rs1_rdata: 00000000, rs2_addr:  0, rs2_rdata: 00000000, rd_addr:  0, rd_wdata: 00000000, mem_addr: 00000000, mem_rdata: 00000000, mem_wdata: 00000000
ClkCycle:       4113, pc_rdata: 000141b8, pc_wdata: 000141bc, insn: 00000013, mode: 3, rs1_addr:  0, rs1_rdata: 00000000, rs2_addr:  0, rs2_rdata: 00000000, rd_addr:  0, rd_wdata: 00000000, mem_addr: 00000000, mem_rdata: 00000000, mem_wdata: 00000000
ClkCycle:       4114, pc_rdata: 000141bc, pc_wdata: 000141c0, insn: 00000013, mode: 3, rs1_addr:  0, rs1_rdata: 00000000, rs2_addr:  0, rs2_rdata: 00000000, rd_addr:  0, rd_wdata: 00000000, mem_addr: 00000000, mem_rdata: 00000000, mem_wdata: 00000000
ClkCycle:       4115, pc_rdata: 000141c0, pc_wdata: 000141c2, insn: 00015770, mode: 3, rs1_addr: 14, rs1_rdata: 00015f94, rs2_addr: 12, rs2_rdata: 00000000, rd_addr: 12, rd_wdata: 00000000, mem_addr: 00016000, mem_rdata: 00000000, mem_wdata: 00000000
ClkCycle:       4116, pc_rdata: 000141c2, pc_wdata: 000141c6, insn: 00015770, mode: 3, rs1_addr:  0, rs1_rdata: 00000000, rs2_addr:  0, rs2_rdata: 00000000, rd_addr:  0, rd_wdata: 00000000, mem_addr: 00000000, mem_rdata: 00000000, mem_wdata: 00000000
ClkCycle:       4117, pc_rdata: 000141c6, pc_wdata: 000141c8, insn: 001300c0, mode: 3, rs1_addr:  0, rs1_rdata: 00000000, rs2_addr:  0, rs2_rdata: 00000000, rd_addr:  0, rd_wdata: 00000000, mem_addr: 00000000, mem_rdata: 00000000, mem_wdata: 00000000
ClkCycle:       4118, pc_rdata: 000141c8, pc_wdata: 000141ca, insn: 001300c0, mode: 3, rs1_addr:  2, rs1_rdata: 7fffdfff, rs2_addr:  4, rs2_rdata: 6dfdffff, rd_addr:  8, rd_wdata: 7fffe043, mem_addr: 7fffe043, mem_rdata: 00000000, mem_wdata: 6dfdffff
ClkCycle:       4119, pc_rdata: 000141ca, pc_wdata: 000141ce, insn: 001300c0, mode: 3, rs1_addr:  0, rs1_rdata: 00000000, rs2_addr:  0, rs2_rdata: 00000000, rd_addr:  0, rd_wdata: 00000000, mem_addr: 00000000, mem_rdata: 00000000, mem_wdata: 00000000
ClkCycle:       4120, pc_rdata: 000141ce, pc_wdata: 000141d2, insn: 00130000, mode: 3, rs1_addr:  0, rs1_rdata: 00000000, rs2_addr:  0, rs2_rdata: 00000000, rd_addr:  0, rd_wdata: 00000000, mem_addr: 00000000, mem_rdata: 00000000, mem_wdata: 00000000
ClkCycle:       4121, pc_rdata: 000141d2, pc_wdata: 000141d6, insn: 00130000, mode: 3, rs1_addr:  0, rs1_rdata: 00000000, rs2_addr:  0, rs2_rdata: 00000000, rd_addr:  0, rd_wdata: 00000000, mem_addr: 00000000, mem_rdata: 00000000, mem_wdata: 00000000
ClkCycle:       4122, pc_rdata: 000141d6, pc_wdata: 000141da, insn: 00130000, mode: 3, rs1_addr:  0, rs1_rdata: 00000000, rs2_addr:  0, rs2_rdata: 00000000, rd_addr:  0, rd_wdata: 00000000, mem_addr: 00000000, mem_rdata: 00000000, mem_wdata: 00000000
ClkCycle:       4123, pc_rdata: 000141da, pc_wdata: 000141de, insn: 00130000, mode: 3, rs1_addr:  0, rs1_rdata: 00000000, rs2_addr:  0, rs2_rdata: 00000000, rd_addr:  0, rd_wdata: 00000000, mem_addr: 00000000, mem_rdata: 00000000, mem_wdata: 00000000
ClkCycle:       4124, pc_rdata: 000141de, pc_wdata: 000141e2, insn: 00002517, mode: 3, rs1_addr: 14, rs1_rdata: 00015f94, rs2_addr: 17, rs2_rdata: edffffff, rd_addr:  0, rd_wdata: 000161e5, mem_addr: 000161e5, mem_rdata: 00000000, mem_wdata: edffffff
ClkCycle:       4125, pc_rdata: 000141e2, pc_wdata: 000141e6, insn: 00002517, mode: 3, rs1_addr:  0, rs1_rdata: 00000000, rs2_addr:  0, rs2_rdata: 00000000, rd_addr:  0, rd_wdata: 00000000, mem_addr: 00000000, mem_rdata: 00000000, mem_wdata: 00000000
ClkCycle:       4126, pc_rdata: 000141e6, pc_wdata: 000141e8, insn: 00000013, mode: 3, rs1_addr:  2, rs1_rdata: 7fffdfff, rs2_addr:  0, rs2_rdata: 00000000, rd_addr:  8, rd_wdata: 7fffdfff, mem_addr: 7fffdfff, mem_rdata: 00000000, mem_wdata: 00000000
ClkCycle:       4127, pc_rdata: 000141e8, pc_wdata: 000141ec, insn: 00000013, mode: 3, rs1_addr:  0, rs1_rdata: 00000000, rs2_addr:  0, rs2_rdata: 00000000, rd_addr:  0, rd_wdata: 00000000, mem_addr: 00000000, mem_rdata: 00000000, mem_wdata: 00000000
ClkCycle:       4128, pc_rdata: 000141ec, pc_wdata: 000141f0, insn: 00000013, mode: 3, rs1_addr:  0, rs1_rdata: 00000000, rs2_addr:  0, rs2_rdata: 00000000, rd_addr:  0, rd_wdata: 00000000, mem_addr: 00000000, mem_rdata: 00000000, mem_wdata: 00000000
ClkCycle:       4129, pc_rdata: 000141f0, pc_wdata: 000141f4, insn: 00000013, mode: 3, rs1_addr:  0, rs1_rdata: 00000000, rs2_addr:  0, rs2_rdata: 00000000, rd_addr:  0, rd_wdata: 00000000, mem_addr: 00000000, mem_rdata: 00000000, mem_wdata: 00000000
ClkCycle:       4130, pc_rdata: 000141f4, pc_wdata: 000141f8, insn: 00000013, mode: 3, rs1_addr:  0, rs1_rdata: 00000000, rs2_addr:  0, rs2_rdata: 00000000, rd_addr:  0, rd_wdata: 00000000, mem_addr: 00000000, mem_rdata: 00000000, mem_wdata: 00000000
ClkCycle:       4131, pc_rdata: 000141f8, pc_wdata: 000141fc, insn: 00000013, mode: 3, rs1_addr:  0, rs1_rdata: 00000000, rs2_addr:  0, rs2_rdata: 00000000, rd_addr:  0, rd_wdata: 00000000, mem_addr: 00000000, mem_rdata: 00000000, mem_wdata: 00000000
ClkCycle:       4132, pc_rdata: 000141fc, pc_wdata: 00014200, insn: 00000013, mode: 3, rs1_addr:  0, rs1_rdata: 00000000, rs2_addr:  0, rs2_rdata: 00000000, rd_addr:  0, rd_wdata: 00000000, mem_addr: 00000000, mem_rdata: 00000000, mem_wdata: 00000000
ClkCycle:       4133, pc_rdata: 00014200, pc_wdata: 00014202, insn: 00014108, mode: 3, rs1_addr: 10, rs1_rdata: 00000001, rs2_addr:  0, rs2_rdata: 00000000, rd_addr: 10, rd_wdata: 00000000, mem_addr: 00000001, mem_rdata: 00000000, mem_wdata: 00000000
ClkCycle:       4134, pc_rdata: 00014202, pc_wdata: 00014206, insn: 00014108, mode: 3, rs1_addr:  0, rs1_rdata: 00000000, rs2_addr:  0, rs2_rdata: 00000000, rd_addr:  0, rd_wdata: 00000000, mem_addr: 00000000, mem_rdata: 00000000, mem_wdata: 00000000
ClkCycle:       4135, pc_rdata: 00014206, pc_wdata: 00014208, insn: 001300a0, mode: 3, rs1_addr:  0, rs1_rdata: 00000000, rs2_addr:  0, rs2_rdata: 00000000, rd_addr:  0, rd_wdata: 00000000, mem_addr: 00000000, mem_rdata: 00000000, mem_wdata: 00000000
ClkCycle:       4136, pc_rdata: 00014208, pc_wdata: 0001420a, insn: 001300a0, mode: 3, rs1_addr:  2, rs1_rdata: 7fffdfff, rs2_addr:  8, rs2_rdata: 7fffdfff, rd_addr:  8, rd_wdata: 7fffe047, mem_addr: 7fffe047, mem_rdata: 00000000, mem_wdata: 7fffdfff
ClkCycle:       4137, pc_rdata: 0001420a, pc_wdata: 0001420e, insn: 001300a0, mode: 3, rs1_addr:  0, rs1_rdata: 00000000, rs2_addr:  0, rs2_rdata: 00000000, rd_addr:  0, rd_wdata: 00000000, mem_addr: 00000000, mem_rdata: 00000000, mem_wdata: 00000000
ClkCycle:       4138, pc_rdata: 0001420e, pc_wdata: 00014212, insn: 00130000, mode: 3, rs1_addr:  0, rs1_rdata: 00000000, rs2_addr:  0, rs2_rdata: 00000000, rd_addr:  0, rd_wdata: 00000000, mem_addr: 00000000, mem_rdata: 00000000, mem_wdata: 00000000
ClkCycle:       4139, pc_rdata: 00014212, pc_wdata: 00014216, insn: 00130000, mode: 3, rs1_addr:  0, rs1_rdata: 00000000, rs2_addr:  0, rs2_rdata: 00000000, rd_addr:  0, rd_wdata: 00000000, mem_addr: 00000000, mem_rdata: 00000000, mem_wdata: 00000000
ClkCycle:       4140, pc_rdata: 00014216, pc_wdata: 0001421a, insn: 00130000, mode: 3, rs1_addr:  0, rs1_rdata: 00000000, rs2_addr:  0, rs2_rdata: 00000000, rd_addr:  0, rd_wdata: 00000000, mem_addr: 00000000, mem_rdata: 00000000, mem_wdata: 00000000
ClkCycle:       4141, pc_rdata: 0001421a, pc_wdata: 0001421e, insn: 00130000, mode: 3, rs1_addr:  0, rs1_rdata: 00000000, rs2_addr:  0, rs2_rdata: 00000000, rd_addr:  0, rd_wdata: 00000000, mem_addr: 00000000, mem_rdata: 00000000, mem_wdata: 00000000
ClkCycle:       4142, pc_rdata: 0001421e, pc_wdata: 00014222, insn: 00002497, mode: 3, rs1_addr: 14, rs1_rdata: 00015f94, rs2_addr:  9, rs2_rdata: 000000fe, rd_addr:  0, rd_wdata: 000161dd, mem_addr: 000161dd, mem_rdata: 00000000, mem_wdata: 000000fe
ClkCycle:       4143, pc_rdata: 00014222, pc_wdata: 00014226, insn: 00002497, mode: 3, rs1_addr:  0, rs1_rdata: 00000000, rs2_addr:  0, rs2_rdata: 00000000, rd_addr:  0, rd_wdata: 00000000, mem_addr: 00000000, mem_rdata: 00000000, mem_wdata: 00000000
ClkCycle:       4144, pc_rdata: 00014226, pc_wdata: 00014228, insn: 00000013, mode: 3, rs1_addr:  2, rs1_rdata: 7fffdfff, rs2_addr:  0, rs2_rdata: 00000000, rd_addr:  8, rd_wdata: 7fffdfff, mem_addr: 7fffdfff, mem_rdata: 00000000, mem_wdata: 00000000
ClkCycle:       4145, pc_rdata: 00014228, pc_wdata: 0001422c, insn: 00000013, mode: 3, rs1_addr:  0, rs1_rdata: 00000000, rs2_addr:  0, rs2_rdata: 00000000, rd_addr:  0, rd_wdata: 00000000, mem_addr: 00000000, mem_rdata: 00000000, mem_wdata: 00000000
ClkCycle:       4146, pc_rdata: 0001422c, pc_wdata: 00014230, insn: 00000013, mode: 3, rs1_addr:  0, rs1_rdata: 00000000, rs2_addr:  0, rs2_rdata: 00000000, rd_addr:  0, rd_wdata: 00000000, mem_addr: 00000000, mem_rdata: 00000000, mem_wdata: 00000000
ClkCycle:       4147, pc_rdata: 00014230, pc_wdata: 00014234, insn: 00000013, mode: 3, rs1_addr:  0, rs1_rdata: 00000000, rs2_addr:  0, rs2_rdata: 00000000, rd_addr:  0, rd_wdata: 00000000, mem_addr: 00000000, mem_rdata: 00000000, mem_wdata: 00000000
ClkCycle:       4148, pc_rdata: 00014234, pc_wdata: 00014238, insn: 00000013, mode: 3, rs1_addr:  0, rs1_rdata: 00000000, rs2_addr:  0, rs2_rdata: 00000000, rd_addr:  0, rd_wdata: 00000000, mem_addr: 00000000, mem_rdata: 00000000, mem_wdata: 00000000
ClkCycle:       4149, pc_rdata: 00014238, pc_wdata: 0001423c, insn: 00000013, mode: 3, rs1_addr:  0, rs1_rdata: 00000000, rs2_addr:  0, rs2_rdata: 00000000, rd_addr:  0, rd_wdata: 00000000, mem_addr: 00000000, mem_rdata: 00000000, mem_wdata: 00000000
ClkCycle:       4150, pc_rdata: 0001423c, pc_wdata: 00014240, insn: 00000013, mode: 3, rs1_addr:  0, rs1_rdata: 00000000, rs2_addr:  0, rs2_rdata: 00000000, rd_addr:  0, rd_wdata: 00000000, mem_addr: 00000000, mem_rdata: 00000000, mem_wdata: 00000000
ClkCycle:       4151, pc_rdata: 00014240, pc_wdata: 00014242, insn: 000140d4, mode: 3, rs1_addr:  9, rs1_rdata: 000000fe, rs2_addr:  4, rs2_rdata: 6dfdffff, rd_addr: 13, rd_wdata: 00000000, mem_addr: 00000102, mem_rdata: 00000000, mem_wdata: 6dfdffff
ClkCycle:       4152, pc_rdata: 00014242, pc_wdata: 00014246, insn: 000140d4, mode: 3, rs1_addr:  0, rs1_rdata: 00000000, rs2_addr:  0, rs2_rdata: 00000000, rd_addr:  0, rd_wdata: 00000000, mem_addr: 00000000, mem_rdata: 00000000, mem_wdata: 00000000
ClkCycle:       4153, pc_rdata: 00014246, pc_wdata: 00014248, insn: 001300d0, mode: 3, rs1_addr:  0, rs1_rdata: 00000000, rs2_addr:  0, rs2_rdata: 00000000, rd_addr:  0, rd_wdata: 00000000, mem_addr: 00000000, mem_rdata: 00000000, mem_wdata: 00000000
ClkCycle:       4154, pc_rdata: 00014248, pc_wdata: 0001424a, insn: 001300d0, mode: 3, rs1_addr:  2, rs1_rdata: 7fffdfff, rs2_addr:  4, rs2_rdata: 6dfdffff, rd_addr: 12, rd_wdata: 7fffe043, mem_addr: 7fffe043, mem_rdata: 00000000, mem_wdata: 6dfdffff
ClkCycle:       4155, pc_rdata: 0001424a, pc_wdata: 0001424e, insn: 001300d0, mode: 3, rs1_addr:  0, rs1_rdata: 00000000, rs2_addr:  0, rs2_rdata: 00000000, rd_addr:  0, rd_wdata: 00000000, mem_addr: 00000000, mem_rdata: 00000000, mem_wdata: 00000000
ClkCycle:       4156, pc_rdata: 0001424e, pc_wdata: 00014252, insn: 00130000, mode: 3, rs1_addr:  0, rs1_rdata: 00000000, rs2_addr:  0, rs2_rdata: 00000000, rd_addr:  0, rd_wdata: 00000000, mem_addr: 00000000, mem_rdata: 00000000, mem_wdata: 00000000
ClkCycle:       4157, pc_rdata: 00014252, pc_wdata: 00014256, insn: 00130000, mode: 3, rs1_addr:  0, rs1_rdata: 00000000, rs2_addr:  0, rs2_rdata: 00000000, rd_addr:  0, rd_wdata: 00000000, mem_addr: 00000000, mem_rdata: 00000000, mem_wdata: 00000000
ClkCycle:       4158, pc_rdata: 00014256, pc_wdata: 0001425a, insn: 00130000, mode: 3, rs1_addr:  0, rs1_rdata: 00000000, rs2_addr:  0, rs2_rdata: 00000000, rd_addr:  0, rd_wdata: 00000000, mem_addr: 00000000, mem_rdata: 00000000, mem_wdata: 00000000
ClkCycle:       4159, pc_rdata: 0001425a, pc_wdata: 0001425e, insn: 00130000, mode: 3, rs1_addr:  0, rs1_rdata: 00000000, rs2_addr:  0, rs2_rdata: 00000000, rd_addr:  0, rd_wdata: 00000000, mem_addr: 00000000, mem_rdata: 00000000, mem_wdata: 00000000
ClkCycle:       4160, pc_rdata: 0001425e, pc_wdata: 00014262, insn: 00002597, mode: 3, rs1_addr: 14, rs1_rdata: 00015f94, rs2_addr: 25, rs2_rdata: 00000000, rd_addr:  0, rd_wdata: 000161ed, mem_addr: 000161ed, mem_rdata: 00000000, mem_wdata: 00000000
ClkCycle:       4161, pc_rdata: 00014262, pc_wdata: 00014266, insn: 00002597, mode: 3, rs1_addr:  0, rs1_rdata: 00000000, rs2_addr:  0, rs2_rdata: 00000000, rd_addr:  0, rd_wdata: 00000000, mem_addr: 00000000, mem_rdata: 00000000, mem_wdata: 00000000
ClkCycle:       4162, pc_rdata: 00014266, pc_wdata: 00014268, insn: 00000013, mode: 3, rs1_addr:  2, rs1_rdata: 7fffdfff, rs2_addr:  0, rs2_rdata: 00000000, rd_addr:  8, rd_wdata: 7fffdfff, mem_addr: 7fffdfff, mem_rdata: 00000000, mem_wdata: 00000000
ClkCycle:       4163, pc_rdata: 00014268, pc_wdata: 0001426c, insn: 00000013, mode: 3, rs1_addr:  0, rs1_rdata: 00000000, rs2_addr:  0, rs2_rdata: 00000000, rd_addr:  0, rd_wdata: 00000000, mem_addr: 00000000, mem_rdata: 00000000, mem_wdata: 00000000
ClkCycle:       4164, pc_rdata: 0001426c, pc_wdata: 00014270, insn: 00000013, mode: 3, rs1_addr:  0, rs1_rdata: 00000000, rs2_addr:  0, rs2_rdata: 00000000, rd_addr:  0, rd_wdata: 00000000, mem_addr: 00000000, mem_rdata: 00000000, mem_wdata: 00000000
ClkCycle:       4165, pc_rdata: 00014270, pc_wdata: 00014274, insn: 00000013, mode: 3, rs1_addr:  0, rs1_rdata: 00000000, rs2_addr:  0, rs2_rdata: 00000000, rd_addr:  0, rd_wdata: 00000000, mem_addr: 00000000, mem_rdata: 00000000, mem_wdata: 00000000
ClkCycle:       4166, pc_rdata: 00014274, pc_wdata: 00014278, insn: 00000013, mode: 3, rs1_addr:  0, rs1_rdata: 00000000, rs2_addr:  0, rs2_rdata: 00000000, rd_addr:  0, rd_wdata: 00000000, mem_addr: 00000000, mem_rdata: 00000000, mem_wdata: 00000000
ClkCycle:       4167, pc_rdata: 00014278, pc_wdata: 0001427c, insn: 00000013, mode: 3, rs1_addr:  0, rs1_rdata: 00000000, rs2_addr:  0, rs2_rdata: 00000000, rd_addr:  0, rd_wdata: 00000000, mem_addr: 00000000, mem_rdata: 00000000, mem_wdata: 00000000
ClkCycle:       4168, pc_rdata: 0001427c, pc_wdata: 00014280, insn: 00000013, mode: 3, rs1_addr:  0, rs1_rdata: 00000000, rs2_addr:  0, rs2_rdata: 00000000, rd_addr:  0, rd_wdata: 00000000, mem_addr: 00000000, mem_rdata: 00000000, mem_wdata: 00000000
ClkCycle:       4169, pc_rdata: 00014280, pc_wdata: 00014282, insn: 00014580, mode: 3, rs1_addr: 11, rs1_rdata: 00000000, rs2_addr:  8, rs2_rdata: 7fffdfff, rd_addr:  8, rd_wdata: 00000000, mem_addr: 00000008, mem_rdata: 00000000, mem_wdata: 7fffdfff
ClkCycle:       4170, pc_rdata: 00014282, pc_wdata: 00014286, insn: 00014580, mode: 3, rs1_addr:  0, rs1_rdata: 00000000, rs2_addr:  0, rs2_rdata: 00000000, rd_addr:  0, rd_wdata: 00000000, mem_addr: 00000000, mem_rdata: 00000000, mem_wdata: 00000000
ClkCycle:       4171, pc_rdata: 00014286, pc_wdata: 00014288, insn: 00130080, mode: 3, rs1_addr:  0, rs1_rdata: 00000000, rs2_addr:  0, rs2_rdata: 00000000, rd_addr:  0, rd_wdata: 00000000, mem_addr: 00000000, mem_rdata: 00000000, mem_wdata: 00000000
ClkCycle:       4172, pc_rdata: 00014288, pc_wdata: 0001428a, insn: 00130080, mode: 3, rs1_addr:  2, rs1_rdata: 7fffdfff, rs2_addr:  0, rs2_rdata: 00000000, rd_addr:  8, rd_wdata: 7fffe03f, mem_addr: 7fffe03f, mem_rdata: 00000000, mem_wdata: 00000000
ClkCycle:       4173, pc_rdata: 0001428a, pc_wdata: 0001428e, insn: 00130080, mode: 3, rs1_addr:  0, rs1_rdata: 00000000, rs2_addr:  0, rs2_rdata: 00000000, rd_addr:  0, rd_wdata: 00000000, mem_addr: 00000000, mem_rdata: 00000000, mem_wdata: 00000000
ClkCycle:       4174, pc_rdata: 0001428e, pc_wdata: 00014292, insn: 00130000, mode: 3, rs1_addr:  0, rs1_rdata: 00000000, rs2_addr:  0, rs2_rdata: 00000000, rd_addr:  0, rd_wdata: 00000000, mem_addr: 00000000, mem_rdata: 00000000, mem_wdata: 00000000
ClkCycle:       4175, pc_rdata: 00014292, pc_wdata: 00014296, insn: 00130000, mode: 3, rs1_addr:  0, rs1_rdata: 00000000, rs2_addr:  0, rs2_rdata: 00000000, rd_addr:  0, rd_wdata: 00000000, mem_addr: 00000000, mem_rdata: 00000000, mem_wdata: 00000000
ClkCycle:       4176, pc_rdata: 00014296, pc_wdata: 0001429a, insn: 00130000, mode: 3, rs1_addr:  0, rs1_rdata: 00000000, rs2_addr:  0, rs2_rdata: 00000000, rd_addr:  0, rd_wdata: 00000000, mem_addr: 00000000, mem_rdata: 00000000, mem_wdata: 00000000
ClkCycle:       4177, pc_rdata: 0001429a, pc_wdata: 0001429e, insn: 00130000, mode: 3, rs1_addr:  0, rs1_rdata: 00000000, rs2_addr:  0, rs2_rdata: 00000000, rd_addr:  0, rd_wdata: 00000000, mem_addr: 00000000, mem_rdata: 00000000, mem_wdata: 00000000
ClkCycle:       4178, pc_rdata: 0001429e, pc_wdata: 000142a2, insn: 00002417, mode: 3, rs1_addr: 14, rs1_rdata: 00015f94, rs2_addr:  1, rs2_rdata: 00017118, rd_addr:  0, rd_wdata: 000161d5, mem_addr: 000161d5, mem_rdata: 00000000, mem_wdata: 00017118
ClkCycle:       4179, pc_rdata: 000142a2, pc_wdata: 000142a6, insn: 00002417, mode: 3, rs1_addr:  0, rs1_rdata: 00000000, rs2_addr:  0, rs2_rdata: 00000000, rd_addr:  0, rd_wdata: 00000000, mem_addr: 00000000, mem_rdata: 00000000, mem_wdata: 00000000
ClkCycle:       4180, pc_rdata: 000142a6, pc_wdata: 000142a8, insn: 00000013, mode: 3, rs1_addr:  2, rs1_rdata: 7fffdfff, rs2_addr:  0, rs2_rdata: 00000000, rd_addr:  8, rd_wdata: 7fffdfff, mem_addr: 7fffdfff, mem_rdata: 00000000, mem_wdata: 00000000
ClkCycle:       4181, pc_rdata: 000142a8, pc_wdata: 000142ac, insn: 00000013, mode: 3, rs1_addr:  0, rs1_rdata: 00000000, rs2_addr:  0, rs2_rdata: 00000000, rd_addr:  0, rd_wdata: 00000000, mem_addr: 00000000, mem_rdata: 00000000, mem_wdata: 00000000
ClkCycle:       4182, pc_rdata: 000142ac, pc_wdata: 000142b0, insn: 00000013, mode: 3, rs1_addr:  0, rs1_rdata: 00000000, rs2_addr:  0, rs2_rdata: 00000000, rd_addr:  0, rd_wdata: 00000000, mem_addr: 00000000, mem_rdata: 00000000, mem_wdata: 00000000
ClkCycle:       4183, pc_rdata: 000142b0, pc_wdata: 000142b4, insn: 00000013, mode: 3, rs1_addr:  0, rs1_rdata: 00000000, rs2_addr:  0, rs2_rdata: 00000000, rd_addr:  0, rd_wdata: 00000000, mem_addr: 00000000, mem_rdata: 00000000, mem_wdata: 00000000
ClkCycle:       4184, pc_rdata: 000142b4, pc_wdata: 000142b8, insn: 00000013, mode: 3, rs1_addr:  0, rs1_rdata: 00000000, rs2_addr:  0, rs2_rdata: 00000000, rd_addr:  0, rd_wdata: 00000000, mem_addr: 00000000, mem_rdata: 00000000, mem_wdata: 00000000
ClkCycle:       4185, pc_rdata: 000142b8, pc_wdata: 000142bc, insn: 00000013, mode: 3, rs1_addr:  0, rs1_rdata: 00000000, rs2_addr:  0, rs2_rdata: 00000000, rd_addr:  0, rd_wdata: 00000000, mem_addr: 00000000, mem_rdata: 00000000, mem_wdata: 00000000
ClkCycle:       4186, pc_rdata: 000142bc, pc_wdata: 000142c0, insn: 00000013, mode: 3, rs1_addr:  0, rs1_rdata: 00000000, rs2_addr:  0, rs2_rdata: 00000000, rd_addr:  0, rd_wdata: 00000000, mem_addr: 00000000, mem_rdata: 00000000, mem_wdata: 00000000
ClkCycle:       4187, pc_rdata: 000142c0, pc_wdata: 000142c2, insn: 00014804, mode: 3, rs1_addr:  8, rs1_rdata: 7fffdfff, rs2_addr: 16, rs2_rdata: 7d5bfddb, rd_addr:  9, rd_wdata: 00000000, mem_addr: 7fffe00f, mem_rdata: 00000000, mem_wdata: 7d5bfddb
ClkCycle:       4188, pc_rdata: 000142c2, pc_wdata: 000142c6, insn: 00014804, mode: 3, rs1_addr:  0, rs1_rdata: 00000000, rs2_addr:  0, rs2_rdata: 00000000, rd_addr:  0, rd_wdata: 00000000, mem_addr: 00000000, mem_rdata: 00000000, mem_wdata: 00000000
ClkCycle:       4189, pc_rdata: 000142c6, pc_wdata: 000142c8, insn: 00130290, mode: 3, rs1_addr:  0, rs1_rdata: 00000000, rs2_addr:  0, rs2_rdata: 00000000, rd_addr:  0, rd_wdata: 00000000, mem_addr: 00000000, mem_rdata: 00000000, mem_wdata: 00000000
ClkCycle:       4190, pc_rdata: 000142c8, pc_wdata: 000142ca, insn: 00130290, mode: 3, rs1_addr:  2, rs1_rdata: 7fffdfff, rs2_addr:  0, rs2_rdata: 00000000, rd_addr: 12, rd_wdata: 7fffe13f, mem_addr: 7fffe13f, mem_rdata: 00000000, mem_wdata: 00000000
ClkCycle:       4191, pc_rdata: 000142ca, pc_wdata: 000142ce, insn: 00130290, mode: 3, rs1_addr:  0, rs1_rdata: 00000000, rs2_addr:  0, rs2_rdata: 00000000, rd_addr:  0, rd_wdata: 00000000, mem_addr: 00000000, mem_rdata: 00000000, mem_wdata: 00000000
ClkCycle:       4192, pc_rdata: 000142ce, pc_wdata: 000142d2, insn: 00130000, mode: 3, rs1_addr:  0, rs1_rdata: 00000000, rs2_addr:  0, rs2_rdata: 00000000, rd_addr:  0, rd_wdata: 00000000, mem_addr: 00000000, mem_rdata: 00000000, mem_wdata: 00000000
ClkCycle:       4193, pc_rdata: 000142d2, pc_wdata: 000142d6, insn: 00130000, mode: 3, rs1_addr:  0, rs1_rdata: 00000000, rs2_addr:  0, rs2_rdata: 00000000, rd_addr:  0, rd_wdata: 00000000, mem_addr: 00000000, mem_rdata: 00000000, mem_wdata: 00000000
ClkCycle:       4194, pc_rdata: 000142d6, pc_wdata: 000142da, insn: 00130000, mode: 3, rs1_addr:  0, rs1_rdata: 00000000, rs2_addr:  0, rs2_rdata: 00000000, rd_addr:  0, rd_wdata: 00000000, mem_addr: 00000000, mem_rdata: 00000000, mem_wdata: 00000000
ClkCycle:       4195, pc_rdata: 000142da, pc_wdata: 000142de, insn: 00130000, mode: 3, rs1_addr:  0, rs1_rdata: 00000000, rs2_addr:  0, rs2_rdata: 00000000, rd_addr:  0, rd_wdata: 00000000, mem_addr: 00000000, mem_rdata: 00000000, mem_wdata: 00000000
ClkCycle:       4196, pc_rdata: 000142de, pc_wdata: 000142e2, insn: 00002697, mode: 3, rs1_addr: 14, rs1_rdata: 00015f94, rs2_addr:  9, rs2_rdata: 00000000, rd_addr:  0, rd_wdata: 000161fd, mem_addr: 000161fd, mem_rdata: 00000000, mem_wdata: 00000000
ClkCycle:       4197, pc_rdata: 000142e2, pc_wdata: 000142e6, insn: 00002697, mode: 3, rs1_addr:  0, rs1_rdata: 00000000, rs2_addr:  0, rs2_rdata: 00000000, rd_addr:  0, rd_wdata: 00000000, mem_addr: 00000000, mem_rdata: 00000000, mem_wdata: 00000000
ClkCycle:       4198, pc_rdata: 000142e6, pc_wdata: 000142e8, insn: 00000013, mode: 3, rs1_addr:  2, rs1_rdata: 7fffdfff, rs2_addr:  0, rs2_rdata: 00000000, rd_addr:  8, rd_wdata: 7fffdfff, mem_addr: 7fffdfff, mem_rdata: 00000000, mem_wdata: 00000000
ClkCycle:       4199, pc_rdata: 000142e8, pc_wdata: 000142ec, insn: 00000013, mode: 3, rs1_addr:  0, rs1_rdata: 00000000, rs2_addr:  0, rs2_rdata: 00000000, rd_addr:  0, rd_wdata: 00000000, mem_addr: 00000000, mem_rdata: 00000000, mem_wdata: 00000000
ClkCycle:       4200, pc_rdata: 000142ec, pc_wdata: 000142f0, insn: 00000013, mode: 3, rs1_addr:  0, rs1_rdata: 00000000, rs2_addr:  0, rs2_rdata: 00000000, rd_addr:  0, rd_wdata: 00000000, mem_addr: 00000000, mem_rdata: 00000000, mem_wdata: 00000000
ClkCycle:       4201, pc_rdata: 000142f0, pc_wdata: 000142f4, insn: 00000013, mode: 3, rs1_addr:  0, rs1_rdata: 00000000, rs2_addr:  0, rs2_rdata: 00000000, rd_addr:  0, rd_wdata: 00000000, mem_addr: 00000000, mem_rdata: 00000000, mem_wdata: 00000000
ClkCycle:       4202, pc_rdata: 000142f4, pc_wdata: 000142f8, insn: 00000013, mode: 3, rs1_addr:  0, rs1_rdata: 00000000, rs2_addr:  0, rs2_rdata: 00000000, rd_addr:  0, rd_wdata: 00000000, mem_addr: 00000000, mem_rdata: 00000000, mem_wdata: 00000000
ClkCycle:       4203, pc_rdata: 000142f8, pc_wdata: 000142fc, insn: 00000013, mode: 3, rs1_addr:  0, rs1_rdata: 00000000, rs2_addr:  0, rs2_rdata: 00000000, rd_addr:  0, rd_wdata: 00000000, mem_addr: 00000000, mem_rdata: 00000000, mem_wdata: 00000000
ClkCycle:       4204, pc_rdata: 000142fc, pc_wdata: 00014300, insn: 00000013, mode: 3, rs1_addr:  0, rs1_rdata: 00000000, rs2_addr:  0, rs2_rdata: 00000000, rd_addr:  0, rd_wdata: 00000000, mem_addr: 00000000, mem_rdata: 00000000, mem_wdata: 00000000
ClkCycle:       4205, pc_rdata: 00014300, pc_wdata: 00014302, insn: 00015298, mode: 3, rs1_addr: 13, rs1_rdata: 00000000, rs2_addr:  0, rs2_rdata: 00000000, rd_addr: 14, rd_wdata: 00000000, mem_addr: 00000020, mem_rdata: 00000000, mem_wdata: 00000000
ClkCycle:       4206, pc_rdata: 00014302, pc_wdata: 00014306, insn: 00015298, mode: 3, rs1_addr:  0, rs1_rdata: 00000000, rs2_addr:  0, rs2_rdata: 00000000, rd_addr:  0, rd_wdata: 00000000, mem_addr: 00000000, mem_rdata: 00000000, mem_wdata: 00000000
ClkCycle:       4207, pc_rdata: 00014306, pc_wdata: 00014308, insn: 001302e0, mode: 3, rs1_addr:  0, rs1_rdata: 00000000, rs2_addr:  0, rs2_rdata: 00000000, rd_addr:  0, rd_wdata: 00000000, mem_addr: 00000000, mem_rdata: 00000000, mem_wdata: 00000000
ClkCycle:       4208, pc_rdata: 00014308, pc_wdata: 0001430a, insn: 001302e0, mode: 3, rs1_addr:  2, rs1_rdata: 7fffdfff, rs2_addr: 12, rs2_rdata: 7fffe13f, rd_addr:  8, rd_wdata: 7fffe14b, mem_addr: 7fffe14b, mem_rdata: 00000000, mem_wdata: 7fffe13f
ClkCycle:       4209, pc_rdata: 0001430a, pc_wdata: 0001430e, insn: 001302e0, mode: 3, rs1_addr:  0, rs1_rdata: 00000000, rs2_addr:  0, rs2_rdata: 00000000, rd_addr:  0, rd_wdata: 00000000, mem_addr: 00000000, mem_rdata: 00000000, mem_wdata: 00000000
ClkCycle:       4210, pc_rdata: 0001430e, pc_wdata: 00014312, insn: 00130000, mode: 3, rs1_addr:  0, rs1_rdata: 00000000, rs2_addr:  0, rs2_rdata: 00000000, rd_addr:  0, rd_wdata: 00000000, mem_addr: 00000000, mem_rdata: 00000000, mem_wdata: 00000000
ClkCycle:       4211, pc_rdata: 00014312, pc_wdata: 00014316, insn: 00130000, mode: 3, rs1_addr:  0, rs1_rdata: 00000000, rs2_addr:  0, rs2_rdata: 00000000, rd_addr:  0, rd_wdata: 00000000, mem_addr: 00000000, mem_rdata: 00000000, mem_wdata: 00000000
ClkCycle:       4212, pc_rdata: 00014316, pc_wdata: 0001431a, insn: 00130000, mode: 3, rs1_addr:  0, rs1_rdata: 00000000, rs2_addr:  0, rs2_rdata: 00000000, rd_addr:  0, rd_wdata: 00000000, mem_addr: 00000000, mem_rdata: 00000000, mem_wdata: 00000000
ClkCycle:       4213, pc_rdata: 0001431a, pc_wdata: 0001431e, insn: 00130000, mode: 3, rs1_addr:  0, rs1_rdata: 00000000, rs2_addr:  0, rs2_rdata: 00000000, rd_addr:  0, rd_wdata: 00000000, mem_addr: 00000000, mem_rdata: 00000000, mem_wdata: 00000000
ClkCycle:       4214, pc_rdata: 0001431e, pc_wdata: 00014322, insn: 00002797, mode: 3, rs1_addr: 14, rs1_rdata: 00000000, rs2_addr: 25, rs2_rdata: 00000000, rd_addr:  0, rd_wdata: 00000279, mem_addr: 00000279, mem_rdata: 00000000, mem_wdata: 00000000
ClkCycle:       4215, pc_rdata: 00014322, pc_wdata: 00014326, insn: 00002797, mode: 3, rs1_addr:  0, rs1_rdata: 00000000, rs2_addr:  0, rs2_rdata: 00000000, rd_addr:  0, rd_wdata: 00000000, mem_addr: 00000000, mem_rdata: 00000000, mem_wdata: 00000000
ClkCycle:       4216, pc_rdata: 00014326, pc_wdata: 00014328, insn: 00000013, mode: 3, rs1_addr:  2, rs1_rdata: 7fffdfff, rs2_addr:  0, rs2_rdata: 00000000, rd_addr:  8, rd_wdata: 7fffdfff, mem_addr: 7fffdfff, mem_rdata: 00000000, mem_wdata: 00000000
ClkCycle:       4217, pc_rdata: 00014328, pc_wdata: 0001432c, insn: 00000013, mode: 3, rs1_addr:  0, rs1_rdata: 00000000, rs2_addr:  0, rs2_rdata: 00000000, rd_addr:  0, rd_wdata: 00000000, mem_addr: 00000000, mem_rdata: 00000000, mem_wdata: 00000000
ClkCycle:       4218, pc_rdata: 0001432c, pc_wdata: 00014330, insn: 00000013, mode: 3, rs1_addr:  0, rs1_rdata: 00000000, rs2_addr:  0, rs2_rdata: 00000000, rd_addr:  0, rd_wdata: 00000000, mem_addr: 00000000, mem_rdata: 00000000, mem_wdata: 00000000
ClkCycle:       4219, pc_rdata: 00014330, pc_wdata: 00014334, insn: 00000013, mode: 3, rs1_addr:  0, rs1_rdata: 00000000, rs2_addr:  0, rs2_rdata: 00000000, rd_addr:  0, rd_wdata: 00000000, mem_addr: 00000000, mem_rdata: 00000000, mem_wdata: 00000000
ClkCycle:       4220, pc_rdata: 00014334, pc_wdata: 00014338, insn: 00000013, mode: 3, rs1_addr:  0, rs1_rdata: 00000000, rs2_addr:  0, rs2_rdata: 00000000, rd_addr:  0, rd_wdata: 00000000, mem_addr: 00000000, mem_rdata: 00000000, mem_wdata: 00000000
ClkCycle:       4221, pc_rdata: 00014338, pc_wdata: 0001433c, insn: 00000013, mode: 3, rs1_addr:  0, rs1_rdata: 00000000, rs2_addr:  0, rs2_rdata: 00000000, rd_addr:  0, rd_wdata: 00000000, mem_addr: 00000000, mem_rdata: 00000000, mem_wdata: 00000000
ClkCycle:       4222, pc_rdata: 0001433c, pc_wdata: 00014340, insn: 00000013, mode: 3, rs1_addr:  0, rs1_rdata: 00000000, rs2_addr:  0, rs2_rdata: 00000000, rd_addr:  0, rd_wdata: 00000000, mem_addr: 00000000, mem_rdata: 00000000, mem_wdata: 00000000
ClkCycle:       4223, pc_rdata: 00014340, pc_wdata: 00014342, insn: 000143ac, mode: 3, rs1_addr: 15, rs1_rdata: 00000000, rs2_addr:  0, rs2_rdata: 00000000, rd_addr: 11, rd_wdata: 00000000, mem_addr: 00000040, mem_rdata: 00000000, mem_wdata: 00000000
ClkCycle:       4224, pc_rdata: 00014342, pc_wdata: 00014346, insn: 000143ac, mode: 3, rs1_addr:  0, rs1_rdata: 00000000, rs2_addr:  0, rs2_rdata: 00000000, rd_addr:  0, rd_wdata: 00000000, mem_addr: 00000000, mem_rdata: 00000000, mem_wdata: 00000000
ClkCycle:       4225, pc_rdata: 00014346, pc_wdata: 00014348, insn: 001302b0, mode: 3, rs1_addr:  0, rs1_rdata: 00000000, rs2_addr:  0, rs2_rdata: 00000000, rd_addr:  0, rd_wdata: 00000000, mem_addr: 00000000, mem_rdata: 00000000, mem_wdata: 00000000
ClkCycle:       4226, pc_rdata: 00014348, pc_wdata: 0001434a, insn: 001302b0, mode: 3, rs1_addr:  2, rs1_rdata: 7fffdfff, rs2_addr:  8, rs2_rdata: 7fffdfff, rd_addr: 12, rd_wdata: 7fffe147, mem_addr: 7fffe147, mem_rdata: 00000000, mem_wdata: 7fffdfff
ClkCycle:       4227, pc_rdata: 0001434a, pc_wdata: 0001434e, insn: 001302b0, mode: 3, rs1_addr:  0, rs1_rdata: 00000000, rs2_addr:  0, rs2_rdata: 00000000, rd_addr:  0, rd_wdata: 00000000, mem_addr: 00000000, mem_rdata: 00000000, mem_wdata: 00000000
ClkCycle:       4228, pc_rdata: 0001434e, pc_wdata: 00014352, insn: 00130000, mode: 3, rs1_addr:  0, rs1_rdata: 00000000, rs2_addr:  0, rs2_rdata: 00000000, rd_addr:  0, rd_wdata: 00000000, mem_addr: 00000000, mem_rdata: 00000000, mem_wdata: 00000000
ClkCycle:       4229, pc_rdata: 00014352, pc_wdata: 00014356, insn: 00130000, mode: 3, rs1_addr:  0, rs1_rdata: 00000000, rs2_addr:  0, rs2_rdata: 00000000, rd_addr:  0, rd_wdata: 00000000, mem_addr: 00000000, mem_rdata: 00000000, mem_wdata: 00000000
ClkCycle:       4230, pc_rdata: 00014356, pc_wdata: 0001435a, insn: 00130000, mode: 3, rs1_addr:  0, rs1_rdata: 00000000, rs2_addr:  0, rs2_rdata: 00000000, rd_addr:  0, rd_wdata: 00000000, mem_addr: 00000000, mem_rdata: 00000000, mem_wdata: 00000000
ClkCycle:       4231, pc_rdata: 0001435a, pc_wdata: 0001435e, insn: 00130000, mode: 3, rs1_addr:  0, rs1_rdata: 00000000, rs2_addr:  0, rs2_rdata: 00000000, rd_addr:  0, rd_wdata: 00000000, mem_addr: 00000000, mem_rdata: 00000000, mem_wdata: 00000000
ClkCycle:       4232, pc_rdata: 0001435e, pc_wdata: 00014362, insn: 00002617, mode: 3, rs1_addr: 14, rs1_rdata: 00000000, rs2_addr:  1, rs2_rdata: 00017118, rd_addr:  0, rd_wdata: 00000261, mem_addr: 00000261, mem_rdata: 00000000, mem_wdata: 00017118
ClkCycle:       4233, pc_rdata: 00014362, pc_wdata: 00014366, insn: 00002617, mode: 3, rs1_addr:  0, rs1_rdata: 00000000, rs2_addr:  0, rs2_rdata: 00000000, rd_addr:  0, rd_wdata: 00000000, mem_addr: 00000000, mem_rdata: 00000000, mem_wdata: 00000000
ClkCycle:       4234, pc_rdata: 00014366, pc_wdata: 00014368, insn: 00000013, mode: 3, rs1_addr:  2, rs1_rdata: 7fffdfff, rs2_addr:  0, rs2_rdata: 00000000, rd_addr:  8, rd_wdata: 7fffdfff, mem_addr: 7fffdfff, mem_rdata: 00000000, mem_wdata: 00000000
ClkCycle:       4235, pc_rdata: 00014368, pc_wdata: 0001436c, insn: 00000013, mode: 3, rs1_addr:  0, rs1_rdata: 00000000, rs2_addr:  0, rs2_rdata: 00000000, rd_addr:  0, rd_wdata: 00000000, mem_addr: 00000000, mem_rdata: 00000000, mem_wdata: 00000000
ClkCycle:       4236, pc_rdata: 0001436c, pc_wdata: 00014370, insn: 00000013, mode: 3, rs1_addr:  0, rs1_rdata: 00000000, rs2_addr:  0, rs2_rdata: 00000000, rd_addr:  0, rd_wdata: 00000000, mem_addr: 00000000, mem_rdata: 00000000, mem_wdata: 00000000
ClkCycle:       4237, pc_rdata: 00014370, pc_wdata: 00014374, insn: 00000013, mode: 3, rs1_addr:  0, rs1_rdata: 00000000, rs2_addr:  0, rs2_rdata: 00000000, rd_addr:  0, rd_wdata: 00000000, mem_addr: 00000000, mem_rdata: 00000000, mem_wdata: 00000000
ClkCycle:       4238, pc_rdata: 00014374, pc_wdata: 00014378, insn: 00000013, mode: 3, rs1_addr:  0, rs1_rdata: 00000000, rs2_addr:  0, rs2_rdata: 00000000, rd_addr:  0, rd_wdata: 00000000, mem_addr: 00000000, mem_rdata: 00000000, mem_wdata: 00000000
ClkCycle:       4239, pc_rdata: 00014378, pc_wdata: 0001437c, insn: 00000013, mode: 3, rs1_addr:  0, rs1_rdata: 00000000, rs2_addr:  0, rs2_rdata: 00000000, rd_addr:  0, rd_wdata: 00000000, mem_addr: 00000000, mem_rdata: 00000000, mem_wdata: 00000000
ClkCycle:       4240, pc_rdata: 0001437c, pc_wdata: 00014380, insn: 00000013, mode: 3, rs1_addr:  0, rs1_rdata: 00000000, rs2_addr:  0, rs2_rdata: 00000000, rd_addr:  0, rd_wdata: 00000000, mem_addr: 00000000, mem_rdata: 00000000, mem_wdata: 00000000
ClkCycle:       4241, pc_rdata: 00014380, pc_wdata: 00014382, insn: 00015e3c, mode: 3, rs1_addr: 12, rs1_rdata: 7fffe147, rs2_addr: 24, rs2_rdata: 0000007d, rd_addr: 15, rd_wdata: 00000000, mem_addr: 7fffe1bf, mem_rdata: 00000000, mem_wdata: 0000007d
ClkCycle:       4242, pc_rdata: 00014382, pc_wdata: 00014386, insn: 00015e3c, mode: 3, rs1_addr:  0, rs1_rdata: 00000000, rs2_addr:  0, rs2_rdata: 00000000, rd_addr:  0, rd_wdata: 00000000, mem_addr: 00000000, mem_rdata: 00000000, mem_wdata: 00000000
ClkCycle:       4243, pc_rdata: 00014386, pc_wdata: 00014388, insn: 001302f0, mode: 3, rs1_addr:  0, rs1_rdata: 00000000, rs2_addr:  0, rs2_rdata: 00000000, rd_addr:  0, rd_wdata: 00000000, mem_addr: 00000000, mem_rdata: 00000000, mem_wdata: 00000000
ClkCycle:       4244, pc_rdata: 00014388, pc_wdata: 0001438a, insn: 001302f0, mode: 3, rs1_addr:  2, rs1_rdata: 7fffdfff, rs2_addr: 12, rs2_rdata: 7fffe147, rd_addr: 12, rd_wdata: 7fffe14b, mem_addr: 7fffe14b, mem_rdata: 00000000, mem_wdata: 7fffe147
ClkCycle:       4245, pc_rdata: 0001438a, pc_wdata: 0001438e, insn: 001302f0, mode: 3, rs1_addr:  0, rs1_rdata: 00000000, rs2_addr:  0, rs2_rdata: 00000000, rd_addr:  0, rd_wdata: 00000000, mem_addr: 00000000, mem_rdata: 00000000, mem_wdata: 00000000
ClkCycle:       4246, pc_rdata: 0001438e, pc_wdata: 00014392, insn: 00130000, mode: 3, rs1_addr:  0, rs1_rdata: 00000000, rs2_addr:  0, rs2_rdata: 00000000, rd_addr:  0, rd_wdata: 00000000, mem_addr: 00000000, mem_rdata: 00000000, mem_wdata: 00000000
ClkCycle:       4247, pc_rdata: 00014392, pc_wdata: 00014396, insn: 00130000, mode: 3, rs1_addr:  0, rs1_rdata: 00000000, rs2_addr:  0, rs2_rdata: 00000000, rd_addr:  0, rd_wdata: 00000000, mem_addr: 00000000, mem_rdata: 00000000, mem_wdata: 00000000
ClkCycle:       4248, pc_rdata: 00014396, pc_wdata: 0001439a, insn: 00130000, mode: 3, rs1_addr:  0, rs1_rdata: 00000000, rs2_addr:  0, rs2_rdata: 00000000, rd_addr:  0, rd_wdata: 00000000, mem_addr: 00000000, mem_rdata: 00000000, mem_wdata: 00000000
ClkCycle:       4249, pc_rdata: 0001439a, pc_wdata: 0001439e, insn: 00130000, mode: 3, rs1_addr:  0, rs1_rdata: 00000000, rs2_addr:  0, rs2_rdata: 00000000, rd_addr:  0, rd_wdata: 00000000, mem_addr: 00000000, mem_rdata: 00000000, mem_wdata: 00000000
ClkCycle:       4250, pc_rdata: 0001439e, pc_wdata: 000143a2, insn: 00002597, mode: 3, rs1_addr: 14, rs1_rdata: 00000000, rs2_addr: 25, rs2_rdata: 00000000, rd_addr:  0, rd_wdata: 00000259, mem_addr: 00000259, mem_rdata: 00000000, mem_wdata: 00000000
ClkCycle:       4251, pc_rdata: 000143a2, pc_wdata: 000143a6, insn: 00002597, mode: 3, rs1_addr:  0, rs1_rdata: 00000000, rs2_addr:  0, rs2_rdata: 00000000, rd_addr:  0, rd_wdata: 00000000, mem_addr: 00000000, mem_rdata: 00000000, mem_wdata: 00000000
ClkCycle:       4252, pc_rdata: 000143a6, pc_wdata: 000143a8, insn: 00000013, mode: 3, rs1_addr:  2, rs1_rdata: 7fffdfff, rs2_addr:  0, rs2_rdata: 00000000, rd_addr:  8, rd_wdata: 7fffdfff, mem_addr: 7fffdfff, mem_rdata: 00000000, mem_wdata: 00000000
ClkCycle:       4253, pc_rdata: 000143a8, pc_wdata: 000143ac, insn: 00000013, mode: 3, rs1_addr:  0, rs1_rdata: 00000000, rs2_addr:  0, rs2_rdata: 00000000, rd_addr:  0, rd_wdata: 00000000, mem_addr: 00000000, mem_rdata: 00000000, mem_wdata: 00000000
ClkCycle:       4254, pc_rdata: 000143ac, pc_wdata: 000143b0, insn: 00000013, mode: 3, rs1_addr:  0, rs1_rdata: 00000000, rs2_addr:  0, rs2_rdata: 00000000, rd_addr:  0, rd_wdata: 00000000, mem_addr: 00000000, mem_rdata: 00000000, mem_wdata: 00000000
ClkCycle:       4255, pc_rdata: 000143b0, pc_wdata: 000143b4, insn: 00000013, mode: 3, rs1_addr:  0, rs1_rdata: 00000000, rs2_addr:  0, rs2_rdata: 00000000, rd_addr:  0, rd_wdata: 00000000, mem_addr: 00000000, mem_rdata: 00000000, mem_wdata: 00000000
ClkCycle:       4256, pc_rdata: 000143b4, pc_wdata: 000143b8, insn: 00000013, mode: 3, rs1_addr:  0, rs1_rdata: 00000000, rs2_addr:  0, rs2_rdata: 00000000, rd_addr:  0, rd_wdata: 00000000, mem_addr: 00000000, mem_rdata: 00000000, mem_wdata: 00000000
ClkCycle:       4257, pc_rdata: 000143b8, pc_wdata: 000143bc, insn: 00000013, mode: 3, rs1_addr:  0, rs1_rdata: 00000000, rs2_addr:  0, rs2_rdata: 00000000, rd_addr:  0, rd_wdata: 00000000, mem_addr: 00000000, mem_rdata: 00000000, mem_wdata: 00000000
ClkCycle:       4258, pc_rdata: 000143bc, pc_wdata: 000143c0, insn: 00000013, mode: 3, rs1_addr:  0, rs1_rdata: 00000000, rs2_addr:  0, rs2_rdata: 00000000, rd_addr:  0, rd_wdata: 00000000, mem_addr: 00000000, mem_rdata: 00000000, mem_wdata: 00000000
ClkCycle:       4259, pc_rdata: 000143c0, pc_wdata: 000143c2, insn: 000159e8, mode: 3, rs1_addr: 11, rs1_rdata: 00000000, rs2_addr: 20, rs2_rdata: d5bfff6f, rd_addr: 10, rd_wdata: 00000000, mem_addr: 00000074, mem_rdata: 00000000, mem_wdata: d5bfff6f
ClkCycle:       4260, pc_rdata: 000143c2, pc_wdata: 000143c6, insn: 000159e8, mode: 3, rs1_addr:  0, rs1_rdata: 00000000, rs2_addr:  0, rs2_rdata: 00000000, rd_addr:  0, rd_wdata: 00000000, mem_addr: 00000000, mem_rdata: 00000000, mem_wdata: 00000000
ClkCycle:       4261, pc_rdata: 000143c6, pc_wdata: 000143c8, insn: 001304a0, mode: 3, rs1_addr:  0, rs1_rdata: 00000000, rs2_addr:  0, rs2_rdata: 00000000, rd_addr:  0, rd_wdata: 00000000, mem_addr: 00000000, mem_rdata: 00000000, mem_wdata: 00000000
ClkCycle:       4262, pc_rdata: 000143c8, pc_wdata: 000143ca, insn: 001304a0, mode: 3, rs1_addr:  2, rs1_rdata: 7fffdfff, rs2_addr:  8, rs2_rdata: 7fffdfff, rd_addr:  8, rd_wdata: 7fffe247, mem_addr: 7fffe247, mem_rdata: 00000000, mem_wdata: 7fffdfff
ClkCycle:       4263, pc_rdata: 000143ca, pc_wdata: 000143ce, insn: 001304a0, mode: 3, rs1_addr:  0, rs1_rdata: 00000000, rs2_addr:  0, rs2_rdata: 00000000, rd_addr:  0, rd_wdata: 00000000, mem_addr: 00000000, mem_rdata: 00000000, mem_wdata: 00000000
ClkCycle:       4264, pc_rdata: 000143ce, pc_wdata: 000143d2, insn: 00130000, mode: 3, rs1_addr:  0, rs1_rdata: 00000000, rs2_addr:  0, rs2_rdata: 00000000, rd_addr:  0, rd_wdata: 00000000, mem_addr: 00000000, mem_rdata: 00000000, mem_wdata: 00000000
ClkCycle:       4265, pc_rdata: 000143d2, pc_wdata: 000143d6, insn: 00130000, mode: 3, rs1_addr:  0, rs1_rdata: 00000000, rs2_addr:  0, rs2_rdata: 00000000, rd_addr:  0, rd_wdata: 00000000, mem_addr: 00000000, mem_rdata: 00000000, mem_wdata: 00000000
ClkCycle:       4266, pc_rdata: 000143d6, pc_wdata: 000143da, insn: 00130000, mode: 3, rs1_addr:  0, rs1_rdata: 00000000, rs2_addr:  0, rs2_rdata: 00000000, rd_addr:  0, rd_wdata: 00000000, mem_addr: 00000000, mem_rdata: 00000000, mem_wdata: 00000000
ClkCycle:       4267, pc_rdata: 000143da, pc_wdata: 000143de, insn: 00130000, mode: 3, rs1_addr:  0, rs1_rdata: 00000000, rs2_addr:  0, rs2_rdata: 00000000, rd_addr:  0, rd_wdata: 00000000, mem_addr: 00000000, mem_rdata: 00000000, mem_wdata: 00000000
ClkCycle:       4268, pc_rdata: 000143de, pc_wdata: 000143e2, insn: 00002597, mode: 3, rs1_addr: 14, rs1_rdata: 00000000, rs2_addr: 25, rs2_rdata: 00000000, rd_addr:  0, rd_wdata: 00000259, mem_addr: 00000259, mem_rdata: 00000000, mem_wdata: 00000000
ClkCycle:       4269, pc_rdata: 000143e2, pc_wdata: 000143e6, insn: 00002597, mode: 3, rs1_addr:  0, rs1_rdata: 00000000, rs2_addr:  0, rs2_rdata: 00000000, rd_addr:  0, rd_wdata: 00000000, mem_addr: 00000000, mem_rdata: 00000000, mem_wdata: 00000000
ClkCycle:       4270, pc_rdata: 000143e6, pc_wdata: 000143e8, insn: 00000013, mode: 3, rs1_addr:  2, rs1_rdata: 7fffdfff, rs2_addr:  0, rs2_rdata: 00000000, rd_addr:  8, rd_wdata: 7fffdfff, mem_addr: 7fffdfff, mem_rdata: 00000000, mem_wdata: 00000000
ClkCycle:       4271, pc_rdata: 000143e8, pc_wdata: 000143ec, insn: 00000013, mode: 3, rs1_addr:  0, rs1_rdata: 00000000, rs2_addr:  0, rs2_rdata: 00000000, rd_addr:  0, rd_wdata: 00000000, mem_addr: 00000000, mem_rdata: 00000000, mem_wdata: 00000000
ClkCycle:       4272, pc_rdata: 000143ec, pc_wdata: 000143f0, insn: 00000013, mode: 3, rs1_addr:  0, rs1_rdata: 00000000, rs2_addr:  0, rs2_rdata: 00000000, rd_addr:  0, rd_wdata: 00000000, mem_addr: 00000000, mem_rdata: 00000000, mem_wdata: 00000000
ClkCycle:       4273, pc_rdata: 000143f0, pc_wdata: 000143f4, insn: 00000013, mode: 3, rs1_addr:  0, rs1_rdata: 00000000, rs2_addr:  0, rs2_rdata: 00000000, rd_addr:  0, rd_wdata: 00000000, mem_addr: 00000000, mem_rdata: 00000000, mem_wdata: 00000000
ClkCycle:       4274, pc_rdata: 000143f4, pc_wdata: 000143f8, insn: 00000013, mode: 3, rs1_addr:  0, rs1_rdata: 00000000, rs2_addr:  0, rs2_rdata: 00000000, rd_addr:  0, rd_wdata: 00000000, mem_addr: 00000000, mem_rdata: 00000000, mem_wdata: 00000000
ClkCycle:       4275, pc_rdata: 000143f8, pc_wdata: 000143fc, insn: 00000013, mode: 3, rs1_addr:  0, rs1_rdata: 00000000, rs2_addr:  0, rs2_rdata: 00000000, rd_addr:  0, rd_wdata: 00000000, mem_addr: 00000000, mem_rdata: 00000000, mem_wdata: 00000000
ClkCycle:       4276, pc_rdata: 000143fc, pc_wdata: 00014400, insn: 00000013, mode: 3, rs1_addr:  0, rs1_rdata: 00000000, rs2_addr:  0, rs2_rdata: 00000000, rd_addr:  0, rd_wdata: 00000000, mem_addr: 00000000, mem_rdata: 00000000, mem_wdata: 00000000
ClkCycle:       4277, pc_rdata: 00014400, pc_wdata: 00014402, insn: 00014de8, mode: 3, rs1_addr: 11, rs1_rdata: 00000000, rs2_addr: 28, rs2_rdata: 00000000, rd_addr: 10, rd_wdata: 00000000, mem_addr: 0000005c, mem_rdata: 00000000, mem_wdata: 00000000
ClkCycle:       4278, pc_rdata: 00014402, pc_wdata: 00014406, insn: 00014de8, mode: 3, rs1_addr:  0, rs1_rdata: 00000000, rs2_addr:  0, rs2_rdata: 00000000, rd_addr:  0, rd_wdata: 00000000, mem_addr: 00000000, mem_rdata: 00000000, mem_wdata: 00000000
ClkCycle:       4279, pc_rdata: 00014406, pc_wdata: 00014408, insn: 001304a0, mode: 3, rs1_addr:  0, rs1_rdata: 00000000, rs2_addr:  0, rs2_rdata: 00000000, rd_addr:  0, rd_wdata: 00000000, mem_addr: 00000000, mem_rdata: 00000000, mem_wdata: 00000000
ClkCycle:       4280, pc_rdata: 00014408, pc_wdata: 0001440a, insn: 001304a0, mode: 3, rs1_addr:  2, rs1_rdata: 7fffdfff, rs2_addr:  8, rs2_rdata: 7fffdfff, rd_addr:  8, rd_wdata: 7fffe247, mem_addr: 7fffe247, mem_rdata: 00000000, mem_wdata: 7fffdfff
ClkCycle:       4281, pc_rdata: 0001440a, pc_wdata: 0001440e, insn: 001304a0, mode: 3, rs1_addr:  0, rs1_rdata: 00000000, rs2_addr:  0, rs2_rdata: 00000000, rd_addr:  0, rd_wdata: 00000000, mem_addr: 00000000, mem_rdata: 00000000, mem_wdata: 00000000
ClkCycle:       4282, pc_rdata: 0001440e, pc_wdata: 00014412, insn: 00130000, mode: 3, rs1_addr:  0, rs1_rdata: 00000000, rs2_addr:  0, rs2_rdata: 00000000, rd_addr:  0, rd_wdata: 00000000, mem_addr: 00000000, mem_rdata: 00000000, mem_wdata: 00000000
ClkCycle:       4283, pc_rdata: 00014412, pc_wdata: 00014416, insn: 00130000, mode: 3, rs1_addr:  0, rs1_rdata: 00000000, rs2_addr:  0, rs2_rdata: 00000000, rd_addr:  0, rd_wdata: 00000000, mem_addr: 00000000, mem_rdata: 00000000, mem_wdata: 00000000
ClkCycle:       4284, pc_rdata: 00014416, pc_wdata: 0001441a, insn: 00130000, mode: 3, rs1_addr:  0, rs1_rdata: 00000000, rs2_addr:  0, rs2_rdata: 00000000, rd_addr:  0, rd_wdata: 00000000, mem_addr: 00000000, mem_rdata: 00000000, mem_wdata: 00000000
ClkCycle:       4285, pc_rdata: 0001441a, pc_wdata: 0001441e, insn: 00130000, mode: 3, rs1_addr:  0, rs1_rdata: 00000000, rs2_addr:  0, rs2_rdata: 00000000, rd_addr:  0, rd_wdata: 00000000, mem_addr: 00000000, mem_rdata: 00000000, mem_wdata: 00000000
ClkCycle:       4286, pc_rdata: 0001441e, pc_wdata: 00014422, insn: 00002597, mode: 3, rs1_addr: 14, rs1_rdata: 00000000, rs2_addr: 25, rs2_rdata: 00000000, rd_addr:  0, rd_wdata: 00000259, mem_addr: 00000259, mem_rdata: 00000000, mem_wdata: 00000000
ClkCycle:       4287, pc_rdata: 00014422, pc_wdata: 00014426, insn: 00002597, mode: 3, rs1_addr:  0, rs1_rdata: 00000000, rs2_addr:  0, rs2_rdata: 00000000, rd_addr:  0, rd_wdata: 00000000, mem_addr: 00000000, mem_rdata: 00000000, mem_wdata: 00000000
ClkCycle:       4288, pc_rdata: 00014426, pc_wdata: 00014428, insn: 00000013, mode: 3, rs1_addr:  2, rs1_rdata: 7fffdfff, rs2_addr:  0, rs2_rdata: 00000000, rd_addr:  8, rd_wdata: 7fffdfff, mem_addr: 7fffdfff, mem_rdata: 00000000, mem_wdata: 00000000
ClkCycle:       4289, pc_rdata: 00014428, pc_wdata: 0001442c, insn: 00000013, mode: 3, rs1_addr:  0, rs1_rdata: 00000000, rs2_addr:  0, rs2_rdata: 00000000, rd_addr:  0, rd_wdata: 00000000, mem_addr: 00000000, mem_rdata: 00000000, mem_wdata: 00000000
ClkCycle:       4290, pc_rdata: 0001442c, pc_wdata: 00014430, insn: 00000013, mode: 3, rs1_addr:  0, rs1_rdata: 00000000, rs2_addr:  0, rs2_rdata: 00000000, rd_addr:  0, rd_wdata: 00000000, mem_addr: 00000000, mem_rdata: 00000000, mem_wdata: 00000000
ClkCycle:       4291, pc_rdata: 00014430, pc_wdata: 00014434, insn: 00000013, mode: 3, rs1_addr:  0, rs1_rdata: 00000000, rs2_addr:  0, rs2_rdata: 00000000, rd_addr:  0, rd_wdata: 00000000, mem_addr: 00000000, mem_rdata: 00000000, mem_wdata: 00000000
ClkCycle:       4292, pc_rdata: 00014434, pc_wdata: 00014438, insn: 00000013, mode: 3, rs1_addr:  0, rs1_rdata: 00000000, rs2_addr:  0, rs2_rdata: 00000000, rd_addr:  0, rd_wdata: 00000000, mem_addr: 00000000, mem_rdata: 00000000, mem_wdata: 00000000
ClkCycle:       4293, pc_rdata: 00014438, pc_wdata: 0001443c, insn: 00000013, mode: 3, rs1_addr:  0, rs1_rdata: 00000000, rs2_addr:  0, rs2_rdata: 00000000, rd_addr:  0, rd_wdata: 00000000, mem_addr: 00000000, mem_rdata: 00000000, mem_wdata: 00000000
ClkCycle:       4294, pc_rdata: 0001443c, pc_wdata: 00014440, insn: 00000013, mode: 3, rs1_addr:  0, rs1_rdata: 00000000, rs2_addr:  0, rs2_rdata: 00000000, rd_addr:  0, rd_wdata: 00000000, mem_addr: 00000000, mem_rdata: 00000000, mem_wdata: 00000000
ClkCycle:       4295, pc_rdata: 00014440, pc_wdata: 00014442, insn: 00015dc8, mode: 3, rs1_addr: 11, rs1_rdata: 00000000, rs2_addr: 28, rs2_rdata: 00000000, rd_addr: 10, rd_wdata: 00000000, mem_addr: 0000003c, mem_rdata: 00000000, mem_wdata: 00000000
ClkCycle:       4296, pc_rdata: 00014442, pc_wdata: 00014446, insn: 00015dc8, mode: 3, rs1_addr:  0, rs1_rdata: 00000000, rs2_addr:  0, rs2_rdata: 00000000, rd_addr:  0, rd_wdata: 00000000, mem_addr: 00000000, mem_rdata: 00000000, mem_wdata: 00000000
ClkCycle:       4297, pc_rdata: 00014446, pc_wdata: 00014448, insn: 001304a0, mode: 3, rs1_addr:  0, rs1_rdata: 00000000, rs2_addr:  0, rs2_rdata: 00000000, rd_addr:  0, rd_wdata: 00000000, mem_addr: 00000000, mem_rdata: 00000000, mem_wdata: 00000000
ClkCycle:       4298, pc_rdata: 00014448, pc_wdata: 0001444a, insn: 001304a0, mode: 3, rs1_addr:  2, rs1_rdata: 7fffdfff, rs2_addr:  8, rs2_rdata: 7fffdfff, rd_addr:  8, rd_wdata: 7fffe247, mem_addr: 7fffe247, mem_rdata: 00000000, mem_wdata: 7fffdfff
ClkCycle:       4299, pc_rdata: 0001444a, pc_wdata: 0001444e, insn: 001304a0, mode: 3, rs1_addr:  0, rs1_rdata: 00000000, rs2_addr:  0, rs2_rdata: 00000000, rd_addr:  0, rd_wdata: 00000000, mem_addr: 00000000, mem_rdata: 00000000, mem_wdata: 00000000
ClkCycle:       4300, pc_rdata: 0001444e, pc_wdata: 00014452, insn: 00130000, mode: 3, rs1_addr:  0, rs1_rdata: 00000000, rs2_addr:  0, rs2_rdata: 00000000, rd_addr:  0, rd_wdata: 00000000, mem_addr: 00000000, mem_rdata: 00000000, mem_wdata: 00000000
ClkCycle:       4301, pc_rdata: 00014452, pc_wdata: 00014456, insn: 00130000, mode: 3, rs1_addr:  0, rs1_rdata: 00000000, rs2_addr:  0, rs2_rdata: 00000000, rd_addr:  0, rd_wdata: 00000000, mem_addr: 00000000, mem_rdata: 00000000, mem_wdata: 00000000
ClkCycle:       4302, pc_rdata: 00014456, pc_wdata: 0001445a, insn: 00130000, mode: 3, rs1_addr:  0, rs1_rdata: 00000000, rs2_addr:  0, rs2_rdata: 00000000, rd_addr:  0, rd_wdata: 00000000, mem_addr: 00000000, mem_rdata: 00000000, mem_wdata: 00000000
ClkCycle:       4303, pc_rdata: 0001445a, pc_wdata: 0001445e, insn: 00130000, mode: 3, rs1_addr:  0, rs1_rdata: 00000000, rs2_addr:  0, rs2_rdata: 00000000, rd_addr:  0, rd_wdata: 00000000, mem_addr: 00000000, mem_rdata: 00000000, mem_wdata: 00000000
ClkCycle:       4304, pc_rdata: 0001445e, pc_wdata: 00014462, insn: 00002597, mode: 3, rs1_addr: 14, rs1_rdata: 00000000, rs2_addr: 25, rs2_rdata: 00000000, rd_addr:  0, rd_wdata: 00000259, mem_addr: 00000259, mem_rdata: 00000000, mem_wdata: 00000000
ClkCycle:       4305, pc_rdata: 00014462, pc_wdata: 00014466, insn: 00002597, mode: 3, rs1_addr:  0, rs1_rdata: 00000000, rs2_addr:  0, rs2_rdata: 00000000, rd_addr:  0, rd_wdata: 00000000, mem_addr: 00000000, mem_rdata: 00000000, mem_wdata: 00000000
ClkCycle:       4306, pc_rdata: 00014466, pc_wdata: 00014468, insn: 00000013, mode: 3, rs1_addr:  2, rs1_rdata: 7fffdfff, rs2_addr:  0, rs2_rdata: 00000000, rd_addr:  8, rd_wdata: 7fffdfff, mem_addr: 7fffdfff, mem_rdata: 00000000, mem_wdata: 00000000
ClkCycle:       4307, pc_rdata: 00014468, pc_wdata: 0001446c, insn: 00000013, mode: 3, rs1_addr:  0, rs1_rdata: 00000000, rs2_addr:  0, rs2_rdata: 00000000, rd_addr:  0, rd_wdata: 00000000, mem_addr: 00000000, mem_rdata: 00000000, mem_wdata: 00000000
ClkCycle:       4308, pc_rdata: 0001446c, pc_wdata: 00014470, insn: 00000013, mode: 3, rs1_addr:  0, rs1_rdata: 00000000, rs2_addr:  0, rs2_rdata: 00000000, rd_addr:  0, rd_wdata: 00000000, mem_addr: 00000000, mem_rdata: 00000000, mem_wdata: 00000000
ClkCycle:       4309, pc_rdata: 00014470, pc_wdata: 00014474, insn: 00000013, mode: 3, rs1_addr:  0, rs1_rdata: 00000000, rs2_addr:  0, rs2_rdata: 00000000, rd_addr:  0, rd_wdata: 00000000, mem_addr: 00000000, mem_rdata: 00000000, mem_wdata: 00000000
ClkCycle:       4310, pc_rdata: 00014474, pc_wdata: 00014478, insn: 00000013, mode: 3, rs1_addr:  0, rs1_rdata: 00000000, rs2_addr:  0, rs2_rdata: 00000000, rd_addr:  0, rd_wdata: 00000000, mem_addr: 00000000, mem_rdata: 00000000, mem_wdata: 00000000
ClkCycle:       4311, pc_rdata: 00014478, pc_wdata: 0001447c, insn: 00000013, mode: 3, rs1_addr:  0, rs1_rdata: 00000000, rs2_addr:  0, rs2_rdata: 00000000, rd_addr:  0, rd_wdata: 00000000, mem_addr: 00000000, mem_rdata: 00000000, mem_wdata: 00000000
ClkCycle:       4312, pc_rdata: 0001447c, pc_wdata: 00014480, insn: 00000013, mode: 3, rs1_addr:  0, rs1_rdata: 00000000, rs2_addr:  0, rs2_rdata: 00000000, rd_addr:  0, rd_wdata: 00000000, mem_addr: 00000000, mem_rdata: 00000000, mem_wdata: 00000000
ClkCycle:       4313, pc_rdata: 00014480, pc_wdata: 00014482, insn: 000149e8, mode: 3, rs1_addr: 11, rs1_rdata: 00000000, rs2_addr: 20, rs2_rdata: d5bfff6f, rd_addr: 10, rd_wdata: 00000000, mem_addr: 00000054, mem_rdata: 00000000, mem_wdata: d5bfff6f
ClkCycle:       4314, pc_rdata: 00014482, pc_wdata: 00014486, insn: 000149e8, mode: 3, rs1_addr:  0, rs1_rdata: 00000000, rs2_addr:  0, rs2_rdata: 00000000, rd_addr:  0, rd_wdata: 00000000, mem_addr: 00000000, mem_rdata: 00000000, mem_wdata: 00000000
ClkCycle:       4315, pc_rdata: 00014486, pc_wdata: 00014488, insn: 001304a0, mode: 3, rs1_addr:  0, rs1_rdata: 00000000, rs2_addr:  0, rs2_rdata: 00000000, rd_addr:  0, rd_wdata: 00000000, mem_addr: 00000000, mem_rdata: 00000000, mem_wdata: 00000000
ClkCycle:       4316, pc_rdata: 00014488, pc_wdata: 0001448a, insn: 001304a0, mode: 3, rs1_addr:  2, rs1_rdata: 7fffdfff, rs2_addr:  8, rs2_rdata: 7fffdfff, rd_addr:  8, rd_wdata: 7fffe247, mem_addr: 7fffe247, mem_rdata: 00000000, mem_wdata: 7fffdfff
ClkCycle:       4317, pc_rdata: 0001448a, pc_wdata: 0001448e, insn: 001304a0, mode: 3, rs1_addr:  0, rs1_rdata: 00000000, rs2_addr:  0, rs2_rdata: 00000000, rd_addr:  0, rd_wdata: 00000000, mem_addr: 00000000, mem_rdata: 00000000, mem_wdata: 00000000
ClkCycle:       4318, pc_rdata: 0001448e, pc_wdata: 00014492, insn: 00130000, mode: 3, rs1_addr:  0, rs1_rdata: 00000000, rs2_addr:  0, rs2_rdata: 00000000, rd_addr:  0, rd_wdata: 00000000, mem_addr: 00000000, mem_rdata: 00000000, mem_wdata: 00000000
ClkCycle:       4319, pc_rdata: 00014492, pc_wdata: 00014496, insn: 00130000, mode: 3, rs1_addr:  0, rs1_rdata: 00000000, rs2_addr:  0, rs2_rdata: 00000000, rd_addr:  0, rd_wdata: 00000000, mem_addr: 00000000, mem_rdata: 00000000, mem_wdata: 00000000
ClkCycle:       4320, pc_rdata: 00014496, pc_wdata: 0001449a, insn: 00130000, mode: 3, rs1_addr:  0, rs1_rdata: 00000000, rs2_addr:  0, rs2_rdata: 00000000, rd_addr:  0, rd_wdata: 00000000, mem_addr: 00000000, mem_rdata: 00000000, mem_wdata: 00000000
ClkCycle:       4321, pc_rdata: 0001449a, pc_wdata: 0001449e, insn: 00130000, mode: 3, rs1_addr:  0, rs1_rdata: 00000000, rs2_addr:  0, rs2_rdata: 00000000, rd_addr:  0, rd_wdata: 00000000, mem_addr: 00000000, mem_rdata: 00000000, mem_wdata: 00000000
ClkCycle:       4322, pc_rdata: 0001449e, pc_wdata: 000144a2, insn: 00002597, mode: 3, rs1_addr: 14, rs1_rdata: 00000000, rs2_addr: 25, rs2_rdata: 00000000, rd_addr:  0, rd_wdata: 00000259, mem_addr: 00000259, mem_rdata: 00000000, mem_wdata: 00000000
ClkCycle:       4323, pc_rdata: 000144a2, pc_wdata: 000144a6, insn: 00002597, mode: 3, rs1_addr:  0, rs1_rdata: 00000000, rs2_addr:  0, rs2_rdata: 00000000, rd_addr:  0, rd_wdata: 00000000, mem_addr: 00000000, mem_rdata: 00000000, mem_wdata: 00000000
ClkCycle:       4324, pc_rdata: 000144a6, pc_wdata: 000144a8, insn: 00000013, mode: 3, rs1_addr:  2, rs1_rdata: 7fffdfff, rs2_addr:  0, rs2_rdata: 00000000, rd_addr:  8, rd_wdata: 7fffdfff, mem_addr: 7fffdfff, mem_rdata: 00000000, mem_wdata: 00000000
ClkCycle:       4325, pc_rdata: 000144a8, pc_wdata: 000144ac, insn: 00000013, mode: 3, rs1_addr:  0, rs1_rdata: 00000000, rs2_addr:  0, rs2_rdata: 00000000, rd_addr:  0, rd_wdata: 00000000, mem_addr: 00000000, mem_rdata: 00000000, mem_wdata: 00000000
ClkCycle:       4326, pc_rdata: 000144ac, pc_wdata: 000144b0, insn: 00000013, mode: 3, rs1_addr:  0, rs1_rdata: 00000000, rs2_addr:  0, rs2_rdata: 00000000, rd_addr:  0, rd_wdata: 00000000, mem_addr: 00000000, mem_rdata: 00000000, mem_wdata: 00000000
ClkCycle:       4327, pc_rdata: 000144b0, pc_wdata: 000144b4, insn: 00000013, mode: 3, rs1_addr:  0, rs1_rdata: 00000000, rs2_addr:  0, rs2_rdata: 00000000, rd_addr:  0, rd_wdata: 00000000, mem_addr: 00000000, mem_rdata: 00000000, mem_wdata: 00000000
ClkCycle:       4328, pc_rdata: 000144b4, pc_wdata: 000144b8, insn: 00000013, mode: 3, rs1_addr:  0, rs1_rdata: 00000000, rs2_addr:  0, rs2_rdata: 00000000, rd_addr:  0, rd_wdata: 00000000, mem_addr: 00000000, mem_rdata: 00000000, mem_wdata: 00000000
ClkCycle:       4329, pc_rdata: 000144b8, pc_wdata: 000144bc, insn: 00000013, mode: 3, rs1_addr:  0, rs1_rdata: 00000000, rs2_addr:  0, rs2_rdata: 00000000, rd_addr:  0, rd_wdata: 00000000, mem_addr: 00000000, mem_rdata: 00000000, mem_wdata: 00000000
ClkCycle:       4330, pc_rdata: 000144bc, pc_wdata: 000144c0, insn: 00000013, mode: 3, rs1_addr:  0, rs1_rdata: 00000000, rs2_addr:  0, rs2_rdata: 00000000, rd_addr:  0, rd_wdata: 00000000, mem_addr: 00000000, mem_rdata: 00000000, mem_wdata: 00000000
ClkCycle:       4331, pc_rdata: 000144c0, pc_wdata: 000144c2, insn: 00015588, mode: 3, rs1_addr: 11, rs1_rdata: 00000000, rs2_addr:  8, rs2_rdata: 7fffdfff, rd_addr: 10, rd_wdata: 00000000, mem_addr: 00000028, mem_rdata: 00000000, mem_wdata: 7fffdfff
ClkCycle:       4332, pc_rdata: 000144c2, pc_wdata: 000144c6, insn: 00015588, mode: 3, rs1_addr:  0, rs1_rdata: 00000000, rs2_addr:  0, rs2_rdata: 00000000, rd_addr:  0, rd_wdata: 00000000, mem_addr: 00000000, mem_rdata: 00000000, mem_wdata: 00000000
ClkCycle:       4333, pc_rdata: 000144c6, pc_wdata: 000144c8, insn: 006f06a0, mode: 3, rs1_addr:  0, rs1_rdata: 00000000, rs2_addr:  0, rs2_rdata: 00000000, rd_addr:  0, rd_wdata: 00000000, mem_addr: 00000000, mem_rdata: 00000000, mem_wdata: 00000000
ClkCycle:       4334, pc_rdata: 000144c8, pc_wdata: 000144ca, insn: 006f06a0, mode: 3, rs1_addr:  2, rs1_rdata: 7fffdfff, rs2_addr:  8, rs2_rdata: 7fffdfff, rd_addr:  8, rd_wdata: 7fffe347, mem_addr: 7fffe347, mem_rdata: 00000000, mem_wdata: 7fffdfff
ClkCycle:       4335, pc_rdata: 000144ca, pc_wdata: 000144ce, insn: 006f06a0, mode: 3, rs1_addr:  0, rs1_rdata: 00000000, rs2_addr:  0, rs2_rdata: 00000000, rd_addr:  0, rd_wdata: 00000000, mem_addr: 00000000, mem_rdata: 00000000, mem_wdata: 00000000
ClkCycle:       4336, pc_rdata: 000144ce, pc_wdata: 000144d2, insn: 33031f81, mode: 3, rs1_addr:  2, rs1_rdata: 7fffdfff, rs2_addr: 24, rs2_rdata: 0000007d, rd_addr:  0, rd_wdata: 000144d2, mem_addr: 8000e1f7, mem_rdata: 00000000, mem_wdata: 0000007d
ClkCycle:       4337, pc_rdata: 000144d2, pc_wdata: 000246c6, insn: 33031f81, mode: 3, rs1_addr:  0, rs1_rdata: 00000000, rs2_addr:  0, rs2_rdata: 00000000, rd_addr:  0, rd_wdata: 00000000, mem_addr: 00000000, mem_rdata: 00000000, mem_wdata: 00000000
ClkCycle:       8001, pc_rdata: 00028002, pc_wdata: 00028004, insn: ddb80813, mode: 3, rs1_addr:  2, rs1_rdata: 7fffdfff, rs2_addr:  0, rs2_rdata: 00000000, rd_addr:  8, rd_wdata: 7fffdfff, mem_addr: 7fffdfff, mem_rdata: 00000000, mem_wdata: 00000000
ClkCycle:       8002, pc_rdata: 00028004, pc_wdata: 00028008, insn: ddb80813, mode: 3, rs1_addr: 16, rs1_rdata: 7d5bfddb, rs2_addr: 27, rs2_rdata: 00000000, rd_addr: 16, rd_wdata: 7d5bfbb6, mem_addr: 7d5bfbb6, mem_rdata: 00000000, mem_wdata: 00000000
ClkCycle:       8003, pc_rdata: 00028008, pc_wdata: 0002800c, insn: 00b81813, mode: 3, rs1_addr: 16, rs1_rdata: 7d5bfddb, rs2_addr: 11, rs2_rdata: 00000000, rd_addr: 16, rd_wdata: dfddb000, mem_addr: dfddb000, mem_rdata: 00000000, mem_wdata: 00000000
ClkCycle:       8004, pc_rdata: 0002800c, pc_wdata: 00028010, insn: 3ea80813, mode: 3, rs1_addr: 16, rs1_rdata: 7d5bfddb, rs2_addr: 10, rs2_rdata: 00000000, rd_addr: 16, rd_wdata: dfddb3ea, mem_addr: dfddb3ea, mem_rdata: 00000000, mem_wdata: 00000000
ClkCycle:       8005, pc_rdata: 00028010, pc_wdata: 00028014, insn: 00b81813, mode: 3, rs1_addr: 16, rs1_rdata: 7d5bfbb6, rs2_addr: 11, rs2_rdata: 00000000, rd_addr: 16, rd_wdata: ed9f5000, mem_addr: ed9f5000, mem_rdata: 00000000, mem_wdata: 00000000
ClkCycle:       8006, pc_rdata: 00028014, pc_wdata: 00028018, insn: 6ff80813, mode: 3, rs1_addr: 16, rs1_rdata: dfddb000, rs2_addr: 31, rs2_rdata: 00000000, rd_addr: 16, rd_wdata: ed9f56ff, mem_addr: ed9f56ff, mem_rdata: 00000000, mem_wdata: 00000000
ClkCycle:       8007, pc_rdata: 00028018, pc_wdata: 0002801c, insn: 00a81813, mode: 3, rs1_addr: 16, rs1_rdata: dfddb3ea, rs2_addr: 10, rs2_rdata: 00000000, rd_addr: 16, rd_wdata: 7d5bfc00, mem_addr: 7d5bfc00, mem_rdata: 00000000, mem_wdata: 00000000
ClkCycle:       8008, pc_rdata: 0002801c, pc_wdata: 00028020, insn: 1db80813, mode: 3, rs1_addr: 16, rs1_rdata: ed9f5000, rs2_addr: 27, rs2_rdata: 00000000, rd_addr: 16, rd_wdata: 7d5bfddb, mem_addr: 7d5bfddb, mem_rdata: 00000000, mem_wdata: 00000000
ClkCycle:       8009, pc_rdata: 00028020, pc_wdata: 00028024, insn: 00785893, mode: 3, rs1_addr: 16, rs1_rdata: ed9f56ff, rs2_addr:  7, rs2_rdata: 003fbb6f, rd_addr: 17, rd_wdata: 6cfab7fb, mem_addr: 6cfab7fb, mem_rdata: 00000000, mem_wdata: 003fbb6f
ClkCycle:       8010, pc_rdata: 00028024, pc_wdata: 00028028, insn: 03985793, mode: 3, rs1_addr: 16, rs1_rdata: 7d5bfc00, rs2_addr: 25, rs2_rdata: 00000000, rd_addr: 15, rd_wdata: adfddb3e, mem_addr: adfddb3e, mem_rdata: 00000000, mem_wdata: 00000000
ClkCycle:       8011, pc_rdata: 00028028, pc_wdata: 0002802c, insn: 00f8e8b3, mode: 3, rs1_addr: 17, rs1_rdata: edffffff, rs2_addr: 15, rs2_rdata: 00000000, rd_addr: 17, rd_wdata: edffffff, mem_addr: edffffff, mem_rdata: 00000000, mem_wdata: adfddb3e
ClkCycle:       8012, pc_rdata: 0002802c, pc_wdata: 00028030, insn: 0078d913, mode: 3, rs1_addr: 17, rs1_rdata: 6cfab7fb, rs2_addr:  7, rs2_rdata: 003fbb6f, rd_addr: 18, rd_wdata: ffdbffff, mem_addr: ffdbffff, mem_rdata: 00000000, mem_wdata: 003fbb6f
ClkCycle:       8013, pc_rdata: 00028030, pc_wdata: 00028034, insn: 0398d793, mode: 3, rs1_addr: 17, rs1_rdata: 6cfab7fb, rs2_addr: 25, rs2_rdata: 00000000, rd_addr: 15, rd_wdata: 7d5bfff6, mem_addr: 7d5bfff6, mem_rdata: 00000000, mem_wdata: 00000000
ClkCycle:       8014, pc_rdata: 00028034, pc_wdata: 00028038, insn: 00f96933, mode: 3, rs1_addr: 18, rs1_rdata: ffdbffff, rs2_addr: 15, rs2_rdata: adfddb3e, rd_addr: 18, rd_wdata: ffdbffff, mem_addr: ffdbffff, mem_rdata: 00000000, mem_wdata: 7d5bfff6
ClkCycle:       8015, pc_rdata: 00028038, pc_wdata: 0002803c, insn: 00795993, mode: 3, rs1_addr: 18, rs1_rdata: ffdbffff, rs2_addr:  7, rs2_rdata: 003fbb6f, rd_addr: 19, rd_wdata: dfffb7ff, mem_addr: dfffb7ff, mem_rdata: 00000000, mem_wdata: 003fbb6f
ClkCycle:       8016, pc_rdata: 0002803c, pc_wdata: 00028040, insn: 03995793, mode: 3, rs1_addr: 18, rs1_rdata: ffdbffff, rs2_addr: 25, rs2_rdata: 00000000, rd_addr: 15, rd_wdata: 00fab7ff, mem_addr: 00fab7ff, mem_rdata: 00000000, mem_wdata: 00000000
ClkCycle:       8017, pc_rdata: 00028040, pc_wdata: 00028044, insn: 00f9e9b3, mode: 3, rs1_addr: 19, rs1_rdata: dfffb7ff, rs2_addr: 15, rs2_rdata: 7d5bfff6, rd_addr: 19, rd_wdata: dfffb7ff, mem_addr: dfffb7ff, mem_rdata: 00000000, mem_wdata: 00fab7ff
ClkCycle:       8018, pc_rdata: 00028044, pc_wdata: 00028048, insn: 0079da13, mode: 3, rs1_addr: 19, rs1_rdata: dfffb7ff, rs2_addr:  7, rs2_rdata: 003fbb6f, rd_addr: 20, rd_wdata: d5bfff6f, mem_addr: d5bfff6f, mem_rdata: 00000000, mem_wdata: 003fbb6f
ClkCycle:       8019, pc_rdata: 00028048, pc_wdata: 0002804c, insn: 0399d793, mode: 3, rs1_addr: 19, rs1_rdata: dfffb7ff, rs2_addr: 25, rs2_rdata: 00000000, rd_addr: 15, rd_wdata: 0001f56f, mem_addr: 0001f56f, mem_rdata: 00000000, mem_wdata: 00000000
ClkCycle:       8020, pc_rdata: 0002804c, pc_wdata: 00028050, insn: 00fa6a33, mode: 3, rs1_addr: 20, rs1_rdata: d5bfff6f, rs2_addr: 15, rs2_rdata: 00fab7ff, rd_addr: 20, rd_wdata: d5bfff6f, mem_addr: d5bfff6f, mem_rdata: 00000000, mem_wdata: 0001f56f
ClkCycle:       8021, pc_rdata: 00028050, pc_wdata: 00028054, insn: 007a5a93, mode: 3, rs1_addr: 20, rs1_rdata: d5bfff6f, rs2_addr:  7, rs2_rdata: 003fbb6f, rd_addr: 21, rd_wdata: 0fab7ffe, mem_addr: 0fab7ffe, mem_rdata: 00000000, mem_wdata: 003fbb6f
ClkCycle:       8022, pc_rdata: 00028054, pc_wdata: 00028058, insn: 039a5793, mode: 3, rs1_addr: 20, rs1_rdata: d5bfff6f, rs2_addr: 25, rs2_rdata: 00000000, rd_addr: 15, rd_wdata: 000003ea, mem_addr: 000003ea, mem_rdata: 00000000, mem_wdata: 00000000
ClkCycle:       8023, pc_rdata: 00028058, pc_wdata: 0002805c, insn: 00faeab3, mode: 3, rs1_addr: 21, rs1_rdata: 0fab7ffe, rs2_addr: 15, rs2_rdata: 0001f56f, rd_addr: 21, rd_wdata: 0fab7ffe, mem_addr: 0fab7ffe, mem_rdata: 00000000, mem_wdata: 000003ea
ClkCycle:       8024, pc_rdata: 0002805c, pc_wdata: 00028060, insn: 007adb13, mode: 3, rs1_addr: 21, rs1_rdata: 0fab7ffe, rs2_addr:  7, rs2_rdata: 003fbb6f, rd_addr: 22, rd_wdata: 001f56ff, mem_addr: 001f56ff, mem_rdata: 00000000, mem_wdata: 003fbb6f
ClkCycle:       8025, pc_rdata: 00028060, pc_wdata: 00028064, insn: 039ad793, mode: 3, rs1_addr: 21, rs1_rdata: 0fab7ffe, rs2_addr: 25, rs2_rdata: 00000000, rd_addr: 15, rd_wdata: 00000007, mem_addr: 00000007, mem_rdata: 00000000, mem_wdata: 00000000
ClkCycle:       8026, pc_rdata: 00028064, pc_wdata: 00028068, insn: 00fb6b33, mode: 3, rs1_addr: 22, rs1_rdata: 001f56ff, rs2_addr: 15, rs2_rdata: 000003ea, rd_addr: 22, rd_wdata: 001f56ff, mem_addr: 001f56ff, mem_rdata: 00000000, mem_wdata: 00000007
ClkCycle:       8027, pc_rdata: 00028068, pc_wdata: 0002806c, insn: 007b5b93, mode: 3, rs1_addr: 22, rs1_rdata: 001f56ff, rs2_addr:  7, rs2_rdata: 003fbb6f, rd_addr: 23, rd_wdata: 00003ead, mem_addr: 00003ead, mem_rdata: 00000000, mem_wdata: 003fbb6f
ClkCycle:       8028, pc_rdata: 0002806c, pc_wdata: 00028070, insn: 039b5793, mode: 3, rs1_addr: 22, rs1_rdata: 001f56ff, rs2_addr: 25, rs2_rdata: 00000000, rd_addr: 15, rd_wdata: 00000000, mem_addr: 00000000, mem_rdata: 00000000, mem_wdata: 00000000
ClkCycle:       8029, pc_rdata: 00028070, pc_wdata: 00028074, insn: 00fbebb3, mode: 3, rs1_addr: 23, rs1_rdata: 00003ead, rs2_addr: 15, rs2_rdata: 00000007, rd_addr: 23, rd_wdata: 00003ead, mem_addr: 00003ead, mem_rdata: 00000000, mem_wdata: 00000000
ClkCycle:       8030, pc_rdata: 00028074, pc_wdata: 00028078, insn: 007bdc13, mode: 3, rs1_addr: 23, rs1_rdata: 00003ead, rs2_addr:  7, rs2_rdata: 003fbb6f, rd_addr: 24, rd_wdata: 0000007d, mem_addr: 0000007d, mem_rdata: 00000000, mem_wdata: 003fbb6f
ClkCycle:       8031, pc_rdata: 00028078, pc_wdata: 0002807c, insn: 039bd793, mode: 3, rs1_addr: 23, rs1_rdata: 00003ead, rs2_addr: 25, rs2_rdata: 00000000, rd_addr: 15, rd_wdata: 00000000, mem_addr: 00000000, mem_rdata: 00000000, mem_wdata: 00000000
ClkCycle:       8032, pc_rdata: 0002807c, pc_wdata: 00028080, insn: 00fc6c33, mode: 3, rs1_addr: 24, rs1_rdata: 0000007d, rs2_addr: 15, rs2_rdata: 00000000, rd_addr: 24, rd_wdata: 0000007d, mem_addr: 0000007d, mem_rdata: 00000000, mem_wdata: 00000000
ClkCycle:       8033, pc_rdata: 00028080, pc_wdata: 00028084, insn: 007c5c93, mode: 3, rs1_addr: 24, rs1_rdata: 0000007d, rs2_addr:  7, rs2_rdata: 003fbb6f, rd_addr: 25, rd_wdata: 00000000, mem_addr: 00000000, mem_rdata: 00000000, mem_wdata: 003fbb6f
ClkCycle:       8034, pc_rdata: 00028084, pc_wdata: 00028088, insn: 039c5793, mode: 3, rs1_addr: 24, rs1_rdata: 0000007d, rs2_addr: 25, rs2_rdata: 00000000, rd_addr: 15, rd_wdata: 00000000, mem_addr: 00000000, mem_rdata: 00000000, mem_wdata: 00000000
ClkCycle:       8035, pc_rdata: 00028088, pc_wdata: 0002808c, insn: 00fcecb3, mode: 3, rs1_addr: 25, rs1_rdata: 00000000, rs2_addr: 15, rs2_rdata: 00000000, rd_addr: 25, rd_wdata: 00000000, mem_addr: 00000000, mem_rdata: 00000000, mem_wdata: 00000000
ClkCycle:       8036, pc_rdata: 0002808c, pc_wdata: 00028090, insn: 007cdd13, mode: 3, rs1_addr: 25, rs1_rdata: 00000000, rs2_addr:  7, rs2_rdata: 003fbb6f, rd_addr: 26, rd_wdata: 00000000, mem_addr: 00000000, mem_rdata: 00000000, mem_wdata: 003fbb6f
ClkCycle:       8037, pc_rdata: 00028090, pc_wdata: 00028094, insn: 039cd793, mode: 3, rs1_addr: 25, rs1_rdata: 00000000, rs2_addr: 25, rs2_rdata: 00000000, rd_addr: 15, rd_wdata: 00000000, mem_addr: 00000000, mem_rdata: 00000000, mem_wdata: 00000000
ClkCycle:       8038, pc_rdata: 00028094, pc_wdata: 00028098, insn: 00fd6d33, mode: 3, rs1_addr: 26, rs1_rdata: 00000000, rs2_addr: 15, rs2_rdata: 00000000, rd_addr: 26, rd_wdata: 00000000, mem_addr: 00000000, mem_rdata: 00000000, mem_wdata: 00000000
ClkCycle:       8039, pc_rdata: 00028098, pc_wdata: 0002809c, insn: 007d5d93, mode: 3, rs1_addr: 26, rs1_rdata: 00000000, rs2_addr:  7, rs2_rdata: 003fbb6f, rd_addr: 27, rd_wdata: 00000000, mem_addr: 00000000, mem_rdata: 00000000, mem_wdata: 003fbb6f
ClkCycle:       8040, pc_rdata: 0002809c, pc_wdata: 000280a0, insn: 039d5793, mode: 3, rs1_addr: 26, rs1_rdata: 00000000, rs2_addr: 25, rs2_rdata: 00000000, rd_addr: 15, rd_wdata: 00000000, mem_addr: 00000000, mem_rdata: 00000000, mem_wdata: 00000000
ClkCycle:       8041, pc_rdata: 000280a0, pc_wdata: 000280a4, insn: 00fdedb3, mode: 3, rs1_addr: 27, rs1_rdata: 00000000, rs2_addr: 15, rs2_rdata: 00000000, rd_addr: 27, rd_wdata: 00000000, mem_addr: 00000000, mem_rdata: 00000000, mem_wdata: 00000000
ClkCycle:       8042, pc_rdata: 000280a4, pc_wdata: 000280a8, insn: 007dde13, mode: 3, rs1_addr: 27, rs1_rdata: 00000000, rs2_addr:  7, rs2_rdata: 003fbb6f, rd_addr: 28, rd_wdata: 00000000, mem_addr: 00000000, mem_rdata: 00000000, mem_wdata: 003fbb6f
ClkCycle:       8043, pc_rdata: 000280a8, pc_wdata: 000280ac, insn: 039dd793, mode: 3, rs1_addr: 27, rs1_rdata: 00000000, rs2_addr: 25, rs2_rdata: 00000000, rd_addr: 15, rd_wdata: 00000000, mem_addr: 00000000, mem_rdata: 00000000, mem_wdata: 00000000
ClkCycle:       8044, pc_rdata: 000280ac, pc_wdata: 000280b0, insn: 00fe6e33, mode: 3, rs1_addr: 28, rs1_rdata: 00000000, rs2_addr: 15, rs2_rdata: 00000000, rd_addr: 28, rd_wdata: 00000000, mem_addr: 00000000, mem_rdata: 00000000, mem_wdata: 00000000
ClkCycle:       8045, pc_rdata: 000280b0, pc_wdata: 000280b4, insn: 007e5e93, mode: 3, rs1_addr: 28, rs1_rdata: 00000000, rs2_addr:  7, rs2_rdata: 003fbb6f, rd_addr: 29, rd_wdata: 00000000, mem_addr: 00000000, mem_rdata: 00000000, mem_wdata: 003fbb6f
ClkCycle:       8046, pc_rdata: 000280b4, pc_wdata: 000280b8, insn: 039e5793, mode: 3, rs1_addr: 28, rs1_rdata: 00000000, rs2_addr: 25, rs2_rdata: 00000000, rd_addr: 15, rd_wdata: 00000000, mem_addr: 00000000, mem_rdata: 00000000, mem_wdata: 00000000
ClkCycle:       8047, pc_rdata: 000280b8, pc_wdata: 000280bc, insn: 00feeeb3, mode: 3, rs1_addr: 29, rs1_rdata: 00000000, rs2_addr: 15, rs2_rdata: 00000000, rd_addr: 29, rd_wdata: 00000000, mem_addr: 00000000, mem_rdata: 00000000, mem_wdata: 00000000
ClkCycle:       8048, pc_rdata: 000280bc, pc_wdata: 000280c0, insn: 007edf13, mode: 3, rs1_addr: 29, rs1_rdata: 00000000, rs2_addr:  7, rs2_rdata: 003fbb6f, rd_addr: 30, rd_wdata: 00000000, mem_addr: 00000000, mem_rdata: 00000000, mem_wdata: 003fbb6f
ClkCycle:       8049, pc_rdata: 000280c0, pc_wdata: 000280c4, insn: 039ed793, mode: 3, rs1_addr: 29, rs1_rdata: 00000000, rs2_addr: 25, rs2_rdata: 00000000, rd_addr: 15, rd_wdata: 00000000, mem_addr: 00000000, mem_rdata: 00000000, mem_wdata: 00000000
ClkCycle:       8050, pc_rdata: 000280c4, pc_wdata: 000280c8, insn: 00ff6f33, mode: 3, rs1_addr: 30, rs1_rdata: 00000000, rs2_addr: 15, rs2_rdata: 00000000, rd_addr: 30, rd_wdata: 00000000, mem_addr: 00000000, mem_rdata: 00000000, mem_wdata: 00000000
ClkCycle:       8051, pc_rdata: 000280c8, pc_wdata: 000280cc, insn: feedc0b7, mode: 3, rs1_addr: 27, rs1_rdata: 00000000, rs2_addr: 14, rs2_rdata: 00000000, rd_addr:  1, rd_wdata: feedc000, mem_addr: feedc000, mem_rdata: 00000000, mem_wdata: 00000000
ClkCycle:       8052, pc_rdata: 000280cc, pc_wdata: 000280d0, insn: ead08093, mode: 3, rs1_addr:  1, rs1_rdata: 00017118, rs2_addr: 13, rs2_rdata: 00000000, rd_addr:  1, rd_wdata: feedbead, mem_addr: feedbead, mem_rdata: 00000000, mem_wdata: 00000000
ClkCycle:       8053, pc_rdata: 000280d0, pc_wdata: 000280d4, insn: 00b09093, mode: 3, rs1_addr:  1, rs1_rdata: 00017118, rs2_addr: 11, rs2_rdata: 00000000, rd_addr:  1, rd_wdata: 6df56800, mem_addr: 6df56800, mem_rdata: 00000000, mem_wdata: 00000000
ClkCycle:       8054, pc_rdata: 000280d4, pc_wdata: 000280d8, insn: 7f708093, mode: 3, rs1_addr:  1, rs1_rdata: feedc000, rs2_addr: 23, rs2_rdata: 00003ead, rd_addr:  1, rd_wdata: 6df56ff7, mem_addr: 6df56ff7, mem_rdata: 00000000, mem_wdata: 00003ead
ClkCycle:       8055, pc_rdata: 000280d8, pc_wdata: 000280dc, insn: 00b09093, mode: 3, rs1_addr:  1, rs1_rdata: feedbead, rs2_addr: 11, rs2_rdata: 00000000, rd_addr:  1, rd_wdata: ab7fb800, mem_addr: ab7fb800, mem_rdata: 00000000, mem_wdata: 00000000
ClkCycle:       8056, pc_rdata: 000280dc, pc_wdata: 000280e0, insn: 36f08093, mode: 3, rs1_addr:  1, rs1_rdata: 6df56800, rs2_addr: 15, rs2_rdata: 00000000, rd_addr:  1, rd_wdata: ab7fbb6f, mem_addr: ab7fbb6f, mem_rdata: 00000000, mem_wdata: 00000000
ClkCycle:       8057, pc_rdata: 000280e0, pc_wdata: 000280e4, insn: 00a09093, mode: 3, rs1_addr:  1, rs1_rdata: 6df56ff7, rs2_addr: 10, rs2_rdata: 00000000, rd_addr:  1, rd_wdata: feedbc00, mem_addr: feedbc00, mem_rdata: 00000000, mem_wdata: 00000000
ClkCycle:       8058, pc_rdata: 000280e4, pc_wdata: 000280e8, insn: 2ad08093, mode: 3, rs1_addr:  1, rs1_rdata: ab7fb800, rs2_addr: 13, rs2_rdata: 00000000, rd_addr:  1, rd_wdata: feedbead, mem_addr: feedbead, mem_rdata: 00000000, mem_wdata: 00000000
ClkCycle:       8059, pc_rdata: 000280e8, pc_wdata: 000280ec, insn: 0070d113, mode: 3, rs1_addr:  1, rs1_rdata: ab7fbb6f, rs2_addr:  7, rs2_rdata: 003fbb6f, rd_addr:  2, rd_wdata: 5bfddb7d, mem_addr: 5bfddb7d, mem_rdata: 00000000, mem_wdata: 003fbb6f
ClkCycle:       8060, pc_rdata: 000280ec, pc_wdata: 000280f0, insn: 0390d793, mode: 3, rs1_addr:  1, rs1_rdata: feedbc00, rs2_addr: 25, rs2_rdata: 00000000, rd_addr: 15, rd_wdata: 76df56ff, mem_addr: 76df56ff, mem_rdata: 00000000, mem_wdata: 00000000
ClkCycle:       8061, pc_rdata: 000280f0, pc_wdata: 000280f4, insn: 00f16133, mode: 3, rs1_addr:  2, rs1_rdata: 7fffdfff, rs2_addr: 15, rs2_rdata: 00000000, rd_addr:  2, rd_wdata: 7fffdfff, mem_addr: 7fffdfff, mem_rdata: 00000000, mem_wdata: 76df56ff
ClkCycle:       8062, pc_rdata: 000280f4, pc_wdata: 000280f8, insn: 00715193, mode: 3, rs1_addr:  2, rs1_rdata: 5bfddb7d, rs2_addr:  7, rs2_rdata: 003fbb6f, rd_addr:  3, rd_wdata: feffffbf, mem_addr: feffffbf, mem_rdata: 00000000, mem_wdata: 003fbb6f
ClkCycle:       8063, pc_rdata: 000280f8, pc_wdata: 000280fc, insn: 03915793, mode: 3, rs1_addr:  2, rs1_rdata: 5bfddb7d, rs2_addr: 25, rs2_rdata: 00000000, rd_addr: 15, rd_wdata: feedbfbf, mem_addr: feedbfbf, mem_rdata: 00000000, mem_wdata: 00000000
ClkCycle:       8064, pc_rdata: 000280fc, pc_wdata: 00028100, insn: 00f1e1b3, mode: 3, rs1_addr:  3, rs1_rdata: feffffbf, rs2_addr: 15, rs2_rdata: 76df56ff, rd_addr:  3, rd_wdata: feffffbf, mem_addr: feffffbf, mem_rdata: 00000000, mem_wdata: feedbfbf
ClkCycle:       8065, pc_rdata: 00028100, pc_wdata: 00028104, insn: 0071d213, mode: 3, rs1_addr:  3, rs1_rdata: feffffbf, rs2_addr:  7, rs2_rdata: 003fbb6f, rd_addr:  4, rd_wdata: 6dfdffff, mem_addr: 6dfdffff, mem_rdata: 00000000, mem_wdata: 003fbb6f
ClkCycle:       8066, pc_rdata: 00028104, pc_wdata: 00028108, insn: 0391d793, mode: 3, rs1_addr:  3, rs1_rdata: feffffbf, rs2_addr: 25, rs2_rdata: 00000000, rd_addr: 15, rd_wdata: 01fddb7f, mem_addr: 01fddb7f, mem_rdata: 00000000, mem_wdata: 00000000
ClkCycle:       8067, pc_rdata: 00028108, pc_wdata: 0002810c, insn: 00f26233, mode: 3, rs1_addr:  4, rs1_rdata: 6dfdffff, rs2_addr: 15, rs2_rdata: feedbfbf, rd_addr:  4, rd_wdata: 6dfdffff, mem_addr: 6dfdffff, mem_rdata: 00000000, mem_wdata: 01fddb7f
ClkCycle:       8068, pc_rdata: 0002810c, pc_wdata: 00028110, insn: 00725293, mode: 3, rs1_addr:  4, rs1_rdata: 6dfdffff, rs2_addr:  7, rs2_rdata: 003fbb6f, rd_addr:  5, rd_wdata: eedbfbff, mem_addr: eedbfbff, mem_rdata: 00000000, mem_wdata: 003fbb6f
ClkCycle:       8069, pc_rdata: 00028110, pc_wdata: 00028114, insn: 03925793, mode: 3, rs1_addr:  4, rs1_rdata: 6dfdffff, rs2_addr: 25, rs2_rdata: 00000000, rd_addr: 15, rd_wdata: 0003fbb6, mem_addr: 0003fbb6, mem_rdata: 00000000, mem_wdata: 00000000
ClkCycle:       8070, pc_rdata: 00028114, pc_wdata: 00028118, insn: 00f2e2b3, mode: 3, rs1_addr:  5, rs1_rdata: eedbfbff, rs2_addr: 15, rs2_rdata: 01fddb7f, rd_addr:  5, rd_wdata: eedbfbff, mem_addr: eedbfbff, mem_rdata: 00000000, mem_wdata: 0003fbb6
ClkCycle:       8071, pc_rdata: 00028118, pc_wdata: 0002811c, insn: 0072d313, mode: 3, rs1_addr:  5, rs1_rdata: eedbfbff, rs2_addr:  7, rs2_rdata: 003fbb6f, rd_addr:  6, rd_wdata: 1fddb7f7, mem_addr: 1fddb7f7, mem_rdata: 00000000, mem_wdata: 003fbb6f
ClkCycle:       8072, pc_rdata: 0002811c, pc_wdata: 00028120, insn: 0392d793, mode: 3, rs1_addr:  5, rs1_rdata: eedbfbff, rs2_addr: 25, rs2_rdata: 00000000, rd_addr: 15, rd_wdata: 000007f7, mem_addr: 000007f7, mem_rdata: 00000000, mem_wdata: 00000000
ClkCycle:       8073, pc_rdata: 00028120, pc_wdata: 00028124, insn: 00f36333, mode: 3, rs1_addr:  6, rs1_rdata: 1fddb7f7, rs2_addr: 15, rs2_rdata: 0003fbb6, rd_addr:  6, rd_wdata: 1fddb7f7, mem_addr: 1fddb7f7, mem_rdata: 00000000, mem_wdata: 000007f7
ClkCycle:       8074, pc_rdata: 00028124, pc_wdata: 00028128, insn: 00735393, mode: 3, rs1_addr:  6, rs1_rdata: 1fddb7f7, rs2_addr:  7, rs2_rdata: 003fbb6f, rd_addr:  7, rd_wdata: 003fbb6f, mem_addr: 003fbb6f, mem_rdata: 00000000, mem_wdata: 003fbb6f
ClkCycle:       8075, pc_rdata: 00028128, pc_wdata: 0002812c, insn: 03935793, mode: 3, rs1_addr:  6, rs1_rdata: 1fddb7f7, rs2_addr: 25, rs2_rdata: 00000000, rd_addr: 15, rd_wdata: 0000000f, mem_addr: 0000000f, mem_rdata: 00000000, mem_wdata: 00000000
ClkCycle:       8076, pc_rdata: 0002812c, pc_wdata: 00028130, insn: 00f3e3b3, mode: 3, rs1_addr:  7, rs1_rdata: 003fbb6f, rs2_addr: 15, rs2_rdata: 000007f7, rd_addr:  7, rd_wdata: 003fbb6f, mem_addr: 003fbb6f, mem_rdata: 00000000, mem_wdata: 0000000f
ClkCycle:       8077, pc_rdata: 00028130, pc_wdata: 00028134, insn: 0073d413, mode: 3, rs1_addr:  7, rs1_rdata: 003fbb6f, rs2_addr:  7, rs2_rdata: 003fbb6f, rd_addr:  8, rd_wdata: 00007f76, mem_addr: 00007f76, mem_rdata: 00000000, mem_wdata: 003fbb6f
ClkCycle:       8078, pc_rdata: 00028134, pc_wdata: 00028138, insn: 0393d793, mode: 3, rs1_addr:  7, rs1_rdata: 003fbb6f, rs2_addr: 25, rs2_rdata: 00000000, rd_addr: 15, rd_wdata: 00000000, mem_addr: 00000000, mem_rdata: 00000000, mem_wdata: 00000000
ClkCycle:       8079, pc_rdata: 00028138, pc_wdata: 0002813c, insn: 00f46433, mode: 3, rs1_addr:  8, rs1_rdata: 7fffdfff, rs2_addr: 15, rs2_rdata: 0000000f, rd_addr:  8, rd_wdata: 00007f76, mem_addr: 00007f76, mem_rdata: 00000000, mem_wdata: 00000000
ClkCycle:       8080, pc_rdata: 0002813c, pc_wdata: 00028140, insn: 00745493, mode: 3, rs1_addr:  8, rs1_rdata: 00007f76, rs2_addr:  7, rs2_rdata: 003fbb6f, rd_addr:  9, rd_wdata: 000000fe, mem_addr: 000000fe, mem_rdata: 00000000, mem_wdata: 003fbb6f
ClkCycle:       8081, pc_rdata: 00028140, pc_wdata: 00028144, insn: 03945793, mode: 3, rs1_addr:  8, rs1_rdata: 00007f76, rs2_addr: 25, rs2_rdata: 00000000, rd_addr: 15, rd_wdata: 00000000, mem_addr: 00000000, mem_rdata: 00000000, mem_wdata: 00000000
ClkCycle:       8082, pc_rdata: 00028144, pc_wdata: 00028148, insn: 00f4e4b3, mode: 3, rs1_addr:  9, rs1_rdata: 00000000, rs2_addr: 15, rs2_rdata: 00000000, rd_addr:  9, rd_wdata: 000000fe, mem_addr: 000000fe, mem_rdata: 00000000, mem_wdata: 00000000
ClkCycle:       8083, pc_rdata: 00028148, pc_wdata: 0002814c, insn: 0074d513, mode: 3, rs1_addr:  9, rs1_rdata: 000000fe, rs2_addr:  7, rs2_rdata: 003fbb6f, rd_addr: 10, rd_wdata: 00000001, mem_addr: 00000001, mem_rdata: 00000000, mem_wdata: 003fbb6f
ClkCycle:       8084, pc_rdata: 0002814c, pc_wdata: 00028150, insn: 0394d793, mode: 3, rs1_addr:  9, rs1_rdata: 000000fe, rs2_addr: 25, rs2_rdata: 00000000, rd_addr: 15, rd_wdata: 00000000, mem_addr: 00000000, mem_rdata: 00000000, mem_wdata: 00000000
ClkCycle:       8085, pc_rdata: 00028150, pc_wdata: 00028154, insn: 00f56533, mode: 3, rs1_addr: 10, rs1_rdata: 00000000, rs2_addr: 15, rs2_rdata: 00000000, rd_addr: 10, rd_wdata: 00000001, mem_addr: 00000001, mem_rdata: 00000000, mem_wdata: 00000000
ClkCycle:       8086, pc_rdata: 00028154, pc_wdata: 00028158, insn: 00755593, mode: 3, rs1_addr: 10, rs1_rdata: 00000001, rs2_addr:  7, rs2_rdata: 003fbb6f, rd_addr: 11, rd_wdata: 00000000, mem_addr: 00000000, mem_rdata: 00000000, mem_wdata: 003fbb6f
ClkCycle:       8087, pc_rdata: 00028158, pc_wdata: 0002815c, insn: 03955793, mode: 3, rs1_addr: 10, rs1_rdata: 00000001, rs2_addr: 25, rs2_rdata: 00000000, rd_addr: 15, rd_wdata: 00000000, mem_addr: 00000000, mem_rdata: 00000000, mem_wdata: 00000000
ClkCycle:       8088, pc_rdata: 0002815c, pc_wdata: 00028160, insn: 00f5e5b3, mode: 3, rs1_addr: 11, rs1_rdata: 00000000, rs2_addr: 15, rs2_rdata: 00000000, rd_addr: 11, rd_wdata: 00000000, mem_addr: 00000000, mem_rdata: 00000000, mem_wdata: 00000000
ClkCycle:       8089, pc_rdata: 00028160, pc_wdata: 00028164, insn: 0075d613, mode: 3, rs1_addr: 11, rs1_rdata: 00000000, rs2_addr:  7, rs2_rdata: 003fbb6f, rd_addr: 12, rd_wdata: 00000000, mem_addr: 00000000, mem_rdata: 00000000, mem_wdata: 003fbb6f
ClkCycle:       8090, pc_rdata: 00028164, pc_wdata: 00028168, insn: 0395d793, mode: 3, rs1_addr: 11, rs1_rdata: 00000000, rs2_addr: 25, rs2_rdata: 00000000, rd_addr: 15, rd_wdata: 00000000, mem_addr: 00000000, mem_rdata: 00000000, mem_wdata: 00000000
ClkCycle:       8091, pc_rdata: 00028168, pc_wdata: 0002816c, insn: 00f66633, mode: 3, rs1_addr: 12, rs1_rdata: 7fffe14b, rs2_addr: 15, rs2_rdata: 00000000, rd_addr: 12, rd_wdata: 00000000, mem_addr: 00000000, mem_rdata: 00000000, mem_wdata: 00000000
ClkCycle:       8092, pc_rdata: 0002816c, pc_wdata: 00028170, insn: 00765693, mode: 3, rs1_addr: 12, rs1_rdata: 00000000, rs2_addr:  7, rs2_rdata: 003fbb6f, rd_addr: 13, rd_wdata: 00000000, mem_addr: 00000000, mem_rdata: 00000000, mem_wdata: 003fbb6f
ClkCycle:       8093, pc_rdata: 00028170, pc_wdata: 00028174, insn: 03965793, mode: 3, rs1_addr: 12, rs1_rdata: 00000000, rs2_addr: 25, rs2_rdata: 00000000, rd_addr: 15, rd_wdata: 00000000, mem_addr: 00000000, mem_rdata: 00000000, mem_wdata: 00000000
ClkCycle:       8094, pc_rdata: 00028174, pc_wdata: 00028178, insn: 00f6e6b3, mode: 3, rs1_addr: 13, rs1_rdata: 00000000, rs2_addr: 15, rs2_rdata: 00000000, rd_addr: 13, rd_wdata: 00000000, mem_addr: 00000000, mem_rdata: 00000000, mem_wdata: 00000000
ClkCycle:       8095, pc_rdata: 00028178, pc_wdata: 0002817c, insn: 00000013, mode: 3, rs1_addr:  0, rs1_rdata: 00000000, rs2_addr:  0, rs2_rdata: 00000000, rd_addr:  0, rd_wdata: 00000000, mem_addr: 00000000, mem_rdata: 00000000, mem_wdata: 00000000
ClkCycle:       8096, pc_rdata: 0002817c, pc_wdata: 00028180, insn: 00000013, mode: 3, rs1_addr:  0, rs1_rdata: 00000000, rs2_addr:  0, rs2_rdata: 00000000, rd_addr:  0, rd_wdata: 00000000, mem_addr: 00000000, mem_rdata: 00000000, mem_wdata: 00000000
ClkCycle:       8097, pc_rdata: 00028180, pc_wdata: 00028184, insn: 00003097, mode: 3, rs1_addr:  0, rs1_rdata: 00000000, rs2_addr:  0, rs2_rdata: 00000000, rd_addr:  1, rd_wdata: 0002b180, mem_addr: 0002b180, mem_rdata: 00000000, mem_wdata: 00000000
ClkCycle:       8098, pc_rdata: 00028184, pc_wdata: 00028188, insn: f9808093, mode: 3, rs1_addr:  1, rs1_rdata: feedbead, rs2_addr: 24, rs2_rdata: 0000007d, rd_addr:  1, rd_wdata: 0002b118, mem_addr: 0002b118, mem_rdata: 00000000, mem_wdata: 0000007d
ClkCycle:       8099, pc_rdata: 00028188, pc_wdata: 0002818c, insn: 00000013, mode: 3, rs1_addr:  0, rs1_rdata: 00000000, rs2_addr:  0, rs2_rdata: 00000000, rd_addr:  0, rd_wdata: 00000000, mem_addr: 00000000, mem_rdata: 00000000, mem_wdata: 00000000
ClkCycle:       8100, pc_rdata: 0002818c, pc_wdata: 00028190, insn: 00000013, mode: 3, rs1_addr:  0, rs1_rdata: 00000000, rs2_addr:  0, rs2_rdata: 00000000, rd_addr:  0, rd_wdata: 00000000, mem_addr: 00000000, mem_rdata: 00000000, mem_wdata: 00000000
ClkCycle:       8101, pc_rdata: 00028190, pc_wdata: 00028194, insn: 00000013, mode: 3, rs1_addr:  0, rs1_rdata: 00000000, rs2_addr:  0, rs2_rdata: 00000000, rd_addr:  0, rd_wdata: 00000000, mem_addr: 00000000, mem_rdata: 00000000, mem_wdata: 00000000
ClkCycle:       8102, pc_rdata: 00028194, pc_wdata: 00028198, insn: 00000013, mode: 3, rs1_addr:  0, rs1_rdata: 00000000, rs2_addr:  0, rs2_rdata: 00000000, rd_addr:  0, rd_wdata: 00000000, mem_addr: 00000000, mem_rdata: 00000000, mem_wdata: 00000000
ClkCycle:       8103, pc_rdata: 00028198, pc_wdata: 0002819c, insn: 00000013, mode: 3, rs1_addr:  0, rs1_rdata: 00000000, rs2_addr:  0, rs2_rdata: 00000000, rd_addr:  0, rd_wdata: 00000000, mem_addr: 00000000, mem_rdata: 00000000, mem_wdata: 00000000
ClkCycle:       8104, pc_rdata: 0002819c, pc_wdata: 000281a0, insn: 00000013, mode: 3, rs1_addr:  0, rs1_rdata: 00000000, rs2_addr:  0, rs2_rdata: 00000000, rd_addr:  0, rd_wdata: 00000000, mem_addr: 00000000, mem_rdata: 00000000, mem_wdata: 00000000
ClkCycle:       8105, pc_rdata: 000281a0, pc_wdata: 000281a4, insn: 00002717, mode: 3, rs1_addr:  0, rs1_rdata: 00000000, rs2_addr:  0, rs2_rdata: 00000000, rd_addr: 14, rd_wdata: 0002a1a0, mem_addr: 0002a1a0, mem_rdata: 00000000, mem_wdata: 00000000
ClkCycle:       8106, pc_rdata: 000281a4, pc_wdata: 000281a8, insn: df470713, mode: 3, rs1_addr: 14, rs1_rdata: 00000000, rs2_addr: 20, rs2_rdata: d5bfff6f, rd_addr: 14, rd_wdata: 00029f94, mem_addr: 00029f94, mem_rdata: 00000000, mem_wdata: d5bfff6f
ClkCycle:       8107, pc_rdata: 000281a8, pc_wdata: 000281ac, insn: 00000013, mode: 3, rs1_addr:  0, rs1_rdata: 00000000, rs2_addr:  0, rs2_rdata: 00000000, rd_addr:  0, rd_wdata: 00000000, mem_addr: 00000000, mem_rdata: 00000000, mem_wdata: 00000000
ClkCycle:       8108, pc_rdata: 000281ac, pc_wdata: 000281b0, insn: 00000013, mode: 3, rs1_addr:  0, rs1_rdata: 00000000, rs2_addr:  0, rs2_rdata: 00000000, rd_addr:  0, rd_wdata: 00000000, mem_addr: 00000000, mem_rdata: 00000000, mem_wdata: 00000000
ClkCycle:       8109, pc_rdata: 000281b0, pc_wdata: 000281b4, insn: 00000013, mode: 3, rs1_addr:  0, rs1_rdata: 00000000, rs2_addr:  0, rs2_rdata: 00000000, rd_addr:  0, rd_wdata: 00000000, mem_addr: 00000000, mem_rdata: 00000000, mem_wdata: 00000000
ClkCycle:       8110, pc_rdata: 000281b4, pc_wdata: 000281b8, insn: 00000013, mode: 3, rs1_addr:  0, rs1_rdata: 00000000, rs2_addr:  0, rs2_rdata: 00000000, rd_addr:  0, rd_wdata: 00000000, mem_addr: 00000000, mem_rdata: 00000000, mem_wdata: 00000000
ClkCycle:       8111, pc_rdata: 000281b8, pc_wdata: 000281bc, insn: 00000013, mode: 3, rs1_addr:  0, rs1_rdata: 00000000, rs2_addr:  0, rs2_rdata: 00000000, rd_addr:  0, rd_wdata: 00000000, mem_addr: 00000000, mem_rdata: 00000000, mem_wdata: 00000000
ClkCycle:       8112, pc_rdata: 000281bc, pc_wdata: 000281c0, insn: 00000013, mode: 3, rs1_addr:  0, rs1_rdata: 00000000, rs2_addr:  0, rs2_rdata: 00000000, rd_addr:  0, rd_wdata: 00000000, mem_addr: 00000000, mem_rdata: 00000000, mem_wdata: 00000000
ClkCycle:       8113, pc_rdata: 000281c0, pc_wdata: 000281c2, insn: 00015770, mode: 3, rs1_addr: 14, rs1_rdata: 00029f94, rs2_addr: 12, rs2_rdata: 00000000, rd_addr: 12, rd_wdata: 00000000, mem_addr: 0002a000, mem_rdata: 00000000, mem_wdata: 00000000
ClkCycle:       8114, pc_rdata: 000281c2, pc_wdata: 000281c6, insn: 00015770, mode: 3, rs1_addr:  0, rs1_rdata: 00000000, rs2_addr:  0, rs2_rdata: 00000000, rd_addr:  0, rd_wdata: 00000000, mem_addr: 00000000, mem_rdata: 00000000, mem_wdata: 00000000
ClkCycle:       8115, pc_rdata: 000281c6, pc_wdata: 000281c8, insn: 001300c0, mode: 3, rs1_addr:  0, rs1_rdata: 00000000, rs2_addr:  0, rs2_rdata: 00000000, rd_addr:  0, rd_wdata: 00000000, mem_addr: 00000000, mem_rdata: 00000000, mem_wdata: 00000000
ClkCycle:       8116, pc_rdata: 000281c8, pc_wdata: 000281ca, insn: 001300c0, mode: 3, rs1_addr:  2, rs1_rdata: 7fffdfff, rs2_addr:  4, rs2_rdata: 6dfdffff, rd_addr:  8, rd_wdata: 7fffe043, mem_addr: 7fffe043, mem_rdata: 00000000, mem_wdata: 6dfdffff
ClkCycle:       8117, pc_rdata: 000281ca, pc_wdata: 000281ce, insn: 001300c0, mode: 3, rs1_addr:  0, rs1_rdata: 00000000, rs2_addr:  0, rs2_rdata: 00000000, rd_addr:  0, rd_wdata: 00000000, mem_addr: 00000000, mem_rdata: 00000000, mem_wdata: 00000000
ClkCycle:       8118, pc_rdata: 000281ce, pc_wdata: 000281d2, insn: 00130000, mode: 3, rs1_addr:  0, rs1_rdata: 00000000, rs2_addr:  0, rs2_rdata: 00000000, rd_addr:  0, rd_wdata: 00000000, mem_addr: 00000000, mem_rdata: 00000000, mem_wdata: 00000000
ClkCycle:       8119, pc_rdata: 000281d2, pc_wdata: 000281d6, insn: 00130000, mode: 3, rs1_addr:  0, rs1_rdata: 00000000, rs2_addr:  0, rs2_rdata: 00000000, rd_addr:  0, rd_wdata: 00000000, mem_addr: 00000000, mem_rdata: 00000000, mem_wdata: 00000000
ClkCycle:       8120, pc_rdata: 000281d6, pc_wdata: 000281da, insn: 00130000, mode: 3, rs1_addr:  0, rs1_rdata: 00000000, rs2_addr:  0, rs2_rdata: 00000000, rd_addr:  0, rd_wdata: 00000000, mem_addr: 00000000, mem_rdata: 00000000, mem_wdata: 00000000
ClkCycle:       8121, pc_rdata: 000281da, pc_wdata: 000281de, insn: 00130000, mode: 3, rs1_addr:  0, rs1_rdata: 00000000, rs2_addr:  0, rs2_rdata: 00000000, rd_addr:  0, rd_wdata: 00000000, mem_addr: 00000000, mem_rdata: 00000000, mem_wdata: 00000000
ClkCycle:       8122, pc_rdata: 000281de, pc_wdata: 000281e2, insn: 00002517, mode: 3, rs1_addr: 14, rs1_rdata: 00029f94, rs2_addr: 17, rs2_rdata: edffffff, rd_addr:  0, rd_wdata: 0002a1e5, mem_addr: 0002a1e5, mem_rdata: 00000000, mem_wdata: edffffff
ClkCycle:       8123, pc_rdata: 000281e2, pc_wdata: 000281e6, insn: 00002517, mode: 3, rs1_addr:  0, rs1_rdata: 00000000, rs2_addr:  0, rs2_rdata: 00000000, rd_addr:  0, rd_wdata: 00000000, mem_addr: 00000000, mem_rdata: 00000000, mem_wdata: 00000000
ClkCycle:       8124, pc_rdata: 000281e6, pc_wdata: 000281e8, insn: 00000013, mode: 3, rs1_addr:  2, rs1_rdata: 7fffdfff, rs2_addr:  0, rs2_rdata: 00000000, rd_addr:  8, rd_wdata: 7fffdfff, mem_addr: 7fffdfff, mem_rdata: 00000000, mem_wdata: 00000000
ClkCycle:       8125, pc_rdata: 000281e8, pc_wdata: 000281ec, insn: 00000013, mode: 3, rs1_addr:  0, rs1_rdata: 00000000, rs2_addr:  0, rs2_rdata: 00000000, rd_addr:  0, rd_wdata: 00000000, mem_addr: 00000000, mem_rdata: 00000000, mem_wdata: 00000000
ClkCycle:       8126, pc_rdata: 000281ec, pc_wdata: 000281f0, insn: 00000013, mode: 3, rs1_addr:  0, rs1_rdata: 00000000, rs2_addr:  0, rs2_rdata: 00000000, rd_addr:  0, rd_wdata: 00000000, mem_addr: 00000000, mem_rdata: 00000000, mem_wdata: 00000000
ClkCycle:       8127, pc_rdata: 000281f0, pc_wdata: 000281f4, insn: 00000013, mode: 3, rs1_addr:  0, rs1_rdata: 00000000, rs2_addr:  0, rs2_rdata: 00000000, rd_addr:  0, rd_wdata: 00000000, mem_addr: 00000000, mem_rdata: 00000000, mem_wdata: 00000000
ClkCycle:       8128, pc_rdata: 000281f4, pc_wdata: 000281f8, insn: 00000013, mode: 3, rs1_addr:  0, rs1_rdata: 00000000, rs2_addr:  0, rs2_rdata: 00000000, rd_addr:  0, rd_wdata: 00000000, mem_addr: 00000000, mem_rdata: 00000000, mem_wdata: 00000000
ClkCycle:       8129, pc_rdata: 000281f8, pc_wdata: 000281fc, insn: 00000013, mode: 3, rs1_addr:  0, rs1_rdata: 00000000, rs2_addr:  0, rs2_rdata: 00000000, rd_addr:  0, rd_wdata: 00000000, mem_addr: 00000000, mem_rdata: 00000000, mem_wdata: 00000000
ClkCycle:       8130, pc_rdata: 000281fc, pc_wdata: 00028200, insn: 00000013, mode: 3, rs1_addr:  0, rs1_rdata: 00000000, rs2_addr:  0, rs2_rdata: 00000000, rd_addr:  0, rd_wdata: 00000000, mem_addr: 00000000, mem_rdata: 00000000, mem_wdata: 00000000
ClkCycle:       8131, pc_rdata: 00028200, pc_wdata: 00028202, insn: 00014108, mode: 3, rs1_addr: 10, rs1_rdata: 00000001, rs2_addr:  0, rs2_rdata: 00000000, rd_addr: 10, rd_wdata: 00000000, mem_addr: 00000001, mem_rdata: 00000000, mem_wdata: 00000000
ClkCycle:       8132, pc_rdata: 00028202, pc_wdata: 00028206, insn: 00014108, mode: 3, rs1_addr:  0, rs1_rdata: 00000000, rs2_addr:  0, rs2_rdata: 00000000, rd_addr:  0, rd_wdata: 00000000, mem_addr: 00000000, mem_rdata: 00000000, mem_wdata: 00000000
ClkCycle:       8133, pc_rdata: 00028206, pc_wdata: 00028208, insn: 001300a0, mode: 3, rs1_addr:  0, rs1_rdata: 00000000, rs2_addr:  0, rs2_rdata: 00000000, rd_addr:  0, rd_wdata: 00000000, mem_addr: 00000000, mem_rdata: 00000000, mem_wdata: 00000000
ClkCycle:       8134, pc_rdata: 00028208, pc_wdata: 0002820a, insn: 001300a0, mode: 3, rs1_addr:  2, rs1_rdata: 7fffdfff, rs2_addr:  8, rs2_rdata: 7fffdfff, rd_addr:  8, rd_wdata: 7fffe047, mem_addr: 7fffe047, mem_rdata: 00000000, mem_wdata: 7fffdfff
ClkCycle:       8135, pc_rdata: 0002820a, pc_wdata: 0002820e, insn: 001300a0, mode: 3, rs1_addr:  0, rs1_rdata: 00000000, rs2_addr:  0, rs2_rdata: 00000000, rd_addr:  0, rd_wdata: 00000000, mem_addr: 00000000, mem_rdata: 00000000, mem_wdata: 00000000
ClkCycle:       8136, pc_rdata: 0002820e, pc_wdata: 00028212, insn: 00130000, mode: 3, rs1_addr:  0, rs1_rdata: 00000000, rs2_addr:  0, rs2_rdata: 00000000, rd_addr:  0, rd_wdata: 00000000, mem_addr: 00000000, mem_rdata: 00000000, mem_wdata: 00000000
ClkCycle:       8137, pc_rdata: 00028212, pc_wdata: 00028216, insn: 00130000, mode: 3, rs1_addr:  0, rs1_rdata: 00000000, rs2_addr:  0, rs2_rdata: 00000000, rd_addr:  0, rd_wdata: 00000000, mem_addr: 00000000, mem_rdata: 00000000, mem_wdata: 00000000
ClkCycle:       8138, pc_rdata: 00028216, pc_wdata: 0002821a, insn: 00130000, mode: 3, rs1_addr:  0, rs1_rdata: 00000000, rs2_addr:  0, rs2_rdata: 00000000, rd_addr:  0, rd_wdata: 00000000, mem_addr: 00000000, mem_rdata: 00000000, mem_wdata: 00000000
ClkCycle:       8139, pc_rdata: 0002821a, pc_wdata: 0002821e, insn: 00130000, mode: 3, rs1_addr:  0, rs1_rdata: 00000000, rs2_addr:  0, rs2_rdata: 00000000, rd_addr:  0, rd_wdata: 00000000, mem_addr: 00000000, mem_rdata: 00000000, mem_wdata: 00000000
ClkCycle:       8140, pc_rdata: 0002821e, pc_wdata: 00028222, insn: 00002497, mode: 3, rs1_addr: 14, rs1_rdata: 00029f94, rs2_addr:  9, rs2_rdata: 000000fe, rd_addr:  0, rd_wdata: 0002a1dd, mem_addr: 0002a1dd, mem_rdata: 00000000, mem_wdata: 000000fe
ClkCycle:       8141, pc_rdata: 00028222, pc_wdata: 00028226, insn: 00002497, mode: 3, rs1_addr:  0, rs1_rdata: 00000000, rs2_addr:  0, rs2_rdata: 00000000, rd_addr:  0, rd_wdata: 00000000, mem_addr: 00000000, mem_rdata: 00000000, mem_wdata: 00000000
ClkCycle:       8142, pc_rdata: 00028226, pc_wdata: 00028228, insn: 00000013, mode: 3, rs1_addr:  2, rs1_rdata: 7fffdfff, rs2_addr:  0, rs2_rdata: 00000000, rd_addr:  8, rd_wdata: 7fffdfff, mem_addr: 7fffdfff, mem_rdata: 00000000, mem_wdata: 00000000
ClkCycle:       8143, pc_rdata: 00028228, pc_wdata: 0002822c, insn: 00000013, mode: 3, rs1_addr:  0, rs1_rdata: 00000000, rs2_addr:  0, rs2_rdata: 00000000, rd_addr:  0, rd_wdata: 00000000, mem_addr: 00000000, mem_rdata: 00000000, mem_wdata: 00000000
ClkCycle:       8144, pc_rdata: 0002822c, pc_wdata: 00028230, insn: 00000013, mode: 3, rs1_addr:  0, rs1_rdata: 00000000, rs2_addr:  0, rs2_rdata: 00000000, rd_addr:  0, rd_wdata: 00000000, mem_addr: 00000000, mem_rdata: 00000000, mem_wdata: 00000000
ClkCycle:       8145, pc_rdata: 00028230, pc_wdata: 00028234, insn: 00000013, mode: 3, rs1_addr:  0, rs1_rdata: 00000000, rs2_addr:  0, rs2_rdata: 00000000, rd_addr:  0, rd_wdata: 00000000, mem_addr: 00000000, mem_rdata: 00000000, mem_wdata: 00000000
ClkCycle:       8146, pc_rdata: 00028234, pc_wdata: 00028238, insn: 00000013, mode: 3, rs1_addr:  0, rs1_rdata: 00000000, rs2_addr:  0, rs2_rdata: 00000000, rd_addr:  0, rd_wdata: 00000000, mem_addr: 00000000, mem_rdata: 00000000, mem_wdata: 00000000
ClkCycle:       8147, pc_rdata: 00028238, pc_wdata: 0002823c, insn: 00000013, mode: 3, rs1_addr:  0, rs1_rdata: 00000000, rs2_addr:  0, rs2_rdata: 00000000, rd_addr:  0, rd_wdata: 00000000, mem_addr: 00000000, mem_rdata: 00000000, mem_wdata: 00000000
ClkCycle:       8148, pc_rdata: 0002823c, pc_wdata: 00028240, insn: 00000013, mode: 3, rs1_addr:  0, rs1_rdata: 00000000, rs2_addr:  0, rs2_rdata: 00000000, rd_addr:  0, rd_wdata: 00000000, mem_addr: 00000000, mem_rdata: 00000000, mem_wdata: 00000000
ClkCycle:       8149, pc_rdata: 00028240, pc_wdata: 00028242, insn: 000140d4, mode: 3, rs1_addr:  9, rs1_rdata: 000000fe, rs2_addr:  4, rs2_rdata: 6dfdffff, rd_addr: 13, rd_wdata: 00000000, mem_addr: 00000102, mem_rdata: 00000000, mem_wdata: 6dfdffff
ClkCycle:       8150, pc_rdata: 00028242, pc_wdata: 00028246, insn: 000140d4, mode: 3, rs1_addr:  0, rs1_rdata: 00000000, rs2_addr:  0, rs2_rdata: 00000000, rd_addr:  0, rd_wdata: 00000000, mem_addr: 00000000, mem_rdata: 00000000, mem_wdata: 00000000
ClkCycle:       8151, pc_rdata: 00028246, pc_wdata: 00028248, insn: 001300d0, mode: 3, rs1_addr:  0, rs1_rdata: 00000000, rs2_addr:  0, rs2_rdata: 00000000, rd_addr:  0, rd_wdata: 00000000, mem_addr: 00000000, mem_rdata: 00000000, mem_wdata: 00000000
ClkCycle:       8152, pc_rdata: 00028248, pc_wdata: 0002824a, insn: 001300d0, mode: 3, rs1_addr:  2, rs1_rdata: 7fffdfff, rs2_addr:  4, rs2_rdata: 6dfdffff, rd_addr: 12, rd_wdata: 7fffe043, mem_addr: 7fffe043, mem_rdata: 00000000, mem_wdata: 6dfdffff
ClkCycle:       8153, pc_rdata: 0002824a, pc_wdata: 0002824e, insn: 001300d0, mode: 3, rs1_addr:  0, rs1_rdata: 00000000, rs2_addr:  0, rs2_rdata: 00000000, rd_addr:  0, rd_wdata: 00000000, mem_addr: 00000000, mem_rdata: 00000000, mem_wdata: 00000000
ClkCycle:       8154, pc_rdata: 0002824e, pc_wdata: 00028252, insn: 00130000, mode: 3, rs1_addr:  0, rs1_rdata: 00000000, rs2_addr:  0, rs2_rdata: 00000000, rd_addr:  0, rd_wdata: 00000000, mem_addr: 00000000, mem_rdata: 00000000, mem_wdata: 00000000
ClkCycle:       8155, pc_rdata: 00028252, pc_wdata: 00028256, insn: 00130000, mode: 3, rs1_addr:  0, rs1_rdata: 00000000, rs2_addr:  0, rs2_rdata: 00000000, rd_addr:  0, rd_wdata: 00000000, mem_addr: 00000000, mem_rdata: 00000000, mem_wdata: 00000000
ClkCycle:       8156, pc_rdata: 00028256, pc_wdata: 0002825a, insn: 00130000, mode: 3, rs1_addr:  0, rs1_rdata: 00000000, rs2_addr:  0, rs2_rdata: 00000000, rd_addr:  0, rd_wdata: 00000000, mem_addr: 00000000, mem_rdata: 00000000, mem_wdata: 00000000
ClkCycle:       8157, pc_rdata: 0002825a, pc_wdata: 0002825e, insn: 00130000, mode: 3, rs1_addr:  0, rs1_rdata: 00000000, rs2_addr:  0, rs2_rdata: 00000000, rd_addr:  0, rd_wdata: 00000000, mem_addr: 00000000, mem_rdata: 00000000, mem_wdata: 00000000
ClkCycle:       8158, pc_rdata: 0002825e, pc_wdata: 00028262, insn: 00002597, mode: 3, rs1_addr: 14, rs1_rdata: 00029f94, rs2_addr: 25, rs2_rdata: 00000000, rd_addr:  0, rd_wdata: 0002a1ed, mem_addr: 0002a1ed, mem_rdata: 00000000, mem_wdata: 00000000
ClkCycle:       8159, pc_rdata: 00028262, pc_wdata: 00028266, insn: 00002597, mode: 3, rs1_addr:  0, rs1_rdata: 00000000, rs2_addr:  0, rs2_rdata: 00000000, rd_addr:  0, rd_wdata: 00000000, mem_addr: 00000000, mem_rdata: 00000000, mem_wdata: 00000000
ClkCycle:       8160, pc_rdata: 00028266, pc_wdata: 00028268, insn: 00000013, mode: 3, rs1_addr:  2, rs1_rdata: 7fffdfff, rs2_addr:  0, rs2_rdata: 00000000, rd_addr:  8, rd_wdata: 7fffdfff, mem_addr: 7fffdfff, mem_rdata: 00000000, mem_wdata: 00000000
ClkCycle:       8161, pc_rdata: 00028268, pc_wdata: 0002826c, insn: 00000013, mode: 3, rs1_addr:  0, rs1_rdata: 00000000, rs2_addr:  0, rs2_rdata: 00000000, rd_addr:  0, rd_wdata: 00000000, mem_addr: 00000000, mem_rdata: 00000000, mem_wdata: 00000000
ClkCycle:       8162, pc_rdata: 0002826c, pc_wdata: 00028270, insn: 00000013, mode: 3, rs1_addr:  0, rs1_rdata: 00000000, rs2_addr:  0, rs2_rdata: 00000000, rd_addr:  0, rd_wdata: 00000000, mem_addr: 00000000, mem_rdata: 00000000, mem_wdata: 00000000
ClkCycle:       8163, pc_rdata: 00028270, pc_wdata: 00028274, insn: 00000013, mode: 3, rs1_addr:  0, rs1_rdata: 00000000, rs2_addr:  0, rs2_rdata: 00000000, rd_addr:  0, rd_wdata: 00000000, mem_addr: 00000000, mem_rdata: 00000000, mem_wdata: 00000000
ClkCycle:       8164, pc_rdata: 00028274, pc_wdata: 00028278, insn: 00000013, mode: 3, rs1_addr:  0, rs1_rdata: 00000000, rs2_addr:  0, rs2_rdata: 00000000, rd_addr:  0, rd_wdata: 00000000, mem_addr: 00000000, mem_rdata: 00000000, mem_wdata: 00000000
ClkCycle:       8165, pc_rdata: 00028278, pc_wdata: 0002827c, insn: 00000013, mode: 3, rs1_addr:  0, rs1_rdata: 00000000, rs2_addr:  0, rs2_rdata: 00000000, rd_addr:  0, rd_wdata: 00000000, mem_addr: 00000000, mem_rdata: 00000000, mem_wdata: 00000000
ClkCycle:       8166, pc_rdata: 0002827c, pc_wdata: 00028280, insn: 00000013, mode: 3, rs1_addr:  0, rs1_rdata: 00000000, rs2_addr:  0, rs2_rdata: 00000000, rd_addr:  0, rd_wdata: 00000000, mem_addr: 00000000, mem_rdata: 00000000, mem_wdata: 00000000
ClkCycle:       8167, pc_rdata: 00028280, pc_wdata: 00028282, insn: 00014580, mode: 3, rs1_addr: 11, rs1_rdata: 00000000, rs2_addr:  8, rs2_rdata: 7fffdfff, rd_addr:  8, rd_wdata: 00000000, mem_addr: 00000008, mem_rdata: 00000000, mem_wdata: 7fffdfff
ClkCycle:       8168, pc_rdata: 00028282, pc_wdata: 00028286, insn: 00014580, mode: 3, rs1_addr:  0, rs1_rdata: 00000000, rs2_addr:  0, rs2_rdata: 00000000, rd_addr:  0, rd_wdata: 00000000, mem_addr: 00000000, mem_rdata: 00000000, mem_wdata: 00000000
ClkCycle:       8169, pc_rdata: 00028286, pc_wdata: 00028288, insn: 00130080, mode: 3, rs1_addr:  0, rs1_rdata: 00000000, rs2_addr:  0, rs2_rdata: 00000000, rd_addr:  0, rd_wdata: 00000000, mem_addr: 00000000, mem_rdata: 00000000, mem_wdata: 00000000
ClkCycle:       8170, pc_rdata: 00028288, pc_wdata: 0002828a, insn: 00130080, mode: 3, rs1_addr:  2, rs1_rdata: 7fffdfff, rs2_addr:  0, rs2_rdata: 00000000, rd_addr:  8, rd_wdata: 7fffe03f, mem_addr: 7fffe03f, mem_rdata: 00000000, mem_wdata: 00000000
ClkCycle:       8171, pc_rdata: 0002828a, pc_wdata: 0002828e, insn: 00130080, mode: 3, rs1_addr:  0, rs1_rdata: 00000000, rs2_addr:  0, rs2_rdata: 00000000, rd_addr:  0, rd_wdata: 00000000, mem_addr: 00000000, mem_rdata: 00000000, mem_wdata: 00000000
ClkCycle:       8172, pc_rdata: 0002828e, pc_wdata: 00028292, insn: 00130000, mode: 3, rs1_addr:  0, rs1_rdata: 00000000, rs2_addr:  0, rs2_rdata: 00000000, rd_addr:  0, rd_wdata: 00000000, mem_addr: 00000000, mem_rdata: 00000000, mem_wdata: 00000000
ClkCycle:       8173, pc_rdata: 00028292, pc_wdata: 00028296, insn: 00130000, mode: 3, rs1_addr:  0, rs1_rdata: 00000000, rs2_addr:  0, rs2_rdata: 00000000, rd_addr:  0, rd_wdata: 00000000, mem_addr: 00000000, mem_rdata: 00000000, mem_wdata: 00000000
ClkCycle:       8174, pc_rdata: 00028296, pc_wdata: 0002829a, insn: 00130000, mode: 3, rs1_addr:  0, rs1_rdata: 00000000, rs2_addr:  0, rs2_rdata: 00000000, rd_addr:  0, rd_wdata: 00000000, mem_addr: 00000000, mem_rdata: 00000000, mem_wdata: 00000000
ClkCycle:       8175, pc_rdata: 0002829a, pc_wdata: 0002829e, insn: 00130000, mode: 3, rs1_addr:  0, rs1_rdata: 00000000, rs2_addr:  0, rs2_rdata: 00000000, rd_addr:  0, rd_wdata: 00000000, mem_addr: 00000000, mem_rdata: 00000000, mem_wdata: 00000000
ClkCycle:       8176, pc_rdata: 0002829e, pc_wdata: 000282a2, insn: 00002417, mode: 3, rs1_addr: 14, rs1_rdata: 00029f94, rs2_addr:  1, rs2_rdata: 0002b118, rd_addr:  0, rd_wdata: 0002a1d5, mem_addr: 0002a1d5, mem_rdata: 00000000, mem_wdata: 0002b118
ClkCycle:       8177, pc_rdata: 000282a2, pc_wdata: 000282a6, insn: 00002417, mode: 3, rs1_addr:  0, rs1_rdata: 00000000, rs2_addr:  0, rs2_rdata: 00000000, rd_addr:  0, rd_wdata: 00000000, mem_addr: 00000000, mem_rdata: 00000000, mem_wdata: 00000000
ClkCycle:       8178, pc_rdata: 000282a6, pc_wdata: 000282a8, insn: 00000013, mode: 3, rs1_addr:  2, rs1_rdata: 7fffdfff, rs2_addr:  0, rs2_rdata: 00000000, rd_addr:  8, rd_wdata: 7fffdfff, mem_addr: 7fffdfff, mem_rdata: 00000000, mem_wdata: 00000000
ClkCycle:       8179, pc_rdata: 000282a8, pc_wdata: 000282ac, insn: 00000013, mode: 3, rs1_addr:  0, rs1_rdata: 00000000, rs2_addr:  0, rs2_rdata: 00000000, rd_addr:  0, rd_wdata: 00000000, mem_addr: 00000000, mem_rdata: 00000000, mem_wdata: 00000000
ClkCycle:       8180, pc_rdata: 000282ac, pc_wdata: 000282b0, insn: 00000013, mode: 3, rs1_addr:  0, rs1_rdata: 00000000, rs2_addr:  0, rs2_rdata: 00000000, rd_addr:  0, rd_wdata: 00000000, mem_addr: 00000000, mem_rdata: 00000000, mem_wdata: 00000000
ClkCycle:       8181, pc_rdata: 000282b0, pc_wdata: 000282b4, insn: 00000013, mode: 3, rs1_addr:  0, rs1_rdata: 00000000, rs2_addr:  0, rs2_rdata: 00000000, rd_addr:  0, rd_wdata: 00000000, mem_addr: 00000000, mem_rdata: 00000000, mem_wdata: 00000000
ClkCycle:       8182, pc_rdata: 000282b4, pc_wdata: 000282b8, insn: 00000013, mode: 3, rs1_addr:  0, rs1_rdata: 00000000, rs2_addr:  0, rs2_rdata: 00000000, rd_addr:  0, rd_wdata: 00000000, mem_addr: 00000000, mem_rdata: 00000000, mem_wdata: 00000000
ClkCycle:       8183, pc_rdata: 000282b8, pc_wdata: 000282bc, insn: 00000013, mode: 3, rs1_addr:  0, rs1_rdata: 00000000, rs2_addr:  0, rs2_rdata: 00000000, rd_addr:  0, rd_wdata: 00000000, mem_addr: 00000000, mem_rdata: 00000000, mem_wdata: 00000000
ClkCycle:       8184, pc_rdata: 000282bc, pc_wdata: 000282c0, insn: 00000013, mode: 3, rs1_addr:  0, rs1_rdata: 00000000, rs2_addr:  0, rs2_rdata: 00000000, rd_addr:  0, rd_wdata: 00000000, mem_addr: 00000000, mem_rdata: 00000000, mem_wdata: 00000000
ClkCycle:       8185, pc_rdata: 000282c0, pc_wdata: 000282c2, insn: 00014804, mode: 3, rs1_addr:  8, rs1_rdata: 7fffdfff, rs2_addr: 16, rs2_rdata: 7d5bfddb, rd_addr:  9, rd_wdata: 00000000, mem_addr: 7fffe00f, mem_rdata: 00000000, mem_wdata: 7d5bfddb
ClkCycle:       8186, pc_rdata: 000282c2, pc_wdata: 000282c6, insn: 00014804, mode: 3, rs1_addr:  0, rs1_rdata: 00000000, rs2_addr:  0, rs2_rdata: 00000000, rd_addr:  0, rd_wdata: 00000000, mem_addr: 00000000, mem_rdata: 00000000, mem_wdata: 00000000
ClkCycle:       8187, pc_rdata: 000282c6, pc_wdata: 000282c8, insn: 00130290, mode: 3, rs1_addr:  0, rs1_rdata: 00000000, rs2_addr:  0, rs2_rdata: 00000000, rd_addr:  0, rd_wdata: 00000000, mem_addr: 00000000, mem_rdata: 00000000, mem_wdata: 00000000
ClkCycle:       8188, pc_rdata: 000282c8, pc_wdata: 000282ca, insn: 00130290, mode: 3, rs1_addr:  2, rs1_rdata: 7fffdfff, rs2_addr:  0, rs2_rdata: 00000000, rd_addr: 12, rd_wdata: 7fffe13f, mem_addr: 7fffe13f, mem_rdata: 00000000, mem_wdata: 00000000
ClkCycle:       8189, pc_rdata: 000282ca, pc_wdata: 000282ce, insn: 00130290, mode: 3, rs1_addr:  0, rs1_rdata: 00000000, rs2_addr:  0, rs2_rdata: 00000000, rd_addr:  0, rd_wdata: 00000000, mem_addr: 00000000, mem_rdata: 00000000, mem_wdata: 00000000
ClkCycle:       8190, pc_rdata: 000282ce, pc_wdata: 000282d2, insn: 00130000, mode: 3, rs1_addr:  0, rs1_rdata: 00000000, rs2_addr:  0, rs2_rdata: 00000000, rd_addr:  0, rd_wdata: 00000000, mem_addr: 00000000, mem_rdata: 00000000, mem_wdata: 00000000
ClkCycle:       8191, pc_rdata: 000282d2, pc_wdata: 000282d6, insn: 00130000, mode: 3, rs1_addr:  0, rs1_rdata: 00000000, rs2_addr:  0, rs2_rdata: 00000000, rd_addr:  0, rd_wdata: 00000000, mem_addr: 00000000, mem_rdata: 00000000, mem_wdata: 00000000
ClkCycle:       8192, pc_rdata: 000282d6, pc_wdata: 000282da, insn: 00130000, mode: 3, rs1_addr:  0, rs1_rdata: 00000000, rs2_addr:  0, rs2_rdata: 00000000, rd_addr:  0, rd_wdata: 00000000, mem_addr: 00000000, mem_rdata: 00000000, mem_wdata: 00000000
ClkCycle:       8193, pc_rdata: 000282da, pc_wdata: 000282de, insn: 00130000, mode: 3, rs1_addr:  0, rs1_rdata: 00000000, rs2_addr:  0, rs2_rdata: 00000000, rd_addr:  0, rd_wdata: 00000000, mem_addr: 00000000, mem_rdata: 00000000, mem_wdata: 00000000
ClkCycle:       8194, pc_rdata: 000282de, pc_wdata: 000282e2, insn: 00002697, mode: 3, rs1_addr: 14, rs1_rdata: 00029f94, rs2_addr:  9, rs2_rdata: 00000000, rd_addr:  0, rd_wdata: 0002a1fd, mem_addr: 0002a1fd, mem_rdata: 00000000, mem_wdata: 00000000
ClkCycle:       8195, pc_rdata: 000282e2, pc_wdata: 000282e6, insn: 00002697, mode: 3, rs1_addr:  0, rs1_rdata: 00000000, rs2_addr:  0, rs2_rdata: 00000000, rd_addr:  0, rd_wdata: 00000000, mem_addr: 00000000, mem_rdata: 00000000, mem_wdata: 00000000
ClkCycle:       8196, pc_rdata: 000282e6, pc_wdata: 000282e8, insn: 00000013, mode: 3, rs1_addr:  2, rs1_rdata: 7fffdfff, rs2_addr:  0, rs2_rdata: 00000000, rd_addr:  8, rd_wdata: 7fffdfff, mem_addr: 7fffdfff, mem_rdata: 00000000, mem_wdata: 00000000
ClkCycle:       8197, pc_rdata: 000282e8, pc_wdata: 000282ec, insn: 00000013, mode: 3, rs1_addr:  0, rs1_rdata: 00000000, rs2_addr:  0, rs2_rdata: 00000000, rd_addr:  0, rd_wdata: 00000000, mem_addr: 00000000, mem_rdata: 00000000, mem_wdata: 00000000
ClkCycle:       8198, pc_rdata: 000282ec, pc_wdata: 000282f0, insn: 00000013, mode: 3, rs1_addr:  0, rs1_rdata: 00000000, rs2_addr:  0, rs2_rdata: 00000000, rd_addr:  0, rd_wdata: 00000000, mem_addr: 00000000, mem_rdata: 00000000, mem_wdata: 00000000
ClkCycle:       8199, pc_rdata: 000282f0, pc_wdata: 000282f4, insn: 00000013, mode: 3, rs1_addr:  0, rs1_rdata: 00000000, rs2_addr:  0, rs2_rdata: 00000000, rd_addr:  0, rd_wdata: 00000000, mem_addr: 00000000, mem_rdata: 00000000, mem_wdata: 00000000
ClkCycle:       8200, pc_rdata: 000282f4, pc_wdata: 000282f8, insn: 00000013, mode: 3, rs1_addr:  0, rs1_rdata: 00000000, rs2_addr:  0, rs2_rdata: 00000000, rd_addr:  0, rd_wdata: 00000000, mem_addr: 00000000, mem_rdata: 00000000, mem_wdata: 00000000
ClkCycle:       8201, pc_rdata: 000282f8, pc_wdata: 000282fc, insn: 00000013, mode: 3, rs1_addr:  0, rs1_rdata: 00000000, rs2_addr:  0, rs2_rdata: 00000000, rd_addr:  0, rd_wdata: 00000000, mem_addr: 00000000, mem_rdata: 00000000, mem_wdata: 00000000
ClkCycle:       8202, pc_rdata: 000282fc, pc_wdata: 00028300, insn: 00000013, mode: 3, rs1_addr:  0, rs1_rdata: 00000000, rs2_addr:  0, rs2_rdata: 00000000, rd_addr:  0, rd_wdata: 00000000, mem_addr: 00000000, mem_rdata: 00000000, mem_wdata: 00000000
ClkCycle:       8203, pc_rdata: 00028300, pc_wdata: 00028302, insn: 00015298, mode: 3, rs1_addr: 13, rs1_rdata: 00000000, rs2_addr:  0, rs2_rdata: 00000000, rd_addr: 14, rd_wdata: 00000000, mem_addr: 00000020, mem_rdata: 00000000, mem_wdata: 00000000
ClkCycle:       8204, pc_rdata: 00028302, pc_wdata: 00028306, insn: 00015298, mode: 3, rs1_addr:  0, rs1_rdata: 00000000, rs2_addr:  0, rs2_rdata: 00000000, rd_addr:  0, rd_wdata: 00000000, mem_addr: 00000000, mem_rdata: 00000000, mem_wdata: 00000000
ClkCycle:       8205, pc_rdata: 00028306, pc_wdata: 00028308, insn: 001302e0, mode: 3, rs1_addr:  0, rs1_rdata: 00000000, rs2_addr:  0, rs2_rdata: 00000000, rd_addr:  0, rd_wdata: 00000000, mem_addr: 00000000, mem_rdata: 00000000, mem_wdata: 00000000
ClkCycle:       8206, pc_rdata: 00028308, pc_wdata: 0002830a, insn: 001302e0, mode: 3, rs1_addr:  2, rs1_rdata: 7fffdfff, rs2_addr: 12, rs2_rdata: 7fffe13f, rd_addr:  8, rd_wdata: 7fffe14b, mem_addr: 7fffe14b, mem_rdata: 00000000, mem_wdata: 7fffe13f
ClkCycle:       8207, pc_rdata: 0002830a, pc_wdata: 0002830e, insn: 001302e0, mode: 3, rs1_addr:  0, rs1_rdata: 00000000, rs2_addr:  0, rs2_rdata: 00000000, rd_addr:  0, rd_wdata: 00000000, mem_addr: 00000000, mem_rdata: 00000000, mem_wdata: 00000000
ClkCycle:       8208, pc_rdata: 0002830e, pc_wdata: 00028312, insn: 00130000, mode: 3, rs1_addr:  0, rs1_rdata: 00000000, rs2_addr:  0, rs2_rdata: 00000000, rd_addr:  0, rd_wdata: 00000000, mem_addr: 00000000, mem_rdata: 00000000, mem_wdata: 00000000
ClkCycle:       8209, pc_rdata: 00028312, pc_wdata: 00028316, insn: 00130000, mode: 3, rs1_addr:  0, rs1_rdata: 00000000, rs2_addr:  0, rs2_rdata: 00000000, rd_addr:  0, rd_wdata: 00000000, mem_addr: 00000000, mem_rdata: 00000000, mem_wdata: 00000000
ClkCycle:       8210, pc_rdata: 00028316, pc_wdata: 0002831a, insn: 00130000, mode: 3, rs1_addr:  0, rs1_rdata: 00000000, rs2_addr:  0, rs2_rdata: 00000000, rd_addr:  0, rd_wdata: 00000000, mem_addr: 00000000, mem_rdata: 00000000, mem_wdata: 00000000
ClkCycle:       8211, pc_rdata: 0002831a, pc_wdata: 0002831e, insn: 00130000, mode: 3, rs1_addr:  0, rs1_rdata: 00000000, rs2_addr:  0, rs2_rdata: 00000000, rd_addr:  0, rd_wdata: 00000000, mem_addr: 00000000, mem_rdata: 00000000, mem_wdata: 00000000
ClkCycle:       8212, pc_rdata: 0002831e, pc_wdata: 00028322, insn: 00002797, mode: 3, rs1_addr: 14, rs1_rdata: 00000000, rs2_addr: 25, rs2_rdata: 00000000, rd_addr:  0, rd_wdata: 00000279, mem_addr: 00000279, mem_rdata: 00000000, mem_wdata: 00000000
ClkCycle:       8213, pc_rdata: 00028322, pc_wdata: 00028326, insn: 00002797, mode: 3, rs1_addr:  0, rs1_rdata: 00000000, rs2_addr:  0, rs2_rdata: 00000000, rd_addr:  0, rd_wdata: 00000000, mem_addr: 00000000, mem_rdata: 00000000, mem_wdata: 00000000
ClkCycle:       8214, pc_rdata: 00028326, pc_wdata: 00028328, insn: 00000013, mode: 3, rs1_addr:  2, rs1_rdata: 7fffdfff, rs2_addr:  0, rs2_rdata: 00000000, rd_addr:  8, rd_wdata: 7fffdfff, mem_addr: 7fffdfff, mem_rdata: 00000000, mem_wdata: 00000000
ClkCycle:       8215, pc_rdata: 00028328, pc_wdata: 0002832c, insn: 00000013, mode: 3, rs1_addr:  0, rs1_rdata: 00000000, rs2_addr:  0, rs2_rdata: 00000000, rd_addr:  0, rd_wdata: 00000000, mem_addr: 00000000, mem_rdata: 00000000, mem_wdata: 00000000
ClkCycle:       8216, pc_rdata: 0002832c, pc_wdata: 00028330, insn: 00000013, mode: 3, rs1_addr:  0, rs1_rdata: 00000000, rs2_addr:  0, rs2_rdata: 00000000, rd_addr:  0, rd_wdata: 00000000, mem_addr: 00000000, mem_rdata: 00000000, mem_wdata: 00000000
ClkCycle:       8217, pc_rdata: 00028330, pc_wdata: 00028334, insn: 00000013, mode: 3, rs1_addr:  0, rs1_rdata: 00000000, rs2_addr:  0, rs2_rdata: 00000000, rd_addr:  0, rd_wdata: 00000000, mem_addr: 00000000, mem_rdata: 00000000, mem_wdata: 00000000
ClkCycle:       8218, pc_rdata: 00028334, pc_wdata: 00028338, insn: 00000013, mode: 3, rs1_addr:  0, rs1_rdata: 00000000, rs2_addr:  0, rs2_rdata: 00000000, rd_addr:  0, rd_wdata: 00000000, mem_addr: 00000000, mem_rdata: 00000000, mem_wdata: 00000000
ClkCycle:       8219, pc_rdata: 00028338, pc_wdata: 0002833c, insn: 00000013, mode: 3, rs1_addr:  0, rs1_rdata: 00000000, rs2_addr:  0, rs2_rdata: 00000000, rd_addr:  0, rd_wdata: 00000000, mem_addr: 00000000, mem_rdata: 00000000, mem_wdata: 00000000
ClkCycle:       8220, pc_rdata: 0002833c, pc_wdata: 00028340, insn: 00000013, mode: 3, rs1_addr:  0, rs1_rdata: 00000000, rs2_addr:  0, rs2_rdata: 00000000, rd_addr:  0, rd_wdata: 00000000, mem_addr: 00000000, mem_rdata: 00000000, mem_wdata: 00000000
ClkCycle:       8221, pc_rdata: 00028340, pc_wdata: 00028342, insn: 000143ac, mode: 3, rs1_addr: 15, rs1_rdata: 00000000, rs2_addr:  0, rs2_rdata: 00000000, rd_addr: 11, rd_wdata: 00000000, mem_addr: 00000040, mem_rdata: 00000000, mem_wdata: 00000000
ClkCycle:       8222, pc_rdata: 00028342, pc_wdata: 00028346, insn: 000143ac, mode: 3, rs1_addr:  0, rs1_rdata: 00000000, rs2_addr:  0, rs2_rdata: 00000000, rd_addr:  0, rd_wdata: 00000000, mem_addr: 00000000, mem_rdata: 00000000, mem_wdata: 00000000
ClkCycle:       8223, pc_rdata: 00028346, pc_wdata: 00028348, insn: 001302b0, mode: 3, rs1_addr:  0, rs1_rdata: 00000000, rs2_addr:  0, rs2_rdata: 00000000, rd_addr:  0, rd_wdata: 00000000, mem_addr: 00000000, mem_rdata: 00000000, mem_wdata: 00000000
ClkCycle:       8224, pc_rdata: 00028348, pc_wdata: 0002834a, insn: 001302b0, mode: 3, rs1_addr:  2, rs1_rdata: 7fffdfff, rs2_addr:  8, rs2_rdata: 7fffdfff, rd_addr: 12, rd_wdata: 7fffe147, mem_addr: 7fffe147, mem_rdata: 00000000, mem_wdata: 7fffdfff
ClkCycle:       8225, pc_rdata: 0002834a, pc_wdata: 0002834e, insn: 001302b0, mode: 3, rs1_addr:  0, rs1_rdata: 00000000, rs2_addr:  0, rs2_rdata: 00000000, rd_addr:  0, rd_wdata: 00000000, mem_addr: 00000000, mem_rdata: 00000000, mem_wdata: 00000000
ClkCycle:       8226, pc_rdata: 0002834e, pc_wdata: 00028352, insn: 00130000, mode: 3, rs1_addr:  0, rs1_rdata: 00000000, rs2_addr:  0, rs2_rdata: 00000000, rd_addr:  0, rd_wdata: 00000000, mem_addr: 00000000, mem_rdata: 00000000, mem_wdata: 00000000
ClkCycle:       8227, pc_rdata: 00028352, pc_wdata: 00028356, insn: 00130000, mode: 3, rs1_addr:  0, rs1_rdata: 00000000, rs2_addr:  0, rs2_rdata: 00000000, rd_addr:  0, rd_wdata: 00000000, mem_addr: 00000000, mem_rdata: 00000000, mem_wdata: 00000000
ClkCycle:       8228, pc_rdata: 00028356, pc_wdata: 0002835a, insn: 00130000, mode: 3, rs1_addr:  0, rs1_rdata: 00000000, rs2_addr:  0, rs2_rdata: 00000000, rd_addr:  0, rd_wdata: 00000000, mem_addr: 00000000, mem_rdata: 00000000, mem_wdata: 00000000
ClkCycle:       8229, pc_rdata: 0002835a, pc_wdata: 0002835e, insn: 00130000, mode: 3, rs1_addr:  0, rs1_rdata: 00000000, rs2_addr:  0, rs2_rdata: 00000000, rd_addr:  0, rd_wdata: 00000000, mem_addr: 00000000, mem_rdata: 00000000, mem_wdata: 00000000
ClkCycle:       8230, pc_rdata: 0002835e, pc_wdata: 00028362, insn: 00002617, mode: 3, rs1_addr: 14, rs1_rdata: 00000000, rs2_addr:  1, rs2_rdata: 0002b118, rd_addr:  0, rd_wdata: 00000261, mem_addr: 00000261, mem_rdata: 00000000, mem_wdata: 0002b118
ClkCycle:       8231, pc_rdata: 00028362, pc_wdata: 00028366, insn: 00002617, mode: 3, rs1_addr:  0, rs1_rdata: 00000000, rs2_addr:  0, rs2_rdata: 00000000, rd_addr:  0, rd_wdata: 00000000, mem_addr: 00000000, mem_rdata: 00000000, mem_wdata: 00000000
ClkCycle:       8232, pc_rdata: 00028366, pc_wdata: 00028368, insn: 00000013, mode: 3, rs1_addr:  2, rs1_rdata: 7fffdfff, rs2_addr:  0, rs2_rdata: 00000000, rd_addr:  8, rd_wdata: 7fffdfff, mem_addr: 7fffdfff, mem_rdata: 00000000, mem_wdata: 00000000
ClkCycle:       8233, pc_rdata: 00028368, pc_wdata: 0002836c, insn: 00000013, mode: 3, rs1_addr:  0, rs1_rdata: 00000000, rs2_addr:  0, rs2_rdata: 00000000, rd_addr:  0, rd_wdata: 00000000, mem_addr: 00000000, mem_rdata: 00000000, mem_wdata: 00000000
ClkCycle:       8234, pc_rdata: 0002836c, pc_wdata: 00028370, insn: 00000013, mode: 3, rs1_addr:  0, rs1_rdata: 00000000, rs2_addr:  0, rs2_rdata: 00000000, rd_addr:  0, rd_wdata: 00000000, mem_addr: 00000000, mem_rdata: 00000000, mem_wdata: 00000000
ClkCycle:       8235, pc_rdata: 00028370, pc_wdata: 00028374, insn: 00000013, mode: 3, rs1_addr:  0, rs1_rdata: 00000000, rs2_addr:  0, rs2_rdata: 00000000, rd_addr:  0, rd_wdata: 00000000, mem_addr: 00000000, mem_rdata: 00000000, mem_wdata: 00000000
ClkCycle:       8236, pc_rdata: 00028374, pc_wdata: 00028378, insn: 00000013, mode: 3, rs1_addr:  0, rs1_rdata: 00000000, rs2_addr:  0, rs2_rdata: 00000000, rd_addr:  0, rd_wdata: 00000000, mem_addr: 00000000, mem_rdata: 00000000, mem_wdata: 00000000
ClkCycle:       8237, pc_rdata: 00028378, pc_wdata: 0002837c, insn: 00000013, mode: 3, rs1_addr:  0, rs1_rdata: 00000000, rs2_addr:  0, rs2_rdata: 00000000, rd_addr:  0, rd_wdata: 00000000, mem_addr: 00000000, mem_rdata: 00000000, mem_wdata: 00000000
ClkCycle:       8238, pc_rdata: 0002837c, pc_wdata: 00028380, insn: 00000013, mode: 3, rs1_addr:  0, rs1_rdata: 00000000, rs2_addr:  0, rs2_rdata: 00000000, rd_addr:  0, rd_wdata: 00000000, mem_addr: 00000000, mem_rdata: 00000000, mem_wdata: 00000000
ClkCycle:       8239, pc_rdata: 00028380, pc_wdata: 00028382, insn: 00015e3c, mode: 3, rs1_addr: 12, rs1_rdata: 7fffe147, rs2_addr: 24, rs2_rdata: 0000007d, rd_addr: 15, rd_wdata: 00000000, mem_addr: 7fffe1bf, mem_rdata: 00000000, mem_wdata: 0000007d
ClkCycle:       8240, pc_rdata: 00028382, pc_wdata: 00028386, insn: 00015e3c, mode: 3, rs1_addr:  0, rs1_rdata: 00000000, rs2_addr:  0, rs2_rdata: 00000000, rd_addr:  0, rd_wdata: 00000000, mem_addr: 00000000, mem_rdata: 00000000, mem_wdata: 00000000
ClkCycle:       8241, pc_rdata: 00028386, pc_wdata: 00028388, insn: 001302f0, mode: 3, rs1_addr:  0, rs1_rdata: 00000000, rs2_addr:  0, rs2_rdata: 00000000, rd_addr:  0, rd_wdata: 00000000, mem_addr: 00000000, mem_rdata: 00000000, mem_wdata: 00000000
ClkCycle:       8242, pc_rdata: 00028388, pc_wdata: 0002838a, insn: 001302f0, mode: 3, rs1_addr:  2, rs1_rdata: 7fffdfff, rs2_addr: 12, rs2_rdata: 7fffe147, rd_addr: 12, rd_wdata: 7fffe14b, mem_addr: 7fffe14b, mem_rdata: 00000000, mem_wdata: 7fffe147
ClkCycle:       8243, pc_rdata: 0002838a, pc_wdata: 0002838e, insn: 001302f0, mode: 3, rs1_addr:  0, rs1_rdata: 00000000, rs2_addr:  0, rs2_rdata: 00000000, rd_addr:  0, rd_wdata: 00000000, mem_addr: 00000000, mem_rdata: 00000000, mem_wdata: 00000000
ClkCycle:       8244, pc_rdata: 0002838e, pc_wdata: 00028392, insn: 00130000, mode: 3, rs1_addr:  0, rs1_rdata: 00000000, rs2_addr:  0, rs2_rdata: 00000000, rd_addr:  0, rd_wdata: 00000000, mem_addr: 00000000, mem_rdata: 00000000, mem_wdata: 00000000
ClkCycle:       8245, pc_rdata: 00028392, pc_wdata: 00028396, insn: 00130000, mode: 3, rs1_addr:  0, rs1_rdata: 00000000, rs2_addr:  0, rs2_rdata: 00000000, rd_addr:  0, rd_wdata: 00000000, mem_addr: 00000000, mem_rdata: 00000000, mem_wdata: 00000000
ClkCycle:       8246, pc_rdata: 00028396, pc_wdata: 0002839a, insn: 00130000, mode: 3, rs1_addr:  0, rs1_rdata: 00000000, rs2_addr:  0, rs2_rdata: 00000000, rd_addr:  0, rd_wdata: 00000000, mem_addr: 00000000, mem_rdata: 00000000, mem_wdata: 00000000
ClkCycle:       8247, pc_rdata: 0002839a, pc_wdata: 0002839e, insn: 00130000, mode: 3, rs1_addr:  0, rs1_rdata: 00000000, rs2_addr:  0, rs2_rdata: 00000000, rd_addr:  0, rd_wdata: 00000000, mem_addr: 00000000, mem_rdata: 00000000, mem_wdata: 00000000
ClkCycle:       8248, pc_rdata: 0002839e, pc_wdata: 000283a2, insn: 00002597, mode: 3, rs1_addr: 14, rs1_rdata: 00000000, rs2_addr: 25, rs2_rdata: 00000000, rd_addr:  0, rd_wdata: 00000259, mem_addr: 00000259, mem_rdata: 00000000, mem_wdata: 00000000
ClkCycle:       8249, pc_rdata: 000283a2, pc_wdata: 000283a6, insn: 00002597, mode: 3, rs1_addr:  0, rs1_rdata: 00000000, rs2_addr:  0, rs2_rdata: 00000000, rd_addr:  0, rd_wdata: 00000000, mem_addr: 00000000, mem_rdata: 00000000, mem_wdata: 00000000
ClkCycle:       8250, pc_rdata: 000283a6, pc_wdata: 000283a8, insn: 00000013, mode: 3, rs1_addr:  2, rs1_rdata: 7fffdfff, rs2_addr:  0, rs2_rdata: 00000000, rd_addr:  8, rd_wdata: 7fffdfff, mem_addr: 7fffdfff, mem_rdata: 00000000, mem_wdata: 00000000
ClkCycle:       8251, pc_rdata: 000283a8, pc_wdata: 000283ac, insn: 00000013, mode: 3, rs1_addr:  0, rs1_rdata: 00000000, rs2_addr:  0, rs2_rdata: 00000000, rd_addr:  0, rd_wdata: 00000000, mem_addr: 00000000, mem_rdata: 00000000, mem_wdata: 00000000
ClkCycle:       8252, pc_rdata: 000283ac, pc_wdata: 000283b0, insn: 00000013, mode: 3, rs1_addr:  0, rs1_rdata: 00000000, rs2_addr:  0, rs2_rdata: 00000000, rd_addr:  0, rd_wdata: 00000000, mem_addr: 00000000, mem_rdata: 00000000, mem_wdata: 00000000
ClkCycle:       8253, pc_rdata: 000283b0, pc_wdata: 000283b4, insn: 00000013, mode: 3, rs1_addr:  0, rs1_rdata: 00000000, rs2_addr:  0, rs2_rdata: 00000000, rd_addr:  0, rd_wdata: 00000000, mem_addr: 00000000, mem_rdata: 00000000, mem_wdata: 00000000
ClkCycle:       8254, pc_rdata: 000283b4, pc_wdata: 000283b8, insn: 00000013, mode: 3, rs1_addr:  0, rs1_rdata: 00000000, rs2_addr:  0, rs2_rdata: 00000000, rd_addr:  0, rd_wdata: 00000000, mem_addr: 00000000, mem_rdata: 00000000, mem_wdata: 00000000
ClkCycle:       8255, pc_rdata: 000283b8, pc_wdata: 000283bc, insn: 00000013, mode: 3, rs1_addr:  0, rs1_rdata: 00000000, rs2_addr:  0, rs2_rdata: 00000000, rd_addr:  0, rd_wdata: 00000000, mem_addr: 00000000, mem_rdata: 00000000, mem_wdata: 00000000
ClkCycle:       8256, pc_rdata: 000283bc, pc_wdata: 000283c0, insn: 00000013, mode: 3, rs1_addr:  0, rs1_rdata: 00000000, rs2_addr:  0, rs2_rdata: 00000000, rd_addr:  0, rd_wdata: 00000000, mem_addr: 00000000, mem_rdata: 00000000, mem_wdata: 00000000
ClkCycle:       8257, pc_rdata: 000283c0, pc_wdata: 000283c2, insn: 000159e8, mode: 3, rs1_addr: 11, rs1_rdata: 00000000, rs2_addr: 20, rs2_rdata: d5bfff6f, rd_addr: 10, rd_wdata: 00000000, mem_addr: 00000074, mem_rdata: 00000000, mem_wdata: d5bfff6f
ClkCycle:       8258, pc_rdata: 000283c2, pc_wdata: 000283c6, insn: 000159e8, mode: 3, rs1_addr:  0, rs1_rdata: 00000000, rs2_addr:  0, rs2_rdata: 00000000, rd_addr:  0, rd_wdata: 00000000, mem_addr: 00000000, mem_rdata: 00000000, mem_wdata: 00000000
ClkCycle:       8259, pc_rdata: 000283c6, pc_wdata: 000283c8, insn: 001304a0, mode: 3, rs1_addr:  0, rs1_rdata: 00000000, rs2_addr:  0, rs2_rdata: 00000000, rd_addr:  0, rd_wdata: 00000000, mem_addr: 00000000, mem_rdata: 00000000, mem_wdata: 00000000
ClkCycle:       8260, pc_rdata: 000283c8, pc_wdata: 000283ca, insn: 001304a0, mode: 3, rs1_addr:  2, rs1_rdata: 7fffdfff, rs2_addr:  8, rs2_rdata: 7fffdfff, rd_addr:  8, rd_wdata: 7fffe247, mem_addr: 7fffe247, mem_rdata: 00000000, mem_wdata: 7fffdfff
ClkCycle:       8261, pc_rdata: 000283ca, pc_wdata: 000283ce, insn: 001304a0, mode: 3, rs1_addr:  0, rs1_rdata: 00000000, rs2_addr:  0, rs2_rdata: 00000000, rd_addr:  0, rd_wdata: 00000000, mem_addr: 00000000, mem_rdata: 00000000, mem_wdata: 00000000
ClkCycle:       8262, pc_rdata: 000283ce, pc_wdata: 000283d2, insn: 00130000, mode: 3, rs1_addr:  0, rs1_rdata: 00000000, rs2_addr:  0, rs2_rdata: 00000000, rd_addr:  0, rd_wdata: 00000000, mem_addr: 00000000, mem_rdata: 00000000, mem_wdata: 00000000
ClkCycle:       8263, pc_rdata: 000283d2, pc_wdata: 000283d6, insn: 00130000, mode: 3, rs1_addr:  0, rs1_rdata: 00000000, rs2_addr:  0, rs2_rdata: 00000000, rd_addr:  0, rd_wdata: 00000000, mem_addr: 00000000, mem_rdata: 00000000, mem_wdata: 00000000
ClkCycle:       8264, pc_rdata: 000283d6, pc_wdata: 000283da, insn: 00130000, mode: 3, rs1_addr:  0, rs1_rdata: 00000000, rs2_addr:  0, rs2_rdata: 00000000, rd_addr:  0, rd_wdata: 00000000, mem_addr: 00000000, mem_rdata: 00000000, mem_wdata: 00000000
ClkCycle:       8265, pc_rdata: 000283da, pc_wdata: 000283de, insn: 00130000, mode: 3, rs1_addr:  0, rs1_rdata: 00000000, rs2_addr:  0, rs2_rdata: 00000000, rd_addr:  0, rd_wdata: 00000000, mem_addr: 00000000, mem_rdata: 00000000, mem_wdata: 00000000
ClkCycle:       8266, pc_rdata: 000283de, pc_wdata: 000283e2, insn: 00002597, mode: 3, rs1_addr: 14, rs1_rdata: 00000000, rs2_addr: 25, rs2_rdata: 00000000, rd_addr:  0, rd_wdata: 00000259, mem_addr: 00000259, mem_rdata: 00000000, mem_wdata: 00000000
ClkCycle:       8267, pc_rdata: 000283e2, pc_wdata: 000283e6, insn: 00002597, mode: 3, rs1_addr:  0, rs1_rdata: 00000000, rs2_addr:  0, rs2_rdata: 00000000, rd_addr:  0, rd_wdata: 00000000, mem_addr: 00000000, mem_rdata: 00000000, mem_wdata: 00000000
ClkCycle:       8268, pc_rdata: 000283e6, pc_wdata: 000283e8, insn: 00000013, mode: 3, rs1_addr:  2, rs1_rdata: 7fffdfff, rs2_addr:  0, rs2_rdata: 00000000, rd_addr:  8, rd_wdata: 7fffdfff, mem_addr: 7fffdfff, mem_rdata: 00000000, mem_wdata: 00000000
ClkCycle:       8269, pc_rdata: 000283e8, pc_wdata: 000283ec, insn: 00000013, mode: 3, rs1_addr:  0, rs1_rdata: 00000000, rs2_addr:  0, rs2_rdata: 00000000, rd_addr:  0, rd_wdata: 00000000, mem_addr: 00000000, mem_rdata: 00000000, mem_wdata: 00000000
ClkCycle:       8270, pc_rdata: 000283ec, pc_wdata: 000283f0, insn: 00000013, mode: 3, rs1_addr:  0, rs1_rdata: 00000000, rs2_addr:  0, rs2_rdata: 00000000, rd_addr:  0, rd_wdata: 00000000, mem_addr: 00000000, mem_rdata: 00000000, mem_wdata: 00000000
ClkCycle:       8271, pc_rdata: 000283f0, pc_wdata: 000283f4, insn: 00000013, mode: 3, rs1_addr:  0, rs1_rdata: 00000000, rs2_addr:  0, rs2_rdata: 00000000, rd_addr:  0, rd_wdata: 00000000, mem_addr: 00000000, mem_rdata: 00000000, mem_wdata: 00000000
ClkCycle:       8272, pc_rdata: 000283f4, pc_wdata: 000283f8, insn: 00000013, mode: 3, rs1_addr:  0, rs1_rdata: 00000000, rs2_addr:  0, rs2_rdata: 00000000, rd_addr:  0, rd_wdata: 00000000, mem_addr: 00000000, mem_rdata: 00000000, mem_wdata: 00000000
ClkCycle:       8273, pc_rdata: 000283f8, pc_wdata: 000283fc, insn: 00000013, mode: 3, rs1_addr:  0, rs1_rdata: 00000000, rs2_addr:  0, rs2_rdata: 00000000, rd_addr:  0, rd_wdata: 00000000, mem_addr: 00000000, mem_rdata: 00000000, mem_wdata: 00000000
ClkCycle:       8274, pc_rdata: 000283fc, pc_wdata: 00028400, insn: 00000013, mode: 3, rs1_addr:  0, rs1_rdata: 00000000, rs2_addr:  0, rs2_rdata: 00000000, rd_addr:  0, rd_wdata: 00000000, mem_addr: 00000000, mem_rdata: 00000000, mem_wdata: 00000000
ClkCycle:       8275, pc_rdata: 00028400, pc_wdata: 00028402, insn: 00014de8, mode: 3, rs1_addr: 11, rs1_rdata: 00000000, rs2_addr: 28, rs2_rdata: 00000000, rd_addr: 10, rd_wdata: 00000000, mem_addr: 0000005c, mem_rdata: 00000000, mem_wdata: 00000000
ClkCycle:       8276, pc_rdata: 00028402, pc_wdata: 00028406, insn: 00014de8, mode: 3, rs1_addr:  0, rs1_rdata: 00000000, rs2_addr:  0, rs2_rdata: 00000000, rd_addr:  0, rd_wdata: 00000000, mem_addr: 00000000, mem_rdata: 00000000, mem_wdata: 00000000
ClkCycle:       8277, pc_rdata: 00028406, pc_wdata: 00028408, insn: 001304a0, mode: 3, rs1_addr:  0, rs1_rdata: 00000000, rs2_addr:  0, rs2_rdata: 00000000, rd_addr:  0, rd_wdata: 00000000, mem_addr: 00000000, mem_rdata: 00000000, mem_wdata: 00000000
ClkCycle:       8278, pc_rdata: 00028408, pc_wdata: 0002840a, insn: 001304a0, mode: 3, rs1_addr:  2, rs1_rdata: 7fffdfff, rs2_addr:  8, rs2_rdata: 7fffdfff, rd_addr:  8, rd_wdata: 7fffe247, mem_addr: 7fffe247, mem_rdata: 00000000, mem_wdata: 7fffdfff
ClkCycle:       8279, pc_rdata: 0002840a, pc_wdata: 0002840e, insn: 001304a0, mode: 3, rs1_addr:  0, rs1_rdata: 00000000, rs2_addr:  0, rs2_rdata: 00000000, rd_addr:  0, rd_wdata: 00000000, mem_addr: 00000000, mem_rdata: 00000000, mem_wdata: 00000000
ClkCycle:       8280, pc_rdata: 0002840e, pc_wdata: 00028412, insn: 00130000, mode: 3, rs1_addr:  0, rs1_rdata: 00000000, rs2_addr:  0, rs2_rdata: 00000000, rd_addr:  0, rd_wdata: 00000000, mem_addr: 00000000, mem_rdata: 00000000, mem_wdata: 00000000
ClkCycle:       8281, pc_rdata: 00028412, pc_wdata: 00028416, insn: 00130000, mode: 3, rs1_addr:  0, rs1_rdata: 00000000, rs2_addr:  0, rs2_rdata: 00000000, rd_addr:  0, rd_wdata: 00000000, mem_addr: 00000000, mem_rdata: 00000000, mem_wdata: 00000000
ClkCycle:       8282, pc_rdata: 00028416, pc_wdata: 0002841a, insn: 00130000, mode: 3, rs1_addr:  0, rs1_rdata: 00000000, rs2_addr:  0, rs2_rdata: 00000000, rd_addr:  0, rd_wdata: 00000000, mem_addr: 00000000, mem_rdata: 00000000, mem_wdata: 00000000
ClkCycle:       8283, pc_rdata: 0002841a, pc_wdata: 0002841e, insn: 00130000, mode: 3, rs1_addr:  0, rs1_rdata: 00000000, rs2_addr:  0, rs2_rdata: 00000000, rd_addr:  0, rd_wdata: 00000000, mem_addr: 00000000, mem_rdata: 00000000, mem_wdata: 00000000
ClkCycle:       8284, pc_rdata: 0002841e, pc_wdata: 00028422, insn: 00002597, mode: 3, rs1_addr: 14, rs1_rdata: 00000000, rs2_addr: 25, rs2_rdata: 00000000, rd_addr:  0, rd_wdata: 00000259, mem_addr: 00000259, mem_rdata: 00000000, mem_wdata: 00000000
ClkCycle:       8285, pc_rdata: 00028422, pc_wdata: 00028426, insn: 00002597, mode: 3, rs1_addr:  0, rs1_rdata: 00000000, rs2_addr:  0, rs2_rdata: 00000000, rd_addr:  0, rd_wdata: 00000000, mem_addr: 00000000, mem_rdata: 00000000, mem_wdata: 00000000
ClkCycle:       8286, pc_rdata: 00028426, pc_wdata: 00028428, insn: 00000013, mode: 3, rs1_addr:  2, rs1_rdata: 7fffdfff, rs2_addr:  0, rs2_rdata: 00000000, rd_addr:  8, rd_wdata: 7fffdfff, mem_addr: 7fffdfff, mem_rdata: 00000000, mem_wdata: 00000000
ClkCycle:       8287, pc_rdata: 00028428, pc_wdata: 0002842c, insn: 00000013, mode: 3, rs1_addr:  0, rs1_rdata: 00000000, rs2_addr:  0, rs2_rdata: 00000000, rd_addr:  0, rd_wdata: 00000000, mem_addr: 00000000, mem_rdata: 00000000, mem_wdata: 00000000
ClkCycle:       8288, pc_rdata: 0002842c, pc_wdata: 00028430, insn: 00000013, mode: 3, rs1_addr:  0, rs1_rdata: 00000000, rs2_addr:  0, rs2_rdata: 00000000, rd_addr:  0, rd_wdata: 00000000, mem_addr: 00000000, mem_rdata: 00000000, mem_wdata: 00000000
ClkCycle:       8289, pc_rdata: 00028430, pc_wdata: 00028434, insn: 00000013, mode: 3, rs1_addr:  0, rs1_rdata: 00000000, rs2_addr:  0, rs2_rdata: 00000000, rd_addr:  0, rd_wdata: 00000000, mem_addr: 00000000, mem_rdata: 00000000, mem_wdata: 00000000
ClkCycle:       8290, pc_rdata: 00028434, pc_wdata: 00028438, insn: 00000013, mode: 3, rs1_addr:  0, rs1_rdata: 00000000, rs2_addr:  0, rs2_rdata: 00000000, rd_addr:  0, rd_wdata: 00000000, mem_addr: 00000000, mem_rdata: 00000000, mem_wdata: 00000000
ClkCycle:       8291, pc_rdata: 00028438, pc_wdata: 0002843c, insn: 00000013, mode: 3, rs1_addr:  0, rs1_rdata: 00000000, rs2_addr:  0, rs2_rdata: 00000000, rd_addr:  0, rd_wdata: 00000000, mem_addr: 00000000, mem_rdata: 00000000, mem_wdata: 00000000
ClkCycle:       8292, pc_rdata: 0002843c, pc_wdata: 00028440, insn: 00000013, mode: 3, rs1_addr:  0, rs1_rdata: 00000000, rs2_addr:  0, rs2_rdata: 00000000, rd_addr:  0, rd_wdata: 00000000, mem_addr: 00000000, mem_rdata: 00000000, mem_wdata: 00000000
ClkCycle:       8293, pc_rdata: 00028440, pc_wdata: 00028442, insn: 00015dc8, mode: 3, rs1_addr: 11, rs1_rdata: 00000000, rs2_addr: 28, rs2_rdata: 00000000, rd_addr: 10, rd_wdata: 00000000, mem_addr: 0000003c, mem_rdata: 00000000, mem_wdata: 00000000
ClkCycle:       8294, pc_rdata: 00028442, pc_wdata: 00028446, insn: 00015dc8, mode: 3, rs1_addr:  0, rs1_rdata: 00000000, rs2_addr:  0, rs2_rdata: 00000000, rd_addr:  0, rd_wdata: 00000000, mem_addr: 00000000, mem_rdata: 00000000, mem_wdata: 00000000
ClkCycle:       8295, pc_rdata: 00028446, pc_wdata: 00028448, insn: 001304a0, mode: 3, rs1_addr:  0, rs1_rdata: 00000000, rs2_addr:  0, rs2_rdata: 00000000, rd_addr:  0, rd_wdata: 00000000, mem_addr: 00000000, mem_rdata: 00000000, mem_wdata: 00000000
ClkCycle:       8296, pc_rdata: 00028448, pc_wdata: 0002844a, insn: 001304a0, mode: 3, rs1_addr:  2, rs1_rdata: 7fffdfff, rs2_addr:  8, rs2_rdata: 7fffdfff, rd_addr:  8, rd_wdata: 7fffe247, mem_addr: 7fffe247, mem_rdata: 00000000, mem_wdata: 7fffdfff
ClkCycle:       8297, pc_rdata: 0002844a, pc_wdata: 0002844e, insn: 001304a0, mode: 3, rs1_addr:  0, rs1_rdata: 00000000, rs2_addr:  0, rs2_rdata: 00000000, rd_addr:  0, rd_wdata: 00000000, mem_addr: 00000000, mem_rdata: 00000000, mem_wdata: 00000000
ClkCycle:       8298, pc_rdata: 0002844e, pc_wdata: 00028452, insn: 00130000, mode: 3, rs1_addr:  0, rs1_rdata: 00000000, rs2_addr:  0, rs2_rdata: 00000000, rd_addr:  0, rd_wdata: 00000000, mem_addr: 00000000, mem_rdata: 00000000, mem_wdata: 00000000
ClkCycle:       8299, pc_rdata: 00028452, pc_wdata: 00028456, insn: 00130000, mode: 3, rs1_addr:  0, rs1_rdata: 00000000, rs2_addr:  0, rs2_rdata: 00000000, rd_addr:  0, rd_wdata: 00000000, mem_addr: 00000000, mem_rdata: 00000000, mem_wdata: 00000000
ClkCycle:       8300, pc_rdata: 00028456, pc_wdata: 0002845a, insn: 00130000, mode: 3, rs1_addr:  0, rs1_rdata: 00000000, rs2_addr:  0, rs2_rdata: 00000000, rd_addr:  0, rd_wdata: 00000000, mem_addr: 00000000, mem_rdata: 00000000, mem_wdata: 00000000
ClkCycle:       8301, pc_rdata: 0002845a, pc_wdata: 0002845e, insn: 00130000, mode: 3, rs1_addr:  0, rs1_rdata: 00000000, rs2_addr:  0, rs2_rdata: 00000000, rd_addr:  0, rd_wdata: 00000000, mem_addr: 00000000, mem_rdata: 00000000, mem_wdata: 00000000
ClkCycle:       8302, pc_rdata: 0002845e, pc_wdata: 00028462, insn: 00002597, mode: 3, rs1_addr: 14, rs1_rdata: 00000000, rs2_addr: 25, rs2_rdata: 00000000, rd_addr:  0, rd_wdata: 00000259, mem_addr: 00000259, mem_rdata: 00000000, mem_wdata: 00000000
ClkCycle:       8303, pc_rdata: 00028462, pc_wdata: 00028466, insn: 00002597, mode: 3, rs1_addr:  0, rs1_rdata: 00000000, rs2_addr:  0, rs2_rdata: 00000000, rd_addr:  0, rd_wdata: 00000000, mem_addr: 00000000, mem_rdata: 00000000, mem_wdata: 00000000
ClkCycle:       8304, pc_rdata: 00028466, pc_wdata: 00028468, insn: 00000013, mode: 3, rs1_addr:  2, rs1_rdata: 7fffdfff, rs2_addr:  0, rs2_rdata: 00000000, rd_addr:  8, rd_wdata: 7fffdfff, mem_addr: 7fffdfff, mem_rdata: 00000000, mem_wdata: 00000000
ClkCycle:       8305, pc_rdata: 00028468, pc_wdata: 0002846c, insn: 00000013, mode: 3, rs1_addr:  0, rs1_rdata: 00000000, rs2_addr:  0, rs2_rdata: 00000000, rd_addr:  0, rd_wdata: 00000000, mem_addr: 00000000, mem_rdata: 00000000, mem_wdata: 00000000
ClkCycle:       8306, pc_rdata: 0002846c, pc_wdata: 00028470, insn: 00000013, mode: 3, rs1_addr:  0, rs1_rdata: 00000000, rs2_addr:  0, rs2_rdata: 00000000, rd_addr:  0, rd_wdata: 00000000, mem_addr: 00000000, mem_rdata: 00000000, mem_wdata: 00000000
ClkCycle:       8307, pc_rdata: 00028470, pc_wdata: 00028474, insn: 00000013, mode: 3, rs1_addr:  0, rs1_rdata: 00000000, rs2_addr:  0, rs2_rdata: 00000000, rd_addr:  0, rd_wdata: 00000000, mem_addr: 00000000, mem_rdata: 00000000, mem_wdata: 00000000
ClkCycle:       8308, pc_rdata: 00028474, pc_wdata: 00028478, insn: 00000013, mode: 3, rs1_addr:  0, rs1_rdata: 00000000, rs2_addr:  0, rs2_rdata: 00000000, rd_addr:  0, rd_wdata: 00000000, mem_addr: 00000000, mem_rdata: 00000000, mem_wdata: 00000000
ClkCycle:       8309, pc_rdata: 00028478, pc_wdata: 0002847c, insn: 00000013, mode: 3, rs1_addr:  0, rs1_rdata: 00000000, rs2_addr:  0, rs2_rdata: 00000000, rd_addr:  0, rd_wdata: 00000000, mem_addr: 00000000, mem_rdata: 00000000, mem_wdata: 00000000
ClkCycle:       8310, pc_rdata: 0002847c, pc_wdata: 00028480, insn: 00000013, mode: 3, rs1_addr:  0, rs1_rdata: 00000000, rs2_addr:  0, rs2_rdata: 00000000, rd_addr:  0, rd_wdata: 00000000, mem_addr: 00000000, mem_rdata: 00000000, mem_wdata: 00000000
ClkCycle:       8311, pc_rdata: 00028480, pc_wdata: 00028482, insn: 000149e8, mode: 3, rs1_addr: 11, rs1_rdata: 00000000, rs2_addr: 20, rs2_rdata: d5bfff6f, rd_addr: 10, rd_wdata: 00000000, mem_addr: 00000054, mem_rdata: 00000000, mem_wdata: d5bfff6f
ClkCycle:       8312, pc_rdata: 00028482, pc_wdata: 00028486, insn: 000149e8, mode: 3, rs1_addr:  0, rs1_rdata: 00000000, rs2_addr:  0, rs2_rdata: 00000000, rd_addr:  0, rd_wdata: 00000000, mem_addr: 00000000, mem_rdata: 00000000, mem_wdata: 00000000
ClkCycle:       8313, pc_rdata: 00028486, pc_wdata: 00028488, insn: 001304a0, mode: 3, rs1_addr:  0, rs1_rdata: 00000000, rs2_addr:  0, rs2_rdata: 00000000, rd_addr:  0, rd_wdata: 00000000, mem_addr: 00000000, mem_rdata: 00000000, mem_wdata: 00000000
ClkCycle:       8314, pc_rdata: 00028488, pc_wdata: 0002848a, insn: 001304a0, mode: 3, rs1_addr:  2, rs1_rdata: 7fffdfff, rs2_addr:  8, rs2_rdata: 7fffdfff, rd_addr:  8, rd_wdata: 7fffe247, mem_addr: 7fffe247, mem_rdata: 00000000, mem_wdata: 7fffdfff
ClkCycle:       8315, pc_rdata: 0002848a, pc_wdata: 0002848e, insn: 001304a0, mode: 3, rs1_addr:  0, rs1_rdata: 00000000, rs2_addr:  0, rs2_rdata: 00000000, rd_addr:  0, rd_wdata: 00000000, mem_addr: 00000000, mem_rdata: 00000000, mem_wdata: 00000000
ClkCycle:       8316, pc_rdata: 0002848e, pc_wdata: 00028492, insn: 00130000, mode: 3, rs1_addr:  0, rs1_rdata: 00000000, rs2_addr:  0, rs2_rdata: 00000000, rd_addr:  0, rd_wdata: 00000000, mem_addr: 00000000, mem_rdata: 00000000, mem_wdata: 00000000
ClkCycle:       8317, pc_rdata: 00028492, pc_wdata: 00028496, insn: 00130000, mode: 3, rs1_addr:  0, rs1_rdata: 00000000, rs2_addr:  0, rs2_rdata: 00000000, rd_addr:  0, rd_wdata: 00000000, mem_addr: 00000000, mem_rdata: 00000000, mem_wdata: 00000000
ClkCycle:       8318, pc_rdata: 00028496, pc_wdata: 0002849a, insn: 00130000, mode: 3, rs1_addr:  0, rs1_rdata: 00000000, rs2_addr:  0, rs2_rdata: 00000000, rd_addr:  0, rd_wdata: 00000000, mem_addr: 00000000, mem_rdata: 00000000, mem_wdata: 00000000
ClkCycle:       8319, pc_rdata: 0002849a, pc_wdata: 0002849e, insn: 00130000, mode: 3, rs1_addr:  0, rs1_rdata: 00000000, rs2_addr:  0, rs2_rdata: 00000000, rd_addr:  0, rd_wdata: 00000000, mem_addr: 00000000, mem_rdata: 00000000, mem_wdata: 00000000
ClkCycle:       8320, pc_rdata: 0002849e, pc_wdata: 000284a2, insn: 00002597, mode: 3, rs1_addr: 14, rs1_rdata: 00000000, rs2_addr: 25, rs2_rdata: 00000000, rd_addr:  0, rd_wdata: 00000259, mem_addr: 00000259, mem_rdata: 00000000, mem_wdata: 00000000
ClkCycle:       8321, pc_rdata: 000284a2, pc_wdata: 000284a6, insn: 00002597, mode: 3, rs1_addr:  0, rs1_rdata: 00000000, rs2_addr:  0, rs2_rdata: 00000000, rd_addr:  0, rd_wdata: 00000000, mem_addr: 00000000, mem_rdata: 00000000, mem_wdata: 00000000
ClkCycle:       8322, pc_rdata: 000284a6, pc_wdata: 000284a8, insn: 00000013, mode: 3, rs1_addr:  2, rs1_rdata: 7fffdfff, rs2_addr:  0, rs2_rdata: 00000000, rd_addr:  8, rd_wdata: 7fffdfff, mem_addr: 7fffdfff, mem_rdata: 00000000, mem_wdata: 00000000
ClkCycle:       8323, pc_rdata: 000284a8, pc_wdata: 000284ac, insn: 00000013, mode: 3, rs1_addr:  0, rs1_rdata: 00000000, rs2_addr:  0, rs2_rdata: 00000000, rd_addr:  0, rd_wdata: 00000000, mem_addr: 00000000, mem_rdata: 00000000, mem_wdata: 00000000
ClkCycle:       8324, pc_rdata: 000284ac, pc_wdata: 000284b0, insn: 00000013, mode: 3, rs1_addr:  0, rs1_rdata: 00000000, rs2_addr:  0, rs2_rdata: 00000000, rd_addr:  0, rd_wdata: 00000000, mem_addr: 00000000, mem_rdata: 00000000, mem_wdata: 00000000
ClkCycle:       8325, pc_rdata: 000284b0, pc_wdata: 000284b4, insn: 00000013, mode: 3, rs1_addr:  0, rs1_rdata: 00000000, rs2_addr:  0, rs2_rdata: 00000000, rd_addr:  0, rd_wdata: 00000000, mem_addr: 00000000, mem_rdata: 00000000, mem_wdata: 00000000
ClkCycle:       8326, pc_rdata: 000284b4, pc_wdata: 000284b8, insn: 00000013, mode: 3, rs1_addr:  0, rs1_rdata: 00000000, rs2_addr:  0, rs2_rdata: 00000000, rd_addr:  0, rd_wdata: 00000000, mem_addr: 00000000, mem_rdata: 00000000, mem_wdata: 00000000
ClkCycle:       8327, pc_rdata: 000284b8, pc_wdata: 000284bc, insn: 00000013, mode: 3, rs1_addr:  0, rs1_rdata: 00000000, rs2_addr:  0, rs2_rdata: 00000000, rd_addr:  0, rd_wdata: 00000000, mem_addr: 00000000, mem_rdata: 00000000, mem_wdata: 00000000
ClkCycle:       8328, pc_rdata: 000284bc, pc_wdata: 000284c0, insn: 00000013, mode: 3, rs1_addr:  0, rs1_rdata: 00000000, rs2_addr:  0, rs2_rdata: 00000000, rd_addr:  0, rd_wdata: 00000000, mem_addr: 00000000, mem_rdata: 00000000, mem_wdata: 00000000
ClkCycle:       8329, pc_rdata: 000284c0, pc_wdata: 000284c2, insn: 00015588, mode: 3, rs1_addr: 11, rs1_rdata: 00000000, rs2_addr:  8, rs2_rdata: 7fffdfff, rd_addr: 10, rd_wdata: 00000000, mem_addr: 00000028, mem_rdata: 00000000, mem_wdata: 7fffdfff
ClkCycle:       8330, pc_rdata: 000284c2, pc_wdata: 000284c6, insn: 00015588, mode: 3, rs1_addr:  0, rs1_rdata: 00000000, rs2_addr:  0, rs2_rdata: 00000000, rd_addr:  0, rd_wdata: 00000000, mem_addr: 00000000, mem_rdata: 00000000, mem_wdata: 00000000
ClkCycle:       8331, pc_rdata: 000284c6, pc_wdata: 000284c8, insn: 006f06a0, mode: 3, rs1_addr:  0, rs1_rdata: 00000000, rs2_addr:  0, rs2_rdata: 00000000, rd_addr:  0, rd_wdata: 00000000, mem_addr: 00000000, mem_rdata: 00000000, mem_wdata: 00000000
ClkCycle:       8332, pc_rdata: 000284c8, pc_wdata: 000284ca, insn: 006f06a0, mode: 3, rs1_addr:  2, rs1_rdata: 7fffdfff, rs2_addr:  8, rs2_rdata: 7fffdfff, rd_addr:  8, rd_wdata: 7fffe347, mem_addr: 7fffe347, mem_rdata: 00000000, mem_wdata: 7fffdfff
ClkCycle:       8333, pc_rdata: 000284ca, pc_wdata: 000284ce, insn: 006f06a0, mode: 3, rs1_addr:  0, rs1_rdata: 00000000, rs2_addr:  0, rs2_rdata: 00000000, rd_addr:  0, rd_wdata: 00000000, mem_addr: 00000000, mem_rdata: 00000000, mem_wdata: 00000000
ClkCycle:       8334, pc_rdata: 000284ce, pc_wdata: 000284d2, insn: 33031f81, mode: 3, rs1_addr:  2, rs1_rdata: 7fffdfff, rs2_addr: 24, rs2_rdata: 0000007d, rd_addr:  0, rd_wdata: 000284d2, mem_addr: 8000e1f7, mem_rdata: 00000000, mem_wdata: 0000007d
ClkCycle:       8335, pc_rdata: 000284d2, pc_wdata: 000386c6, insn: 33031f81, mode: 3, rs1_addr:  0, rs1_rdata: 00000000, rs2_addr:  0, rs2_rdata: 00000000, rd_addr:  0, rd_wdata: 00000000, mem_addr: 00000000, mem_rdata: 00000000, mem_wdata: 00000000
