ClkCycle:          5, pc_rdata: 00000000, pc_wdata: 00000004, insn: 7d5c0837, mode: 3, rs1_addr: 24, rs1_rdata: 00000000, rs2_addr: 21, rs2_rdata: 00000000, rd_addr: 16, rd_wdata: 7d5c0000, mem_addr: 7d5c0000, mem_rdata: 00000000, mem_wdata: 00000000
ClkCycle:          6, pc_rdata: 00000004, pc_wdata: 00000008, insn: ddb80813, mode: 3, rs1_addr: 16, rs1_rdata: 00000000, rs2_addr: 27, rs2_rdata: 00000000, rd_addr: 16, rd_wdata: 7d5bfddb, mem_addr: 7d5bfddb, mem_rdata: 00000000, mem_wdata: 00000000
ClkCycle:          7, pc_rdata: 00000008, pc_wdata: 0000000c, insn: 00b81813, mode: 3, rs1_addr: 16, rs1_rdata: 00000000, rs2_addr: 11, rs2_rdata: 00000000, rd_addr: 16, rd_wdata: dfeed800, mem_addr: dfeed800, mem_rdata: 00000000, mem_wdata: 00000000
ClkCycle:          8, pc_rdata: 0000000c, pc_wdata: 00000010, insn: 3ea80813, mode: 3, rs1_addr: 16, rs1_rdata: 7d5c0000, rs2_addr: 10, rs2_rdata: 00000000, rd_addr: 16, rd_wdata: dfeedbea, mem_addr: dfeedbea, mem_rdata: 00000000, mem_wdata: 00000000
ClkCycle:          9, pc_rdata: 00000010, pc_wdata: 00000014, insn: 00b81813, mode: 3, rs1_addr: 16, rs1_rdata: 7d5bfddb, rs2_addr: 11, rs2_rdata: 00000000, rd_addr: 16, rd_wdata: 76df5000, mem_addr: 76df5000, mem_rdata: 00000000, mem_wdata: 00000000
ClkCycle:         10, pc_rdata: 00000014, pc_wdata: 00000018, insn: 6ff80813, mode: 3, rs1_addr: 16, rs1_rdata: dfeed800, rs2_addr: 31, rs2_rdata: 00000000, rd_addr: 16, rd_wdata: 76df56ff, mem_addr: 76df56ff, mem_rdata: 00000000, mem_wdata: 00000000
ClkCycle:         11, pc_rdata: 00000018, pc_wdata: 0000001c, insn: 00a81813, mode: 3, rs1_addr: 16, rs1_rdata: dfeedbea, rs2_addr: 10, rs2_rdata: 00000000, rd_addr: 16, rd_wdata: 7d5bfc00, mem_addr: 7d5bfc00, mem_rdata: 00000000, mem_wdata: 00000000
ClkCycle:         12, pc_rdata: 0000001c, pc_wdata: 00000020, insn: 1db80813, mode: 3, rs1_addr: 16, rs1_rdata: 76df5000, rs2_addr: 27, rs2_rdata: 00000000, rd_addr: 16, rd_wdata: 7d5bfddb, mem_addr: 7d5bfddb, mem_rdata: 00000000, mem_wdata: 00000000
ClkCycle:         13, pc_rdata: 00000020, pc_wdata: 00000024, insn: 00785893, mode: 3, rs1_addr: 16, rs1_rdata: 76df56ff, rs2_addr:  7, rs2_rdata: 00000000, rd_addr: 17, rd_wdata: b6fab7fb, mem_addr: b6fab7fb, mem_rdata: 00000000, mem_wdata: 00000000
ClkCycle:         14, pc_rdata: 00000024, pc_wdata: 00000028, insn: 03985793, mode: 3, rs1_addr: 16, rs1_rdata: 7d5bfc00, rs2_addr: 25, rs2_rdata: 00000000, rd_addr: 15, rd_wdata: adfeedbe, mem_addr: adfeedbe, mem_rdata: 00000000, mem_wdata: 00000000
ClkCycle:         15, pc_rdata: 00000028, pc_wdata: 0000002c, insn: 00f8e8b3, mode: 3, rs1_addr: 17, rs1_rdata: 00000000, rs2_addr: 15, rs2_rdata: 00000000, rd_addr: 17, rd_wdata: bffeffff, mem_addr: bffeffff, mem_rdata: 00000000, mem_wdata: adfeedbe
ClkCycle:         16, pc_rdata: 0000002c, pc_wdata: 00000030, insn: 0078d913, mode: 3, rs1_addr: 17, rs1_rdata: b6fab7fb, rs2_addr:  7, rs2_rdata: 00000000, rd_addr: 18, rd_wdata: ff7ffdff, mem_addr: ff7ffdff, mem_rdata: 00000000, mem_wdata: 00000000
ClkCycle:         17, pc_rdata: 00000030, pc_wdata: 00000034, insn: 0398d793, mode: 3, rs1_addr: 17, rs1_rdata: b6fab7fb, rs2_addr: 25, rs2_rdata: 00000000, rd_addr: 15, rd_wdata: 7d5bffdf, mem_addr: 7d5bffdf, mem_rdata: 00000000, mem_wdata: 00000000
ClkCycle:         18, pc_rdata: 00000034, pc_wdata: 00000038, insn: 00f96933, mode: 3, rs1_addr: 18, rs1_rdata: 00000000, rs2_addr: 15, rs2_rdata: adfeedbe, rd_addr: 18, rd_wdata: ff7fffff, mem_addr: ff7fffff, mem_rdata: 00000000, mem_wdata: 7d5bffdf
ClkCycle:         19, pc_rdata: 00000038, pc_wdata: 0000003c, insn: 00795993, mode: 3, rs1_addr: 18, rs1_rdata: ff7ffdff, rs2_addr:  7, rs2_rdata: 00000000, rd_addr: 19, rd_wdata: dffeffff, mem_addr: dffeffff, mem_rdata: 00000000, mem_wdata: 00000000
ClkCycle:         20, pc_rdata: 0000003c, pc_wdata: 00000040, insn: 03995793, mode: 3, rs1_addr: 18, rs1_rdata: ff7ffdff, rs2_addr: 25, rs2_rdata: 00000000, rd_addr: 15, rd_wdata: 00fab7ff, mem_addr: 00fab7ff, mem_rdata: 00000000, mem_wdata: 00000000
ClkCycle:         21, pc_rdata: 00000040, pc_wdata: 00000044, insn: 00f9e9b3, mode: 3, rs1_addr: 19, rs1_rdata: 00000000, rs2_addr: 15, rs2_rdata: 7d5bffdf, rd_addr: 19, rd_wdata: dffeffff, mem_addr: dffeffff, mem_rdata: 00000000, mem_wdata: 00fab7ff
ClkCycle:         22, pc_rdata: 00000044, pc_wdata: 00000048, insn: 0079da13, mode: 3, rs1_addr: 19, rs1_rdata: dffeffff, rs2_addr:  7, rs2_rdata: 00000000, rd_addr: 20, rd_wdata: d5bffdff, mem_addr: d5bffdff, mem_rdata: 00000000, mem_wdata: 00000000
ClkCycle:         23, pc_rdata: 00000048, pc_wdata: 0000004c, insn: 0399d793, mode: 3, rs1_addr: 19, rs1_rdata: dffeffff, rs2_addr: 25, rs2_rdata: 00000000, rd_addr: 15, rd_wdata: 0001f56f, mem_addr: 0001f56f, mem_rdata: 00000000, mem_wdata: 00000000
ClkCycle:         24, pc_rdata: 0000004c, pc_wdata: 00000050, insn: 00fa6a33, mode: 3, rs1_addr: 20, rs1_rdata: 00000000, rs2_addr: 15, rs2_rdata: 00fab7ff, rd_addr: 20, rd_wdata: d5bffdff, mem_addr: d5bffdff, mem_rdata: 00000000, mem_wdata: 0001f56f
ClkCycle:         25, pc_rdata: 00000050, pc_wdata: 00000054, insn: 007a5a93, mode: 3, rs1_addr: 20, rs1_rdata: d5bffdff, rs2_addr:  7, rs2_rdata: 00000000, rd_addr: 21, rd_wdata: 0fab7ffb, mem_addr: 0fab7ffb, mem_rdata: 00000000, mem_wdata: 00000000
ClkCycle:         26, pc_rdata: 00000054, pc_wdata: 00000058, insn: 039a5793, mode: 3, rs1_addr: 20, rs1_rdata: d5bffdff, rs2_addr: 25, rs2_rdata: 00000000, rd_addr: 15, rd_wdata: 000003ea, mem_addr: 000003ea, mem_rdata: 00000000, mem_wdata: 00000000
ClkCycle:         27, pc_rdata: 00000058, pc_wdata: 0000005c, insn: 00faeab3, mode: 3, rs1_addr: 21, rs1_rdata: 00000000, rs2_addr: 15, rs2_rdata: 0001f56f, rd_addr: 21, rd_wdata: 0fab7ffb, mem_addr: 0fab7ffb, mem_rdata: 00000000, mem_wdata: 000003ea
ClkCycle:         28, pc_rdata: 0000005c, pc_wdata: 00000060, insn: 007adb13, mode: 3, rs1_addr: 21, rs1_rdata: 0fab7ffb, rs2_addr:  7, rs2_rdata: 00000000, rd_addr: 22, rd_wdata: 001f56ff, mem_addr: 001f56ff, mem_rdata: 00000000, mem_wdata: 00000000
ClkCycle:         29, pc_rdata: 00000060, pc_wdata: 00000064, insn: 039ad793, mode: 3, rs1_addr: 21, rs1_rdata: 0fab7ffb, rs2_addr: 25, rs2_rdata: 00000000, rd_addr: 15, rd_wdata: 00000007, mem_addr: 00000007, mem_rdata: 00000000, mem_wdata: 00000000
ClkCycle:         30, pc_rdata: 00000064, pc_wdata: 00000068, insn: 00fb6b33, mode: 3, rs1_addr: 22, rs1_rdata: 00000000, rs2_addr: 15, rs2_rdata: 000003ea, rd_addr: 22, rd_wdata: 001f56ff, mem_addr: 001f56ff, mem_rdata: 00000000, mem_wdata: 00000007
ClkCycle:         31, pc_rdata: 00000068, pc_wdata: 0000006c, insn: 007b5b93, mode: 3, rs1_addr: 22, rs1_rdata: 001f56ff, rs2_addr:  7, rs2_rdata: 00000000, rd_addr: 23, rd_wdata: 00003ead, mem_addr: 00003ead, mem_rdata: 00000000, mem_wdata: 00000000
ClkCycle:         32, pc_rdata: 0000006c, pc_wdata: 00000070, insn: 039b5793, mode: 3, rs1_addr: 22, rs1_rdata: 001f56ff, rs2_addr: 25, rs2_rdata: 00000000, rd_addr: 15, rd_wdata: 00000000, mem_addr: 00000000, mem_rdata: 00000000, mem_wdata: 00000000
ClkCycle:         33, pc_rdata: 00000070, pc_wdata: 00000074, insn: 00fbebb3, mode: 3, rs1_addr: 23, rs1_rdata: 00000000, rs2_addr: 15, rs2_rdata: 00000007, rd_addr: 23, rd_wdata: 00003ead, mem_addr: 00003ead, mem_rdata: 00000000, mem_wdata: 00000000
ClkCycle:         34, pc_rdata: 00000074, pc_wdata: 00000078, insn: 007bdc13, mode: 3, rs1_addr: 23, rs1_rdata: 00003ead, rs2_addr:  7, rs2_rdata: 00000000, rd_addr: 24, rd_wdata: 0000007d, mem_addr: 0000007d, mem_rdata: 00000000, mem_wdata: 00000000
ClkCycle:         35, pc_rdata: 00000078, pc_wdata: 0000007c, insn: 039bd793, mode: 3, rs1_addr: 23, rs1_rdata: 00003ead, rs2_addr: 25, rs2_rdata: 00000000, rd_addr: 15, rd_wdata: 00000000, mem_addr: 00000000, mem_rdata: 00000000, mem_wdata: 00000000
ClkCycle:         36, pc_rdata: 0000007c, pc_wdata: 00000080, insn: 00fc6c33, mode: 3, rs1_addr: 24, rs1_rdata: 00000000, rs2_addr: 15, rs2_rdata: 00000000, rd_addr: 24, rd_wdata: 0000007d, mem_addr: 0000007d, mem_rdata: 00000000, mem_wdata: 00000000
ClkCycle:         37, pc_rdata: 00000080, pc_wdata: 00000084, insn: 007c5c93, mode: 3, rs1_addr: 24, rs1_rdata: 0000007d, rs2_addr:  7, rs2_rdata: 00000000, rd_addr: 25, rd_wdata: 00000000, mem_addr: 00000000, mem_rdata: 00000000, mem_wdata: 00000000
ClkCycle:         38, pc_rdata: 00000084, pc_wdata: 00000088, insn: 039c5793, mode: 3, rs1_addr: 24, rs1_rdata: 0000007d, rs2_addr: 25, rs2_rdata: 00000000, rd_addr: 15, rd_wdata: 00000000, mem_addr: 00000000, mem_rdata: 00000000, mem_wdata: 00000000
ClkCycle:         39, pc_rdata: 00000088, pc_wdata: 0000008c, insn: 00fcecb3, mode: 3, rs1_addr: 25, rs1_rdata: 00000000, rs2_addr: 15, rs2_rdata: 00000000, rd_addr: 25, rd_wdata: 00000000, mem_addr: 00000000, mem_rdata: 00000000, mem_wdata: 00000000
ClkCycle:         40, pc_rdata: 0000008c, pc_wdata: 00000090, insn: 007cdd13, mode: 3, rs1_addr: 25, rs1_rdata: 00000000, rs2_addr:  7, rs2_rdata: 00000000, rd_addr: 26, rd_wdata: 00000000, mem_addr: 00000000, mem_rdata: 00000000, mem_wdata: 00000000
ClkCycle:         41, pc_rdata: 00000090, pc_wdata: 00000094, insn: 039cd793, mode: 3, rs1_addr: 25, rs1_rdata: 00000000, rs2_addr: 25, rs2_rdata: 00000000, rd_addr: 15, rd_wdata: 00000000, mem_addr: 00000000, mem_rdata: 00000000, mem_wdata: 00000000
ClkCycle:         42, pc_rdata: 00000094, pc_wdata: 00000098, insn: 00fd6d33, mode: 3, rs1_addr: 26, rs1_rdata: 00000000, rs2_addr: 15, rs2_rdata: 00000000, rd_addr: 26, rd_wdata: 00000000, mem_addr: 00000000, mem_rdata: 00000000, mem_wdata: 00000000
ClkCycle:         43, pc_rdata: 00000098, pc_wdata: 0000009c, insn: 007d5d93, mode: 3, rs1_addr: 26, rs1_rdata: 00000000, rs2_addr:  7, rs2_rdata: 00000000, rd_addr: 27, rd_wdata: 00000000, mem_addr: 00000000, mem_rdata: 00000000, mem_wdata: 00000000
ClkCycle:         44, pc_rdata: 0000009c, pc_wdata: 000000a0, insn: 039d5793, mode: 3, rs1_addr: 26, rs1_rdata: 00000000, rs2_addr: 25, rs2_rdata: 00000000, rd_addr: 15, rd_wdata: 00000000, mem_addr: 00000000, mem_rdata: 00000000, mem_wdata: 00000000
ClkCycle:         45, pc_rdata: 000000a0, pc_wdata: 000000a4, insn: 00fdedb3, mode: 3, rs1_addr: 27, rs1_rdata: 00000000, rs2_addr: 15, rs2_rdata: 00000000, rd_addr: 27, rd_wdata: 00000000, mem_addr: 00000000, mem_rdata: 00000000, mem_wdata: 00000000
ClkCycle:         46, pc_rdata: 000000a4, pc_wdata: 000000a8, insn: 007dde13, mode: 3, rs1_addr: 27, rs1_rdata: 00000000, rs2_addr:  7, rs2_rdata: 00000000, rd_addr: 28, rd_wdata: 00000000, mem_addr: 00000000, mem_rdata: 00000000, mem_wdata: 00000000
ClkCycle:         47, pc_rdata: 000000a8, pc_wdata: 000000ac, insn: 039dd793, mode: 3, rs1_addr: 27, rs1_rdata: 00000000, rs2_addr: 25, rs2_rdata: 00000000, rd_addr: 15, rd_wdata: 00000000, mem_addr: 00000000, mem_rdata: 00000000, mem_wdata: 00000000
ClkCycle:         48, pc_rdata: 000000ac, pc_wdata: 000000b0, insn: 00fe6e33, mode: 3, rs1_addr: 28, rs1_rdata: 00000000, rs2_addr: 15, rs2_rdata: 00000000, rd_addr: 28, rd_wdata: 00000000, mem_addr: 00000000, mem_rdata: 00000000, mem_wdata: 00000000
ClkCycle:         49, pc_rdata: 000000b0, pc_wdata: 000000b4, insn: 007e5e93, mode: 3, rs1_addr: 28, rs1_rdata: 00000000, rs2_addr:  7, rs2_rdata: 00000000, rd_addr: 29, rd_wdata: 00000000, mem_addr: 00000000, mem_rdata: 00000000, mem_wdata: 00000000
ClkCycle:         50, pc_rdata: 000000b4, pc_wdata: 000000b8, insn: 039e5793, mode: 3, rs1_addr: 28, rs1_rdata: 00000000, rs2_addr: 25, rs2_rdata: 00000000, rd_addr: 15, rd_wdata: 00000000, mem_addr: 00000000, mem_rdata: 00000000, mem_wdata: 00000000
ClkCycle:         51, pc_rdata: 000000b8, pc_wdata: 000000bc, insn: 00feeeb3, mode: 3, rs1_addr: 29, rs1_rdata: 00000000, rs2_addr: 15, rs2_rdata: 00000000, rd_addr: 29, rd_wdata: 00000000, mem_addr: 00000000, mem_rdata: 00000000, mem_wdata: 00000000
ClkCycle:         52, pc_rdata: 000000bc, pc_wdata: 000000c0, insn: 007edf13, mode: 3, rs1_addr: 29, rs1_rdata: 00000000, rs2_addr:  7, rs2_rdata: 00000000, rd_addr: 30, rd_wdata: 00000000, mem_addr: 00000000, mem_rdata: 00000000, mem_wdata: 00000000
ClkCycle:         53, pc_rdata: 000000c0, pc_wdata: 000000c4, insn: 039ed793, mode: 3, rs1_addr: 29, rs1_rdata: 00000000, rs2_addr: 25, rs2_rdata: 00000000, rd_addr: 15, rd_wdata: 00000000, mem_addr: 00000000, mem_rdata: 00000000, mem_wdata: 00000000
ClkCycle:         54, pc_rdata: 000000c4, pc_wdata: 000000c8, insn: 00ff6f33, mode: 3, rs1_addr: 30, rs1_rdata: 00000000, rs2_addr: 15, rs2_rdata: 00000000, rd_addr: 30, rd_wdata: 00000000, mem_addr: 00000000, mem_rdata: 00000000, mem_wdata: 00000000
ClkCycle:         55, pc_rdata: 000000c8, pc_wdata: 000000cc, insn: feedc0b7, mode: 3, rs1_addr: 27, rs1_rdata: 00000000, rs2_addr: 14, rs2_rdata: 00000000, rd_addr:  1, rd_wdata: feedc000, mem_addr: feedc000, mem_rdata: 00000000, mem_wdata: 00000000
ClkCycle:         56, pc_rdata: 000000cc, pc_wdata: 000000d0, insn: ead08093, mode: 3, rs1_addr:  1, rs1_rdata: 00000000, rs2_addr: 13, rs2_rdata: 00000000, rd_addr:  1, rd_wdata: feedbead, mem_addr: feedbead, mem_rdata: 00000000, mem_wdata: 00000000
ClkCycle:         57, pc_rdata: 000000d0, pc_wdata: 000000d4, insn: 00b09093, mode: 3, rs1_addr:  1, rs1_rdata: 00000000, rs2_addr: 11, rs2_rdata: 00000000, rd_addr:  1, rd_wdata: 6df56800, mem_addr: 6df56800, mem_rdata: 00000000, mem_wdata: 00000000
ClkCycle:         58, pc_rdata: 000000d4, pc_wdata: 000000d8, insn: 7f708093, mode: 3, rs1_addr:  1, rs1_rdata: feedc000, rs2_addr: 23, rs2_rdata: 00003ead, rd_addr:  1, rd_wdata: 6df56ff7, mem_addr: 6df56ff7, mem_rdata: 00000000, mem_wdata: 00003ead
ClkCycle:         59, pc_rdata: 000000d8, pc_wdata: 000000dc, insn: 00b09093, mode: 3, rs1_addr:  1, rs1_rdata: feedbead, rs2_addr: 11, rs2_rdata: 00000000, rd_addr:  1, rd_wdata: ab7fb800, mem_addr: ab7fb800, mem_rdata: 00000000, mem_wdata: 00000000
ClkCycle:         60, pc_rdata: 000000dc, pc_wdata: 000000e0, insn: 36f08093, mode: 3, rs1_addr:  1, rs1_rdata: 6df56800, rs2_addr: 15, rs2_rdata: 00000000, rd_addr:  1, rd_wdata: ab7fbb6f, mem_addr: ab7fbb6f, mem_rdata: 00000000, mem_wdata: 00000000
ClkCycle:         61, pc_rdata: 000000e0, pc_wdata: 000000e4, insn: 00a09093, mode: 3, rs1_addr:  1, rs1_rdata: 6df56ff7, rs2_addr: 10, rs2_rdata: 00000000, rd_addr:  1, rd_wdata: feedbc00, mem_addr: feedbc00, mem_rdata: 00000000, mem_wdata: 00000000
ClkCycle:         62, pc_rdata: 000000e4, pc_wdata: 000000e8, insn: 2ad08093, mode: 3, rs1_addr:  1, rs1_rdata: ab7fb800, rs2_addr: 13, rs2_rdata: 00000000, rd_addr:  1, rd_wdata: feedbead, mem_addr: feedbead, mem_rdata: 00000000, mem_wdata: 00000000
ClkCycle:         63, pc_rdata: 000000e8, pc_wdata: 000000ec, insn: 0070d113, mode: 3, rs1_addr:  1, rs1_rdata: ab7fbb6f, rs2_addr:  7, rs2_rdata: 00000000, rd_addr:  2, rd_wdata: 5bfddb7d, mem_addr: 5bfddb7d, mem_rdata: 00000000, mem_wdata: 00000000
ClkCycle:         64, pc_rdata: 000000ec, pc_wdata: 000000f0, insn: 0390d793, mode: 3, rs1_addr:  1, rs1_rdata: feedbc00, rs2_addr: 25, rs2_rdata: 00000000, rd_addr: 15, rd_wdata: 76df56ff, mem_addr: 76df56ff, mem_rdata: 00000000, mem_wdata: 00000000
ClkCycle:         65, pc_rdata: 000000f0, pc_wdata: 000000f4, insn: 00f16133, mode: 3, rs1_addr:  2, rs1_rdata: 00000000, rs2_addr: 15, rs2_rdata: 00000000, rd_addr:  2, rd_wdata: 7fffdfff, mem_addr: 7fffdfff, mem_rdata: 00000000, mem_wdata: 76df56ff
ClkCycle:         66, pc_rdata: 000000f4, pc_wdata: 000000f8, insn: 00715193, mode: 3, rs1_addr:  2, rs1_rdata: 5bfddb7d, rs2_addr:  7, rs2_rdata: 00000000, rd_addr:  3, rd_wdata: feffffbf, mem_addr: feffffbf, mem_rdata: 00000000, mem_wdata: 00000000
ClkCycle:         67, pc_rdata: 000000f8, pc_wdata: 000000fc, insn: 03915793, mode: 3, rs1_addr:  2, rs1_rdata: 5bfddb7d, rs2_addr: 25, rs2_rdata: 00000000, rd_addr: 15, rd_wdata: feedbfbf, mem_addr: feedbfbf, mem_rdata: 00000000, mem_wdata: 00000000
ClkCycle:         68, pc_rdata: 000000fc, pc_wdata: 00000100, insn: 00f1e1b3, mode: 3, rs1_addr:  3, rs1_rdata: 00000000, rs2_addr: 15, rs2_rdata: 76df56ff, rd_addr:  3, rd_wdata: feffffbf, mem_addr: feffffbf, mem_rdata: 00000000, mem_wdata: feedbfbf
ClkCycle:         69, pc_rdata: 00000100, pc_wdata: 00000104, insn: 0071d213, mode: 3, rs1_addr:  3, rs1_rdata: feffffbf, rs2_addr:  7, rs2_rdata: 00000000, rd_addr:  4, rd_wdata: 6dfdffff, mem_addr: 6dfdffff, mem_rdata: 00000000, mem_wdata: 00000000
ClkCycle:         70, pc_rdata: 00000104, pc_wdata: 00000108, insn: 0391d793, mode: 3, rs1_addr:  3, rs1_rdata: feffffbf, rs2_addr: 25, rs2_rdata: 00000000, rd_addr: 15, rd_wdata: 01fddb7f, mem_addr: 01fddb7f, mem_rdata: 00000000, mem_wdata: 00000000
ClkCycle:         71, pc_rdata: 00000108, pc_wdata: 0000010c, insn: 00f26233, mode: 3, rs1_addr:  4, rs1_rdata: 00000000, rs2_addr: 15, rs2_rdata: feedbfbf, rd_addr:  4, rd_wdata: 6dfdffff, mem_addr: 6dfdffff, mem_rdata: 00000000, mem_wdata: 01fddb7f
ClkCycle:         72, pc_rdata: 0000010c, pc_wdata: 00000110, insn: 00725293, mode: 3, rs1_addr:  4, rs1_rdata: 6dfdffff, rs2_addr:  7, rs2_rdata: 00000000, rd_addr:  5, rd_wdata: eedbfbff, mem_addr: eedbfbff, mem_rdata: 00000000, mem_wdata: 00000000
ClkCycle:         73, pc_rdata: 00000110, pc_wdata: 00000114, insn: 03925793, mode: 3, rs1_addr:  4, rs1_rdata: 6dfdffff, rs2_addr: 25, rs2_rdata: 00000000, rd_addr: 15, rd_wdata: 0003fbb6, mem_addr: 0003fbb6, mem_rdata: 00000000, mem_wdata: 00000000
ClkCycle:         74, pc_rdata: 00000114, pc_wdata: 00000118, insn: 00f2e2b3, mode: 3, rs1_addr:  5, rs1_rdata: 00000000, rs2_addr: 15, rs2_rdata: 01fddb7f, rd_addr:  5, rd_wdata: eedbfbff, mem_addr: eedbfbff, mem_rdata: 00000000, mem_wdata: 0003fbb6
ClkCycle:         75, pc_rdata: 00000118, pc_wdata: 0000011c, insn: 0072d313, mode: 3, rs1_addr:  5, rs1_rdata: eedbfbff, rs2_addr:  7, rs2_rdata: 00000000, rd_addr:  6, rd_wdata: 1fddb7f7, mem_addr: 1fddb7f7, mem_rdata: 00000000, mem_wdata: 00000000
ClkCycle:         76, pc_rdata: 0000011c, pc_wdata: 00000120, insn: 0392d793, mode: 3, rs1_addr:  5, rs1_rdata: eedbfbff, rs2_addr: 25, rs2_rdata: 00000000, rd_addr: 15, rd_wdata: 000007f7, mem_addr: 000007f7, mem_rdata: 00000000, mem_wdata: 00000000
ClkCycle:         77, pc_rdata: 00000120, pc_wdata: 00000124, insn: 00f36333, mode: 3, rs1_addr:  6, rs1_rdata: 00000000, rs2_addr: 15, rs2_rdata: 0003fbb6, rd_addr:  6, rd_wdata: 1fddb7f7, mem_addr: 1fddb7f7, mem_rdata: 00000000, mem_wdata: 000007f7
ClkCycle:         78, pc_rdata: 00000124, pc_wdata: 00000128, insn: 00735393, mode: 3, rs1_addr:  6, rs1_rdata: 1fddb7f7, rs2_addr:  7, rs2_rdata: 00000000, rd_addr:  7, rd_wdata: 003fbb6f, mem_addr: 003fbb6f, mem_rdata: 00000000, mem_wdata: 00000000
ClkCycle:         79, pc_rdata: 00000128, pc_wdata: 0000012c, insn: 03935793, mode: 3, rs1_addr:  6, rs1_rdata: 1fddb7f7, rs2_addr: 25, rs2_rdata: 00000000, rd_addr: 15, rd_wdata: 0000000f, mem_addr: 0000000f, mem_rdata: 00000000, mem_wdata: 00000000
ClkCycle:         80, pc_rdata: 0000012c, pc_wdata: 00000130, insn: 00f3e3b3, mode: 3, rs1_addr:  7, rs1_rdata: 00000000, rs2_addr: 15, rs2_rdata: 000007f7, rd_addr:  7, rd_wdata: 003fbb6f, mem_addr: 003fbb6f, mem_rdata: 00000000, mem_wdata: 0000000f
ClkCycle:         81, pc_rdata: 00000130, pc_wdata: 00000134, insn: 0073d413, mode: 3, rs1_addr:  7, rs1_rdata: 003fbb6f, rs2_addr:  7, rs2_rdata: 003fbb6f, rd_addr:  8, rd_wdata: 00007f76, mem_addr: 00007f76, mem_rdata: 00000000, mem_wdata: 003fbb6f
ClkCycle:         82, pc_rdata: 00000134, pc_wdata: 00000138, insn: 0393d793, mode: 3, rs1_addr:  7, rs1_rdata: 003fbb6f, rs2_addr: 25, rs2_rdata: 00000000, rd_addr: 15, rd_wdata: 00000000, mem_addr: 00000000, mem_rdata: 00000000, mem_wdata: 00000000
ClkCycle:         83, pc_rdata: 00000138, pc_wdata: 0000013c, insn: 00f46433, mode: 3, rs1_addr:  8, rs1_rdata: 00000000, rs2_addr: 15, rs2_rdata: 0000000f, rd_addr:  8, rd_wdata: 00007f76, mem_addr: 00007f76, mem_rdata: 00000000, mem_wdata: 00000000
ClkCycle:         84, pc_rdata: 0000013c, pc_wdata: 00000140, insn: 00745493, mode: 3, rs1_addr:  8, rs1_rdata: 00007f76, rs2_addr:  7, rs2_rdata: 003fbb6f, rd_addr:  9, rd_wdata: 000000fe, mem_addr: 000000fe, mem_rdata: 00000000, mem_wdata: 003fbb6f
ClkCycle:         85, pc_rdata: 00000140, pc_wdata: 00000144, insn: 03945793, mode: 3, rs1_addr:  8, rs1_rdata: 00007f76, rs2_addr: 25, rs2_rdata: 00000000, rd_addr: 15, rd_wdata: 00000000, mem_addr: 00000000, mem_rdata: 00000000, mem_wdata: 00000000
ClkCycle:         86, pc_rdata: 00000144, pc_wdata: 00000148, insn: 00f4e4b3, mode: 3, rs1_addr:  9, rs1_rdata: 00000000, rs2_addr: 15, rs2_rdata: 00000000, rd_addr:  9, rd_wdata: 000000fe, mem_addr: 000000fe, mem_rdata: 00000000, mem_wdata: 00000000
ClkCycle:         87, pc_rdata: 00000148, pc_wdata: 0000014c, insn: 0074d513, mode: 3, rs1_addr:  9, rs1_rdata: 000000fe, rs2_addr:  7, rs2_rdata: 003fbb6f, rd_addr: 10, rd_wdata: 00000001, mem_addr: 00000001, mem_rdata: 00000000, mem_wdata: 003fbb6f
ClkCycle:         88, pc_rdata: 0000014c, pc_wdata: 00000150, insn: 0394d793, mode: 3, rs1_addr:  9, rs1_rdata: 000000fe, rs2_addr: 25, rs2_rdata: 00000000, rd_addr: 15, rd_wdata: 00000000, mem_addr: 00000000, mem_rdata: 00000000, mem_wdata: 00000000
ClkCycle:         89, pc_rdata: 00000150, pc_wdata: 00000154, insn: 00f56533, mode: 3, rs1_addr: 10, rs1_rdata: 00000000, rs2_addr: 15, rs2_rdata: 00000000, rd_addr: 10, rd_wdata: 00000001, mem_addr: 00000001, mem_rdata: 00000000, mem_wdata: 00000000
ClkCycle:         90, pc_rdata: 00000154, pc_wdata: 00000158, insn: 00755593, mode: 3, rs1_addr: 10, rs1_rdata: 00000001, rs2_addr:  7, rs2_rdata: 003fbb6f, rd_addr: 11, rd_wdata: 00000000, mem_addr: 00000000, mem_rdata: 00000000, mem_wdata: 003fbb6f
ClkCycle:         91, pc_rdata: 00000158, pc_wdata: 0000015c, insn: 03955793, mode: 3, rs1_addr: 10, rs1_rdata: 00000001, rs2_addr: 25, rs2_rdata: 00000000, rd_addr: 15, rd_wdata: 00000000, mem_addr: 00000000, mem_rdata: 00000000, mem_wdata: 00000000
ClkCycle:         92, pc_rdata: 0000015c, pc_wdata: 00000160, insn: 00f5e5b3, mode: 3, rs1_addr: 11, rs1_rdata: 00000000, rs2_addr: 15, rs2_rdata: 00000000, rd_addr: 11, rd_wdata: 00000000, mem_addr: 00000000, mem_rdata: 00000000, mem_wdata: 00000000
ClkCycle:         93, pc_rdata: 00000160, pc_wdata: 00000164, insn: 0075d613, mode: 3, rs1_addr: 11, rs1_rdata: 00000000, rs2_addr:  7, rs2_rdata: 003fbb6f, rd_addr: 12, rd_wdata: 00000000, mem_addr: 00000000, mem_rdata: 00000000, mem_wdata: 003fbb6f
ClkCycle:         94, pc_rdata: 00000164, pc_wdata: 00000168, insn: 0395d793, mode: 3, rs1_addr: 11, rs1_rdata: 00000000, rs2_addr: 25, rs2_rdata: 00000000, rd_addr: 15, rd_wdata: 00000000, mem_addr: 00000000, mem_rdata: 00000000, mem_wdata: 00000000
ClkCycle:         95, pc_rdata: 00000168, pc_wdata: 0000016c, insn: 00f66633, mode: 3, rs1_addr: 12, rs1_rdata: 00000000, rs2_addr: 15, rs2_rdata: 00000000, rd_addr: 12, rd_wdata: 00000000, mem_addr: 00000000, mem_rdata: 00000000, mem_wdata: 00000000
ClkCycle:         96, pc_rdata: 0000016c, pc_wdata: 00000170, insn: 00765693, mode: 3, rs1_addr: 12, rs1_rdata: 00000000, rs2_addr:  7, rs2_rdata: 003fbb6f, rd_addr: 13, rd_wdata: 00000000, mem_addr: 00000000, mem_rdata: 00000000, mem_wdata: 003fbb6f
ClkCycle:         97, pc_rdata: 00000170, pc_wdata: 00000174, insn: 03965793, mode: 3, rs1_addr: 12, rs1_rdata: 00000000, rs2_addr: 25, rs2_rdata: 00000000, rd_addr: 15, rd_wdata: 00000000, mem_addr: 00000000, mem_rdata: 00000000, mem_wdata: 00000000
ClkCycle:         98, pc_rdata: 00000174, pc_wdata: 00000178, insn: 00f6e6b3, mode: 3, rs1_addr: 13, rs1_rdata: 00000000, rs2_addr: 15, rs2_rdata: 00000000, rd_addr: 13, rd_wdata: 00000000, mem_addr: 00000000, mem_rdata: 00000000, mem_wdata: 00000000
ClkCycle:         99, pc_rdata: 00000178, pc_wdata: 0000017c, insn: 00000013, mode: 3, rs1_addr:  0, rs1_rdata: 00000000, rs2_addr:  0, rs2_rdata: 00000000, rd_addr:  0, rd_wdata: 00000000, mem_addr: 00000000, mem_rdata: 00000000, mem_wdata: 00000000
ClkCycle:        100, pc_rdata: 0000017c, pc_wdata: 00000180, insn: 00000013, mode: 3, rs1_addr:  0, rs1_rdata: 00000000, rs2_addr:  0, rs2_rdata: 00000000, rd_addr:  0, rd_wdata: 00000000, mem_addr: 00000000, mem_rdata: 00000000, mem_wdata: 00000000
ClkCycle:        101, pc_rdata: 00000180, pc_wdata: 00000184, insn: 00003097, mode: 3, rs1_addr:  0, rs1_rdata: 00000000, rs2_addr:  0, rs2_rdata: 00000000, rd_addr:  1, rd_wdata: 00003180, mem_addr: 00003180, mem_rdata: 00000000, mem_wdata: 00000000
ClkCycle:        102, pc_rdata: 00000184, pc_wdata: 00000188, insn: f9808093, mode: 3, rs1_addr:  1, rs1_rdata: feedbead, rs2_addr: 24, rs2_rdata: 0000007d, rd_addr:  1, rd_wdata: 00003118, mem_addr: 00003118, mem_rdata: 00000000, mem_wdata: 0000007d
ClkCycle:        103, pc_rdata: 00000188, pc_wdata: 0000018c, insn: 00000013, mode: 3, rs1_addr:  0, rs1_rdata: 00000000, rs2_addr:  0, rs2_rdata: 00000000, rd_addr:  0, rd_wdata: 00000000, mem_addr: 00000000, mem_rdata: 00000000, mem_wdata: 00000000
ClkCycle:        104, pc_rdata: 0000018c, pc_wdata: 00000190, insn: 00000013, mode: 3, rs1_addr:  0, rs1_rdata: 00000000, rs2_addr:  0, rs2_rdata: 00000000, rd_addr:  0, rd_wdata: 00000000, mem_addr: 00000000, mem_rdata: 00000000, mem_wdata: 00000000
ClkCycle:        105, pc_rdata: 00000190, pc_wdata: 00000194, insn: 00000013, mode: 3, rs1_addr:  0, rs1_rdata: 00000000, rs2_addr:  0, rs2_rdata: 00000000, rd_addr:  0, rd_wdata: 00000000, mem_addr: 00000000, mem_rdata: 00000000, mem_wdata: 00000000
ClkCycle:        106, pc_rdata: 00000194, pc_wdata: 00000198, insn: 00000013, mode: 3, rs1_addr:  0, rs1_rdata: 00000000, rs2_addr:  0, rs2_rdata: 00000000, rd_addr:  0, rd_wdata: 00000000, mem_addr: 00000000, mem_rdata: 00000000, mem_wdata: 00000000
ClkCycle:        107, pc_rdata: 00000198, pc_wdata: 0000019c, insn: 00000013, mode: 3, rs1_addr:  0, rs1_rdata: 00000000, rs2_addr:  0, rs2_rdata: 00000000, rd_addr:  0, rd_wdata: 00000000, mem_addr: 00000000, mem_rdata: 00000000, mem_wdata: 00000000
ClkCycle:        108, pc_rdata: 0000019c, pc_wdata: 000001a0, insn: 00000013, mode: 3, rs1_addr:  0, rs1_rdata: 00000000, rs2_addr:  0, rs2_rdata: 00000000, rd_addr:  0, rd_wdata: 00000000, mem_addr: 00000000, mem_rdata: 00000000, mem_wdata: 00000000
ClkCycle:        109, pc_rdata: 000001a0, pc_wdata: 000001a4, insn: 00100693, mode: 3, rs1_addr:  0, rs1_rdata: 00000000, rs2_addr:  1, rs2_rdata: 00003118, rd_addr: 13, rd_wdata: 00000001, mem_addr: 00000001, mem_rdata: 00000000, mem_wdata: 00003118
ClkCycle:        110, pc_rdata: 000001a4, pc_wdata: 000001a8, insn: 03269693, mode: 3, rs1_addr: 13, rs1_rdata: 00000000, rs2_addr: 18, rs2_rdata: ff7fffff, rd_addr: 13, rd_wdata: 00040000, mem_addr: 00040000, mem_rdata: 00000000, mem_wdata: ff7fffff
ClkCycle:        111, pc_rdata: 000001a8, pc_wdata: 000001ac, insn: fff6c693, mode: 3, rs1_addr: 13, rs1_rdata: 00000000, rs2_addr: 31, rs2_rdata: 00000000, rd_addr: 13, rd_wdata: fffbffff, mem_addr: fffbffff, mem_rdata: 00000000, mem_wdata: 00000000
ClkCycle:        112, pc_rdata: 000001ac, pc_wdata: 000001ae, insn: b023828d, mode: 3, rs1_addr: 13, rs1_rdata: 00000001, rs2_addr:  3, rs2_rdata: feffffbf, rd_addr: 13, rd_wdata: 1fff7fff, mem_addr: 1fff7fff, mem_rdata: 00000000, mem_wdata: feffffbf
ClkCycle:        113, pc_rdata: 000001ae, pc_wdata: 000001b2, insn: b023828d, mode: 3, rs1_addr:  0, rs1_rdata: 00000000, rs2_addr:  0, rs2_rdata: 00000000, rd_addr:  0, rd_wdata: 00000000, mem_addr: 00000000, mem_rdata: 00000000, mem_wdata: 00000000
0000000100003118
ClkCycle:        114, pc_rdata: 000001b2, pc_wdata: 000001b6, insn: 95930010, mode: 3, rs1_addr:  1, rs1_rdata: 00003118, rs2_addr:  1, rs2_rdata: 00003118, rd_addr:  0, rd_wdata: 00003118, mem_addr: 00003118, mem_rdata: 00000000, mem_wdata: 00003118
ClkCycle:        115, pc_rdata: 000001b6, pc_wdata: 000001ba, insn: 95930010, mode: 3, rs1_addr:  0, rs1_rdata: 00000000, rs2_addr:  0, rs2_rdata: 00000000, rd_addr:  0, rd_wdata: 00000000, mem_addr: 00000000, mem_rdata: 00000000, mem_wdata: 00000000
ClkCycle:        116, pc_rdata: 000001ba, pc_wdata: 000001be, insn: 00b0b423, mode: 3, rs1_addr:  7, rs1_rdata: 003fbb6f, rs2_addr:  2, rs2_rdata: 7fffdfff, rd_addr: 11, rd_wdata: 00feedbc, mem_addr: 00feedbc, mem_rdata: 00000000, mem_wdata: 7fffdfff
ClkCycle:        117, pc_rdata: 000001be, pc_wdata: 000001c2, insn: 00b0b423, mode: 3, rs1_addr:  0, rs1_rdata: 00000000, rs2_addr:  0, rs2_rdata: 00000000, rd_addr:  0, rd_wdata: 00000000, mem_addr: 00000000, mem_rdata: 00000000, mem_wdata: 00000000
ClkCycle:        118, pc_rdata: 000001c2, pc_wdata: 000001c4, insn: b8238215, mode: 3, rs1_addr:  2, rs1_rdata: 7fffdfff, rs2_addr:  8, rs2_rdata: 00007f76, rd_addr: 12, rd_wdata: 7fffe047, mem_addr: 7fffe047, mem_rdata: 00000000, mem_wdata: 00007f76
ClkCycle:        119, pc_rdata: 000001c4, pc_wdata: 000001c6, insn: b8238215, mode: 3, rs1_addr: 12, rs1_rdata: 00000000, rs2_addr:  5, rs2_rdata: eedbfbff, rd_addr: 12, rd_wdata: fbffff02, mem_addr: fbffff02, mem_rdata: 00000000, mem_wdata: eedbfbff
ClkCycle:        120, pc_rdata: 000001c6, pc_wdata: 000001ca, insn: b8238215, mode: 3, rs1_addr:  0, rs1_rdata: 00000000, rs2_addr:  0, rs2_rdata: 00000000, rd_addr:  0, rd_wdata: 00000000, mem_addr: 00000000, mem_rdata: 00000000, mem_wdata: 00000000
0000000000000000
ClkCycle:        121, pc_rdata: 000001ca, pc_wdata: 000001ce, insn: 1513fff0, mode: 3, rs1_addr:  1, rs1_rdata: 00003118, rs2_addr: 31, rs2_rdata: 00000000, rd_addr: 16, rd_wdata: 00003108, mem_addr: 00003108, mem_rdata: 00000000, mem_wdata: 00000000
ClkCycle:        122, pc_rdata: 000001ce, pc_wdata: 000001d2, insn: 1513fff0, mode: 3, rs1_addr:  0, rs1_rdata: 00000000, rs2_addr:  0, rs2_rdata: 00000000, rd_addr:  0, rd_wdata: 00000000, mem_addr: 00000000, mem_rdata: 00000000, mem_wdata: 00000000
ClkCycle:        123, pc_rdata: 000001d2, pc_wdata: 000001d6, insn: 00a0bc23, mode: 3, rs1_addr:  6, rs1_rdata: 1fddb7f7, rs2_addr:  2, rs2_rdata: 7fffdfff, rd_addr: 10, rd_wdata: 7f76dfdc, mem_addr: 7f76dfdc, mem_rdata: 00000000, mem_wdata: 7fffdfff
ClkCycle:        124, pc_rdata: 000001d6, pc_wdata: 000001da, insn: 00a0bc23, mode: 3, rs1_addr:  0, rs1_rdata: 00000000, rs2_addr:  0, rs2_rdata: 00000000, rd_addr:  0, rd_wdata: 00000000, mem_addr: 00000000, mem_rdata: 00000000, mem_wdata: 00000000
ClkCycle:        125, pc_rdata: 000001da, pc_wdata: 000001dc, insn: b023839d, mode: 3, rs1_addr:  2, rs1_rdata: 7fffdfff, rs2_addr:  8, rs2_rdata: 00007f76, rd_addr:  8, rd_wdata: 7fffe047, mem_addr: 7fffe047, mem_rdata: 00000000, mem_wdata: 00007f76
ClkCycle:        126, pc_rdata: 000001dc, pc_wdata: 000001de, insn: b023839d, mode: 3, rs1_addr: 15, rs1_rdata: 00000000, rs2_addr:  7, rs2_rdata: 003fbb6f, rd_addr: 15, rd_wdata: 00000000, mem_addr: 00000000, mem_rdata: 00000000, mem_wdata: 003fbb6f
ClkCycle:        127, pc_rdata: 000001de, pc_wdata: 000001e2, insn: b023839d, mode: 3, rs1_addr:  0, rs1_rdata: 00000000, rs2_addr:  0, rs2_rdata: 00000000, rd_addr:  0, rd_wdata: 00000000, mem_addr: 00000000, mem_rdata: 00000000, mem_wdata: 00000000
0000000000000000
ClkCycle:        128, pc_rdata: 000001e2, pc_wdata: 000001e6, insn: 5713fff0, mode: 3, rs1_addr:  1, rs1_rdata: 00003118, rs2_addr: 31, rs2_rdata: 00000000, rd_addr:  0, rd_wdata: 000030f8, mem_addr: 000030f8, mem_rdata: 00000000, mem_wdata: 00000000
ClkCycle:        129, pc_rdata: 000001e6, pc_wdata: 000001ea, insn: 5713fff0, mode: 3, rs1_addr:  0, rs1_rdata: 00000000, rs2_addr:  0, rs2_rdata: 00000000, rd_addr:  0, rd_wdata: 00000000, mem_addr: 00000000, mem_rdata: 00000000, mem_wdata: 00000000
ClkCycle:        130, pc_rdata: 000001ea, pc_wdata: 000001ee, insn: 02e0b423, mode: 3, rs1_addr:  6, rs1_rdata: 1fddb7f7, rs2_addr:  2, rs2_rdata: 7fffdfff, rd_addr: 14, rd_wdata: 07f76dfd, mem_addr: 07f76dfd, mem_rdata: 00000000, mem_wdata: 7fffdfff
ClkCycle:        131, pc_rdata: 000001ee, pc_wdata: 000001f2, insn: 02e0b423, mode: 3, rs1_addr:  0, rs1_rdata: 00000000, rs2_addr:  0, rs2_rdata: 00000000, rd_addr:  0, rd_wdata: 00000000, mem_addr: 00000000, mem_rdata: 00000000, mem_wdata: 00000000
ClkCycle:        132, pc_rdata: 000001f2, pc_wdata: 000001f4, insn: b82380a1, mode: 3, rs1_addr:  2, rs1_rdata: 7fffdfff, rs2_addr: 12, rs2_rdata: fbffff02, rd_addr:  8, rd_wdata: 7fffe14b, mem_addr: 7fffe14b, mem_rdata: 00000000, mem_wdata: fbffff02
ClkCycle:        133, pc_rdata: 000001f4, pc_wdata: 000001f6, insn: b82380a1, mode: 3, rs1_addr:  9, rs1_rdata: 000000fe, rs2_addr:  8, rs2_rdata: 7fffe047, rd_addr:  9, rd_wdata: 00000000, mem_addr: 00000000, mem_rdata: 00000000, mem_wdata: 7fffe14b
ClkCycle:        134, pc_rdata: 000001f6, pc_wdata: 000001fa, insn: b82380a1, mode: 3, rs1_addr:  0, rs1_rdata: 00000000, rs2_addr:  0, rs2_rdata: 00000000, rd_addr:  0, rd_wdata: 00000000, mem_addr: 00000000, mem_rdata: 00000000, mem_wdata: 00000000
01fddb7f7fffdfff
ClkCycle:        135, pc_rdata: 000001fa, pc_wdata: 000001fe, insn: 80150020, mode: 3, rs1_addr:  1, rs1_rdata: 00003118, rs2_addr:  2, rs2_rdata: 7fffdfff, rd_addr: 16, rd_wdata: 00003128, mem_addr: 00003128, mem_rdata: 00000000, mem_wdata: 7fffdfff
ClkCycle:        136, pc_rdata: 000001fe, pc_wdata: 00000202, insn: 80150020, mode: 3, rs1_addr:  0, rs1_rdata: 00000000, rs2_addr:  0, rs2_rdata: 00000000, rd_addr:  0, rd_wdata: 00000000, mem_addr: 00000000, mem_rdata: 00000000, mem_wdata: 00000000
ClkCycle:        137, pc_rdata: 00000202, pc_wdata: 00000204, insn: 00400513, mode: 3, rs1_addr:  8, rs1_rdata: 7fffe14b, rs2_addr:  5, rs2_rdata: eedbfbff, rd_addr:  8, rd_wdata: fbffff0a, mem_addr: fbffff0a, mem_rdata: 00000000, mem_wdata: eedbfbff
ClkCycle:        138, pc_rdata: 00000204, pc_wdata: 00000208, insn: 00400513, mode: 3, rs1_addr:  0, rs1_rdata: 00000000, rs2_addr:  4, rs2_rdata: 6dfdffff, rd_addr: 10, rd_wdata: 00000004, mem_addr: 00000004, mem_rdata: 00000000, mem_wdata: 6dfdffff
ClkCycle:        139, pc_rdata: 00000208, pc_wdata: 0000020a, insn: b0239175, mode: 3, rs1_addr: 10, rs1_rdata: 7f76dfdc, rs2_addr: 29, rs2_rdata: 00000000, rd_addr: 10, rd_wdata: 00000000, mem_addr: 00000000, mem_rdata: 00000000, mem_wdata: 00000000
ClkCycle:        140, pc_rdata: 0000020a, pc_wdata: 0000020e, insn: b0239175, mode: 3, rs1_addr:  0, rs1_rdata: 00000000, rs2_addr:  0, rs2_rdata: 00000000, rd_addr:  0, rd_wdata: 00000000, mem_addr: 00000000, mem_rdata: 00000000, mem_wdata: 00000000
000feedbfbffff0a
ClkCycle:        141, pc_rdata: 0000020e, pc_wdata: 00000212, insn: 915d0080, mode: 3, rs1_addr:  1, rs1_rdata: 00003118, rs2_addr:  8, rs2_rdata: fbffff0a, rd_addr:  0, rd_wdata: 00003118, mem_addr: 00003118, mem_rdata: 00000000, mem_wdata: fbffff0a
ClkCycle:        142, pc_rdata: 00000212, pc_wdata: 00000216, insn: 915d0080, mode: 3, rs1_addr:  0, rs1_rdata: 00000000, rs2_addr:  0, rs2_rdata: 00000000, rd_addr:  0, rd_wdata: 00000000, mem_addr: 00000000, mem_rdata: 00000000, mem_wdata: 00000000
ClkCycle:        143, pc_rdata: 00000216, pc_wdata: 00000218, insn: 01000513, mode: 3, rs1_addr: 10, rs1_rdata: 00000000, rs2_addr: 23, rs2_rdata: 00003ead, rd_addr: 10, rd_wdata: 00000000, mem_addr: 00000000, mem_rdata: 00000000, mem_wdata: 00003ead
ClkCycle:        144, pc_rdata: 00000218, pc_wdata: 0000021c, insn: 01000513, mode: 3, rs1_addr:  0, rs1_rdata: 00000000, rs2_addr: 16, rs2_rdata: 7d5bfddb, rd_addr: 10, rd_wdata: 00000010, mem_addr: 00000010, mem_rdata: 00000000, mem_wdata: 7d5bfddb
ClkCycle:        145, pc_rdata: 0000021c, pc_wdata: 0000021e, insn: b823917d, mode: 3, rs1_addr: 10, rs1_rdata: 00000000, rs2_addr: 31, rs2_rdata: 00000000, rd_addr: 10, rd_wdata: 00000000, mem_addr: 00000000, mem_rdata: 00000000, mem_wdata: 00000000
ClkCycle:        146, pc_rdata: 0000021e, pc_wdata: 00000222, insn: b823917d, mode: 3, rs1_addr:  0, rs1_rdata: 00000000, rs2_addr:  0, rs2_rdata: 00000000, rd_addr:  0, rd_wdata: 00000000, mem_addr: 00000000, mem_rdata: 00000000, mem_wdata: 00000000
0000000000000000
ClkCycle:        147, pc_rdata: 00000222, pc_wdata: 00000226, insn: 916d0200, mode: 3, rs1_addr:  1, rs1_rdata: 00003118, rs2_addr:  0, rs2_rdata: 00000000, rd_addr: 16, rd_wdata: 00003148, mem_addr: 00003148, mem_rdata: 00000000, mem_wdata: 00000000
ClkCycle:        148, pc_rdata: 00000226, pc_wdata: 0000022a, insn: 916d0200, mode: 3, rs1_addr:  0, rs1_rdata: 00000000, rs2_addr:  0, rs2_rdata: 00000000, rd_addr:  0, rd_wdata: 00000000, mem_addr: 00000000, mem_rdata: 00000000, mem_wdata: 00000000
ClkCycle:        149, pc_rdata: 0000022a, pc_wdata: 0000022c, insn: 04000513, mode: 3, rs1_addr: 10, rs1_rdata: 00000000, rs2_addr: 27, rs2_rdata: 00000000, rd_addr: 10, rd_wdata: 00000000, mem_addr: 00000000, mem_rdata: 00000000, mem_wdata: 00000000
ClkCycle:        150, pc_rdata: 0000022c, pc_wdata: 00000230, insn: 04000513, mode: 3, rs1_addr:  0, rs1_rdata: 00000000, rs2_addr:  0, rs2_rdata: 00000000, rd_addr: 10, rd_wdata: 00000040, mem_addr: 00000040, mem_rdata: 00000000, mem_wdata: 00000000
ClkCycle:        151, pc_rdata: 00000230, pc_wdata: 00000232, insn: b0238155, mode: 3, rs1_addr: 10, rs1_rdata: 00000000, rs2_addr: 21, rs2_rdata: 0fab7ffb, rd_addr: 10, rd_wdata: 00000000, mem_addr: 00000000, mem_rdata: 00000000, mem_wdata: 0fab7ffb
ClkCycle:        152, pc_rdata: 00000232, pc_wdata: 00000236, insn: b0238155, mode: 3, rs1_addr:  0, rs1_rdata: 00000000, rs2_addr:  0, rs2_rdata: 00000000, rd_addr:  0, rd_wdata: 00000000, mem_addr: 00000000, mem_rdata: 00000000, mem_wdata: 00000000
0000000000000000
ClkCycle:        153, pc_rdata: 00000236, pc_wdata: 0000023a, insn: 81310800, mode: 3, rs1_addr:  1, rs1_rdata: 00003118, rs2_addr:  0, rs2_rdata: 00000000, rd_addr:  0, rd_wdata: 00003198, mem_addr: 00003198, mem_rdata: 00000000, mem_wdata: 00000000
ClkCycle:        154, pc_rdata: 0000023a, pc_wdata: 0000023e, insn: 81310800, mode: 3, rs1_addr:  0, rs1_rdata: 00000000, rs2_addr:  0, rs2_rdata: 00000000, rd_addr:  0, rd_wdata: 00000000, mem_addr: 00000000, mem_rdata: 00000000, mem_wdata: 00000000
ClkCycle:        155, pc_rdata: 0000023e, pc_wdata: 00000240, insn: 10000513, mode: 3, rs1_addr: 10, rs1_rdata: 00000000, rs2_addr: 12, rs2_rdata: fbffff02, rd_addr: 10, rd_wdata: 00000000, mem_addr: 00000000, mem_rdata: 00000000, mem_wdata: fbffff02
ClkCycle:        156, pc_rdata: 00000240, pc_wdata: 00000244, insn: 10000513, mode: 3, rs1_addr:  0, rs1_rdata: 00000000, rs2_addr:  0, rs2_rdata: 00000000, rd_addr: 10, rd_wdata: 00000100, mem_addr: 00000100, mem_rdata: 00000000, mem_wdata: 00000000
ClkCycle:        157, pc_rdata: 00000244, pc_wdata: 00000246, insn: b8238109, mode: 3, rs1_addr: 10, rs1_rdata: 00000000, rs2_addr:  2, rs2_rdata: 7fffdfff, rd_addr: 10, rd_wdata: 00000040, mem_addr: 00000040, mem_rdata: 00000000, mem_wdata: 7fffdfff
ClkCycle:        158, pc_rdata: 00000246, pc_wdata: 0000024a, insn: b8238109, mode: 3, rs1_addr:  0, rs1_rdata: 00000000, rs2_addr:  0, rs2_rdata: 00000000, rd_addr:  0, rd_wdata: 00000000, mem_addr: 00000000, mem_rdata: 00000000, mem_wdata: 00000000
0000000000000000
ClkCycle:        159, pc_rdata: 0000024a, pc_wdata: 0000024e, insn: 916d2000, mode: 3, rs1_addr:  1, rs1_rdata: 00003118, rs2_addr:  0, rs2_rdata: 00000000, rd_addr: 16, rd_wdata: 00003328, mem_addr: 00003328, mem_rdata: 00000000, mem_wdata: 00000000
ClkCycle:        160, pc_rdata: 0000024e, pc_wdata: 00000252, insn: 916d2000, mode: 3, rs1_addr:  0, rs1_rdata: 00000000, rs2_addr:  0, rs2_rdata: 00000000, rd_addr:  0, rd_wdata: 00000000, mem_addr: 00000000, mem_rdata: 00000000, mem_wdata: 00000000
ClkCycle:        161, pc_rdata: 00000252, pc_wdata: 00000254, insn: 40000513, mode: 3, rs1_addr: 10, rs1_rdata: 00000040, rs2_addr: 27, rs2_rdata: 00000000, rd_addr: 10, rd_wdata: 00000000, mem_addr: 00000000, mem_rdata: 00000000, mem_wdata: 00000000
ClkCycle:        162, pc_rdata: 00000254, pc_wdata: 00000258, insn: 40000513, mode: 3, rs1_addr:  0, rs1_rdata: 00000000, rs2_addr:  0, rs2_rdata: 00000000, rd_addr: 10, rd_wdata: 00000400, mem_addr: 00000400, mem_rdata: 00000000, mem_wdata: 00000000
ClkCycle:        163, pc_rdata: 00000258, pc_wdata: 0000025a, insn: b0238111, mode: 3, rs1_addr: 10, rs1_rdata: 00000040, rs2_addr:  4, rs2_rdata: 6dfdffff, rd_addr: 10, rd_wdata: 00000040, mem_addr: 00000040, mem_rdata: 00000000, mem_wdata: 6dfdffff
ClkCycle:        164, pc_rdata: 0000025a, pc_wdata: 0000025e, insn: b0238111, mode: 3, rs1_addr:  0, rs1_rdata: 00000000, rs2_addr:  0, rs2_rdata: 00000000, rd_addr:  0, rd_wdata: 00000000, mem_addr: 00000000, mem_rdata: 00000000, mem_wdata: 00000000
0000000100003118
ClkCycle:        165, pc_rdata: 0000025e, pc_wdata: 00000262, insn: 15130010, mode: 3, rs1_addr:  1, rs1_rdata: 00003118, rs2_addr:  1, rs2_rdata: 00003118, rd_addr:  0, rd_wdata: 00003118, mem_addr: 00003118, mem_rdata: 00000000, mem_wdata: 00003118
ClkCycle:        166, pc_rdata: 00000262, pc_wdata: 00000266, insn: 15130010, mode: 3, rs1_addr:  0, rs1_rdata: 00000000, rs2_addr:  0, rs2_rdata: 00000000, rd_addr:  0, rd_wdata: 00000000, mem_addr: 00000000, mem_rdata: 00000000, mem_wdata: 00000000
ClkCycle:        167, pc_rdata: 00000266, pc_wdata: 0000026a, insn: 08a0b423, mode: 3, rs1_addr:  6, rs1_rdata: 1fddb7f7, rs2_addr:  2, rs2_rdata: 7fffdfff, rd_addr: 10, rd_wdata: 7f76dfdc, mem_addr: 7f76dfdc, mem_rdata: 00000000, mem_wdata: 7fffdfff
ClkCycle:        168, pc_rdata: 0000026a, pc_wdata: 0000026e, insn: 08a0b423, mode: 3, rs1_addr:  0, rs1_rdata: 00000000, rs2_addr:  0, rs2_rdata: 00000000, rd_addr:  0, rd_wdata: 00000000, mem_addr: 00000000, mem_rdata: 00000000, mem_wdata: 00000000
ClkCycle:        169, pc_rdata: 0000026e, pc_wdata: 00000270, insn: 00c51513, mode: 3, rs1_addr:  2, rs1_rdata: 7fffdfff, rs2_addr: 24, rs2_rdata: 0000007d, rd_addr:  8, rd_wdata: 7fffe057, mem_addr: 7fffe057, mem_rdata: 00000000, mem_wdata: 0000007d
ClkCycle:        170, pc_rdata: 00000270, pc_wdata: 00000274, insn: 00c51513, mode: 3, rs1_addr: 10, rs1_rdata: 7f76dfdc, rs2_addr: 12, rs2_rdata: fbffff02, rd_addr: 10, rd_wdata: 6dfdc000, mem_addr: 6dfdc000, mem_rdata: 00000000, mem_wdata: fbffff02
ClkCycle:        171, pc_rdata: 00000274, pc_wdata: 00000276, insn: b823810d, mode: 3, rs1_addr: 10, rs1_rdata: 7f76dfdc, rs2_addr:  3, rs2_rdata: feffffbf, rd_addr: 10, rd_wdata: edbfb800, mem_addr: edbfb800, mem_rdata: 00000000, mem_wdata: feffffbf
ClkCycle:        172, pc_rdata: 00000276, pc_wdata: 0000027a, insn: b823810d, mode: 3, rs1_addr:  0, rs1_rdata: 00000000, rs2_addr:  0, rs2_rdata: 00000000, rd_addr:  0, rd_wdata: 00000000, mem_addr: 00000000, mem_rdata: 00000000, mem_wdata: 00000000
0000000100003118
ClkCycle:        173, pc_rdata: 0000027a, pc_wdata: 0000027e, insn: 15130010, mode: 3, rs1_addr:  1, rs1_rdata: 00003118, rs2_addr:  1, rs2_rdata: 00003118, rd_addr: 16, rd_wdata: 00003128, mem_addr: 00003128, mem_rdata: 00000000, mem_wdata: 00003118
ClkCycle:        174, pc_rdata: 0000027e, pc_wdata: 00000282, insn: 15130010, mode: 3, rs1_addr:  0, rs1_rdata: 00000000, rs2_addr:  0, rs2_rdata: 00000000, rd_addr:  0, rd_wdata: 00000000, mem_addr: 00000000, mem_rdata: 00000000, mem_wdata: 00000000
ClkCycle:        175, pc_rdata: 00000282, pc_wdata: 00000286, insn: 08a0bc23, mode: 3, rs1_addr:  6, rs1_rdata: 1fddb7f7, rs2_addr:  2, rs2_rdata: 7fffdfff, rd_addr: 10, rd_wdata: 7f76dfdc, mem_addr: 7f76dfdc, mem_rdata: 00000000, mem_wdata: 7fffdfff
ClkCycle:        176, pc_rdata: 00000286, pc_wdata: 0000028a, insn: 08a0bc23, mode: 3, rs1_addr:  0, rs1_rdata: 00000000, rs2_addr:  0, rs2_rdata: 00000000, rd_addr:  0, rd_wdata: 00000000, mem_addr: 00000000, mem_rdata: 00000000, mem_wdata: 00000000
ClkCycle:        177, pc_rdata: 0000028a, pc_wdata: 0000028c, insn: 00e51513, mode: 3, rs1_addr:  2, rs1_rdata: 7fffdfff, rs2_addr: 24, rs2_rdata: 0000007d, rd_addr:  8, rd_wdata: 7fffe057, mem_addr: 7fffe057, mem_rdata: 00000000, mem_wdata: 0000007d
ClkCycle:        178, pc_rdata: 0000028c, pc_wdata: 00000290, insn: 00e51513, mode: 3, rs1_addr: 10, rs1_rdata: 7f76dfdc, rs2_addr: 14, rs2_rdata: 07f76dfd, rd_addr: 10, rd_wdata: b7f70000, mem_addr: b7f70000, mem_rdata: 00000000, mem_wdata: 07f76dfd
ClkCycle:        179, pc_rdata: 00000290, pc_wdata: 00000292, insn: b0239175, mode: 3, rs1_addr: 10, rs1_rdata: 7f76dfdc, rs2_addr: 29, rs2_rdata: 00000000, rd_addr: 10, rd_wdata: 0000feed, mem_addr: 0000feed, mem_rdata: 00000000, mem_wdata: 00000000
ClkCycle:        180, pc_rdata: 00000292, pc_wdata: 00000296, insn: b0239175, mode: 3, rs1_addr:  0, rs1_rdata: 00000000, rs2_addr:  0, rs2_rdata: 00000000, rd_addr:  0, rd_wdata: 00000000, mem_addr: 00000000, mem_rdata: 00000000, mem_wdata: 00000000
0000000100003118
ClkCycle:        181, pc_rdata: 00000296, pc_wdata: 0000029a, insn: 15130010, mode: 3, rs1_addr:  1, rs1_rdata: 00003118, rs2_addr:  1, rs2_rdata: 00003118, rd_addr:  0, rd_wdata: 00003118, mem_addr: 00003118, mem_rdata: 00000000, mem_wdata: 00003118
ClkCycle:        182, pc_rdata: 0000029a, pc_wdata: 0000029e, insn: 15130010, mode: 3, rs1_addr:  0, rs1_rdata: 00000000, rs2_addr:  0, rs2_rdata: 00000000, rd_addr:  0, rd_wdata: 00000000, mem_addr: 00000000, mem_rdata: 00000000, mem_wdata: 00000000
ClkCycle:        183, pc_rdata: 0000029e, pc_wdata: 000002a2, insn: 0aa0b423, mode: 3, rs1_addr:  6, rs1_rdata: 1fddb7f7, rs2_addr:  2, rs2_rdata: 7fffdfff, rd_addr: 10, rd_wdata: 7f76dfdc, mem_addr: 7f76dfdc, mem_rdata: 00000000, mem_wdata: 7fffdfff
ClkCycle:        184, pc_rdata: 000002a2, pc_wdata: 000002a6, insn: 0aa0b423, mode: 3, rs1_addr:  0, rs1_rdata: 00000000, rs2_addr:  0, rs2_rdata: 00000000, rd_addr:  0, rd_wdata: 00000000, mem_addr: 00000000, mem_rdata: 00000000, mem_wdata: 00000000
ClkCycle:        185, pc_rdata: 000002a6, pc_wdata: 000002a8, insn: 01051513, mode: 3, rs1_addr:  2, rs1_rdata: 7fffdfff, rs2_addr: 24, rs2_rdata: 0000007d, rd_addr:  8, rd_wdata: 7fffe157, mem_addr: 7fffe157, mem_rdata: 00000000, mem_wdata: 0000007d
ClkCycle:        186, pc_rdata: 000002a8, pc_wdata: 000002ac, insn: 01051513, mode: 3, rs1_addr: 10, rs1_rdata: 7f76dfdc, rs2_addr: 16, rs2_rdata: 7d5bfddb, rd_addr: 10, rd_wdata: dfdc0000, mem_addr: dfdc0000, mem_rdata: 00000000, mem_wdata: 7d5bfddb
ClkCycle:        187, pc_rdata: 000002ac, pc_wdata: 000002ae, insn: b823810d, mode: 3, rs1_addr: 10, rs1_rdata: 7f76dfdc, rs2_addr:  3, rs2_rdata: feffffbf, rd_addr: 10, rd_wdata: dbfb8000, mem_addr: dbfb8000, mem_rdata: 00000000, mem_wdata: feffffbf
ClkCycle:        188, pc_rdata: 000002ae, pc_wdata: 000002b2, insn: b823810d, mode: 3, rs1_addr:  0, rs1_rdata: 00000000, rs2_addr:  0, rs2_rdata: 00000000, rd_addr:  0, rd_wdata: 00000000, mem_addr: 00000000, mem_rdata: 00000000, mem_wdata: 00000000
0000000100003118
ClkCycle:        189, pc_rdata: 000002b2, pc_wdata: 000002b6, insn: 15130010, mode: 3, rs1_addr:  1, rs1_rdata: 00003118, rs2_addr:  1, rs2_rdata: 00003118, rd_addr: 16, rd_wdata: 00003128, mem_addr: 00003128, mem_rdata: 00000000, mem_wdata: 00003118
ClkCycle:        190, pc_rdata: 000002b6, pc_wdata: 000002ba, insn: 15130010, mode: 3, rs1_addr:  0, rs1_rdata: 00000000, rs2_addr:  0, rs2_rdata: 00000000, rd_addr:  0, rd_wdata: 00000000, mem_addr: 00000000, mem_rdata: 00000000, mem_wdata: 00000000
ClkCycle:        191, pc_rdata: 000002ba, pc_wdata: 000002be, insn: 0aa0bc23, mode: 3, rs1_addr:  6, rs1_rdata: 1fddb7f7, rs2_addr:  2, rs2_rdata: 7fffdfff, rd_addr: 10, rd_wdata: 7f76dfdc, mem_addr: 7f76dfdc, mem_rdata: 00000000, mem_wdata: 7fffdfff
ClkCycle:        192, pc_rdata: 000002be, pc_wdata: 000002c2, insn: 0aa0bc23, mode: 3, rs1_addr:  0, rs1_rdata: 00000000, rs2_addr:  0, rs2_rdata: 00000000, rd_addr:  0, rd_wdata: 00000000, mem_addr: 00000000, mem_rdata: 00000000, mem_wdata: 00000000
ClkCycle:        193, pc_rdata: 000002c2, pc_wdata: 000002c4, insn: 01251513, mode: 3, rs1_addr:  2, rs1_rdata: 7fffdfff, rs2_addr: 24, rs2_rdata: 0000007d, rd_addr:  8, rd_wdata: 7fffe157, mem_addr: 7fffe157, mem_rdata: 00000000, mem_wdata: 0000007d
ClkCycle:        194, pc_rdata: 000002c4, pc_wdata: 000002c8, insn: 01251513, mode: 3, rs1_addr: 10, rs1_rdata: 7f76dfdc, rs2_addr: 18, rs2_rdata: ff7fffff, rd_addr: 10, rd_wdata: 7f700000, mem_addr: 7f700000, mem_rdata: 00000000, mem_wdata: ff7fffff
ClkCycle:        195, pc_rdata: 000002c8, pc_wdata: 000002ca, insn: b023817d, mode: 3, rs1_addr: 10, rs1_rdata: 7f76dfdc, rs2_addr: 31, rs2_rdata: 00000000, rd_addr: 10, rd_wdata: 0003fbb6, mem_addr: 0003fbb6, mem_rdata: 00000000, mem_wdata: 00000000
ClkCycle:        196, pc_rdata: 000002ca, pc_wdata: 000002ce, insn: b023817d, mode: 3, rs1_addr:  0, rs1_rdata: 00000000, rs2_addr:  0, rs2_rdata: 00000000, rd_addr:  0, rd_wdata: 00000000, mem_addr: 00000000, mem_rdata: 00000000, mem_wdata: 00000000
0000000100003118
ClkCycle:        197, pc_rdata: 000002ce, pc_wdata: 000002d2, insn: 15130010, mode: 3, rs1_addr:  1, rs1_rdata: 00003118, rs2_addr:  1, rs2_rdata: 00003118, rd_addr:  0, rd_wdata: 00003118, mem_addr: 00003118, mem_rdata: 00000000, mem_wdata: 00003118
ClkCycle:        198, pc_rdata: 000002d2, pc_wdata: 000002d6, insn: 15130010, mode: 3, rs1_addr:  0, rs1_rdata: 00000000, rs2_addr:  0, rs2_rdata: 00000000, rd_addr:  0, rd_wdata: 00000000, mem_addr: 00000000, mem_rdata: 00000000, mem_wdata: 00000000
ClkCycle:        199, pc_rdata: 000002d6, pc_wdata: 000002da, insn: 0ca0b423, mode: 3, rs1_addr:  6, rs1_rdata: 1fddb7f7, rs2_addr:  2, rs2_rdata: 7fffdfff, rd_addr: 10, rd_wdata: 7f76dfdc, mem_addr: 7f76dfdc, mem_rdata: 00000000, mem_wdata: 7fffdfff
ClkCycle:        200, pc_rdata: 000002da, pc_wdata: 000002de, insn: 0ca0b423, mode: 3, rs1_addr:  0, rs1_rdata: 00000000, rs2_addr:  0, rs2_rdata: 00000000, rd_addr:  0, rd_wdata: 00000000, mem_addr: 00000000, mem_rdata: 00000000, mem_wdata: 00000000
ClkCycle:        201, pc_rdata: 000002de, pc_wdata: 000002e0, insn: 01451513, mode: 3, rs1_addr:  2, rs1_rdata: 7fffdfff, rs2_addr: 24, rs2_rdata: 0000007d, rd_addr:  8, rd_wdata: 7fffe257, mem_addr: 7fffe257, mem_rdata: 00000000, mem_wdata: 0000007d
ClkCycle:        202, pc_rdata: 000002e0, pc_wdata: 000002e4, insn: 01451513, mode: 3, rs1_addr: 10, rs1_rdata: 7f76dfdc, rs2_addr: 20, rs2_rdata: d5bffdff, rd_addr: 10, rd_wdata: fdc00000, mem_addr: fdc00000, mem_rdata: 00000000, mem_wdata: d5bffdff
ClkCycle:        203, pc_rdata: 000002e4, pc_wdata: 000002e6, insn: b823813d, mode: 3, rs1_addr: 10, rs1_rdata: 7f76dfdc, rs2_addr: 15, rs2_rdata: 00000000, rd_addr: 10, rd_wdata: eedbfb80, mem_addr: eedbfb80, mem_rdata: 00000000, mem_wdata: 00000000
ClkCycle:        204, pc_rdata: 000002e6, pc_wdata: 000002ea, insn: b823813d, mode: 3, rs1_addr:  0, rs1_rdata: 00000000, rs2_addr:  0, rs2_rdata: 00000000, rd_addr:  0, rd_wdata: 00000000, mem_addr: 00000000, mem_rdata: 00000000, mem_wdata: 00000000
0000000100003118
ClkCycle:        205, pc_rdata: 000002ea, pc_wdata: 000002ee, insn: 15130010, mode: 3, rs1_addr:  1, rs1_rdata: 00003118, rs2_addr:  1, rs2_rdata: 00003118, rd_addr: 16, rd_wdata: 00003128, mem_addr: 00003128, mem_rdata: 00000000, mem_wdata: 00003118
ClkCycle:        206, pc_rdata: 000002ee, pc_wdata: 000002f2, insn: 15130010, mode: 3, rs1_addr:  0, rs1_rdata: 00000000, rs2_addr:  0, rs2_rdata: 00000000, rd_addr:  0, rd_wdata: 00000000, mem_addr: 00000000, mem_rdata: 00000000, mem_wdata: 00000000
ClkCycle:        207, pc_rdata: 000002f2, pc_wdata: 000002f6, insn: 0ca0bc23, mode: 3, rs1_addr:  6, rs1_rdata: 1fddb7f7, rs2_addr:  2, rs2_rdata: 7fffdfff, rd_addr: 10, rd_wdata: 7f76dfdc, mem_addr: 7f76dfdc, mem_rdata: 00000000, mem_wdata: 7fffdfff
ClkCycle:        208, pc_rdata: 000002f6, pc_wdata: 000002fa, insn: 0ca0bc23, mode: 3, rs1_addr:  0, rs1_rdata: 00000000, rs2_addr:  0, rs2_rdata: 00000000, rd_addr:  0, rd_wdata: 00000000, mem_addr: 00000000, mem_rdata: 00000000, mem_wdata: 00000000
ClkCycle:        209, pc_rdata: 000002fa, pc_wdata: 000002fc, insn: 01651513, mode: 3, rs1_addr:  2, rs1_rdata: 7fffdfff, rs2_addr: 24, rs2_rdata: 0000007d, rd_addr:  8, rd_wdata: 7fffe257, mem_addr: 7fffe257, mem_rdata: 00000000, mem_wdata: 0000007d
ClkCycle:        210, pc_rdata: 000002fc, pc_wdata: 00000300, insn: 01651513, mode: 3, rs1_addr: 10, rs1_rdata: 7f76dfdc, rs2_addr: 22, rs2_rdata: 001f56ff, rd_addr: 10, rd_wdata: f7000000, mem_addr: f7000000, mem_rdata: 00000000, mem_wdata: 001f56ff
ClkCycle:        211, pc_rdata: 00000300, pc_wdata: 00000302, insn: b0238111, mode: 3, rs1_addr: 10, rs1_rdata: 7f76dfdc, rs2_addr:  4, rs2_rdata: 6dfdffff, rd_addr: 10, rd_wdata: 7f700000, mem_addr: 7f700000, mem_rdata: 00000000, mem_wdata: 6dfdffff
ClkCycle:        212, pc_rdata: 00000302, pc_wdata: 00000306, insn: b0238111, mode: 3, rs1_addr:  0, rs1_rdata: 00000000, rs2_addr:  0, rs2_rdata: 00000000, rd_addr:  0, rd_wdata: 00000000, mem_addr: 00000000, mem_rdata: 00000000, mem_wdata: 00000000
0000000100003118
ClkCycle:        213, pc_rdata: 00000306, pc_wdata: 0000030a, insn: 15130010, mode: 3, rs1_addr:  1, rs1_rdata: 00003118, rs2_addr:  1, rs2_rdata: 00003118, rd_addr:  0, rd_wdata: 00003118, mem_addr: 00003118, mem_rdata: 00000000, mem_wdata: 00003118
ClkCycle:        214, pc_rdata: 0000030a, pc_wdata: 0000030e, insn: 15130010, mode: 3, rs1_addr:  0, rs1_rdata: 00000000, rs2_addr:  0, rs2_rdata: 00000000, rd_addr:  0, rd_wdata: 00000000, mem_addr: 00000000, mem_rdata: 00000000, mem_wdata: 00000000
ClkCycle:        215, pc_rdata: 0000030e, pc_wdata: 00000312, insn: 0ea0b423, mode: 3, rs1_addr:  6, rs1_rdata: 1fddb7f7, rs2_addr:  2, rs2_rdata: 7fffdfff, rd_addr: 10, rd_wdata: 7f76dfdc, mem_addr: 7f76dfdc, mem_rdata: 00000000, mem_wdata: 7fffdfff
ClkCycle:        216, pc_rdata: 00000312, pc_wdata: 00000316, insn: 0ea0b423, mode: 3, rs1_addr:  0, rs1_rdata: 00000000, rs2_addr:  0, rs2_rdata: 00000000, rd_addr:  0, rd_wdata: 00000000, mem_addr: 00000000, mem_rdata: 00000000, mem_wdata: 00000000
ClkCycle:        217, pc_rdata: 00000316, pc_wdata: 00000318, insn: 01851513, mode: 3, rs1_addr:  2, rs1_rdata: 7fffdfff, rs2_addr: 24, rs2_rdata: 0000007d, rd_addr:  8, rd_wdata: 7fffe357, mem_addr: 7fffe357, mem_rdata: 00000000, mem_wdata: 0000007d
ClkCycle:        218, pc_rdata: 00000318, pc_wdata: 0000031c, insn: 01851513, mode: 3, rs1_addr: 10, rs1_rdata: 7f76dfdc, rs2_addr: 24, rs2_rdata: 0000007d, rd_addr: 10, rd_wdata: dc000000, mem_addr: dc000000, mem_rdata: 00000000, mem_wdata: 0000007d
ClkCycle:        219, pc_rdata: 0000031c, pc_wdata: 0000031e, insn: b8238135, mode: 3, rs1_addr: 10, rs1_rdata: 7f76dfdc, rs2_addr: 13, rs2_rdata: 1fff7fff, rd_addr: 10, rd_wdata: b6fee000, mem_addr: b6fee000, mem_rdata: 00000000, mem_wdata: 1fff7fff
ClkCycle:        220, pc_rdata: 0000031e, pc_wdata: 00000322, insn: b8238135, mode: 3, rs1_addr:  0, rs1_rdata: 00000000, rs2_addr:  0, rs2_rdata: 00000000, rd_addr:  0, rd_wdata: 00000000, mem_addr: 00000000, mem_rdata: 00000000, mem_wdata: 00000000
0000000100003118
ClkCycle:        221, pc_rdata: 00000322, pc_wdata: 00000326, insn: 15130010, mode: 3, rs1_addr:  1, rs1_rdata: 00003118, rs2_addr:  1, rs2_rdata: 00003118, rd_addr: 16, rd_wdata: 00003128, mem_addr: 00003128, mem_rdata: 00000000, mem_wdata: 00003118
ClkCycle:        222, pc_rdata: 00000326, pc_wdata: 0000032a, insn: 15130010, mode: 3, rs1_addr:  0, rs1_rdata: 00000000, rs2_addr:  0, rs2_rdata: 00000000, rd_addr:  0, rd_wdata: 00000000, mem_addr: 00000000, mem_rdata: 00000000, mem_wdata: 00000000
ClkCycle:        223, pc_rdata: 0000032a, pc_wdata: 0000032e, insn: 0ea0bc23, mode: 3, rs1_addr:  6, rs1_rdata: 1fddb7f7, rs2_addr:  2, rs2_rdata: 7fffdfff, rd_addr: 10, rd_wdata: 7f76dfdc, mem_addr: 7f76dfdc, mem_rdata: 00000000, mem_wdata: 7fffdfff
ClkCycle:        224, pc_rdata: 0000032e, pc_wdata: 00000332, insn: 0ea0bc23, mode: 3, rs1_addr:  0, rs1_rdata: 00000000, rs2_addr:  0, rs2_rdata: 00000000, rd_addr:  0, rd_wdata: 00000000, mem_addr: 00000000, mem_rdata: 00000000, mem_wdata: 00000000
ClkCycle:        225, pc_rdata: 00000332, pc_wdata: 00000334, insn: 01a51513, mode: 3, rs1_addr:  2, rs1_rdata: 7fffdfff, rs2_addr: 24, rs2_rdata: 0000007d, rd_addr:  8, rd_wdata: 7fffe357, mem_addr: 7fffe357, mem_rdata: 00000000, mem_wdata: 0000007d
ClkCycle:        226, pc_rdata: 00000334, pc_wdata: 00000338, insn: 01a51513, mode: 3, rs1_addr: 10, rs1_rdata: 7f76dfdc, rs2_addr: 26, rs2_rdata: 00000000, rd_addr: 10, rd_wdata: 70000000, mem_addr: 70000000, mem_rdata: 00000000, mem_wdata: 00000000
ClkCycle:        227, pc_rdata: 00000338, pc_wdata: 0000033a, insn: b0238141, mode: 3, rs1_addr: 10, rs1_rdata: 7f76dfdc, rs2_addr: 16, rs2_rdata: 7d5bfddb, rd_addr: 10, rd_wdata: db7f7000, mem_addr: db7f7000, mem_rdata: 00000000, mem_wdata: 7d5bfddb
ClkCycle:        228, pc_rdata: 0000033a, pc_wdata: 0000033e, insn: b0238141, mode: 3, rs1_addr:  0, rs1_rdata: 00000000, rs2_addr:  0, rs2_rdata: 00000000, rd_addr:  0, rd_wdata: 00000000, mem_addr: 00000000, mem_rdata: 00000000, mem_wdata: 00000000
0000000100003118
ClkCycle:        229, pc_rdata: 0000033e, pc_wdata: 00000342, insn: 15130010, mode: 3, rs1_addr:  1, rs1_rdata: 00003118, rs2_addr:  1, rs2_rdata: 00003118, rd_addr:  0, rd_wdata: 00003118, mem_addr: 00003118, mem_rdata: 00000000, mem_wdata: 00003118
ClkCycle:        230, pc_rdata: 00000342, pc_wdata: 00000346, insn: 15130010, mode: 3, rs1_addr:  0, rs1_rdata: 00000000, rs2_addr:  0, rs2_rdata: 00000000, rd_addr:  0, rd_wdata: 00000000, mem_addr: 00000000, mem_rdata: 00000000, mem_wdata: 00000000
ClkCycle:        231, pc_rdata: 00000346, pc_wdata: 0000034a, insn: 10a0b423, mode: 3, rs1_addr:  6, rs1_rdata: 1fddb7f7, rs2_addr:  2, rs2_rdata: 7fffdfff, rd_addr: 10, rd_wdata: 7f76dfdc, mem_addr: 7f76dfdc, mem_rdata: 00000000, mem_wdata: 7fffdfff
ClkCycle:        232, pc_rdata: 0000034a, pc_wdata: 0000034e, insn: 10a0b423, mode: 3, rs1_addr:  0, rs1_rdata: 00000000, rs2_addr:  0, rs2_rdata: 00000000, rd_addr:  0, rd_wdata: 00000000, mem_addr: 00000000, mem_rdata: 00000000, mem_wdata: 00000000
ClkCycle:        233, pc_rdata: 0000034e, pc_wdata: 00000350, insn: 01c51513, mode: 3, rs1_addr:  2, rs1_rdata: 7fffdfff, rs2_addr:  8, rs2_rdata: 7fffe357, rd_addr:  8, rd_wdata: 7fffe067, mem_addr: 7fffe067, mem_rdata: 00000000, mem_wdata: 7fffe357
ClkCycle:        234, pc_rdata: 00000350, pc_wdata: 00000354, insn: 01c51513, mode: 3, rs1_addr: 10, rs1_rdata: 7f76dfdc, rs2_addr: 28, rs2_rdata: 00000000, rd_addr: 10, rd_wdata: c0000000, mem_addr: c0000000, mem_rdata: 00000000, mem_wdata: 00000000
ClkCycle:        235, pc_rdata: 00000354, pc_wdata: 00000356, insn: b823811d, mode: 3, rs1_addr: 10, rs1_rdata: 7f76dfdc, rs2_addr:  7, rs2_rdata: 003fbb6f, rd_addr: 10, rd_wdata: fb800000, mem_addr: fb800000, mem_rdata: 00000000, mem_wdata: 003fbb6f
ClkCycle:        236, pc_rdata: 00000356, pc_wdata: 0000035a, insn: b823811d, mode: 3, rs1_addr:  0, rs1_rdata: 00000000, rs2_addr:  0, rs2_rdata: 00000000, rd_addr:  0, rd_wdata: 00000000, mem_addr: 00000000, mem_rdata: 00000000, mem_wdata: 00000000
0000000100003118
ClkCycle:        237, pc_rdata: 0000035a, pc_wdata: 0000035e, insn: 15130010, mode: 3, rs1_addr:  1, rs1_rdata: 00003118, rs2_addr:  1, rs2_rdata: 00003118, rd_addr: 16, rd_wdata: 00003128, mem_addr: 00003128, mem_rdata: 00000000, mem_wdata: 00003118
ClkCycle:        238, pc_rdata: 0000035e, pc_wdata: 00000362, insn: 15130010, mode: 3, rs1_addr:  0, rs1_rdata: 00000000, rs2_addr:  0, rs2_rdata: 00000000, rd_addr:  0, rd_wdata: 00000000, mem_addr: 00000000, mem_rdata: 00000000, mem_wdata: 00000000
ClkCycle:        239, pc_rdata: 00000362, pc_wdata: 00000366, insn: 10a0bc23, mode: 3, rs1_addr:  6, rs1_rdata: 1fddb7f7, rs2_addr:  2, rs2_rdata: 7fffdfff, rd_addr: 10, rd_wdata: 7f76dfdc, mem_addr: 7f76dfdc, mem_rdata: 00000000, mem_wdata: 7fffdfff
ClkCycle:        240, pc_rdata: 00000366, pc_wdata: 0000036a, insn: 10a0bc23, mode: 3, rs1_addr:  0, rs1_rdata: 00000000, rs2_addr:  0, rs2_rdata: 00000000, rd_addr:  0, rd_wdata: 00000000, mem_addr: 00000000, mem_rdata: 00000000, mem_wdata: 00000000
ClkCycle:        241, pc_rdata: 0000036a, pc_wdata: 0000036c, insn: 01f51513, mode: 3, rs1_addr:  2, rs1_rdata: 7fffdfff, rs2_addr:  8, rs2_rdata: 7fffe067, rd_addr:  8, rd_wdata: 7fffe067, mem_addr: 7fffe067, mem_rdata: 00000000, mem_wdata: 7fffe067
ClkCycle:        242, pc_rdata: 0000036c, pc_wdata: 00000370, insn: 01f51513, mode: 3, rs1_addr: 10, rs1_rdata: 7f76dfdc, rs2_addr: 31, rs2_rdata: 00000000, rd_addr: 10, rd_wdata: 00000000, mem_addr: 00000000, mem_rdata: 00000000, mem_wdata: 00000000
ClkCycle:        243, pc_rdata: 00000370, pc_wdata: 00000372, insn: b0238125, mode: 3, rs1_addr: 10, rs1_rdata: 7f76dfdc, rs2_addr:  9, rs2_rdata: 00000000, rd_addr: 10, rd_wdata: f7000000, mem_addr: f7000000, mem_rdata: 00000000, mem_wdata: 00000000
ClkCycle:        244, pc_rdata: 00000372, pc_wdata: 00000376, insn: b0238125, mode: 3, rs1_addr:  0, rs1_rdata: 00000000, rs2_addr:  0, rs2_rdata: 00000000, rd_addr:  0, rd_wdata: 00000000, mem_addr: 00000000, mem_rdata: 00000000, mem_wdata: 00000000
0000000100003118
ClkCycle:        245, pc_rdata: 00000376, pc_wdata: 0000037a, insn: 15130010, mode: 3, rs1_addr:  1, rs1_rdata: 00003118, rs2_addr:  1, rs2_rdata: 00003118, rd_addr:  0, rd_wdata: 00003118, mem_addr: 00003118, mem_rdata: 00000000, mem_wdata: 00003118
ClkCycle:        246, pc_rdata: 0000037a, pc_wdata: 0000037e, insn: 15130010, mode: 3, rs1_addr:  0, rs1_rdata: 00000000, rs2_addr:  0, rs2_rdata: 00000000, rd_addr:  0, rd_wdata: 00000000, mem_addr: 00000000, mem_rdata: 00000000, mem_wdata: 00000000
ClkCycle:        247, pc_rdata: 0000037e, pc_wdata: 00000382, insn: 12a0b423, mode: 3, rs1_addr:  6, rs1_rdata: 1fddb7f7, rs2_addr:  2, rs2_rdata: 7fffdfff, rd_addr: 10, rd_wdata: 7f76dfdc, mem_addr: 7f76dfdc, mem_rdata: 00000000, mem_wdata: 7fffdfff
ClkCycle:        248, pc_rdata: 00000382, pc_wdata: 00000386, insn: 12a0b423, mode: 3, rs1_addr:  0, rs1_rdata: 00000000, rs2_addr:  0, rs2_rdata: 00000000, rd_addr:  0, rd_wdata: 00000000, mem_addr: 00000000, mem_rdata: 00000000, mem_wdata: 00000000
ClkCycle:        249, pc_rdata: 00000386, pc_wdata: 00000388, insn: 02151513, mode: 3, rs1_addr:  2, rs1_rdata: 7fffdfff, rs2_addr:  8, rs2_rdata: 7fffe067, rd_addr:  8, rd_wdata: 7fffe167, mem_addr: 7fffe167, mem_rdata: 00000000, mem_wdata: 7fffe067
ClkCycle:        250, pc_rdata: 00000388, pc_wdata: 0000038c, insn: 02151513, mode: 3, rs1_addr: 10, rs1_rdata: 7f76dfdc, rs2_addr:  1, rs2_rdata: 00003118, rd_addr: 10, rd_wdata: feedbfb8, mem_addr: feedbfb8, mem_rdata: 00000000, mem_wdata: 00003118
ClkCycle:        251, pc_rdata: 0000038c, pc_wdata: 0000038e, insn: b8238105, mode: 3, rs1_addr: 10, rs1_rdata: 7f76dfdc, rs2_addr:  1, rs2_rdata: 00003118, rd_addr: 10, rd_wdata: 7f76dfdc, mem_addr: 7f76dfdc, mem_rdata: 00000000, mem_wdata: 00003118
ClkCycle:        252, pc_rdata: 0000038e, pc_wdata: 00000392, insn: b8238105, mode: 3, rs1_addr:  0, rs1_rdata: 00000000, rs2_addr:  0, rs2_rdata: 00000000, rd_addr:  0, rd_wdata: 00000000, mem_addr: 00000000, mem_rdata: 00000000, mem_wdata: 00000000
0000000100003118
ClkCycle:        253, pc_rdata: 00000392, pc_wdata: 00000396, insn: 15130010, mode: 3, rs1_addr:  1, rs1_rdata: 00003118, rs2_addr:  1, rs2_rdata: 00003118, rd_addr: 16, rd_wdata: 00003128, mem_addr: 00003128, mem_rdata: 00000000, mem_wdata: 00003118
ClkCycle:        254, pc_rdata: 00000396, pc_wdata: 0000039a, insn: 15130010, mode: 3, rs1_addr:  0, rs1_rdata: 00000000, rs2_addr:  0, rs2_rdata: 00000000, rd_addr:  0, rd_wdata: 00000000, mem_addr: 00000000, mem_rdata: 00000000, mem_wdata: 00000000
ClkCycle:        255, pc_rdata: 0000039a, pc_wdata: 0000039e, insn: 12a0bc23, mode: 3, rs1_addr:  6, rs1_rdata: 1fddb7f7, rs2_addr:  2, rs2_rdata: 7fffdfff, rd_addr: 10, rd_wdata: 7f76dfdc, mem_addr: 7f76dfdc, mem_rdata: 00000000, mem_wdata: 7fffdfff
ClkCycle:        256, pc_rdata: 0000039e, pc_wdata: 000003a2, insn: 12a0bc23, mode: 3, rs1_addr:  0, rs1_rdata: 00000000, rs2_addr:  0, rs2_rdata: 00000000, rd_addr:  0, rd_wdata: 00000000, mem_addr: 00000000, mem_rdata: 00000000, mem_wdata: 00000000
ClkCycle:        257, pc_rdata: 000003a2, pc_wdata: 000003a4, insn: 02351513, mode: 3, rs1_addr:  2, rs1_rdata: 7fffdfff, rs2_addr:  8, rs2_rdata: 7fffe167, rd_addr:  8, rd_wdata: 7fffe167, mem_addr: 7fffe167, mem_rdata: 00000000, mem_wdata: 7fffe167
ClkCycle:        258, pc_rdata: 000003a4, pc_wdata: 000003a8, insn: 02351513, mode: 3, rs1_addr: 10, rs1_rdata: 7f76dfdc, rs2_addr:  3, rs2_rdata: feffffbf, rd_addr: 10, rd_wdata: fbb6fee0, mem_addr: fbb6fee0, mem_rdata: 00000000, mem_wdata: feffffbf
ClkCycle:        259, pc_rdata: 000003a8, pc_wdata: 000003aa, insn: b0239179, mode: 3, rs1_addr: 10, rs1_rdata: 7f76dfdc, rs2_addr: 30, rs2_rdata: 00000000, rd_addr: 10, rd_wdata: 0000000f, mem_addr: 0000000f, mem_rdata: 00000000, mem_wdata: 00000000
ClkCycle:        260, pc_rdata: 000003aa, pc_wdata: 000003ae, insn: b0239179, mode: 3, rs1_addr:  0, rs1_rdata: 00000000, rs2_addr:  0, rs2_rdata: 00000000, rd_addr:  0, rd_wdata: 00000000, mem_addr: 00000000, mem_rdata: 00000000, mem_wdata: 00000000
0000000100003118
ClkCycle:        261, pc_rdata: 000003ae, pc_wdata: 000003b2, insn: 15130010, mode: 3, rs1_addr:  1, rs1_rdata: 00003118, rs2_addr:  1, rs2_rdata: 00003118, rd_addr:  0, rd_wdata: 00003118, mem_addr: 00003118, mem_rdata: 00000000, mem_wdata: 00003118
ClkCycle:        262, pc_rdata: 000003b2, pc_wdata: 000003b6, insn: 15130010, mode: 3, rs1_addr:  0, rs1_rdata: 00000000, rs2_addr:  0, rs2_rdata: 00000000, rd_addr:  0, rd_wdata: 00000000, mem_addr: 00000000, mem_rdata: 00000000, mem_wdata: 00000000
ClkCycle:        263, pc_rdata: 000003b6, pc_wdata: 000003ba, insn: 14a0b423, mode: 3, rs1_addr:  6, rs1_rdata: 1fddb7f7, rs2_addr:  2, rs2_rdata: 7fffdfff, rd_addr: 10, rd_wdata: 7f76dfdc, mem_addr: 7f76dfdc, mem_rdata: 00000000, mem_wdata: 7fffdfff
ClkCycle:        264, pc_rdata: 000003ba, pc_wdata: 000003be, insn: 14a0b423, mode: 3, rs1_addr:  0, rs1_rdata: 00000000, rs2_addr:  0, rs2_rdata: 00000000, rd_addr:  0, rd_wdata: 00000000, mem_addr: 00000000, mem_rdata: 00000000, mem_wdata: 00000000
ClkCycle:        265, pc_rdata: 000003be, pc_wdata: 000003c0, insn: 02551513, mode: 3, rs1_addr:  2, rs1_rdata: 7fffdfff, rs2_addr:  8, rs2_rdata: 7fffe167, rd_addr:  8, rd_wdata: 7fffe267, mem_addr: 7fffe267, mem_rdata: 00000000, mem_wdata: 7fffe167
ClkCycle:        266, pc_rdata: 000003c0, pc_wdata: 000003c4, insn: 02551513, mode: 3, rs1_addr: 10, rs1_rdata: 7f76dfdc, rs2_addr:  5, rs2_rdata: eedbfbff, rd_addr: 10, rd_wdata: eedbfb80, mem_addr: eedbfb80, mem_rdata: 00000000, mem_wdata: eedbfbff
ClkCycle:        267, pc_rdata: 000003c4, pc_wdata: 000003c6, insn: b8238119, mode: 3, rs1_addr: 10, rs1_rdata: 7f76dfdc, rs2_addr:  6, rs2_rdata: 1fddb7f7, rd_addr: 10, rd_wdata: 3fbb6fee, mem_addr: 3fbb6fee, mem_rdata: 00000000, mem_wdata: 1fddb7f7
ClkCycle:        268, pc_rdata: 000003c6, pc_wdata: 000003ca, insn: b8238119, mode: 3, rs1_addr:  0, rs1_rdata: 00000000, rs2_addr:  0, rs2_rdata: 00000000, rd_addr:  0, rd_wdata: 00000000, mem_addr: 00000000, mem_rdata: 00000000, mem_wdata: 00000000
0000000100003118
ClkCycle:        269, pc_rdata: 000003ca, pc_wdata: 000003ce, insn: 15130010, mode: 3, rs1_addr:  1, rs1_rdata: 00003118, rs2_addr:  1, rs2_rdata: 00003118, rd_addr: 16, rd_wdata: 00003128, mem_addr: 00003128, mem_rdata: 00000000, mem_wdata: 00003118
ClkCycle:        270, pc_rdata: 000003ce, pc_wdata: 000003d2, insn: 15130010, mode: 3, rs1_addr:  0, rs1_rdata: 00000000, rs2_addr:  0, rs2_rdata: 00000000, rd_addr:  0, rd_wdata: 00000000, mem_addr: 00000000, mem_rdata: 00000000, mem_wdata: 00000000
ClkCycle:        271, pc_rdata: 000003d2, pc_wdata: 000003d6, insn: 14a0bc23, mode: 3, rs1_addr:  6, rs1_rdata: 1fddb7f7, rs2_addr:  2, rs2_rdata: 7fffdfff, rd_addr: 10, rd_wdata: 7f76dfdc, mem_addr: 7f76dfdc, mem_rdata: 00000000, mem_wdata: 7fffdfff
ClkCycle:        272, pc_rdata: 000003d6, pc_wdata: 000003da, insn: 14a0bc23, mode: 3, rs1_addr:  0, rs1_rdata: 00000000, rs2_addr:  0, rs2_rdata: 00000000, rd_addr:  0, rd_wdata: 00000000, mem_addr: 00000000, mem_rdata: 00000000, mem_wdata: 00000000
ClkCycle:        273, pc_rdata: 000003da, pc_wdata: 000003dc, insn: 02751513, mode: 3, rs1_addr:  2, rs1_rdata: 7fffdfff, rs2_addr:  8, rs2_rdata: 7fffe267, rd_addr:  8, rd_wdata: 7fffe267, mem_addr: 7fffe267, mem_rdata: 00000000, mem_wdata: 7fffe267
ClkCycle:        274, pc_rdata: 000003dc, pc_wdata: 000003e0, insn: 02751513, mode: 3, rs1_addr: 10, rs1_rdata: 7f76dfdc, rs2_addr:  7, rs2_rdata: 003fbb6f, rd_addr: 10, rd_wdata: bb6fee00, mem_addr: bb6fee00, mem_rdata: 00000000, mem_wdata: 003fbb6f
ClkCycle:        275, pc_rdata: 000003e0, pc_wdata: 000003e2, insn: b0238155, mode: 3, rs1_addr: 10, rs1_rdata: 7f76dfdc, rs2_addr: 21, rs2_rdata: 0fab7ffb, rd_addr: 10, rd_wdata: 0001fddb, mem_addr: 0001fddb, mem_rdata: 00000000, mem_wdata: 0fab7ffb
ClkCycle:        276, pc_rdata: 000003e2, pc_wdata: 000003e6, insn: b0238155, mode: 3, rs1_addr:  0, rs1_rdata: 00000000, rs2_addr:  0, rs2_rdata: 00000000, rd_addr:  0, rd_wdata: 00000000, mem_addr: 00000000, mem_rdata: 00000000, mem_wdata: 00000000
0000000100003118
ClkCycle:        277, pc_rdata: 000003e6, pc_wdata: 000003ea, insn: 15130010, mode: 3, rs1_addr:  1, rs1_rdata: 00003118, rs2_addr:  1, rs2_rdata: 00003118, rd_addr:  0, rd_wdata: 00003118, mem_addr: 00003118, mem_rdata: 00000000, mem_wdata: 00003118
ClkCycle:        278, pc_rdata: 000003ea, pc_wdata: 000003ee, insn: 15130010, mode: 3, rs1_addr:  0, rs1_rdata: 00000000, rs2_addr:  0, rs2_rdata: 00000000, rd_addr:  0, rd_wdata: 00000000, mem_addr: 00000000, mem_rdata: 00000000, mem_wdata: 00000000
ClkCycle:        279, pc_rdata: 000003ee, pc_wdata: 000003f2, insn: 16a0b423, mode: 3, rs1_addr:  6, rs1_rdata: 1fddb7f7, rs2_addr:  2, rs2_rdata: 7fffdfff, rd_addr: 10, rd_wdata: 7f76dfdc, mem_addr: 7f76dfdc, mem_rdata: 00000000, mem_wdata: 7fffdfff
ClkCycle:        280, pc_rdata: 000003f2, pc_wdata: 000003f6, insn: 16a0b423, mode: 3, rs1_addr:  0, rs1_rdata: 00000000, rs2_addr:  0, rs2_rdata: 00000000, rd_addr:  0, rd_wdata: 00000000, mem_addr: 00000000, mem_rdata: 00000000, mem_wdata: 00000000
ClkCycle:        281, pc_rdata: 000003f6, pc_wdata: 000003f8, insn: 02951513, mode: 3, rs1_addr:  2, rs1_rdata: 7fffdfff, rs2_addr:  8, rs2_rdata: 7fffe267, rd_addr:  8, rd_wdata: 7fffe367, mem_addr: 7fffe367, mem_rdata: 00000000, mem_wdata: 7fffe267
ClkCycle:        282, pc_rdata: 000003f8, pc_wdata: 000003fc, insn: 02951513, mode: 3, rs1_addr: 10, rs1_rdata: 7f76dfdc, rs2_addr:  9, rs2_rdata: 00000000, rd_addr: 10, rd_wdata: edbfb800, mem_addr: edbfb800, mem_rdata: 00000000, mem_wdata: 00000000
ClkCycle:        283, pc_rdata: 000003fc, pc_wdata: 000003fe, insn: b8239179, mode: 3, rs1_addr: 10, rs1_rdata: 7f76dfdc, rs2_addr: 30, rs2_rdata: 00000000, rd_addr: 10, rd_wdata: 000003fb, mem_addr: 000003fb, mem_rdata: 00000000, mem_wdata: 00000000
ClkCycle:        284, pc_rdata: 000003fe, pc_wdata: 00000402, insn: b8239179, mode: 3, rs1_addr:  0, rs1_rdata: 00000000, rs2_addr:  0, rs2_rdata: 00000000, rd_addr:  0, rd_wdata: 00000000, mem_addr: 00000000, mem_rdata: 00000000, mem_wdata: 00000000
0000000100003118
ClkCycle:        285, pc_rdata: 00000402, pc_wdata: 00000406, insn: 15130010, mode: 3, rs1_addr:  1, rs1_rdata: 00003118, rs2_addr:  1, rs2_rdata: 00003118, rd_addr: 16, rd_wdata: 00003128, mem_addr: 00003128, mem_rdata: 00000000, mem_wdata: 00003118
ClkCycle:        286, pc_rdata: 00000406, pc_wdata: 0000040a, insn: 15130010, mode: 3, rs1_addr:  0, rs1_rdata: 00000000, rs2_addr:  0, rs2_rdata: 00000000, rd_addr:  0, rd_wdata: 00000000, mem_addr: 00000000, mem_rdata: 00000000, mem_wdata: 00000000
ClkCycle:        287, pc_rdata: 0000040a, pc_wdata: 0000040e, insn: 16a0bc23, mode: 3, rs1_addr:  6, rs1_rdata: 1fddb7f7, rs2_addr:  2, rs2_rdata: 7fffdfff, rd_addr: 10, rd_wdata: 7f76dfdc, mem_addr: 7f76dfdc, mem_rdata: 00000000, mem_wdata: 7fffdfff
ClkCycle:        288, pc_rdata: 0000040e, pc_wdata: 00000412, insn: 16a0bc23, mode: 3, rs1_addr:  0, rs1_rdata: 00000000, rs2_addr:  0, rs2_rdata: 00000000, rd_addr:  0, rd_wdata: 00000000, mem_addr: 00000000, mem_rdata: 00000000, mem_wdata: 00000000
ClkCycle:        289, pc_rdata: 00000412, pc_wdata: 00000414, insn: 02b51513, mode: 3, rs1_addr:  2, rs1_rdata: 7fffdfff, rs2_addr:  8, rs2_rdata: 7fffe367, rd_addr:  8, rd_wdata: 7fffe367, mem_addr: 7fffe367, mem_rdata: 00000000, mem_wdata: 7fffe367
ClkCycle:        290, pc_rdata: 00000414, pc_wdata: 00000418, insn: 02b51513, mode: 3, rs1_addr: 10, rs1_rdata: 7f76dfdc, rs2_addr: 11, rs2_rdata: 00feedbc, rd_addr: 10, rd_wdata: b6fee000, mem_addr: b6fee000, mem_rdata: 00000000, mem_wdata: 00feedbc
ClkCycle:        291, pc_rdata: 00000418, pc_wdata: 0000041a, insn: b0238119, mode: 3, rs1_addr: 10, rs1_rdata: 7f76dfdc, rs2_addr:  6, rs2_rdata: 1fddb7f7, rd_addr: 10, rd_wdata: eedbfb80, mem_addr: eedbfb80, mem_rdata: 00000000, mem_wdata: 1fddb7f7
ClkCycle:        292, pc_rdata: 0000041a, pc_wdata: 0000041e, insn: b0238119, mode: 3, rs1_addr:  0, rs1_rdata: 00000000, rs2_addr:  0, rs2_rdata: 00000000, rd_addr:  0, rd_wdata: 00000000, mem_addr: 00000000, mem_rdata: 00000000, mem_wdata: 00000000
0000000100003118
ClkCycle:        293, pc_rdata: 0000041e, pc_wdata: 00000422, insn: 15130010, mode: 3, rs1_addr:  1, rs1_rdata: 00003118, rs2_addr:  1, rs2_rdata: 00003118, rd_addr:  0, rd_wdata: 00003118, mem_addr: 00003118, mem_rdata: 00000000, mem_wdata: 00003118
ClkCycle:        294, pc_rdata: 00000422, pc_wdata: 00000426, insn: 15130010, mode: 3, rs1_addr:  0, rs1_rdata: 00000000, rs2_addr:  0, rs2_rdata: 00000000, rd_addr:  0, rd_wdata: 00000000, mem_addr: 00000000, mem_rdata: 00000000, mem_wdata: 00000000
ClkCycle:        295, pc_rdata: 00000426, pc_wdata: 0000042a, insn: 18a0b423, mode: 3, rs1_addr:  6, rs1_rdata: 1fddb7f7, rs2_addr:  2, rs2_rdata: 7fffdfff, rd_addr: 10, rd_wdata: 7f76dfdc, mem_addr: 7f76dfdc, mem_rdata: 00000000, mem_wdata: 7fffdfff
ClkCycle:        296, pc_rdata: 0000042a, pc_wdata: 0000042e, insn: 18a0b423, mode: 3, rs1_addr:  0, rs1_rdata: 00000000, rs2_addr:  0, rs2_rdata: 00000000, rd_addr:  0, rd_wdata: 00000000, mem_addr: 00000000, mem_rdata: 00000000, mem_wdata: 00000000
ClkCycle:        297, pc_rdata: 0000042e, pc_wdata: 00000430, insn: 02d51513, mode: 3, rs1_addr:  2, rs1_rdata: 7fffdfff, rs2_addr: 24, rs2_rdata: 0000007d, rd_addr:  8, rd_wdata: 7fffe077, mem_addr: 7fffe077, mem_rdata: 00000000, mem_wdata: 0000007d
ClkCycle:        298, pc_rdata: 00000430, pc_wdata: 00000434, insn: 02d51513, mode: 3, rs1_addr: 10, rs1_rdata: 7f76dfdc, rs2_addr: 13, rs2_rdata: 1fff7fff, rd_addr: 10, rd_wdata: dbfb8000, mem_addr: dbfb8000, mem_rdata: 00000000, mem_wdata: 1fff7fff
ClkCycle:        299, pc_rdata: 00000434, pc_wdata: 00000436, insn: b823810d, mode: 3, rs1_addr: 10, rs1_rdata: 7f76dfdc, rs2_addr:  3, rs2_rdata: feffffbf, rd_addr: 10, rd_wdata: db7f7000, mem_addr: db7f7000, mem_rdata: 00000000, mem_wdata: feffffbf
ClkCycle:        300, pc_rdata: 00000436, pc_wdata: 0000043a, insn: b823810d, mode: 3, rs1_addr:  0, rs1_rdata: 00000000, rs2_addr:  0, rs2_rdata: 00000000, rd_addr:  0, rd_wdata: 00000000, mem_addr: 00000000, mem_rdata: 00000000, mem_wdata: 00000000
0000000100003118
ClkCycle:        301, pc_rdata: 0000043a, pc_wdata: 0000043e, insn: 15130010, mode: 3, rs1_addr:  1, rs1_rdata: 00003118, rs2_addr:  1, rs2_rdata: 00003118, rd_addr: 16, rd_wdata: 00003128, mem_addr: 00003128, mem_rdata: 00000000, mem_wdata: 00003118
ClkCycle:        302, pc_rdata: 0000043e, pc_wdata: 00000442, insn: 15130010, mode: 3, rs1_addr:  0, rs1_rdata: 00000000, rs2_addr:  0, rs2_rdata: 00000000, rd_addr:  0, rd_wdata: 00000000, mem_addr: 00000000, mem_rdata: 00000000, mem_wdata: 00000000
ClkCycle:        303, pc_rdata: 00000442, pc_wdata: 00000446, insn: 18a0bc23, mode: 3, rs1_addr:  6, rs1_rdata: 1fddb7f7, rs2_addr:  2, rs2_rdata: 7fffdfff, rd_addr: 10, rd_wdata: 7f76dfdc, mem_addr: 7f76dfdc, mem_rdata: 00000000, mem_wdata: 7fffdfff
ClkCycle:        304, pc_rdata: 00000446, pc_wdata: 0000044a, insn: 18a0bc23, mode: 3, rs1_addr:  0, rs1_rdata: 00000000, rs2_addr:  0, rs2_rdata: 00000000, rd_addr:  0, rd_wdata: 00000000, mem_addr: 00000000, mem_rdata: 00000000, mem_wdata: 00000000
ClkCycle:        305, pc_rdata: 0000044a, pc_wdata: 0000044c, insn: 02f51513, mode: 3, rs1_addr:  2, rs1_rdata: 7fffdfff, rs2_addr: 24, rs2_rdata: 0000007d, rd_addr:  8, rd_wdata: 7fffe077, mem_addr: 7fffe077, mem_rdata: 00000000, mem_wdata: 0000007d
ClkCycle:        306, pc_rdata: 0000044c, pc_wdata: 00000450, insn: 02f51513, mode: 3, rs1_addr: 10, rs1_rdata: 7f76dfdc, rs2_addr: 15, rs2_rdata: 00000000, rd_addr: 10, rd_wdata: 6fee0000, mem_addr: 6fee0000, mem_rdata: 00000000, mem_wdata: 00000000
ClkCycle:        307, pc_rdata: 00000450, pc_wdata: 00000452, insn: b0238105, mode: 3, rs1_addr: 10, rs1_rdata: 7f76dfdc, rs2_addr:  1, rs2_rdata: 00003118, rd_addr: 10, rd_wdata: b7f70000, mem_addr: b7f70000, mem_rdata: 00000000, mem_wdata: 00003118
ClkCycle:        308, pc_rdata: 00000452, pc_wdata: 00000456, insn: b0238105, mode: 3, rs1_addr:  0, rs1_rdata: 00000000, rs2_addr:  0, rs2_rdata: 00000000, rd_addr:  0, rd_wdata: 00000000, mem_addr: 00000000, mem_rdata: 00000000, mem_wdata: 00000000
0000000100003118
ClkCycle:        309, pc_rdata: 00000456, pc_wdata: 0000045a, insn: 15130010, mode: 3, rs1_addr:  1, rs1_rdata: 00003118, rs2_addr:  1, rs2_rdata: 00003118, rd_addr:  0, rd_wdata: 00003118, mem_addr: 00003118, mem_rdata: 00000000, mem_wdata: 00003118
ClkCycle:        310, pc_rdata: 0000045a, pc_wdata: 0000045e, insn: 15130010, mode: 3, rs1_addr:  0, rs1_rdata: 00000000, rs2_addr:  0, rs2_rdata: 00000000, rd_addr:  0, rd_wdata: 00000000, mem_addr: 00000000, mem_rdata: 00000000, mem_wdata: 00000000
ClkCycle:        311, pc_rdata: 0000045e, pc_wdata: 00000462, insn: 1aa0b423, mode: 3, rs1_addr:  6, rs1_rdata: 1fddb7f7, rs2_addr:  2, rs2_rdata: 7fffdfff, rd_addr: 10, rd_wdata: 7f76dfdc, mem_addr: 7f76dfdc, mem_rdata: 00000000, mem_wdata: 7fffdfff
ClkCycle:        312, pc_rdata: 00000462, pc_wdata: 00000466, insn: 1aa0b423, mode: 3, rs1_addr:  0, rs1_rdata: 00000000, rs2_addr:  0, rs2_rdata: 00000000, rd_addr:  0, rd_wdata: 00000000, mem_addr: 00000000, mem_rdata: 00000000, mem_wdata: 00000000
ClkCycle:        313, pc_rdata: 00000466, pc_wdata: 00000468, insn: 03151513, mode: 3, rs1_addr:  2, rs1_rdata: 7fffdfff, rs2_addr: 24, rs2_rdata: 0000007d, rd_addr:  8, rd_wdata: 7fffe177, mem_addr: 7fffe177, mem_rdata: 00000000, mem_wdata: 0000007d
ClkCycle:        314, pc_rdata: 00000468, pc_wdata: 0000046c, insn: 03151513, mode: 3, rs1_addr: 10, rs1_rdata: 7f76dfdc, rs2_addr: 17, rs2_rdata: bffeffff, rd_addr: 10, rd_wdata: bfb80000, mem_addr: bfb80000, mem_rdata: 00000000, mem_wdata: bffeffff
ClkCycle:        315, pc_rdata: 0000046c, pc_wdata: 0000046e, insn: b8238139, mode: 3, rs1_addr: 10, rs1_rdata: 7f76dfdc, rs2_addr: 14, rs2_rdata: 07f76dfd, rd_addr: 10, rd_wdata: fbb6fee0, mem_addr: fbb6fee0, mem_rdata: 00000000, mem_wdata: 07f76dfd
ClkCycle:        316, pc_rdata: 0000046e, pc_wdata: 00000472, insn: b8238139, mode: 3, rs1_addr:  0, rs1_rdata: 00000000, rs2_addr:  0, rs2_rdata: 00000000, rd_addr:  0, rd_wdata: 00000000, mem_addr: 00000000, mem_rdata: 00000000, mem_wdata: 00000000
0000000100003118
ClkCycle:        317, pc_rdata: 00000472, pc_wdata: 00000476, insn: 15130010, mode: 3, rs1_addr:  1, rs1_rdata: 00003118, rs2_addr:  1, rs2_rdata: 00003118, rd_addr: 16, rd_wdata: 00003128, mem_addr: 00003128, mem_rdata: 00000000, mem_wdata: 00003118
ClkCycle:        318, pc_rdata: 00000476, pc_wdata: 0000047a, insn: 15130010, mode: 3, rs1_addr:  0, rs1_rdata: 00000000, rs2_addr:  0, rs2_rdata: 00000000, rd_addr:  0, rd_wdata: 00000000, mem_addr: 00000000, mem_rdata: 00000000, mem_wdata: 00000000
ClkCycle:        319, pc_rdata: 0000047a, pc_wdata: 0000047e, insn: 1aa0bc23, mode: 3, rs1_addr:  6, rs1_rdata: 1fddb7f7, rs2_addr:  2, rs2_rdata: 7fffdfff, rd_addr: 10, rd_wdata: 7f76dfdc, mem_addr: 7f76dfdc, mem_rdata: 00000000, mem_wdata: 7fffdfff
ClkCycle:        320, pc_rdata: 0000047e, pc_wdata: 00000482, insn: 1aa0bc23, mode: 3, rs1_addr:  0, rs1_rdata: 00000000, rs2_addr:  0, rs2_rdata: 00000000, rd_addr:  0, rd_wdata: 00000000, mem_addr: 00000000, mem_rdata: 00000000, mem_wdata: 00000000
ClkCycle:        321, pc_rdata: 00000482, pc_wdata: 00000484, insn: 03351513, mode: 3, rs1_addr:  2, rs1_rdata: 7fffdfff, rs2_addr: 24, rs2_rdata: 0000007d, rd_addr:  8, rd_wdata: 7fffe177, mem_addr: 7fffe177, mem_rdata: 00000000, mem_wdata: 0000007d
ClkCycle:        322, pc_rdata: 00000484, pc_wdata: 00000488, insn: 03351513, mode: 3, rs1_addr: 10, rs1_rdata: 7f76dfdc, rs2_addr: 19, rs2_rdata: dffeffff, rd_addr: 10, rd_wdata: fee00000, mem_addr: fee00000, mem_rdata: 00000000, mem_wdata: dffeffff
ClkCycle:        323, pc_rdata: 00000488, pc_wdata: 0000048a, insn: b023917d, mode: 3, rs1_addr: 10, rs1_rdata: 7f76dfdc, rs2_addr: 31, rs2_rdata: 00000000, rd_addr: 10, rd_wdata: 0007f76d, mem_addr: 0007f76d, mem_rdata: 00000000, mem_wdata: 00000000
ClkCycle:        324, pc_rdata: 0000048a, pc_wdata: 0000048e, insn: b023917d, mode: 3, rs1_addr:  0, rs1_rdata: 00000000, rs2_addr:  0, rs2_rdata: 00000000, rd_addr:  0, rd_wdata: 00000000, mem_addr: 00000000, mem_rdata: 00000000, mem_wdata: 00000000
0000000100003118
ClkCycle:        325, pc_rdata: 0000048e, pc_wdata: 00000492, insn: 15130010, mode: 3, rs1_addr:  1, rs1_rdata: 00003118, rs2_addr:  1, rs2_rdata: 00003118, rd_addr:  0, rd_wdata: 00003118, mem_addr: 00003118, mem_rdata: 00000000, mem_wdata: 00003118
ClkCycle:        326, pc_rdata: 00000492, pc_wdata: 00000496, insn: 15130010, mode: 3, rs1_addr:  0, rs1_rdata: 00000000, rs2_addr:  0, rs2_rdata: 00000000, rd_addr:  0, rd_wdata: 00000000, mem_addr: 00000000, mem_rdata: 00000000, mem_wdata: 00000000
ClkCycle:        327, pc_rdata: 00000496, pc_wdata: 0000049a, insn: 1ca0b423, mode: 3, rs1_addr:  6, rs1_rdata: 1fddb7f7, rs2_addr:  2, rs2_rdata: 7fffdfff, rd_addr: 10, rd_wdata: 7f76dfdc, mem_addr: 7f76dfdc, mem_rdata: 00000000, mem_wdata: 7fffdfff
ClkCycle:        328, pc_rdata: 0000049a, pc_wdata: 0000049e, insn: 1ca0b423, mode: 3, rs1_addr:  0, rs1_rdata: 00000000, rs2_addr:  0, rs2_rdata: 00000000, rd_addr:  0, rd_wdata: 00000000, mem_addr: 00000000, mem_rdata: 00000000, mem_wdata: 00000000
ClkCycle:        329, pc_rdata: 0000049e, pc_wdata: 000004a0, insn: 03551513, mode: 3, rs1_addr:  2, rs1_rdata: 7fffdfff, rs2_addr: 24, rs2_rdata: 0000007d, rd_addr:  8, rd_wdata: 7fffe277, mem_addr: 7fffe277, mem_rdata: 00000000, mem_wdata: 0000007d
ClkCycle:        330, pc_rdata: 000004a0, pc_wdata: 000004a4, insn: 03551513, mode: 3, rs1_addr: 10, rs1_rdata: 7f76dfdc, rs2_addr: 21, rs2_rdata: 0fab7ffb, rd_addr: 10, rd_wdata: fb800000, mem_addr: fb800000, mem_rdata: 00000000, mem_wdata: 0fab7ffb
ClkCycle:        331, pc_rdata: 000004a4, pc_wdata: 000004a6, insn: b8238149, mode: 3, rs1_addr: 10, rs1_rdata: 7f76dfdc, rs2_addr: 18, rs2_rdata: ff7fffff, rd_addr: 10, rd_wdata: fbb6fee0, mem_addr: fbb6fee0, mem_rdata: 00000000, mem_wdata: ff7fffff
ClkCycle:        332, pc_rdata: 000004a6, pc_wdata: 000004aa, insn: b8238149, mode: 3, rs1_addr:  0, rs1_rdata: 00000000, rs2_addr:  0, rs2_rdata: 00000000, rd_addr:  0, rd_wdata: 00000000, mem_addr: 00000000, mem_rdata: 00000000, mem_wdata: 00000000
0000000100003118
ClkCycle:        333, pc_rdata: 000004aa, pc_wdata: 000004ae, insn: 15130010, mode: 3, rs1_addr:  1, rs1_rdata: 00003118, rs2_addr:  1, rs2_rdata: 00003118, rd_addr: 16, rd_wdata: 00003128, mem_addr: 00003128, mem_rdata: 00000000, mem_wdata: 00003118
ClkCycle:        334, pc_rdata: 000004ae, pc_wdata: 000004b2, insn: 15130010, mode: 3, rs1_addr:  0, rs1_rdata: 00000000, rs2_addr:  0, rs2_rdata: 00000000, rd_addr:  0, rd_wdata: 00000000, mem_addr: 00000000, mem_rdata: 00000000, mem_wdata: 00000000
ClkCycle:        335, pc_rdata: 000004b2, pc_wdata: 000004b6, insn: 1ca0bc23, mode: 3, rs1_addr:  6, rs1_rdata: 1fddb7f7, rs2_addr:  2, rs2_rdata: 7fffdfff, rd_addr: 10, rd_wdata: 7f76dfdc, mem_addr: 7f76dfdc, mem_rdata: 00000000, mem_wdata: 7fffdfff
ClkCycle:        336, pc_rdata: 000004b6, pc_wdata: 000004ba, insn: 1ca0bc23, mode: 3, rs1_addr:  0, rs1_rdata: 00000000, rs2_addr:  0, rs2_rdata: 00000000, rd_addr:  0, rd_wdata: 00000000, mem_addr: 00000000, mem_rdata: 00000000, mem_wdata: 00000000
ClkCycle:        337, pc_rdata: 000004ba, pc_wdata: 000004bc, insn: 03751513, mode: 3, rs1_addr:  2, rs1_rdata: 7fffdfff, rs2_addr: 24, rs2_rdata: 0000007d, rd_addr:  8, rd_wdata: 7fffe277, mem_addr: 7fffe277, mem_rdata: 00000000, mem_wdata: 0000007d
ClkCycle:        338, pc_rdata: 000004bc, pc_wdata: 000004c0, insn: 03751513, mode: 3, rs1_addr: 10, rs1_rdata: 7f76dfdc, rs2_addr: 23, rs2_rdata: 00003ead, rd_addr: 10, rd_wdata: ee000000, mem_addr: ee000000, mem_rdata: 00000000, mem_wdata: 00003ead
ClkCycle:        339, pc_rdata: 000004c0, pc_wdata: 000004c2, insn: b0238129, mode: 3, rs1_addr: 10, rs1_rdata: 7f76dfdc, rs2_addr: 10, rs2_rdata: 7f76dfdc, rd_addr: 10, rd_wdata: dbfb8000, mem_addr: dbfb8000, mem_rdata: 00000000, mem_wdata: ee000000
ClkCycle:        340, pc_rdata: 000004c2, pc_wdata: 000004c6, insn: b0238129, mode: 3, rs1_addr:  0, rs1_rdata: 00000000, rs2_addr:  0, rs2_rdata: 00000000, rd_addr:  0, rd_wdata: 00000000, mem_addr: 00000000, mem_rdata: 00000000, mem_wdata: 00000000
0000000100003118
ClkCycle:        341, pc_rdata: 000004c6, pc_wdata: 000004ca, insn: 15130010, mode: 3, rs1_addr:  1, rs1_rdata: 00003118, rs2_addr:  1, rs2_rdata: 00003118, rd_addr:  0, rd_wdata: 00003118, mem_addr: 00003118, mem_rdata: 00000000, mem_wdata: 00003118
ClkCycle:        342, pc_rdata: 000004ca, pc_wdata: 000004ce, insn: 15130010, mode: 3, rs1_addr:  0, rs1_rdata: 00000000, rs2_addr:  0, rs2_rdata: 00000000, rd_addr:  0, rd_wdata: 00000000, mem_addr: 00000000, mem_rdata: 00000000, mem_wdata: 00000000
ClkCycle:        343, pc_rdata: 000004ce, pc_wdata: 000004d2, insn: 1ea0b423, mode: 3, rs1_addr:  6, rs1_rdata: 1fddb7f7, rs2_addr:  2, rs2_rdata: 7fffdfff, rd_addr: 10, rd_wdata: 7f76dfdc, mem_addr: 7f76dfdc, mem_rdata: 00000000, mem_wdata: 7fffdfff
ClkCycle:        344, pc_rdata: 000004d2, pc_wdata: 000004d6, insn: 1ea0b423, mode: 3, rs1_addr:  0, rs1_rdata: 00000000, rs2_addr:  0, rs2_rdata: 00000000, rd_addr:  0, rd_wdata: 00000000, mem_addr: 00000000, mem_rdata: 00000000, mem_wdata: 00000000
ClkCycle:        345, pc_rdata: 000004d6, pc_wdata: 000004d8, insn: 03951513, mode: 3, rs1_addr:  2, rs1_rdata: 7fffdfff, rs2_addr: 24, rs2_rdata: 0000007d, rd_addr:  8, rd_wdata: 7fffe377, mem_addr: 7fffe377, mem_rdata: 00000000, mem_wdata: 0000007d
ClkCycle:        346, pc_rdata: 000004d8, pc_wdata: 000004dc, insn: 03951513, mode: 3, rs1_addr: 10, rs1_rdata: 7f76dfdc, rs2_addr: 25, rs2_rdata: 00000000, rd_addr: 10, rd_wdata: b8000000, mem_addr: b8000000, mem_rdata: 00000000, mem_wdata: 00000000
ClkCycle:        347, pc_rdata: 000004dc, pc_wdata: 000004de, insn: b823812d, mode: 3, rs1_addr: 10, rs1_rdata: 7f76dfdc, rs2_addr: 11, rs2_rdata: 00feedbc, rd_addr: 10, rd_wdata: b7f70000, mem_addr: b7f70000, mem_rdata: 00000000, mem_wdata: 00feedbc
ClkCycle:        348, pc_rdata: 000004de, pc_wdata: 000004e2, insn: b823812d, mode: 3, rs1_addr:  0, rs1_rdata: 00000000, rs2_addr:  0, rs2_rdata: 00000000, rd_addr:  0, rd_wdata: 00000000, mem_addr: 00000000, mem_rdata: 00000000, mem_wdata: 00000000
0000000100003118
ClkCycle:        349, pc_rdata: 000004e2, pc_wdata: 000004e6, insn: 15130010, mode: 3, rs1_addr:  1, rs1_rdata: 00003118, rs2_addr:  1, rs2_rdata: 00003118, rd_addr: 16, rd_wdata: 00003128, mem_addr: 00003128, mem_rdata: 00000000, mem_wdata: 00003118
ClkCycle:        350, pc_rdata: 000004e6, pc_wdata: 000004ea, insn: 15130010, mode: 3, rs1_addr:  0, rs1_rdata: 00000000, rs2_addr:  0, rs2_rdata: 00000000, rd_addr:  0, rd_wdata: 00000000, mem_addr: 00000000, mem_rdata: 00000000, mem_wdata: 00000000
ClkCycle:        351, pc_rdata: 000004ea, pc_wdata: 000004ee, insn: 1ea0bc23, mode: 3, rs1_addr:  6, rs1_rdata: 1fddb7f7, rs2_addr:  2, rs2_rdata: 7fffdfff, rd_addr: 10, rd_wdata: 7f76dfdc, mem_addr: 7f76dfdc, mem_rdata: 00000000, mem_wdata: 7fffdfff
ClkCycle:        352, pc_rdata: 000004ee, pc_wdata: 000004f2, insn: 1ea0bc23, mode: 3, rs1_addr:  0, rs1_rdata: 00000000, rs2_addr:  0, rs2_rdata: 00000000, rd_addr:  0, rd_wdata: 00000000, mem_addr: 00000000, mem_rdata: 00000000, mem_wdata: 00000000
ClkCycle:        353, pc_rdata: 000004f2, pc_wdata: 000004f4, insn: 03b51513, mode: 3, rs1_addr:  2, rs1_rdata: 7fffdfff, rs2_addr: 24, rs2_rdata: 0000007d, rd_addr:  8, rd_wdata: 7fffe377, mem_addr: 7fffe377, mem_rdata: 00000000, mem_wdata: 0000007d
ClkCycle:        354, pc_rdata: 000004f4, pc_wdata: 000004f8, insn: 03b51513, mode: 3, rs1_addr: 10, rs1_rdata: 7f76dfdc, rs2_addr: 27, rs2_rdata: 00000000, rd_addr: 10, rd_wdata: e0000000, mem_addr: e0000000, mem_rdata: 00000000, mem_wdata: 00000000
ClkCycle:        355, pc_rdata: 000004f8, pc_wdata: 000004fa, insn: b023813d, mode: 3, rs1_addr: 10, rs1_rdata: 7f76dfdc, rs2_addr: 15, rs2_rdata: 00000000, rd_addr: 10, rd_wdata: 6dfdc000, mem_addr: 6dfdc000, mem_rdata: 00000000, mem_wdata: 00000000
ClkCycle:        356, pc_rdata: 000004fa, pc_wdata: 000004fe, insn: b023813d, mode: 3, rs1_addr:  0, rs1_rdata: 00000000, rs2_addr:  0, rs2_rdata: 00000000, rd_addr:  0, rd_wdata: 00000000, mem_addr: 00000000, mem_rdata: 00000000, mem_wdata: 00000000
0000000100003118
ClkCycle:        357, pc_rdata: 000004fe, pc_wdata: 00000502, insn: 15130010, mode: 3, rs1_addr:  1, rs1_rdata: 00003118, rs2_addr:  1, rs2_rdata: 00003118, rd_addr:  0, rd_wdata: 00003118, mem_addr: 00003118, mem_rdata: 00000000, mem_wdata: 00003118
ClkCycle:        358, pc_rdata: 00000502, pc_wdata: 00000506, insn: 15130010, mode: 3, rs1_addr:  0, rs1_rdata: 00000000, rs2_addr:  0, rs2_rdata: 00000000, rd_addr:  0, rd_wdata: 00000000, mem_addr: 00000000, mem_rdata: 00000000, mem_wdata: 00000000
ClkCycle:        359, pc_rdata: 00000506, pc_wdata: 0000050a, insn: 20a0b423, mode: 3, rs1_addr:  6, rs1_rdata: 1fddb7f7, rs2_addr:  2, rs2_rdata: 7fffdfff, rd_addr: 10, rd_wdata: 7f76dfdc, mem_addr: 7f76dfdc, mem_rdata: 00000000, mem_wdata: 7fffdfff
ClkCycle:        360, pc_rdata: 0000050a, pc_wdata: 0000050e, insn: 20a0b423, mode: 3, rs1_addr:  0, rs1_rdata: 00000000, rs2_addr:  0, rs2_rdata: 00000000, rd_addr:  0, rd_wdata: 00000000, mem_addr: 00000000, mem_rdata: 00000000, mem_wdata: 00000000
ClkCycle:        361, pc_rdata: 0000050e, pc_wdata: 00000510, insn: 03d51513, mode: 3, rs1_addr:  2, rs1_rdata: 7fffdfff, rs2_addr:  8, rs2_rdata: 7fffe377, rd_addr:  8, rd_wdata: 7fffe047, mem_addr: 7fffe047, mem_rdata: 00000000, mem_wdata: 7fffe377
ClkCycle:        362, pc_rdata: 00000510, pc_wdata: 00000514, insn: 03d51513, mode: 3, rs1_addr: 10, rs1_rdata: 7f76dfdc, rs2_addr: 29, rs2_rdata: 00000000, rd_addr: 10, rd_wdata: 80000000, mem_addr: 80000000, mem_rdata: 00000000, mem_wdata: 00000000
ClkCycle:        363, pc_rdata: 00000514, pc_wdata: 00000516, insn: b823917d, mode: 3, rs1_addr: 10, rs1_rdata: 7f76dfdc, rs2_addr: 31, rs2_rdata: 00000000, rd_addr: 10, rd_wdata: 1fddb7f7, mem_addr: 1fddb7f7, mem_rdata: 00000000, mem_wdata: 00000000
ClkCycle:        364, pc_rdata: 00000516, pc_wdata: 0000051a, insn: b823917d, mode: 3, rs1_addr:  0, rs1_rdata: 00000000, rs2_addr:  0, rs2_rdata: 00000000, rd_addr:  0, rd_wdata: 00000000, mem_addr: 00000000, mem_rdata: 00000000, mem_wdata: 00000000
0000000100003118
ClkCycle:        365, pc_rdata: 0000051a, pc_wdata: 0000051e, insn: 15130010, mode: 3, rs1_addr:  1, rs1_rdata: 00003118, rs2_addr:  1, rs2_rdata: 00003118, rd_addr: 16, rd_wdata: 00003128, mem_addr: 00003128, mem_rdata: 00000000, mem_wdata: 00003118
ClkCycle:        366, pc_rdata: 0000051e, pc_wdata: 00000522, insn: 15130010, mode: 3, rs1_addr:  0, rs1_rdata: 00000000, rs2_addr:  0, rs2_rdata: 00000000, rd_addr:  0, rd_wdata: 00000000, mem_addr: 00000000, mem_rdata: 00000000, mem_wdata: 00000000
ClkCycle:        367, pc_rdata: 00000522, pc_wdata: 00000526, insn: 20a0bc23, mode: 3, rs1_addr:  6, rs1_rdata: 1fddb7f7, rs2_addr:  2, rs2_rdata: 7fffdfff, rd_addr: 10, rd_wdata: 7f76dfdc, mem_addr: 7f76dfdc, mem_rdata: 00000000, mem_wdata: 7fffdfff
ClkCycle:        368, pc_rdata: 00000526, pc_wdata: 0000052a, insn: 20a0bc23, mode: 3, rs1_addr:  0, rs1_rdata: 00000000, rs2_addr:  0, rs2_rdata: 00000000, rd_addr:  0, rd_wdata: 00000000, mem_addr: 00000000, mem_rdata: 00000000, mem_wdata: 00000000
ClkCycle:        369, pc_rdata: 0000052a, pc_wdata: 0000052c, insn: b0238139, mode: 3, rs1_addr:  2, rs1_rdata: 7fffdfff, rs2_addr:  8, rs2_rdata: 7fffe047, rd_addr:  8, rd_wdata: 7fffe047, mem_addr: 7fffe047, mem_rdata: 00000000, mem_wdata: 7fffe047
ClkCycle:        370, pc_rdata: 0000052c, pc_wdata: 0000052e, insn: b0238139, mode: 3, rs1_addr: 10, rs1_rdata: 7f76dfdc, rs2_addr: 14, rs2_rdata: 07f76dfd, rd_addr: 10, rd_wdata: 0001fddb, mem_addr: 0001fddb, mem_rdata: 00000000, mem_wdata: 07f76dfd
ClkCycle:        371, pc_rdata: 0000052e, pc_wdata: 00000532, insn: b0238139, mode: 3, rs1_addr:  0, rs1_rdata: 00000000, rs2_addr:  0, rs2_rdata: 00000000, rd_addr:  0, rd_wdata: 00000000, mem_addr: 00000000, mem_rdata: 00000000, mem_wdata: 00000000
0000000000000000
ClkCycle:        372, pc_rdata: 00000532, pc_wdata: 00000536, insn: 8131ffd0, mode: 3, rs1_addr:  1, rs1_rdata: 00003118, rs2_addr: 29, rs2_rdata: 00000000, rd_addr:  0, rd_wdata: 000030f8, mem_addr: 000030f8, mem_rdata: 00000000, mem_wdata: 00000000
ClkCycle:        373, pc_rdata: 00000536, pc_wdata: 0000053a, insn: 8131ffd0, mode: 3, rs1_addr:  0, rs1_rdata: 00000000, rs2_addr:  0, rs2_rdata: 00000000, rd_addr:  0, rd_wdata: 00000000, mem_addr: 00000000, mem_rdata: 00000000, mem_wdata: 00000000
ClkCycle:        374, pc_rdata: 0000053a, pc_wdata: 0000053c, insn: ffb00513, mode: 3, rs1_addr: 10, rs1_rdata: 0001fddb, rs2_addr: 12, rs2_rdata: fbffff02, rd_addr: 10, rd_wdata: 0000001f, mem_addr: 0000001f, mem_rdata: 00000000, mem_wdata: fbffff02
ClkCycle:        375, pc_rdata: 0000053c, pc_wdata: 00000540, insn: ffb00513, mode: 3, rs1_addr:  0, rs1_rdata: 00000000, rs2_addr: 27, rs2_rdata: 00000000, rd_addr: 10, rd_wdata: fffffffb, mem_addr: fffffffb, mem_rdata: 00000000, mem_wdata: 00000000
ClkCycle:        376, pc_rdata: 00000540, pc_wdata: 00000542, insn: b8238119, mode: 3, rs1_addr: 10, rs1_rdata: 0001fddb, rs2_addr:  6, rs2_rdata: 1fddb7f7, rd_addr: 10, rd_wdata: 03ffffff, mem_addr: 03ffffff, mem_rdata: 00000000, mem_wdata: 1fddb7f7
ClkCycle:        377, pc_rdata: 00000542, pc_wdata: 00000546, insn: b8238119, mode: 3, rs1_addr:  0, rs1_rdata: 00000000, rs2_addr:  0, rs2_rdata: 00000000, rd_addr:  0, rd_wdata: 00000000, mem_addr: 00000000, mem_rdata: 00000000, mem_wdata: 00000000
0000000000003ead
ClkCycle:        378, pc_rdata: 00000546, pc_wdata: 0000054a, insn: 9101ff70, mode: 3, rs1_addr:  1, rs1_rdata: 00003118, rs2_addr: 23, rs2_rdata: 00003ead, rd_addr: 16, rd_wdata: 00003108, mem_addr: 00003108, mem_rdata: 00000000, mem_wdata: 00003ead
ClkCycle:        379, pc_rdata: 0000054a, pc_wdata: 0000054e, insn: 9101ff70, mode: 3, rs1_addr:  0, rs1_rdata: 00000000, rs2_addr:  0, rs2_rdata: 00000000, rd_addr:  0, rd_wdata: 00000000, mem_addr: 00000000, mem_rdata: 00000000, mem_wdata: 00000000
ClkCycle:        380, pc_rdata: 0000054e, pc_wdata: 00000550, insn: fef00513, mode: 3, rs1_addr: 10, rs1_rdata: 03ffffff, rs2_addr:  0, rs2_rdata: 00000000, rd_addr: 10, rd_wdata: 03ffffff, mem_addr: 03ffffff, mem_rdata: 00000000, mem_wdata: 00000000
ClkCycle:        381, pc_rdata: 00000550, pc_wdata: 00000554, insn: fef00513, mode: 3, rs1_addr:  0, rs1_rdata: 00000000, rs2_addr: 15, rs2_rdata: 00000000, rd_addr: 10, rd_wdata: ffffffef, mem_addr: ffffffef, mem_rdata: 00000000, mem_wdata: 00000000
ClkCycle:        382, pc_rdata: 00000554, pc_wdata: 00000556, insn: b023810d, mode: 3, rs1_addr: 10, rs1_rdata: 03ffffff, rs2_addr:  3, rs2_rdata: feffffbf, rd_addr: 10, rd_wdata: 1ffffffd, mem_addr: 1ffffffd, mem_rdata: 00000000, mem_wdata: feffffbf
ClkCycle:        383, pc_rdata: 00000556, pc_wdata: 0000055a, insn: b023810d, mode: 3, rs1_addr:  0, rs1_rdata: 00000000, rs2_addr:  0, rs2_rdata: 00000000, rd_addr:  0, rd_wdata: 00000000, mem_addr: 00000000, mem_rdata: 00000000, mem_wdata: 00000000
0000000000000000
ClkCycle:        384, pc_rdata: 0000055a, pc_wdata: 0000055e, insn: 810dfdf0, mode: 3, rs1_addr:  1, rs1_rdata: 00003118, rs2_addr: 31, rs2_rdata: 00000000, rd_addr:  0, rd_wdata: 000030d8, mem_addr: 000030d8, mem_rdata: 00000000, mem_wdata: 00000000
ClkCycle:        385, pc_rdata: 0000055e, pc_wdata: 00000562, insn: 810dfdf0, mode: 3, rs1_addr:  0, rs1_rdata: 00000000, rs2_addr:  0, rs2_rdata: 00000000, rd_addr:  0, rd_wdata: 00000000, mem_addr: 00000000, mem_rdata: 00000000, mem_wdata: 00000000
ClkCycle:        386, pc_rdata: 00000562, pc_wdata: 00000564, insn: fbf00513, mode: 3, rs1_addr: 10, rs1_rdata: 1ffffffd, rs2_addr:  3, rs2_rdata: feffffbf, rd_addr: 10, rd_wdata: 03ffffff, mem_addr: 03ffffff, mem_rdata: 00000000, mem_wdata: feffffbf
ClkCycle:        387, pc_rdata: 00000564, pc_wdata: 00000568, insn: fbf00513, mode: 3, rs1_addr:  0, rs1_rdata: 00000000, rs2_addr: 31, rs2_rdata: 00000000, rd_addr: 10, rd_wdata: ffffffbf, mem_addr: ffffffbf, mem_rdata: 00000000, mem_wdata: 00000000
ClkCycle:        388, pc_rdata: 00000568, pc_wdata: 0000056a, insn: b823913d, mode: 3, rs1_addr: 10, rs1_rdata: 1ffffffd, rs2_addr: 15, rs2_rdata: 00000000, rd_addr: 10, rd_wdata: 0001ffff, mem_addr: 0001ffff, mem_rdata: 00000000, mem_wdata: 00000000
ClkCycle:        389, pc_rdata: 0000056a, pc_wdata: 0000056e, insn: b823913d, mode: 3, rs1_addr:  0, rs1_rdata: 00000000, rs2_addr:  0, rs2_rdata: 00000000, rd_addr:  0, rd_wdata: 00000000, mem_addr: 00000000, mem_rdata: 00000000, mem_wdata: 00000000
0000000000000000
ClkCycle:        390, pc_rdata: 0000056e, pc_wdata: 00000572, insn: 9101f7f0, mode: 3, rs1_addr:  1, rs1_rdata: 00003118, rs2_addr: 31, rs2_rdata: 00000000, rd_addr: 16, rd_wdata: 00003088, mem_addr: 00003088, mem_rdata: 00000000, mem_wdata: 00000000
ClkCycle:        391, pc_rdata: 00000572, pc_wdata: 00000576, insn: 9101f7f0, mode: 3, rs1_addr:  0, rs1_rdata: 00000000, rs2_addr:  0, rs2_rdata: 00000000, rd_addr:  0, rd_wdata: 00000000, mem_addr: 00000000, mem_rdata: 00000000, mem_wdata: 00000000
ClkCycle:        392, pc_rdata: 00000576, pc_wdata: 00000578, insn: eff00513, mode: 3, rs1_addr: 10, rs1_rdata: 0001ffff, rs2_addr:  0, rs2_rdata: 00000000, rd_addr: 10, rd_wdata: 0001ffff, mem_addr: 0001ffff, mem_rdata: 00000000, mem_wdata: 00000000
ClkCycle:        393, pc_rdata: 00000578, pc_wdata: 0000057c, insn: eff00513, mode: 3, rs1_addr:  0, rs1_rdata: 00000000, rs2_addr: 31, rs2_rdata: 00000000, rd_addr: 10, rd_wdata: fffffeff, mem_addr: fffffeff, mem_rdata: 00000000, mem_wdata: 00000000
ClkCycle:        394, pc_rdata: 0000057c, pc_wdata: 0000057e, insn: b0239179, mode: 3, rs1_addr: 10, rs1_rdata: 0001ffff, rs2_addr: 30, rs2_rdata: 00000000, rd_addr: 10, rd_wdata: 00000003, mem_addr: 00000003, mem_rdata: 00000000, mem_wdata: 00000000
ClkCycle:        395, pc_rdata: 0000057e, pc_wdata: 00000582, insn: b0239179, mode: 3, rs1_addr:  0, rs1_rdata: 00000000, rs2_addr:  0, rs2_rdata: 00000000, rd_addr:  0, rd_wdata: 00000000, mem_addr: 00000000, mem_rdata: 00000000, mem_wdata: 00000000
0000000000000000
ClkCycle:        396, pc_rdata: 00000582, pc_wdata: 00000586, insn: 915ddff0, mode: 3, rs1_addr:  1, rs1_rdata: 00003118, rs2_addr: 31, rs2_rdata: 00000000, rd_addr:  0, rd_wdata: 00002ef8, mem_addr: 00002ef8, mem_rdata: 00000000, mem_wdata: 00000000
ClkCycle:        397, pc_rdata: 00000586, pc_wdata: 0000058a, insn: 915ddff0, mode: 3, rs1_addr:  0, rs1_rdata: 00000000, rs2_addr:  0, rs2_rdata: 00000000, rd_addr:  0, rd_wdata: 00000000, mem_addr: 00000000, mem_rdata: 00000000, mem_wdata: 00000000
ClkCycle:        398, pc_rdata: 0000058a, pc_wdata: 0000058c, insn: bff00513, mode: 3, rs1_addr: 10, rs1_rdata: 00000003, rs2_addr: 23, rs2_rdata: 00003ead, rd_addr: 10, rd_wdata: 00000000, mem_addr: 00000000, mem_rdata: 00000000, mem_wdata: 00003ead
ClkCycle:        399, pc_rdata: 0000058c, pc_wdata: 00000590, insn: bff00513, mode: 3, rs1_addr:  0, rs1_rdata: 00000000, rs2_addr: 31, rs2_rdata: 00000000, rd_addr: 10, rd_wdata: fffffbff, mem_addr: fffffbff, mem_rdata: 00000000, mem_wdata: 00000000
ClkCycle:        400, pc_rdata: 00000590, pc_wdata: 00000592, insn: b8238135, mode: 3, rs1_addr: 10, rs1_rdata: 00000003, rs2_addr: 13, rs2_rdata: 1fff7fff, rd_addr: 10, rd_wdata: 0007ffff, mem_addr: 0007ffff, mem_rdata: 00000000, mem_wdata: 1fff7fff
ClkCycle:        401, pc_rdata: 00000592, pc_wdata: 00000596, insn: b8238135, mode: 3, rs1_addr:  0, rs1_rdata: 00000000, rs2_addr:  0, rs2_rdata: 00000000, rd_addr:  0, rd_wdata: 00000000, mem_addr: 00000000, mem_rdata: 00000000, mem_wdata: 00000000
0000000100003118
ClkCycle:        402, pc_rdata: 00000596, pc_wdata: 0000059a, insn: 15130010, mode: 3, rs1_addr:  1, rs1_rdata: 00003118, rs2_addr:  1, rs2_rdata: 00003118, rd_addr: 16, rd_wdata: 00003128, mem_addr: 00003128, mem_rdata: 00000000, mem_wdata: 00003118
ClkCycle:        403, pc_rdata: 0000059a, pc_wdata: 0000059e, insn: 15130010, mode: 3, rs1_addr:  0, rs1_rdata: 00000000, rs2_addr:  0, rs2_rdata: 00000000, rd_addr:  0, rd_wdata: 00000000, mem_addr: 00000000, mem_rdata: 00000000, mem_wdata: 00000000
ClkCycle:        404, pc_rdata: 0000059e, pc_wdata: 000005a2, insn: 8111fff5, mode: 3, rs1_addr: 10, rs1_rdata: 0007ffff, rs2_addr: 31, rs2_rdata: 00000000, rd_addr: 10, rd_wdata: 80000000, mem_addr: 80000000, mem_rdata: 00000000, mem_wdata: 00000000
ClkCycle:        405, pc_rdata: 000005a2, pc_wdata: 000005a6, insn: 8111fff5, mode: 3, rs1_addr:  0, rs1_rdata: 00000000, rs2_addr:  0, rs2_rdata: 00000000, rd_addr:  0, rd_wdata: 00000000, mem_addr: 00000000, mem_rdata: 00000000, mem_wdata: 00000000
ClkCycle:        406, pc_rdata: 000005a6, pc_wdata: 000005a8, insn: 00100513, mode: 3, rs1_addr: 10, rs1_rdata: 0007ffff, rs2_addr:  4, rs2_rdata: 6dfdffff, rd_addr: 10, rd_wdata: f8000000, mem_addr: f8000000, mem_rdata: 00000000, mem_wdata: 6dfdffff
ClkCycle:        407, pc_rdata: 000005a8, pc_wdata: 000005ac, insn: 00100513, mode: 3, rs1_addr:  0, rs1_rdata: 00000000, rs2_addr:  1, rs2_rdata: 00003118, rd_addr: 10, rd_wdata: 00000001, mem_addr: 00000001, mem_rdata: 00000000, mem_wdata: 00003118
ClkCycle:        408, pc_rdata: 000005ac, pc_wdata: 000005b0, insn: 00c51513, mode: 3, rs1_addr: 10, rs1_rdata: 80000000, rs2_addr: 12, rs2_rdata: fbffff02, rd_addr: 10, rd_wdata: 00001000, mem_addr: 00001000, mem_rdata: 00000000, mem_wdata: fbffff02
ClkCycle:        409, pc_rdata: 000005b0, pc_wdata: 000005b4, insn: fff54513, mode: 3, rs1_addr: 10, rs1_rdata: f8000000, rs2_addr: 31, rs2_rdata: 00000000, rd_addr: 10, rd_wdata: ffffefff, mem_addr: ffffefff, mem_rdata: 00000000, mem_wdata: 00000000
ClkCycle:        410, pc_rdata: 000005b4, pc_wdata: 000005b6, insn: b0238139, mode: 3, rs1_addr: 10, rs1_rdata: 00000001, rs2_addr: 14, rs2_rdata: 07f76dfd, rd_addr: 10, rd_wdata: 0003ffff, mem_addr: 0003ffff, mem_rdata: 00000000, mem_wdata: 07f76dfd
ClkCycle:        411, pc_rdata: 000005b6, pc_wdata: 000005ba, insn: b0238139, mode: 3, rs1_addr:  0, rs1_rdata: 00000000, rs2_addr:  0, rs2_rdata: 00000000, rd_addr:  0, rd_wdata: 00000000, mem_addr: 00000000, mem_rdata: 00000000, mem_wdata: 00000000
0000000100003118
ClkCycle:        412, pc_rdata: 000005ba, pc_wdata: 000005be, insn: 15130010, mode: 3, rs1_addr:  1, rs1_rdata: 00003118, rs2_addr:  1, rs2_rdata: 00003118, rd_addr:  0, rd_wdata: 00003118, mem_addr: 00003118, mem_rdata: 00000000, mem_wdata: 00003118
ClkCycle:        413, pc_rdata: 000005be, pc_wdata: 000005c2, insn: 15130010, mode: 3, rs1_addr:  0, rs1_rdata: 00000000, rs2_addr:  0, rs2_rdata: 00000000, rd_addr:  0, rd_wdata: 00000000, mem_addr: 00000000, mem_rdata: 00000000, mem_wdata: 00000000
ClkCycle:        414, pc_rdata: 000005c2, pc_wdata: 000005c6, insn: 8145fff5, mode: 3, rs1_addr: 10, rs1_rdata: 0003ffff, rs2_addr: 31, rs2_rdata: 00000000, rd_addr: 10, rd_wdata: 80000000, mem_addr: 80000000, mem_rdata: 00000000, mem_wdata: 00000000
ClkCycle:        415, pc_rdata: 000005c6, pc_wdata: 000005ca, insn: 8145fff5, mode: 3, rs1_addr:  0, rs1_rdata: 00000000, rs2_addr:  0, rs2_rdata: 00000000, rd_addr:  0, rd_wdata: 00000000, mem_addr: 00000000, mem_rdata: 00000000, mem_wdata: 00000000
ClkCycle:        416, pc_rdata: 000005ca, pc_wdata: 000005cc, insn: 00100513, mode: 3, rs1_addr: 10, rs1_rdata: 0003ffff, rs2_addr: 17, rs2_rdata: bffeffff, rd_addr: 10, rd_wdata: ffffc000, mem_addr: ffffc000, mem_rdata: 00000000, mem_wdata: bffeffff
ClkCycle:        417, pc_rdata: 000005cc, pc_wdata: 000005d0, insn: 00100513, mode: 3, rs1_addr:  0, rs1_rdata: 00000000, rs2_addr:  1, rs2_rdata: 00003118, rd_addr: 10, rd_wdata: 00000001, mem_addr: 00000001, mem_rdata: 00000000, mem_wdata: 00003118
ClkCycle:        418, pc_rdata: 000005d0, pc_wdata: 000005d4, insn: 00e51513, mode: 3, rs1_addr: 10, rs1_rdata: 80000000, rs2_addr: 14, rs2_rdata: 07f76dfd, rd_addr: 10, rd_wdata: 00004000, mem_addr: 00004000, mem_rdata: 00000000, mem_wdata: 07f76dfd
ClkCycle:        419, pc_rdata: 000005d4, pc_wdata: 000005d8, insn: fff54513, mode: 3, rs1_addr: 10, rs1_rdata: ffffc000, rs2_addr: 31, rs2_rdata: 00000000, rd_addr: 10, rd_wdata: ffffbfff, mem_addr: ffffbfff, mem_rdata: 00000000, mem_wdata: 00000000
ClkCycle:        420, pc_rdata: 000005d8, pc_wdata: 000005da, insn: b8238115, mode: 3, rs1_addr: 10, rs1_rdata: 00000001, rs2_addr:  5, rs2_rdata: eedbfbff, rd_addr: 10, rd_wdata: 07fffdff, mem_addr: 07fffdff, mem_rdata: 00000000, mem_wdata: eedbfbff
ClkCycle:        421, pc_rdata: 000005da, pc_wdata: 000005de, insn: b8238115, mode: 3, rs1_addr:  0, rs1_rdata: 00000000, rs2_addr:  0, rs2_rdata: 00000000, rd_addr:  0, rd_wdata: 00000000, mem_addr: 00000000, mem_rdata: 00000000, mem_wdata: 00000000
0000000100003118
ClkCycle:        422, pc_rdata: 000005de, pc_wdata: 000005e2, insn: 15130010, mode: 3, rs1_addr:  1, rs1_rdata: 00003118, rs2_addr:  1, rs2_rdata: 00003118, rd_addr: 16, rd_wdata: 00003128, mem_addr: 00003128, mem_rdata: 00000000, mem_wdata: 00003118
ClkCycle:        423, pc_rdata: 000005e2, pc_wdata: 000005e6, insn: 15130010, mode: 3, rs1_addr:  0, rs1_rdata: 00000000, rs2_addr:  0, rs2_rdata: 00000000, rd_addr:  0, rd_wdata: 00000000, mem_addr: 00000000, mem_rdata: 00000000, mem_wdata: 00000000
ClkCycle:        424, pc_rdata: 000005e6, pc_wdata: 000005ea, insn: 8125fff5, mode: 3, rs1_addr: 10, rs1_rdata: 07fffdff, rs2_addr: 31, rs2_rdata: 00000000, rd_addr: 10, rd_wdata: 80000000, mem_addr: 80000000, mem_rdata: 00000000, mem_wdata: 00000000
ClkCycle:        425, pc_rdata: 000005ea, pc_wdata: 000005ee, insn: 8125fff5, mode: 3, rs1_addr:  0, rs1_rdata: 00000000, rs2_addr:  0, rs2_rdata: 00000000, rd_addr:  0, rd_wdata: 00000000, mem_addr: 00000000, mem_rdata: 00000000, mem_wdata: 00000000
ClkCycle:        426, pc_rdata: 000005ee, pc_wdata: 000005f0, insn: 00100513, mode: 3, rs1_addr: 10, rs1_rdata: 07fffdff, rs2_addr:  9, rs2_rdata: 00000000, rd_addr: 10, rd_wdata: 7fc00000, mem_addr: 7fc00000, mem_rdata: 00000000, mem_wdata: 00000000
ClkCycle:        427, pc_rdata: 000005f0, pc_wdata: 000005f4, insn: 00100513, mode: 3, rs1_addr:  0, rs1_rdata: 00000000, rs2_addr:  1, rs2_rdata: 00003118, rd_addr: 10, rd_wdata: 00000001, mem_addr: 00000001, mem_rdata: 00000000, mem_wdata: 00003118
ClkCycle:        428, pc_rdata: 000005f4, pc_wdata: 000005f8, insn: 01051513, mode: 3, rs1_addr: 10, rs1_rdata: 80000000, rs2_addr: 16, rs2_rdata: 7d5bfddb, rd_addr: 10, rd_wdata: 00010000, mem_addr: 00010000, mem_rdata: 00000000, mem_wdata: 7d5bfddb
ClkCycle:        429, pc_rdata: 000005f8, pc_wdata: 000005fc, insn: fff54513, mode: 3, rs1_addr: 10, rs1_rdata: 7fc00000, rs2_addr: 31, rs2_rdata: 00000000, rd_addr: 10, rd_wdata: fffeffff, mem_addr: fffeffff, mem_rdata: 00000000, mem_wdata: 00000000
ClkCycle:        430, pc_rdata: 000005fc, pc_wdata: 000005fe, insn: b023810d, mode: 3, rs1_addr: 10, rs1_rdata: 00000001, rs2_addr:  3, rs2_rdata: feffffbf, rd_addr: 10, rd_wdata: 1fffdfff, mem_addr: 1fffdfff, mem_rdata: 00000000, mem_wdata: feffffbf
ClkCycle:        431, pc_rdata: 000005fe, pc_wdata: 00000602, insn: b023810d, mode: 3, rs1_addr:  0, rs1_rdata: 00000000, rs2_addr:  0, rs2_rdata: 00000000, rd_addr:  0, rd_wdata: 00000000, mem_addr: 00000000, mem_rdata: 00000000, mem_wdata: 00000000
0000000100003118
ClkCycle:        432, pc_rdata: 00000602, pc_wdata: 00000606, insn: 15130010, mode: 3, rs1_addr:  1, rs1_rdata: 00003118, rs2_addr:  1, rs2_rdata: 00003118, rd_addr:  0, rd_wdata: 00003118, mem_addr: 00003118, mem_rdata: 00000000, mem_wdata: 00003118
ClkCycle:        433, pc_rdata: 00000606, pc_wdata: 0000060a, insn: 15130010, mode: 3, rs1_addr:  0, rs1_rdata: 00000000, rs2_addr:  0, rs2_rdata: 00000000, rd_addr:  0, rd_wdata: 00000000, mem_addr: 00000000, mem_rdata: 00000000, mem_wdata: 00000000
ClkCycle:        434, pc_rdata: 0000060a, pc_wdata: 0000060e, insn: 814dfff5, mode: 3, rs1_addr: 10, rs1_rdata: 1fffdfff, rs2_addr: 31, rs2_rdata: 00000000, rd_addr: 10, rd_wdata: 80000000, mem_addr: 80000000, mem_rdata: 00000000, mem_wdata: 00000000
ClkCycle:        435, pc_rdata: 0000060e, pc_wdata: 00000612, insn: 814dfff5, mode: 3, rs1_addr:  0, rs1_rdata: 00000000, rs2_addr:  0, rs2_rdata: 00000000, rd_addr:  0, rd_wdata: 00000000, mem_addr: 00000000, mem_rdata: 00000000, mem_wdata: 00000000
ClkCycle:        436, pc_rdata: 00000612, pc_wdata: 00000614, insn: 00100513, mode: 3, rs1_addr: 10, rs1_rdata: 1fffdfff, rs2_addr: 19, rs2_rdata: dffeffff, rd_addr: 10, rd_wdata: fdfff000, mem_addr: fdfff000, mem_rdata: 00000000, mem_wdata: dffeffff
ClkCycle:        437, pc_rdata: 00000614, pc_wdata: 00000618, insn: 00100513, mode: 3, rs1_addr:  0, rs1_rdata: 00000000, rs2_addr:  1, rs2_rdata: 00003118, rd_addr: 10, rd_wdata: 00000001, mem_addr: 00000001, mem_rdata: 00000000, mem_wdata: 00003118
ClkCycle:        438, pc_rdata: 00000618, pc_wdata: 0000061c, insn: 01251513, mode: 3, rs1_addr: 10, rs1_rdata: 80000000, rs2_addr: 18, rs2_rdata: ff7fffff, rd_addr: 10, rd_wdata: 00040000, mem_addr: 00040000, mem_rdata: 00000000, mem_wdata: ff7fffff
ClkCycle:        439, pc_rdata: 0000061c, pc_wdata: 00000620, insn: fff54513, mode: 3, rs1_addr: 10, rs1_rdata: fdfff000, rs2_addr: 31, rs2_rdata: 00000000, rd_addr: 10, rd_wdata: fffbffff, mem_addr: fffbffff, mem_rdata: 00000000, mem_wdata: 00000000
ClkCycle:        440, pc_rdata: 00000620, pc_wdata: 00000622, insn: b823817d, mode: 3, rs1_addr: 10, rs1_rdata: 00000001, rs2_addr: 31, rs2_rdata: 00000000, rd_addr: 10, rd_wdata: 00000001, mem_addr: 00000001, mem_rdata: 00000000, mem_wdata: 00000000
ClkCycle:        441, pc_rdata: 00000622, pc_wdata: 00000626, insn: b823817d, mode: 3, rs1_addr:  0, rs1_rdata: 00000000, rs2_addr:  0, rs2_rdata: 00000000, rd_addr:  0, rd_wdata: 00000000, mem_addr: 00000000, mem_rdata: 00000000, mem_wdata: 00000000
0000000100003118
ClkCycle:        442, pc_rdata: 00000626, pc_wdata: 0000062a, insn: 15130010, mode: 3, rs1_addr:  1, rs1_rdata: 00003118, rs2_addr:  1, rs2_rdata: 00003118, rd_addr: 16, rd_wdata: 00003128, mem_addr: 00003128, mem_rdata: 00000000, mem_wdata: 00003118
ClkCycle:        443, pc_rdata: 0000062a, pc_wdata: 0000062e, insn: 15130010, mode: 3, rs1_addr:  0, rs1_rdata: 00000000, rs2_addr:  0, rs2_rdata: 00000000, rd_addr:  0, rd_wdata: 00000000, mem_addr: 00000000, mem_rdata: 00000000, mem_wdata: 00000000
ClkCycle:        444, pc_rdata: 0000062e, pc_wdata: 00000632, insn: 8141fff5, mode: 3, rs1_addr: 10, rs1_rdata: 00000001, rs2_addr: 31, rs2_rdata: 00000000, rd_addr: 10, rd_wdata: 80000000, mem_addr: 80000000, mem_rdata: 00000000, mem_wdata: 00000000
ClkCycle:        445, pc_rdata: 00000632, pc_wdata: 00000636, insn: 8141fff5, mode: 3, rs1_addr:  0, rs1_rdata: 00000000, rs2_addr:  0, rs2_rdata: 00000000, rd_addr:  0, rd_wdata: 00000000, mem_addr: 00000000, mem_rdata: 00000000, mem_wdata: 00000000
ClkCycle:        446, pc_rdata: 00000636, pc_wdata: 00000638, insn: 00100513, mode: 3, rs1_addr: 10, rs1_rdata: 00000001, rs2_addr: 16, rs2_rdata: 7d5bfddb, rd_addr: 10, rd_wdata: 00008000, mem_addr: 00008000, mem_rdata: 00000000, mem_wdata: 7d5bfddb
ClkCycle:        447, pc_rdata: 00000638, pc_wdata: 0000063c, insn: 00100513, mode: 3, rs1_addr:  0, rs1_rdata: 00000000, rs2_addr:  1, rs2_rdata: 00003118, rd_addr: 10, rd_wdata: 00000001, mem_addr: 00000001, mem_rdata: 00000000, mem_wdata: 00003118
ClkCycle:        448, pc_rdata: 0000063c, pc_wdata: 00000640, insn: 03951513, mode: 3, rs1_addr: 10, rs1_rdata: 80000000, rs2_addr: 25, rs2_rdata: 00000000, rd_addr: 10, rd_wdata: 02000000, mem_addr: 02000000, mem_rdata: 00000000, mem_wdata: 00000000
ClkCycle:        449, pc_rdata: 00000640, pc_wdata: 00000644, insn: fff54513, mode: 3, rs1_addr: 10, rs1_rdata: 00008000, rs2_addr: 31, rs2_rdata: 00000000, rd_addr: 10, rd_wdata: fdffffff, mem_addr: fdffffff, mem_rdata: 00000000, mem_wdata: 00000000
ClkCycle:        450, pc_rdata: 00000644, pc_wdata: 00000646, insn: b0239179, mode: 3, rs1_addr: 10, rs1_rdata: 00000001, rs2_addr: 30, rs2_rdata: 00000000, rd_addr: 10, rd_wdata: 00000003, mem_addr: 00000003, mem_rdata: 00000000, mem_wdata: 00000000
ClkCycle:        451, pc_rdata: 00000646, pc_wdata: 0000064a, insn: b0239179, mode: 3, rs1_addr:  0, rs1_rdata: 00000000, rs2_addr:  0, rs2_rdata: 00000000, rd_addr:  0, rd_wdata: 00000000, mem_addr: 00000000, mem_rdata: 00000000, mem_wdata: 00000000
0000000100003118
ClkCycle:        452, pc_rdata: 0000064a, pc_wdata: 0000064e, insn: 15130010, mode: 3, rs1_addr:  1, rs1_rdata: 00003118, rs2_addr:  1, rs2_rdata: 00003118, rd_addr:  0, rd_wdata: 00003118, mem_addr: 00003118, mem_rdata: 00000000, mem_wdata: 00003118
ClkCycle:        453, pc_rdata: 0000064e, pc_wdata: 00000652, insn: 15130010, mode: 3, rs1_addr:  0, rs1_rdata: 00000000, rs2_addr:  0, rs2_rdata: 00000000, rd_addr:  0, rd_wdata: 00000000, mem_addr: 00000000, mem_rdata: 00000000, mem_wdata: 00000000
ClkCycle:        454, pc_rdata: 00000652, pc_wdata: 00000656, insn: 915dfff5, mode: 3, rs1_addr: 10, rs1_rdata: 00000003, rs2_addr: 31, rs2_rdata: 00000000, rd_addr: 10, rd_wdata: 80000000, mem_addr: 80000000, mem_rdata: 00000000, mem_wdata: 00000000
ClkCycle:        455, pc_rdata: 00000656, pc_wdata: 0000065a, insn: 915dfff5, mode: 3, rs1_addr:  0, rs1_rdata: 00000000, rs2_addr:  0, rs2_rdata: 00000000, rd_addr:  0, rd_wdata: 00000000, mem_addr: 00000000, mem_rdata: 00000000, mem_wdata: 00000000
ClkCycle:        456, pc_rdata: 0000065a, pc_wdata: 0000065c, insn: 00100513, mode: 3, rs1_addr: 10, rs1_rdata: 00000003, rs2_addr: 23, rs2_rdata: 00003ead, rd_addr: 10, rd_wdata: 00000300, mem_addr: 00000300, mem_rdata: 00000000, mem_wdata: 00003ead
ClkCycle:        457, pc_rdata: 0000065c, pc_wdata: 00000660, insn: 00100513, mode: 3, rs1_addr:  0, rs1_rdata: 00000000, rs2_addr:  1, rs2_rdata: 00003118, rd_addr: 10, rd_wdata: 00000001, mem_addr: 00000001, mem_rdata: 00000000, mem_wdata: 00003118
ClkCycle:        458, pc_rdata: 00000660, pc_wdata: 00000664, insn: 03b51513, mode: 3, rs1_addr: 10, rs1_rdata: 80000000, rs2_addr: 27, rs2_rdata: 00000000, rd_addr: 10, rd_wdata: 08000000, mem_addr: 08000000, mem_rdata: 00000000, mem_wdata: 00000000
ClkCycle:        459, pc_rdata: 00000664, pc_wdata: 00000668, insn: fff54513, mode: 3, rs1_addr: 10, rs1_rdata: 00000300, rs2_addr: 31, rs2_rdata: 00000000, rd_addr: 10, rd_wdata: f7ffffff, mem_addr: f7ffffff, mem_rdata: 00000000, mem_wdata: 00000000
ClkCycle:        460, pc_rdata: 00000668, pc_wdata: 0000066a, insn: b8238155, mode: 3, rs1_addr: 10, rs1_rdata: 00000001, rs2_addr: 21, rs2_rdata: 0fab7ffb, rd_addr: 10, rd_wdata: 000007bf, mem_addr: 000007bf, mem_rdata: 00000000, mem_wdata: 0fab7ffb
ClkCycle:        461, pc_rdata: 0000066a, pc_wdata: 0000066e, insn: b8238155, mode: 3, rs1_addr:  0, rs1_rdata: 00000000, rs2_addr:  0, rs2_rdata: 00000000, rd_addr:  0, rd_wdata: 00000000, mem_addr: 00000000, mem_rdata: 00000000, mem_wdata: 00000000
0000000100003118
ClkCycle:        462, pc_rdata: 0000066e, pc_wdata: 00000672, insn: 15130010, mode: 3, rs1_addr:  1, rs1_rdata: 00003118, rs2_addr:  1, rs2_rdata: 00003118, rd_addr: 16, rd_wdata: 00003128, mem_addr: 00003128, mem_rdata: 00000000, mem_wdata: 00003118
ClkCycle:        463, pc_rdata: 00000672, pc_wdata: 00000676, insn: 15130010, mode: 3, rs1_addr:  0, rs1_rdata: 00000000, rs2_addr:  0, rs2_rdata: 00000000, rd_addr:  0, rd_wdata: 00000000, mem_addr: 00000000, mem_rdata: 00000000, mem_wdata: 00000000
ClkCycle:        464, pc_rdata: 00000676, pc_wdata: 0000067a, insn: 8125fff5, mode: 3, rs1_addr: 10, rs1_rdata: 000007bf, rs2_addr: 31, rs2_rdata: 00000000, rd_addr: 10, rd_wdata: 80000000, mem_addr: 80000000, mem_rdata: 00000000, mem_wdata: 00000000
ClkCycle:        465, pc_rdata: 0000067a, pc_wdata: 0000067e, insn: 8125fff5, mode: 3, rs1_addr:  0, rs1_rdata: 00000000, rs2_addr:  0, rs2_rdata: 00000000, rd_addr:  0, rd_wdata: 00000000, mem_addr: 00000000, mem_rdata: 00000000, mem_wdata: 00000000
ClkCycle:        466, pc_rdata: 0000067e, pc_wdata: 00000680, insn: 00100513, mode: 3, rs1_addr: 10, rs1_rdata: 000007bf, rs2_addr:  9, rs2_rdata: 00000000, rd_addr: 10, rd_wdata: efc00000, mem_addr: efc00000, mem_rdata: 00000000, mem_wdata: 00000000
ClkCycle:        467, pc_rdata: 00000680, pc_wdata: 00000684, insn: 00100513, mode: 3, rs1_addr:  0, rs1_rdata: 00000000, rs2_addr:  1, rs2_rdata: 00003118, rd_addr: 10, rd_wdata: 00000001, mem_addr: 00000001, mem_rdata: 00000000, mem_wdata: 00003118
ClkCycle:        468, pc_rdata: 00000684, pc_wdata: 00000688, insn: 03d51513, mode: 3, rs1_addr: 10, rs1_rdata: 80000000, rs2_addr: 29, rs2_rdata: 00000000, rd_addr: 10, rd_wdata: 20000000, mem_addr: 20000000, mem_rdata: 00000000, mem_wdata: 00000000
ClkCycle:        469, pc_rdata: 00000688, pc_wdata: 0000068c, insn: fff54513, mode: 3, rs1_addr: 10, rs1_rdata: efc00000, rs2_addr: 31, rs2_rdata: 00000000, rd_addr: 10, rd_wdata: dfffffff, mem_addr: dfffffff, mem_rdata: 00000000, mem_wdata: 00000000
ClkCycle:        470, pc_rdata: 0000068c, pc_wdata: 0000068e, insn: b0238119, mode: 3, rs1_addr: 10, rs1_rdata: 00000001, rs2_addr:  6, rs2_rdata: 1fddb7f7, rd_addr: 10, rd_wdata: 037fffff, mem_addr: 037fffff, mem_rdata: 00000000, mem_wdata: 1fddb7f7
ClkCycle:        471, pc_rdata: 0000068e, pc_wdata: 00000692, insn: b0238119, mode: 3, rs1_addr:  0, rs1_rdata: 00000000, rs2_addr:  0, rs2_rdata: 00000000, rd_addr:  0, rd_wdata: 00000000, mem_addr: 00000000, mem_rdata: 00000000, mem_wdata: 00000000
0000000100003118
ClkCycle:        472, pc_rdata: 00000692, pc_wdata: 00000696, insn: 15130010, mode: 3, rs1_addr:  1, rs1_rdata: 00003118, rs2_addr:  1, rs2_rdata: 00003118, rd_addr:  0, rd_wdata: 00003118, mem_addr: 00003118, mem_rdata: 00000000, mem_wdata: 00003118
ClkCycle:        473, pc_rdata: 00000696, pc_wdata: 0000069a, insn: 15130010, mode: 3, rs1_addr:  0, rs1_rdata: 00000000, rs2_addr:  0, rs2_rdata: 00000000, rd_addr:  0, rd_wdata: 00000000, mem_addr: 00000000, mem_rdata: 00000000, mem_wdata: 00000000
ClkCycle:        474, pc_rdata: 0000069a, pc_wdata: 0000069e, insn: 8141fff5, mode: 3, rs1_addr: 10, rs1_rdata: 037fffff, rs2_addr: 31, rs2_rdata: 00000000, rd_addr: 10, rd_wdata: 80000000, mem_addr: 80000000, mem_rdata: 00000000, mem_wdata: 00000000
ClkCycle:        475, pc_rdata: 0000069e, pc_wdata: 000006a2, insn: 8141fff5, mode: 3, rs1_addr:  0, rs1_rdata: 00000000, rs2_addr:  0, rs2_rdata: 00000000, rd_addr:  0, rd_wdata: 00000000, mem_addr: 00000000, mem_rdata: 00000000, mem_wdata: 00000000
ClkCycle:        476, pc_rdata: 000006a2, pc_wdata: 000006a4, insn: 55555537, mode: 3, rs1_addr: 10, rs1_rdata: 037fffff, rs2_addr: 16, rs2_rdata: 7d5bfddb, rd_addr: 10, rd_wdata: ffff8000, mem_addr: ffff8000, mem_rdata: 00000000, mem_wdata: 7d5bfddb
ClkCycle:        477, pc_rdata: 000006a4, pc_wdata: 000006a8, insn: 55555537, mode: 3, rs1_addr: 10, rs1_rdata: 80000000, rs2_addr: 21, rs2_rdata: 0fab7ffb, rd_addr: 10, rd_wdata: 55555000, mem_addr: 55555000, mem_rdata: 00000000, mem_wdata: 0fab7ffb
ClkCycle:        478, pc_rdata: 000006a8, pc_wdata: 000006ac, insn: 55550513, mode: 3, rs1_addr: 10, rs1_rdata: 80000000, rs2_addr: 21, rs2_rdata: 0fab7ffb, rd_addr: 10, rd_wdata: 55555555, mem_addr: 55555555, mem_rdata: 00000000, mem_wdata: 0fab7ffb
ClkCycle:        479, pc_rdata: 000006ac, pc_wdata: 000006b0, insn: 00b51513, mode: 3, rs1_addr: 10, rs1_rdata: ffff8000, rs2_addr: 11, rs2_rdata: 00feedbc, rd_addr: 10, rd_wdata: aaaaa800, mem_addr: aaaaa800, mem_rdata: 00000000, mem_wdata: 00feedbc
ClkCycle:        480, pc_rdata: 000006b0, pc_wdata: 000006b4, insn: 2aa50513, mode: 3, rs1_addr: 10, rs1_rdata: 55555000, rs2_addr: 10, rs2_rdata: 55555000, rd_addr: 10, rd_wdata: aaaaaaaa, mem_addr: aaaaaaaa, mem_rdata: 00000000, mem_wdata: aaaaa800
ClkCycle:        481, pc_rdata: 000006b4, pc_wdata: 000006b8, insn: 00b51513, mode: 3, rs1_addr: 10, rs1_rdata: 55555555, rs2_addr: 11, rs2_rdata: 00feedbc, rd_addr: 10, rd_wdata: 55555000, mem_addr: 55555000, mem_rdata: 00000000, mem_wdata: 00feedbc
ClkCycle:        482, pc_rdata: 000006b8, pc_wdata: 000006bc, insn: 55550513, mode: 3, rs1_addr: 10, rs1_rdata: aaaaa800, rs2_addr: 21, rs2_rdata: 0fab7ffb, rd_addr: 10, rd_wdata: 55555555, mem_addr: 55555555, mem_rdata: 00000000, mem_wdata: 0fab7ffb
ClkCycle:        483, pc_rdata: 000006bc, pc_wdata: 000006c0, insn: 00a51513, mode: 3, rs1_addr: 10, rs1_rdata: aaaaaaaa, rs2_addr: 10, rs2_rdata: aaaaaaaa, rd_addr: 10, rd_wdata: 55555400, mem_addr: 55555400, mem_rdata: 00000000, mem_wdata: 55555555
ClkCycle:        484, pc_rdata: 000006c0, pc_wdata: 000006c4, insn: 15550513, mode: 3, rs1_addr: 10, rs1_rdata: 55555000, rs2_addr: 21, rs2_rdata: 0fab7ffb, rd_addr: 10, rd_wdata: 55555555, mem_addr: 55555555, mem_rdata: 00000000, mem_wdata: 0fab7ffb
ClkCycle:        485, pc_rdata: 000006c4, pc_wdata: 000006c6, insn: b823817d, mode: 3, rs1_addr: 10, rs1_rdata: 55555555, rs2_addr: 31, rs2_rdata: 00000000, rd_addr: 10, rd_wdata: aaaaaaaa, mem_addr: aaaaaaaa, mem_rdata: 00000000, mem_wdata: 00000000
ClkCycle:        486, pc_rdata: 000006c6, pc_wdata: 000006ca, insn: b823817d, mode: 3, rs1_addr:  0, rs1_rdata: 00000000, rs2_addr:  0, rs2_rdata: 00000000, rd_addr:  0, rd_wdata: 00000000, mem_addr: 00000000, mem_rdata: 00000000, mem_wdata: 00000000
00000000aaaaaaaa
ClkCycle:        487, pc_rdata: 000006ca, pc_wdata: 000006ce, insn: 0513aaaa, mode: 3, rs1_addr: 21, rs1_rdata: 0fab7ffb, rs2_addr: 10, rs2_rdata: 55555555, rd_addr: 16, rd_wdata: 0fab7aab, mem_addr: 0fab7aab, mem_rdata: 00000000, mem_wdata: aaaaaaaa
ClkCycle:        488, pc_rdata: 000006ce, pc_wdata: 000006d2, insn: 0513aaaa, mode: 3, rs1_addr:  0, rs1_rdata: 00000000, rs2_addr:  0, rs2_rdata: 00000000, rd_addr:  0, rd_wdata: 00000000, mem_addr: 00000000, mem_rdata: 00000000, mem_wdata: 00000000
ClkCycle:        489, pc_rdata: 000006d2, pc_wdata: 000006d6, insn: 051300b5, mode: 3, rs1_addr: 10, rs1_rdata: aaaaaaaa, rs2_addr: 11, rs2_rdata: 00feedbc, rd_addr: 10, rd_wdata: aaaaaab5, mem_addr: aaaaaab5, mem_rdata: 00000000, mem_wdata: 00feedbc
ClkCycle:        490, pc_rdata: 000006d6, pc_wdata: 000006da, insn: 051300b5, mode: 3, rs1_addr:  0, rs1_rdata: 00000000, rs2_addr:  0, rs2_rdata: 00000000, rd_addr:  0, rd_wdata: 00000000, mem_addr: 00000000, mem_rdata: 00000000, mem_wdata: 00000000
ClkCycle:        491, pc_rdata: 000006da, pc_wdata: 000006de, insn: 051300b5, mode: 3, rs1_addr: 10, rs1_rdata: aaaaaaaa, rs2_addr: 11, rs2_rdata: 00feedbc, rd_addr: 10, rd_wdata: aaaaaac0, mem_addr: aaaaaac0, mem_rdata: 00000000, mem_wdata: 00feedbc
ClkCycle:        492, pc_rdata: 000006de, pc_wdata: 000006e2, insn: 051300b5, mode: 3, rs1_addr:  0, rs1_rdata: 00000000, rs2_addr:  0, rs2_rdata: 00000000, rd_addr:  0, rd_wdata: 00000000, mem_addr: 00000000, mem_rdata: 00000000, mem_wdata: 00000000
ClkCycle:        493, pc_rdata: 000006e2, pc_wdata: 000006e6, insn: 051300a5, mode: 3, rs1_addr: 10, rs1_rdata: aaaaaab5, rs2_addr: 10, rs2_rdata: aaaaaab5, rd_addr: 10, rd_wdata: aaaaaaca, mem_addr: aaaaaaca, mem_rdata: 00000000, mem_wdata: aaaaaac0
ClkCycle:        494, pc_rdata: 000006e6, pc_wdata: 000006ea, insn: 051300a5, mode: 3, rs1_addr:  0, rs1_rdata: 00000000, rs2_addr:  0, rs2_rdata: 00000000, rd_addr:  0, rd_wdata: 00000000, mem_addr: 00000000, mem_rdata: 00000000, mem_wdata: 00000000
ClkCycle:        495, pc_rdata: 000006ea, pc_wdata: 000006ee, insn: 2ea0bc23, mode: 3, rs1_addr:  6, rs1_rdata: 1fddb7f7, rs2_addr:  2, rs2_rdata: 7fffdfff, rd_addr: 10, rd_wdata: 1fddb3b9, mem_addr: 1fddb3b9, mem_rdata: 00000000, mem_wdata: 7fffdfff
ClkCycle:        496, pc_rdata: 000006ee, pc_wdata: 000006f2, insn: 2ea0bc23, mode: 3, rs1_addr:  0, rs1_rdata: 00000000, rs2_addr:  0, rs2_rdata: 00000000, rd_addr:  0, rd_wdata: 00000000, mem_addr: 00000000, mem_rdata: 00000000, mem_wdata: 00000000
ClkCycle:        497, pc_rdata: 000006f2, pc_wdata: 000006f4, insn: b0238131, mode: 3, rs1_addr:  2, rs1_rdata: 7fffdfff, rs2_addr: 24, rs2_rdata: 0000007d, rd_addr:  8, rd_wdata: 7fffe357, mem_addr: 7fffe357, mem_rdata: 00000000, mem_wdata: 0000007d
ClkCycle:        498, pc_rdata: 000006f4, pc_wdata: 000006f6, insn: b0238131, mode: 3, rs1_addr: 10, rs1_rdata: 1fddb3b9, rs2_addr: 12, rs2_rdata: fbffff02, rd_addr: 10, rd_wdata: 0011fddb, mem_addr: 0011fddb, mem_rdata: 00000000, mem_wdata: fbffff02
ClkCycle:        499, pc_rdata: 000006f6, pc_wdata: 000006fa, insn: b0238131, mode: 3, rs1_addr:  0, rs1_rdata: 00000000, rs2_addr:  0, rs2_rdata: 00000000, rd_addr:  0, rd_wdata: 00000000, mem_addr: 00000000, mem_rdata: 00000000, mem_wdata: 00000000
000003eadffeffff
ClkCycle:        500, pc_rdata: 000006fa, pc_wdata: 000006fe, insn: 05133333, mode: 3, rs1_addr:  7, rs1_rdata: 003fbb6f, rs2_addr: 19, rs2_rdata: dffeffff, rd_addr:  0, rd_wdata: 003fbe8f, mem_addr: 003fbe8f, mem_rdata: 00000000, mem_wdata: dffeffff
ClkCycle:        501, pc_rdata: 000006fe, pc_wdata: 00000702, insn: 05133333, mode: 3, rs1_addr:  0, rs1_rdata: 00000000, rs2_addr:  0, rs2_rdata: 00000000, rd_addr:  0, rd_wdata: 00000000, mem_addr: 00000000, mem_rdata: 00000000, mem_wdata: 00000000
ClkCycle:        502, pc_rdata: 00000702, pc_wdata: 00000706, insn: 051300b5, mode: 3, rs1_addr: 10, rs1_rdata: 0011fddb, rs2_addr: 11, rs2_rdata: 00feedbc, rd_addr: 10, rd_wdata: 0011fde6, mem_addr: 0011fde6, mem_rdata: 00000000, mem_wdata: 00feedbc
ClkCycle:        503, pc_rdata: 00000706, pc_wdata: 0000070a, insn: 051300b5, mode: 3, rs1_addr:  0, rs1_rdata: 00000000, rs2_addr:  0, rs2_rdata: 00000000, rd_addr:  0, rd_wdata: 00000000, mem_addr: 00000000, mem_rdata: 00000000, mem_wdata: 00000000
ClkCycle:        504, pc_rdata: 0000070a, pc_wdata: 0000070e, insn: 051300b5, mode: 3, rs1_addr: 10, rs1_rdata: 0011fddb, rs2_addr: 11, rs2_rdata: 00feedbc, rd_addr: 10, rd_wdata: 0011fdf1, mem_addr: 0011fdf1, mem_rdata: 00000000, mem_wdata: 00feedbc
ClkCycle:        505, pc_rdata: 0000070e, pc_wdata: 00000712, insn: 051300b5, mode: 3, rs1_addr:  0, rs1_rdata: 00000000, rs2_addr:  0, rs2_rdata: 00000000, rd_addr:  0, rd_wdata: 00000000, mem_addr: 00000000, mem_rdata: 00000000, mem_wdata: 00000000
ClkCycle:        506, pc_rdata: 00000712, pc_wdata: 00000716, insn: 051300a5, mode: 3, rs1_addr: 10, rs1_rdata: 0011fde6, rs2_addr: 10, rs2_rdata: 0011fde6, rd_addr: 10, rd_wdata: 0011fdfb, mem_addr: 0011fdfb, mem_rdata: 00000000, mem_wdata: 0011fdf1
ClkCycle:        507, pc_rdata: 00000716, pc_wdata: 0000071a, insn: 051300a5, mode: 3, rs1_addr:  0, rs1_rdata: 00000000, rs2_addr:  0, rs2_rdata: 00000000, rd_addr:  0, rd_wdata: 00000000, mem_addr: 00000000, mem_rdata: 00000000, mem_wdata: 00000000
ClkCycle:        508, pc_rdata: 0000071a, pc_wdata: 0000071e, insn: 30a0b423, mode: 3, rs1_addr:  6, rs1_rdata: 1fddb7f7, rs2_addr:  2, rs2_rdata: 7fffdfff, rd_addr: 10, rd_wdata: 1fddb339, mem_addr: 1fddb339, mem_rdata: 00000000, mem_wdata: 7fffdfff
ClkCycle:        509, pc_rdata: 0000071e, pc_wdata: 00000722, insn: 30a0b423, mode: 3, rs1_addr:  0, rs1_rdata: 00000000, rs2_addr:  0, rs2_rdata: 00000000, rd_addr:  0, rd_wdata: 00000000, mem_addr: 00000000, mem_rdata: 00000000, mem_wdata: 00000000
ClkCycle:        510, pc_rdata: 00000722, pc_wdata: 00000724, insn: 66650513, mode: 3, rs1_addr:  2, rs1_rdata: 7fffdfff, rs2_addr:  8, rs2_rdata: 7fffe357, rd_addr:  8, rd_wdata: 7fffe067, mem_addr: 7fffe067, mem_rdata: 00000000, mem_wdata: 7fffe357
ClkCycle:        511, pc_rdata: 00000724, pc_wdata: 00000728, insn: 66650513, mode: 3, rs1_addr: 10, rs1_rdata: 1fddb339, rs2_addr:  6, rs2_rdata: 1fddb7f7, rd_addr: 10, rd_wdata: 1fddb99f, mem_addr: 1fddb99f, mem_rdata: 00000000, mem_wdata: 1fddb7f7
ClkCycle:        512, pc_rdata: 00000728, pc_wdata: 0000072c, insn: 00b51513, mode: 3, rs1_addr: 10, rs1_rdata: 1fddb339, rs2_addr: 11, rs2_rdata: 00feedbc, rd_addr: 10, rd_wdata: edccf800, mem_addr: edccf800, mem_rdata: 00000000, mem_wdata: 00feedbc
ClkCycle:        513, pc_rdata: 0000072c, pc_wdata: 00000730, insn: 33350513, mode: 3, rs1_addr: 10, rs1_rdata: 1fddb339, rs2_addr: 19, rs2_rdata: dffeffff, rd_addr: 10, rd_wdata: edccfb33, mem_addr: edccfb33, mem_rdata: 00000000, mem_wdata: dffeffff
ClkCycle:        514, pc_rdata: 00000730, pc_wdata: 00000734, insn: 00b51513, mode: 3, rs1_addr: 10, rs1_rdata: 1fddb99f, rs2_addr: 11, rs2_rdata: 00feedbc, rd_addr: 10, rd_wdata: 67d99800, mem_addr: 67d99800, mem_rdata: 00000000, mem_wdata: 00feedbc
ClkCycle:        515, pc_rdata: 00000734, pc_wdata: 00000738, insn: 19950513, mode: 3, rs1_addr: 10, rs1_rdata: edccf800, rs2_addr: 25, rs2_rdata: 00000000, rd_addr: 10, rd_wdata: 67d99999, mem_addr: 67d99999, mem_rdata: 00000000, mem_wdata: 00000000
ClkCycle:        516, pc_rdata: 00000738, pc_wdata: 0000073c, insn: 00a51513, mode: 3, rs1_addr: 10, rs1_rdata: edccfb33, rs2_addr: 10, rs2_rdata: edccfb33, rd_addr: 10, rd_wdata: 66666400, mem_addr: 66666400, mem_rdata: 00000000, mem_wdata: 67d99999
ClkCycle:        517, pc_rdata: 0000073c, pc_wdata: 00000740, insn: 26650513, mode: 3, rs1_addr: 10, rs1_rdata: 67d99800, rs2_addr:  6, rs2_rdata: 1fddb7f7, rd_addr: 10, rd_wdata: 66666666, mem_addr: 66666666, mem_rdata: 00000000, mem_wdata: 1fddb7f7
ClkCycle:        518, pc_rdata: 00000740, pc_wdata: 00000742, insn: b823812d, mode: 3, rs1_addr: 10, rs1_rdata: 67d99999, rs2_addr: 11, rs2_rdata: 00feedbc, rd_addr: 10, rd_wdata: 33eccccc, mem_addr: 33eccccc, mem_rdata: 00000000, mem_wdata: 00feedbc
ClkCycle:        519, pc_rdata: 00000742, pc_wdata: 00000746, insn: b823812d, mode: 3, rs1_addr:  0, rs1_rdata: 00000000, rs2_addr:  0, rs2_rdata: 00000000, rd_addr:  0, rd_wdata: 00000000, mem_addr: 00000000, mem_rdata: 00000000, mem_wdata: 00000000
0000000000000000
ClkCycle:        520, pc_rdata: 00000746, pc_wdata: 0000074a, insn: 05130000, mode: 3, rs1_addr:  1, rs1_rdata: 00003118, rs2_addr:  0, rs2_rdata: 00000000, rd_addr: 16, rd_wdata: 00003128, mem_addr: 00003128, mem_rdata: 00000000, mem_wdata: 00000000
ClkCycle:        521, pc_rdata: 0000074a, pc_wdata: 0000074e, insn: 05130000, mode: 3, rs1_addr:  0, rs1_rdata: 00000000, rs2_addr:  0, rs2_rdata: 00000000, rd_addr:  0, rd_wdata: 00000000, mem_addr: 00000000, mem_rdata: 00000000, mem_wdata: 00000000
ClkCycle:        522, pc_rdata: 0000074e, pc_wdata: 00000752, insn: 051300b5, mode: 3, rs1_addr: 10, rs1_rdata: 33eccccc, rs2_addr: 11, rs2_rdata: 00feedbc, rd_addr: 10, rd_wdata: 33ecccd7, mem_addr: 33ecccd7, mem_rdata: 00000000, mem_wdata: 00feedbc
ClkCycle:        523, pc_rdata: 00000752, pc_wdata: 00000756, insn: 051300b5, mode: 3, rs1_addr:  0, rs1_rdata: 00000000, rs2_addr:  0, rs2_rdata: 00000000, rd_addr:  0, rd_wdata: 00000000, mem_addr: 00000000, mem_rdata: 00000000, mem_wdata: 00000000
ClkCycle:        524, pc_rdata: 00000756, pc_wdata: 0000075a, insn: 051300b5, mode: 3, rs1_addr: 10, rs1_rdata: 33eccccc, rs2_addr: 11, rs2_rdata: 00feedbc, rd_addr: 10, rd_wdata: 33eccce2, mem_addr: 33eccce2, mem_rdata: 00000000, mem_wdata: 00feedbc
ClkCycle:        525, pc_rdata: 0000075a, pc_wdata: 0000075e, insn: 051300b5, mode: 3, rs1_addr:  0, rs1_rdata: 00000000, rs2_addr:  0, rs2_rdata: 00000000, rd_addr:  0, rd_wdata: 00000000, mem_addr: 00000000, mem_rdata: 00000000, mem_wdata: 00000000
ClkCycle:        526, pc_rdata: 0000075e, pc_wdata: 00000762, insn: 051300a5, mode: 3, rs1_addr: 10, rs1_rdata: 33ecccd7, rs2_addr: 10, rs2_rdata: 33ecccd7, rd_addr: 10, rd_wdata: 33ecccec, mem_addr: 33ecccec, mem_rdata: 00000000, mem_wdata: 33eccce2
ClkCycle:        527, pc_rdata: 00000762, pc_wdata: 00000766, insn: 051300a5, mode: 3, rs1_addr:  0, rs1_rdata: 00000000, rs2_addr:  0, rs2_rdata: 00000000, rd_addr:  0, rd_wdata: 00000000, mem_addr: 00000000, mem_rdata: 00000000, mem_wdata: 00000000
ClkCycle:        528, pc_rdata: 00000766, pc_wdata: 0000076a, insn: 30a0bc23, mode: 3, rs1_addr:  6, rs1_rdata: 1fddb7f7, rs2_addr:  2, rs2_rdata: 7fffdfff, rd_addr: 10, rd_wdata: 1fddb3b9, mem_addr: 1fddb3b9, mem_rdata: 00000000, mem_wdata: 7fffdfff
ClkCycle:        529, pc_rdata: 0000076a, pc_wdata: 0000076e, insn: 30a0bc23, mode: 3, rs1_addr:  0, rs1_rdata: 00000000, rs2_addr:  0, rs2_rdata: 00000000, rd_addr:  0, rd_wdata: 00000000, mem_addr: 00000000, mem_rdata: 00000000, mem_wdata: 00000000
ClkCycle:        530, pc_rdata: 0000076e, pc_wdata: 00000770, insn: 00050513, mode: 3, rs1_addr:  2, rs1_rdata: 7fffdfff, rs2_addr:  8, rs2_rdata: 7fffe067, rd_addr:  8, rd_wdata: 7fffe067, mem_addr: 7fffe067, mem_rdata: 00000000, mem_wdata: 7fffe067
ClkCycle:        531, pc_rdata: 00000770, pc_wdata: 00000774, insn: 00050513, mode: 3, rs1_addr: 10, rs1_rdata: 1fddb3b9, rs2_addr:  0, rs2_rdata: 00000000, rd_addr: 10, rd_wdata: 1fddb3b9, mem_addr: 1fddb3b9, mem_rdata: 00000000, mem_wdata: 00000000
ClkCycle:        532, pc_rdata: 00000774, pc_wdata: 00000778, insn: 00b51513, mode: 3, rs1_addr: 10, rs1_rdata: 1fddb3b9, rs2_addr: 11, rs2_rdata: 00feedbc, rd_addr: 10, rd_wdata: ed9dc800, mem_addr: ed9dc800, mem_rdata: 00000000, mem_wdata: 00feedbc
ClkCycle:        533, pc_rdata: 00000778, pc_wdata: 0000077c, insn: 5a850513, mode: 3, rs1_addr: 10, rs1_rdata: 1fddb3b9, rs2_addr:  8, rs2_rdata: 7fffe067, rd_addr: 10, rd_wdata: ed9dcda8, mem_addr: ed9dcda8, mem_rdata: 00000000, mem_wdata: 7fffe067
ClkCycle:        534, pc_rdata: 0000077c, pc_wdata: 00000780, insn: 00b51513, mode: 3, rs1_addr: 10, rs1_rdata: 1fddb3b9, rs2_addr: 11, rs2_rdata: 00feedbc, rd_addr: 10, rd_wdata: ee6d4000, mem_addr: ee6d4000, mem_rdata: 00000000, mem_wdata: 00feedbc
ClkCycle:        535, pc_rdata: 00000780, pc_wdata: 00000784, insn: 13c50513, mode: 3, rs1_addr: 10, rs1_rdata: ed9dc800, rs2_addr: 28, rs2_rdata: 00000000, rd_addr: 10, rd_wdata: ee6d413c, mem_addr: ee6d413c, mem_rdata: 00000000, mem_wdata: 00000000
ClkCycle:        536, pc_rdata: 00000784, pc_wdata: 00000788, insn: 00a51513, mode: 3, rs1_addr: 10, rs1_rdata: ed9dcda8, rs2_addr: 10, rs2_rdata: ed9dcda8, rd_addr: 10, rd_wdata: b504f000, mem_addr: b504f000, mem_rdata: 00000000, mem_wdata: ee6d413c
ClkCycle:        537, pc_rdata: 00000788, pc_wdata: 0000078c, insn: 33350513, mode: 3, rs1_addr: 10, rs1_rdata: ee6d4000, rs2_addr: 19, rs2_rdata: dffeffff, rd_addr: 10, rd_wdata: b504f333, mem_addr: b504f333, mem_rdata: 00000000, mem_wdata: dffeffff
ClkCycle:        538, pc_rdata: 0000078c, pc_wdata: 0000078e, insn: b023811d, mode: 3, rs1_addr: 10, rs1_rdata: ee6d413c, rs2_addr:  7, rs2_rdata: 003fbb6f, rd_addr: 10, rd_wdata: 736a09e6, mem_addr: 736a09e6, mem_rdata: 00000000, mem_wdata: 003fbb6f
ClkCycle:        539, pc_rdata: 0000078e, pc_wdata: 00000792, insn: b023811d, mode: 3, rs1_addr:  0, rs1_rdata: 00000000, rs2_addr:  0, rs2_rdata: 00000000, rd_addr:  0, rd_wdata: 00000000, mem_addr: 00000000, mem_rdata: 00000000, mem_wdata: 00000000
000000000fab7ffb
ClkCycle:        540, pc_rdata: 00000792, pc_wdata: 00000796, insn: 05135555, mode: 3, rs1_addr: 11, rs1_rdata: 00feedbc, rs2_addr: 21, rs2_rdata: 0fab7ffb, rd_addr:  0, rd_wdata: 00fef2fc, mem_addr: 00fef2fc, mem_rdata: 00000000, mem_wdata: 0fab7ffb
ClkCycle:        541, pc_rdata: 00000796, pc_wdata: 0000079a, insn: 05135555, mode: 3, rs1_addr:  0, rs1_rdata: 00000000, rs2_addr:  0, rs2_rdata: 00000000, rd_addr:  0, rd_wdata: 00000000, mem_addr: 00000000, mem_rdata: 00000000, mem_wdata: 00000000
ClkCycle:        542, pc_rdata: 0000079a, pc_wdata: 0000079e, insn: 051300b5, mode: 3, rs1_addr: 10, rs1_rdata: 736a09e6, rs2_addr: 11, rs2_rdata: 00feedbc, rd_addr: 10, rd_wdata: 736a09f1, mem_addr: 736a09f1, mem_rdata: 00000000, mem_wdata: 00feedbc
ClkCycle:        543, pc_rdata: 0000079e, pc_wdata: 000007a2, insn: 051300b5, mode: 3, rs1_addr:  0, rs1_rdata: 00000000, rs2_addr:  0, rs2_rdata: 00000000, rd_addr:  0, rd_wdata: 00000000, mem_addr: 00000000, mem_rdata: 00000000, mem_wdata: 00000000
ClkCycle:        544, pc_rdata: 000007a2, pc_wdata: 000007a6, insn: 051300b5, mode: 3, rs1_addr: 10, rs1_rdata: 736a09e6, rs2_addr: 11, rs2_rdata: 00feedbc, rd_addr: 10, rd_wdata: 736a09fc, mem_addr: 736a09fc, mem_rdata: 00000000, mem_wdata: 00feedbc
ClkCycle:        545, pc_rdata: 000007a6, pc_wdata: 000007aa, insn: 051300b5, mode: 3, rs1_addr:  0, rs1_rdata: 00000000, rs2_addr:  0, rs2_rdata: 00000000, rd_addr:  0, rd_wdata: 00000000, mem_addr: 00000000, mem_rdata: 00000000, mem_wdata: 00000000
ClkCycle:        546, pc_rdata: 000007aa, pc_wdata: 000007ae, insn: 051300a5, mode: 3, rs1_addr: 10, rs1_rdata: 736a09f1, rs2_addr: 10, rs2_rdata: 736a09f1, rd_addr: 10, rd_wdata: 736a0a06, mem_addr: 736a0a06, mem_rdata: 00000000, mem_wdata: 736a09fc
ClkCycle:        547, pc_rdata: 000007ae, pc_wdata: 000007b2, insn: 051300a5, mode: 3, rs1_addr:  0, rs1_rdata: 00000000, rs2_addr:  0, rs2_rdata: 00000000, rd_addr:  0, rd_wdata: 00000000, mem_addr: 00000000, mem_rdata: 00000000, mem_wdata: 00000000
ClkCycle:        548, pc_rdata: 000007b2, pc_wdata: 000007b6, insn: 32a0b423, mode: 3, rs1_addr:  6, rs1_rdata: 1fddb7f7, rs2_addr:  2, rs2_rdata: 7fffdfff, rd_addr: 10, rd_wdata: 1fddb339, mem_addr: 1fddb339, mem_rdata: 00000000, mem_wdata: 7fffdfff
ClkCycle:        549, pc_rdata: 000007b6, pc_wdata: 000007ba, insn: 32a0b423, mode: 3, rs1_addr:  0, rs1_rdata: 00000000, rs2_addr:  0, rs2_rdata: 00000000, rd_addr:  0, rd_wdata: 00000000, mem_addr: 00000000, mem_rdata: 00000000, mem_wdata: 00000000
ClkCycle:        550, pc_rdata: 000007ba, pc_wdata: 000007bc, insn: 33350513, mode: 3, rs1_addr:  2, rs1_rdata: 7fffdfff, rs2_addr:  8, rs2_rdata: 7fffe067, rd_addr:  8, rd_wdata: 7fffe167, mem_addr: 7fffe167, mem_rdata: 00000000, mem_wdata: 7fffe067
ClkCycle:        551, pc_rdata: 000007bc, pc_wdata: 000007c0, insn: 33350513, mode: 3, rs1_addr: 10, rs1_rdata: 1fddb339, rs2_addr: 19, rs2_rdata: dffeffff, rd_addr: 10, rd_wdata: 1fddb66c, mem_addr: 1fddb66c, mem_rdata: 00000000, mem_wdata: dffeffff
ClkCycle:        552, pc_rdata: 000007c0, pc_wdata: 000007c4, insn: 00b51513, mode: 3, rs1_addr: 10, rs1_rdata: 1fddb339, rs2_addr: 11, rs2_rdata: 00feedbc, rd_addr: 10, rd_wdata: edb36000, mem_addr: edb36000, mem_rdata: 00000000, mem_wdata: 00feedbc
ClkCycle:        553, pc_rdata: 000007c4, pc_wdata: 000007c8, insn: 19950513, mode: 3, rs1_addr: 10, rs1_rdata: 1fddb339, rs2_addr: 25, rs2_rdata: 00000000, rd_addr: 10, rd_wdata: edb36199, mem_addr: edb36199, mem_rdata: 00000000, mem_wdata: 00000000
ClkCycle:        554, pc_rdata: 000007c8, pc_wdata: 000007cc, insn: 00b51513, mode: 3, rs1_addr: 10, rs1_rdata: 1fddb66c, rs2_addr: 11, rs2_rdata: 00feedbc, rd_addr: 10, rd_wdata: 9b0cc800, mem_addr: 9b0cc800, mem_rdata: 00000000, mem_wdata: 00feedbc
ClkCycle:        555, pc_rdata: 000007cc, pc_wdata: 000007d0, insn: 4cc50513, mode: 3, rs1_addr: 10, rs1_rdata: edb36000, rs2_addr: 12, rs2_rdata: fbffff02, rd_addr: 10, rd_wdata: 9b0ccccc, mem_addr: 9b0ccccc, mem_rdata: 00000000, mem_wdata: fbffff02
ClkCycle:        556, pc_rdata: 000007d0, pc_wdata: 000007d4, insn: 00a51513, mode: 3, rs1_addr: 10, rs1_rdata: edb36199, rs2_addr: 10, rs2_rdata: edb36199, rd_addr: 10, rd_wdata: 33333000, mem_addr: 33333000, mem_rdata: 00000000, mem_wdata: 9b0ccccc
ClkCycle:        557, pc_rdata: 000007d4, pc_wdata: 000007d8, insn: 33250513, mode: 3, rs1_addr: 10, rs1_rdata: 9b0cc800, rs2_addr: 18, rs2_rdata: ff7fffff, rd_addr: 10, rd_wdata: 33333332, mem_addr: 33333332, mem_rdata: 00000000, mem_wdata: ff7fffff
ClkCycle:        558, pc_rdata: 000007d8, pc_wdata: 000007da, insn: b8238105, mode: 3, rs1_addr: 10, rs1_rdata: 9b0ccccc, rs2_addr:  1, rs2_rdata: 00003118, rd_addr: 10, rd_wdata: 19999999, mem_addr: 19999999, mem_rdata: 00000000, mem_wdata: 00003118
ClkCycle:        559, pc_rdata: 000007da, pc_wdata: 000007de, insn: b8238105, mode: 3, rs1_addr:  0, rs1_rdata: 00000000, rs2_addr:  0, rs2_rdata: 00000000, rd_addr:  0, rd_wdata: 00000000, mem_addr: 00000000, mem_rdata: 00000000, mem_wdata: 00000000
000000001fddb7f7
ClkCycle:        560, pc_rdata: 000007de, pc_wdata: 000007e2, insn: 05136666, mode: 3, rs1_addr: 13, rs1_rdata: 1fff7fff, rs2_addr:  6, rs2_rdata: 1fddb7f7, rd_addr: 16, rd_wdata: 1fff866f, mem_addr: 1fff866f, mem_rdata: 00000000, mem_wdata: 1fddb7f7
ClkCycle:        561, pc_rdata: 000007e2, pc_wdata: 000007e6, insn: 05136666, mode: 3, rs1_addr:  0, rs1_rdata: 00000000, rs2_addr:  0, rs2_rdata: 00000000, rd_addr:  0, rd_wdata: 00000000, mem_addr: 00000000, mem_rdata: 00000000, mem_wdata: 00000000
ClkCycle:        562, pc_rdata: 000007e6, pc_wdata: 000007ea, insn: 051300b5, mode: 3, rs1_addr: 10, rs1_rdata: 19999999, rs2_addr: 11, rs2_rdata: 00feedbc, rd_addr: 10, rd_wdata: 199999a4, mem_addr: 199999a4, mem_rdata: 00000000, mem_wdata: 00feedbc
ClkCycle:        563, pc_rdata: 000007ea, pc_wdata: 000007ee, insn: 051300b5, mode: 3, rs1_addr:  0, rs1_rdata: 00000000, rs2_addr:  0, rs2_rdata: 00000000, rd_addr:  0, rd_wdata: 00000000, mem_addr: 00000000, mem_rdata: 00000000, mem_wdata: 00000000
ClkCycle:        564, pc_rdata: 000007ee, pc_wdata: 000007f2, insn: 051300b5, mode: 3, rs1_addr: 10, rs1_rdata: 19999999, rs2_addr: 11, rs2_rdata: 00feedbc, rd_addr: 10, rd_wdata: 199999af, mem_addr: 199999af, mem_rdata: 00000000, mem_wdata: 00feedbc
ClkCycle:        565, pc_rdata: 000007f2, pc_wdata: 000007f6, insn: 051300b5, mode: 3, rs1_addr:  0, rs1_rdata: 00000000, rs2_addr:  0, rs2_rdata: 00000000, rd_addr:  0, rd_wdata: 00000000, mem_addr: 00000000, mem_rdata: 00000000, mem_wdata: 00000000
ClkCycle:        566, pc_rdata: 000007f6, pc_wdata: 000007fa, insn: 051300a5, mode: 3, rs1_addr: 10, rs1_rdata: 199999a4, rs2_addr: 10, rs2_rdata: 199999a4, rd_addr: 10, rd_wdata: 199999b9, mem_addr: 199999b9, mem_rdata: 00000000, mem_wdata: 199999af
ClkCycle:        567, pc_rdata: 000007fa, pc_wdata: 000007fe, insn: 051300a5, mode: 3, rs1_addr:  0, rs1_rdata: 00000000, rs2_addr:  0, rs2_rdata: 00000000, rd_addr:  0, rd_wdata: 00000000, mem_addr: 00000000, mem_rdata: 00000000, mem_wdata: 00000000
ClkCycle:        568, pc_rdata: 000007fe, pc_wdata: 00000802, insn: 32a0bc23, mode: 3, rs1_addr:  6, rs1_rdata: 1fddb7f7, rs2_addr:  2, rs2_rdata: 7fffdfff, rd_addr: 10, rd_wdata: 1fddb3b9, mem_addr: 1fddb3b9, mem_rdata: 00000000, mem_wdata: 7fffdfff
ClkCycle:        569, pc_rdata: 00000802, pc_wdata: 00000806, insn: 32a0bc23, mode: 3, rs1_addr:  0, rs1_rdata: 00000000, rs2_addr:  0, rs2_rdata: 00000000, rd_addr:  0, rd_wdata: 00000000, mem_addr: 00000000, mem_rdata: 00000000, mem_wdata: 00000000
ClkCycle:        570, pc_rdata: 00000806, pc_wdata: 00000808, insn: 00050513, mode: 3, rs1_addr:  2, rs1_rdata: 7fffdfff, rs2_addr:  8, rs2_rdata: 7fffe167, rd_addr:  8, rd_wdata: 7fffe167, mem_addr: 7fffe167, mem_rdata: 00000000, mem_wdata: 7fffe167
ClkCycle:        571, pc_rdata: 00000808, pc_wdata: 0000080c, insn: 00050513, mode: 3, rs1_addr: 10, rs1_rdata: 1fddb3b9, rs2_addr:  0, rs2_rdata: 00000000, rd_addr: 10, rd_wdata: 1fddb3b9, mem_addr: 1fddb3b9, mem_rdata: 00000000, mem_wdata: 00000000
ClkCycle:        572, pc_rdata: 0000080c, pc_wdata: 00000810, insn: 00b51513, mode: 3, rs1_addr: 10, rs1_rdata: 1fddb3b9, rs2_addr: 11, rs2_rdata: 00feedbc, rd_addr: 10, rd_wdata: ed9dc800, mem_addr: ed9dc800, mem_rdata: 00000000, mem_wdata: 00feedbc
ClkCycle:        573, pc_rdata: 00000810, pc_wdata: 00000814, insn: 5a850513, mode: 3, rs1_addr: 10, rs1_rdata: 1fddb3b9, rs2_addr:  8, rs2_rdata: 7fffe167, rd_addr: 10, rd_wdata: ed9dcda8, mem_addr: ed9dcda8, mem_rdata: 00000000, mem_wdata: 7fffe167
ClkCycle:        574, pc_rdata: 00000814, pc_wdata: 00000818, insn: 00b51513, mode: 3, rs1_addr: 10, rs1_rdata: 1fddb3b9, rs2_addr: 11, rs2_rdata: 00feedbc, rd_addr: 10, rd_wdata: ee6d4000, mem_addr: ee6d4000, mem_rdata: 00000000, mem_wdata: 00feedbc
ClkCycle:        575, pc_rdata: 00000818, pc_wdata: 0000081c, insn: 13c50513, mode: 3, rs1_addr: 10, rs1_rdata: ed9dc800, rs2_addr: 28, rs2_rdata: 00000000, rd_addr: 10, rd_wdata: ee6d413c, mem_addr: ee6d413c, mem_rdata: 00000000, mem_wdata: 00000000
ClkCycle:        576, pc_rdata: 0000081c, pc_wdata: 00000820, insn: 00a51513, mode: 3, rs1_addr: 10, rs1_rdata: ed9dcda8, rs2_addr: 10, rs2_rdata: ed9dcda8, rd_addr: 10, rd_wdata: b504f000, mem_addr: b504f000, mem_rdata: 00000000, mem_wdata: ee6d413c
ClkCycle:        577, pc_rdata: 00000820, pc_wdata: 00000824, insn: 33250513, mode: 3, rs1_addr: 10, rs1_rdata: ee6d4000, rs2_addr: 18, rs2_rdata: ff7fffff, rd_addr: 10, rd_wdata: b504f332, mem_addr: b504f332, mem_rdata: 00000000, mem_wdata: ff7fffff
ClkCycle:        578, pc_rdata: 00000824, pc_wdata: 00000826, insn: b0238129, mode: 3, rs1_addr: 10, rs1_rdata: ee6d413c, rs2_addr: 10, rs2_rdata: ee6d413c, rd_addr: 10, rd_wdata: ee6d413c, mem_addr: ee6d413c, mem_rdata: 00000000, mem_wdata: b504f332
ClkCycle:        579, pc_rdata: 00000826, pc_wdata: 0000082a, insn: b0238129, mode: 3, rs1_addr:  0, rs1_rdata: 00000000, rs2_addr:  0, rs2_rdata: 00000000, rd_addr:  0, rd_wdata: 00000000, mem_addr: 00000000, mem_rdata: 00000000, mem_wdata: 00000000
000000000fab7ffb
ClkCycle:        580, pc_rdata: 0000082a, pc_wdata: 0000082e, insn: 05135555, mode: 3, rs1_addr: 11, rs1_rdata: 00feedbc, rs2_addr: 21, rs2_rdata: 0fab7ffb, rd_addr:  0, rd_wdata: 00fef2fc, mem_addr: 00fef2fc, mem_rdata: 00000000, mem_wdata: 0fab7ffb
ClkCycle:        581, pc_rdata: 0000082e, pc_wdata: 00000832, insn: 05135555, mode: 3, rs1_addr:  0, rs1_rdata: 00000000, rs2_addr:  0, rs2_rdata: 00000000, rd_addr:  0, rd_wdata: 00000000, mem_addr: 00000000, mem_rdata: 00000000, mem_wdata: 00000000
ClkCycle:        582, pc_rdata: 00000832, pc_wdata: 00000836, insn: 051300b5, mode: 3, rs1_addr: 10, rs1_rdata: ee6d413c, rs2_addr: 11, rs2_rdata: 00feedbc, rd_addr: 10, rd_wdata: ee6d4147, mem_addr: ee6d4147, mem_rdata: 00000000, mem_wdata: 00feedbc
ClkCycle:        583, pc_rdata: 00000836, pc_wdata: 0000083a, insn: 051300b5, mode: 3, rs1_addr:  0, rs1_rdata: 00000000, rs2_addr:  0, rs2_rdata: 00000000, rd_addr:  0, rd_wdata: 00000000, mem_addr: 00000000, mem_rdata: 00000000, mem_wdata: 00000000
ClkCycle:        584, pc_rdata: 0000083a, pc_wdata: 0000083e, insn: 051300b5, mode: 3, rs1_addr: 10, rs1_rdata: ee6d413c, rs2_addr: 11, rs2_rdata: 00feedbc, rd_addr: 10, rd_wdata: ee6d4152, mem_addr: ee6d4152, mem_rdata: 00000000, mem_wdata: 00feedbc
ClkCycle:        585, pc_rdata: 0000083e, pc_wdata: 00000842, insn: 051300b5, mode: 3, rs1_addr:  0, rs1_rdata: 00000000, rs2_addr:  0, rs2_rdata: 00000000, rd_addr:  0, rd_wdata: 00000000, mem_addr: 00000000, mem_rdata: 00000000, mem_wdata: 00000000
ClkCycle:        586, pc_rdata: 00000842, pc_wdata: 00000846, insn: 051300a5, mode: 3, rs1_addr: 10, rs1_rdata: ee6d4147, rs2_addr: 10, rs2_rdata: ee6d4147, rd_addr: 10, rd_wdata: ee6d415c, mem_addr: ee6d415c, mem_rdata: 00000000, mem_wdata: ee6d4152
ClkCycle:        587, pc_rdata: 00000846, pc_wdata: 0000084a, insn: 051300a5, mode: 3, rs1_addr:  0, rs1_rdata: 00000000, rs2_addr:  0, rs2_rdata: 00000000, rd_addr:  0, rd_wdata: 00000000, mem_addr: 00000000, mem_rdata: 00000000, mem_wdata: 00000000
ClkCycle:        588, pc_rdata: 0000084a, pc_wdata: 0000084e, insn: 34a0b423, mode: 3, rs1_addr:  6, rs1_rdata: 1fddb7f7, rs2_addr:  2, rs2_rdata: 7fffdfff, rd_addr: 10, rd_wdata: 1fddb339, mem_addr: 1fddb339, mem_rdata: 00000000, mem_wdata: 7fffdfff
ClkCycle:        589, pc_rdata: 0000084e, pc_wdata: 00000852, insn: 34a0b423, mode: 3, rs1_addr:  0, rs1_rdata: 00000000, rs2_addr:  0, rs2_rdata: 00000000, rd_addr:  0, rd_wdata: 00000000, mem_addr: 00000000, mem_rdata: 00000000, mem_wdata: 00000000
ClkCycle:        590, pc_rdata: 00000852, pc_wdata: 00000854, insn: aaa50513, mode: 3, rs1_addr:  2, rs1_rdata: 7fffdfff, rs2_addr:  8, rs2_rdata: 7fffe167, rd_addr:  8, rd_wdata: 7fffe267, mem_addr: 7fffe267, mem_rdata: 00000000, mem_wdata: 7fffe167
ClkCycle:        591, pc_rdata: 00000854, pc_wdata: 00000858, insn: aaa50513, mode: 3, rs1_addr: 10, rs1_rdata: 1fddb339, rs2_addr: 10, rs2_rdata: 1fddb339, rd_addr: 10, rd_wdata: 1fddade3, mem_addr: 1fddade3, mem_rdata: 00000000, mem_wdata: 1fddb339
ClkCycle:        592, pc_rdata: 00000858, pc_wdata: 0000085c, insn: 00b51513, mode: 3, rs1_addr: 10, rs1_rdata: 1fddb339, rs2_addr: 11, rs2_rdata: 00feedbc, rd_addr: 10, rd_wdata: ed6f1800, mem_addr: ed6f1800, mem_rdata: 00000000, mem_wdata: 00feedbc
ClkCycle:        593, pc_rdata: 0000085c, pc_wdata: 00000860, insn: 55550513, mode: 3, rs1_addr: 10, rs1_rdata: 1fddb339, rs2_addr: 21, rs2_rdata: 0fab7ffb, rd_addr: 10, rd_wdata: ed6f1d55, mem_addr: ed6f1d55, mem_rdata: 00000000, mem_wdata: 0fab7ffb
ClkCycle:        594, pc_rdata: 00000860, pc_wdata: 00000864, insn: 00b51513, mode: 3, rs1_addr: 10, rs1_rdata: 1fddade3, rs2_addr: 11, rs2_rdata: 00feedbc, rd_addr: 10, rd_wdata: 78eaa800, mem_addr: 78eaa800, mem_rdata: 00000000, mem_wdata: 00feedbc
ClkCycle:        595, pc_rdata: 00000864, pc_wdata: 00000868, insn: 2aa50513, mode: 3, rs1_addr: 10, rs1_rdata: ed6f1800, rs2_addr: 10, rs2_rdata: ed6f1800, rd_addr: 10, rd_wdata: 78eaaaaa, mem_addr: 78eaaaaa, mem_rdata: 00000000, mem_wdata: 78eaa800
ClkCycle:        596, pc_rdata: 00000868, pc_wdata: 0000086c, insn: 00a51513, mode: 3, rs1_addr: 10, rs1_rdata: ed6f1d55, rs2_addr: 10, rs2_rdata: ed6f1d55, rd_addr: 10, rd_wdata: aaaaa800, mem_addr: aaaaa800, mem_rdata: 00000000, mem_wdata: 78eaaaaa
ClkCycle:        597, pc_rdata: 0000086c, pc_wdata: 00000870, insn: 2ab50513, mode: 3, rs1_addr: 10, rs1_rdata: 78eaa800, rs2_addr: 11, rs2_rdata: 00feedbc, rd_addr: 10, rd_wdata: aaaaaaab, mem_addr: aaaaaaab, mem_rdata: 00000000, mem_wdata: 00feedbc
ClkCycle:        598, pc_rdata: 00000870, pc_wdata: 00000872, insn: b8238149, mode: 3, rs1_addr: 10, rs1_rdata: 78eaaaaa, rs2_addr: 18, rs2_rdata: ff7fffff, rd_addr: 10, rd_wdata: 6b78eaaa, mem_addr: 6b78eaaa, mem_rdata: 00000000, mem_wdata: ff7fffff
ClkCycle:        599, pc_rdata: 00000872, pc_wdata: 00000876, insn: b8238149, mode: 3, rs1_addr:  0, rs1_rdata: 00000000, rs2_addr:  0, rs2_rdata: 00000000, rd_addr:  0, rd_wdata: 00000000, mem_addr: 00000000, mem_rdata: 00000000, mem_wdata: 00000000
000000001fddb7f7
ClkCycle:        600, pc_rdata: 00000876, pc_wdata: 0000087a, insn: 81110060, mode: 3, rs1_addr:  1, rs1_rdata: 00003118, rs2_addr:  6, rs2_rdata: 1fddb7f7, rd_addr: 16, rd_wdata: 00003128, mem_addr: 00003128, mem_rdata: 00000000, mem_wdata: 1fddb7f7
ClkCycle:        601, pc_rdata: 0000087a, pc_wdata: 0000087e, insn: 81110060, mode: 3, rs1_addr:  0, rs1_rdata: 00000000, rs2_addr:  0, rs2_rdata: 00000000, rd_addr:  0, rd_wdata: 00000000, mem_addr: 00000000, mem_rdata: 00000000, mem_wdata: 00000000
ClkCycle:        602, pc_rdata: 0000087e, pc_wdata: 00000880, insn: 33333537, mode: 3, rs1_addr: 10, rs1_rdata: 6b78eaaa, rs2_addr:  4, rs2_rdata: 6dfdffff, rd_addr: 10, rd_wdata: 76b78eaa, mem_addr: 76b78eaa, mem_rdata: 00000000, mem_wdata: 6dfdffff
ClkCycle:        603, pc_rdata: 00000880, pc_wdata: 00000884, insn: 33333537, mode: 3, rs1_addr:  6, rs1_rdata: 1fddb7f7, rs2_addr: 19, rs2_rdata: dffeffff, rd_addr: 10, rd_wdata: 33333000, mem_addr: 33333000, mem_rdata: 00000000, mem_wdata: dffeffff
ClkCycle:        604, pc_rdata: 00000884, pc_wdata: 00000888, insn: 33350513, mode: 3, rs1_addr: 10, rs1_rdata: 6b78eaaa, rs2_addr: 19, rs2_rdata: dffeffff, rd_addr: 10, rd_wdata: 33333333, mem_addr: 33333333, mem_rdata: 00000000, mem_wdata: dffeffff
ClkCycle:        605, pc_rdata: 00000888, pc_wdata: 0000088c, insn: 00b51513, mode: 3, rs1_addr: 10, rs1_rdata: 76b78eaa, rs2_addr: 11, rs2_rdata: 00feedbc, rd_addr: 10, rd_wdata: 99999800, mem_addr: 99999800, mem_rdata: 00000000, mem_wdata: 00feedbc
ClkCycle:        606, pc_rdata: 0000088c, pc_wdata: 00000890, insn: 19950513, mode: 3, rs1_addr: 10, rs1_rdata: 33333000, rs2_addr: 25, rs2_rdata: 00000000, rd_addr: 10, rd_wdata: 99999999, mem_addr: 99999999, mem_rdata: 00000000, mem_wdata: 00000000
ClkCycle:        607, pc_rdata: 00000890, pc_wdata: 00000894, insn: 00b51513, mode: 3, rs1_addr: 10, rs1_rdata: 33333333, rs2_addr: 11, rs2_rdata: 00feedbc, rd_addr: 10, rd_wdata: ccccc800, mem_addr: ccccc800, mem_rdata: 00000000, mem_wdata: 00feedbc
ClkCycle:        608, pc_rdata: 00000894, pc_wdata: 00000898, insn: 4cc50513, mode: 3, rs1_addr: 10, rs1_rdata: 99999800, rs2_addr: 12, rs2_rdata: fbffff02, rd_addr: 10, rd_wdata: cccccccc, mem_addr: cccccccc, mem_rdata: 00000000, mem_wdata: fbffff02
ClkCycle:        609, pc_rdata: 00000898, pc_wdata: 0000089c, insn: 00a51513, mode: 3, rs1_addr: 10, rs1_rdata: 99999999, rs2_addr: 10, rs2_rdata: 99999999, rd_addr: 10, rd_wdata: 33333000, mem_addr: 33333000, mem_rdata: 00000000, mem_wdata: cccccccc
ClkCycle:        610, pc_rdata: 0000089c, pc_wdata: 000008a0, insn: 33450513, mode: 3, rs1_addr: 10, rs1_rdata: ccccc800, rs2_addr: 20, rs2_rdata: d5bffdff, rd_addr: 10, rd_wdata: 33333334, mem_addr: 33333334, mem_rdata: 00000000, mem_wdata: d5bffdff
ClkCycle:        611, pc_rdata: 000008a0, pc_wdata: 000008a2, insn: b0238129, mode: 3, rs1_addr: 10, rs1_rdata: cccccccc, rs2_addr: 10, rs2_rdata: cccccccc, rd_addr: 10, rd_wdata: cccccccc, mem_addr: cccccccc, mem_rdata: 00000000, mem_wdata: 33333334
ClkCycle:        612, pc_rdata: 000008a2, pc_wdata: 000008a6, insn: b0238129, mode: 3, rs1_addr:  0, rs1_rdata: 00000000, rs2_addr:  0, rs2_rdata: 00000000, rd_addr:  0, rd_wdata: 00000000, mem_addr: 00000000, mem_rdata: 00000000, mem_wdata: 00000000
000000001fddb7f7
ClkCycle:        613, pc_rdata: 000008a6, pc_wdata: 000008aa, insn: 05136666, mode: 3, rs1_addr: 13, rs1_rdata: 1fff7fff, rs2_addr:  6, rs2_rdata: 1fddb7f7, rd_addr:  0, rd_wdata: 1fff865f, mem_addr: 1fff865f, mem_rdata: 00000000, mem_wdata: 1fddb7f7
ClkCycle:        614, pc_rdata: 000008aa, pc_wdata: 000008ae, insn: 05136666, mode: 3, rs1_addr:  0, rs1_rdata: 00000000, rs2_addr:  0, rs2_rdata: 00000000, rd_addr:  0, rd_wdata: 00000000, mem_addr: 00000000, mem_rdata: 00000000, mem_wdata: 00000000
ClkCycle:        615, pc_rdata: 000008ae, pc_wdata: 000008b2, insn: 051300b5, mode: 3, rs1_addr: 10, rs1_rdata: cccccccc, rs2_addr: 11, rs2_rdata: 00feedbc, rd_addr: 10, rd_wdata: ccccccd7, mem_addr: ccccccd7, mem_rdata: 00000000, mem_wdata: 00feedbc
ClkCycle:        616, pc_rdata: 000008b2, pc_wdata: 000008b6, insn: 051300b5, mode: 3, rs1_addr:  0, rs1_rdata: 00000000, rs2_addr:  0, rs2_rdata: 00000000, rd_addr:  0, rd_wdata: 00000000, mem_addr: 00000000, mem_rdata: 00000000, mem_wdata: 00000000
ClkCycle:        617, pc_rdata: 000008b6, pc_wdata: 000008ba, insn: 051300b5, mode: 3, rs1_addr: 10, rs1_rdata: cccccccc, rs2_addr: 11, rs2_rdata: 00feedbc, rd_addr: 10, rd_wdata: cccccce2, mem_addr: cccccce2, mem_rdata: 00000000, mem_wdata: 00feedbc
ClkCycle:        618, pc_rdata: 000008ba, pc_wdata: 000008be, insn: 051300b5, mode: 3, rs1_addr:  0, rs1_rdata: 00000000, rs2_addr:  0, rs2_rdata: 00000000, rd_addr:  0, rd_wdata: 00000000, mem_addr: 00000000, mem_rdata: 00000000, mem_wdata: 00000000
ClkCycle:        619, pc_rdata: 000008be, pc_wdata: 000008c2, insn: 051300a5, mode: 3, rs1_addr: 10, rs1_rdata: ccccccd7, rs2_addr: 10, rs2_rdata: ccccccd7, rd_addr: 10, rd_wdata: ccccccec, mem_addr: ccccccec, mem_rdata: 00000000, mem_wdata: cccccce2
ClkCycle:        620, pc_rdata: 000008c2, pc_wdata: 000008c6, insn: 051300a5, mode: 3, rs1_addr:  0, rs1_rdata: 00000000, rs2_addr:  0, rs2_rdata: 00000000, rd_addr:  0, rd_wdata: 00000000, mem_addr: 00000000, mem_rdata: 00000000, mem_wdata: 00000000
ClkCycle:        621, pc_rdata: 000008c6, pc_wdata: 000008ca, insn: 36a0b423, mode: 3, rs1_addr:  6, rs1_rdata: 1fddb7f7, rs2_addr:  2, rs2_rdata: 7fffdfff, rd_addr: 10, rd_wdata: 1fddb339, mem_addr: 1fddb339, mem_rdata: 00000000, mem_wdata: 7fffdfff
ClkCycle:        622, pc_rdata: 000008ca, pc_wdata: 000008ce, insn: 36a0b423, mode: 3, rs1_addr:  0, rs1_rdata: 00000000, rs2_addr:  0, rs2_rdata: 00000000, rd_addr:  0, rd_wdata: 00000000, mem_addr: 00000000, mem_rdata: 00000000, mem_wdata: 00000000
ClkCycle:        623, pc_rdata: 000008ce, pc_wdata: 000008d0, insn: fff50513, mode: 3, rs1_addr:  2, rs1_rdata: 7fffdfff, rs2_addr:  8, rs2_rdata: 7fffe267, rd_addr:  8, rd_wdata: 7fffe367, mem_addr: 7fffe367, mem_rdata: 00000000, mem_wdata: 7fffe267
ClkCycle:        624, pc_rdata: 000008d0, pc_wdata: 000008d4, insn: fff50513, mode: 3, rs1_addr: 10, rs1_rdata: 1fddb339, rs2_addr: 31, rs2_rdata: 00000000, rd_addr: 10, rd_wdata: 1fddb338, mem_addr: 1fddb338, mem_rdata: 00000000, mem_wdata: 00000000
ClkCycle:        625, pc_rdata: 000008d4, pc_wdata: 000008d8, insn: 00b51513, mode: 3, rs1_addr: 10, rs1_rdata: 1fddb339, rs2_addr: 11, rs2_rdata: 00feedbc, rd_addr: 10, rd_wdata: ed99c000, mem_addr: ed99c000, mem_rdata: 00000000, mem_wdata: 00feedbc
ClkCycle:        626, pc_rdata: 000008d8, pc_wdata: 000008dc, insn: 25750513, mode: 3, rs1_addr: 10, rs1_rdata: 1fddb339, rs2_addr: 23, rs2_rdata: 00003ead, rd_addr: 10, rd_wdata: ed99c257, mem_addr: ed99c257, mem_rdata: 00000000, mem_wdata: 00003ead
ClkCycle:        627, pc_rdata: 000008dc, pc_wdata: 000008e0, insn: 00b51513, mode: 3, rs1_addr: 10, rs1_rdata: 1fddb338, rs2_addr: 11, rs2_rdata: 00feedbc, rd_addr: 10, rd_wdata: ce12b800, mem_addr: ce12b800, mem_rdata: 00000000, mem_wdata: 00feedbc
ClkCycle:        628, pc_rdata: 000008e0, pc_wdata: 000008e4, insn: 6c350513, mode: 3, rs1_addr: 10, rs1_rdata: ed99c000, rs2_addr:  3, rs2_rdata: feffffbf, rd_addr: 10, rd_wdata: ce12bec3, mem_addr: ce12bec3, mem_rdata: 00000000, mem_wdata: feffffbf
ClkCycle:        629, pc_rdata: 000008e4, pc_wdata: 000008e8, insn: 00a51513, mode: 3, rs1_addr: 10, rs1_rdata: ed99c257, rs2_addr: 10, rs2_rdata: ed99c257, rd_addr: 10, rd_wdata: 4afb0c00, mem_addr: 4afb0c00, mem_rdata: 00000000, mem_wdata: ce12bec3
ClkCycle:        630, pc_rdata: 000008e8, pc_wdata: 000008ec, insn: 0ce50513, mode: 3, rs1_addr: 10, rs1_rdata: ce12b800, rs2_addr: 14, rs2_rdata: 07f76dfd, rd_addr: 10, rd_wdata: 4afb0cce, mem_addr: 4afb0cce, mem_rdata: 00000000, mem_wdata: 07f76dfd
ClkCycle:        631, pc_rdata: 000008ec, pc_wdata: 000008ee, insn: b8238115, mode: 3, rs1_addr: 10, rs1_rdata: ce12bec3, rs2_addr:  5, rs2_rdata: eedbfbff, rd_addr: 10, rd_wdata: c257d866, mem_addr: c257d866, mem_rdata: 00000000, mem_wdata: eedbfbff
ClkCycle:        632, pc_rdata: 000008ee, pc_wdata: 000008f2, insn: b8238115, mode: 3, rs1_addr:  0, rs1_rdata: 00000000, rs2_addr:  0, rs2_rdata: 00000000, rd_addr:  0, rd_wdata: 00000000, mem_addr: 00000000, mem_rdata: 00000000, mem_wdata: 00000000
0000000000000000
ClkCycle:        633, pc_rdata: 000008f2, pc_wdata: 000008f6, insn: 05130000, mode: 3, rs1_addr:  1, rs1_rdata: 00003118, rs2_addr:  0, rs2_rdata: 00000000, rd_addr: 16, rd_wdata: 00003128, mem_addr: 00003128, mem_rdata: 00000000, mem_wdata: 00000000
ClkCycle:        634, pc_rdata: 000008f6, pc_wdata: 000008fa, insn: 05130000, mode: 3, rs1_addr:  0, rs1_rdata: 00000000, rs2_addr:  0, rs2_rdata: 00000000, rd_addr:  0, rd_wdata: 00000000, mem_addr: 00000000, mem_rdata: 00000000, mem_wdata: 00000000
ClkCycle:        635, pc_rdata: 000008fa, pc_wdata: 000008fe, insn: 051300b5, mode: 3, rs1_addr: 10, rs1_rdata: c257d866, rs2_addr: 11, rs2_rdata: 00feedbc, rd_addr: 10, rd_wdata: c257d871, mem_addr: c257d871, mem_rdata: 00000000, mem_wdata: 00feedbc
ClkCycle:        636, pc_rdata: 000008fe, pc_wdata: 00000902, insn: 051300b5, mode: 3, rs1_addr:  0, rs1_rdata: 00000000, rs2_addr:  0, rs2_rdata: 00000000, rd_addr:  0, rd_wdata: 00000000, mem_addr: 00000000, mem_rdata: 00000000, mem_wdata: 00000000
ClkCycle:        637, pc_rdata: 00000902, pc_wdata: 00000906, insn: 051300b5, mode: 3, rs1_addr: 10, rs1_rdata: c257d866, rs2_addr: 11, rs2_rdata: 00feedbc, rd_addr: 10, rd_wdata: c257d87c, mem_addr: c257d87c, mem_rdata: 00000000, mem_wdata: 00feedbc
ClkCycle:        638, pc_rdata: 00000906, pc_wdata: 0000090a, insn: 051300b5, mode: 3, rs1_addr:  0, rs1_rdata: 00000000, rs2_addr:  0, rs2_rdata: 00000000, rd_addr:  0, rd_wdata: 00000000, mem_addr: 00000000, mem_rdata: 00000000, mem_wdata: 00000000
ClkCycle:        639, pc_rdata: 0000090a, pc_wdata: 0000090e, insn: 051300a5, mode: 3, rs1_addr: 10, rs1_rdata: c257d871, rs2_addr: 10, rs2_rdata: c257d871, rd_addr: 10, rd_wdata: c257d886, mem_addr: c257d886, mem_rdata: 00000000, mem_wdata: c257d87c
ClkCycle:        640, pc_rdata: 0000090e, pc_wdata: 00000912, insn: 051300a5, mode: 3, rs1_addr:  0, rs1_rdata: 00000000, rs2_addr:  0, rs2_rdata: 00000000, rd_addr:  0, rd_wdata: 00000000, mem_addr: 00000000, mem_rdata: 00000000, mem_wdata: 00000000
ClkCycle:        641, pc_rdata: 00000912, pc_wdata: 00000916, insn: 36a0bc23, mode: 3, rs1_addr:  6, rs1_rdata: 1fddb7f7, rs2_addr:  2, rs2_rdata: 7fffdfff, rd_addr: 10, rd_wdata: 1fddb3b9, mem_addr: 1fddb3b9, mem_rdata: 00000000, mem_wdata: 7fffdfff
ClkCycle:        642, pc_rdata: 00000916, pc_wdata: 0000091a, insn: 36a0bc23, mode: 3, rs1_addr:  0, rs1_rdata: 00000000, rs2_addr:  0, rs2_rdata: 00000000, rd_addr:  0, rd_wdata: 00000000, mem_addr: 00000000, mem_rdata: 00000000, mem_wdata: 00000000
ClkCycle:        643, pc_rdata: 0000091a, pc_wdata: 0000091c, insn: 03851513, mode: 3, rs1_addr:  2, rs1_rdata: 7fffdfff, rs2_addr:  8, rs2_rdata: 7fffe367, rd_addr:  8, rd_wdata: 7fffe367, mem_addr: 7fffe367, mem_rdata: 00000000, mem_wdata: 7fffe367
ClkCycle:        644, pc_rdata: 0000091c, pc_wdata: 00000920, insn: 03851513, mode: 3, rs1_addr: 10, rs1_rdata: 1fddb3b9, rs2_addr: 24, rs2_rdata: 0000007d, rd_addr: 10, rd_wdata: b9000000, mem_addr: b9000000, mem_rdata: 00000000, mem_wdata: 0000007d
ClkCycle:        645, pc_rdata: 00000920, pc_wdata: 00000922, insn: b0239129, mode: 3, rs1_addr: 10, rs1_rdata: 1fddb3b9, rs2_addr: 10, rs2_rdata: 1fddb3b9, rd_addr: 10, rd_wdata: 6cee4000, mem_addr: 6cee4000, mem_rdata: 00000000, mem_wdata: b9000000
ClkCycle:        646, pc_rdata: 00000922, pc_wdata: 00000926, insn: b0239129, mode: 3, rs1_addr:  0, rs1_rdata: 00000000, rs2_addr:  0, rs2_rdata: 00000000, rd_addr:  0, rd_wdata: 00000000, mem_addr: 00000000, mem_rdata: 00000000, mem_wdata: 00000000
0000000100003118
ClkCycle:        647, pc_rdata: 00000926, pc_wdata: 0000092a, insn: 15130010, mode: 3, rs1_addr:  1, rs1_rdata: 00003118, rs2_addr:  1, rs2_rdata: 00003118, rd_addr:  0, rd_wdata: 00003118, mem_addr: 00003118, mem_rdata: 00000000, mem_wdata: 00003118
ClkCycle:        648, pc_rdata: 0000092a, pc_wdata: 0000092e, insn: 15130010, mode: 3, rs1_addr:  0, rs1_rdata: 00000000, rs2_addr:  0, rs2_rdata: 00000000, rd_addr:  0, rd_wdata: 00000000, mem_addr: 00000000, mem_rdata: 00000000, mem_wdata: 00000000
ClkCycle:        649, pc_rdata: 0000092e, pc_wdata: 00000932, insn: 8115fff5, mode: 3, rs1_addr: 10, rs1_rdata: 6cee4000, rs2_addr: 31, rs2_rdata: 00000000, rd_addr: 10, rd_wdata: 00000000, mem_addr: 00000000, mem_rdata: 00000000, mem_wdata: 00000000
ClkCycle:        650, pc_rdata: 00000932, pc_wdata: 00000936, insn: 8115fff5, mode: 3, rs1_addr:  0, rs1_rdata: 00000000, rs2_addr:  0, rs2_rdata: 00000000, rd_addr:  0, rd_wdata: 00000000, mem_addr: 00000000, mem_rdata: 00000000, mem_wdata: 00000000
ClkCycle:        651, pc_rdata: 00000936, pc_wdata: 00000938, insn: 00100513, mode: 3, rs1_addr: 10, rs1_rdata: 6cee4000, rs2_addr:  5, rs2_rdata: eedbfbff, rd_addr: 10, rd_wdata: 00000000, mem_addr: 00000000, mem_rdata: 00000000, mem_wdata: eedbfbff
ClkCycle:        652, pc_rdata: 00000938, pc_wdata: 0000093c, insn: 00100513, mode: 3, rs1_addr:  0, rs1_rdata: 00000000, rs2_addr:  1, rs2_rdata: 00003118, rd_addr: 10, rd_wdata: 00000001, mem_addr: 00000001, mem_rdata: 00000000, mem_wdata: 00003118
ClkCycle:        653, pc_rdata: 0000093c, pc_wdata: 00000940, insn: 01551513, mode: 3, rs1_addr: 10, rs1_rdata: 00000000, rs2_addr: 21, rs2_rdata: 0fab7ffb, rd_addr: 10, rd_wdata: 00200000, mem_addr: 00200000, mem_rdata: 00000000, mem_wdata: 0fab7ffb
ClkCycle:        654, pc_rdata: 00000940, pc_wdata: 00000944, insn: fff54513, mode: 3, rs1_addr: 10, rs1_rdata: 00000000, rs2_addr: 31, rs2_rdata: 00000000, rd_addr: 10, rd_wdata: ffdfffff, mem_addr: ffdfffff, mem_rdata: 00000000, mem_wdata: 00000000
ClkCycle:        655, pc_rdata: 00000944, pc_wdata: 00000946, insn: b8239101, mode: 3, rs1_addr: 10, rs1_rdata: 00000001, rs2_addr:  0, rs2_rdata: 00000000, rd_addr: 10, rd_wdata: ffdfffff, mem_addr: ffdfffff, mem_rdata: 00000000, mem_wdata: 00000000
ClkCycle:        656, pc_rdata: 00000946, pc_wdata: 0000094a, insn: b8239101, mode: 3, rs1_addr:  0, rs1_rdata: 00000000, rs2_addr:  0, rs2_rdata: 00000000, rd_addr:  0, rd_wdata: 00000000, mem_addr: 00000000, mem_rdata: 00000000, mem_wdata: 00000000
0000000100003118
ClkCycle:        657, pc_rdata: 0000094a, pc_wdata: 0000094e, insn: 15130010, mode: 3, rs1_addr:  1, rs1_rdata: 00003118, rs2_addr:  1, rs2_rdata: 00003118, rd_addr: 16, rd_wdata: 00003128, mem_addr: 00003128, mem_rdata: 00000000, mem_wdata: 00003118
ClkCycle:        658, pc_rdata: 0000094e, pc_wdata: 00000952, insn: 15130010, mode: 3, rs1_addr:  0, rs1_rdata: 00000000, rs2_addr:  0, rs2_rdata: 00000000, rd_addr:  0, rd_wdata: 00000000, mem_addr: 00000000, mem_rdata: 00000000, mem_wdata: 00000000
ClkCycle:        659, pc_rdata: 00000952, pc_wdata: 00000956, insn: 8121fff5, mode: 3, rs1_addr: 10, rs1_rdata: ffdfffff, rs2_addr: 31, rs2_rdata: 00000000, rd_addr: 10, rd_wdata: 80000000, mem_addr: 80000000, mem_rdata: 00000000, mem_wdata: 00000000
ClkCycle:        660, pc_rdata: 00000956, pc_wdata: 0000095a, insn: 8121fff5, mode: 3, rs1_addr:  0, rs1_rdata: 00000000, rs2_addr:  0, rs2_rdata: 00000000, rd_addr:  0, rd_wdata: 00000000, mem_addr: 00000000, mem_rdata: 00000000, mem_wdata: 00000000
ClkCycle:        661, pc_rdata: 0000095a, pc_wdata: 0000095c, insn: 00100513, mode: 3, rs1_addr: 10, rs1_rdata: ffdfffff, rs2_addr:  8, rs2_rdata: 7fffe367, rd_addr: 10, rd_wdata: ff800000, mem_addr: ff800000, mem_rdata: 00000000, mem_wdata: 7fffe367
ClkCycle:        662, pc_rdata: 0000095c, pc_wdata: 00000960, insn: 00100513, mode: 3, rs1_addr:  0, rs1_rdata: 00000000, rs2_addr:  1, rs2_rdata: 00003118, rd_addr: 10, rd_wdata: 00000001, mem_addr: 00000001, mem_rdata: 00000000, mem_wdata: 00003118
ClkCycle:        663, pc_rdata: 00000960, pc_wdata: 00000964, insn: 01751513, mode: 3, rs1_addr: 10, rs1_rdata: 80000000, rs2_addr: 23, rs2_rdata: 00003ead, rd_addr: 10, rd_wdata: 00800000, mem_addr: 00800000, mem_rdata: 00000000, mem_wdata: 00003ead
ClkCycle:        664, pc_rdata: 00000964, pc_wdata: 00000968, insn: fff54513, mode: 3, rs1_addr: 10, rs1_rdata: ff800000, rs2_addr: 31, rs2_rdata: 00000000, rd_addr: 10, rd_wdata: ff7fffff, mem_addr: ff7fffff, mem_rdata: 00000000, mem_wdata: 00000000
ClkCycle:        665, pc_rdata: 00000968, pc_wdata: 0000096a, insn: b0239175, mode: 3, rs1_addr: 10, rs1_rdata: 00000001, rs2_addr: 29, rs2_rdata: 00000000, rd_addr: 10, rd_wdata: 00000007, mem_addr: 00000007, mem_rdata: 00000000, mem_wdata: 00000000
ClkCycle:        666, pc_rdata: 0000096a, pc_wdata: 0000096e, insn: b0239175, mode: 3, rs1_addr:  0, rs1_rdata: 00000000, rs2_addr:  0, rs2_rdata: 00000000, rd_addr:  0, rd_wdata: 00000000, mem_addr: 00000000, mem_rdata: 00000000, mem_wdata: 00000000
0000000100003118
ClkCycle:        667, pc_rdata: 0000096e, pc_wdata: 00000972, insn: 15130010, mode: 3, rs1_addr:  1, rs1_rdata: 00003118, rs2_addr:  1, rs2_rdata: 00003118, rd_addr:  0, rd_wdata: 00003118, mem_addr: 00003118, mem_rdata: 00000000, mem_wdata: 00003118
ClkCycle:        668, pc_rdata: 00000972, pc_wdata: 00000976, insn: 15130010, mode: 3, rs1_addr:  0, rs1_rdata: 00000000, rs2_addr:  0, rs2_rdata: 00000000, rd_addr:  0, rd_wdata: 00000000, mem_addr: 00000000, mem_rdata: 00000000, mem_wdata: 00000000
ClkCycle:        669, pc_rdata: 00000976, pc_wdata: 0000097a, insn: 8109fff5, mode: 3, rs1_addr: 10, rs1_rdata: 00000007, rs2_addr: 31, rs2_rdata: 00000000, rd_addr: 10, rd_wdata: 80000000, mem_addr: 80000000, mem_rdata: 00000000, mem_wdata: 00000000
ClkCycle:        670, pc_rdata: 0000097a, pc_wdata: 0000097e, insn: 8109fff5, mode: 3, rs1_addr:  0, rs1_rdata: 00000000, rs2_addr:  0, rs2_rdata: 00000000, rd_addr:  0, rd_wdata: 00000000, mem_addr: 00000000, mem_rdata: 00000000, mem_wdata: 00000000
ClkCycle:        671, pc_rdata: 0000097e, pc_wdata: 00000980, insn: 00100513, mode: 3, rs1_addr: 10, rs1_rdata: 00000007, rs2_addr:  2, rs2_rdata: 7fffdfff, rd_addr: 10, rd_wdata: e0000000, mem_addr: e0000000, mem_rdata: 00000000, mem_wdata: 7fffdfff
ClkCycle:        672, pc_rdata: 00000980, pc_wdata: 00000984, insn: 00100513, mode: 3, rs1_addr:  0, rs1_rdata: 00000000, rs2_addr:  1, rs2_rdata: 00003118, rd_addr: 10, rd_wdata: 00000001, mem_addr: 00000001, mem_rdata: 00000000, mem_wdata: 00003118
ClkCycle:        673, pc_rdata: 00000984, pc_wdata: 00000988, insn: 01951513, mode: 3, rs1_addr: 10, rs1_rdata: 80000000, rs2_addr: 25, rs2_rdata: 00000000, rd_addr: 10, rd_wdata: 02000000, mem_addr: 02000000, mem_rdata: 00000000, mem_wdata: 00000000
ClkCycle:        674, pc_rdata: 00000988, pc_wdata: 0000098c, insn: fff54513, mode: 3, rs1_addr: 10, rs1_rdata: e0000000, rs2_addr: 31, rs2_rdata: 00000000, rd_addr: 10, rd_wdata: fdffffff, mem_addr: fdffffff, mem_rdata: 00000000, mem_wdata: 00000000
ClkCycle:        675, pc_rdata: 0000098c, pc_wdata: 0000098e, insn: b823810d, mode: 3, rs1_addr: 10, rs1_rdata: 00000001, rs2_addr:  3, rs2_rdata: feffffbf, rd_addr: 10, rd_wdata: 1fbfffff, mem_addr: 1fbfffff, mem_rdata: 00000000, mem_wdata: feffffbf
ClkCycle:        676, pc_rdata: 0000098e, pc_wdata: 00000992, insn: b823810d, mode: 3, rs1_addr:  0, rs1_rdata: 00000000, rs2_addr:  0, rs2_rdata: 00000000, rd_addr:  0, rd_wdata: 00000000, mem_addr: 00000000, mem_rdata: 00000000, mem_wdata: 00000000
0000000100003118
ClkCycle:        677, pc_rdata: 00000992, pc_wdata: 00000996, insn: 15130010, mode: 3, rs1_addr:  1, rs1_rdata: 00003118, rs2_addr:  1, rs2_rdata: 00003118, rd_addr: 16, rd_wdata: 00003128, mem_addr: 00003128, mem_rdata: 00000000, mem_wdata: 00003118
ClkCycle:        678, pc_rdata: 00000996, pc_wdata: 0000099a, insn: 15130010, mode: 3, rs1_addr:  0, rs1_rdata: 00000000, rs2_addr:  0, rs2_rdata: 00000000, rd_addr:  0, rd_wdata: 00000000, mem_addr: 00000000, mem_rdata: 00000000, mem_wdata: 00000000
ClkCycle:        679, pc_rdata: 0000099a, pc_wdata: 0000099e, insn: 8129fff5, mode: 3, rs1_addr: 10, rs1_rdata: 1fbfffff, rs2_addr: 31, rs2_rdata: 00000000, rd_addr: 10, rd_wdata: 80000000, mem_addr: 80000000, mem_rdata: 00000000, mem_wdata: 00000000
ClkCycle:        680, pc_rdata: 0000099e, pc_wdata: 000009a2, insn: 8129fff5, mode: 3, rs1_addr:  0, rs1_rdata: 00000000, rs2_addr:  0, rs2_rdata: 00000000, rd_addr:  0, rd_wdata: 00000000, mem_addr: 00000000, mem_rdata: 00000000, mem_wdata: 00000000
ClkCycle:        681, pc_rdata: 000009a2, pc_wdata: 000009a4, insn: 00100513, mode: 3, rs1_addr: 10, rs1_rdata: 1fbfffff, rs2_addr: 10, rs2_rdata: 1fbfffff, rd_addr: 10, rd_wdata: ffe00000, mem_addr: ffe00000, mem_rdata: 00000000, mem_wdata: 80000000
ClkCycle:        682, pc_rdata: 000009a4, pc_wdata: 000009a8, insn: 00100513, mode: 3, rs1_addr:  0, rs1_rdata: 00000000, rs2_addr:  1, rs2_rdata: 00003118, rd_addr: 10, rd_wdata: 00000001, mem_addr: 00000001, mem_rdata: 00000000, mem_wdata: 00003118
ClkCycle:        683, pc_rdata: 000009a8, pc_wdata: 000009ac, insn: 01b51513, mode: 3, rs1_addr: 10, rs1_rdata: 80000000, rs2_addr: 27, rs2_rdata: 00000000, rd_addr: 10, rd_wdata: 08000000, mem_addr: 08000000, mem_rdata: 00000000, mem_wdata: 00000000
ClkCycle:        684, pc_rdata: 000009ac, pc_wdata: 000009b0, insn: fff54513, mode: 3, rs1_addr: 10, rs1_rdata: ffe00000, rs2_addr: 31, rs2_rdata: 00000000, rd_addr: 10, rd_wdata: f7ffffff, mem_addr: f7ffffff, mem_rdata: 00000000, mem_wdata: 00000000
ClkCycle:        685, pc_rdata: 000009b0, pc_wdata: 000009b2, insn: b0238129, mode: 3, rs1_addr: 10, rs1_rdata: 00000001, rs2_addr: 10, rs2_rdata: 00000001, rd_addr: 10, rd_wdata: 003dffff, mem_addr: 003dffff, mem_rdata: 00000000, mem_wdata: f7ffffff
ClkCycle:        686, pc_rdata: 000009b2, pc_wdata: 000009b6, insn: b0238129, mode: 3, rs1_addr:  0, rs1_rdata: 00000000, rs2_addr:  0, rs2_rdata: 00000000, rd_addr:  0, rd_wdata: 00000000, mem_addr: 00000000, mem_rdata: 00000000, mem_wdata: 00000000
0000000100003118
ClkCycle:        687, pc_rdata: 000009b6, pc_wdata: 000009ba, insn: 15130010, mode: 3, rs1_addr:  1, rs1_rdata: 00003118, rs2_addr:  1, rs2_rdata: 00003118, rd_addr:  0, rd_wdata: 00003118, mem_addr: 00003118, mem_rdata: 00000000, mem_wdata: 00003118
ClkCycle:        688, pc_rdata: 000009ba, pc_wdata: 000009be, insn: 15130010, mode: 3, rs1_addr:  0, rs1_rdata: 00000000, rs2_addr:  0, rs2_rdata: 00000000, rd_addr:  0, rd_wdata: 00000000, mem_addr: 00000000, mem_rdata: 00000000, mem_wdata: 00000000
ClkCycle:        689, pc_rdata: 000009be, pc_wdata: 000009c2, insn: 8135fff5, mode: 3, rs1_addr: 10, rs1_rdata: 003dffff, rs2_addr: 31, rs2_rdata: 00000000, rd_addr: 10, rd_wdata: 80000000, mem_addr: 80000000, mem_rdata: 00000000, mem_wdata: 00000000
ClkCycle:        690, pc_rdata: 000009c2, pc_wdata: 000009c6, insn: 8135fff5, mode: 3, rs1_addr:  0, rs1_rdata: 00000000, rs2_addr:  0, rs2_rdata: 00000000, rd_addr:  0, rd_wdata: 00000000, mem_addr: 00000000, mem_rdata: 00000000, mem_wdata: 00000000
ClkCycle:        691, pc_rdata: 000009c6, pc_wdata: 000009c8, insn: 00100513, mode: 3, rs1_addr: 10, rs1_rdata: 003dffff, rs2_addr: 13, rs2_rdata: 1fff7fff, rd_addr: 10, rd_wdata: fffc0000, mem_addr: fffc0000, mem_rdata: 00000000, mem_wdata: 1fff7fff
ClkCycle:        692, pc_rdata: 000009c8, pc_wdata: 000009cc, insn: 00100513, mode: 3, rs1_addr:  0, rs1_rdata: 00000000, rs2_addr:  1, rs2_rdata: 00003118, rd_addr: 10, rd_wdata: 00000001, mem_addr: 00000001, mem_rdata: 00000000, mem_wdata: 00003118
ClkCycle:        693, pc_rdata: 000009cc, pc_wdata: 000009d0, insn: 01d51513, mode: 3, rs1_addr: 10, rs1_rdata: 80000000, rs2_addr: 29, rs2_rdata: 00000000, rd_addr: 10, rd_wdata: 20000000, mem_addr: 20000000, mem_rdata: 00000000, mem_wdata: 00000000
ClkCycle:        694, pc_rdata: 000009d0, pc_wdata: 000009d4, insn: fff54513, mode: 3, rs1_addr: 10, rs1_rdata: fffc0000, rs2_addr: 31, rs2_rdata: 00000000, rd_addr: 10, rd_wdata: dfffffff, mem_addr: dfffffff, mem_rdata: 00000000, mem_wdata: 00000000
ClkCycle:        695, pc_rdata: 000009d4, pc_wdata: 000009d6, insn: b823817d, mode: 3, rs1_addr: 10, rs1_rdata: 00000001, rs2_addr: 31, rs2_rdata: 00000000, rd_addr: 10, rd_wdata: 00000001, mem_addr: 00000001, mem_rdata: 00000000, mem_wdata: 00000000
ClkCycle:        696, pc_rdata: 000009d6, pc_wdata: 000009da, insn: b823817d, mode: 3, rs1_addr:  0, rs1_rdata: 00000000, rs2_addr:  0, rs2_rdata: 00000000, rd_addr:  0, rd_wdata: 00000000, mem_addr: 00000000, mem_rdata: 00000000, mem_wdata: 00000000
0000000100003118
ClkCycle:        697, pc_rdata: 000009da, pc_wdata: 000009de, insn: 15130010, mode: 3, rs1_addr:  1, rs1_rdata: 00003118, rs2_addr:  1, rs2_rdata: 00003118, rd_addr: 16, rd_wdata: 00003128, mem_addr: 00003128, mem_rdata: 00000000, mem_wdata: 00003118
ClkCycle:        698, pc_rdata: 000009de, pc_wdata: 000009e2, insn: 15130010, mode: 3, rs1_addr:  0, rs1_rdata: 00000000, rs2_addr:  0, rs2_rdata: 00000000, rd_addr:  0, rd_wdata: 00000000, mem_addr: 00000000, mem_rdata: 00000000, mem_wdata: 00000000
ClkCycle:        699, pc_rdata: 000009e2, pc_wdata: 000009e6, insn: 9101fff5, mode: 3, rs1_addr: 10, rs1_rdata: 00000001, rs2_addr: 31, rs2_rdata: 00000000, rd_addr: 10, rd_wdata: 80000000, mem_addr: 80000000, mem_rdata: 00000000, mem_wdata: 00000000
ClkCycle:        700, pc_rdata: 000009e6, pc_wdata: 000009ea, insn: 9101fff5, mode: 3, rs1_addr:  0, rs1_rdata: 00000000, rs2_addr:  0, rs2_rdata: 00000000, rd_addr:  0, rd_wdata: 00000000, mem_addr: 00000000, mem_rdata: 00000000, mem_wdata: 00000000
ClkCycle:        701, pc_rdata: 000009ea, pc_wdata: 000009ec, insn: 00100513, mode: 3, rs1_addr: 10, rs1_rdata: 00000001, rs2_addr:  0, rs2_rdata: 00000000, rd_addr: 10, rd_wdata: 80000000, mem_addr: 80000000, mem_rdata: 00000000, mem_wdata: 00000000
ClkCycle:        702, pc_rdata: 000009ec, pc_wdata: 000009f0, insn: 00100513, mode: 3, rs1_addr:  0, rs1_rdata: 00000000, rs2_addr:  1, rs2_rdata: 00003118, rd_addr: 10, rd_wdata: 00000001, mem_addr: 00000001, mem_rdata: 00000000, mem_wdata: 00003118
ClkCycle:        703, pc_rdata: 000009f0, pc_wdata: 000009f4, insn: 01f51513, mode: 3, rs1_addr: 10, rs1_rdata: 80000000, rs2_addr: 31, rs2_rdata: 00000000, rd_addr: 10, rd_wdata: 80000000, mem_addr: 80000000, mem_rdata: 00000000, mem_wdata: 00000000
ClkCycle:        704, pc_rdata: 000009f4, pc_wdata: 000009f8, insn: fff54513, mode: 3, rs1_addr: 10, rs1_rdata: 80000000, rs2_addr: 31, rs2_rdata: 00000000, rd_addr: 10, rd_wdata: 7fffffff, mem_addr: 7fffffff, mem_rdata: 00000000, mem_wdata: 00000000
ClkCycle:        705, pc_rdata: 000009f8, pc_wdata: 000009fa, insn: b0239179, mode: 3, rs1_addr: 10, rs1_rdata: 00000001, rs2_addr: 30, rs2_rdata: 00000000, rd_addr: 10, rd_wdata: 00000001, mem_addr: 00000001, mem_rdata: 00000000, mem_wdata: 00000000
ClkCycle:        706, pc_rdata: 000009fa, pc_wdata: 000009fe, insn: b0239179, mode: 3, rs1_addr:  0, rs1_rdata: 00000000, rs2_addr:  0, rs2_rdata: 00000000, rd_addr:  0, rd_wdata: 00000000, mem_addr: 00000000, mem_rdata: 00000000, mem_wdata: 00000000
0000000100003118
ClkCycle:        707, pc_rdata: 000009fe, pc_wdata: 00000a02, insn: 15130010, mode: 3, rs1_addr:  1, rs1_rdata: 00003118, rs2_addr:  1, rs2_rdata: 00003118, rd_addr:  0, rd_wdata: 00003118, mem_addr: 00003118, mem_rdata: 00000000, mem_wdata: 00003118
ClkCycle:        708, pc_rdata: 00000a02, pc_wdata: 00000a06, insn: 15130010, mode: 3, rs1_addr:  0, rs1_rdata: 00000000, rs2_addr:  0, rs2_rdata: 00000000, rd_addr:  0, rd_wdata: 00000000, mem_addr: 00000000, mem_rdata: 00000000, mem_wdata: 00000000
ClkCycle:        709, pc_rdata: 00000a06, pc_wdata: 00000a0a, insn: 915dfff5, mode: 3, rs1_addr: 10, rs1_rdata: 00000001, rs2_addr: 31, rs2_rdata: 00000000, rd_addr: 10, rd_wdata: 80000000, mem_addr: 80000000, mem_rdata: 00000000, mem_wdata: 00000000
ClkCycle:        710, pc_rdata: 00000a0a, pc_wdata: 00000a0e, insn: 915dfff5, mode: 3, rs1_addr:  0, rs1_rdata: 00000000, rs2_addr:  0, rs2_rdata: 00000000, rd_addr:  0, rd_wdata: 00000000, mem_addr: 00000000, mem_rdata: 00000000, mem_wdata: 00000000
ClkCycle:        711, pc_rdata: 00000a0e, pc_wdata: 00000a10, insn: 00100513, mode: 3, rs1_addr: 10, rs1_rdata: 00000001, rs2_addr: 23, rs2_rdata: 00003ead, rd_addr: 10, rd_wdata: 00000100, mem_addr: 00000100, mem_rdata: 00000000, mem_wdata: 00003ead
ClkCycle:        712, pc_rdata: 00000a10, pc_wdata: 00000a14, insn: 00100513, mode: 3, rs1_addr:  0, rs1_rdata: 00000000, rs2_addr:  1, rs2_rdata: 00003118, rd_addr: 10, rd_wdata: 00000001, mem_addr: 00000001, mem_rdata: 00000000, mem_wdata: 00003118
ClkCycle:        713, pc_rdata: 00000a14, pc_wdata: 00000a18, insn: 02151513, mode: 3, rs1_addr: 10, rs1_rdata: 80000000, rs2_addr:  1, rs2_rdata: 00003118, rd_addr: 10, rd_wdata: 00000002, mem_addr: 00000002, mem_rdata: 00000000, mem_wdata: 00003118
ClkCycle:        714, pc_rdata: 00000a18, pc_wdata: 00000a1c, insn: fff54513, mode: 3, rs1_addr: 10, rs1_rdata: 00000100, rs2_addr: 31, rs2_rdata: 00000000, rd_addr: 10, rd_wdata: fffffffd, mem_addr: fffffffd, mem_rdata: 00000000, mem_wdata: 00000000
ClkCycle:        715, pc_rdata: 00000a1c, pc_wdata: 00000a1e, insn: b823812d, mode: 3, rs1_addr: 10, rs1_rdata: 00000001, rs2_addr: 11, rs2_rdata: 00feedbc, rd_addr: 10, rd_wdata: 001fffff, mem_addr: 001fffff, mem_rdata: 00000000, mem_wdata: 00feedbc
ClkCycle:        716, pc_rdata: 00000a1e, pc_wdata: 00000a22, insn: b823812d, mode: 3, rs1_addr:  0, rs1_rdata: 00000000, rs2_addr:  0, rs2_rdata: 00000000, rd_addr:  0, rd_wdata: 00000000, mem_addr: 00000000, mem_rdata: 00000000, mem_wdata: 00000000
0000000100003118
ClkCycle:        717, pc_rdata: 00000a22, pc_wdata: 00000a26, insn: 15130010, mode: 3, rs1_addr:  1, rs1_rdata: 00003118, rs2_addr:  1, rs2_rdata: 00003118, rd_addr: 16, rd_wdata: 00003128, mem_addr: 00003128, mem_rdata: 00000000, mem_wdata: 00003118
ClkCycle:        718, pc_rdata: 00000a26, pc_wdata: 00000a2a, insn: 15130010, mode: 3, rs1_addr:  0, rs1_rdata: 00000000, rs2_addr:  0, rs2_rdata: 00000000, rd_addr:  0, rd_wdata: 00000000, mem_addr: 00000000, mem_rdata: 00000000, mem_wdata: 00000000
ClkCycle:        719, pc_rdata: 00000a2a, pc_wdata: 00000a2e, insn: 913dfff5, mode: 3, rs1_addr: 10, rs1_rdata: 001fffff, rs2_addr: 31, rs2_rdata: 00000000, rd_addr: 10, rd_wdata: 80000000, mem_addr: 80000000, mem_rdata: 00000000, mem_wdata: 00000000
ClkCycle:        720, pc_rdata: 00000a2e, pc_wdata: 00000a32, insn: 913dfff5, mode: 3, rs1_addr:  0, rs1_rdata: 00000000, rs2_addr:  0, rs2_rdata: 00000000, rd_addr:  0, rd_wdata: 00000000, mem_addr: 00000000, mem_rdata: 00000000, mem_wdata: 00000000
ClkCycle:        721, pc_rdata: 00000a32, pc_wdata: 00000a34, insn: 00100513, mode: 3, rs1_addr: 10, rs1_rdata: 001fffff, rs2_addr: 15, rs2_rdata: 00000000, rd_addr: 10, rd_wdata: ffff0000, mem_addr: ffff0000, mem_rdata: 00000000, mem_wdata: 00000000
ClkCycle:        722, pc_rdata: 00000a34, pc_wdata: 00000a38, insn: 00100513, mode: 3, rs1_addr:  0, rs1_rdata: 00000000, rs2_addr:  1, rs2_rdata: 00003118, rd_addr: 10, rd_wdata: 00000001, mem_addr: 00000001, mem_rdata: 00000000, mem_wdata: 00003118
ClkCycle:        723, pc_rdata: 00000a38, pc_wdata: 00000a3c, insn: 02351513, mode: 3, rs1_addr: 10, rs1_rdata: 80000000, rs2_addr:  3, rs2_rdata: feffffbf, rd_addr: 10, rd_wdata: 00000008, mem_addr: 00000008, mem_rdata: 00000000, mem_wdata: feffffbf
ClkCycle:        724, pc_rdata: 00000a3c, pc_wdata: 00000a40, insn: fff54513, mode: 3, rs1_addr: 10, rs1_rdata: ffff0000, rs2_addr: 31, rs2_rdata: 00000000, rd_addr: 10, rd_wdata: fffffff7, mem_addr: fffffff7, mem_rdata: 00000000, mem_wdata: 00000000
ClkCycle:        725, pc_rdata: 00000a40, pc_wdata: 00000a42, insn: b023917d, mode: 3, rs1_addr: 10, rs1_rdata: 00000001, rs2_addr: 31, rs2_rdata: 00000000, rd_addr: 10, rd_wdata: 00000001, mem_addr: 00000001, mem_rdata: 00000000, mem_wdata: 00000000
ClkCycle:        726, pc_rdata: 00000a42, pc_wdata: 00000a46, insn: b023917d, mode: 3, rs1_addr:  0, rs1_rdata: 00000000, rs2_addr:  0, rs2_rdata: 00000000, rd_addr:  0, rd_wdata: 00000000, mem_addr: 00000000, mem_rdata: 00000000, mem_wdata: 00000000
0000000100003118
ClkCycle:        727, pc_rdata: 00000a46, pc_wdata: 00000a4a, insn: 15130010, mode: 3, rs1_addr:  1, rs1_rdata: 00003118, rs2_addr:  1, rs2_rdata: 00003118, rd_addr:  0, rd_wdata: 00003118, mem_addr: 00003118, mem_rdata: 00000000, mem_wdata: 00003118
ClkCycle:        728, pc_rdata: 00000a4a, pc_wdata: 00000a4e, insn: 15130010, mode: 3, rs1_addr:  0, rs1_rdata: 00000000, rs2_addr:  0, rs2_rdata: 00000000, rd_addr:  0, rd_wdata: 00000000, mem_addr: 00000000, mem_rdata: 00000000, mem_wdata: 00000000
ClkCycle:        729, pc_rdata: 00000a4e, pc_wdata: 00000a52, insn: 8115fff5, mode: 3, rs1_addr: 10, rs1_rdata: 00000001, rs2_addr: 31, rs2_rdata: 00000000, rd_addr: 10, rd_wdata: 80000000, mem_addr: 80000000, mem_rdata: 00000000, mem_wdata: 00000000
ClkCycle:        730, pc_rdata: 00000a52, pc_wdata: 00000a56, insn: 8115fff5, mode: 3, rs1_addr:  0, rs1_rdata: 00000000, rs2_addr:  0, rs2_rdata: 00000000, rd_addr:  0, rd_wdata: 00000000, mem_addr: 00000000, mem_rdata: 00000000, mem_wdata: 00000000
ClkCycle:        731, pc_rdata: 00000a56, pc_wdata: 00000a58, insn: 00100513, mode: 3, rs1_addr: 10, rs1_rdata: 00000001, rs2_addr:  5, rs2_rdata: eedbfbff, rd_addr: 10, rd_wdata: 04000000, mem_addr: 04000000, mem_rdata: 00000000, mem_wdata: eedbfbff
ClkCycle:        732, pc_rdata: 00000a58, pc_wdata: 00000a5c, insn: 00100513, mode: 3, rs1_addr:  0, rs1_rdata: 00000000, rs2_addr:  1, rs2_rdata: 00003118, rd_addr: 10, rd_wdata: 00000001, mem_addr: 00000001, mem_rdata: 00000000, mem_wdata: 00003118
ClkCycle:        733, pc_rdata: 00000a5c, pc_wdata: 00000a60, insn: 02551513, mode: 3, rs1_addr: 10, rs1_rdata: 80000000, rs2_addr:  5, rs2_rdata: eedbfbff, rd_addr: 10, rd_wdata: 00000020, mem_addr: 00000020, mem_rdata: 00000000, mem_wdata: eedbfbff
ClkCycle:        734, pc_rdata: 00000a60, pc_wdata: 00000a64, insn: fff54513, mode: 3, rs1_addr: 10, rs1_rdata: 04000000, rs2_addr: 31, rs2_rdata: 00000000, rd_addr: 10, rd_wdata: ffffffdf, mem_addr: ffffffdf, mem_rdata: 00000000, mem_wdata: 00000000
ClkCycle:        735, pc_rdata: 00000a64, pc_wdata: 00000a66, insn: b8239175, mode: 3, rs1_addr: 10, rs1_rdata: 00000001, rs2_addr: 29, rs2_rdata: 00000000, rd_addr: 10, rd_wdata: 00000007, mem_addr: 00000007, mem_rdata: 00000000, mem_wdata: 00000000
ClkCycle:        736, pc_rdata: 00000a66, pc_wdata: 00000a6a, insn: b8239175, mode: 3, rs1_addr:  0, rs1_rdata: 00000000, rs2_addr:  0, rs2_rdata: 00000000, rd_addr:  0, rd_wdata: 00000000, mem_addr: 00000000, mem_rdata: 00000000, mem_wdata: 00000000
0000000100003118
ClkCycle:        737, pc_rdata: 00000a6a, pc_wdata: 00000a6e, insn: 15130010, mode: 3, rs1_addr:  1, rs1_rdata: 00003118, rs2_addr:  1, rs2_rdata: 00003118, rd_addr: 16, rd_wdata: 00003128, mem_addr: 00003128, mem_rdata: 00000000, mem_wdata: 00003118
ClkCycle:        738, pc_rdata: 00000a6e, pc_wdata: 00000a72, insn: 15130010, mode: 3, rs1_addr:  0, rs1_rdata: 00000000, rs2_addr:  0, rs2_rdata: 00000000, rd_addr:  0, rd_wdata: 00000000, mem_addr: 00000000, mem_rdata: 00000000, mem_wdata: 00000000
ClkCycle:        739, pc_rdata: 00000a72, pc_wdata: 00000a76, insn: 8135fff5, mode: 3, rs1_addr: 10, rs1_rdata: 00000007, rs2_addr: 31, rs2_rdata: 00000000, rd_addr: 10, rd_wdata: 80000000, mem_addr: 80000000, mem_rdata: 00000000, mem_wdata: 00000000
ClkCycle:        740, pc_rdata: 00000a76, pc_wdata: 00000a7a, insn: 8135fff5, mode: 3, rs1_addr:  0, rs1_rdata: 00000000, rs2_addr:  0, rs2_rdata: 00000000, rd_addr:  0, rd_wdata: 00000000, mem_addr: 00000000, mem_rdata: 00000000, mem_wdata: 00000000
ClkCycle:        741, pc_rdata: 00000a7a, pc_wdata: 00000a7c, insn: 00100513, mode: 3, rs1_addr: 10, rs1_rdata: 00000007, rs2_addr: 13, rs2_rdata: 1fff7fff, rd_addr: 10, rd_wdata: 001c0000, mem_addr: 001c0000, mem_rdata: 00000000, mem_wdata: 1fff7fff
ClkCycle:        742, pc_rdata: 00000a7c, pc_wdata: 00000a80, insn: 00100513, mode: 3, rs1_addr:  0, rs1_rdata: 00000000, rs2_addr:  1, rs2_rdata: 00003118, rd_addr: 10, rd_wdata: 00000001, mem_addr: 00000001, mem_rdata: 00000000, mem_wdata: 00003118
ClkCycle:        743, pc_rdata: 00000a80, pc_wdata: 00000a84, insn: 02751513, mode: 3, rs1_addr: 10, rs1_rdata: 80000000, rs2_addr:  7, rs2_rdata: 003fbb6f, rd_addr: 10, rd_wdata: 00000080, mem_addr: 00000080, mem_rdata: 00000000, mem_wdata: 003fbb6f
ClkCycle:        744, pc_rdata: 00000a84, pc_wdata: 00000a88, insn: fff54513, mode: 3, rs1_addr: 10, rs1_rdata: 001c0000, rs2_addr: 31, rs2_rdata: 00000000, rd_addr: 10, rd_wdata: ffffff7f, mem_addr: ffffff7f, mem_rdata: 00000000, mem_wdata: 00000000
ClkCycle:        745, pc_rdata: 00000a88, pc_wdata: 00000a8a, insn: b023812d, mode: 3, rs1_addr: 10, rs1_rdata: 00000001, rs2_addr: 11, rs2_rdata: 00feedbc, rd_addr: 10, rd_wdata: 001fffff, mem_addr: 001fffff, mem_rdata: 00000000, mem_wdata: 00feedbc
ClkCycle:        746, pc_rdata: 00000a8a, pc_wdata: 00000a8e, insn: b023812d, mode: 3, rs1_addr:  0, rs1_rdata: 00000000, rs2_addr:  0, rs2_rdata: 00000000, rd_addr:  0, rd_wdata: 00000000, mem_addr: 00000000, mem_rdata: 00000000, mem_wdata: 00000000
0000000100003118
ClkCycle:        747, pc_rdata: 00000a8e, pc_wdata: 00000a92, insn: 15130010, mode: 3, rs1_addr:  1, rs1_rdata: 00003118, rs2_addr:  1, rs2_rdata: 00003118, rd_addr:  0, rd_wdata: 00003118, mem_addr: 00003118, mem_rdata: 00000000, mem_wdata: 00003118
ClkCycle:        748, pc_rdata: 00000a92, pc_wdata: 00000a96, insn: 15130010, mode: 3, rs1_addr:  0, rs1_rdata: 00000000, rs2_addr:  0, rs2_rdata: 00000000, rd_addr:  0, rd_wdata: 00000000, mem_addr: 00000000, mem_rdata: 00000000, mem_wdata: 00000000
ClkCycle:        749, pc_rdata: 00000a96, pc_wdata: 00000a9a, insn: 8155fff5, mode: 3, rs1_addr: 10, rs1_rdata: 001fffff, rs2_addr: 31, rs2_rdata: 00000000, rd_addr: 10, rd_wdata: 80000000, mem_addr: 80000000, mem_rdata: 00000000, mem_wdata: 00000000
ClkCycle:        750, pc_rdata: 00000a9a, pc_wdata: 00000a9e, insn: 8155fff5, mode: 3, rs1_addr:  0, rs1_rdata: 00000000, rs2_addr:  0, rs2_rdata: 00000000, rd_addr:  0, rd_wdata: 00000000, mem_addr: 00000000, mem_rdata: 00000000, mem_wdata: 00000000
ClkCycle:        751, pc_rdata: 00000a9e, pc_wdata: 00000aa0, insn: 00100513, mode: 3, rs1_addr: 10, rs1_rdata: 001fffff, rs2_addr: 21, rs2_rdata: 0fab7ffb, rd_addr: 10, rd_wdata: 7ffffc00, mem_addr: 7ffffc00, mem_rdata: 00000000, mem_wdata: 0fab7ffb
ClkCycle:        752, pc_rdata: 00000aa0, pc_wdata: 00000aa4, insn: 00100513, mode: 3, rs1_addr:  0, rs1_rdata: 00000000, rs2_addr:  1, rs2_rdata: 00003118, rd_addr: 10, rd_wdata: 00000001, mem_addr: 00000001, mem_rdata: 00000000, mem_wdata: 00003118
ClkCycle:        753, pc_rdata: 00000aa4, pc_wdata: 00000aa8, insn: 02951513, mode: 3, rs1_addr: 10, rs1_rdata: 80000000, rs2_addr:  9, rs2_rdata: 00000000, rd_addr: 10, rd_wdata: 00000200, mem_addr: 00000200, mem_rdata: 00000000, mem_wdata: 00000000
ClkCycle:        754, pc_rdata: 00000aa8, pc_wdata: 00000aac, insn: fff54513, mode: 3, rs1_addr: 10, rs1_rdata: 7ffffc00, rs2_addr: 31, rs2_rdata: 00000000, rd_addr: 10, rd_wdata: fffffdff, mem_addr: fffffdff, mem_rdata: 00000000, mem_wdata: 00000000
ClkCycle:        755, pc_rdata: 00000aac, pc_wdata: 00000aae, insn: b823811d, mode: 3, rs1_addr: 10, rs1_rdata: 00000001, rs2_addr:  7, rs2_rdata: 003fbb6f, rd_addr: 10, rd_wdata: 01fffffb, mem_addr: 01fffffb, mem_rdata: 00000000, mem_wdata: 003fbb6f
ClkCycle:        756, pc_rdata: 00000aae, pc_wdata: 00000ab2, insn: b823811d, mode: 3, rs1_addr:  0, rs1_rdata: 00000000, rs2_addr:  0, rs2_rdata: 00000000, rd_addr:  0, rd_wdata: 00000000, mem_addr: 00000000, mem_rdata: 00000000, mem_wdata: 00000000
0000000100003118
ClkCycle:        757, pc_rdata: 00000ab2, pc_wdata: 00000ab6, insn: 15130010, mode: 3, rs1_addr:  1, rs1_rdata: 00003118, rs2_addr:  1, rs2_rdata: 00003118, rd_addr: 16, rd_wdata: 00003128, mem_addr: 00003128, mem_rdata: 00000000, mem_wdata: 00003118
ClkCycle:        758, pc_rdata: 00000ab6, pc_wdata: 00000aba, insn: 15130010, mode: 3, rs1_addr:  0, rs1_rdata: 00000000, rs2_addr:  0, rs2_rdata: 00000000, rd_addr:  0, rd_wdata: 00000000, mem_addr: 00000000, mem_rdata: 00000000, mem_wdata: 00000000
ClkCycle:        759, pc_rdata: 00000aba, pc_wdata: 00000abe, insn: 810dfff5, mode: 3, rs1_addr: 10, rs1_rdata: 01fffffb, rs2_addr: 31, rs2_rdata: 00000000, rd_addr: 10, rd_wdata: 80000000, mem_addr: 80000000, mem_rdata: 00000000, mem_wdata: 00000000
ClkCycle:        760, pc_rdata: 00000abe, pc_wdata: 00000ac2, insn: 810dfff5, mode: 3, rs1_addr:  0, rs1_rdata: 00000000, rs2_addr:  0, rs2_rdata: 00000000, rd_addr:  0, rd_wdata: 00000000, mem_addr: 00000000, mem_rdata: 00000000, mem_wdata: 00000000
ClkCycle:        761, pc_rdata: 00000ac2, pc_wdata: 00000ac4, insn: 00100513, mode: 3, rs1_addr: 10, rs1_rdata: 01fffffb, rs2_addr:  3, rs2_rdata: feffffbf, rd_addr: 10, rd_wdata: b0000000, mem_addr: b0000000, mem_rdata: 00000000, mem_wdata: feffffbf
ClkCycle:        762, pc_rdata: 00000ac4, pc_wdata: 00000ac8, insn: 00100513, mode: 3, rs1_addr:  0, rs1_rdata: 00000000, rs2_addr:  1, rs2_rdata: 00003118, rd_addr: 10, rd_wdata: 00000001, mem_addr: 00000001, mem_rdata: 00000000, mem_wdata: 00003118
ClkCycle:        763, pc_rdata: 00000ac8, pc_wdata: 00000acc, insn: 02b51513, mode: 3, rs1_addr: 10, rs1_rdata: 80000000, rs2_addr: 11, rs2_rdata: 00feedbc, rd_addr: 10, rd_wdata: 00000800, mem_addr: 00000800, mem_rdata: 00000000, mem_wdata: 00feedbc
ClkCycle:        764, pc_rdata: 00000acc, pc_wdata: 00000ad0, insn: fff54513, mode: 3, rs1_addr: 10, rs1_rdata: b0000000, rs2_addr: 31, rs2_rdata: 00000000, rd_addr: 10, rd_wdata: fffff7ff, mem_addr: fffff7ff, mem_rdata: 00000000, mem_wdata: 00000000
ClkCycle:        765, pc_rdata: 00000ad0, pc_wdata: 00000ad2, insn: b0238129, mode: 3, rs1_addr: 10, rs1_rdata: 00000001, rs2_addr: 10, rs2_rdata: 00000001, rd_addr: 10, rd_wdata: 003ffffd, mem_addr: 003ffffd, mem_rdata: 00000000, mem_wdata: fffff7ff
ClkCycle:        766, pc_rdata: 00000ad2, pc_wdata: 00000ad6, insn: b0238129, mode: 3, rs1_addr:  0, rs1_rdata: 00000000, rs2_addr:  0, rs2_rdata: 00000000, rd_addr:  0, rd_wdata: 00000000, mem_addr: 00000000, mem_rdata: 00000000, mem_wdata: 00000000
0000000100003118
ClkCycle:        767, pc_rdata: 00000ad6, pc_wdata: 00000ada, insn: 15130010, mode: 3, rs1_addr:  1, rs1_rdata: 00003118, rs2_addr:  1, rs2_rdata: 00003118, rd_addr:  0, rd_wdata: 00003118, mem_addr: 00003118, mem_rdata: 00000000, mem_wdata: 00003118
ClkCycle:        768, pc_rdata: 00000ada, pc_wdata: 00000ade, insn: 15130010, mode: 3, rs1_addr:  0, rs1_rdata: 00000000, rs2_addr:  0, rs2_rdata: 00000000, rd_addr:  0, rd_wdata: 00000000, mem_addr: 00000000, mem_rdata: 00000000, mem_wdata: 00000000
ClkCycle:        769, pc_rdata: 00000ade, pc_wdata: 00000ae2, insn: 9175fff5, mode: 3, rs1_addr: 10, rs1_rdata: 003ffffd, rs2_addr: 31, rs2_rdata: 00000000, rd_addr: 10, rd_wdata: 80000000, mem_addr: 80000000, mem_rdata: 00000000, mem_wdata: 00000000
ClkCycle:        770, pc_rdata: 00000ae2, pc_wdata: 00000ae6, insn: 9175fff5, mode: 3, rs1_addr:  0, rs1_rdata: 00000000, rs2_addr:  0, rs2_rdata: 00000000, rd_addr:  0, rd_wdata: 00000000, mem_addr: 00000000, mem_rdata: 00000000, mem_wdata: 00000000
ClkCycle:        771, pc_rdata: 00000ae6, pc_wdata: 00000ae8, insn: 00100513, mode: 3, rs1_addr: 10, rs1_rdata: 003ffffd, rs2_addr: 29, rs2_rdata: 00000000, rd_addr: 10, rd_wdata: 00fffff4, mem_addr: 00fffff4, mem_rdata: 00000000, mem_wdata: 00000000
ClkCycle:        772, pc_rdata: 00000ae8, pc_wdata: 00000aec, insn: 00100513, mode: 3, rs1_addr:  0, rs1_rdata: 00000000, rs2_addr:  1, rs2_rdata: 00003118, rd_addr: 10, rd_wdata: 00000001, mem_addr: 00000001, mem_rdata: 00000000, mem_wdata: 00003118
ClkCycle:        773, pc_rdata: 00000aec, pc_wdata: 00000af0, insn: 02d51513, mode: 3, rs1_addr: 10, rs1_rdata: 80000000, rs2_addr: 13, rs2_rdata: 1fff7fff, rd_addr: 10, rd_wdata: 00002000, mem_addr: 00002000, mem_rdata: 00000000, mem_wdata: 1fff7fff
ClkCycle:        774, pc_rdata: 00000af0, pc_wdata: 00000af4, insn: fff54513, mode: 3, rs1_addr: 10, rs1_rdata: 00fffff4, rs2_addr: 31, rs2_rdata: 00000000, rd_addr: 10, rd_wdata: ffffdfff, mem_addr: ffffdfff, mem_rdata: 00000000, mem_wdata: 00000000
ClkCycle:        775, pc_rdata: 00000af4, pc_wdata: 00000af6, insn: b823817d, mode: 3, rs1_addr: 10, rs1_rdata: 00000001, rs2_addr: 31, rs2_rdata: 00000000, rd_addr: 10, rd_wdata: 00000001, mem_addr: 00000001, mem_rdata: 00000000, mem_wdata: 00000000
ClkCycle:        776, pc_rdata: 00000af6, pc_wdata: 00000afa, insn: b823817d, mode: 3, rs1_addr:  0, rs1_rdata: 00000000, rs2_addr:  0, rs2_rdata: 00000000, rd_addr:  0, rd_wdata: 00000000, mem_addr: 00000000, mem_rdata: 00000000, mem_wdata: 00000000
0000000100003118
ClkCycle:        777, pc_rdata: 00000afa, pc_wdata: 00000afe, insn: 15130010, mode: 3, rs1_addr:  1, rs1_rdata: 00003118, rs2_addr:  1, rs2_rdata: 00003118, rd_addr: 16, rd_wdata: 00003128, mem_addr: 00003128, mem_rdata: 00000000, mem_wdata: 00003118
ClkCycle:        778, pc_rdata: 00000afe, pc_wdata: 00000b02, insn: 15130010, mode: 3, rs1_addr:  0, rs1_rdata: 00000000, rs2_addr:  0, rs2_rdata: 00000000, rd_addr:  0, rd_wdata: 00000000, mem_addr: 00000000, mem_rdata: 00000000, mem_wdata: 00000000
ClkCycle:        779, pc_rdata: 00000b02, pc_wdata: 00000b06, insn: 8131fff5, mode: 3, rs1_addr: 10, rs1_rdata: 00000001, rs2_addr: 31, rs2_rdata: 00000000, rd_addr: 10, rd_wdata: 80000000, mem_addr: 80000000, mem_rdata: 00000000, mem_wdata: 00000000
ClkCycle:        780, pc_rdata: 00000b06, pc_wdata: 00000b0a, insn: 8131fff5, mode: 3, rs1_addr:  0, rs1_rdata: 00000000, rs2_addr:  0, rs2_rdata: 00000000, rd_addr:  0, rd_wdata: 00000000, mem_addr: 00000000, mem_rdata: 00000000, mem_wdata: 00000000
ClkCycle:        781, pc_rdata: 00000b0a, pc_wdata: 00000b0c, insn: 00100513, mode: 3, rs1_addr: 10, rs1_rdata: 00000001, rs2_addr: 12, rs2_rdata: fbffff02, rd_addr: 10, rd_wdata: 00080000, mem_addr: 00080000, mem_rdata: 00000000, mem_wdata: fbffff02
ClkCycle:        782, pc_rdata: 00000b0c, pc_wdata: 00000b10, insn: 00100513, mode: 3, rs1_addr:  0, rs1_rdata: 00000000, rs2_addr:  1, rs2_rdata: 00003118, rd_addr: 10, rd_wdata: 00000001, mem_addr: 00000001, mem_rdata: 00000000, mem_wdata: 00003118
ClkCycle:        783, pc_rdata: 00000b10, pc_wdata: 00000b14, insn: 02f51513, mode: 3, rs1_addr: 10, rs1_rdata: 80000000, rs2_addr: 15, rs2_rdata: 00000000, rd_addr: 10, rd_wdata: 00008000, mem_addr: 00008000, mem_rdata: 00000000, mem_wdata: 00000000
ClkCycle:        784, pc_rdata: 00000b14, pc_wdata: 00000b18, insn: fff54513, mode: 3, rs1_addr: 10, rs1_rdata: 00080000, rs2_addr: 31, rs2_rdata: 00000000, rd_addr: 10, rd_wdata: ffff7fff, mem_addr: ffff7fff, mem_rdata: 00000000, mem_wdata: 00000000
ClkCycle:        785, pc_rdata: 00000b18, pc_wdata: 00000b1a, insn: b0238105, mode: 3, rs1_addr: 10, rs1_rdata: 00000001, rs2_addr:  1, rs2_rdata: 00003118, rd_addr: 10, rd_wdata: 7fffbfff, mem_addr: 7fffbfff, mem_rdata: 00000000, mem_wdata: 00003118
ClkCycle:        786, pc_rdata: 00000b1a, pc_wdata: 00000b1e, insn: b0238105, mode: 3, rs1_addr:  0, rs1_rdata: 00000000, rs2_addr:  0, rs2_rdata: 00000000, rd_addr:  0, rd_wdata: 00000000, mem_addr: 00000000, mem_rdata: 00000000, mem_wdata: 00000000
0000000100003118
ClkCycle:        787, pc_rdata: 00000b1e, pc_wdata: 00000b22, insn: 15130010, mode: 3, rs1_addr:  1, rs1_rdata: 00003118, rs2_addr:  1, rs2_rdata: 00003118, rd_addr:  0, rd_wdata: 00003118, mem_addr: 00003118, mem_rdata: 00000000, mem_wdata: 00003118
ClkCycle:        788, pc_rdata: 00000b22, pc_wdata: 00000b26, insn: 15130010, mode: 3, rs1_addr:  0, rs1_rdata: 00000000, rs2_addr:  0, rs2_rdata: 00000000, rd_addr:  0, rd_wdata: 00000000, mem_addr: 00000000, mem_rdata: 00000000, mem_wdata: 00000000
ClkCycle:        789, pc_rdata: 00000b26, pc_wdata: 00000b2a, insn: 810dfff5, mode: 3, rs1_addr: 10, rs1_rdata: 7fffbfff, rs2_addr: 31, rs2_rdata: 00000000, rd_addr: 10, rd_wdata: 80000000, mem_addr: 80000000, mem_rdata: 00000000, mem_wdata: 00000000
ClkCycle:        790, pc_rdata: 00000b2a, pc_wdata: 00000b2e, insn: 810dfff5, mode: 3, rs1_addr:  0, rs1_rdata: 00000000, rs2_addr:  0, rs2_rdata: 00000000, rd_addr:  0, rd_wdata: 00000000, mem_addr: 00000000, mem_rdata: 00000000, mem_wdata: 00000000
ClkCycle:        791, pc_rdata: 00000b2e, pc_wdata: 00000b30, insn: 00100513, mode: 3, rs1_addr: 10, rs1_rdata: 7fffbfff, rs2_addr:  3, rs2_rdata: feffffbf, rd_addr: 10, rd_wdata: f0000000, mem_addr: f0000000, mem_rdata: 00000000, mem_wdata: feffffbf
ClkCycle:        792, pc_rdata: 00000b30, pc_wdata: 00000b34, insn: 00100513, mode: 3, rs1_addr:  0, rs1_rdata: 00000000, rs2_addr:  1, rs2_rdata: 00003118, rd_addr: 10, rd_wdata: 00000001, mem_addr: 00000001, mem_rdata: 00000000, mem_wdata: 00003118
ClkCycle:        793, pc_rdata: 00000b34, pc_wdata: 00000b38, insn: 03151513, mode: 3, rs1_addr: 10, rs1_rdata: 80000000, rs2_addr: 17, rs2_rdata: bffeffff, rd_addr: 10, rd_wdata: 00020000, mem_addr: 00020000, mem_rdata: 00000000, mem_wdata: bffeffff
ClkCycle:        794, pc_rdata: 00000b38, pc_wdata: 00000b3c, insn: fff54513, mode: 3, rs1_addr: 10, rs1_rdata: f0000000, rs2_addr: 31, rs2_rdata: 00000000, rd_addr: 10, rd_wdata: fffdffff, mem_addr: fffdffff, mem_rdata: 00000000, mem_wdata: 00000000
ClkCycle:        795, pc_rdata: 00000b3c, pc_wdata: 00000b3e, insn: b8238109, mode: 3, rs1_addr: 10, rs1_rdata: 00000001, rs2_addr:  2, rs2_rdata: 7fffdfff, rd_addr: 10, rd_wdata: 3fff7fff, mem_addr: 3fff7fff, mem_rdata: 00000000, mem_wdata: 7fffdfff
ClkCycle:        796, pc_rdata: 00000b3e, pc_wdata: 00000b42, insn: b8238109, mode: 3, rs1_addr:  0, rs1_rdata: 00000000, rs2_addr:  0, rs2_rdata: 00000000, rd_addr:  0, rd_wdata: 00000000, mem_addr: 00000000, mem_rdata: 00000000, mem_wdata: 00000000
0000000100003118
ClkCycle:        797, pc_rdata: 00000b42, pc_wdata: 00000b46, insn: 15130010, mode: 3, rs1_addr:  1, rs1_rdata: 00003118, rs2_addr:  1, rs2_rdata: 00003118, rd_addr: 16, rd_wdata: 00003128, mem_addr: 00003128, mem_rdata: 00000000, mem_wdata: 00003118
ClkCycle:        798, pc_rdata: 00000b46, pc_wdata: 00000b4a, insn: 15130010, mode: 3, rs1_addr:  0, rs1_rdata: 00000000, rs2_addr:  0, rs2_rdata: 00000000, rd_addr:  0, rd_wdata: 00000000, mem_addr: 00000000, mem_rdata: 00000000, mem_wdata: 00000000
ClkCycle:        799, pc_rdata: 00000b4a, pc_wdata: 00000b4e, insn: 8115fff5, mode: 3, rs1_addr: 10, rs1_rdata: 3fff7fff, rs2_addr: 31, rs2_rdata: 00000000, rd_addr: 10, rd_wdata: 80000000, mem_addr: 80000000, mem_rdata: 00000000, mem_wdata: 00000000
ClkCycle:        800, pc_rdata: 00000b4e, pc_wdata: 00000b52, insn: 8115fff5, mode: 3, rs1_addr:  0, rs1_rdata: 00000000, rs2_addr:  0, rs2_rdata: 00000000, rd_addr:  0, rd_wdata: 00000000, mem_addr: 00000000, mem_rdata: 00000000, mem_wdata: 00000000
ClkCycle:        801, pc_rdata: 00000b52, pc_wdata: 00000b54, insn: 00100513, mode: 3, rs1_addr: 10, rs1_rdata: 3fff7fff, rs2_addr:  5, rs2_rdata: eedbfbff, rd_addr: 10, rd_wdata: fc000000, mem_addr: fc000000, mem_rdata: 00000000, mem_wdata: eedbfbff
ClkCycle:        802, pc_rdata: 00000b54, pc_wdata: 00000b58, insn: 00100513, mode: 3, rs1_addr:  0, rs1_rdata: 00000000, rs2_addr:  1, rs2_rdata: 00003118, rd_addr: 10, rd_wdata: 00000001, mem_addr: 00000001, mem_rdata: 00000000, mem_wdata: 00003118
ClkCycle:        803, pc_rdata: 00000b58, pc_wdata: 00000b5c, insn: 03451513, mode: 3, rs1_addr: 10, rs1_rdata: 80000000, rs2_addr: 20, rs2_rdata: d5bffdff, rd_addr: 10, rd_wdata: 00100000, mem_addr: 00100000, mem_rdata: 00000000, mem_wdata: d5bffdff
ClkCycle:        804, pc_rdata: 00000b5c, pc_wdata: 00000b60, insn: fff54513, mode: 3, rs1_addr: 10, rs1_rdata: fc000000, rs2_addr: 31, rs2_rdata: 00000000, rd_addr: 10, rd_wdata: ffefffff, mem_addr: ffefffff, mem_rdata: 00000000, mem_wdata: 00000000
ClkCycle:        805, pc_rdata: 00000b60, pc_wdata: 00000b62, insn: b0238149, mode: 3, rs1_addr: 10, rs1_rdata: 00000001, rs2_addr: 18, rs2_rdata: ff7fffff, rd_addr: 10, rd_wdata: 00003ffb, mem_addr: 00003ffb, mem_rdata: 00000000, mem_wdata: ff7fffff
ClkCycle:        806, pc_rdata: 00000b62, pc_wdata: 00000b66, insn: b0238149, mode: 3, rs1_addr:  0, rs1_rdata: 00000000, rs2_addr:  0, rs2_rdata: 00000000, rd_addr:  0, rd_wdata: 00000000, mem_addr: 00000000, mem_rdata: 00000000, mem_wdata: 00000000
0000000100003118
ClkCycle:        807, pc_rdata: 00000b66, pc_wdata: 00000b6a, insn: 15130010, mode: 3, rs1_addr:  1, rs1_rdata: 00003118, rs2_addr:  1, rs2_rdata: 00003118, rd_addr:  0, rd_wdata: 00003118, mem_addr: 00003118, mem_rdata: 00000000, mem_wdata: 00003118
ClkCycle:        808, pc_rdata: 00000b6a, pc_wdata: 00000b6e, insn: 15130010, mode: 3, rs1_addr:  0, rs1_rdata: 00000000, rs2_addr:  0, rs2_rdata: 00000000, rd_addr:  0, rd_wdata: 00000000, mem_addr: 00000000, mem_rdata: 00000000, mem_wdata: 00000000
ClkCycle:        809, pc_rdata: 00000b6e, pc_wdata: 00000b72, insn: 915dfff5, mode: 3, rs1_addr: 10, rs1_rdata: 00003ffb, rs2_addr: 31, rs2_rdata: 00000000, rd_addr: 10, rd_wdata: 80000000, mem_addr: 80000000, mem_rdata: 00000000, mem_wdata: 00000000
ClkCycle:        810, pc_rdata: 00000b72, pc_wdata: 00000b76, insn: 915dfff5, mode: 3, rs1_addr:  0, rs1_rdata: 00000000, rs2_addr:  0, rs2_rdata: 00000000, rd_addr:  0, rd_wdata: 00000000, mem_addr: 00000000, mem_rdata: 00000000, mem_wdata: 00000000
ClkCycle:        811, pc_rdata: 00000b76, pc_wdata: 00000b78, insn: 00100513, mode: 3, rs1_addr: 10, rs1_rdata: 00003ffb, rs2_addr: 23, rs2_rdata: 00003ead, rd_addr: 10, rd_wdata: 003ffb00, mem_addr: 003ffb00, mem_rdata: 00000000, mem_wdata: 00003ead
ClkCycle:        812, pc_rdata: 00000b78, pc_wdata: 00000b7c, insn: 00100513, mode: 3, rs1_addr:  0, rs1_rdata: 00000000, rs2_addr:  1, rs2_rdata: 00003118, rd_addr: 10, rd_wdata: 00000001, mem_addr: 00000001, mem_rdata: 00000000, mem_wdata: 00003118
ClkCycle:        813, pc_rdata: 00000b7c, pc_wdata: 00000b80, insn: 03651513, mode: 3, rs1_addr: 10, rs1_rdata: 80000000, rs2_addr: 22, rs2_rdata: 001f56ff, rd_addr: 10, rd_wdata: 00400000, mem_addr: 00400000, mem_rdata: 00000000, mem_wdata: 001f56ff
ClkCycle:        814, pc_rdata: 00000b80, pc_wdata: 00000b84, insn: fff54513, mode: 3, rs1_addr: 10, rs1_rdata: 003ffb00, rs2_addr: 31, rs2_rdata: 00000000, rd_addr: 10, rd_wdata: ffbfffff, mem_addr: ffbfffff, mem_rdata: 00000000, mem_wdata: 00000000
ClkCycle:        815, pc_rdata: 00000b84, pc_wdata: 00000b86, insn: b8238131, mode: 3, rs1_addr: 10, rs1_rdata: 00000001, rs2_addr: 12, rs2_rdata: fbffff02, rd_addr: 10, rd_wdata: 000ffbff, mem_addr: 000ffbff, mem_rdata: 00000000, mem_wdata: fbffff02
ClkCycle:        816, pc_rdata: 00000b86, pc_wdata: 00000b8a, insn: b8238131, mode: 3, rs1_addr:  0, rs1_rdata: 00000000, rs2_addr:  0, rs2_rdata: 00000000, rd_addr:  0, rd_wdata: 00000000, mem_addr: 00000000, mem_rdata: 00000000, mem_wdata: 00000000
0000000100003118
ClkCycle:        817, pc_rdata: 00000b8a, pc_wdata: 00000b8e, insn: 15130010, mode: 3, rs1_addr:  1, rs1_rdata: 00003118, rs2_addr:  1, rs2_rdata: 00003118, rd_addr: 16, rd_wdata: 00003128, mem_addr: 00003128, mem_rdata: 00000000, mem_wdata: 00003118
ClkCycle:        818, pc_rdata: 00000b8e, pc_wdata: 00000b92, insn: 15130010, mode: 3, rs1_addr:  0, rs1_rdata: 00000000, rs2_addr:  0, rs2_rdata: 00000000, rd_addr:  0, rd_wdata: 00000000, mem_addr: 00000000, mem_rdata: 00000000, mem_wdata: 00000000
ClkCycle:        819, pc_rdata: 00000b92, pc_wdata: 00000b96, insn: 814dfff5, mode: 3, rs1_addr: 10, rs1_rdata: 000ffbff, rs2_addr: 31, rs2_rdata: 00000000, rd_addr: 10, rd_wdata: 80000000, mem_addr: 80000000, mem_rdata: 00000000, mem_wdata: 00000000
ClkCycle:        820, pc_rdata: 00000b96, pc_wdata: 00000b9a, insn: 814dfff5, mode: 3, rs1_addr:  0, rs1_rdata: 00000000, rs2_addr:  0, rs2_rdata: 00000000, rd_addr:  0, rd_wdata: 00000000, mem_addr: 00000000, mem_rdata: 00000000, mem_wdata: 00000000
ClkCycle:        821, pc_rdata: 00000b9a, pc_wdata: 00000b9c, insn: 00100513, mode: 3, rs1_addr: 10, rs1_rdata: 000ffbff, rs2_addr: 19, rs2_rdata: dffeffff, rd_addr: 10, rd_wdata: ffbff000, mem_addr: ffbff000, mem_rdata: 00000000, mem_wdata: dffeffff
ClkCycle:        822, pc_rdata: 00000b9c, pc_wdata: 00000ba0, insn: 00100513, mode: 3, rs1_addr:  0, rs1_rdata: 00000000, rs2_addr:  1, rs2_rdata: 00003118, rd_addr: 10, rd_wdata: 00000001, mem_addr: 00000001, mem_rdata: 00000000, mem_wdata: 00003118
ClkCycle:        823, pc_rdata: 00000ba0, pc_wdata: 00000ba4, insn: 03851513, mode: 3, rs1_addr: 10, rs1_rdata: 80000000, rs2_addr: 24, rs2_rdata: 0000007d, rd_addr: 10, rd_wdata: 01000000, mem_addr: 01000000, mem_rdata: 00000000, mem_wdata: 0000007d
ClkCycle:        824, pc_rdata: 00000ba4, pc_wdata: 00000ba8, insn: fff54513, mode: 3, rs1_addr: 10, rs1_rdata: ffbff000, rs2_addr: 31, rs2_rdata: 00000000, rd_addr: 10, rd_wdata: feffffff, mem_addr: feffffff, mem_rdata: 00000000, mem_wdata: 00000000
ClkCycle:        825, pc_rdata: 00000ba8, pc_wdata: 00000baa, insn: b023913d, mode: 3, rs1_addr: 10, rs1_rdata: 00000001, rs2_addr: 15, rs2_rdata: 00000000, rd_addr: 10, rd_wdata: 0001fdff, mem_addr: 0001fdff, mem_rdata: 00000000, mem_wdata: 00000000
ClkCycle:        826, pc_rdata: 00000baa, pc_wdata: 00000bae, insn: b023913d, mode: 3, rs1_addr:  0, rs1_rdata: 00000000, rs2_addr:  0, rs2_rdata: 00000000, rd_addr:  0, rd_wdata: 00000000, mem_addr: 00000000, mem_rdata: 00000000, mem_wdata: 00000000
000000000000007d
ClkCycle:        827, pc_rdata: 00000bae, pc_wdata: 00000bb2, insn: 34830380, mode: 3, rs1_addr:  1, rs1_rdata: 00003118, rs2_addr: 24, rs2_rdata: 0000007d, rd_addr:  0, rd_wdata: 00003138, mem_addr: 00003138, mem_rdata: 00000000, mem_wdata: 0000007d
ClkCycle:        828, pc_rdata: 00000bb2, pc_wdata: 00000bb6, insn: 34830380, mode: 3, rs1_addr:  0, rs1_rdata: 00000000, rs2_addr:  0, rs2_rdata: 00000000, rd_addr:  0, rd_wdata: 00000000, mem_addr: 00000000, mem_rdata: 00000000, mem_wdata: 00000000
ClkCycle:        829, pc_rdata: 00000bb6, pc_wdata: 00000bba, insn: 03332001, mode: 3, rs1_addr:  2, rs1_rdata: 7fffdfff, rs2_addr:  0, rs2_rdata: 00000000, rd_addr:  9, rd_wdata: 00000000, mem_addr: 7fffe1ff, mem_rdata: 00000000, mem_wdata: 00000000
ClkCycle:        830, pc_rdata: 00000bba, pc_wdata: 00000bbe, insn: 03332001, mode: 3, rs1_addr:  0, rs1_rdata: 00000000, rs2_addr:  0, rs2_rdata: 00000000, rd_addr:  0, rd_wdata: 00000000, mem_addr: 00000000, mem_rdata: 00000000, mem_wdata: 00000000
ClkCycle:        831, pc_rdata: 00000bbe, pc_wdata: 00000bc2, insn: 03130000, mode: 3, rs1_addr:  0, rs1_rdata: 00000000, rs2_addr:  0, rs2_rdata: 00000000, rd_addr:  6, rd_wdata: 00000000, mem_addr: 00000000, mem_rdata: 00000000, mem_wdata: 00000000
ClkCycle:        832, pc_rdata: 00000bc2, pc_wdata: 00000bc6, insn: 03130000, mode: 3, rs1_addr:  0, rs1_rdata: 00000000, rs2_addr:  0, rs2_rdata: 00000000, rd_addr:  0, rd_wdata: 00000000, mem_addr: 00000000, mem_rdata: 00000000, mem_wdata: 00000000
ClkCycle:        833, pc_rdata: 00000bc6, pc_wdata: 00000bca, insn: 031300b3, mode: 3, rs1_addr:  6, rs1_rdata: 1fddb7f7, rs2_addr: 11, rs2_rdata: 00feedbc, rd_addr:  6, rd_wdata: 0000000b, mem_addr: 0000000b, mem_rdata: 00000000, mem_wdata: 00feedbc
ClkCycle:        834, pc_rdata: 00000bca, pc_wdata: 00000bce, insn: 031300b3, mode: 3, rs1_addr:  0, rs1_rdata: 00000000, rs2_addr:  0, rs2_rdata: 00000000, rd_addr:  0, rd_wdata: 00000000, mem_addr: 00000000, mem_rdata: 00000000, mem_wdata: 00000000
ClkCycle:        835, pc_rdata: 00000bce, pc_wdata: 00000bd2, insn: 031300b3, mode: 3, rs1_addr:  6, rs1_rdata: 00000000, rs2_addr: 11, rs2_rdata: 00feedbc, rd_addr:  6, rd_wdata: 00000016, mem_addr: 00000016, mem_rdata: 00000000, mem_wdata: 00feedbc
ClkCycle:        836, pc_rdata: 00000bd2, pc_wdata: 00000bd6, insn: 031300b3, mode: 3, rs1_addr:  0, rs1_rdata: 00000000, rs2_addr:  0, rs2_rdata: 00000000, rd_addr:  0, rd_wdata: 00000000, mem_addr: 00000000, mem_rdata: 00000000, mem_wdata: 00000000
ClkCycle:        837, pc_rdata: 00000bd6, pc_wdata: 00000bda, insn: 031300a3, mode: 3, rs1_addr:  6, rs1_rdata: 0000000b, rs2_addr: 10, rs2_rdata: 0001fdff, rd_addr:  6, rd_wdata: 00000020, mem_addr: 00000020, mem_rdata: 00000000, mem_wdata: 0001fdff
ClkCycle:        838, pc_rdata: 00000bda, pc_wdata: 00000bde, insn: 031300a3, mode: 3, rs1_addr:  0, rs1_rdata: 00000000, rs2_addr:  0, rs2_rdata: 00000000, rd_addr:  0, rd_wdata: 00000000, mem_addr: 00000000, mem_rdata: 00000000, mem_wdata: 00000000
ClkCycle:        839, pc_rdata: 00000bde, pc_wdata: 00000be2, insn: 006ffe64, mode: 3, rs1_addr:  8, rs1_rdata: 7fffe367, rs2_addr:  6, rs2_rdata: 00000016, rd_addr:  6, rd_wdata: 7fffe34d, mem_addr: 7fffe34d, mem_rdata: 00000000, mem_wdata: 00000020
ClkCycle:        840, pc_rdata: 00000be2, pc_wdata: 00000be6, insn: 006ffe64, mode: 3, rs1_addr:  0, rs1_rdata: 00000000, rs2_addr:  0, rs2_rdata: 00000000, rd_addr:  0, rd_wdata: 00000000, mem_addr: 00000000, mem_rdata: 00000000, mem_wdata: 00000000
ClkCycle:        841, pc_rdata: 00000be6, pc_wdata: 00000bea, insn: 00000f17, mode: 3, rs1_addr: 14, rs1_rdata: 07f76dfd, rs2_addr: 17, rs2_rdata: bffeffff, rd_addr:  0, rd_wdata: 00000bea, mem_addr: 07fe76ed, mem_rdata: 00000000, mem_wdata: bffeffff
ClkCycle:        842, pc_rdata: 00000bea, pc_wdata: 000714d6, insn: 00000f17, mode: 3, rs1_addr:  0, rs1_rdata: 00000000, rs2_addr:  0, rs2_rdata: 00000000, rd_addr:  0, rd_wdata: 00000000, mem_addr: 00000000, mem_rdata: 00000000, mem_wdata: 00000000
ClkCycle:       3606, pc_rdata: 00074002, pc_wdata: 00074004, insn: ddb80813, mode: 3, rs1_addr:  2, rs1_rdata: 7fffdfff, rs2_addr:  0, rs2_rdata: 00000000, rd_addr:  8, rd_wdata: 7fffdfff, mem_addr: 7fffdfff, mem_rdata: 00000000, mem_wdata: 00000000
ClkCycle:       3607, pc_rdata: 00074004, pc_wdata: 00074008, insn: ddb80813, mode: 3, rs1_addr: 16, rs1_rdata: 7d5bfddb, rs2_addr: 27, rs2_rdata: 00000000, rd_addr: 16, rd_wdata: 7d5bfbb6, mem_addr: 7d5bfbb6, mem_rdata: 00000000, mem_wdata: 00000000
ClkCycle:       3608, pc_rdata: 00074008, pc_wdata: 0007400c, insn: 00b81813, mode: 3, rs1_addr: 16, rs1_rdata: 7d5bfddb, rs2_addr: 11, rs2_rdata: 00feedbc, rd_addr: 16, rd_wdata: dfddb000, mem_addr: dfddb000, mem_rdata: 00000000, mem_wdata: 00feedbc
ClkCycle:       3609, pc_rdata: 0007400c, pc_wdata: 00074010, insn: 3ea80813, mode: 3, rs1_addr: 16, rs1_rdata: 7d5bfddb, rs2_addr: 10, rs2_rdata: 0001fdff, rd_addr: 16, rd_wdata: dfddb3ea, mem_addr: dfddb3ea, mem_rdata: 00000000, mem_wdata: 0001fdff
ClkCycle:       3610, pc_rdata: 00074010, pc_wdata: 00074014, insn: 00b81813, mode: 3, rs1_addr: 16, rs1_rdata: 7d5bfbb6, rs2_addr: 11, rs2_rdata: 00feedbc, rd_addr: 16, rd_wdata: ed9f5000, mem_addr: ed9f5000, mem_rdata: 00000000, mem_wdata: 00feedbc
ClkCycle:       3611, pc_rdata: 00074014, pc_wdata: 00074018, insn: 6ff80813, mode: 3, rs1_addr: 16, rs1_rdata: dfddb000, rs2_addr: 31, rs2_rdata: 00000000, rd_addr: 16, rd_wdata: ed9f56ff, mem_addr: ed9f56ff, mem_rdata: 00000000, mem_wdata: 00000000
ClkCycle:       3612, pc_rdata: 00074018, pc_wdata: 0007401c, insn: 00a81813, mode: 3, rs1_addr: 16, rs1_rdata: dfddb3ea, rs2_addr: 10, rs2_rdata: 0001fdff, rd_addr: 16, rd_wdata: 7d5bfc00, mem_addr: 7d5bfc00, mem_rdata: 00000000, mem_wdata: 0001fdff
ClkCycle:       3613, pc_rdata: 0007401c, pc_wdata: 00074020, insn: 1db80813, mode: 3, rs1_addr: 16, rs1_rdata: ed9f5000, rs2_addr: 27, rs2_rdata: 00000000, rd_addr: 16, rd_wdata: 7d5bfddb, mem_addr: 7d5bfddb, mem_rdata: 00000000, mem_wdata: 00000000
ClkCycle:       3614, pc_rdata: 00074020, pc_wdata: 00074024, insn: 00785893, mode: 3, rs1_addr: 16, rs1_rdata: ed9f56ff, rs2_addr:  7, rs2_rdata: 003fbb6f, rd_addr: 17, rd_wdata: 6cfab7fb, mem_addr: 6cfab7fb, mem_rdata: 00000000, mem_wdata: 003fbb6f
ClkCycle:       3615, pc_rdata: 00074024, pc_wdata: 00074028, insn: 03985793, mode: 3, rs1_addr: 16, rs1_rdata: 7d5bfc00, rs2_addr: 25, rs2_rdata: 00000000, rd_addr: 15, rd_wdata: adfddb3e, mem_addr: adfddb3e, mem_rdata: 00000000, mem_wdata: 00000000
ClkCycle:       3616, pc_rdata: 00074028, pc_wdata: 0007402c, insn: 00f8e8b3, mode: 3, rs1_addr: 17, rs1_rdata: bffeffff, rs2_addr: 15, rs2_rdata: 00000000, rd_addr: 17, rd_wdata: edffffff, mem_addr: edffffff, mem_rdata: 00000000, mem_wdata: adfddb3e
ClkCycle:       3617, pc_rdata: 0007402c, pc_wdata: 00074030, insn: 0078d913, mode: 3, rs1_addr: 17, rs1_rdata: 6cfab7fb, rs2_addr:  7, rs2_rdata: 003fbb6f, rd_addr: 18, rd_wdata: ffdbffff, mem_addr: ffdbffff, mem_rdata: 00000000, mem_wdata: 003fbb6f
ClkCycle:       3618, pc_rdata: 00074030, pc_wdata: 00074034, insn: 0398d793, mode: 3, rs1_addr: 17, rs1_rdata: 6cfab7fb, rs2_addr: 25, rs2_rdata: 00000000, rd_addr: 15, rd_wdata: 7d5bfff6, mem_addr: 7d5bfff6, mem_rdata: 00000000, mem_wdata: 00000000
ClkCycle:       3619, pc_rdata: 00074034, pc_wdata: 00074038, insn: 00f96933, mode: 3, rs1_addr: 18, rs1_rdata: ff7fffff, rs2_addr: 15, rs2_rdata: adfddb3e, rd_addr: 18, rd_wdata: ffdbffff, mem_addr: ffdbffff, mem_rdata: 00000000, mem_wdata: 7d5bfff6
ClkCycle:       3620, pc_rdata: 00074038, pc_wdata: 0007403c, insn: 00795993, mode: 3, rs1_addr: 18, rs1_rdata: ffdbffff, rs2_addr:  7, rs2_rdata: 003fbb6f, rd_addr: 19, rd_wdata: dfffb7ff, mem_addr: dfffb7ff, mem_rdata: 00000000, mem_wdata: 003fbb6f
ClkCycle:       3621, pc_rdata: 0007403c, pc_wdata: 00074040, insn: 03995793, mode: 3, rs1_addr: 18, rs1_rdata: ffdbffff, rs2_addr: 25, rs2_rdata: 00000000, rd_addr: 15, rd_wdata: 00fab7ff, mem_addr: 00fab7ff, mem_rdata: 00000000, mem_wdata: 00000000
ClkCycle:       3622, pc_rdata: 00074040, pc_wdata: 00074044, insn: 00f9e9b3, mode: 3, rs1_addr: 19, rs1_rdata: dffeffff, rs2_addr: 15, rs2_rdata: 7d5bfff6, rd_addr: 19, rd_wdata: dfffb7ff, mem_addr: dfffb7ff, mem_rdata: 00000000, mem_wdata: 00fab7ff
ClkCycle:       3623, pc_rdata: 00074044, pc_wdata: 00074048, insn: 0079da13, mode: 3, rs1_addr: 19, rs1_rdata: dfffb7ff, rs2_addr:  7, rs2_rdata: 003fbb6f, rd_addr: 20, rd_wdata: d5bfff6f, mem_addr: d5bfff6f, mem_rdata: 00000000, mem_wdata: 003fbb6f
ClkCycle:       3624, pc_rdata: 00074048, pc_wdata: 0007404c, insn: 0399d793, mode: 3, rs1_addr: 19, rs1_rdata: dfffb7ff, rs2_addr: 25, rs2_rdata: 00000000, rd_addr: 15, rd_wdata: 0001f56f, mem_addr: 0001f56f, mem_rdata: 00000000, mem_wdata: 00000000
ClkCycle:       3625, pc_rdata: 0007404c, pc_wdata: 00074050, insn: 00fa6a33, mode: 3, rs1_addr: 20, rs1_rdata: d5bffdff, rs2_addr: 15, rs2_rdata: 00fab7ff, rd_addr: 20, rd_wdata: d5bfff6f, mem_addr: d5bfff6f, mem_rdata: 00000000, mem_wdata: 0001f56f
ClkCycle:       3626, pc_rdata: 00074050, pc_wdata: 00074054, insn: 007a5a93, mode: 3, rs1_addr: 20, rs1_rdata: d5bfff6f, rs2_addr:  7, rs2_rdata: 003fbb6f, rd_addr: 21, rd_wdata: 0fab7ffe, mem_addr: 0fab7ffe, mem_rdata: 00000000, mem_wdata: 003fbb6f
ClkCycle:       3627, pc_rdata: 00074054, pc_wdata: 00074058, insn: 039a5793, mode: 3, rs1_addr: 20, rs1_rdata: d5bfff6f, rs2_addr: 25, rs2_rdata: 00000000, rd_addr: 15, rd_wdata: 000003ea, mem_addr: 000003ea, mem_rdata: 00000000, mem_wdata: 00000000
ClkCycle:       3628, pc_rdata: 00074058, pc_wdata: 0007405c, insn: 00faeab3, mode: 3, rs1_addr: 21, rs1_rdata: 0fab7ffb, rs2_addr: 15, rs2_rdata: 0001f56f, rd_addr: 21, rd_wdata: 0fab7ffe, mem_addr: 0fab7ffe, mem_rdata: 00000000, mem_wdata: 000003ea
ClkCycle:       3629, pc_rdata: 0007405c, pc_wdata: 00074060, insn: 007adb13, mode: 3, rs1_addr: 21, rs1_rdata: 0fab7ffe, rs2_addr:  7, rs2_rdata: 003fbb6f, rd_addr: 22, rd_wdata: 001f56ff, mem_addr: 001f56ff, mem_rdata: 00000000, mem_wdata: 003fbb6f
ClkCycle:       3630, pc_rdata: 00074060, pc_wdata: 00074064, insn: 039ad793, mode: 3, rs1_addr: 21, rs1_rdata: 0fab7ffe, rs2_addr: 25, rs2_rdata: 00000000, rd_addr: 15, rd_wdata: 00000007, mem_addr: 00000007, mem_rdata: 00000000, mem_wdata: 00000000
ClkCycle:       3631, pc_rdata: 00074064, pc_wdata: 00074068, insn: 00fb6b33, mode: 3, rs1_addr: 22, rs1_rdata: 001f56ff, rs2_addr: 15, rs2_rdata: 000003ea, rd_addr: 22, rd_wdata: 001f56ff, mem_addr: 001f56ff, mem_rdata: 00000000, mem_wdata: 00000007
ClkCycle:       3632, pc_rdata: 00074068, pc_wdata: 0007406c, insn: 007b5b93, mode: 3, rs1_addr: 22, rs1_rdata: 001f56ff, rs2_addr:  7, rs2_rdata: 003fbb6f, rd_addr: 23, rd_wdata: 00003ead, mem_addr: 00003ead, mem_rdata: 00000000, mem_wdata: 003fbb6f
ClkCycle:       3633, pc_rdata: 0007406c, pc_wdata: 00074070, insn: 039b5793, mode: 3, rs1_addr: 22, rs1_rdata: 001f56ff, rs2_addr: 25, rs2_rdata: 00000000, rd_addr: 15, rd_wdata: 00000000, mem_addr: 00000000, mem_rdata: 00000000, mem_wdata: 00000000
ClkCycle:       3634, pc_rdata: 00074070, pc_wdata: 00074074, insn: 00fbebb3, mode: 3, rs1_addr: 23, rs1_rdata: 00003ead, rs2_addr: 15, rs2_rdata: 00000007, rd_addr: 23, rd_wdata: 00003ead, mem_addr: 00003ead, mem_rdata: 00000000, mem_wdata: 00000000
ClkCycle:       3635, pc_rdata: 00074074, pc_wdata: 00074078, insn: 007bdc13, mode: 3, rs1_addr: 23, rs1_rdata: 00003ead, rs2_addr:  7, rs2_rdata: 003fbb6f, rd_addr: 24, rd_wdata: 0000007d, mem_addr: 0000007d, mem_rdata: 00000000, mem_wdata: 003fbb6f
ClkCycle:       3636, pc_rdata: 00074078, pc_wdata: 0007407c, insn: 039bd793, mode: 3, rs1_addr: 23, rs1_rdata: 00003ead, rs2_addr: 25, rs2_rdata: 00000000, rd_addr: 15, rd_wdata: 00000000, mem_addr: 00000000, mem_rdata: 00000000, mem_wdata: 00000000
ClkCycle:       3637, pc_rdata: 0007407c, pc_wdata: 00074080, insn: 00fc6c33, mode: 3, rs1_addr: 24, rs1_rdata: 0000007d, rs2_addr: 15, rs2_rdata: 00000000, rd_addr: 24, rd_wdata: 0000007d, mem_addr: 0000007d, mem_rdata: 00000000, mem_wdata: 00000000
ClkCycle:       3638, pc_rdata: 00074080, pc_wdata: 00074084, insn: 007c5c93, mode: 3, rs1_addr: 24, rs1_rdata: 0000007d, rs2_addr:  7, rs2_rdata: 003fbb6f, rd_addr: 25, rd_wdata: 00000000, mem_addr: 00000000, mem_rdata: 00000000, mem_wdata: 003fbb6f
ClkCycle:       3639, pc_rdata: 00074084, pc_wdata: 00074088, insn: 039c5793, mode: 3, rs1_addr: 24, rs1_rdata: 0000007d, rs2_addr: 25, rs2_rdata: 00000000, rd_addr: 15, rd_wdata: 00000000, mem_addr: 00000000, mem_rdata: 00000000, mem_wdata: 00000000
ClkCycle:       3640, pc_rdata: 00074088, pc_wdata: 0007408c, insn: 00fcecb3, mode: 3, rs1_addr: 25, rs1_rdata: 00000000, rs2_addr: 15, rs2_rdata: 00000000, rd_addr: 25, rd_wdata: 00000000, mem_addr: 00000000, mem_rdata: 00000000, mem_wdata: 00000000
ClkCycle:       3641, pc_rdata: 0007408c, pc_wdata: 00074090, insn: 007cdd13, mode: 3, rs1_addr: 25, rs1_rdata: 00000000, rs2_addr:  7, rs2_rdata: 003fbb6f, rd_addr: 26, rd_wdata: 00000000, mem_addr: 00000000, mem_rdata: 00000000, mem_wdata: 003fbb6f
ClkCycle:       3642, pc_rdata: 00074090, pc_wdata: 00074094, insn: 039cd793, mode: 3, rs1_addr: 25, rs1_rdata: 00000000, rs2_addr: 25, rs2_rdata: 00000000, rd_addr: 15, rd_wdata: 00000000, mem_addr: 00000000, mem_rdata: 00000000, mem_wdata: 00000000
ClkCycle:       3643, pc_rdata: 00074094, pc_wdata: 00074098, insn: 00fd6d33, mode: 3, rs1_addr: 26, rs1_rdata: 00000000, rs2_addr: 15, rs2_rdata: 00000000, rd_addr: 26, rd_wdata: 00000000, mem_addr: 00000000, mem_rdata: 00000000, mem_wdata: 00000000
ClkCycle:       3644, pc_rdata: 00074098, pc_wdata: 0007409c, insn: 007d5d93, mode: 3, rs1_addr: 26, rs1_rdata: 00000000, rs2_addr:  7, rs2_rdata: 003fbb6f, rd_addr: 27, rd_wdata: 00000000, mem_addr: 00000000, mem_rdata: 00000000, mem_wdata: 003fbb6f
ClkCycle:       3645, pc_rdata: 0007409c, pc_wdata: 000740a0, insn: 039d5793, mode: 3, rs1_addr: 26, rs1_rdata: 00000000, rs2_addr: 25, rs2_rdata: 00000000, rd_addr: 15, rd_wdata: 00000000, mem_addr: 00000000, mem_rdata: 00000000, mem_wdata: 00000000
ClkCycle:       3646, pc_rdata: 000740a0, pc_wdata: 000740a4, insn: 00fdedb3, mode: 3, rs1_addr: 27, rs1_rdata: 00000000, rs2_addr: 15, rs2_rdata: 00000000, rd_addr: 27, rd_wdata: 00000000, mem_addr: 00000000, mem_rdata: 00000000, mem_wdata: 00000000
ClkCycle:       3647, pc_rdata: 000740a4, pc_wdata: 000740a8, insn: 007dde13, mode: 3, rs1_addr: 27, rs1_rdata: 00000000, rs2_addr:  7, rs2_rdata: 003fbb6f, rd_addr: 28, rd_wdata: 00000000, mem_addr: 00000000, mem_rdata: 00000000, mem_wdata: 003fbb6f
ClkCycle:       3648, pc_rdata: 000740a8, pc_wdata: 000740ac, insn: 039dd793, mode: 3, rs1_addr: 27, rs1_rdata: 00000000, rs2_addr: 25, rs2_rdata: 00000000, rd_addr: 15, rd_wdata: 00000000, mem_addr: 00000000, mem_rdata: 00000000, mem_wdata: 00000000
ClkCycle:       3649, pc_rdata: 000740ac, pc_wdata: 000740b0, insn: 00fe6e33, mode: 3, rs1_addr: 28, rs1_rdata: 00000000, rs2_addr: 15, rs2_rdata: 00000000, rd_addr: 28, rd_wdata: 00000000, mem_addr: 00000000, mem_rdata: 00000000, mem_wdata: 00000000
ClkCycle:       3650, pc_rdata: 000740b0, pc_wdata: 000740b4, insn: 007e5e93, mode: 3, rs1_addr: 28, rs1_rdata: 00000000, rs2_addr:  7, rs2_rdata: 003fbb6f, rd_addr: 29, rd_wdata: 00000000, mem_addr: 00000000, mem_rdata: 00000000, mem_wdata: 003fbb6f
ClkCycle:       3651, pc_rdata: 000740b4, pc_wdata: 000740b8, insn: 039e5793, mode: 3, rs1_addr: 28, rs1_rdata: 00000000, rs2_addr: 25, rs2_rdata: 00000000, rd_addr: 15, rd_wdata: 00000000, mem_addr: 00000000, mem_rdata: 00000000, mem_wdata: 00000000
ClkCycle:       3652, pc_rdata: 000740b8, pc_wdata: 000740bc, insn: 00feeeb3, mode: 3, rs1_addr: 29, rs1_rdata: 00000000, rs2_addr: 15, rs2_rdata: 00000000, rd_addr: 29, rd_wdata: 00000000, mem_addr: 00000000, mem_rdata: 00000000, mem_wdata: 00000000
ClkCycle:       3653, pc_rdata: 000740bc, pc_wdata: 000740c0, insn: 007edf13, mode: 3, rs1_addr: 29, rs1_rdata: 00000000, rs2_addr:  7, rs2_rdata: 003fbb6f, rd_addr: 30, rd_wdata: 00000000, mem_addr: 00000000, mem_rdata: 00000000, mem_wdata: 003fbb6f
ClkCycle:       3654, pc_rdata: 000740c0, pc_wdata: 000740c4, insn: 039ed793, mode: 3, rs1_addr: 29, rs1_rdata: 00000000, rs2_addr: 25, rs2_rdata: 00000000, rd_addr: 15, rd_wdata: 00000000, mem_addr: 00000000, mem_rdata: 00000000, mem_wdata: 00000000
ClkCycle:       3655, pc_rdata: 000740c4, pc_wdata: 000740c8, insn: 00ff6f33, mode: 3, rs1_addr: 30, rs1_rdata: 00000000, rs2_addr: 15, rs2_rdata: 00000000, rd_addr: 30, rd_wdata: 00000000, mem_addr: 00000000, mem_rdata: 00000000, mem_wdata: 00000000
ClkCycle:       3656, pc_rdata: 000740c8, pc_wdata: 000740cc, insn: feedc0b7, mode: 3, rs1_addr: 27, rs1_rdata: 00000000, rs2_addr: 14, rs2_rdata: 07f76dfd, rd_addr:  1, rd_wdata: feedc000, mem_addr: feedc000, mem_rdata: 00000000, mem_wdata: 07f76dfd
ClkCycle:       3657, pc_rdata: 000740cc, pc_wdata: 000740d0, insn: ead08093, mode: 3, rs1_addr:  1, rs1_rdata: 00003118, rs2_addr: 13, rs2_rdata: 1fff7fff, rd_addr:  1, rd_wdata: feedbead, mem_addr: feedbead, mem_rdata: 00000000, mem_wdata: 1fff7fff
ClkCycle:       3658, pc_rdata: 000740d0, pc_wdata: 000740d4, insn: 00b09093, mode: 3, rs1_addr:  1, rs1_rdata: 00003118, rs2_addr: 11, rs2_rdata: 00feedbc, rd_addr:  1, rd_wdata: 6df56800, mem_addr: 6df56800, mem_rdata: 00000000, mem_wdata: 00feedbc
ClkCycle:       3659, pc_rdata: 000740d4, pc_wdata: 000740d8, insn: 7f708093, mode: 3, rs1_addr:  1, rs1_rdata: feedc000, rs2_addr: 23, rs2_rdata: 00003ead, rd_addr:  1, rd_wdata: 6df56ff7, mem_addr: 6df56ff7, mem_rdata: 00000000, mem_wdata: 00003ead
ClkCycle:       3660, pc_rdata: 000740d8, pc_wdata: 000740dc, insn: 00b09093, mode: 3, rs1_addr:  1, rs1_rdata: feedbead, rs2_addr: 11, rs2_rdata: 00feedbc, rd_addr:  1, rd_wdata: ab7fb800, mem_addr: ab7fb800, mem_rdata: 00000000, mem_wdata: 00feedbc
ClkCycle:       3661, pc_rdata: 000740dc, pc_wdata: 000740e0, insn: 36f08093, mode: 3, rs1_addr:  1, rs1_rdata: 6df56800, rs2_addr: 15, rs2_rdata: 00000000, rd_addr:  1, rd_wdata: ab7fbb6f, mem_addr: ab7fbb6f, mem_rdata: 00000000, mem_wdata: 00000000
ClkCycle:       3662, pc_rdata: 000740e0, pc_wdata: 000740e4, insn: 00a09093, mode: 3, rs1_addr:  1, rs1_rdata: 6df56ff7, rs2_addr: 10, rs2_rdata: 0001fdff, rd_addr:  1, rd_wdata: feedbc00, mem_addr: feedbc00, mem_rdata: 00000000, mem_wdata: 0001fdff
ClkCycle:       3663, pc_rdata: 000740e4, pc_wdata: 000740e8, insn: 2ad08093, mode: 3, rs1_addr:  1, rs1_rdata: ab7fb800, rs2_addr: 13, rs2_rdata: 1fff7fff, rd_addr:  1, rd_wdata: feedbead, mem_addr: feedbead, mem_rdata: 00000000, mem_wdata: 1fff7fff
ClkCycle:       3664, pc_rdata: 000740e8, pc_wdata: 000740ec, insn: 0070d113, mode: 3, rs1_addr:  1, rs1_rdata: ab7fbb6f, rs2_addr:  7, rs2_rdata: 003fbb6f, rd_addr:  2, rd_wdata: 5bfddb7d, mem_addr: 5bfddb7d, mem_rdata: 00000000, mem_wdata: 003fbb6f
ClkCycle:       3665, pc_rdata: 000740ec, pc_wdata: 000740f0, insn: 0390d793, mode: 3, rs1_addr:  1, rs1_rdata: feedbc00, rs2_addr: 25, rs2_rdata: 00000000, rd_addr: 15, rd_wdata: 76df56ff, mem_addr: 76df56ff, mem_rdata: 00000000, mem_wdata: 00000000
ClkCycle:       3666, pc_rdata: 000740f0, pc_wdata: 000740f4, insn: 00f16133, mode: 3, rs1_addr:  2, rs1_rdata: 7fffdfff, rs2_addr: 15, rs2_rdata: 00000000, rd_addr:  2, rd_wdata: 7fffdfff, mem_addr: 7fffdfff, mem_rdata: 00000000, mem_wdata: 76df56ff
ClkCycle:       3667, pc_rdata: 000740f4, pc_wdata: 000740f8, insn: 00715193, mode: 3, rs1_addr:  2, rs1_rdata: 5bfddb7d, rs2_addr:  7, rs2_rdata: 003fbb6f, rd_addr:  3, rd_wdata: feffffbf, mem_addr: feffffbf, mem_rdata: 00000000, mem_wdata: 003fbb6f
ClkCycle:       3668, pc_rdata: 000740f8, pc_wdata: 000740fc, insn: 03915793, mode: 3, rs1_addr:  2, rs1_rdata: 5bfddb7d, rs2_addr: 25, rs2_rdata: 00000000, rd_addr: 15, rd_wdata: feedbfbf, mem_addr: feedbfbf, mem_rdata: 00000000, mem_wdata: 00000000
ClkCycle:       3669, pc_rdata: 000740fc, pc_wdata: 00074100, insn: 00f1e1b3, mode: 3, rs1_addr:  3, rs1_rdata: feffffbf, rs2_addr: 15, rs2_rdata: 76df56ff, rd_addr:  3, rd_wdata: feffffbf, mem_addr: feffffbf, mem_rdata: 00000000, mem_wdata: feedbfbf
ClkCycle:       3670, pc_rdata: 00074100, pc_wdata: 00074104, insn: 0071d213, mode: 3, rs1_addr:  3, rs1_rdata: feffffbf, rs2_addr:  7, rs2_rdata: 003fbb6f, rd_addr:  4, rd_wdata: 6dfdffff, mem_addr: 6dfdffff, mem_rdata: 00000000, mem_wdata: 003fbb6f
ClkCycle:       3671, pc_rdata: 00074104, pc_wdata: 00074108, insn: 0391d793, mode: 3, rs1_addr:  3, rs1_rdata: feffffbf, rs2_addr: 25, rs2_rdata: 00000000, rd_addr: 15, rd_wdata: 01fddb7f, mem_addr: 01fddb7f, mem_rdata: 00000000, mem_wdata: 00000000
ClkCycle:       3672, pc_rdata: 00074108, pc_wdata: 0007410c, insn: 00f26233, mode: 3, rs1_addr:  4, rs1_rdata: 6dfdffff, rs2_addr: 15, rs2_rdata: feedbfbf, rd_addr:  4, rd_wdata: 6dfdffff, mem_addr: 6dfdffff, mem_rdata: 00000000, mem_wdata: 01fddb7f
ClkCycle:       3673, pc_rdata: 0007410c, pc_wdata: 00074110, insn: 00725293, mode: 3, rs1_addr:  4, rs1_rdata: 6dfdffff, rs2_addr:  7, rs2_rdata: 003fbb6f, rd_addr:  5, rd_wdata: eedbfbff, mem_addr: eedbfbff, mem_rdata: 00000000, mem_wdata: 003fbb6f
ClkCycle:       3674, pc_rdata: 00074110, pc_wdata: 00074114, insn: 03925793, mode: 3, rs1_addr:  4, rs1_rdata: 6dfdffff, rs2_addr: 25, rs2_rdata: 00000000, rd_addr: 15, rd_wdata: 0003fbb6, mem_addr: 0003fbb6, mem_rdata: 00000000, mem_wdata: 00000000
ClkCycle:       3675, pc_rdata: 00074114, pc_wdata: 00074118, insn: 00f2e2b3, mode: 3, rs1_addr:  5, rs1_rdata: eedbfbff, rs2_addr: 15, rs2_rdata: 01fddb7f, rd_addr:  5, rd_wdata: eedbfbff, mem_addr: eedbfbff, mem_rdata: 00000000, mem_wdata: 0003fbb6
ClkCycle:       3676, pc_rdata: 00074118, pc_wdata: 0007411c, insn: 0072d313, mode: 3, rs1_addr:  5, rs1_rdata: eedbfbff, rs2_addr:  7, rs2_rdata: 003fbb6f, rd_addr:  6, rd_wdata: 1fddb7f7, mem_addr: 1fddb7f7, mem_rdata: 00000000, mem_wdata: 003fbb6f
ClkCycle:       3677, pc_rdata: 0007411c, pc_wdata: 00074120, insn: 0392d793, mode: 3, rs1_addr:  5, rs1_rdata: eedbfbff, rs2_addr: 25, rs2_rdata: 00000000, rd_addr: 15, rd_wdata: 000007f7, mem_addr: 000007f7, mem_rdata: 00000000, mem_wdata: 00000000
ClkCycle:       3678, pc_rdata: 00074120, pc_wdata: 00074124, insn: 00f36333, mode: 3, rs1_addr:  6, rs1_rdata: 7fffe34d, rs2_addr: 15, rs2_rdata: 0003fbb6, rd_addr:  6, rd_wdata: 1fddb7f7, mem_addr: 1fddb7f7, mem_rdata: 00000000, mem_wdata: 000007f7
ClkCycle:       3679, pc_rdata: 00074124, pc_wdata: 00074128, insn: 00735393, mode: 3, rs1_addr:  6, rs1_rdata: 1fddb7f7, rs2_addr:  7, rs2_rdata: 003fbb6f, rd_addr:  7, rd_wdata: 003fbb6f, mem_addr: 003fbb6f, mem_rdata: 00000000, mem_wdata: 003fbb6f
ClkCycle:       3680, pc_rdata: 00074128, pc_wdata: 0007412c, insn: 03935793, mode: 3, rs1_addr:  6, rs1_rdata: 1fddb7f7, rs2_addr: 25, rs2_rdata: 00000000, rd_addr: 15, rd_wdata: 0000000f, mem_addr: 0000000f, mem_rdata: 00000000, mem_wdata: 00000000
ClkCycle:       3681, pc_rdata: 0007412c, pc_wdata: 00074130, insn: 00f3e3b3, mode: 3, rs1_addr:  7, rs1_rdata: 003fbb6f, rs2_addr: 15, rs2_rdata: 000007f7, rd_addr:  7, rd_wdata: 003fbb6f, mem_addr: 003fbb6f, mem_rdata: 00000000, mem_wdata: 0000000f
ClkCycle:       3682, pc_rdata: 00074130, pc_wdata: 00074134, insn: 0073d413, mode: 3, rs1_addr:  7, rs1_rdata: 003fbb6f, rs2_addr:  7, rs2_rdata: 003fbb6f, rd_addr:  8, rd_wdata: 00007f76, mem_addr: 00007f76, mem_rdata: 00000000, mem_wdata: 003fbb6f
ClkCycle:       3683, pc_rdata: 00074134, pc_wdata: 00074138, insn: 0393d793, mode: 3, rs1_addr:  7, rs1_rdata: 003fbb6f, rs2_addr: 25, rs2_rdata: 00000000, rd_addr: 15, rd_wdata: 00000000, mem_addr: 00000000, mem_rdata: 00000000, mem_wdata: 00000000
ClkCycle:       3684, pc_rdata: 00074138, pc_wdata: 0007413c, insn: 00f46433, mode: 3, rs1_addr:  8, rs1_rdata: 7fffdfff, rs2_addr: 15, rs2_rdata: 0000000f, rd_addr:  8, rd_wdata: 00007f76, mem_addr: 00007f76, mem_rdata: 00000000, mem_wdata: 00000000
ClkCycle:       3685, pc_rdata: 0007413c, pc_wdata: 00074140, insn: 00745493, mode: 3, rs1_addr:  8, rs1_rdata: 00007f76, rs2_addr:  7, rs2_rdata: 003fbb6f, rd_addr:  9, rd_wdata: 000000fe, mem_addr: 000000fe, mem_rdata: 00000000, mem_wdata: 003fbb6f
ClkCycle:       3686, pc_rdata: 00074140, pc_wdata: 00074144, insn: 03945793, mode: 3, rs1_addr:  8, rs1_rdata: 00007f76, rs2_addr: 25, rs2_rdata: 00000000, rd_addr: 15, rd_wdata: 00000000, mem_addr: 00000000, mem_rdata: 00000000, mem_wdata: 00000000
ClkCycle:       3687, pc_rdata: 00074144, pc_wdata: 00074148, insn: 00f4e4b3, mode: 3, rs1_addr:  9, rs1_rdata: 00000000, rs2_addr: 15, rs2_rdata: 00000000, rd_addr:  9, rd_wdata: 000000fe, mem_addr: 000000fe, mem_rdata: 00000000, mem_wdata: 00000000
ClkCycle:       3688, pc_rdata: 00074148, pc_wdata: 0007414c, insn: 0074d513, mode: 3, rs1_addr:  9, rs1_rdata: 000000fe, rs2_addr:  7, rs2_rdata: 003fbb6f, rd_addr: 10, rd_wdata: 00000001, mem_addr: 00000001, mem_rdata: 00000000, mem_wdata: 003fbb6f
ClkCycle:       3689, pc_rdata: 0007414c, pc_wdata: 00074150, insn: 0394d793, mode: 3, rs1_addr:  9, rs1_rdata: 000000fe, rs2_addr: 25, rs2_rdata: 00000000, rd_addr: 15, rd_wdata: 00000000, mem_addr: 00000000, mem_rdata: 00000000, mem_wdata: 00000000
ClkCycle:       3690, pc_rdata: 00074150, pc_wdata: 00074154, insn: 00f56533, mode: 3, rs1_addr: 10, rs1_rdata: 0001fdff, rs2_addr: 15, rs2_rdata: 00000000, rd_addr: 10, rd_wdata: 00000001, mem_addr: 00000001, mem_rdata: 00000000, mem_wdata: 00000000
ClkCycle:       3691, pc_rdata: 00074154, pc_wdata: 00074158, insn: 00755593, mode: 3, rs1_addr: 10, rs1_rdata: 00000001, rs2_addr:  7, rs2_rdata: 003fbb6f, rd_addr: 11, rd_wdata: 00000000, mem_addr: 00000000, mem_rdata: 00000000, mem_wdata: 003fbb6f
ClkCycle:       3692, pc_rdata: 00074158, pc_wdata: 0007415c, insn: 03955793, mode: 3, rs1_addr: 10, rs1_rdata: 00000001, rs2_addr: 25, rs2_rdata: 00000000, rd_addr: 15, rd_wdata: 00000000, mem_addr: 00000000, mem_rdata: 00000000, mem_wdata: 00000000
ClkCycle:       3693, pc_rdata: 0007415c, pc_wdata: 00074160, insn: 00f5e5b3, mode: 3, rs1_addr: 11, rs1_rdata: 00feedbc, rs2_addr: 15, rs2_rdata: 00000000, rd_addr: 11, rd_wdata: 00000000, mem_addr: 00000000, mem_rdata: 00000000, mem_wdata: 00000000
ClkCycle:       3694, pc_rdata: 00074160, pc_wdata: 00074164, insn: 0075d613, mode: 3, rs1_addr: 11, rs1_rdata: 00000000, rs2_addr:  7, rs2_rdata: 003fbb6f, rd_addr: 12, rd_wdata: 00000000, mem_addr: 00000000, mem_rdata: 00000000, mem_wdata: 003fbb6f
ClkCycle:       3695, pc_rdata: 00074164, pc_wdata: 00074168, insn: 0395d793, mode: 3, rs1_addr: 11, rs1_rdata: 00000000, rs2_addr: 25, rs2_rdata: 00000000, rd_addr: 15, rd_wdata: 00000000, mem_addr: 00000000, mem_rdata: 00000000, mem_wdata: 00000000
ClkCycle:       3696, pc_rdata: 00074168, pc_wdata: 0007416c, insn: 00f66633, mode: 3, rs1_addr: 12, rs1_rdata: fbffff02, rs2_addr: 15, rs2_rdata: 00000000, rd_addr: 12, rd_wdata: 00000000, mem_addr: 00000000, mem_rdata: 00000000, mem_wdata: 00000000
ClkCycle:       3697, pc_rdata: 0007416c, pc_wdata: 00074170, insn: 00765693, mode: 3, rs1_addr: 12, rs1_rdata: 00000000, rs2_addr:  7, rs2_rdata: 003fbb6f, rd_addr: 13, rd_wdata: 00000000, mem_addr: 00000000, mem_rdata: 00000000, mem_wdata: 003fbb6f
ClkCycle:       3698, pc_rdata: 00074170, pc_wdata: 00074174, insn: 03965793, mode: 3, rs1_addr: 12, rs1_rdata: 00000000, rs2_addr: 25, rs2_rdata: 00000000, rd_addr: 15, rd_wdata: 00000000, mem_addr: 00000000, mem_rdata: 00000000, mem_wdata: 00000000
ClkCycle:       3699, pc_rdata: 00074174, pc_wdata: 00074178, insn: 00f6e6b3, mode: 3, rs1_addr: 13, rs1_rdata: 1fff7fff, rs2_addr: 15, rs2_rdata: 00000000, rd_addr: 13, rd_wdata: 00000000, mem_addr: 00000000, mem_rdata: 00000000, mem_wdata: 00000000
ClkCycle:       3700, pc_rdata: 00074178, pc_wdata: 0007417c, insn: 00000013, mode: 3, rs1_addr:  0, rs1_rdata: 00000000, rs2_addr:  0, rs2_rdata: 00000000, rd_addr:  0, rd_wdata: 00000000, mem_addr: 00000000, mem_rdata: 00000000, mem_wdata: 00000000
ClkCycle:       3701, pc_rdata: 0007417c, pc_wdata: 00074180, insn: 00000013, mode: 3, rs1_addr:  0, rs1_rdata: 00000000, rs2_addr:  0, rs2_rdata: 00000000, rd_addr:  0, rd_wdata: 00000000, mem_addr: 00000000, mem_rdata: 00000000, mem_wdata: 00000000
ClkCycle:       3702, pc_rdata: 00074180, pc_wdata: 00074184, insn: 00003097, mode: 3, rs1_addr:  0, rs1_rdata: 00000000, rs2_addr:  0, rs2_rdata: 00000000, rd_addr:  1, rd_wdata: 00077180, mem_addr: 00077180, mem_rdata: 00000000, mem_wdata: 00000000
ClkCycle:       3703, pc_rdata: 00074184, pc_wdata: 00074188, insn: f9808093, mode: 3, rs1_addr:  1, rs1_rdata: feedbead, rs2_addr: 24, rs2_rdata: 0000007d, rd_addr:  1, rd_wdata: 00077118, mem_addr: 00077118, mem_rdata: 00000000, mem_wdata: 0000007d
ClkCycle:       3704, pc_rdata: 00074188, pc_wdata: 0007418c, insn: 00000013, mode: 3, rs1_addr:  0, rs1_rdata: 00000000, rs2_addr:  0, rs2_rdata: 00000000, rd_addr:  0, rd_wdata: 00000000, mem_addr: 00000000, mem_rdata: 00000000, mem_wdata: 00000000
ClkCycle:       3705, pc_rdata: 0007418c, pc_wdata: 00074190, insn: 00000013, mode: 3, rs1_addr:  0, rs1_rdata: 00000000, rs2_addr:  0, rs2_rdata: 00000000, rd_addr:  0, rd_wdata: 00000000, mem_addr: 00000000, mem_rdata: 00000000, mem_wdata: 00000000
ClkCycle:       3706, pc_rdata: 00074190, pc_wdata: 00074194, insn: 00000013, mode: 3, rs1_addr:  0, rs1_rdata: 00000000, rs2_addr:  0, rs2_rdata: 00000000, rd_addr:  0, rd_wdata: 00000000, mem_addr: 00000000, mem_rdata: 00000000, mem_wdata: 00000000
ClkCycle:       3707, pc_rdata: 00074194, pc_wdata: 00074198, insn: 00000013, mode: 3, rs1_addr:  0, rs1_rdata: 00000000, rs2_addr:  0, rs2_rdata: 00000000, rd_addr:  0, rd_wdata: 00000000, mem_addr: 00000000, mem_rdata: 00000000, mem_wdata: 00000000
ClkCycle:       3708, pc_rdata: 00074198, pc_wdata: 0007419c, insn: 00000013, mode: 3, rs1_addr:  0, rs1_rdata: 00000000, rs2_addr:  0, rs2_rdata: 00000000, rd_addr:  0, rd_wdata: 00000000, mem_addr: 00000000, mem_rdata: 00000000, mem_wdata: 00000000
ClkCycle:       3709, pc_rdata: 0007419c, pc_wdata: 000741a0, insn: 00000013, mode: 3, rs1_addr:  0, rs1_rdata: 00000000, rs2_addr:  0, rs2_rdata: 00000000, rd_addr:  0, rd_wdata: 00000000, mem_addr: 00000000, mem_rdata: 00000000, mem_wdata: 00000000
ClkCycle:       3710, pc_rdata: 000741a0, pc_wdata: 000741a4, insn: 00100693, mode: 3, rs1_addr:  0, rs1_rdata: 00000000, rs2_addr:  1, rs2_rdata: 00077118, rd_addr: 13, rd_wdata: 00000001, mem_addr: 00000001, mem_rdata: 00000000, mem_wdata: 00077118
ClkCycle:       3711, pc_rdata: 000741a4, pc_wdata: 000741a8, insn: 03269693, mode: 3, rs1_addr: 13, rs1_rdata: 00000000, rs2_addr: 18, rs2_rdata: ffdbffff, rd_addr: 13, rd_wdata: 00040000, mem_addr: 00040000, mem_rdata: 00000000, mem_wdata: ffdbffff
ClkCycle:       3712, pc_rdata: 000741a8, pc_wdata: 000741ac, insn: fff6c693, mode: 3, rs1_addr: 13, rs1_rdata: 00000000, rs2_addr: 31, rs2_rdata: 00000000, rd_addr: 13, rd_wdata: fffbffff, mem_addr: fffbffff, mem_rdata: 00000000, mem_wdata: 00000000
ClkCycle:       3713, pc_rdata: 000741ac, pc_wdata: 000741ae, insn: b023828d, mode: 3, rs1_addr: 13, rs1_rdata: 00000001, rs2_addr:  3, rs2_rdata: feffffbf, rd_addr: 13, rd_wdata: 1fff7fff, mem_addr: 1fff7fff, mem_rdata: 00000000, mem_wdata: feffffbf
ClkCycle:       3714, pc_rdata: 000741ae, pc_wdata: 000741b2, insn: b023828d, mode: 3, rs1_addr:  0, rs1_rdata: 00000000, rs2_addr:  0, rs2_rdata: 00000000, rd_addr:  0, rd_wdata: 00000000, mem_addr: 00000000, mem_rdata: 00000000, mem_wdata: 00000000
0000000100077118
ClkCycle:       3715, pc_rdata: 000741b2, pc_wdata: 000741b6, insn: 95930010, mode: 3, rs1_addr:  1, rs1_rdata: 00077118, rs2_addr:  1, rs2_rdata: 00077118, rd_addr:  0, rd_wdata: 00077118, mem_addr: 00077118, mem_rdata: 00000000, mem_wdata: 00077118
ClkCycle:       3716, pc_rdata: 000741b6, pc_wdata: 000741ba, insn: 95930010, mode: 3, rs1_addr:  0, rs1_rdata: 00000000, rs2_addr:  0, rs2_rdata: 00000000, rd_addr:  0, rd_wdata: 00000000, mem_addr: 00000000, mem_rdata: 00000000, mem_wdata: 00000000
ClkCycle:       3717, pc_rdata: 000741ba, pc_wdata: 000741be, insn: 00b0b423, mode: 3, rs1_addr:  7, rs1_rdata: 003fbb6f, rs2_addr:  2, rs2_rdata: 7fffdfff, rd_addr: 11, rd_wdata: 00feedbc, mem_addr: 00feedbc, mem_rdata: 00000000, mem_wdata: 7fffdfff
ClkCycle:       3718, pc_rdata: 000741be, pc_wdata: 000741c2, insn: 00b0b423, mode: 3, rs1_addr:  0, rs1_rdata: 00000000, rs2_addr:  0, rs2_rdata: 00000000, rd_addr:  0, rd_wdata: 00000000, mem_addr: 00000000, mem_rdata: 00000000, mem_wdata: 00000000
ClkCycle:       3719, pc_rdata: 000741c2, pc_wdata: 000741c4, insn: b8238215, mode: 3, rs1_addr:  2, rs1_rdata: 7fffdfff, rs2_addr:  8, rs2_rdata: 00007f76, rd_addr: 12, rd_wdata: 7fffe047, mem_addr: 7fffe047, mem_rdata: 00000000, mem_wdata: 00007f76
ClkCycle:       3720, pc_rdata: 000741c4, pc_wdata: 000741c6, insn: b8238215, mode: 3, rs1_addr: 12, rs1_rdata: 00000000, rs2_addr:  5, rs2_rdata: eedbfbff, rd_addr: 12, rd_wdata: fbffff02, mem_addr: fbffff02, mem_rdata: 00000000, mem_wdata: eedbfbff
ClkCycle:       3721, pc_rdata: 000741c6, pc_wdata: 000741ca, insn: b8238215, mode: 3, rs1_addr:  0, rs1_rdata: 00000000, rs2_addr:  0, rs2_rdata: 00000000, rd_addr:  0, rd_wdata: 00000000, mem_addr: 00000000, mem_rdata: 00000000, mem_wdata: 00000000
0000000000000000
ClkCycle:       3722, pc_rdata: 000741ca, pc_wdata: 000741ce, insn: 1513fff0, mode: 3, rs1_addr:  1, rs1_rdata: 00077118, rs2_addr: 31, rs2_rdata: 00000000, rd_addr: 16, rd_wdata: 00077108, mem_addr: 00077108, mem_rdata: 00000000, mem_wdata: 00000000
ClkCycle:       3723, pc_rdata: 000741ce, pc_wdata: 000741d2, insn: 1513fff0, mode: 3, rs1_addr:  0, rs1_rdata: 00000000, rs2_addr:  0, rs2_rdata: 00000000, rd_addr:  0, rd_wdata: 00000000, mem_addr: 00000000, mem_rdata: 00000000, mem_wdata: 00000000
ClkCycle:       3724, pc_rdata: 000741d2, pc_wdata: 000741d6, insn: 00a0bc23, mode: 3, rs1_addr:  6, rs1_rdata: 1fddb7f7, rs2_addr:  2, rs2_rdata: 7fffdfff, rd_addr: 10, rd_wdata: 7f76dfdc, mem_addr: 7f76dfdc, mem_rdata: 00000000, mem_wdata: 7fffdfff
ClkCycle:       3725, pc_rdata: 000741d6, pc_wdata: 000741da, insn: 00a0bc23, mode: 3, rs1_addr:  0, rs1_rdata: 00000000, rs2_addr:  0, rs2_rdata: 00000000, rd_addr:  0, rd_wdata: 00000000, mem_addr: 00000000, mem_rdata: 00000000, mem_wdata: 00000000
ClkCycle:       3726, pc_rdata: 000741da, pc_wdata: 000741dc, insn: b023839d, mode: 3, rs1_addr:  2, rs1_rdata: 7fffdfff, rs2_addr:  8, rs2_rdata: 00007f76, rd_addr:  8, rd_wdata: 7fffe047, mem_addr: 7fffe047, mem_rdata: 00000000, mem_wdata: 00007f76
ClkCycle:       3727, pc_rdata: 000741dc, pc_wdata: 000741de, insn: b023839d, mode: 3, rs1_addr: 15, rs1_rdata: 00000000, rs2_addr:  7, rs2_rdata: 003fbb6f, rd_addr: 15, rd_wdata: 00000000, mem_addr: 00000000, mem_rdata: 00000000, mem_wdata: 003fbb6f
ClkCycle:       3728, pc_rdata: 000741de, pc_wdata: 000741e2, insn: b023839d, mode: 3, rs1_addr:  0, rs1_rdata: 00000000, rs2_addr:  0, rs2_rdata: 00000000, rd_addr:  0, rd_wdata: 00000000, mem_addr: 00000000, mem_rdata: 00000000, mem_wdata: 00000000
0000000000000000
ClkCycle:       3729, pc_rdata: 000741e2, pc_wdata: 000741e6, insn: 5713fff0, mode: 3, rs1_addr:  1, rs1_rdata: 00077118, rs2_addr: 31, rs2_rdata: 00000000, rd_addr:  0, rd_wdata: 000770f8, mem_addr: 000770f8, mem_rdata: 00000000, mem_wdata: 00000000
ClkCycle:       3730, pc_rdata: 000741e6, pc_wdata: 000741ea, insn: 5713fff0, mode: 3, rs1_addr:  0, rs1_rdata: 00000000, rs2_addr:  0, rs2_rdata: 00000000, rd_addr:  0, rd_wdata: 00000000, mem_addr: 00000000, mem_rdata: 00000000, mem_wdata: 00000000
ClkCycle:       3731, pc_rdata: 000741ea, pc_wdata: 000741ee, insn: 02e0b423, mode: 3, rs1_addr:  6, rs1_rdata: 1fddb7f7, rs2_addr:  2, rs2_rdata: 7fffdfff, rd_addr: 14, rd_wdata: 07f76dfd, mem_addr: 07f76dfd, mem_rdata: 00000000, mem_wdata: 7fffdfff
ClkCycle:       3732, pc_rdata: 000741ee, pc_wdata: 000741f2, insn: 02e0b423, mode: 3, rs1_addr:  0, rs1_rdata: 00000000, rs2_addr:  0, rs2_rdata: 00000000, rd_addr:  0, rd_wdata: 00000000, mem_addr: 00000000, mem_rdata: 00000000, mem_wdata: 00000000
ClkCycle:       3733, pc_rdata: 000741f2, pc_wdata: 000741f4, insn: b82380a1, mode: 3, rs1_addr:  2, rs1_rdata: 7fffdfff, rs2_addr: 12, rs2_rdata: fbffff02, rd_addr:  8, rd_wdata: 7fffe14b, mem_addr: 7fffe14b, mem_rdata: 00000000, mem_wdata: fbffff02
ClkCycle:       3734, pc_rdata: 000741f4, pc_wdata: 000741f6, insn: b82380a1, mode: 3, rs1_addr:  9, rs1_rdata: 000000fe, rs2_addr:  8, rs2_rdata: 7fffe047, rd_addr:  9, rd_wdata: 00000000, mem_addr: 00000000, mem_rdata: 00000000, mem_wdata: 7fffe14b
ClkCycle:       3735, pc_rdata: 000741f6, pc_wdata: 000741fa, insn: b82380a1, mode: 3, rs1_addr:  0, rs1_rdata: 00000000, rs2_addr:  0, rs2_rdata: 00000000, rd_addr:  0, rd_wdata: 00000000, mem_addr: 00000000, mem_rdata: 00000000, mem_wdata: 00000000
01fddb7f7fffdfff
ClkCycle:       3736, pc_rdata: 000741fa, pc_wdata: 000741fe, insn: 80150020, mode: 3, rs1_addr:  1, rs1_rdata: 00077118, rs2_addr:  2, rs2_rdata: 7fffdfff, rd_addr: 16, rd_wdata: 00077128, mem_addr: 00077128, mem_rdata: 00000000, mem_wdata: 7fffdfff
ClkCycle:       3737, pc_rdata: 000741fe, pc_wdata: 00074202, insn: 80150020, mode: 3, rs1_addr:  0, rs1_rdata: 00000000, rs2_addr:  0, rs2_rdata: 00000000, rd_addr:  0, rd_wdata: 00000000, mem_addr: 00000000, mem_rdata: 00000000, mem_wdata: 00000000
ClkCycle:       3738, pc_rdata: 00074202, pc_wdata: 00074204, insn: 00400513, mode: 3, rs1_addr:  8, rs1_rdata: 7fffe14b, rs2_addr:  5, rs2_rdata: eedbfbff, rd_addr:  8, rd_wdata: fbffff0a, mem_addr: fbffff0a, mem_rdata: 00000000, mem_wdata: eedbfbff
ClkCycle:       3739, pc_rdata: 00074204, pc_wdata: 00074208, insn: 00400513, mode: 3, rs1_addr:  0, rs1_rdata: 00000000, rs2_addr:  4, rs2_rdata: 6dfdffff, rd_addr: 10, rd_wdata: 00000004, mem_addr: 00000004, mem_rdata: 00000000, mem_wdata: 6dfdffff
ClkCycle:       3740, pc_rdata: 00074208, pc_wdata: 0007420a, insn: b0239175, mode: 3, rs1_addr: 10, rs1_rdata: 7f76dfdc, rs2_addr: 29, rs2_rdata: 00000000, rd_addr: 10, rd_wdata: 00000000, mem_addr: 00000000, mem_rdata: 00000000, mem_wdata: 00000000
ClkCycle:       3741, pc_rdata: 0007420a, pc_wdata: 0007420e, insn: b0239175, mode: 3, rs1_addr:  0, rs1_rdata: 00000000, rs2_addr:  0, rs2_rdata: 00000000, rd_addr:  0, rd_wdata: 00000000, mem_addr: 00000000, mem_rdata: 00000000, mem_wdata: 00000000
000feedbfbffff0a
ClkCycle:       3742, pc_rdata: 0007420e, pc_wdata: 00074212, insn: 915d0080, mode: 3, rs1_addr:  1, rs1_rdata: 00077118, rs2_addr:  8, rs2_rdata: fbffff0a, rd_addr:  0, rd_wdata: 00077118, mem_addr: 00077118, mem_rdata: 00000000, mem_wdata: fbffff0a
ClkCycle:       3743, pc_rdata: 00074212, pc_wdata: 00074216, insn: 915d0080, mode: 3, rs1_addr:  0, rs1_rdata: 00000000, rs2_addr:  0, rs2_rdata: 00000000, rd_addr:  0, rd_wdata: 00000000, mem_addr: 00000000, mem_rdata: 00000000, mem_wdata: 00000000
ClkCycle:       3744, pc_rdata: 00074216, pc_wdata: 00074218, insn: 01000513, mode: 3, rs1_addr: 10, rs1_rdata: 00000000, rs2_addr: 23, rs2_rdata: 00003ead, rd_addr: 10, rd_wdata: 00000000, mem_addr: 00000000, mem_rdata: 00000000, mem_wdata: 00003ead
ClkCycle:       3745, pc_rdata: 00074218, pc_wdata: 0007421c, insn: 01000513, mode: 3, rs1_addr:  0, rs1_rdata: 00000000, rs2_addr: 16, rs2_rdata: 7d5bfddb, rd_addr: 10, rd_wdata: 00000010, mem_addr: 00000010, mem_rdata: 00000000, mem_wdata: 7d5bfddb
ClkCycle:       3746, pc_rdata: 0007421c, pc_wdata: 0007421e, insn: b823917d, mode: 3, rs1_addr: 10, rs1_rdata: 00000000, rs2_addr: 31, rs2_rdata: 00000000, rd_addr: 10, rd_wdata: 00000000, mem_addr: 00000000, mem_rdata: 00000000, mem_wdata: 00000000
ClkCycle:       3747, pc_rdata: 0007421e, pc_wdata: 00074222, insn: b823917d, mode: 3, rs1_addr:  0, rs1_rdata: 00000000, rs2_addr:  0, rs2_rdata: 00000000, rd_addr:  0, rd_wdata: 00000000, mem_addr: 00000000, mem_rdata: 00000000, mem_wdata: 00000000
0000000000000000
ClkCycle:       3748, pc_rdata: 00074222, pc_wdata: 00074226, insn: 916d0200, mode: 3, rs1_addr:  1, rs1_rdata: 00077118, rs2_addr:  0, rs2_rdata: 00000000, rd_addr: 16, rd_wdata: 00077148, mem_addr: 00077148, mem_rdata: 00000000, mem_wdata: 00000000
ClkCycle:       3749, pc_rdata: 00074226, pc_wdata: 0007422a, insn: 916d0200, mode: 3, rs1_addr:  0, rs1_rdata: 00000000, rs2_addr:  0, rs2_rdata: 00000000, rd_addr:  0, rd_wdata: 00000000, mem_addr: 00000000, mem_rdata: 00000000, mem_wdata: 00000000
ClkCycle:       3750, pc_rdata: 0007422a, pc_wdata: 0007422c, insn: 04000513, mode: 3, rs1_addr: 10, rs1_rdata: 00000000, rs2_addr: 27, rs2_rdata: 00000000, rd_addr: 10, rd_wdata: 00000000, mem_addr: 00000000, mem_rdata: 00000000, mem_wdata: 00000000
ClkCycle:       3751, pc_rdata: 0007422c, pc_wdata: 00074230, insn: 04000513, mode: 3, rs1_addr:  0, rs1_rdata: 00000000, rs2_addr:  0, rs2_rdata: 00000000, rd_addr: 10, rd_wdata: 00000040, mem_addr: 00000040, mem_rdata: 00000000, mem_wdata: 00000000
ClkCycle:       3752, pc_rdata: 00074230, pc_wdata: 00074232, insn: b0238155, mode: 3, rs1_addr: 10, rs1_rdata: 00000000, rs2_addr: 21, rs2_rdata: 0fab7ffe, rd_addr: 10, rd_wdata: 00000000, mem_addr: 00000000, mem_rdata: 00000000, mem_wdata: 0fab7ffe
ClkCycle:       3753, pc_rdata: 00074232, pc_wdata: 00074236, insn: b0238155, mode: 3, rs1_addr:  0, rs1_rdata: 00000000, rs2_addr:  0, rs2_rdata: 00000000, rd_addr:  0, rd_wdata: 00000000, mem_addr: 00000000, mem_rdata: 00000000, mem_wdata: 00000000
0000000000000000
ClkCycle:       3754, pc_rdata: 00074236, pc_wdata: 0007423a, insn: 81310800, mode: 3, rs1_addr:  1, rs1_rdata: 00077118, rs2_addr:  0, rs2_rdata: 00000000, rd_addr:  0, rd_wdata: 00077198, mem_addr: 00077198, mem_rdata: 00000000, mem_wdata: 00000000
ClkCycle:       3755, pc_rdata: 0007423a, pc_wdata: 0007423e, insn: 81310800, mode: 3, rs1_addr:  0, rs1_rdata: 00000000, rs2_addr:  0, rs2_rdata: 00000000, rd_addr:  0, rd_wdata: 00000000, mem_addr: 00000000, mem_rdata: 00000000, mem_wdata: 00000000
ClkCycle:       3756, pc_rdata: 0007423e, pc_wdata: 00074240, insn: 10000513, mode: 3, rs1_addr: 10, rs1_rdata: 00000000, rs2_addr: 12, rs2_rdata: fbffff02, rd_addr: 10, rd_wdata: 00000000, mem_addr: 00000000, mem_rdata: 00000000, mem_wdata: fbffff02
ClkCycle:       3757, pc_rdata: 00074240, pc_wdata: 00074244, insn: 10000513, mode: 3, rs1_addr:  0, rs1_rdata: 00000000, rs2_addr:  0, rs2_rdata: 00000000, rd_addr: 10, rd_wdata: 00000100, mem_addr: 00000100, mem_rdata: 00000000, mem_wdata: 00000000
ClkCycle:       3758, pc_rdata: 00074244, pc_wdata: 00074246, insn: b8238109, mode: 3, rs1_addr: 10, rs1_rdata: 00000000, rs2_addr:  2, rs2_rdata: 7fffdfff, rd_addr: 10, rd_wdata: 00000040, mem_addr: 00000040, mem_rdata: 00000000, mem_wdata: 7fffdfff
ClkCycle:       3759, pc_rdata: 00074246, pc_wdata: 0007424a, insn: b8238109, mode: 3, rs1_addr:  0, rs1_rdata: 00000000, rs2_addr:  0, rs2_rdata: 00000000, rd_addr:  0, rd_wdata: 00000000, mem_addr: 00000000, mem_rdata: 00000000, mem_wdata: 00000000
0000000000000000
ClkCycle:       3760, pc_rdata: 0007424a, pc_wdata: 0007424e, insn: 916d2000, mode: 3, rs1_addr:  1, rs1_rdata: 00077118, rs2_addr:  0, rs2_rdata: 00000000, rd_addr: 16, rd_wdata: 00077328, mem_addr: 00077328, mem_rdata: 00000000, mem_wdata: 00000000
ClkCycle:       3761, pc_rdata: 0007424e, pc_wdata: 00074252, insn: 916d2000, mode: 3, rs1_addr:  0, rs1_rdata: 00000000, rs2_addr:  0, rs2_rdata: 00000000, rd_addr:  0, rd_wdata: 00000000, mem_addr: 00000000, mem_rdata: 00000000, mem_wdata: 00000000
ClkCycle:       3762, pc_rdata: 00074252, pc_wdata: 00074254, insn: 40000513, mode: 3, rs1_addr: 10, rs1_rdata: 00000040, rs2_addr: 27, rs2_rdata: 00000000, rd_addr: 10, rd_wdata: 00000000, mem_addr: 00000000, mem_rdata: 00000000, mem_wdata: 00000000
ClkCycle:       3763, pc_rdata: 00074254, pc_wdata: 00074258, insn: 40000513, mode: 3, rs1_addr:  0, rs1_rdata: 00000000, rs2_addr:  0, rs2_rdata: 00000000, rd_addr: 10, rd_wdata: 00000400, mem_addr: 00000400, mem_rdata: 00000000, mem_wdata: 00000000
ClkCycle:       3764, pc_rdata: 00074258, pc_wdata: 0007425a, insn: b0238111, mode: 3, rs1_addr: 10, rs1_rdata: 00000040, rs2_addr:  4, rs2_rdata: 6dfdffff, rd_addr: 10, rd_wdata: 00000040, mem_addr: 00000040, mem_rdata: 00000000, mem_wdata: 6dfdffff
ClkCycle:       3765, pc_rdata: 0007425a, pc_wdata: 0007425e, insn: b0238111, mode: 3, rs1_addr:  0, rs1_rdata: 00000000, rs2_addr:  0, rs2_rdata: 00000000, rd_addr:  0, rd_wdata: 00000000, mem_addr: 00000000, mem_rdata: 00000000, mem_wdata: 00000000
0000000100077118
ClkCycle:       3766, pc_rdata: 0007425e, pc_wdata: 00074262, insn: 15130010, mode: 3, rs1_addr:  1, rs1_rdata: 00077118, rs2_addr:  1, rs2_rdata: 00077118, rd_addr:  0, rd_wdata: 00077118, mem_addr: 00077118, mem_rdata: 00000000, mem_wdata: 00077118
ClkCycle:       3767, pc_rdata: 00074262, pc_wdata: 00074266, insn: 15130010, mode: 3, rs1_addr:  0, rs1_rdata: 00000000, rs2_addr:  0, rs2_rdata: 00000000, rd_addr:  0, rd_wdata: 00000000, mem_addr: 00000000, mem_rdata: 00000000, mem_wdata: 00000000
ClkCycle:       3768, pc_rdata: 00074266, pc_wdata: 0007426a, insn: 08a0b423, mode: 3, rs1_addr:  6, rs1_rdata: 1fddb7f7, rs2_addr:  2, rs2_rdata: 7fffdfff, rd_addr: 10, rd_wdata: 7f76dfdc, mem_addr: 7f76dfdc, mem_rdata: 00000000, mem_wdata: 7fffdfff
ClkCycle:       3769, pc_rdata: 0007426a, pc_wdata: 0007426e, insn: 08a0b423, mode: 3, rs1_addr:  0, rs1_rdata: 00000000, rs2_addr:  0, rs2_rdata: 00000000, rd_addr:  0, rd_wdata: 00000000, mem_addr: 00000000, mem_rdata: 00000000, mem_wdata: 00000000
ClkCycle:       3770, pc_rdata: 0007426e, pc_wdata: 00074270, insn: 00c51513, mode: 3, rs1_addr:  2, rs1_rdata: 7fffdfff, rs2_addr: 24, rs2_rdata: 0000007d, rd_addr:  8, rd_wdata: 7fffe057, mem_addr: 7fffe057, mem_rdata: 00000000, mem_wdata: 0000007d
ClkCycle:       3771, pc_rdata: 00074270, pc_wdata: 00074274, insn: 00c51513, mode: 3, rs1_addr: 10, rs1_rdata: 7f76dfdc, rs2_addr: 12, rs2_rdata: fbffff02, rd_addr: 10, rd_wdata: 6dfdc000, mem_addr: 6dfdc000, mem_rdata: 00000000, mem_wdata: fbffff02
ClkCycle:       3772, pc_rdata: 00074274, pc_wdata: 00074276, insn: b823810d, mode: 3, rs1_addr: 10, rs1_rdata: 7f76dfdc, rs2_addr:  3, rs2_rdata: feffffbf, rd_addr: 10, rd_wdata: edbfb800, mem_addr: edbfb800, mem_rdata: 00000000, mem_wdata: feffffbf
ClkCycle:       3773, pc_rdata: 00074276, pc_wdata: 0007427a, insn: b823810d, mode: 3, rs1_addr:  0, rs1_rdata: 00000000, rs2_addr:  0, rs2_rdata: 00000000, rd_addr:  0, rd_wdata: 00000000, mem_addr: 00000000, mem_rdata: 00000000, mem_wdata: 00000000
0000000100077118
ClkCycle:       3774, pc_rdata: 0007427a, pc_wdata: 0007427e, insn: 15130010, mode: 3, rs1_addr:  1, rs1_rdata: 00077118, rs2_addr:  1, rs2_rdata: 00077118, rd_addr: 16, rd_wdata: 00077128, mem_addr: 00077128, mem_rdata: 00000000, mem_wdata: 00077118
ClkCycle:       3775, pc_rdata: 0007427e, pc_wdata: 00074282, insn: 15130010, mode: 3, rs1_addr:  0, rs1_rdata: 00000000, rs2_addr:  0, rs2_rdata: 00000000, rd_addr:  0, rd_wdata: 00000000, mem_addr: 00000000, mem_rdata: 00000000, mem_wdata: 00000000
ClkCycle:       3776, pc_rdata: 00074282, pc_wdata: 00074286, insn: 08a0bc23, mode: 3, rs1_addr:  6, rs1_rdata: 1fddb7f7, rs2_addr:  2, rs2_rdata: 7fffdfff, rd_addr: 10, rd_wdata: 7f76dfdc, mem_addr: 7f76dfdc, mem_rdata: 00000000, mem_wdata: 7fffdfff
ClkCycle:       3777, pc_rdata: 00074286, pc_wdata: 0007428a, insn: 08a0bc23, mode: 3, rs1_addr:  0, rs1_rdata: 00000000, rs2_addr:  0, rs2_rdata: 00000000, rd_addr:  0, rd_wdata: 00000000, mem_addr: 00000000, mem_rdata: 00000000, mem_wdata: 00000000
ClkCycle:       3778, pc_rdata: 0007428a, pc_wdata: 0007428c, insn: 00e51513, mode: 3, rs1_addr:  2, rs1_rdata: 7fffdfff, rs2_addr: 24, rs2_rdata: 0000007d, rd_addr:  8, rd_wdata: 7fffe057, mem_addr: 7fffe057, mem_rdata: 00000000, mem_wdata: 0000007d
ClkCycle:       3779, pc_rdata: 0007428c, pc_wdata: 00074290, insn: 00e51513, mode: 3, rs1_addr: 10, rs1_rdata: 7f76dfdc, rs2_addr: 14, rs2_rdata: 07f76dfd, rd_addr: 10, rd_wdata: b7f70000, mem_addr: b7f70000, mem_rdata: 00000000, mem_wdata: 07f76dfd
ClkCycle:       3780, pc_rdata: 00074290, pc_wdata: 00074292, insn: b0239175, mode: 3, rs1_addr: 10, rs1_rdata: 7f76dfdc, rs2_addr: 29, rs2_rdata: 00000000, rd_addr: 10, rd_wdata: 0000feed, mem_addr: 0000feed, mem_rdata: 00000000, mem_wdata: 00000000
ClkCycle:       3781, pc_rdata: 00074292, pc_wdata: 00074296, insn: b0239175, mode: 3, rs1_addr:  0, rs1_rdata: 00000000, rs2_addr:  0, rs2_rdata: 00000000, rd_addr:  0, rd_wdata: 00000000, mem_addr: 00000000, mem_rdata: 00000000, mem_wdata: 00000000
0000000100077118
ClkCycle:       3782, pc_rdata: 00074296, pc_wdata: 0007429a, insn: 15130010, mode: 3, rs1_addr:  1, rs1_rdata: 00077118, rs2_addr:  1, rs2_rdata: 00077118, rd_addr:  0, rd_wdata: 00077118, mem_addr: 00077118, mem_rdata: 00000000, mem_wdata: 00077118
ClkCycle:       3783, pc_rdata: 0007429a, pc_wdata: 0007429e, insn: 15130010, mode: 3, rs1_addr:  0, rs1_rdata: 00000000, rs2_addr:  0, rs2_rdata: 00000000, rd_addr:  0, rd_wdata: 00000000, mem_addr: 00000000, mem_rdata: 00000000, mem_wdata: 00000000
ClkCycle:       3784, pc_rdata: 0007429e, pc_wdata: 000742a2, insn: 0aa0b423, mode: 3, rs1_addr:  6, rs1_rdata: 1fddb7f7, rs2_addr:  2, rs2_rdata: 7fffdfff, rd_addr: 10, rd_wdata: 7f76dfdc, mem_addr: 7f76dfdc, mem_rdata: 00000000, mem_wdata: 7fffdfff
ClkCycle:       3785, pc_rdata: 000742a2, pc_wdata: 000742a6, insn: 0aa0b423, mode: 3, rs1_addr:  0, rs1_rdata: 00000000, rs2_addr:  0, rs2_rdata: 00000000, rd_addr:  0, rd_wdata: 00000000, mem_addr: 00000000, mem_rdata: 00000000, mem_wdata: 00000000
ClkCycle:       3786, pc_rdata: 000742a6, pc_wdata: 000742a8, insn: 01051513, mode: 3, rs1_addr:  2, rs1_rdata: 7fffdfff, rs2_addr: 24, rs2_rdata: 0000007d, rd_addr:  8, rd_wdata: 7fffe157, mem_addr: 7fffe157, mem_rdata: 00000000, mem_wdata: 0000007d
ClkCycle:       3787, pc_rdata: 000742a8, pc_wdata: 000742ac, insn: 01051513, mode: 3, rs1_addr: 10, rs1_rdata: 7f76dfdc, rs2_addr: 16, rs2_rdata: 7d5bfddb, rd_addr: 10, rd_wdata: dfdc0000, mem_addr: dfdc0000, mem_rdata: 00000000, mem_wdata: 7d5bfddb
ClkCycle:       3788, pc_rdata: 000742ac, pc_wdata: 000742ae, insn: b823810d, mode: 3, rs1_addr: 10, rs1_rdata: 7f76dfdc, rs2_addr:  3, rs2_rdata: feffffbf, rd_addr: 10, rd_wdata: dbfb8000, mem_addr: dbfb8000, mem_rdata: 00000000, mem_wdata: feffffbf
ClkCycle:       3789, pc_rdata: 000742ae, pc_wdata: 000742b2, insn: b823810d, mode: 3, rs1_addr:  0, rs1_rdata: 00000000, rs2_addr:  0, rs2_rdata: 00000000, rd_addr:  0, rd_wdata: 00000000, mem_addr: 00000000, mem_rdata: 00000000, mem_wdata: 00000000
0000000100077118
ClkCycle:       3790, pc_rdata: 000742b2, pc_wdata: 000742b6, insn: 15130010, mode: 3, rs1_addr:  1, rs1_rdata: 00077118, rs2_addr:  1, rs2_rdata: 00077118, rd_addr: 16, rd_wdata: 00077128, mem_addr: 00077128, mem_rdata: 00000000, mem_wdata: 00077118
ClkCycle:       3791, pc_rdata: 000742b6, pc_wdata: 000742ba, insn: 15130010, mode: 3, rs1_addr:  0, rs1_rdata: 00000000, rs2_addr:  0, rs2_rdata: 00000000, rd_addr:  0, rd_wdata: 00000000, mem_addr: 00000000, mem_rdata: 00000000, mem_wdata: 00000000
ClkCycle:       3792, pc_rdata: 000742ba, pc_wdata: 000742be, insn: 0aa0bc23, mode: 3, rs1_addr:  6, rs1_rdata: 1fddb7f7, rs2_addr:  2, rs2_rdata: 7fffdfff, rd_addr: 10, rd_wdata: 7f76dfdc, mem_addr: 7f76dfdc, mem_rdata: 00000000, mem_wdata: 7fffdfff
ClkCycle:       3793, pc_rdata: 000742be, pc_wdata: 000742c2, insn: 0aa0bc23, mode: 3, rs1_addr:  0, rs1_rdata: 00000000, rs2_addr:  0, rs2_rdata: 00000000, rd_addr:  0, rd_wdata: 00000000, mem_addr: 00000000, mem_rdata: 00000000, mem_wdata: 00000000
ClkCycle:       3794, pc_rdata: 000742c2, pc_wdata: 000742c4, insn: 01251513, mode: 3, rs1_addr:  2, rs1_rdata: 7fffdfff, rs2_addr: 24, rs2_rdata: 0000007d, rd_addr:  8, rd_wdata: 7fffe157, mem_addr: 7fffe157, mem_rdata: 00000000, mem_wdata: 0000007d
ClkCycle:       3795, pc_rdata: 000742c4, pc_wdata: 000742c8, insn: 01251513, mode: 3, rs1_addr: 10, rs1_rdata: 7f76dfdc, rs2_addr: 18, rs2_rdata: ffdbffff, rd_addr: 10, rd_wdata: 7f700000, mem_addr: 7f700000, mem_rdata: 00000000, mem_wdata: ffdbffff
ClkCycle:       3796, pc_rdata: 000742c8, pc_wdata: 000742ca, insn: b023817d, mode: 3, rs1_addr: 10, rs1_rdata: 7f76dfdc, rs2_addr: 31, rs2_rdata: 00000000, rd_addr: 10, rd_wdata: 0003fbb6, mem_addr: 0003fbb6, mem_rdata: 00000000, mem_wdata: 00000000
ClkCycle:       3797, pc_rdata: 000742ca, pc_wdata: 000742ce, insn: b023817d, mode: 3, rs1_addr:  0, rs1_rdata: 00000000, rs2_addr:  0, rs2_rdata: 00000000, rd_addr:  0, rd_wdata: 00000000, mem_addr: 00000000, mem_rdata: 00000000, mem_wdata: 00000000
0000000100077118
ClkCycle:       3798, pc_rdata: 000742ce, pc_wdata: 000742d2, insn: 15130010, mode: 3, rs1_addr:  1, rs1_rdata: 00077118, rs2_addr:  1, rs2_rdata: 00077118, rd_addr:  0, rd_wdata: 00077118, mem_addr: 00077118, mem_rdata: 00000000, mem_wdata: 00077118
ClkCycle:       3799, pc_rdata: 000742d2, pc_wdata: 000742d6, insn: 15130010, mode: 3, rs1_addr:  0, rs1_rdata: 00000000, rs2_addr:  0, rs2_rdata: 00000000, rd_addr:  0, rd_wdata: 00000000, mem_addr: 00000000, mem_rdata: 00000000, mem_wdata: 00000000
ClkCycle:       3800, pc_rdata: 000742d6, pc_wdata: 000742da, insn: 0ca0b423, mode: 3, rs1_addr:  6, rs1_rdata: 1fddb7f7, rs2_addr:  2, rs2_rdata: 7fffdfff, rd_addr: 10, rd_wdata: 7f76dfdc, mem_addr: 7f76dfdc, mem_rdata: 00000000, mem_wdata: 7fffdfff
ClkCycle:       3801, pc_rdata: 000742da, pc_wdata: 000742de, insn: 0ca0b423, mode: 3, rs1_addr:  0, rs1_rdata: 00000000, rs2_addr:  0, rs2_rdata: 00000000, rd_addr:  0, rd_wdata: 00000000, mem_addr: 00000000, mem_rdata: 00000000, mem_wdata: 00000000
ClkCycle:       3802, pc_rdata: 000742de, pc_wdata: 000742e0, insn: 01451513, mode: 3, rs1_addr:  2, rs1_rdata: 7fffdfff, rs2_addr: 24, rs2_rdata: 0000007d, rd_addr:  8, rd_wdata: 7fffe257, mem_addr: 7fffe257, mem_rdata: 00000000, mem_wdata: 0000007d
ClkCycle:       3803, pc_rdata: 000742e0, pc_wdata: 000742e4, insn: 01451513, mode: 3, rs1_addr: 10, rs1_rdata: 7f76dfdc, rs2_addr: 20, rs2_rdata: d5bfff6f, rd_addr: 10, rd_wdata: fdc00000, mem_addr: fdc00000, mem_rdata: 00000000, mem_wdata: d5bfff6f
ClkCycle:       3804, pc_rdata: 000742e4, pc_wdata: 000742e6, insn: b823813d, mode: 3, rs1_addr: 10, rs1_rdata: 7f76dfdc, rs2_addr: 15, rs2_rdata: 00000000, rd_addr: 10, rd_wdata: eedbfb80, mem_addr: eedbfb80, mem_rdata: 00000000, mem_wdata: 00000000
ClkCycle:       3805, pc_rdata: 000742e6, pc_wdata: 000742ea, insn: b823813d, mode: 3, rs1_addr:  0, rs1_rdata: 00000000, rs2_addr:  0, rs2_rdata: 00000000, rd_addr:  0, rd_wdata: 00000000, mem_addr: 00000000, mem_rdata: 00000000, mem_wdata: 00000000
0000000100077118
ClkCycle:       3806, pc_rdata: 000742ea, pc_wdata: 000742ee, insn: 15130010, mode: 3, rs1_addr:  1, rs1_rdata: 00077118, rs2_addr:  1, rs2_rdata: 00077118, rd_addr: 16, rd_wdata: 00077128, mem_addr: 00077128, mem_rdata: 00000000, mem_wdata: 00077118
ClkCycle:       3807, pc_rdata: 000742ee, pc_wdata: 000742f2, insn: 15130010, mode: 3, rs1_addr:  0, rs1_rdata: 00000000, rs2_addr:  0, rs2_rdata: 00000000, rd_addr:  0, rd_wdata: 00000000, mem_addr: 00000000, mem_rdata: 00000000, mem_wdata: 00000000
ClkCycle:       3808, pc_rdata: 000742f2, pc_wdata: 000742f6, insn: 0ca0bc23, mode: 3, rs1_addr:  6, rs1_rdata: 1fddb7f7, rs2_addr:  2, rs2_rdata: 7fffdfff, rd_addr: 10, rd_wdata: 7f76dfdc, mem_addr: 7f76dfdc, mem_rdata: 00000000, mem_wdata: 7fffdfff
ClkCycle:       3809, pc_rdata: 000742f6, pc_wdata: 000742fa, insn: 0ca0bc23, mode: 3, rs1_addr:  0, rs1_rdata: 00000000, rs2_addr:  0, rs2_rdata: 00000000, rd_addr:  0, rd_wdata: 00000000, mem_addr: 00000000, mem_rdata: 00000000, mem_wdata: 00000000
ClkCycle:       3810, pc_rdata: 000742fa, pc_wdata: 000742fc, insn: 01651513, mode: 3, rs1_addr:  2, rs1_rdata: 7fffdfff, rs2_addr: 24, rs2_rdata: 0000007d, rd_addr:  8, rd_wdata: 7fffe257, mem_addr: 7fffe257, mem_rdata: 00000000, mem_wdata: 0000007d
ClkCycle:       3811, pc_rdata: 000742fc, pc_wdata: 00074300, insn: 01651513, mode: 3, rs1_addr: 10, rs1_rdata: 7f76dfdc, rs2_addr: 22, rs2_rdata: 001f56ff, rd_addr: 10, rd_wdata: f7000000, mem_addr: f7000000, mem_rdata: 00000000, mem_wdata: 001f56ff
ClkCycle:       3812, pc_rdata: 00074300, pc_wdata: 00074302, insn: b0238111, mode: 3, rs1_addr: 10, rs1_rdata: 7f76dfdc, rs2_addr:  4, rs2_rdata: 6dfdffff, rd_addr: 10, rd_wdata: 7f700000, mem_addr: 7f700000, mem_rdata: 00000000, mem_wdata: 6dfdffff
ClkCycle:       3813, pc_rdata: 00074302, pc_wdata: 00074306, insn: b0238111, mode: 3, rs1_addr:  0, rs1_rdata: 00000000, rs2_addr:  0, rs2_rdata: 00000000, rd_addr:  0, rd_wdata: 00000000, mem_addr: 00000000, mem_rdata: 00000000, mem_wdata: 00000000
0000000100077118
ClkCycle:       3814, pc_rdata: 00074306, pc_wdata: 0007430a, insn: 15130010, mode: 3, rs1_addr:  1, rs1_rdata: 00077118, rs2_addr:  1, rs2_rdata: 00077118, rd_addr:  0, rd_wdata: 00077118, mem_addr: 00077118, mem_rdata: 00000000, mem_wdata: 00077118
ClkCycle:       3815, pc_rdata: 0007430a, pc_wdata: 0007430e, insn: 15130010, mode: 3, rs1_addr:  0, rs1_rdata: 00000000, rs2_addr:  0, rs2_rdata: 00000000, rd_addr:  0, rd_wdata: 00000000, mem_addr: 00000000, mem_rdata: 00000000, mem_wdata: 00000000
ClkCycle:       3816, pc_rdata: 0007430e, pc_wdata: 00074312, insn: 0ea0b423, mode: 3, rs1_addr:  6, rs1_rdata: 1fddb7f7, rs2_addr:  2, rs2_rdata: 7fffdfff, rd_addr: 10, rd_wdata: 7f76dfdc, mem_addr: 7f76dfdc, mem_rdata: 00000000, mem_wdata: 7fffdfff
ClkCycle:       3817, pc_rdata: 00074312, pc_wdata: 00074316, insn: 0ea0b423, mode: 3, rs1_addr:  0, rs1_rdata: 00000000, rs2_addr:  0, rs2_rdata: 00000000, rd_addr:  0, rd_wdata: 00000000, mem_addr: 00000000, mem_rdata: 00000000, mem_wdata: 00000000
ClkCycle:       3818, pc_rdata: 00074316, pc_wdata: 00074318, insn: 01851513, mode: 3, rs1_addr:  2, rs1_rdata: 7fffdfff, rs2_addr: 24, rs2_rdata: 0000007d, rd_addr:  8, rd_wdata: 7fffe357, mem_addr: 7fffe357, mem_rdata: 00000000, mem_wdata: 0000007d
ClkCycle:       3819, pc_rdata: 00074318, pc_wdata: 0007431c, insn: 01851513, mode: 3, rs1_addr: 10, rs1_rdata: 7f76dfdc, rs2_addr: 24, rs2_rdata: 0000007d, rd_addr: 10, rd_wdata: dc000000, mem_addr: dc000000, mem_rdata: 00000000, mem_wdata: 0000007d
ClkCycle:       3820, pc_rdata: 0007431c, pc_wdata: 0007431e, insn: b8238135, mode: 3, rs1_addr: 10, rs1_rdata: 7f76dfdc, rs2_addr: 13, rs2_rdata: 1fff7fff, rd_addr: 10, rd_wdata: b6fee000, mem_addr: b6fee000, mem_rdata: 00000000, mem_wdata: 1fff7fff
ClkCycle:       3821, pc_rdata: 0007431e, pc_wdata: 00074322, insn: b8238135, mode: 3, rs1_addr:  0, rs1_rdata: 00000000, rs2_addr:  0, rs2_rdata: 00000000, rd_addr:  0, rd_wdata: 00000000, mem_addr: 00000000, mem_rdata: 00000000, mem_wdata: 00000000
0000000100077118
ClkCycle:       3822, pc_rdata: 00074322, pc_wdata: 00074326, insn: 15130010, mode: 3, rs1_addr:  1, rs1_rdata: 00077118, rs2_addr:  1, rs2_rdata: 00077118, rd_addr: 16, rd_wdata: 00077128, mem_addr: 00077128, mem_rdata: 00000000, mem_wdata: 00077118
ClkCycle:       3823, pc_rdata: 00074326, pc_wdata: 0007432a, insn: 15130010, mode: 3, rs1_addr:  0, rs1_rdata: 00000000, rs2_addr:  0, rs2_rdata: 00000000, rd_addr:  0, rd_wdata: 00000000, mem_addr: 00000000, mem_rdata: 00000000, mem_wdata: 00000000
ClkCycle:       3824, pc_rdata: 0007432a, pc_wdata: 0007432e, insn: 0ea0bc23, mode: 3, rs1_addr:  6, rs1_rdata: 1fddb7f7, rs2_addr:  2, rs2_rdata: 7fffdfff, rd_addr: 10, rd_wdata: 7f76dfdc, mem_addr: 7f76dfdc, mem_rdata: 00000000, mem_wdata: 7fffdfff
ClkCycle:       3825, pc_rdata: 0007432e, pc_wdata: 00074332, insn: 0ea0bc23, mode: 3, rs1_addr:  0, rs1_rdata: 00000000, rs2_addr:  0, rs2_rdata: 00000000, rd_addr:  0, rd_wdata: 00000000, mem_addr: 00000000, mem_rdata: 00000000, mem_wdata: 00000000
ClkCycle:       3826, pc_rdata: 00074332, pc_wdata: 00074334, insn: 01a51513, mode: 3, rs1_addr:  2, rs1_rdata: 7fffdfff, rs2_addr: 24, rs2_rdata: 0000007d, rd_addr:  8, rd_wdata: 7fffe357, mem_addr: 7fffe357, mem_rdata: 00000000, mem_wdata: 0000007d
ClkCycle:       3827, pc_rdata: 00074334, pc_wdata: 00074338, insn: 01a51513, mode: 3, rs1_addr: 10, rs1_rdata: 7f76dfdc, rs2_addr: 26, rs2_rdata: 00000000, rd_addr: 10, rd_wdata: 70000000, mem_addr: 70000000, mem_rdata: 00000000, mem_wdata: 00000000
ClkCycle:       3828, pc_rdata: 00074338, pc_wdata: 0007433a, insn: b0238141, mode: 3, rs1_addr: 10, rs1_rdata: 7f76dfdc, rs2_addr: 16, rs2_rdata: 7d5bfddb, rd_addr: 10, rd_wdata: db7f7000, mem_addr: db7f7000, mem_rdata: 00000000, mem_wdata: 7d5bfddb
ClkCycle:       3829, pc_rdata: 0007433a, pc_wdata: 0007433e, insn: b0238141, mode: 3, rs1_addr:  0, rs1_rdata: 00000000, rs2_addr:  0, rs2_rdata: 00000000, rd_addr:  0, rd_wdata: 00000000, mem_addr: 00000000, mem_rdata: 00000000, mem_wdata: 00000000
0000000100077118
ClkCycle:       3830, pc_rdata: 0007433e, pc_wdata: 00074342, insn: 15130010, mode: 3, rs1_addr:  1, rs1_rdata: 00077118, rs2_addr:  1, rs2_rdata: 00077118, rd_addr:  0, rd_wdata: 00077118, mem_addr: 00077118, mem_rdata: 00000000, mem_wdata: 00077118
ClkCycle:       3831, pc_rdata: 00074342, pc_wdata: 00074346, insn: 15130010, mode: 3, rs1_addr:  0, rs1_rdata: 00000000, rs2_addr:  0, rs2_rdata: 00000000, rd_addr:  0, rd_wdata: 00000000, mem_addr: 00000000, mem_rdata: 00000000, mem_wdata: 00000000
ClkCycle:       3832, pc_rdata: 00074346, pc_wdata: 0007434a, insn: 10a0b423, mode: 3, rs1_addr:  6, rs1_rdata: 1fddb7f7, rs2_addr:  2, rs2_rdata: 7fffdfff, rd_addr: 10, rd_wdata: 7f76dfdc, mem_addr: 7f76dfdc, mem_rdata: 00000000, mem_wdata: 7fffdfff
ClkCycle:       3833, pc_rdata: 0007434a, pc_wdata: 0007434e, insn: 10a0b423, mode: 3, rs1_addr:  0, rs1_rdata: 00000000, rs2_addr:  0, rs2_rdata: 00000000, rd_addr:  0, rd_wdata: 00000000, mem_addr: 00000000, mem_rdata: 00000000, mem_wdata: 00000000
ClkCycle:       3834, pc_rdata: 0007434e, pc_wdata: 00074350, insn: 01c51513, mode: 3, rs1_addr:  2, rs1_rdata: 7fffdfff, rs2_addr:  8, rs2_rdata: 7fffe357, rd_addr:  8, rd_wdata: 7fffe067, mem_addr: 7fffe067, mem_rdata: 00000000, mem_wdata: 7fffe357
ClkCycle:       3835, pc_rdata: 00074350, pc_wdata: 00074354, insn: 01c51513, mode: 3, rs1_addr: 10, rs1_rdata: 7f76dfdc, rs2_addr: 28, rs2_rdata: 00000000, rd_addr: 10, rd_wdata: c0000000, mem_addr: c0000000, mem_rdata: 00000000, mem_wdata: 00000000
ClkCycle:       3836, pc_rdata: 00074354, pc_wdata: 00074356, insn: b823811d, mode: 3, rs1_addr: 10, rs1_rdata: 7f76dfdc, rs2_addr:  7, rs2_rdata: 003fbb6f, rd_addr: 10, rd_wdata: fb800000, mem_addr: fb800000, mem_rdata: 00000000, mem_wdata: 003fbb6f
ClkCycle:       3837, pc_rdata: 00074356, pc_wdata: 0007435a, insn: b823811d, mode: 3, rs1_addr:  0, rs1_rdata: 00000000, rs2_addr:  0, rs2_rdata: 00000000, rd_addr:  0, rd_wdata: 00000000, mem_addr: 00000000, mem_rdata: 00000000, mem_wdata: 00000000
0000000100077118
ClkCycle:       3838, pc_rdata: 0007435a, pc_wdata: 0007435e, insn: 15130010, mode: 3, rs1_addr:  1, rs1_rdata: 00077118, rs2_addr:  1, rs2_rdata: 00077118, rd_addr: 16, rd_wdata: 00077128, mem_addr: 00077128, mem_rdata: 00000000, mem_wdata: 00077118
ClkCycle:       3839, pc_rdata: 0007435e, pc_wdata: 00074362, insn: 15130010, mode: 3, rs1_addr:  0, rs1_rdata: 00000000, rs2_addr:  0, rs2_rdata: 00000000, rd_addr:  0, rd_wdata: 00000000, mem_addr: 00000000, mem_rdata: 00000000, mem_wdata: 00000000
ClkCycle:       3840, pc_rdata: 00074362, pc_wdata: 00074366, insn: 10a0bc23, mode: 3, rs1_addr:  6, rs1_rdata: 1fddb7f7, rs2_addr:  2, rs2_rdata: 7fffdfff, rd_addr: 10, rd_wdata: 7f76dfdc, mem_addr: 7f76dfdc, mem_rdata: 00000000, mem_wdata: 7fffdfff
ClkCycle:       3841, pc_rdata: 00074366, pc_wdata: 0007436a, insn: 10a0bc23, mode: 3, rs1_addr:  0, rs1_rdata: 00000000, rs2_addr:  0, rs2_rdata: 00000000, rd_addr:  0, rd_wdata: 00000000, mem_addr: 00000000, mem_rdata: 00000000, mem_wdata: 00000000
ClkCycle:       3842, pc_rdata: 0007436a, pc_wdata: 0007436c, insn: 01f51513, mode: 3, rs1_addr:  2, rs1_rdata: 7fffdfff, rs2_addr:  8, rs2_rdata: 7fffe067, rd_addr:  8, rd_wdata: 7fffe067, mem_addr: 7fffe067, mem_rdata: 00000000, mem_wdata: 7fffe067
ClkCycle:       3843, pc_rdata: 0007436c, pc_wdata: 00074370, insn: 01f51513, mode: 3, rs1_addr: 10, rs1_rdata: 7f76dfdc, rs2_addr: 31, rs2_rdata: 00000000, rd_addr: 10, rd_wdata: 00000000, mem_addr: 00000000, mem_rdata: 00000000, mem_wdata: 00000000
ClkCycle:       3844, pc_rdata: 00074370, pc_wdata: 00074372, insn: b0238125, mode: 3, rs1_addr: 10, rs1_rdata: 7f76dfdc, rs2_addr:  9, rs2_rdata: 00000000, rd_addr: 10, rd_wdata: f7000000, mem_addr: f7000000, mem_rdata: 00000000, mem_wdata: 00000000
ClkCycle:       3845, pc_rdata: 00074372, pc_wdata: 00074376, insn: b0238125, mode: 3, rs1_addr:  0, rs1_rdata: 00000000, rs2_addr:  0, rs2_rdata: 00000000, rd_addr:  0, rd_wdata: 00000000, mem_addr: 00000000, mem_rdata: 00000000, mem_wdata: 00000000
0000000100077118
ClkCycle:       3846, pc_rdata: 00074376, pc_wdata: 0007437a, insn: 15130010, mode: 3, rs1_addr:  1, rs1_rdata: 00077118, rs2_addr:  1, rs2_rdata: 00077118, rd_addr:  0, rd_wdata: 00077118, mem_addr: 00077118, mem_rdata: 00000000, mem_wdata: 00077118
ClkCycle:       3847, pc_rdata: 0007437a, pc_wdata: 0007437e, insn: 15130010, mode: 3, rs1_addr:  0, rs1_rdata: 00000000, rs2_addr:  0, rs2_rdata: 00000000, rd_addr:  0, rd_wdata: 00000000, mem_addr: 00000000, mem_rdata: 00000000, mem_wdata: 00000000
ClkCycle:       3848, pc_rdata: 0007437e, pc_wdata: 00074382, insn: 12a0b423, mode: 3, rs1_addr:  6, rs1_rdata: 1fddb7f7, rs2_addr:  2, rs2_rdata: 7fffdfff, rd_addr: 10, rd_wdata: 7f76dfdc, mem_addr: 7f76dfdc, mem_rdata: 00000000, mem_wdata: 7fffdfff
ClkCycle:       3849, pc_rdata: 00074382, pc_wdata: 00074386, insn: 12a0b423, mode: 3, rs1_addr:  0, rs1_rdata: 00000000, rs2_addr:  0, rs2_rdata: 00000000, rd_addr:  0, rd_wdata: 00000000, mem_addr: 00000000, mem_rdata: 00000000, mem_wdata: 00000000
ClkCycle:       3850, pc_rdata: 00074386, pc_wdata: 00074388, insn: 02151513, mode: 3, rs1_addr:  2, rs1_rdata: 7fffdfff, rs2_addr:  8, rs2_rdata: 7fffe067, rd_addr:  8, rd_wdata: 7fffe167, mem_addr: 7fffe167, mem_rdata: 00000000, mem_wdata: 7fffe067
ClkCycle:       3851, pc_rdata: 00074388, pc_wdata: 0007438c, insn: 02151513, mode: 3, rs1_addr: 10, rs1_rdata: 7f76dfdc, rs2_addr:  1, rs2_rdata: 00077118, rd_addr: 10, rd_wdata: feedbfb8, mem_addr: feedbfb8, mem_rdata: 00000000, mem_wdata: 00077118
ClkCycle:       3852, pc_rdata: 0007438c, pc_wdata: 0007438e, insn: b8238105, mode: 3, rs1_addr: 10, rs1_rdata: 7f76dfdc, rs2_addr:  1, rs2_rdata: 00077118, rd_addr: 10, rd_wdata: 7f76dfdc, mem_addr: 7f76dfdc, mem_rdata: 00000000, mem_wdata: 00077118
ClkCycle:       3853, pc_rdata: 0007438e, pc_wdata: 00074392, insn: b8238105, mode: 3, rs1_addr:  0, rs1_rdata: 00000000, rs2_addr:  0, rs2_rdata: 00000000, rd_addr:  0, rd_wdata: 00000000, mem_addr: 00000000, mem_rdata: 00000000, mem_wdata: 00000000
0000000100077118
ClkCycle:       3854, pc_rdata: 00074392, pc_wdata: 00074396, insn: 15130010, mode: 3, rs1_addr:  1, rs1_rdata: 00077118, rs2_addr:  1, rs2_rdata: 00077118, rd_addr: 16, rd_wdata: 00077128, mem_addr: 00077128, mem_rdata: 00000000, mem_wdata: 00077118
ClkCycle:       3855, pc_rdata: 00074396, pc_wdata: 0007439a, insn: 15130010, mode: 3, rs1_addr:  0, rs1_rdata: 00000000, rs2_addr:  0, rs2_rdata: 00000000, rd_addr:  0, rd_wdata: 00000000, mem_addr: 00000000, mem_rdata: 00000000, mem_wdata: 00000000
ClkCycle:       3856, pc_rdata: 0007439a, pc_wdata: 0007439e, insn: 12a0bc23, mode: 3, rs1_addr:  6, rs1_rdata: 1fddb7f7, rs2_addr:  2, rs2_rdata: 7fffdfff, rd_addr: 10, rd_wdata: 7f76dfdc, mem_addr: 7f76dfdc, mem_rdata: 00000000, mem_wdata: 7fffdfff
ClkCycle:       3857, pc_rdata: 0007439e, pc_wdata: 000743a2, insn: 12a0bc23, mode: 3, rs1_addr:  0, rs1_rdata: 00000000, rs2_addr:  0, rs2_rdata: 00000000, rd_addr:  0, rd_wdata: 00000000, mem_addr: 00000000, mem_rdata: 00000000, mem_wdata: 00000000
ClkCycle:       3858, pc_rdata: 000743a2, pc_wdata: 000743a4, insn: 02351513, mode: 3, rs1_addr:  2, rs1_rdata: 7fffdfff, rs2_addr:  8, rs2_rdata: 7fffe167, rd_addr:  8, rd_wdata: 7fffe167, mem_addr: 7fffe167, mem_rdata: 00000000, mem_wdata: 7fffe167
ClkCycle:       3859, pc_rdata: 000743a4, pc_wdata: 000743a8, insn: 02351513, mode: 3, rs1_addr: 10, rs1_rdata: 7f76dfdc, rs2_addr:  3, rs2_rdata: feffffbf, rd_addr: 10, rd_wdata: fbb6fee0, mem_addr: fbb6fee0, mem_rdata: 00000000, mem_wdata: feffffbf
ClkCycle:       3860, pc_rdata: 000743a8, pc_wdata: 000743aa, insn: b0239179, mode: 3, rs1_addr: 10, rs1_rdata: 7f76dfdc, rs2_addr: 30, rs2_rdata: 00000000, rd_addr: 10, rd_wdata: 0000000f, mem_addr: 0000000f, mem_rdata: 00000000, mem_wdata: 00000000
ClkCycle:       3861, pc_rdata: 000743aa, pc_wdata: 000743ae, insn: b0239179, mode: 3, rs1_addr:  0, rs1_rdata: 00000000, rs2_addr:  0, rs2_rdata: 00000000, rd_addr:  0, rd_wdata: 00000000, mem_addr: 00000000, mem_rdata: 00000000, mem_wdata: 00000000
0000000100077118
ClkCycle:       3862, pc_rdata: 000743ae, pc_wdata: 000743b2, insn: 15130010, mode: 3, rs1_addr:  1, rs1_rdata: 00077118, rs2_addr:  1, rs2_rdata: 00077118, rd_addr:  0, rd_wdata: 00077118, mem_addr: 00077118, mem_rdata: 00000000, mem_wdata: 00077118
ClkCycle:       3863, pc_rdata: 000743b2, pc_wdata: 000743b6, insn: 15130010, mode: 3, rs1_addr:  0, rs1_rdata: 00000000, rs2_addr:  0, rs2_rdata: 00000000, rd_addr:  0, rd_wdata: 00000000, mem_addr: 00000000, mem_rdata: 00000000, mem_wdata: 00000000
ClkCycle:       3864, pc_rdata: 000743b6, pc_wdata: 000743ba, insn: 14a0b423, mode: 3, rs1_addr:  6, rs1_rdata: 1fddb7f7, rs2_addr:  2, rs2_rdata: 7fffdfff, rd_addr: 10, rd_wdata: 7f76dfdc, mem_addr: 7f76dfdc, mem_rdata: 00000000, mem_wdata: 7fffdfff
ClkCycle:       3865, pc_rdata: 000743ba, pc_wdata: 000743be, insn: 14a0b423, mode: 3, rs1_addr:  0, rs1_rdata: 00000000, rs2_addr:  0, rs2_rdata: 00000000, rd_addr:  0, rd_wdata: 00000000, mem_addr: 00000000, mem_rdata: 00000000, mem_wdata: 00000000
ClkCycle:       3866, pc_rdata: 000743be, pc_wdata: 000743c0, insn: 02551513, mode: 3, rs1_addr:  2, rs1_rdata: 7fffdfff, rs2_addr:  8, rs2_rdata: 7fffe167, rd_addr:  8, rd_wdata: 7fffe267, mem_addr: 7fffe267, mem_rdata: 00000000, mem_wdata: 7fffe167
ClkCycle:       3867, pc_rdata: 000743c0, pc_wdata: 000743c4, insn: 02551513, mode: 3, rs1_addr: 10, rs1_rdata: 7f76dfdc, rs2_addr:  5, rs2_rdata: eedbfbff, rd_addr: 10, rd_wdata: eedbfb80, mem_addr: eedbfb80, mem_rdata: 00000000, mem_wdata: eedbfbff
ClkCycle:       3868, pc_rdata: 000743c4, pc_wdata: 000743c6, insn: b8238119, mode: 3, rs1_addr: 10, rs1_rdata: 7f76dfdc, rs2_addr:  6, rs2_rdata: 1fddb7f7, rd_addr: 10, rd_wdata: 3fbb6fee, mem_addr: 3fbb6fee, mem_rdata: 00000000, mem_wdata: 1fddb7f7
ClkCycle:       3869, pc_rdata: 000743c6, pc_wdata: 000743ca, insn: b8238119, mode: 3, rs1_addr:  0, rs1_rdata: 00000000, rs2_addr:  0, rs2_rdata: 00000000, rd_addr:  0, rd_wdata: 00000000, mem_addr: 00000000, mem_rdata: 00000000, mem_wdata: 00000000
0000000100077118
ClkCycle:       3870, pc_rdata: 000743ca, pc_wdata: 000743ce, insn: 15130010, mode: 3, rs1_addr:  1, rs1_rdata: 00077118, rs2_addr:  1, rs2_rdata: 00077118, rd_addr: 16, rd_wdata: 00077128, mem_addr: 00077128, mem_rdata: 00000000, mem_wdata: 00077118
ClkCycle:       3871, pc_rdata: 000743ce, pc_wdata: 000743d2, insn: 15130010, mode: 3, rs1_addr:  0, rs1_rdata: 00000000, rs2_addr:  0, rs2_rdata: 00000000, rd_addr:  0, rd_wdata: 00000000, mem_addr: 00000000, mem_rdata: 00000000, mem_wdata: 00000000
ClkCycle:       3872, pc_rdata: 000743d2, pc_wdata: 000743d6, insn: 14a0bc23, mode: 3, rs1_addr:  6, rs1_rdata: 1fddb7f7, rs2_addr:  2, rs2_rdata: 7fffdfff, rd_addr: 10, rd_wdata: 7f76dfdc, mem_addr: 7f76dfdc, mem_rdata: 00000000, mem_wdata: 7fffdfff
ClkCycle:       3873, pc_rdata: 000743d6, pc_wdata: 000743da, insn: 14a0bc23, mode: 3, rs1_addr:  0, rs1_rdata: 00000000, rs2_addr:  0, rs2_rdata: 00000000, rd_addr:  0, rd_wdata: 00000000, mem_addr: 00000000, mem_rdata: 00000000, mem_wdata: 00000000
ClkCycle:       3874, pc_rdata: 000743da, pc_wdata: 000743dc, insn: 02751513, mode: 3, rs1_addr:  2, rs1_rdata: 7fffdfff, rs2_addr:  8, rs2_rdata: 7fffe267, rd_addr:  8, rd_wdata: 7fffe267, mem_addr: 7fffe267, mem_rdata: 00000000, mem_wdata: 7fffe267
ClkCycle:       3875, pc_rdata: 000743dc, pc_wdata: 000743e0, insn: 02751513, mode: 3, rs1_addr: 10, rs1_rdata: 7f76dfdc, rs2_addr:  7, rs2_rdata: 003fbb6f, rd_addr: 10, rd_wdata: bb6fee00, mem_addr: bb6fee00, mem_rdata: 00000000, mem_wdata: 003fbb6f
ClkCycle:       3876, pc_rdata: 000743e0, pc_wdata: 000743e2, insn: b0238155, mode: 3, rs1_addr: 10, rs1_rdata: 7f76dfdc, rs2_addr: 21, rs2_rdata: 0fab7ffe, rd_addr: 10, rd_wdata: 0001fddb, mem_addr: 0001fddb, mem_rdata: 00000000, mem_wdata: 0fab7ffe
ClkCycle:       3877, pc_rdata: 000743e2, pc_wdata: 000743e6, insn: b0238155, mode: 3, rs1_addr:  0, rs1_rdata: 00000000, rs2_addr:  0, rs2_rdata: 00000000, rd_addr:  0, rd_wdata: 00000000, mem_addr: 00000000, mem_rdata: 00000000, mem_wdata: 00000000
0000000100077118
ClkCycle:       3878, pc_rdata: 000743e6, pc_wdata: 000743ea, insn: 15130010, mode: 3, rs1_addr:  1, rs1_rdata: 00077118, rs2_addr:  1, rs2_rdata: 00077118, rd_addr:  0, rd_wdata: 00077118, mem_addr: 00077118, mem_rdata: 00000000, mem_wdata: 00077118
ClkCycle:       3879, pc_rdata: 000743ea, pc_wdata: 000743ee, insn: 15130010, mode: 3, rs1_addr:  0, rs1_rdata: 00000000, rs2_addr:  0, rs2_rdata: 00000000, rd_addr:  0, rd_wdata: 00000000, mem_addr: 00000000, mem_rdata: 00000000, mem_wdata: 00000000
ClkCycle:       3880, pc_rdata: 000743ee, pc_wdata: 000743f2, insn: 16a0b423, mode: 3, rs1_addr:  6, rs1_rdata: 1fddb7f7, rs2_addr:  2, rs2_rdata: 7fffdfff, rd_addr: 10, rd_wdata: 7f76dfdc, mem_addr: 7f76dfdc, mem_rdata: 00000000, mem_wdata: 7fffdfff
ClkCycle:       3881, pc_rdata: 000743f2, pc_wdata: 000743f6, insn: 16a0b423, mode: 3, rs1_addr:  0, rs1_rdata: 00000000, rs2_addr:  0, rs2_rdata: 00000000, rd_addr:  0, rd_wdata: 00000000, mem_addr: 00000000, mem_rdata: 00000000, mem_wdata: 00000000
ClkCycle:       3882, pc_rdata: 000743f6, pc_wdata: 000743f8, insn: 02951513, mode: 3, rs1_addr:  2, rs1_rdata: 7fffdfff, rs2_addr:  8, rs2_rdata: 7fffe267, rd_addr:  8, rd_wdata: 7fffe367, mem_addr: 7fffe367, mem_rdata: 00000000, mem_wdata: 7fffe267
ClkCycle:       3883, pc_rdata: 000743f8, pc_wdata: 000743fc, insn: 02951513, mode: 3, rs1_addr: 10, rs1_rdata: 7f76dfdc, rs2_addr:  9, rs2_rdata: 00000000, rd_addr: 10, rd_wdata: edbfb800, mem_addr: edbfb800, mem_rdata: 00000000, mem_wdata: 00000000
ClkCycle:       3884, pc_rdata: 000743fc, pc_wdata: 000743fe, insn: b8239179, mode: 3, rs1_addr: 10, rs1_rdata: 7f76dfdc, rs2_addr: 30, rs2_rdata: 00000000, rd_addr: 10, rd_wdata: 000003fb, mem_addr: 000003fb, mem_rdata: 00000000, mem_wdata: 00000000
ClkCycle:       3885, pc_rdata: 000743fe, pc_wdata: 00074402, insn: b8239179, mode: 3, rs1_addr:  0, rs1_rdata: 00000000, rs2_addr:  0, rs2_rdata: 00000000, rd_addr:  0, rd_wdata: 00000000, mem_addr: 00000000, mem_rdata: 00000000, mem_wdata: 00000000
0000000100077118
ClkCycle:       3886, pc_rdata: 00074402, pc_wdata: 00074406, insn: 15130010, mode: 3, rs1_addr:  1, rs1_rdata: 00077118, rs2_addr:  1, rs2_rdata: 00077118, rd_addr: 16, rd_wdata: 00077128, mem_addr: 00077128, mem_rdata: 00000000, mem_wdata: 00077118
ClkCycle:       3887, pc_rdata: 00074406, pc_wdata: 0007440a, insn: 15130010, mode: 3, rs1_addr:  0, rs1_rdata: 00000000, rs2_addr:  0, rs2_rdata: 00000000, rd_addr:  0, rd_wdata: 00000000, mem_addr: 00000000, mem_rdata: 00000000, mem_wdata: 00000000
ClkCycle:       3888, pc_rdata: 0007440a, pc_wdata: 0007440e, insn: 16a0bc23, mode: 3, rs1_addr:  6, rs1_rdata: 1fddb7f7, rs2_addr:  2, rs2_rdata: 7fffdfff, rd_addr: 10, rd_wdata: 7f76dfdc, mem_addr: 7f76dfdc, mem_rdata: 00000000, mem_wdata: 7fffdfff
ClkCycle:       3889, pc_rdata: 0007440e, pc_wdata: 00074412, insn: 16a0bc23, mode: 3, rs1_addr:  0, rs1_rdata: 00000000, rs2_addr:  0, rs2_rdata: 00000000, rd_addr:  0, rd_wdata: 00000000, mem_addr: 00000000, mem_rdata: 00000000, mem_wdata: 00000000
ClkCycle:       3890, pc_rdata: 00074412, pc_wdata: 00074414, insn: 02b51513, mode: 3, rs1_addr:  2, rs1_rdata: 7fffdfff, rs2_addr:  8, rs2_rdata: 7fffe367, rd_addr:  8, rd_wdata: 7fffe367, mem_addr: 7fffe367, mem_rdata: 00000000, mem_wdata: 7fffe367
ClkCycle:       3891, pc_rdata: 00074414, pc_wdata: 00074418, insn: 02b51513, mode: 3, rs1_addr: 10, rs1_rdata: 7f76dfdc, rs2_addr: 11, rs2_rdata: 00feedbc, rd_addr: 10, rd_wdata: b6fee000, mem_addr: b6fee000, mem_rdata: 00000000, mem_wdata: 00feedbc
ClkCycle:       3892, pc_rdata: 00074418, pc_wdata: 0007441a, insn: b0238119, mode: 3, rs1_addr: 10, rs1_rdata: 7f76dfdc, rs2_addr:  6, rs2_rdata: 1fddb7f7, rd_addr: 10, rd_wdata: eedbfb80, mem_addr: eedbfb80, mem_rdata: 00000000, mem_wdata: 1fddb7f7
ClkCycle:       3893, pc_rdata: 0007441a, pc_wdata: 0007441e, insn: b0238119, mode: 3, rs1_addr:  0, rs1_rdata: 00000000, rs2_addr:  0, rs2_rdata: 00000000, rd_addr:  0, rd_wdata: 00000000, mem_addr: 00000000, mem_rdata: 00000000, mem_wdata: 00000000
0000000100077118
ClkCycle:       3894, pc_rdata: 0007441e, pc_wdata: 00074422, insn: 15130010, mode: 3, rs1_addr:  1, rs1_rdata: 00077118, rs2_addr:  1, rs2_rdata: 00077118, rd_addr:  0, rd_wdata: 00077118, mem_addr: 00077118, mem_rdata: 00000000, mem_wdata: 00077118
ClkCycle:       3895, pc_rdata: 00074422, pc_wdata: 00074426, insn: 15130010, mode: 3, rs1_addr:  0, rs1_rdata: 00000000, rs2_addr:  0, rs2_rdata: 00000000, rd_addr:  0, rd_wdata: 00000000, mem_addr: 00000000, mem_rdata: 00000000, mem_wdata: 00000000
ClkCycle:       3896, pc_rdata: 00074426, pc_wdata: 0007442a, insn: 18a0b423, mode: 3, rs1_addr:  6, rs1_rdata: 1fddb7f7, rs2_addr:  2, rs2_rdata: 7fffdfff, rd_addr: 10, rd_wdata: 7f76dfdc, mem_addr: 7f76dfdc, mem_rdata: 00000000, mem_wdata: 7fffdfff
ClkCycle:       3897, pc_rdata: 0007442a, pc_wdata: 0007442e, insn: 18a0b423, mode: 3, rs1_addr:  0, rs1_rdata: 00000000, rs2_addr:  0, rs2_rdata: 00000000, rd_addr:  0, rd_wdata: 00000000, mem_addr: 00000000, mem_rdata: 00000000, mem_wdata: 00000000
ClkCycle:       3898, pc_rdata: 0007442e, pc_wdata: 00074430, insn: 02d51513, mode: 3, rs1_addr:  2, rs1_rdata: 7fffdfff, rs2_addr: 24, rs2_rdata: 0000007d, rd_addr:  8, rd_wdata: 7fffe077, mem_addr: 7fffe077, mem_rdata: 00000000, mem_wdata: 0000007d
ClkCycle:       3899, pc_rdata: 00074430, pc_wdata: 00074434, insn: 02d51513, mode: 3, rs1_addr: 10, rs1_rdata: 7f76dfdc, rs2_addr: 13, rs2_rdata: 1fff7fff, rd_addr: 10, rd_wdata: dbfb8000, mem_addr: dbfb8000, mem_rdata: 00000000, mem_wdata: 1fff7fff
ClkCycle:       3900, pc_rdata: 00074434, pc_wdata: 00074436, insn: b823810d, mode: 3, rs1_addr: 10, rs1_rdata: 7f76dfdc, rs2_addr:  3, rs2_rdata: feffffbf, rd_addr: 10, rd_wdata: db7f7000, mem_addr: db7f7000, mem_rdata: 00000000, mem_wdata: feffffbf
ClkCycle:       3901, pc_rdata: 00074436, pc_wdata: 0007443a, insn: b823810d, mode: 3, rs1_addr:  0, rs1_rdata: 00000000, rs2_addr:  0, rs2_rdata: 00000000, rd_addr:  0, rd_wdata: 00000000, mem_addr: 00000000, mem_rdata: 00000000, mem_wdata: 00000000
0000000100077118
ClkCycle:       3902, pc_rdata: 0007443a, pc_wdata: 0007443e, insn: 15130010, mode: 3, rs1_addr:  1, rs1_rdata: 00077118, rs2_addr:  1, rs2_rdata: 00077118, rd_addr: 16, rd_wdata: 00077128, mem_addr: 00077128, mem_rdata: 00000000, mem_wdata: 00077118
ClkCycle:       3903, pc_rdata: 0007443e, pc_wdata: 00074442, insn: 15130010, mode: 3, rs1_addr:  0, rs1_rdata: 00000000, rs2_addr:  0, rs2_rdata: 00000000, rd_addr:  0, rd_wdata: 00000000, mem_addr: 00000000, mem_rdata: 00000000, mem_wdata: 00000000
ClkCycle:       3904, pc_rdata: 00074442, pc_wdata: 00074446, insn: 18a0bc23, mode: 3, rs1_addr:  6, rs1_rdata: 1fddb7f7, rs2_addr:  2, rs2_rdata: 7fffdfff, rd_addr: 10, rd_wdata: 7f76dfdc, mem_addr: 7f76dfdc, mem_rdata: 00000000, mem_wdata: 7fffdfff
ClkCycle:       3905, pc_rdata: 00074446, pc_wdata: 0007444a, insn: 18a0bc23, mode: 3, rs1_addr:  0, rs1_rdata: 00000000, rs2_addr:  0, rs2_rdata: 00000000, rd_addr:  0, rd_wdata: 00000000, mem_addr: 00000000, mem_rdata: 00000000, mem_wdata: 00000000
ClkCycle:       3906, pc_rdata: 0007444a, pc_wdata: 0007444c, insn: 02f51513, mode: 3, rs1_addr:  2, rs1_rdata: 7fffdfff, rs2_addr: 24, rs2_rdata: 0000007d, rd_addr:  8, rd_wdata: 7fffe077, mem_addr: 7fffe077, mem_rdata: 00000000, mem_wdata: 0000007d
ClkCycle:       3907, pc_rdata: 0007444c, pc_wdata: 00074450, insn: 02f51513, mode: 3, rs1_addr: 10, rs1_rdata: 7f76dfdc, rs2_addr: 15, rs2_rdata: 00000000, rd_addr: 10, rd_wdata: 6fee0000, mem_addr: 6fee0000, mem_rdata: 00000000, mem_wdata: 00000000
ClkCycle:       3908, pc_rdata: 00074450, pc_wdata: 00074452, insn: b0238105, mode: 3, rs1_addr: 10, rs1_rdata: 7f76dfdc, rs2_addr:  1, rs2_rdata: 00077118, rd_addr: 10, rd_wdata: b7f70000, mem_addr: b7f70000, mem_rdata: 00000000, mem_wdata: 00077118
ClkCycle:       3909, pc_rdata: 00074452, pc_wdata: 00074456, insn: b0238105, mode: 3, rs1_addr:  0, rs1_rdata: 00000000, rs2_addr:  0, rs2_rdata: 00000000, rd_addr:  0, rd_wdata: 00000000, mem_addr: 00000000, mem_rdata: 00000000, mem_wdata: 00000000
0000000100077118
ClkCycle:       3910, pc_rdata: 00074456, pc_wdata: 0007445a, insn: 15130010, mode: 3, rs1_addr:  1, rs1_rdata: 00077118, rs2_addr:  1, rs2_rdata: 00077118, rd_addr:  0, rd_wdata: 00077118, mem_addr: 00077118, mem_rdata: 00000000, mem_wdata: 00077118
ClkCycle:       3911, pc_rdata: 0007445a, pc_wdata: 0007445e, insn: 15130010, mode: 3, rs1_addr:  0, rs1_rdata: 00000000, rs2_addr:  0, rs2_rdata: 00000000, rd_addr:  0, rd_wdata: 00000000, mem_addr: 00000000, mem_rdata: 00000000, mem_wdata: 00000000
ClkCycle:       3912, pc_rdata: 0007445e, pc_wdata: 00074462, insn: 1aa0b423, mode: 3, rs1_addr:  6, rs1_rdata: 1fddb7f7, rs2_addr:  2, rs2_rdata: 7fffdfff, rd_addr: 10, rd_wdata: 7f76dfdc, mem_addr: 7f76dfdc, mem_rdata: 00000000, mem_wdata: 7fffdfff
ClkCycle:       3913, pc_rdata: 00074462, pc_wdata: 00074466, insn: 1aa0b423, mode: 3, rs1_addr:  0, rs1_rdata: 00000000, rs2_addr:  0, rs2_rdata: 00000000, rd_addr:  0, rd_wdata: 00000000, mem_addr: 00000000, mem_rdata: 00000000, mem_wdata: 00000000
ClkCycle:       3914, pc_rdata: 00074466, pc_wdata: 00074468, insn: 03151513, mode: 3, rs1_addr:  2, rs1_rdata: 7fffdfff, rs2_addr: 24, rs2_rdata: 0000007d, rd_addr:  8, rd_wdata: 7fffe177, mem_addr: 7fffe177, mem_rdata: 00000000, mem_wdata: 0000007d
ClkCycle:       3915, pc_rdata: 00074468, pc_wdata: 0007446c, insn: 03151513, mode: 3, rs1_addr: 10, rs1_rdata: 7f76dfdc, rs2_addr: 17, rs2_rdata: edffffff, rd_addr: 10, rd_wdata: bfb80000, mem_addr: bfb80000, mem_rdata: 00000000, mem_wdata: edffffff
ClkCycle:       3916, pc_rdata: 0007446c, pc_wdata: 0007446e, insn: b8238139, mode: 3, rs1_addr: 10, rs1_rdata: 7f76dfdc, rs2_addr: 14, rs2_rdata: 07f76dfd, rd_addr: 10, rd_wdata: fbb6fee0, mem_addr: fbb6fee0, mem_rdata: 00000000, mem_wdata: 07f76dfd
ClkCycle:       3917, pc_rdata: 0007446e, pc_wdata: 00074472, insn: b8238139, mode: 3, rs1_addr:  0, rs1_rdata: 00000000, rs2_addr:  0, rs2_rdata: 00000000, rd_addr:  0, rd_wdata: 00000000, mem_addr: 00000000, mem_rdata: 00000000, mem_wdata: 00000000
0000000100077118
ClkCycle:       3918, pc_rdata: 00074472, pc_wdata: 00074476, insn: 15130010, mode: 3, rs1_addr:  1, rs1_rdata: 00077118, rs2_addr:  1, rs2_rdata: 00077118, rd_addr: 16, rd_wdata: 00077128, mem_addr: 00077128, mem_rdata: 00000000, mem_wdata: 00077118
ClkCycle:       3919, pc_rdata: 00074476, pc_wdata: 0007447a, insn: 15130010, mode: 3, rs1_addr:  0, rs1_rdata: 00000000, rs2_addr:  0, rs2_rdata: 00000000, rd_addr:  0, rd_wdata: 00000000, mem_addr: 00000000, mem_rdata: 00000000, mem_wdata: 00000000
ClkCycle:       3920, pc_rdata: 0007447a, pc_wdata: 0007447e, insn: 1aa0bc23, mode: 3, rs1_addr:  6, rs1_rdata: 1fddb7f7, rs2_addr:  2, rs2_rdata: 7fffdfff, rd_addr: 10, rd_wdata: 7f76dfdc, mem_addr: 7f76dfdc, mem_rdata: 00000000, mem_wdata: 7fffdfff
ClkCycle:       3921, pc_rdata: 0007447e, pc_wdata: 00074482, insn: 1aa0bc23, mode: 3, rs1_addr:  0, rs1_rdata: 00000000, rs2_addr:  0, rs2_rdata: 00000000, rd_addr:  0, rd_wdata: 00000000, mem_addr: 00000000, mem_rdata: 00000000, mem_wdata: 00000000
ClkCycle:       3922, pc_rdata: 00074482, pc_wdata: 00074484, insn: 03351513, mode: 3, rs1_addr:  2, rs1_rdata: 7fffdfff, rs2_addr: 24, rs2_rdata: 0000007d, rd_addr:  8, rd_wdata: 7fffe177, mem_addr: 7fffe177, mem_rdata: 00000000, mem_wdata: 0000007d
ClkCycle:       3923, pc_rdata: 00074484, pc_wdata: 00074488, insn: 03351513, mode: 3, rs1_addr: 10, rs1_rdata: 7f76dfdc, rs2_addr: 19, rs2_rdata: dfffb7ff, rd_addr: 10, rd_wdata: fee00000, mem_addr: fee00000, mem_rdata: 00000000, mem_wdata: dfffb7ff
ClkCycle:       3924, pc_rdata: 00074488, pc_wdata: 0007448a, insn: b023917d, mode: 3, rs1_addr: 10, rs1_rdata: 7f76dfdc, rs2_addr: 31, rs2_rdata: 00000000, rd_addr: 10, rd_wdata: 0007f76d, mem_addr: 0007f76d, mem_rdata: 00000000, mem_wdata: 00000000
ClkCycle:       3925, pc_rdata: 0007448a, pc_wdata: 0007448e, insn: b023917d, mode: 3, rs1_addr:  0, rs1_rdata: 00000000, rs2_addr:  0, rs2_rdata: 00000000, rd_addr:  0, rd_wdata: 00000000, mem_addr: 00000000, mem_rdata: 00000000, mem_wdata: 00000000
0000000100077118
ClkCycle:       3926, pc_rdata: 0007448e, pc_wdata: 00074492, insn: 15130010, mode: 3, rs1_addr:  1, rs1_rdata: 00077118, rs2_addr:  1, rs2_rdata: 00077118, rd_addr:  0, rd_wdata: 00077118, mem_addr: 00077118, mem_rdata: 00000000, mem_wdata: 00077118
ClkCycle:       3927, pc_rdata: 00074492, pc_wdata: 00074496, insn: 15130010, mode: 3, rs1_addr:  0, rs1_rdata: 00000000, rs2_addr:  0, rs2_rdata: 00000000, rd_addr:  0, rd_wdata: 00000000, mem_addr: 00000000, mem_rdata: 00000000, mem_wdata: 00000000
ClkCycle:       3928, pc_rdata: 00074496, pc_wdata: 0007449a, insn: 1ca0b423, mode: 3, rs1_addr:  6, rs1_rdata: 1fddb7f7, rs2_addr:  2, rs2_rdata: 7fffdfff, rd_addr: 10, rd_wdata: 7f76dfdc, mem_addr: 7f76dfdc, mem_rdata: 00000000, mem_wdata: 7fffdfff
ClkCycle:       3929, pc_rdata: 0007449a, pc_wdata: 0007449e, insn: 1ca0b423, mode: 3, rs1_addr:  0, rs1_rdata: 00000000, rs2_addr:  0, rs2_rdata: 00000000, rd_addr:  0, rd_wdata: 00000000, mem_addr: 00000000, mem_rdata: 00000000, mem_wdata: 00000000
ClkCycle:       3930, pc_rdata: 0007449e, pc_wdata: 000744a0, insn: 03551513, mode: 3, rs1_addr:  2, rs1_rdata: 7fffdfff, rs2_addr: 24, rs2_rdata: 0000007d, rd_addr:  8, rd_wdata: 7fffe277, mem_addr: 7fffe277, mem_rdata: 00000000, mem_wdata: 0000007d
ClkCycle:       3931, pc_rdata: 000744a0, pc_wdata: 000744a4, insn: 03551513, mode: 3, rs1_addr: 10, rs1_rdata: 7f76dfdc, rs2_addr: 21, rs2_rdata: 0fab7ffe, rd_addr: 10, rd_wdata: fb800000, mem_addr: fb800000, mem_rdata: 00000000, mem_wdata: 0fab7ffe
ClkCycle:       3932, pc_rdata: 000744a4, pc_wdata: 000744a6, insn: b8238149, mode: 3, rs1_addr: 10, rs1_rdata: 7f76dfdc, rs2_addr: 18, rs2_rdata: ffdbffff, rd_addr: 10, rd_wdata: fbb6fee0, mem_addr: fbb6fee0, mem_rdata: 00000000, mem_wdata: ffdbffff
ClkCycle:       3933, pc_rdata: 000744a6, pc_wdata: 000744aa, insn: b8238149, mode: 3, rs1_addr:  0, rs1_rdata: 00000000, rs2_addr:  0, rs2_rdata: 00000000, rd_addr:  0, rd_wdata: 00000000, mem_addr: 00000000, mem_rdata: 00000000, mem_wdata: 00000000
0000000100077118
ClkCycle:       3934, pc_rdata: 000744aa, pc_wdata: 000744ae, insn: 15130010, mode: 3, rs1_addr:  1, rs1_rdata: 00077118, rs2_addr:  1, rs2_rdata: 00077118, rd_addr: 16, rd_wdata: 00077128, mem_addr: 00077128, mem_rdata: 00000000, mem_wdata: 00077118
ClkCycle:       3935, pc_rdata: 000744ae, pc_wdata: 000744b2, insn: 15130010, mode: 3, rs1_addr:  0, rs1_rdata: 00000000, rs2_addr:  0, rs2_rdata: 00000000, rd_addr:  0, rd_wdata: 00000000, mem_addr: 00000000, mem_rdata: 00000000, mem_wdata: 00000000
ClkCycle:       3936, pc_rdata: 000744b2, pc_wdata: 000744b6, insn: 1ca0bc23, mode: 3, rs1_addr:  6, rs1_rdata: 1fddb7f7, rs2_addr:  2, rs2_rdata: 7fffdfff, rd_addr: 10, rd_wdata: 7f76dfdc, mem_addr: 7f76dfdc, mem_rdata: 00000000, mem_wdata: 7fffdfff
ClkCycle:       3937, pc_rdata: 000744b6, pc_wdata: 000744ba, insn: 1ca0bc23, mode: 3, rs1_addr:  0, rs1_rdata: 00000000, rs2_addr:  0, rs2_rdata: 00000000, rd_addr:  0, rd_wdata: 00000000, mem_addr: 00000000, mem_rdata: 00000000, mem_wdata: 00000000
ClkCycle:       3938, pc_rdata: 000744ba, pc_wdata: 000744bc, insn: 03751513, mode: 3, rs1_addr:  2, rs1_rdata: 7fffdfff, rs2_addr: 24, rs2_rdata: 0000007d, rd_addr:  8, rd_wdata: 7fffe277, mem_addr: 7fffe277, mem_rdata: 00000000, mem_wdata: 0000007d
ClkCycle:       3939, pc_rdata: 000744bc, pc_wdata: 000744c0, insn: 03751513, mode: 3, rs1_addr: 10, rs1_rdata: 7f76dfdc, rs2_addr: 23, rs2_rdata: 00003ead, rd_addr: 10, rd_wdata: ee000000, mem_addr: ee000000, mem_rdata: 00000000, mem_wdata: 00003ead
ClkCycle:       3940, pc_rdata: 000744c0, pc_wdata: 000744c2, insn: b0238129, mode: 3, rs1_addr: 10, rs1_rdata: 7f76dfdc, rs2_addr: 10, rs2_rdata: 7f76dfdc, rd_addr: 10, rd_wdata: dbfb8000, mem_addr: dbfb8000, mem_rdata: 00000000, mem_wdata: ee000000
ClkCycle:       3941, pc_rdata: 000744c2, pc_wdata: 000744c6, insn: b0238129, mode: 3, rs1_addr:  0, rs1_rdata: 00000000, rs2_addr:  0, rs2_rdata: 00000000, rd_addr:  0, rd_wdata: 00000000, mem_addr: 00000000, mem_rdata: 00000000, mem_wdata: 00000000
0000000100077118
ClkCycle:       3942, pc_rdata: 000744c6, pc_wdata: 000744ca, insn: 15130010, mode: 3, rs1_addr:  1, rs1_rdata: 00077118, rs2_addr:  1, rs2_rdata: 00077118, rd_addr:  0, rd_wdata: 00077118, mem_addr: 00077118, mem_rdata: 00000000, mem_wdata: 00077118
ClkCycle:       3943, pc_rdata: 000744ca, pc_wdata: 000744ce, insn: 15130010, mode: 3, rs1_addr:  0, rs1_rdata: 00000000, rs2_addr:  0, rs2_rdata: 00000000, rd_addr:  0, rd_wdata: 00000000, mem_addr: 00000000, mem_rdata: 00000000, mem_wdata: 00000000
ClkCycle:       3944, pc_rdata: 000744ce, pc_wdata: 000744d2, insn: 1ea0b423, mode: 3, rs1_addr:  6, rs1_rdata: 1fddb7f7, rs2_addr:  2, rs2_rdata: 7fffdfff, rd_addr: 10, rd_wdata: 7f76dfdc, mem_addr: 7f76dfdc, mem_rdata: 00000000, mem_wdata: 7fffdfff
ClkCycle:       3945, pc_rdata: 000744d2, pc_wdata: 000744d6, insn: 1ea0b423, mode: 3, rs1_addr:  0, rs1_rdata: 00000000, rs2_addr:  0, rs2_rdata: 00000000, rd_addr:  0, rd_wdata: 00000000, mem_addr: 00000000, mem_rdata: 00000000, mem_wdata: 00000000
ClkCycle:       3946, pc_rdata: 000744d6, pc_wdata: 000744d8, insn: 03951513, mode: 3, rs1_addr:  2, rs1_rdata: 7fffdfff, rs2_addr: 24, rs2_rdata: 0000007d, rd_addr:  8, rd_wdata: 7fffe377, mem_addr: 7fffe377, mem_rdata: 00000000, mem_wdata: 0000007d
ClkCycle:       3947, pc_rdata: 000744d8, pc_wdata: 000744dc, insn: 03951513, mode: 3, rs1_addr: 10, rs1_rdata: 7f76dfdc, rs2_addr: 25, rs2_rdata: 00000000, rd_addr: 10, rd_wdata: b8000000, mem_addr: b8000000, mem_rdata: 00000000, mem_wdata: 00000000
ClkCycle:       3948, pc_rdata: 000744dc, pc_wdata: 000744de, insn: b823812d, mode: 3, rs1_addr: 10, rs1_rdata: 7f76dfdc, rs2_addr: 11, rs2_rdata: 00feedbc, rd_addr: 10, rd_wdata: b7f70000, mem_addr: b7f70000, mem_rdata: 00000000, mem_wdata: 00feedbc
ClkCycle:       3949, pc_rdata: 000744de, pc_wdata: 000744e2, insn: b823812d, mode: 3, rs1_addr:  0, rs1_rdata: 00000000, rs2_addr:  0, rs2_rdata: 00000000, rd_addr:  0, rd_wdata: 00000000, mem_addr: 00000000, mem_rdata: 00000000, mem_wdata: 00000000
0000000100077118
ClkCycle:       3950, pc_rdata: 000744e2, pc_wdata: 000744e6, insn: 15130010, mode: 3, rs1_addr:  1, rs1_rdata: 00077118, rs2_addr:  1, rs2_rdata: 00077118, rd_addr: 16, rd_wdata: 00077128, mem_addr: 00077128, mem_rdata: 00000000, mem_wdata: 00077118
ClkCycle:       3951, pc_rdata: 000744e6, pc_wdata: 000744ea, insn: 15130010, mode: 3, rs1_addr:  0, rs1_rdata: 00000000, rs2_addr:  0, rs2_rdata: 00000000, rd_addr:  0, rd_wdata: 00000000, mem_addr: 00000000, mem_rdata: 00000000, mem_wdata: 00000000
ClkCycle:       3952, pc_rdata: 000744ea, pc_wdata: 000744ee, insn: 1ea0bc23, mode: 3, rs1_addr:  6, rs1_rdata: 1fddb7f7, rs2_addr:  2, rs2_rdata: 7fffdfff, rd_addr: 10, rd_wdata: 7f76dfdc, mem_addr: 7f76dfdc, mem_rdata: 00000000, mem_wdata: 7fffdfff
ClkCycle:       3953, pc_rdata: 000744ee, pc_wdata: 000744f2, insn: 1ea0bc23, mode: 3, rs1_addr:  0, rs1_rdata: 00000000, rs2_addr:  0, rs2_rdata: 00000000, rd_addr:  0, rd_wdata: 00000000, mem_addr: 00000000, mem_rdata: 00000000, mem_wdata: 00000000
ClkCycle:       3954, pc_rdata: 000744f2, pc_wdata: 000744f4, insn: 03b51513, mode: 3, rs1_addr:  2, rs1_rdata: 7fffdfff, rs2_addr: 24, rs2_rdata: 0000007d, rd_addr:  8, rd_wdata: 7fffe377, mem_addr: 7fffe377, mem_rdata: 00000000, mem_wdata: 0000007d
ClkCycle:       3955, pc_rdata: 000744f4, pc_wdata: 000744f8, insn: 03b51513, mode: 3, rs1_addr: 10, rs1_rdata: 7f76dfdc, rs2_addr: 27, rs2_rdata: 00000000, rd_addr: 10, rd_wdata: e0000000, mem_addr: e0000000, mem_rdata: 00000000, mem_wdata: 00000000
ClkCycle:       3956, pc_rdata: 000744f8, pc_wdata: 000744fa, insn: b023813d, mode: 3, rs1_addr: 10, rs1_rdata: 7f76dfdc, rs2_addr: 15, rs2_rdata: 00000000, rd_addr: 10, rd_wdata: 6dfdc000, mem_addr: 6dfdc000, mem_rdata: 00000000, mem_wdata: 00000000
ClkCycle:       3957, pc_rdata: 000744fa, pc_wdata: 000744fe, insn: b023813d, mode: 3, rs1_addr:  0, rs1_rdata: 00000000, rs2_addr:  0, rs2_rdata: 00000000, rd_addr:  0, rd_wdata: 00000000, mem_addr: 00000000, mem_rdata: 00000000, mem_wdata: 00000000
0000000100077118
ClkCycle:       3958, pc_rdata: 000744fe, pc_wdata: 00074502, insn: 15130010, mode: 3, rs1_addr:  1, rs1_rdata: 00077118, rs2_addr:  1, rs2_rdata: 00077118, rd_addr:  0, rd_wdata: 00077118, mem_addr: 00077118, mem_rdata: 00000000, mem_wdata: 00077118
ClkCycle:       3959, pc_rdata: 00074502, pc_wdata: 00074506, insn: 15130010, mode: 3, rs1_addr:  0, rs1_rdata: 00000000, rs2_addr:  0, rs2_rdata: 00000000, rd_addr:  0, rd_wdata: 00000000, mem_addr: 00000000, mem_rdata: 00000000, mem_wdata: 00000000
ClkCycle:       3960, pc_rdata: 00074506, pc_wdata: 0007450a, insn: 20a0b423, mode: 3, rs1_addr:  6, rs1_rdata: 1fddb7f7, rs2_addr:  2, rs2_rdata: 7fffdfff, rd_addr: 10, rd_wdata: 7f76dfdc, mem_addr: 7f76dfdc, mem_rdata: 00000000, mem_wdata: 7fffdfff
ClkCycle:       3961, pc_rdata: 0007450a, pc_wdata: 0007450e, insn: 20a0b423, mode: 3, rs1_addr:  0, rs1_rdata: 00000000, rs2_addr:  0, rs2_rdata: 00000000, rd_addr:  0, rd_wdata: 00000000, mem_addr: 00000000, mem_rdata: 00000000, mem_wdata: 00000000
ClkCycle:       3962, pc_rdata: 0007450e, pc_wdata: 00074510, insn: 03d51513, mode: 3, rs1_addr:  2, rs1_rdata: 7fffdfff, rs2_addr:  8, rs2_rdata: 7fffe377, rd_addr:  8, rd_wdata: 7fffe047, mem_addr: 7fffe047, mem_rdata: 00000000, mem_wdata: 7fffe377
ClkCycle:       3963, pc_rdata: 00074510, pc_wdata: 00074514, insn: 03d51513, mode: 3, rs1_addr: 10, rs1_rdata: 7f76dfdc, rs2_addr: 29, rs2_rdata: 00000000, rd_addr: 10, rd_wdata: 80000000, mem_addr: 80000000, mem_rdata: 00000000, mem_wdata: 00000000
ClkCycle:       3964, pc_rdata: 00074514, pc_wdata: 00074516, insn: b823917d, mode: 3, rs1_addr: 10, rs1_rdata: 7f76dfdc, rs2_addr: 31, rs2_rdata: 00000000, rd_addr: 10, rd_wdata: 1fddb7f7, mem_addr: 1fddb7f7, mem_rdata: 00000000, mem_wdata: 00000000
ClkCycle:       3965, pc_rdata: 00074516, pc_wdata: 0007451a, insn: b823917d, mode: 3, rs1_addr:  0, rs1_rdata: 00000000, rs2_addr:  0, rs2_rdata: 00000000, rd_addr:  0, rd_wdata: 00000000, mem_addr: 00000000, mem_rdata: 00000000, mem_wdata: 00000000
0000000100077118
ClkCycle:       3966, pc_rdata: 0007451a, pc_wdata: 0007451e, insn: 15130010, mode: 3, rs1_addr:  1, rs1_rdata: 00077118, rs2_addr:  1, rs2_rdata: 00077118, rd_addr: 16, rd_wdata: 00077128, mem_addr: 00077128, mem_rdata: 00000000, mem_wdata: 00077118
ClkCycle:       3967, pc_rdata: 0007451e, pc_wdata: 00074522, insn: 15130010, mode: 3, rs1_addr:  0, rs1_rdata: 00000000, rs2_addr:  0, rs2_rdata: 00000000, rd_addr:  0, rd_wdata: 00000000, mem_addr: 00000000, mem_rdata: 00000000, mem_wdata: 00000000
ClkCycle:       3968, pc_rdata: 00074522, pc_wdata: 00074526, insn: 20a0bc23, mode: 3, rs1_addr:  6, rs1_rdata: 1fddb7f7, rs2_addr:  2, rs2_rdata: 7fffdfff, rd_addr: 10, rd_wdata: 7f76dfdc, mem_addr: 7f76dfdc, mem_rdata: 00000000, mem_wdata: 7fffdfff
ClkCycle:       3969, pc_rdata: 00074526, pc_wdata: 0007452a, insn: 20a0bc23, mode: 3, rs1_addr:  0, rs1_rdata: 00000000, rs2_addr:  0, rs2_rdata: 00000000, rd_addr:  0, rd_wdata: 00000000, mem_addr: 00000000, mem_rdata: 00000000, mem_wdata: 00000000
ClkCycle:       3970, pc_rdata: 0007452a, pc_wdata: 0007452c, insn: b0238139, mode: 3, rs1_addr:  2, rs1_rdata: 7fffdfff, rs2_addr:  8, rs2_rdata: 7fffe047, rd_addr:  8, rd_wdata: 7fffe047, mem_addr: 7fffe047, mem_rdata: 00000000, mem_wdata: 7fffe047
ClkCycle:       3971, pc_rdata: 0007452c, pc_wdata: 0007452e, insn: b0238139, mode: 3, rs1_addr: 10, rs1_rdata: 7f76dfdc, rs2_addr: 14, rs2_rdata: 07f76dfd, rd_addr: 10, rd_wdata: 0001fddb, mem_addr: 0001fddb, mem_rdata: 00000000, mem_wdata: 07f76dfd
ClkCycle:       3972, pc_rdata: 0007452e, pc_wdata: 00074532, insn: b0238139, mode: 3, rs1_addr:  0, rs1_rdata: 00000000, rs2_addr:  0, rs2_rdata: 00000000, rd_addr:  0, rd_wdata: 00000000, mem_addr: 00000000, mem_rdata: 00000000, mem_wdata: 00000000
0000000000000000
ClkCycle:       3973, pc_rdata: 00074532, pc_wdata: 00074536, insn: 8131ffd0, mode: 3, rs1_addr:  1, rs1_rdata: 00077118, rs2_addr: 29, rs2_rdata: 00000000, rd_addr:  0, rd_wdata: 000770f8, mem_addr: 000770f8, mem_rdata: 00000000, mem_wdata: 00000000
ClkCycle:       3974, pc_rdata: 00074536, pc_wdata: 0007453a, insn: 8131ffd0, mode: 3, rs1_addr:  0, rs1_rdata: 00000000, rs2_addr:  0, rs2_rdata: 00000000, rd_addr:  0, rd_wdata: 00000000, mem_addr: 00000000, mem_rdata: 00000000, mem_wdata: 00000000
ClkCycle:       3975, pc_rdata: 0007453a, pc_wdata: 0007453c, insn: ffb00513, mode: 3, rs1_addr: 10, rs1_rdata: 0001fddb, rs2_addr: 12, rs2_rdata: fbffff02, rd_addr: 10, rd_wdata: 0000001f, mem_addr: 0000001f, mem_rdata: 00000000, mem_wdata: fbffff02
ClkCycle:       3976, pc_rdata: 0007453c, pc_wdata: 00074540, insn: ffb00513, mode: 3, rs1_addr:  0, rs1_rdata: 00000000, rs2_addr: 27, rs2_rdata: 00000000, rd_addr: 10, rd_wdata: fffffffb, mem_addr: fffffffb, mem_rdata: 00000000, mem_wdata: 00000000
ClkCycle:       3977, pc_rdata: 00074540, pc_wdata: 00074542, insn: b8238119, mode: 3, rs1_addr: 10, rs1_rdata: 0001fddb, rs2_addr:  6, rs2_rdata: 1fddb7f7, rd_addr: 10, rd_wdata: 03ffffff, mem_addr: 03ffffff, mem_rdata: 00000000, mem_wdata: 1fddb7f7
ClkCycle:       3978, pc_rdata: 00074542, pc_wdata: 00074546, insn: b8238119, mode: 3, rs1_addr:  0, rs1_rdata: 00000000, rs2_addr:  0, rs2_rdata: 00000000, rd_addr:  0, rd_wdata: 00000000, mem_addr: 00000000, mem_rdata: 00000000, mem_wdata: 00000000
0000000000003ead
ClkCycle:       3979, pc_rdata: 00074546, pc_wdata: 0007454a, insn: 9101ff70, mode: 3, rs1_addr:  1, rs1_rdata: 00077118, rs2_addr: 23, rs2_rdata: 00003ead, rd_addr: 16, rd_wdata: 00077108, mem_addr: 00077108, mem_rdata: 00000000, mem_wdata: 00003ead
ClkCycle:       3980, pc_rdata: 0007454a, pc_wdata: 0007454e, insn: 9101ff70, mode: 3, rs1_addr:  0, rs1_rdata: 00000000, rs2_addr:  0, rs2_rdata: 00000000, rd_addr:  0, rd_wdata: 00000000, mem_addr: 00000000, mem_rdata: 00000000, mem_wdata: 00000000
ClkCycle:       3981, pc_rdata: 0007454e, pc_wdata: 00074550, insn: fef00513, mode: 3, rs1_addr: 10, rs1_rdata: 03ffffff, rs2_addr:  0, rs2_rdata: 00000000, rd_addr: 10, rd_wdata: 03ffffff, mem_addr: 03ffffff, mem_rdata: 00000000, mem_wdata: 00000000
ClkCycle:       3982, pc_rdata: 00074550, pc_wdata: 00074554, insn: fef00513, mode: 3, rs1_addr:  0, rs1_rdata: 00000000, rs2_addr: 15, rs2_rdata: 00000000, rd_addr: 10, rd_wdata: ffffffef, mem_addr: ffffffef, mem_rdata: 00000000, mem_wdata: 00000000
ClkCycle:       3983, pc_rdata: 00074554, pc_wdata: 00074556, insn: b023810d, mode: 3, rs1_addr: 10, rs1_rdata: 03ffffff, rs2_addr:  3, rs2_rdata: feffffbf, rd_addr: 10, rd_wdata: 1ffffffd, mem_addr: 1ffffffd, mem_rdata: 00000000, mem_wdata: feffffbf
ClkCycle:       3984, pc_rdata: 00074556, pc_wdata: 0007455a, insn: b023810d, mode: 3, rs1_addr:  0, rs1_rdata: 00000000, rs2_addr:  0, rs2_rdata: 00000000, rd_addr:  0, rd_wdata: 00000000, mem_addr: 00000000, mem_rdata: 00000000, mem_wdata: 00000000
0000000000000000
ClkCycle:       3985, pc_rdata: 0007455a, pc_wdata: 0007455e, insn: 810dfdf0, mode: 3, rs1_addr:  1, rs1_rdata: 00077118, rs2_addr: 31, rs2_rdata: 00000000, rd_addr:  0, rd_wdata: 000770d8, mem_addr: 000770d8, mem_rdata: 00000000, mem_wdata: 00000000
ClkCycle:       3986, pc_rdata: 0007455e, pc_wdata: 00074562, insn: 810dfdf0, mode: 3, rs1_addr:  0, rs1_rdata: 00000000, rs2_addr:  0, rs2_rdata: 00000000, rd_addr:  0, rd_wdata: 00000000, mem_addr: 00000000, mem_rdata: 00000000, mem_wdata: 00000000
ClkCycle:       3987, pc_rdata: 00074562, pc_wdata: 00074564, insn: fbf00513, mode: 3, rs1_addr: 10, rs1_rdata: 1ffffffd, rs2_addr:  3, rs2_rdata: feffffbf, rd_addr: 10, rd_wdata: 03ffffff, mem_addr: 03ffffff, mem_rdata: 00000000, mem_wdata: feffffbf
ClkCycle:       3988, pc_rdata: 00074564, pc_wdata: 00074568, insn: fbf00513, mode: 3, rs1_addr:  0, rs1_rdata: 00000000, rs2_addr: 31, rs2_rdata: 00000000, rd_addr: 10, rd_wdata: ffffffbf, mem_addr: ffffffbf, mem_rdata: 00000000, mem_wdata: 00000000
ClkCycle:       3989, pc_rdata: 00074568, pc_wdata: 0007456a, insn: b823913d, mode: 3, rs1_addr: 10, rs1_rdata: 1ffffffd, rs2_addr: 15, rs2_rdata: 00000000, rd_addr: 10, rd_wdata: 0001ffff, mem_addr: 0001ffff, mem_rdata: 00000000, mem_wdata: 00000000
ClkCycle:       3990, pc_rdata: 0007456a, pc_wdata: 0007456e, insn: b823913d, mode: 3, rs1_addr:  0, rs1_rdata: 00000000, rs2_addr:  0, rs2_rdata: 00000000, rd_addr:  0, rd_wdata: 00000000, mem_addr: 00000000, mem_rdata: 00000000, mem_wdata: 00000000
0000000000000000
ClkCycle:       3991, pc_rdata: 0007456e, pc_wdata: 00074572, insn: 9101f7f0, mode: 3, rs1_addr:  1, rs1_rdata: 00077118, rs2_addr: 31, rs2_rdata: 00000000, rd_addr: 16, rd_wdata: 00077088, mem_addr: 00077088, mem_rdata: 00000000, mem_wdata: 00000000
ClkCycle:       3992, pc_rdata: 00074572, pc_wdata: 00074576, insn: 9101f7f0, mode: 3, rs1_addr:  0, rs1_rdata: 00000000, rs2_addr:  0, rs2_rdata: 00000000, rd_addr:  0, rd_wdata: 00000000, mem_addr: 00000000, mem_rdata: 00000000, mem_wdata: 00000000
ClkCycle:       3993, pc_rdata: 00074576, pc_wdata: 00074578, insn: eff00513, mode: 3, rs1_addr: 10, rs1_rdata: 0001ffff, rs2_addr:  0, rs2_rdata: 00000000, rd_addr: 10, rd_wdata: 0001ffff, mem_addr: 0001ffff, mem_rdata: 00000000, mem_wdata: 00000000
ClkCycle:       3994, pc_rdata: 00074578, pc_wdata: 0007457c, insn: eff00513, mode: 3, rs1_addr:  0, rs1_rdata: 00000000, rs2_addr: 31, rs2_rdata: 00000000, rd_addr: 10, rd_wdata: fffffeff, mem_addr: fffffeff, mem_rdata: 00000000, mem_wdata: 00000000
ClkCycle:       3995, pc_rdata: 0007457c, pc_wdata: 0007457e, insn: b0239179, mode: 3, rs1_addr: 10, rs1_rdata: 0001ffff, rs2_addr: 30, rs2_rdata: 00000000, rd_addr: 10, rd_wdata: 00000003, mem_addr: 00000003, mem_rdata: 00000000, mem_wdata: 00000000
ClkCycle:       3996, pc_rdata: 0007457e, pc_wdata: 00074582, insn: b0239179, mode: 3, rs1_addr:  0, rs1_rdata: 00000000, rs2_addr:  0, rs2_rdata: 00000000, rd_addr:  0, rd_wdata: 00000000, mem_addr: 00000000, mem_rdata: 00000000, mem_wdata: 00000000
0000000000000000
ClkCycle:       3997, pc_rdata: 00074582, pc_wdata: 00074586, insn: 915ddff0, mode: 3, rs1_addr:  1, rs1_rdata: 00077118, rs2_addr: 31, rs2_rdata: 00000000, rd_addr:  0, rd_wdata: 00076ef8, mem_addr: 00076ef8, mem_rdata: 00000000, mem_wdata: 00000000
ClkCycle:       3998, pc_rdata: 00074586, pc_wdata: 0007458a, insn: 915ddff0, mode: 3, rs1_addr:  0, rs1_rdata: 00000000, rs2_addr:  0, rs2_rdata: 00000000, rd_addr:  0, rd_wdata: 00000000, mem_addr: 00000000, mem_rdata: 00000000, mem_wdata: 00000000
ClkCycle:       3999, pc_rdata: 0007458a, pc_wdata: 0007458c, insn: bff00513, mode: 3, rs1_addr: 10, rs1_rdata: 00000003, rs2_addr: 23, rs2_rdata: 00003ead, rd_addr: 10, rd_wdata: 00000000, mem_addr: 00000000, mem_rdata: 00000000, mem_wdata: 00003ead
ClkCycle:       4000, pc_rdata: 0007458c, pc_wdata: 00074590, insn: bff00513, mode: 3, rs1_addr:  0, rs1_rdata: 00000000, rs2_addr: 31, rs2_rdata: 00000000, rd_addr: 10, rd_wdata: fffffbff, mem_addr: fffffbff, mem_rdata: 00000000, mem_wdata: 00000000
ClkCycle:       4001, pc_rdata: 00074590, pc_wdata: 00074592, insn: b8238135, mode: 3, rs1_addr: 10, rs1_rdata: 00000003, rs2_addr: 13, rs2_rdata: 1fff7fff, rd_addr: 10, rd_wdata: 0007ffff, mem_addr: 0007ffff, mem_rdata: 00000000, mem_wdata: 1fff7fff
ClkCycle:       4002, pc_rdata: 00074592, pc_wdata: 00074596, insn: b8238135, mode: 3, rs1_addr:  0, rs1_rdata: 00000000, rs2_addr:  0, rs2_rdata: 00000000, rd_addr:  0, rd_wdata: 00000000, mem_addr: 00000000, mem_rdata: 00000000, mem_wdata: 00000000
0000000100077118
ClkCycle:       4003, pc_rdata: 00074596, pc_wdata: 0007459a, insn: 15130010, mode: 3, rs1_addr:  1, rs1_rdata: 00077118, rs2_addr:  1, rs2_rdata: 00077118, rd_addr: 16, rd_wdata: 00077128, mem_addr: 00077128, mem_rdata: 00000000, mem_wdata: 00077118
ClkCycle:       4004, pc_rdata: 0007459a, pc_wdata: 0007459e, insn: 15130010, mode: 3, rs1_addr:  0, rs1_rdata: 00000000, rs2_addr:  0, rs2_rdata: 00000000, rd_addr:  0, rd_wdata: 00000000, mem_addr: 00000000, mem_rdata: 00000000, mem_wdata: 00000000
ClkCycle:       4005, pc_rdata: 0007459e, pc_wdata: 000745a2, insn: 8111fff5, mode: 3, rs1_addr: 10, rs1_rdata: 0007ffff, rs2_addr: 31, rs2_rdata: 00000000, rd_addr: 10, rd_wdata: 80000000, mem_addr: 80000000, mem_rdata: 00000000, mem_wdata: 00000000
ClkCycle:       4006, pc_rdata: 000745a2, pc_wdata: 000745a6, insn: 8111fff5, mode: 3, rs1_addr:  0, rs1_rdata: 00000000, rs2_addr:  0, rs2_rdata: 00000000, rd_addr:  0, rd_wdata: 00000000, mem_addr: 00000000, mem_rdata: 00000000, mem_wdata: 00000000
ClkCycle:       4007, pc_rdata: 000745a6, pc_wdata: 000745a8, insn: 00100513, mode: 3, rs1_addr: 10, rs1_rdata: 0007ffff, rs2_addr:  4, rs2_rdata: 6dfdffff, rd_addr: 10, rd_wdata: f8000000, mem_addr: f8000000, mem_rdata: 00000000, mem_wdata: 6dfdffff
ClkCycle:       4008, pc_rdata: 000745a8, pc_wdata: 000745ac, insn: 00100513, mode: 3, rs1_addr:  0, rs1_rdata: 00000000, rs2_addr:  1, rs2_rdata: 00077118, rd_addr: 10, rd_wdata: 00000001, mem_addr: 00000001, mem_rdata: 00000000, mem_wdata: 00077118
ClkCycle:       4009, pc_rdata: 000745ac, pc_wdata: 000745b0, insn: 00c51513, mode: 3, rs1_addr: 10, rs1_rdata: 80000000, rs2_addr: 12, rs2_rdata: fbffff02, rd_addr: 10, rd_wdata: 00001000, mem_addr: 00001000, mem_rdata: 00000000, mem_wdata: fbffff02
ClkCycle:       4010, pc_rdata: 000745b0, pc_wdata: 000745b4, insn: fff54513, mode: 3, rs1_addr: 10, rs1_rdata: f8000000, rs2_addr: 31, rs2_rdata: 00000000, rd_addr: 10, rd_wdata: ffffefff, mem_addr: ffffefff, mem_rdata: 00000000, mem_wdata: 00000000
ClkCycle:       4011, pc_rdata: 000745b4, pc_wdata: 000745b6, insn: b0238139, mode: 3, rs1_addr: 10, rs1_rdata: 00000001, rs2_addr: 14, rs2_rdata: 07f76dfd, rd_addr: 10, rd_wdata: 0003ffff, mem_addr: 0003ffff, mem_rdata: 00000000, mem_wdata: 07f76dfd
ClkCycle:       4012, pc_rdata: 000745b6, pc_wdata: 000745ba, insn: b0238139, mode: 3, rs1_addr:  0, rs1_rdata: 00000000, rs2_addr:  0, rs2_rdata: 00000000, rd_addr:  0, rd_wdata: 00000000, mem_addr: 00000000, mem_rdata: 00000000, mem_wdata: 00000000
0000000100077118
ClkCycle:       4013, pc_rdata: 000745ba, pc_wdata: 000745be, insn: 15130010, mode: 3, rs1_addr:  1, rs1_rdata: 00077118, rs2_addr:  1, rs2_rdata: 00077118, rd_addr:  0, rd_wdata: 00077118, mem_addr: 00077118, mem_rdata: 00000000, mem_wdata: 00077118
ClkCycle:       4014, pc_rdata: 000745be, pc_wdata: 000745c2, insn: 15130010, mode: 3, rs1_addr:  0, rs1_rdata: 00000000, rs2_addr:  0, rs2_rdata: 00000000, rd_addr:  0, rd_wdata: 00000000, mem_addr: 00000000, mem_rdata: 00000000, mem_wdata: 00000000
ClkCycle:       4015, pc_rdata: 000745c2, pc_wdata: 000745c6, insn: 8145fff5, mode: 3, rs1_addr: 10, rs1_rdata: 0003ffff, rs2_addr: 31, rs2_rdata: 00000000, rd_addr: 10, rd_wdata: 80000000, mem_addr: 80000000, mem_rdata: 00000000, mem_wdata: 00000000
ClkCycle:       4016, pc_rdata: 000745c6, pc_wdata: 000745ca, insn: 8145fff5, mode: 3, rs1_addr:  0, rs1_rdata: 00000000, rs2_addr:  0, rs2_rdata: 00000000, rd_addr:  0, rd_wdata: 00000000, mem_addr: 00000000, mem_rdata: 00000000, mem_wdata: 00000000
ClkCycle:       4017, pc_rdata: 000745ca, pc_wdata: 000745cc, insn: 00100513, mode: 3, rs1_addr: 10, rs1_rdata: 0003ffff, rs2_addr: 17, rs2_rdata: edffffff, rd_addr: 10, rd_wdata: ffffc000, mem_addr: ffffc000, mem_rdata: 00000000, mem_wdata: edffffff
ClkCycle:       4018, pc_rdata: 000745cc, pc_wdata: 000745d0, insn: 00100513, mode: 3, rs1_addr:  0, rs1_rdata: 00000000, rs2_addr:  1, rs2_rdata: 00077118, rd_addr: 10, rd_wdata: 00000001, mem_addr: 00000001, mem_rdata: 00000000, mem_wdata: 00077118
ClkCycle:       4019, pc_rdata: 000745d0, pc_wdata: 000745d4, insn: 00e51513, mode: 3, rs1_addr: 10, rs1_rdata: 80000000, rs2_addr: 14, rs2_rdata: 07f76dfd, rd_addr: 10, rd_wdata: 00004000, mem_addr: 00004000, mem_rdata: 00000000, mem_wdata: 07f76dfd
ClkCycle:       4020, pc_rdata: 000745d4, pc_wdata: 000745d8, insn: fff54513, mode: 3, rs1_addr: 10, rs1_rdata: ffffc000, rs2_addr: 31, rs2_rdata: 00000000, rd_addr: 10, rd_wdata: ffffbfff, mem_addr: ffffbfff, mem_rdata: 00000000, mem_wdata: 00000000
ClkCycle:       4021, pc_rdata: 000745d8, pc_wdata: 000745da, insn: b8238115, mode: 3, rs1_addr: 10, rs1_rdata: 00000001, rs2_addr:  5, rs2_rdata: eedbfbff, rd_addr: 10, rd_wdata: 07fffdff, mem_addr: 07fffdff, mem_rdata: 00000000, mem_wdata: eedbfbff
ClkCycle:       4022, pc_rdata: 000745da, pc_wdata: 000745de, insn: b8238115, mode: 3, rs1_addr:  0, rs1_rdata: 00000000, rs2_addr:  0, rs2_rdata: 00000000, rd_addr:  0, rd_wdata: 00000000, mem_addr: 00000000, mem_rdata: 00000000, mem_wdata: 00000000
0000000100077118
ClkCycle:       4023, pc_rdata: 000745de, pc_wdata: 000745e2, insn: 15130010, mode: 3, rs1_addr:  1, rs1_rdata: 00077118, rs2_addr:  1, rs2_rdata: 00077118, rd_addr: 16, rd_wdata: 00077128, mem_addr: 00077128, mem_rdata: 00000000, mem_wdata: 00077118
ClkCycle:       4024, pc_rdata: 000745e2, pc_wdata: 000745e6, insn: 15130010, mode: 3, rs1_addr:  0, rs1_rdata: 00000000, rs2_addr:  0, rs2_rdata: 00000000, rd_addr:  0, rd_wdata: 00000000, mem_addr: 00000000, mem_rdata: 00000000, mem_wdata: 00000000
ClkCycle:       4025, pc_rdata: 000745e6, pc_wdata: 000745ea, insn: 8125fff5, mode: 3, rs1_addr: 10, rs1_rdata: 07fffdff, rs2_addr: 31, rs2_rdata: 00000000, rd_addr: 10, rd_wdata: 80000000, mem_addr: 80000000, mem_rdata: 00000000, mem_wdata: 00000000
ClkCycle:       4026, pc_rdata: 000745ea, pc_wdata: 000745ee, insn: 8125fff5, mode: 3, rs1_addr:  0, rs1_rdata: 00000000, rs2_addr:  0, rs2_rdata: 00000000, rd_addr:  0, rd_wdata: 00000000, mem_addr: 00000000, mem_rdata: 00000000, mem_wdata: 00000000
ClkCycle:       4027, pc_rdata: 000745ee, pc_wdata: 000745f0, insn: 00100513, mode: 3, rs1_addr: 10, rs1_rdata: 07fffdff, rs2_addr:  9, rs2_rdata: 00000000, rd_addr: 10, rd_wdata: 7fc00000, mem_addr: 7fc00000, mem_rdata: 00000000, mem_wdata: 00000000
ClkCycle:       4028, pc_rdata: 000745f0, pc_wdata: 000745f4, insn: 00100513, mode: 3, rs1_addr:  0, rs1_rdata: 00000000, rs2_addr:  1, rs2_rdata: 00077118, rd_addr: 10, rd_wdata: 00000001, mem_addr: 00000001, mem_rdata: 00000000, mem_wdata: 00077118
ClkCycle:       4029, pc_rdata: 000745f4, pc_wdata: 000745f8, insn: 01051513, mode: 3, rs1_addr: 10, rs1_rdata: 80000000, rs2_addr: 16, rs2_rdata: 7d5bfddb, rd_addr: 10, rd_wdata: 00010000, mem_addr: 00010000, mem_rdata: 00000000, mem_wdata: 7d5bfddb
ClkCycle:       4030, pc_rdata: 000745f8, pc_wdata: 000745fc, insn: fff54513, mode: 3, rs1_addr: 10, rs1_rdata: 7fc00000, rs2_addr: 31, rs2_rdata: 00000000, rd_addr: 10, rd_wdata: fffeffff, mem_addr: fffeffff, mem_rdata: 00000000, mem_wdata: 00000000
ClkCycle:       4031, pc_rdata: 000745fc, pc_wdata: 000745fe, insn: b023810d, mode: 3, rs1_addr: 10, rs1_rdata: 00000001, rs2_addr:  3, rs2_rdata: feffffbf, rd_addr: 10, rd_wdata: 1fffdfff, mem_addr: 1fffdfff, mem_rdata: 00000000, mem_wdata: feffffbf
ClkCycle:       4032, pc_rdata: 000745fe, pc_wdata: 00074602, insn: b023810d, mode: 3, rs1_addr:  0, rs1_rdata: 00000000, rs2_addr:  0, rs2_rdata: 00000000, rd_addr:  0, rd_wdata: 00000000, mem_addr: 00000000, mem_rdata: 00000000, mem_wdata: 00000000
0000000100077118
ClkCycle:       4033, pc_rdata: 00074602, pc_wdata: 00074606, insn: 15130010, mode: 3, rs1_addr:  1, rs1_rdata: 00077118, rs2_addr:  1, rs2_rdata: 00077118, rd_addr:  0, rd_wdata: 00077118, mem_addr: 00077118, mem_rdata: 00000000, mem_wdata: 00077118
ClkCycle:       4034, pc_rdata: 00074606, pc_wdata: 0007460a, insn: 15130010, mode: 3, rs1_addr:  0, rs1_rdata: 00000000, rs2_addr:  0, rs2_rdata: 00000000, rd_addr:  0, rd_wdata: 00000000, mem_addr: 00000000, mem_rdata: 00000000, mem_wdata: 00000000
ClkCycle:       4035, pc_rdata: 0007460a, pc_wdata: 0007460e, insn: 814dfff5, mode: 3, rs1_addr: 10, rs1_rdata: 1fffdfff, rs2_addr: 31, rs2_rdata: 00000000, rd_addr: 10, rd_wdata: 80000000, mem_addr: 80000000, mem_rdata: 00000000, mem_wdata: 00000000
ClkCycle:       4036, pc_rdata: 0007460e, pc_wdata: 00074612, insn: 814dfff5, mode: 3, rs1_addr:  0, rs1_rdata: 00000000, rs2_addr:  0, rs2_rdata: 00000000, rd_addr:  0, rd_wdata: 00000000, mem_addr: 00000000, mem_rdata: 00000000, mem_wdata: 00000000
ClkCycle:       4037, pc_rdata: 00074612, pc_wdata: 00074614, insn: 00100513, mode: 3, rs1_addr: 10, rs1_rdata: 1fffdfff, rs2_addr: 19, rs2_rdata: dfffb7ff, rd_addr: 10, rd_wdata: fdfff000, mem_addr: fdfff000, mem_rdata: 00000000, mem_wdata: dfffb7ff
ClkCycle:       4038, pc_rdata: 00074614, pc_wdata: 00074618, insn: 00100513, mode: 3, rs1_addr:  0, rs1_rdata: 00000000, rs2_addr:  1, rs2_rdata: 00077118, rd_addr: 10, rd_wdata: 00000001, mem_addr: 00000001, mem_rdata: 00000000, mem_wdata: 00077118
ClkCycle:       4039, pc_rdata: 00074618, pc_wdata: 0007461c, insn: 01251513, mode: 3, rs1_addr: 10, rs1_rdata: 80000000, rs2_addr: 18, rs2_rdata: ffdbffff, rd_addr: 10, rd_wdata: 00040000, mem_addr: 00040000, mem_rdata: 00000000, mem_wdata: ffdbffff
ClkCycle:       4040, pc_rdata: 0007461c, pc_wdata: 00074620, insn: fff54513, mode: 3, rs1_addr: 10, rs1_rdata: fdfff000, rs2_addr: 31, rs2_rdata: 00000000, rd_addr: 10, rd_wdata: fffbffff, mem_addr: fffbffff, mem_rdata: 00000000, mem_wdata: 00000000
ClkCycle:       4041, pc_rdata: 00074620, pc_wdata: 00074622, insn: b823817d, mode: 3, rs1_addr: 10, rs1_rdata: 00000001, rs2_addr: 31, rs2_rdata: 00000000, rd_addr: 10, rd_wdata: 00000001, mem_addr: 00000001, mem_rdata: 00000000, mem_wdata: 00000000
ClkCycle:       4042, pc_rdata: 00074622, pc_wdata: 00074626, insn: b823817d, mode: 3, rs1_addr:  0, rs1_rdata: 00000000, rs2_addr:  0, rs2_rdata: 00000000, rd_addr:  0, rd_wdata: 00000000, mem_addr: 00000000, mem_rdata: 00000000, mem_wdata: 00000000
0000000100077118
ClkCycle:       4043, pc_rdata: 00074626, pc_wdata: 0007462a, insn: 15130010, mode: 3, rs1_addr:  1, rs1_rdata: 00077118, rs2_addr:  1, rs2_rdata: 00077118, rd_addr: 16, rd_wdata: 00077128, mem_addr: 00077128, mem_rdata: 00000000, mem_wdata: 00077118
ClkCycle:       4044, pc_rdata: 0007462a, pc_wdata: 0007462e, insn: 15130010, mode: 3, rs1_addr:  0, rs1_rdata: 00000000, rs2_addr:  0, rs2_rdata: 00000000, rd_addr:  0, rd_wdata: 00000000, mem_addr: 00000000, mem_rdata: 00000000, mem_wdata: 00000000
ClkCycle:       4045, pc_rdata: 0007462e, pc_wdata: 00074632, insn: 8141fff5, mode: 3, rs1_addr: 10, rs1_rdata: 00000001, rs2_addr: 31, rs2_rdata: 00000000, rd_addr: 10, rd_wdata: 80000000, mem_addr: 80000000, mem_rdata: 00000000, mem_wdata: 00000000
ClkCycle:       4046, pc_rdata: 00074632, pc_wdata: 00074636, insn: 8141fff5, mode: 3, rs1_addr:  0, rs1_rdata: 00000000, rs2_addr:  0, rs2_rdata: 00000000, rd_addr:  0, rd_wdata: 00000000, mem_addr: 00000000, mem_rdata: 00000000, mem_wdata: 00000000
ClkCycle:       4047, pc_rdata: 00074636, pc_wdata: 00074638, insn: 00100513, mode: 3, rs1_addr: 10, rs1_rdata: 00000001, rs2_addr: 16, rs2_rdata: 7d5bfddb, rd_addr: 10, rd_wdata: 00008000, mem_addr: 00008000, mem_rdata: 00000000, mem_wdata: 7d5bfddb
ClkCycle:       4048, pc_rdata: 00074638, pc_wdata: 0007463c, insn: 00100513, mode: 3, rs1_addr:  0, rs1_rdata: 00000000, rs2_addr:  1, rs2_rdata: 00077118, rd_addr: 10, rd_wdata: 00000001, mem_addr: 00000001, mem_rdata: 00000000, mem_wdata: 00077118
ClkCycle:       4049, pc_rdata: 0007463c, pc_wdata: 00074640, insn: 03951513, mode: 3, rs1_addr: 10, rs1_rdata: 80000000, rs2_addr: 25, rs2_rdata: 00000000, rd_addr: 10, rd_wdata: 02000000, mem_addr: 02000000, mem_rdata: 00000000, mem_wdata: 00000000
ClkCycle:       4050, pc_rdata: 00074640, pc_wdata: 00074644, insn: fff54513, mode: 3, rs1_addr: 10, rs1_rdata: 00008000, rs2_addr: 31, rs2_rdata: 00000000, rd_addr: 10, rd_wdata: fdffffff, mem_addr: fdffffff, mem_rdata: 00000000, mem_wdata: 00000000
ClkCycle:       4051, pc_rdata: 00074644, pc_wdata: 00074646, insn: b0239179, mode: 3, rs1_addr: 10, rs1_rdata: 00000001, rs2_addr: 30, rs2_rdata: 00000000, rd_addr: 10, rd_wdata: 00000003, mem_addr: 00000003, mem_rdata: 00000000, mem_wdata: 00000000
ClkCycle:       4052, pc_rdata: 00074646, pc_wdata: 0007464a, insn: b0239179, mode: 3, rs1_addr:  0, rs1_rdata: 00000000, rs2_addr:  0, rs2_rdata: 00000000, rd_addr:  0, rd_wdata: 00000000, mem_addr: 00000000, mem_rdata: 00000000, mem_wdata: 00000000
0000000100077118
ClkCycle:       4053, pc_rdata: 0007464a, pc_wdata: 0007464e, insn: 15130010, mode: 3, rs1_addr:  1, rs1_rdata: 00077118, rs2_addr:  1, rs2_rdata: 00077118, rd_addr:  0, rd_wdata: 00077118, mem_addr: 00077118, mem_rdata: 00000000, mem_wdata: 00077118
ClkCycle:       4054, pc_rdata: 0007464e, pc_wdata: 00074652, insn: 15130010, mode: 3, rs1_addr:  0, rs1_rdata: 00000000, rs2_addr:  0, rs2_rdata: 00000000, rd_addr:  0, rd_wdata: 00000000, mem_addr: 00000000, mem_rdata: 00000000, mem_wdata: 00000000
ClkCycle:       4055, pc_rdata: 00074652, pc_wdata: 00074656, insn: 915dfff5, mode: 3, rs1_addr: 10, rs1_rdata: 00000003, rs2_addr: 31, rs2_rdata: 00000000, rd_addr: 10, rd_wdata: 80000000, mem_addr: 80000000, mem_rdata: 00000000, mem_wdata: 00000000
ClkCycle:       4056, pc_rdata: 00074656, pc_wdata: 0007465a, insn: 915dfff5, mode: 3, rs1_addr:  0, rs1_rdata: 00000000, rs2_addr:  0, rs2_rdata: 00000000, rd_addr:  0, rd_wdata: 00000000, mem_addr: 00000000, mem_rdata: 00000000, mem_wdata: 00000000
ClkCycle:       4057, pc_rdata: 0007465a, pc_wdata: 0007465c, insn: 00100513, mode: 3, rs1_addr: 10, rs1_rdata: 00000003, rs2_addr: 23, rs2_rdata: 00003ead, rd_addr: 10, rd_wdata: 00000300, mem_addr: 00000300, mem_rdata: 00000000, mem_wdata: 00003ead
ClkCycle:       4058, pc_rdata: 0007465c, pc_wdata: 00074660, insn: 00100513, mode: 3, rs1_addr:  0, rs1_rdata: 00000000, rs2_addr:  1, rs2_rdata: 00077118, rd_addr: 10, rd_wdata: 00000001, mem_addr: 00000001, mem_rdata: 00000000, mem_wdata: 00077118
ClkCycle:       4059, pc_rdata: 00074660, pc_wdata: 00074664, insn: 03b51513, mode: 3, rs1_addr: 10, rs1_rdata: 80000000, rs2_addr: 27, rs2_rdata: 00000000, rd_addr: 10, rd_wdata: 08000000, mem_addr: 08000000, mem_rdata: 00000000, mem_wdata: 00000000
ClkCycle:       4060, pc_rdata: 00074664, pc_wdata: 00074668, insn: fff54513, mode: 3, rs1_addr: 10, rs1_rdata: 00000300, rs2_addr: 31, rs2_rdata: 00000000, rd_addr: 10, rd_wdata: f7ffffff, mem_addr: f7ffffff, mem_rdata: 00000000, mem_wdata: 00000000
ClkCycle:       4061, pc_rdata: 00074668, pc_wdata: 0007466a, insn: b8238155, mode: 3, rs1_addr: 10, rs1_rdata: 00000001, rs2_addr: 21, rs2_rdata: 0fab7ffe, rd_addr: 10, rd_wdata: 000007bf, mem_addr: 000007bf, mem_rdata: 00000000, mem_wdata: 0fab7ffe
ClkCycle:       4062, pc_rdata: 0007466a, pc_wdata: 0007466e, insn: b8238155, mode: 3, rs1_addr:  0, rs1_rdata: 00000000, rs2_addr:  0, rs2_rdata: 00000000, rd_addr:  0, rd_wdata: 00000000, mem_addr: 00000000, mem_rdata: 00000000, mem_wdata: 00000000
0000000100077118
ClkCycle:       4063, pc_rdata: 0007466e, pc_wdata: 00074672, insn: 15130010, mode: 3, rs1_addr:  1, rs1_rdata: 00077118, rs2_addr:  1, rs2_rdata: 00077118, rd_addr: 16, rd_wdata: 00077128, mem_addr: 00077128, mem_rdata: 00000000, mem_wdata: 00077118
ClkCycle:       4064, pc_rdata: 00074672, pc_wdata: 00074676, insn: 15130010, mode: 3, rs1_addr:  0, rs1_rdata: 00000000, rs2_addr:  0, rs2_rdata: 00000000, rd_addr:  0, rd_wdata: 00000000, mem_addr: 00000000, mem_rdata: 00000000, mem_wdata: 00000000
ClkCycle:       4065, pc_rdata: 00074676, pc_wdata: 0007467a, insn: 8125fff5, mode: 3, rs1_addr: 10, rs1_rdata: 000007bf, rs2_addr: 31, rs2_rdata: 00000000, rd_addr: 10, rd_wdata: 80000000, mem_addr: 80000000, mem_rdata: 00000000, mem_wdata: 00000000
ClkCycle:       4066, pc_rdata: 0007467a, pc_wdata: 0007467e, insn: 8125fff5, mode: 3, rs1_addr:  0, rs1_rdata: 00000000, rs2_addr:  0, rs2_rdata: 00000000, rd_addr:  0, rd_wdata: 00000000, mem_addr: 00000000, mem_rdata: 00000000, mem_wdata: 00000000
ClkCycle:       4067, pc_rdata: 0007467e, pc_wdata: 00074680, insn: 00100513, mode: 3, rs1_addr: 10, rs1_rdata: 000007bf, rs2_addr:  9, rs2_rdata: 00000000, rd_addr: 10, rd_wdata: efc00000, mem_addr: efc00000, mem_rdata: 00000000, mem_wdata: 00000000
ClkCycle:       4068, pc_rdata: 00074680, pc_wdata: 00074684, insn: 00100513, mode: 3, rs1_addr:  0, rs1_rdata: 00000000, rs2_addr:  1, rs2_rdata: 00077118, rd_addr: 10, rd_wdata: 00000001, mem_addr: 00000001, mem_rdata: 00000000, mem_wdata: 00077118
ClkCycle:       4069, pc_rdata: 00074684, pc_wdata: 00074688, insn: 03d51513, mode: 3, rs1_addr: 10, rs1_rdata: 80000000, rs2_addr: 29, rs2_rdata: 00000000, rd_addr: 10, rd_wdata: 20000000, mem_addr: 20000000, mem_rdata: 00000000, mem_wdata: 00000000
ClkCycle:       4070, pc_rdata: 00074688, pc_wdata: 0007468c, insn: fff54513, mode: 3, rs1_addr: 10, rs1_rdata: efc00000, rs2_addr: 31, rs2_rdata: 00000000, rd_addr: 10, rd_wdata: dfffffff, mem_addr: dfffffff, mem_rdata: 00000000, mem_wdata: 00000000
ClkCycle:       4071, pc_rdata: 0007468c, pc_wdata: 0007468e, insn: b0238119, mode: 3, rs1_addr: 10, rs1_rdata: 00000001, rs2_addr:  6, rs2_rdata: 1fddb7f7, rd_addr: 10, rd_wdata: 037fffff, mem_addr: 037fffff, mem_rdata: 00000000, mem_wdata: 1fddb7f7
ClkCycle:       4072, pc_rdata: 0007468e, pc_wdata: 00074692, insn: b0238119, mode: 3, rs1_addr:  0, rs1_rdata: 00000000, rs2_addr:  0, rs2_rdata: 00000000, rd_addr:  0, rd_wdata: 00000000, mem_addr: 00000000, mem_rdata: 00000000, mem_wdata: 00000000
0000000100077118
ClkCycle:       4073, pc_rdata: 00074692, pc_wdata: 00074696, insn: 15130010, mode: 3, rs1_addr:  1, rs1_rdata: 00077118, rs2_addr:  1, rs2_rdata: 00077118, rd_addr:  0, rd_wdata: 00077118, mem_addr: 00077118, mem_rdata: 00000000, mem_wdata: 00077118
ClkCycle:       4074, pc_rdata: 00074696, pc_wdata: 0007469a, insn: 15130010, mode: 3, rs1_addr:  0, rs1_rdata: 00000000, rs2_addr:  0, rs2_rdata: 00000000, rd_addr:  0, rd_wdata: 00000000, mem_addr: 00000000, mem_rdata: 00000000, mem_wdata: 00000000
ClkCycle:       4075, pc_rdata: 0007469a, pc_wdata: 0007469e, insn: 8141fff5, mode: 3, rs1_addr: 10, rs1_rdata: 037fffff, rs2_addr: 31, rs2_rdata: 00000000, rd_addr: 10, rd_wdata: 80000000, mem_addr: 80000000, mem_rdata: 00000000, mem_wdata: 00000000
ClkCycle:       4076, pc_rdata: 0007469e, pc_wdata: 000746a2, insn: 8141fff5, mode: 3, rs1_addr:  0, rs1_rdata: 00000000, rs2_addr:  0, rs2_rdata: 00000000, rd_addr:  0, rd_wdata: 00000000, mem_addr: 00000000, mem_rdata: 00000000, mem_wdata: 00000000
ClkCycle:       4077, pc_rdata: 000746a2, pc_wdata: 000746a4, insn: 55555537, mode: 3, rs1_addr: 10, rs1_rdata: 037fffff, rs2_addr: 16, rs2_rdata: 7d5bfddb, rd_addr: 10, rd_wdata: ffff8000, mem_addr: ffff8000, mem_rdata: 00000000, mem_wdata: 7d5bfddb
ClkCycle:       4078, pc_rdata: 000746a4, pc_wdata: 000746a8, insn: 55555537, mode: 3, rs1_addr: 10, rs1_rdata: 80000000, rs2_addr: 21, rs2_rdata: 0fab7ffe, rd_addr: 10, rd_wdata: 55555000, mem_addr: 55555000, mem_rdata: 00000000, mem_wdata: 0fab7ffe
ClkCycle:       4079, pc_rdata: 000746a8, pc_wdata: 000746ac, insn: 55550513, mode: 3, rs1_addr: 10, rs1_rdata: 80000000, rs2_addr: 21, rs2_rdata: 0fab7ffe, rd_addr: 10, rd_wdata: 55555555, mem_addr: 55555555, mem_rdata: 00000000, mem_wdata: 0fab7ffe
ClkCycle:       4080, pc_rdata: 000746ac, pc_wdata: 000746b0, insn: 00b51513, mode: 3, rs1_addr: 10, rs1_rdata: ffff8000, rs2_addr: 11, rs2_rdata: 00feedbc, rd_addr: 10, rd_wdata: aaaaa800, mem_addr: aaaaa800, mem_rdata: 00000000, mem_wdata: 00feedbc
ClkCycle:       4081, pc_rdata: 000746b0, pc_wdata: 000746b4, insn: 2aa50513, mode: 3, rs1_addr: 10, rs1_rdata: 55555000, rs2_addr: 10, rs2_rdata: 55555000, rd_addr: 10, rd_wdata: aaaaaaaa, mem_addr: aaaaaaaa, mem_rdata: 00000000, mem_wdata: aaaaa800
ClkCycle:       4082, pc_rdata: 000746b4, pc_wdata: 000746b8, insn: 00b51513, mode: 3, rs1_addr: 10, rs1_rdata: 55555555, rs2_addr: 11, rs2_rdata: 00feedbc, rd_addr: 10, rd_wdata: 55555000, mem_addr: 55555000, mem_rdata: 00000000, mem_wdata: 00feedbc
ClkCycle:       4083, pc_rdata: 000746b8, pc_wdata: 000746bc, insn: 55550513, mode: 3, rs1_addr: 10, rs1_rdata: aaaaa800, rs2_addr: 21, rs2_rdata: 0fab7ffe, rd_addr: 10, rd_wdata: 55555555, mem_addr: 55555555, mem_rdata: 00000000, mem_wdata: 0fab7ffe
ClkCycle:       4084, pc_rdata: 000746bc, pc_wdata: 000746c0, insn: 00a51513, mode: 3, rs1_addr: 10, rs1_rdata: aaaaaaaa, rs2_addr: 10, rs2_rdata: aaaaaaaa, rd_addr: 10, rd_wdata: 55555400, mem_addr: 55555400, mem_rdata: 00000000, mem_wdata: 55555555
ClkCycle:       4085, pc_rdata: 000746c0, pc_wdata: 000746c4, insn: 15550513, mode: 3, rs1_addr: 10, rs1_rdata: 55555000, rs2_addr: 21, rs2_rdata: 0fab7ffe, rd_addr: 10, rd_wdata: 55555555, mem_addr: 55555555, mem_rdata: 00000000, mem_wdata: 0fab7ffe
ClkCycle:       4086, pc_rdata: 000746c4, pc_wdata: 000746c6, insn: b823817d, mode: 3, rs1_addr: 10, rs1_rdata: 55555555, rs2_addr: 31, rs2_rdata: 00000000, rd_addr: 10, rd_wdata: aaaaaaaa, mem_addr: aaaaaaaa, mem_rdata: 00000000, mem_wdata: 00000000
ClkCycle:       4087, pc_rdata: 000746c6, pc_wdata: 000746ca, insn: b823817d, mode: 3, rs1_addr:  0, rs1_rdata: 00000000, rs2_addr:  0, rs2_rdata: 00000000, rd_addr:  0, rd_wdata: 00000000, mem_addr: 00000000, mem_rdata: 00000000, mem_wdata: 00000000
00000000aaaaaaaa
ClkCycle:       4088, pc_rdata: 000746ca, pc_wdata: 000746ce, insn: 0513aaaa, mode: 3, rs1_addr: 21, rs1_rdata: 0fab7ffe, rs2_addr: 10, rs2_rdata: 55555555, rd_addr: 16, rd_wdata: 0fab7aae, mem_addr: 0fab7aae, mem_rdata: 00000000, mem_wdata: aaaaaaaa
ClkCycle:       4089, pc_rdata: 000746ce, pc_wdata: 000746d2, insn: 0513aaaa, mode: 3, rs1_addr:  0, rs1_rdata: 00000000, rs2_addr:  0, rs2_rdata: 00000000, rd_addr:  0, rd_wdata: 00000000, mem_addr: 00000000, mem_rdata: 00000000, mem_wdata: 00000000
ClkCycle:       4090, pc_rdata: 000746d2, pc_wdata: 000746d6, insn: 051300b5, mode: 3, rs1_addr: 10, rs1_rdata: aaaaaaaa, rs2_addr: 11, rs2_rdata: 00feedbc, rd_addr: 10, rd_wdata: aaaaaab5, mem_addr: aaaaaab5, mem_rdata: 00000000, mem_wdata: 00feedbc
ClkCycle:       4091, pc_rdata: 000746d6, pc_wdata: 000746da, insn: 051300b5, mode: 3, rs1_addr:  0, rs1_rdata: 00000000, rs2_addr:  0, rs2_rdata: 00000000, rd_addr:  0, rd_wdata: 00000000, mem_addr: 00000000, mem_rdata: 00000000, mem_wdata: 00000000
ClkCycle:       4092, pc_rdata: 000746da, pc_wdata: 000746de, insn: 051300b5, mode: 3, rs1_addr: 10, rs1_rdata: aaaaaaaa, rs2_addr: 11, rs2_rdata: 00feedbc, rd_addr: 10, rd_wdata: aaaaaac0, mem_addr: aaaaaac0, mem_rdata: 00000000, mem_wdata: 00feedbc
ClkCycle:       4093, pc_rdata: 000746de, pc_wdata: 000746e2, insn: 051300b5, mode: 3, rs1_addr:  0, rs1_rdata: 00000000, rs2_addr:  0, rs2_rdata: 00000000, rd_addr:  0, rd_wdata: 00000000, mem_addr: 00000000, mem_rdata: 00000000, mem_wdata: 00000000
ClkCycle:       4094, pc_rdata: 000746e2, pc_wdata: 000746e6, insn: 051300a5, mode: 3, rs1_addr: 10, rs1_rdata: aaaaaab5, rs2_addr: 10, rs2_rdata: aaaaaab5, rd_addr: 10, rd_wdata: aaaaaaca, mem_addr: aaaaaaca, mem_rdata: 00000000, mem_wdata: aaaaaac0
ClkCycle:       4095, pc_rdata: 000746e6, pc_wdata: 000746ea, insn: 051300a5, mode: 3, rs1_addr:  0, rs1_rdata: 00000000, rs2_addr:  0, rs2_rdata: 00000000, rd_addr:  0, rd_wdata: 00000000, mem_addr: 00000000, mem_rdata: 00000000, mem_wdata: 00000000
ClkCycle:       4096, pc_rdata: 000746ea, pc_wdata: 000746ee, insn: 2ea0bc23, mode: 3, rs1_addr:  6, rs1_rdata: 1fddb7f7, rs2_addr:  2, rs2_rdata: 7fffdfff, rd_addr: 10, rd_wdata: 1fddb3b9, mem_addr: 1fddb3b9, mem_rdata: 00000000, mem_wdata: 7fffdfff
ClkCycle:       4097, pc_rdata: 000746ee, pc_wdata: 000746f2, insn: 2ea0bc23, mode: 3, rs1_addr:  0, rs1_rdata: 00000000, rs2_addr:  0, rs2_rdata: 00000000, rd_addr:  0, rd_wdata: 00000000, mem_addr: 00000000, mem_rdata: 00000000, mem_wdata: 00000000
ClkCycle:       4098, pc_rdata: 000746f2, pc_wdata: 000746f4, insn: b0238131, mode: 3, rs1_addr:  2, rs1_rdata: 7fffdfff, rs2_addr: 24, rs2_rdata: 0000007d, rd_addr:  8, rd_wdata: 7fffe357, mem_addr: 7fffe357, mem_rdata: 00000000, mem_wdata: 0000007d
ClkCycle:       4099, pc_rdata: 000746f4, pc_wdata: 000746f6, insn: b0238131, mode: 3, rs1_addr: 10, rs1_rdata: 1fddb3b9, rs2_addr: 12, rs2_rdata: fbffff02, rd_addr: 10, rd_wdata: 0011fddb, mem_addr: 0011fddb, mem_rdata: 00000000, mem_wdata: fbffff02
ClkCycle:       4100, pc_rdata: 000746f6, pc_wdata: 000746fa, insn: b0238131, mode: 3, rs1_addr:  0, rs1_rdata: 00000000, rs2_addr:  0, rs2_rdata: 00000000, rd_addr:  0, rd_wdata: 00000000, mem_addr: 00000000, mem_rdata: 00000000, mem_wdata: 00000000
000003eadfffb7ff
ClkCycle:       4101, pc_rdata: 000746fa, pc_wdata: 000746fe, insn: 05133333, mode: 3, rs1_addr:  7, rs1_rdata: 003fbb6f, rs2_addr: 19, rs2_rdata: dfffb7ff, rd_addr:  0, rd_wdata: 003fbe8f, mem_addr: 003fbe8f, mem_rdata: 00000000, mem_wdata: dfffb7ff
ClkCycle:       4102, pc_rdata: 000746fe, pc_wdata: 00074702, insn: 05133333, mode: 3, rs1_addr:  0, rs1_rdata: 00000000, rs2_addr:  0, rs2_rdata: 00000000, rd_addr:  0, rd_wdata: 00000000, mem_addr: 00000000, mem_rdata: 00000000, mem_wdata: 00000000
ClkCycle:       4103, pc_rdata: 00074702, pc_wdata: 00074706, insn: 051300b5, mode: 3, rs1_addr: 10, rs1_rdata: 0011fddb, rs2_addr: 11, rs2_rdata: 00feedbc, rd_addr: 10, rd_wdata: 0011fde6, mem_addr: 0011fde6, mem_rdata: 00000000, mem_wdata: 00feedbc
ClkCycle:       4104, pc_rdata: 00074706, pc_wdata: 0007470a, insn: 051300b5, mode: 3, rs1_addr:  0, rs1_rdata: 00000000, rs2_addr:  0, rs2_rdata: 00000000, rd_addr:  0, rd_wdata: 00000000, mem_addr: 00000000, mem_rdata: 00000000, mem_wdata: 00000000
ClkCycle:       4105, pc_rdata: 0007470a, pc_wdata: 0007470e, insn: 051300b5, mode: 3, rs1_addr: 10, rs1_rdata: 0011fddb, rs2_addr: 11, rs2_rdata: 00feedbc, rd_addr: 10, rd_wdata: 0011fdf1, mem_addr: 0011fdf1, mem_rdata: 00000000, mem_wdata: 00feedbc
ClkCycle:       4106, pc_rdata: 0007470e, pc_wdata: 00074712, insn: 051300b5, mode: 3, rs1_addr:  0, rs1_rdata: 00000000, rs2_addr:  0, rs2_rdata: 00000000, rd_addr:  0, rd_wdata: 00000000, mem_addr: 00000000, mem_rdata: 00000000, mem_wdata: 00000000
ClkCycle:       4107, pc_rdata: 00074712, pc_wdata: 00074716, insn: 051300a5, mode: 3, rs1_addr: 10, rs1_rdata: 0011fde6, rs2_addr: 10, rs2_rdata: 0011fde6, rd_addr: 10, rd_wdata: 0011fdfb, mem_addr: 0011fdfb, mem_rdata: 00000000, mem_wdata: 0011fdf1
ClkCycle:       4108, pc_rdata: 00074716, pc_wdata: 0007471a, insn: 051300a5, mode: 3, rs1_addr:  0, rs1_rdata: 00000000, rs2_addr:  0, rs2_rdata: 00000000, rd_addr:  0, rd_wdata: 00000000, mem_addr: 00000000, mem_rdata: 00000000, mem_wdata: 00000000
ClkCycle:       4109, pc_rdata: 0007471a, pc_wdata: 0007471e, insn: 30a0b423, mode: 3, rs1_addr:  6, rs1_rdata: 1fddb7f7, rs2_addr:  2, rs2_rdata: 7fffdfff, rd_addr: 10, rd_wdata: 1fddb339, mem_addr: 1fddb339, mem_rdata: 00000000, mem_wdata: 7fffdfff
ClkCycle:       4110, pc_rdata: 0007471e, pc_wdata: 00074722, insn: 30a0b423, mode: 3, rs1_addr:  0, rs1_rdata: 00000000, rs2_addr:  0, rs2_rdata: 00000000, rd_addr:  0, rd_wdata: 00000000, mem_addr: 00000000, mem_rdata: 00000000, mem_wdata: 00000000
ClkCycle:       4111, pc_rdata: 00074722, pc_wdata: 00074724, insn: 66650513, mode: 3, rs1_addr:  2, rs1_rdata: 7fffdfff, rs2_addr:  8, rs2_rdata: 7fffe357, rd_addr:  8, rd_wdata: 7fffe067, mem_addr: 7fffe067, mem_rdata: 00000000, mem_wdata: 7fffe357
ClkCycle:       4112, pc_rdata: 00074724, pc_wdata: 00074728, insn: 66650513, mode: 3, rs1_addr: 10, rs1_rdata: 1fddb339, rs2_addr:  6, rs2_rdata: 1fddb7f7, rd_addr: 10, rd_wdata: 1fddb99f, mem_addr: 1fddb99f, mem_rdata: 00000000, mem_wdata: 1fddb7f7
ClkCycle:       4113, pc_rdata: 00074728, pc_wdata: 0007472c, insn: 00b51513, mode: 3, rs1_addr: 10, rs1_rdata: 1fddb339, rs2_addr: 11, rs2_rdata: 00feedbc, rd_addr: 10, rd_wdata: edccf800, mem_addr: edccf800, mem_rdata: 00000000, mem_wdata: 00feedbc
ClkCycle:       4114, pc_rdata: 0007472c, pc_wdata: 00074730, insn: 33350513, mode: 3, rs1_addr: 10, rs1_rdata: 1fddb339, rs2_addr: 19, rs2_rdata: dfffb7ff, rd_addr: 10, rd_wdata: edccfb33, mem_addr: edccfb33, mem_rdata: 00000000, mem_wdata: dfffb7ff
ClkCycle:       4115, pc_rdata: 00074730, pc_wdata: 00074734, insn: 00b51513, mode: 3, rs1_addr: 10, rs1_rdata: 1fddb99f, rs2_addr: 11, rs2_rdata: 00feedbc, rd_addr: 10, rd_wdata: 67d99800, mem_addr: 67d99800, mem_rdata: 00000000, mem_wdata: 00feedbc
ClkCycle:       4116, pc_rdata: 00074734, pc_wdata: 00074738, insn: 19950513, mode: 3, rs1_addr: 10, rs1_rdata: edccf800, rs2_addr: 25, rs2_rdata: 00000000, rd_addr: 10, rd_wdata: 67d99999, mem_addr: 67d99999, mem_rdata: 00000000, mem_wdata: 00000000
ClkCycle:       4117, pc_rdata: 00074738, pc_wdata: 0007473c, insn: 00a51513, mode: 3, rs1_addr: 10, rs1_rdata: edccfb33, rs2_addr: 10, rs2_rdata: edccfb33, rd_addr: 10, rd_wdata: 66666400, mem_addr: 66666400, mem_rdata: 00000000, mem_wdata: 67d99999
ClkCycle:       4118, pc_rdata: 0007473c, pc_wdata: 00074740, insn: 26650513, mode: 3, rs1_addr: 10, rs1_rdata: 67d99800, rs2_addr:  6, rs2_rdata: 1fddb7f7, rd_addr: 10, rd_wdata: 66666666, mem_addr: 66666666, mem_rdata: 00000000, mem_wdata: 1fddb7f7
ClkCycle:       4119, pc_rdata: 00074740, pc_wdata: 00074742, insn: b823812d, mode: 3, rs1_addr: 10, rs1_rdata: 67d99999, rs2_addr: 11, rs2_rdata: 00feedbc, rd_addr: 10, rd_wdata: 33eccccc, mem_addr: 33eccccc, mem_rdata: 00000000, mem_wdata: 00feedbc
ClkCycle:       4120, pc_rdata: 00074742, pc_wdata: 00074746, insn: b823812d, mode: 3, rs1_addr:  0, rs1_rdata: 00000000, rs2_addr:  0, rs2_rdata: 00000000, rd_addr:  0, rd_wdata: 00000000, mem_addr: 00000000, mem_rdata: 00000000, mem_wdata: 00000000
0000000000000000
ClkCycle:       4121, pc_rdata: 00074746, pc_wdata: 0007474a, insn: 05130000, mode: 3, rs1_addr:  1, rs1_rdata: 00077118, rs2_addr:  0, rs2_rdata: 00000000, rd_addr: 16, rd_wdata: 00077128, mem_addr: 00077128, mem_rdata: 00000000, mem_wdata: 00000000
ClkCycle:       4122, pc_rdata: 0007474a, pc_wdata: 0007474e, insn: 05130000, mode: 3, rs1_addr:  0, rs1_rdata: 00000000, rs2_addr:  0, rs2_rdata: 00000000, rd_addr:  0, rd_wdata: 00000000, mem_addr: 00000000, mem_rdata: 00000000, mem_wdata: 00000000
ClkCycle:       4123, pc_rdata: 0007474e, pc_wdata: 00074752, insn: 051300b5, mode: 3, rs1_addr: 10, rs1_rdata: 33eccccc, rs2_addr: 11, rs2_rdata: 00feedbc, rd_addr: 10, rd_wdata: 33ecccd7, mem_addr: 33ecccd7, mem_rdata: 00000000, mem_wdata: 00feedbc
ClkCycle:       4124, pc_rdata: 00074752, pc_wdata: 00074756, insn: 051300b5, mode: 3, rs1_addr:  0, rs1_rdata: 00000000, rs2_addr:  0, rs2_rdata: 00000000, rd_addr:  0, rd_wdata: 00000000, mem_addr: 00000000, mem_rdata: 00000000, mem_wdata: 00000000
ClkCycle:       4125, pc_rdata: 00074756, pc_wdata: 0007475a, insn: 051300b5, mode: 3, rs1_addr: 10, rs1_rdata: 33eccccc, rs2_addr: 11, rs2_rdata: 00feedbc, rd_addr: 10, rd_wdata: 33eccce2, mem_addr: 33eccce2, mem_rdata: 00000000, mem_wdata: 00feedbc
ClkCycle:       4126, pc_rdata: 0007475a, pc_wdata: 0007475e, insn: 051300b5, mode: 3, rs1_addr:  0, rs1_rdata: 00000000, rs2_addr:  0, rs2_rdata: 00000000, rd_addr:  0, rd_wdata: 00000000, mem_addr: 00000000, mem_rdata: 00000000, mem_wdata: 00000000
ClkCycle:       4127, pc_rdata: 0007475e, pc_wdata: 00074762, insn: 051300a5, mode: 3, rs1_addr: 10, rs1_rdata: 33ecccd7, rs2_addr: 10, rs2_rdata: 33ecccd7, rd_addr: 10, rd_wdata: 33ecccec, mem_addr: 33ecccec, mem_rdata: 00000000, mem_wdata: 33eccce2
ClkCycle:       4128, pc_rdata: 00074762, pc_wdata: 00074766, insn: 051300a5, mode: 3, rs1_addr:  0, rs1_rdata: 00000000, rs2_addr:  0, rs2_rdata: 00000000, rd_addr:  0, rd_wdata: 00000000, mem_addr: 00000000, mem_rdata: 00000000, mem_wdata: 00000000
ClkCycle:       4129, pc_rdata: 00074766, pc_wdata: 0007476a, insn: 30a0bc23, mode: 3, rs1_addr:  6, rs1_rdata: 1fddb7f7, rs2_addr:  2, rs2_rdata: 7fffdfff, rd_addr: 10, rd_wdata: 1fddb3b9, mem_addr: 1fddb3b9, mem_rdata: 00000000, mem_wdata: 7fffdfff
ClkCycle:       4130, pc_rdata: 0007476a, pc_wdata: 0007476e, insn: 30a0bc23, mode: 3, rs1_addr:  0, rs1_rdata: 00000000, rs2_addr:  0, rs2_rdata: 00000000, rd_addr:  0, rd_wdata: 00000000, mem_addr: 00000000, mem_rdata: 00000000, mem_wdata: 00000000
ClkCycle:       4131, pc_rdata: 0007476e, pc_wdata: 00074770, insn: 00050513, mode: 3, rs1_addr:  2, rs1_rdata: 7fffdfff, rs2_addr:  8, rs2_rdata: 7fffe067, rd_addr:  8, rd_wdata: 7fffe067, mem_addr: 7fffe067, mem_rdata: 00000000, mem_wdata: 7fffe067
ClkCycle:       4132, pc_rdata: 00074770, pc_wdata: 00074774, insn: 00050513, mode: 3, rs1_addr: 10, rs1_rdata: 1fddb3b9, rs2_addr:  0, rs2_rdata: 00000000, rd_addr: 10, rd_wdata: 1fddb3b9, mem_addr: 1fddb3b9, mem_rdata: 00000000, mem_wdata: 00000000
ClkCycle:       4133, pc_rdata: 00074774, pc_wdata: 00074778, insn: 00b51513, mode: 3, rs1_addr: 10, rs1_rdata: 1fddb3b9, rs2_addr: 11, rs2_rdata: 00feedbc, rd_addr: 10, rd_wdata: ed9dc800, mem_addr: ed9dc800, mem_rdata: 00000000, mem_wdata: 00feedbc
ClkCycle:       4134, pc_rdata: 00074778, pc_wdata: 0007477c, insn: 5a850513, mode: 3, rs1_addr: 10, rs1_rdata: 1fddb3b9, rs2_addr:  8, rs2_rdata: 7fffe067, rd_addr: 10, rd_wdata: ed9dcda8, mem_addr: ed9dcda8, mem_rdata: 00000000, mem_wdata: 7fffe067
ClkCycle:       4135, pc_rdata: 0007477c, pc_wdata: 00074780, insn: 00b51513, mode: 3, rs1_addr: 10, rs1_rdata: 1fddb3b9, rs2_addr: 11, rs2_rdata: 00feedbc, rd_addr: 10, rd_wdata: ee6d4000, mem_addr: ee6d4000, mem_rdata: 00000000, mem_wdata: 00feedbc
ClkCycle:       4136, pc_rdata: 00074780, pc_wdata: 00074784, insn: 13c50513, mode: 3, rs1_addr: 10, rs1_rdata: ed9dc800, rs2_addr: 28, rs2_rdata: 00000000, rd_addr: 10, rd_wdata: ee6d413c, mem_addr: ee6d413c, mem_rdata: 00000000, mem_wdata: 00000000
ClkCycle:       4137, pc_rdata: 00074784, pc_wdata: 00074788, insn: 00a51513, mode: 3, rs1_addr: 10, rs1_rdata: ed9dcda8, rs2_addr: 10, rs2_rdata: ed9dcda8, rd_addr: 10, rd_wdata: b504f000, mem_addr: b504f000, mem_rdata: 00000000, mem_wdata: ee6d413c
ClkCycle:       4138, pc_rdata: 00074788, pc_wdata: 0007478c, insn: 33350513, mode: 3, rs1_addr: 10, rs1_rdata: ee6d4000, rs2_addr: 19, rs2_rdata: dfffb7ff, rd_addr: 10, rd_wdata: b504f333, mem_addr: b504f333, mem_rdata: 00000000, mem_wdata: dfffb7ff
ClkCycle:       4139, pc_rdata: 0007478c, pc_wdata: 0007478e, insn: b023811d, mode: 3, rs1_addr: 10, rs1_rdata: ee6d413c, rs2_addr:  7, rs2_rdata: 003fbb6f, rd_addr: 10, rd_wdata: 736a09e6, mem_addr: 736a09e6, mem_rdata: 00000000, mem_wdata: 003fbb6f
ClkCycle:       4140, pc_rdata: 0007478e, pc_wdata: 00074792, insn: b023811d, mode: 3, rs1_addr:  0, rs1_rdata: 00000000, rs2_addr:  0, rs2_rdata: 00000000, rd_addr:  0, rd_wdata: 00000000, mem_addr: 00000000, mem_rdata: 00000000, mem_wdata: 00000000
000000000fab7ffe
ClkCycle:       4141, pc_rdata: 00074792, pc_wdata: 00074796, insn: 05135555, mode: 3, rs1_addr: 11, rs1_rdata: 00feedbc, rs2_addr: 21, rs2_rdata: 0fab7ffe, rd_addr:  0, rd_wdata: 00fef2fc, mem_addr: 00fef2fc, mem_rdata: 00000000, mem_wdata: 0fab7ffe
ClkCycle:       4142, pc_rdata: 00074796, pc_wdata: 0007479a, insn: 05135555, mode: 3, rs1_addr:  0, rs1_rdata: 00000000, rs2_addr:  0, rs2_rdata: 00000000, rd_addr:  0, rd_wdata: 00000000, mem_addr: 00000000, mem_rdata: 00000000, mem_wdata: 00000000
ClkCycle:       4143, pc_rdata: 0007479a, pc_wdata: 0007479e, insn: 051300b5, mode: 3, rs1_addr: 10, rs1_rdata: 736a09e6, rs2_addr: 11, rs2_rdata: 00feedbc, rd_addr: 10, rd_wdata: 736a09f1, mem_addr: 736a09f1, mem_rdata: 00000000, mem_wdata: 00feedbc
ClkCycle:       4144, pc_rdata: 0007479e, pc_wdata: 000747a2, insn: 051300b5, mode: 3, rs1_addr:  0, rs1_rdata: 00000000, rs2_addr:  0, rs2_rdata: 00000000, rd_addr:  0, rd_wdata: 00000000, mem_addr: 00000000, mem_rdata: 00000000, mem_wdata: 00000000
ClkCycle:       4145, pc_rdata: 000747a2, pc_wdata: 000747a6, insn: 051300b5, mode: 3, rs1_addr: 10, rs1_rdata: 736a09e6, rs2_addr: 11, rs2_rdata: 00feedbc, rd_addr: 10, rd_wdata: 736a09fc, mem_addr: 736a09fc, mem_rdata: 00000000, mem_wdata: 00feedbc
ClkCycle:       4146, pc_rdata: 000747a6, pc_wdata: 000747aa, insn: 051300b5, mode: 3, rs1_addr:  0, rs1_rdata: 00000000, rs2_addr:  0, rs2_rdata: 00000000, rd_addr:  0, rd_wdata: 00000000, mem_addr: 00000000, mem_rdata: 00000000, mem_wdata: 00000000
ClkCycle:       4147, pc_rdata: 000747aa, pc_wdata: 000747ae, insn: 051300a5, mode: 3, rs1_addr: 10, rs1_rdata: 736a09f1, rs2_addr: 10, rs2_rdata: 736a09f1, rd_addr: 10, rd_wdata: 736a0a06, mem_addr: 736a0a06, mem_rdata: 00000000, mem_wdata: 736a09fc
ClkCycle:       4148, pc_rdata: 000747ae, pc_wdata: 000747b2, insn: 051300a5, mode: 3, rs1_addr:  0, rs1_rdata: 00000000, rs2_addr:  0, rs2_rdata: 00000000, rd_addr:  0, rd_wdata: 00000000, mem_addr: 00000000, mem_rdata: 00000000, mem_wdata: 00000000
ClkCycle:       4149, pc_rdata: 000747b2, pc_wdata: 000747b6, insn: 32a0b423, mode: 3, rs1_addr:  6, rs1_rdata: 1fddb7f7, rs2_addr:  2, rs2_rdata: 7fffdfff, rd_addr: 10, rd_wdata: 1fddb339, mem_addr: 1fddb339, mem_rdata: 00000000, mem_wdata: 7fffdfff
ClkCycle:       4150, pc_rdata: 000747b6, pc_wdata: 000747ba, insn: 32a0b423, mode: 3, rs1_addr:  0, rs1_rdata: 00000000, rs2_addr:  0, rs2_rdata: 00000000, rd_addr:  0, rd_wdata: 00000000, mem_addr: 00000000, mem_rdata: 00000000, mem_wdata: 00000000
ClkCycle:       4151, pc_rdata: 000747ba, pc_wdata: 000747bc, insn: 33350513, mode: 3, rs1_addr:  2, rs1_rdata: 7fffdfff, rs2_addr:  8, rs2_rdata: 7fffe067, rd_addr:  8, rd_wdata: 7fffe167, mem_addr: 7fffe167, mem_rdata: 00000000, mem_wdata: 7fffe067
ClkCycle:       4152, pc_rdata: 000747bc, pc_wdata: 000747c0, insn: 33350513, mode: 3, rs1_addr: 10, rs1_rdata: 1fddb339, rs2_addr: 19, rs2_rdata: dfffb7ff, rd_addr: 10, rd_wdata: 1fddb66c, mem_addr: 1fddb66c, mem_rdata: 00000000, mem_wdata: dfffb7ff
ClkCycle:       4153, pc_rdata: 000747c0, pc_wdata: 000747c4, insn: 00b51513, mode: 3, rs1_addr: 10, rs1_rdata: 1fddb339, rs2_addr: 11, rs2_rdata: 00feedbc, rd_addr: 10, rd_wdata: edb36000, mem_addr: edb36000, mem_rdata: 00000000, mem_wdata: 00feedbc
ClkCycle:       4154, pc_rdata: 000747c4, pc_wdata: 000747c8, insn: 19950513, mode: 3, rs1_addr: 10, rs1_rdata: 1fddb339, rs2_addr: 25, rs2_rdata: 00000000, rd_addr: 10, rd_wdata: edb36199, mem_addr: edb36199, mem_rdata: 00000000, mem_wdata: 00000000
ClkCycle:       4155, pc_rdata: 000747c8, pc_wdata: 000747cc, insn: 00b51513, mode: 3, rs1_addr: 10, rs1_rdata: 1fddb66c, rs2_addr: 11, rs2_rdata: 00feedbc, rd_addr: 10, rd_wdata: 9b0cc800, mem_addr: 9b0cc800, mem_rdata: 00000000, mem_wdata: 00feedbc
ClkCycle:       4156, pc_rdata: 000747cc, pc_wdata: 000747d0, insn: 4cc50513, mode: 3, rs1_addr: 10, rs1_rdata: edb36000, rs2_addr: 12, rs2_rdata: fbffff02, rd_addr: 10, rd_wdata: 9b0ccccc, mem_addr: 9b0ccccc, mem_rdata: 00000000, mem_wdata: fbffff02
ClkCycle:       4157, pc_rdata: 000747d0, pc_wdata: 000747d4, insn: 00a51513, mode: 3, rs1_addr: 10, rs1_rdata: edb36199, rs2_addr: 10, rs2_rdata: edb36199, rd_addr: 10, rd_wdata: 33333000, mem_addr: 33333000, mem_rdata: 00000000, mem_wdata: 9b0ccccc
ClkCycle:       4158, pc_rdata: 000747d4, pc_wdata: 000747d8, insn: 33250513, mode: 3, rs1_addr: 10, rs1_rdata: 9b0cc800, rs2_addr: 18, rs2_rdata: ffdbffff, rd_addr: 10, rd_wdata: 33333332, mem_addr: 33333332, mem_rdata: 00000000, mem_wdata: ffdbffff
ClkCycle:       4159, pc_rdata: 000747d8, pc_wdata: 000747da, insn: b8238105, mode: 3, rs1_addr: 10, rs1_rdata: 9b0ccccc, rs2_addr:  1, rs2_rdata: 00077118, rd_addr: 10, rd_wdata: 19999999, mem_addr: 19999999, mem_rdata: 00000000, mem_wdata: 00077118
ClkCycle:       4160, pc_rdata: 000747da, pc_wdata: 000747de, insn: b8238105, mode: 3, rs1_addr:  0, rs1_rdata: 00000000, rs2_addr:  0, rs2_rdata: 00000000, rd_addr:  0, rd_wdata: 00000000, mem_addr: 00000000, mem_rdata: 00000000, mem_wdata: 00000000
000000001fddb7f7
ClkCycle:       4161, pc_rdata: 000747de, pc_wdata: 000747e2, insn: 05136666, mode: 3, rs1_addr: 13, rs1_rdata: 1fff7fff, rs2_addr:  6, rs2_rdata: 1fddb7f7, rd_addr: 16, rd_wdata: 1fff866f, mem_addr: 1fff866f, mem_rdata: 00000000, mem_wdata: 1fddb7f7
ClkCycle:       4162, pc_rdata: 000747e2, pc_wdata: 000747e6, insn: 05136666, mode: 3, rs1_addr:  0, rs1_rdata: 00000000, rs2_addr:  0, rs2_rdata: 00000000, rd_addr:  0, rd_wdata: 00000000, mem_addr: 00000000, mem_rdata: 00000000, mem_wdata: 00000000
ClkCycle:       4163, pc_rdata: 000747e6, pc_wdata: 000747ea, insn: 051300b5, mode: 3, rs1_addr: 10, rs1_rdata: 19999999, rs2_addr: 11, rs2_rdata: 00feedbc, rd_addr: 10, rd_wdata: 199999a4, mem_addr: 199999a4, mem_rdata: 00000000, mem_wdata: 00feedbc
ClkCycle:       4164, pc_rdata: 000747ea, pc_wdata: 000747ee, insn: 051300b5, mode: 3, rs1_addr:  0, rs1_rdata: 00000000, rs2_addr:  0, rs2_rdata: 00000000, rd_addr:  0, rd_wdata: 00000000, mem_addr: 00000000, mem_rdata: 00000000, mem_wdata: 00000000
ClkCycle:       4165, pc_rdata: 000747ee, pc_wdata: 000747f2, insn: 051300b5, mode: 3, rs1_addr: 10, rs1_rdata: 19999999, rs2_addr: 11, rs2_rdata: 00feedbc, rd_addr: 10, rd_wdata: 199999af, mem_addr: 199999af, mem_rdata: 00000000, mem_wdata: 00feedbc
ClkCycle:       4166, pc_rdata: 000747f2, pc_wdata: 000747f6, insn: 051300b5, mode: 3, rs1_addr:  0, rs1_rdata: 00000000, rs2_addr:  0, rs2_rdata: 00000000, rd_addr:  0, rd_wdata: 00000000, mem_addr: 00000000, mem_rdata: 00000000, mem_wdata: 00000000
ClkCycle:       4167, pc_rdata: 000747f6, pc_wdata: 000747fa, insn: 051300a5, mode: 3, rs1_addr: 10, rs1_rdata: 199999a4, rs2_addr: 10, rs2_rdata: 199999a4, rd_addr: 10, rd_wdata: 199999b9, mem_addr: 199999b9, mem_rdata: 00000000, mem_wdata: 199999af
ClkCycle:       4168, pc_rdata: 000747fa, pc_wdata: 000747fe, insn: 051300a5, mode: 3, rs1_addr:  0, rs1_rdata: 00000000, rs2_addr:  0, rs2_rdata: 00000000, rd_addr:  0, rd_wdata: 00000000, mem_addr: 00000000, mem_rdata: 00000000, mem_wdata: 00000000
ClkCycle:       4169, pc_rdata: 000747fe, pc_wdata: 00074802, insn: 32a0bc23, mode: 3, rs1_addr:  6, rs1_rdata: 1fddb7f7, rs2_addr:  2, rs2_rdata: 7fffdfff, rd_addr: 10, rd_wdata: 1fddb3b9, mem_addr: 1fddb3b9, mem_rdata: 00000000, mem_wdata: 7fffdfff
ClkCycle:       4170, pc_rdata: 00074802, pc_wdata: 00074806, insn: 32a0bc23, mode: 3, rs1_addr:  0, rs1_rdata: 00000000, rs2_addr:  0, rs2_rdata: 00000000, rd_addr:  0, rd_wdata: 00000000, mem_addr: 00000000, mem_rdata: 00000000, mem_wdata: 00000000
ClkCycle:       4171, pc_rdata: 00074806, pc_wdata: 00074808, insn: 00050513, mode: 3, rs1_addr:  2, rs1_rdata: 7fffdfff, rs2_addr:  8, rs2_rdata: 7fffe167, rd_addr:  8, rd_wdata: 7fffe167, mem_addr: 7fffe167, mem_rdata: 00000000, mem_wdata: 7fffe167
ClkCycle:       4172, pc_rdata: 00074808, pc_wdata: 0007480c, insn: 00050513, mode: 3, rs1_addr: 10, rs1_rdata: 1fddb3b9, rs2_addr:  0, rs2_rdata: 00000000, rd_addr: 10, rd_wdata: 1fddb3b9, mem_addr: 1fddb3b9, mem_rdata: 00000000, mem_wdata: 00000000
ClkCycle:       4173, pc_rdata: 0007480c, pc_wdata: 00074810, insn: 00b51513, mode: 3, rs1_addr: 10, rs1_rdata: 1fddb3b9, rs2_addr: 11, rs2_rdata: 00feedbc, rd_addr: 10, rd_wdata: ed9dc800, mem_addr: ed9dc800, mem_rdata: 00000000, mem_wdata: 00feedbc
ClkCycle:       4174, pc_rdata: 00074810, pc_wdata: 00074814, insn: 5a850513, mode: 3, rs1_addr: 10, rs1_rdata: 1fddb3b9, rs2_addr:  8, rs2_rdata: 7fffe167, rd_addr: 10, rd_wdata: ed9dcda8, mem_addr: ed9dcda8, mem_rdata: 00000000, mem_wdata: 7fffe167
ClkCycle:       4175, pc_rdata: 00074814, pc_wdata: 00074818, insn: 00b51513, mode: 3, rs1_addr: 10, rs1_rdata: 1fddb3b9, rs2_addr: 11, rs2_rdata: 00feedbc, rd_addr: 10, rd_wdata: ee6d4000, mem_addr: ee6d4000, mem_rdata: 00000000, mem_wdata: 00feedbc
ClkCycle:       4176, pc_rdata: 00074818, pc_wdata: 0007481c, insn: 13c50513, mode: 3, rs1_addr: 10, rs1_rdata: ed9dc800, rs2_addr: 28, rs2_rdata: 00000000, rd_addr: 10, rd_wdata: ee6d413c, mem_addr: ee6d413c, mem_rdata: 00000000, mem_wdata: 00000000
ClkCycle:       4177, pc_rdata: 0007481c, pc_wdata: 00074820, insn: 00a51513, mode: 3, rs1_addr: 10, rs1_rdata: ed9dcda8, rs2_addr: 10, rs2_rdata: ed9dcda8, rd_addr: 10, rd_wdata: b504f000, mem_addr: b504f000, mem_rdata: 00000000, mem_wdata: ee6d413c
ClkCycle:       4178, pc_rdata: 00074820, pc_wdata: 00074824, insn: 33250513, mode: 3, rs1_addr: 10, rs1_rdata: ee6d4000, rs2_addr: 18, rs2_rdata: ffdbffff, rd_addr: 10, rd_wdata: b504f332, mem_addr: b504f332, mem_rdata: 00000000, mem_wdata: ffdbffff
ClkCycle:       4179, pc_rdata: 00074824, pc_wdata: 00074826, insn: b0238129, mode: 3, rs1_addr: 10, rs1_rdata: ee6d413c, rs2_addr: 10, rs2_rdata: ee6d413c, rd_addr: 10, rd_wdata: ee6d413c, mem_addr: ee6d413c, mem_rdata: 00000000, mem_wdata: b504f332
ClkCycle:       4180, pc_rdata: 00074826, pc_wdata: 0007482a, insn: b0238129, mode: 3, rs1_addr:  0, rs1_rdata: 00000000, rs2_addr:  0, rs2_rdata: 00000000, rd_addr:  0, rd_wdata: 00000000, mem_addr: 00000000, mem_rdata: 00000000, mem_wdata: 00000000
000000000fab7ffe
ClkCycle:       4181, pc_rdata: 0007482a, pc_wdata: 0007482e, insn: 05135555, mode: 3, rs1_addr: 11, rs1_rdata: 00feedbc, rs2_addr: 21, rs2_rdata: 0fab7ffe, rd_addr:  0, rd_wdata: 00fef2fc, mem_addr: 00fef2fc, mem_rdata: 00000000, mem_wdata: 0fab7ffe
ClkCycle:       4182, pc_rdata: 0007482e, pc_wdata: 00074832, insn: 05135555, mode: 3, rs1_addr:  0, rs1_rdata: 00000000, rs2_addr:  0, rs2_rdata: 00000000, rd_addr:  0, rd_wdata: 00000000, mem_addr: 00000000, mem_rdata: 00000000, mem_wdata: 00000000
ClkCycle:       4183, pc_rdata: 00074832, pc_wdata: 00074836, insn: 051300b5, mode: 3, rs1_addr: 10, rs1_rdata: ee6d413c, rs2_addr: 11, rs2_rdata: 00feedbc, rd_addr: 10, rd_wdata: ee6d4147, mem_addr: ee6d4147, mem_rdata: 00000000, mem_wdata: 00feedbc
ClkCycle:       4184, pc_rdata: 00074836, pc_wdata: 0007483a, insn: 051300b5, mode: 3, rs1_addr:  0, rs1_rdata: 00000000, rs2_addr:  0, rs2_rdata: 00000000, rd_addr:  0, rd_wdata: 00000000, mem_addr: 00000000, mem_rdata: 00000000, mem_wdata: 00000000
ClkCycle:       4185, pc_rdata: 0007483a, pc_wdata: 0007483e, insn: 051300b5, mode: 3, rs1_addr: 10, rs1_rdata: ee6d413c, rs2_addr: 11, rs2_rdata: 00feedbc, rd_addr: 10, rd_wdata: ee6d4152, mem_addr: ee6d4152, mem_rdata: 00000000, mem_wdata: 00feedbc
ClkCycle:       4186, pc_rdata: 0007483e, pc_wdata: 00074842, insn: 051300b5, mode: 3, rs1_addr:  0, rs1_rdata: 00000000, rs2_addr:  0, rs2_rdata: 00000000, rd_addr:  0, rd_wdata: 00000000, mem_addr: 00000000, mem_rdata: 00000000, mem_wdata: 00000000
ClkCycle:       4187, pc_rdata: 00074842, pc_wdata: 00074846, insn: 051300a5, mode: 3, rs1_addr: 10, rs1_rdata: ee6d4147, rs2_addr: 10, rs2_rdata: ee6d4147, rd_addr: 10, rd_wdata: ee6d415c, mem_addr: ee6d415c, mem_rdata: 00000000, mem_wdata: ee6d4152
ClkCycle:       4188, pc_rdata: 00074846, pc_wdata: 0007484a, insn: 051300a5, mode: 3, rs1_addr:  0, rs1_rdata: 00000000, rs2_addr:  0, rs2_rdata: 00000000, rd_addr:  0, rd_wdata: 00000000, mem_addr: 00000000, mem_rdata: 00000000, mem_wdata: 00000000
ClkCycle:       4189, pc_rdata: 0007484a, pc_wdata: 0007484e, insn: 34a0b423, mode: 3, rs1_addr:  6, rs1_rdata: 1fddb7f7, rs2_addr:  2, rs2_rdata: 7fffdfff, rd_addr: 10, rd_wdata: 1fddb339, mem_addr: 1fddb339, mem_rdata: 00000000, mem_wdata: 7fffdfff
ClkCycle:       4190, pc_rdata: 0007484e, pc_wdata: 00074852, insn: 34a0b423, mode: 3, rs1_addr:  0, rs1_rdata: 00000000, rs2_addr:  0, rs2_rdata: 00000000, rd_addr:  0, rd_wdata: 00000000, mem_addr: 00000000, mem_rdata: 00000000, mem_wdata: 00000000
ClkCycle:       4191, pc_rdata: 00074852, pc_wdata: 00074854, insn: aaa50513, mode: 3, rs1_addr:  2, rs1_rdata: 7fffdfff, rs2_addr:  8, rs2_rdata: 7fffe167, rd_addr:  8, rd_wdata: 7fffe267, mem_addr: 7fffe267, mem_rdata: 00000000, mem_wdata: 7fffe167
ClkCycle:       4192, pc_rdata: 00074854, pc_wdata: 00074858, insn: aaa50513, mode: 3, rs1_addr: 10, rs1_rdata: 1fddb339, rs2_addr: 10, rs2_rdata: 1fddb339, rd_addr: 10, rd_wdata: 1fddade3, mem_addr: 1fddade3, mem_rdata: 00000000, mem_wdata: 1fddb339
ClkCycle:       4193, pc_rdata: 00074858, pc_wdata: 0007485c, insn: 00b51513, mode: 3, rs1_addr: 10, rs1_rdata: 1fddb339, rs2_addr: 11, rs2_rdata: 00feedbc, rd_addr: 10, rd_wdata: ed6f1800, mem_addr: ed6f1800, mem_rdata: 00000000, mem_wdata: 00feedbc
ClkCycle:       4194, pc_rdata: 0007485c, pc_wdata: 00074860, insn: 55550513, mode: 3, rs1_addr: 10, rs1_rdata: 1fddb339, rs2_addr: 21, rs2_rdata: 0fab7ffe, rd_addr: 10, rd_wdata: ed6f1d55, mem_addr: ed6f1d55, mem_rdata: 00000000, mem_wdata: 0fab7ffe
ClkCycle:       4195, pc_rdata: 00074860, pc_wdata: 00074864, insn: 00b51513, mode: 3, rs1_addr: 10, rs1_rdata: 1fddade3, rs2_addr: 11, rs2_rdata: 00feedbc, rd_addr: 10, rd_wdata: 78eaa800, mem_addr: 78eaa800, mem_rdata: 00000000, mem_wdata: 00feedbc
ClkCycle:       4196, pc_rdata: 00074864, pc_wdata: 00074868, insn: 2aa50513, mode: 3, rs1_addr: 10, rs1_rdata: ed6f1800, rs2_addr: 10, rs2_rdata: ed6f1800, rd_addr: 10, rd_wdata: 78eaaaaa, mem_addr: 78eaaaaa, mem_rdata: 00000000, mem_wdata: 78eaa800
ClkCycle:       4197, pc_rdata: 00074868, pc_wdata: 0007486c, insn: 00a51513, mode: 3, rs1_addr: 10, rs1_rdata: ed6f1d55, rs2_addr: 10, rs2_rdata: ed6f1d55, rd_addr: 10, rd_wdata: aaaaa800, mem_addr: aaaaa800, mem_rdata: 00000000, mem_wdata: 78eaaaaa
ClkCycle:       4198, pc_rdata: 0007486c, pc_wdata: 00074870, insn: 2ab50513, mode: 3, rs1_addr: 10, rs1_rdata: 78eaa800, rs2_addr: 11, rs2_rdata: 00feedbc, rd_addr: 10, rd_wdata: aaaaaaab, mem_addr: aaaaaaab, mem_rdata: 00000000, mem_wdata: 00feedbc
ClkCycle:       4199, pc_rdata: 00074870, pc_wdata: 00074872, insn: b8238149, mode: 3, rs1_addr: 10, rs1_rdata: 78eaaaaa, rs2_addr: 18, rs2_rdata: ffdbffff, rd_addr: 10, rd_wdata: 6b78eaaa, mem_addr: 6b78eaaa, mem_rdata: 00000000, mem_wdata: ffdbffff
ClkCycle:       4200, pc_rdata: 00074872, pc_wdata: 00074876, insn: b8238149, mode: 3, rs1_addr:  0, rs1_rdata: 00000000, rs2_addr:  0, rs2_rdata: 00000000, rd_addr:  0, rd_wdata: 00000000, mem_addr: 00000000, mem_rdata: 00000000, mem_wdata: 00000000
000000001fddb7f7
ClkCycle:       4201, pc_rdata: 00074876, pc_wdata: 0007487a, insn: 81110060, mode: 3, rs1_addr:  1, rs1_rdata: 00077118, rs2_addr:  6, rs2_rdata: 1fddb7f7, rd_addr: 16, rd_wdata: 00077128, mem_addr: 00077128, mem_rdata: 00000000, mem_wdata: 1fddb7f7
ClkCycle:       4202, pc_rdata: 0007487a, pc_wdata: 0007487e, insn: 81110060, mode: 3, rs1_addr:  0, rs1_rdata: 00000000, rs2_addr:  0, rs2_rdata: 00000000, rd_addr:  0, rd_wdata: 00000000, mem_addr: 00000000, mem_rdata: 00000000, mem_wdata: 00000000
ClkCycle:       4203, pc_rdata: 0007487e, pc_wdata: 00074880, insn: 33333537, mode: 3, rs1_addr: 10, rs1_rdata: 6b78eaaa, rs2_addr:  4, rs2_rdata: 6dfdffff, rd_addr: 10, rd_wdata: 76b78eaa, mem_addr: 76b78eaa, mem_rdata: 00000000, mem_wdata: 6dfdffff
ClkCycle:       4204, pc_rdata: 00074880, pc_wdata: 00074884, insn: 33333537, mode: 3, rs1_addr:  6, rs1_rdata: 1fddb7f7, rs2_addr: 19, rs2_rdata: dfffb7ff, rd_addr: 10, rd_wdata: 33333000, mem_addr: 33333000, mem_rdata: 00000000, mem_wdata: dfffb7ff
ClkCycle:       4205, pc_rdata: 00074884, pc_wdata: 00074888, insn: 33350513, mode: 3, rs1_addr: 10, rs1_rdata: 6b78eaaa, rs2_addr: 19, rs2_rdata: dfffb7ff, rd_addr: 10, rd_wdata: 33333333, mem_addr: 33333333, mem_rdata: 00000000, mem_wdata: dfffb7ff
ClkCycle:       4206, pc_rdata: 00074888, pc_wdata: 0007488c, insn: 00b51513, mode: 3, rs1_addr: 10, rs1_rdata: 76b78eaa, rs2_addr: 11, rs2_rdata: 00feedbc, rd_addr: 10, rd_wdata: 99999800, mem_addr: 99999800, mem_rdata: 00000000, mem_wdata: 00feedbc
ClkCycle:       4207, pc_rdata: 0007488c, pc_wdata: 00074890, insn: 19950513, mode: 3, rs1_addr: 10, rs1_rdata: 33333000, rs2_addr: 25, rs2_rdata: 00000000, rd_addr: 10, rd_wdata: 99999999, mem_addr: 99999999, mem_rdata: 00000000, mem_wdata: 00000000
ClkCycle:       4208, pc_rdata: 00074890, pc_wdata: 00074894, insn: 00b51513, mode: 3, rs1_addr: 10, rs1_rdata: 33333333, rs2_addr: 11, rs2_rdata: 00feedbc, rd_addr: 10, rd_wdata: ccccc800, mem_addr: ccccc800, mem_rdata: 00000000, mem_wdata: 00feedbc
ClkCycle:       4209, pc_rdata: 00074894, pc_wdata: 00074898, insn: 4cc50513, mode: 3, rs1_addr: 10, rs1_rdata: 99999800, rs2_addr: 12, rs2_rdata: fbffff02, rd_addr: 10, rd_wdata: cccccccc, mem_addr: cccccccc, mem_rdata: 00000000, mem_wdata: fbffff02
ClkCycle:       4210, pc_rdata: 00074898, pc_wdata: 0007489c, insn: 00a51513, mode: 3, rs1_addr: 10, rs1_rdata: 99999999, rs2_addr: 10, rs2_rdata: 99999999, rd_addr: 10, rd_wdata: 33333000, mem_addr: 33333000, mem_rdata: 00000000, mem_wdata: cccccccc
ClkCycle:       4211, pc_rdata: 0007489c, pc_wdata: 000748a0, insn: 33450513, mode: 3, rs1_addr: 10, rs1_rdata: ccccc800, rs2_addr: 20, rs2_rdata: d5bfff6f, rd_addr: 10, rd_wdata: 33333334, mem_addr: 33333334, mem_rdata: 00000000, mem_wdata: d5bfff6f
ClkCycle:       4212, pc_rdata: 000748a0, pc_wdata: 000748a2, insn: b0238129, mode: 3, rs1_addr: 10, rs1_rdata: cccccccc, rs2_addr: 10, rs2_rdata: cccccccc, rd_addr: 10, rd_wdata: cccccccc, mem_addr: cccccccc, mem_rdata: 00000000, mem_wdata: 33333334
ClkCycle:       4213, pc_rdata: 000748a2, pc_wdata: 000748a6, insn: b0238129, mode: 3, rs1_addr:  0, rs1_rdata: 00000000, rs2_addr:  0, rs2_rdata: 00000000, rd_addr:  0, rd_wdata: 00000000, mem_addr: 00000000, mem_rdata: 00000000, mem_wdata: 00000000
000000001fddb7f7
ClkCycle:       4214, pc_rdata: 000748a6, pc_wdata: 000748aa, insn: 05136666, mode: 3, rs1_addr: 13, rs1_rdata: 1fff7fff, rs2_addr:  6, rs2_rdata: 1fddb7f7, rd_addr:  0, rd_wdata: 1fff865f, mem_addr: 1fff865f, mem_rdata: 00000000, mem_wdata: 1fddb7f7
ClkCycle:       4215, pc_rdata: 000748aa, pc_wdata: 000748ae, insn: 05136666, mode: 3, rs1_addr:  0, rs1_rdata: 00000000, rs2_addr:  0, rs2_rdata: 00000000, rd_addr:  0, rd_wdata: 00000000, mem_addr: 00000000, mem_rdata: 00000000, mem_wdata: 00000000
ClkCycle:       4216, pc_rdata: 000748ae, pc_wdata: 000748b2, insn: 051300b5, mode: 3, rs1_addr: 10, rs1_rdata: cccccccc, rs2_addr: 11, rs2_rdata: 00feedbc, rd_addr: 10, rd_wdata: ccccccd7, mem_addr: ccccccd7, mem_rdata: 00000000, mem_wdata: 00feedbc
ClkCycle:       4217, pc_rdata: 000748b2, pc_wdata: 000748b6, insn: 051300b5, mode: 3, rs1_addr:  0, rs1_rdata: 00000000, rs2_addr:  0, rs2_rdata: 00000000, rd_addr:  0, rd_wdata: 00000000, mem_addr: 00000000, mem_rdata: 00000000, mem_wdata: 00000000
ClkCycle:       4218, pc_rdata: 000748b6, pc_wdata: 000748ba, insn: 051300b5, mode: 3, rs1_addr: 10, rs1_rdata: cccccccc, rs2_addr: 11, rs2_rdata: 00feedbc, rd_addr: 10, rd_wdata: cccccce2, mem_addr: cccccce2, mem_rdata: 00000000, mem_wdata: 00feedbc
ClkCycle:       4219, pc_rdata: 000748ba, pc_wdata: 000748be, insn: 051300b5, mode: 3, rs1_addr:  0, rs1_rdata: 00000000, rs2_addr:  0, rs2_rdata: 00000000, rd_addr:  0, rd_wdata: 00000000, mem_addr: 00000000, mem_rdata: 00000000, mem_wdata: 00000000
ClkCycle:       4220, pc_rdata: 000748be, pc_wdata: 000748c2, insn: 051300a5, mode: 3, rs1_addr: 10, rs1_rdata: ccccccd7, rs2_addr: 10, rs2_rdata: ccccccd7, rd_addr: 10, rd_wdata: ccccccec, mem_addr: ccccccec, mem_rdata: 00000000, mem_wdata: cccccce2
ClkCycle:       4221, pc_rdata: 000748c2, pc_wdata: 000748c6, insn: 051300a5, mode: 3, rs1_addr:  0, rs1_rdata: 00000000, rs2_addr:  0, rs2_rdata: 00000000, rd_addr:  0, rd_wdata: 00000000, mem_addr: 00000000, mem_rdata: 00000000, mem_wdata: 00000000
ClkCycle:       4222, pc_rdata: 000748c6, pc_wdata: 000748ca, insn: 36a0b423, mode: 3, rs1_addr:  6, rs1_rdata: 1fddb7f7, rs2_addr:  2, rs2_rdata: 7fffdfff, rd_addr: 10, rd_wdata: 1fddb339, mem_addr: 1fddb339, mem_rdata: 00000000, mem_wdata: 7fffdfff
ClkCycle:       4223, pc_rdata: 000748ca, pc_wdata: 000748ce, insn: 36a0b423, mode: 3, rs1_addr:  0, rs1_rdata: 00000000, rs2_addr:  0, rs2_rdata: 00000000, rd_addr:  0, rd_wdata: 00000000, mem_addr: 00000000, mem_rdata: 00000000, mem_wdata: 00000000
ClkCycle:       4224, pc_rdata: 000748ce, pc_wdata: 000748d0, insn: fff50513, mode: 3, rs1_addr:  2, rs1_rdata: 7fffdfff, rs2_addr:  8, rs2_rdata: 7fffe267, rd_addr:  8, rd_wdata: 7fffe367, mem_addr: 7fffe367, mem_rdata: 00000000, mem_wdata: 7fffe267
ClkCycle:       4225, pc_rdata: 000748d0, pc_wdata: 000748d4, insn: fff50513, mode: 3, rs1_addr: 10, rs1_rdata: 1fddb339, rs2_addr: 31, rs2_rdata: 00000000, rd_addr: 10, rd_wdata: 1fddb338, mem_addr: 1fddb338, mem_rdata: 00000000, mem_wdata: 00000000
ClkCycle:       4226, pc_rdata: 000748d4, pc_wdata: 000748d8, insn: 00b51513, mode: 3, rs1_addr: 10, rs1_rdata: 1fddb339, rs2_addr: 11, rs2_rdata: 00feedbc, rd_addr: 10, rd_wdata: ed99c000, mem_addr: ed99c000, mem_rdata: 00000000, mem_wdata: 00feedbc
ClkCycle:       4227, pc_rdata: 000748d8, pc_wdata: 000748dc, insn: 25750513, mode: 3, rs1_addr: 10, rs1_rdata: 1fddb339, rs2_addr: 23, rs2_rdata: 00003ead, rd_addr: 10, rd_wdata: ed99c257, mem_addr: ed99c257, mem_rdata: 00000000, mem_wdata: 00003ead
ClkCycle:       4228, pc_rdata: 000748dc, pc_wdata: 000748e0, insn: 00b51513, mode: 3, rs1_addr: 10, rs1_rdata: 1fddb338, rs2_addr: 11, rs2_rdata: 00feedbc, rd_addr: 10, rd_wdata: ce12b800, mem_addr: ce12b800, mem_rdata: 00000000, mem_wdata: 00feedbc
ClkCycle:       4229, pc_rdata: 000748e0, pc_wdata: 000748e4, insn: 6c350513, mode: 3, rs1_addr: 10, rs1_rdata: ed99c000, rs2_addr:  3, rs2_rdata: feffffbf, rd_addr: 10, rd_wdata: ce12bec3, mem_addr: ce12bec3, mem_rdata: 00000000, mem_wdata: feffffbf
ClkCycle:       4230, pc_rdata: 000748e4, pc_wdata: 000748e8, insn: 00a51513, mode: 3, rs1_addr: 10, rs1_rdata: ed99c257, rs2_addr: 10, rs2_rdata: ed99c257, rd_addr: 10, rd_wdata: 4afb0c00, mem_addr: 4afb0c00, mem_rdata: 00000000, mem_wdata: ce12bec3
ClkCycle:       4231, pc_rdata: 000748e8, pc_wdata: 000748ec, insn: 0ce50513, mode: 3, rs1_addr: 10, rs1_rdata: ce12b800, rs2_addr: 14, rs2_rdata: 07f76dfd, rd_addr: 10, rd_wdata: 4afb0cce, mem_addr: 4afb0cce, mem_rdata: 00000000, mem_wdata: 07f76dfd
ClkCycle:       4232, pc_rdata: 000748ec, pc_wdata: 000748ee, insn: b8238115, mode: 3, rs1_addr: 10, rs1_rdata: ce12bec3, rs2_addr:  5, rs2_rdata: eedbfbff, rd_addr: 10, rd_wdata: c257d866, mem_addr: c257d866, mem_rdata: 00000000, mem_wdata: eedbfbff
ClkCycle:       4233, pc_rdata: 000748ee, pc_wdata: 000748f2, insn: b8238115, mode: 3, rs1_addr:  0, rs1_rdata: 00000000, rs2_addr:  0, rs2_rdata: 00000000, rd_addr:  0, rd_wdata: 00000000, mem_addr: 00000000, mem_rdata: 00000000, mem_wdata: 00000000
0000000000000000
ClkCycle:       4234, pc_rdata: 000748f2, pc_wdata: 000748f6, insn: 05130000, mode: 3, rs1_addr:  1, rs1_rdata: 00077118, rs2_addr:  0, rs2_rdata: 00000000, rd_addr: 16, rd_wdata: 00077128, mem_addr: 00077128, mem_rdata: 00000000, mem_wdata: 00000000
ClkCycle:       4235, pc_rdata: 000748f6, pc_wdata: 000748fa, insn: 05130000, mode: 3, rs1_addr:  0, rs1_rdata: 00000000, rs2_addr:  0, rs2_rdata: 00000000, rd_addr:  0, rd_wdata: 00000000, mem_addr: 00000000, mem_rdata: 00000000, mem_wdata: 00000000
ClkCycle:       4236, pc_rdata: 000748fa, pc_wdata: 000748fe, insn: 051300b5, mode: 3, rs1_addr: 10, rs1_rdata: c257d866, rs2_addr: 11, rs2_rdata: 00feedbc, rd_addr: 10, rd_wdata: c257d871, mem_addr: c257d871, mem_rdata: 00000000, mem_wdata: 00feedbc
ClkCycle:       4237, pc_rdata: 000748fe, pc_wdata: 00074902, insn: 051300b5, mode: 3, rs1_addr:  0, rs1_rdata: 00000000, rs2_addr:  0, rs2_rdata: 00000000, rd_addr:  0, rd_wdata: 00000000, mem_addr: 00000000, mem_rdata: 00000000, mem_wdata: 00000000
ClkCycle:       4238, pc_rdata: 00074902, pc_wdata: 00074906, insn: 051300b5, mode: 3, rs1_addr: 10, rs1_rdata: c257d866, rs2_addr: 11, rs2_rdata: 00feedbc, rd_addr: 10, rd_wdata: c257d87c, mem_addr: c257d87c, mem_rdata: 00000000, mem_wdata: 00feedbc
ClkCycle:       4239, pc_rdata: 00074906, pc_wdata: 0007490a, insn: 051300b5, mode: 3, rs1_addr:  0, rs1_rdata: 00000000, rs2_addr:  0, rs2_rdata: 00000000, rd_addr:  0, rd_wdata: 00000000, mem_addr: 00000000, mem_rdata: 00000000, mem_wdata: 00000000
ClkCycle:       4240, pc_rdata: 0007490a, pc_wdata: 0007490e, insn: 051300a5, mode: 3, rs1_addr: 10, rs1_rdata: c257d871, rs2_addr: 10, rs2_rdata: c257d871, rd_addr: 10, rd_wdata: c257d886, mem_addr: c257d886, mem_rdata: 00000000, mem_wdata: c257d87c
ClkCycle:       4241, pc_rdata: 0007490e, pc_wdata: 00074912, insn: 051300a5, mode: 3, rs1_addr:  0, rs1_rdata: 00000000, rs2_addr:  0, rs2_rdata: 00000000, rd_addr:  0, rd_wdata: 00000000, mem_addr: 00000000, mem_rdata: 00000000, mem_wdata: 00000000
ClkCycle:       4242, pc_rdata: 00074912, pc_wdata: 00074916, insn: 36a0bc23, mode: 3, rs1_addr:  6, rs1_rdata: 1fddb7f7, rs2_addr:  2, rs2_rdata: 7fffdfff, rd_addr: 10, rd_wdata: 1fddb3b9, mem_addr: 1fddb3b9, mem_rdata: 00000000, mem_wdata: 7fffdfff
ClkCycle:       4243, pc_rdata: 00074916, pc_wdata: 0007491a, insn: 36a0bc23, mode: 3, rs1_addr:  0, rs1_rdata: 00000000, rs2_addr:  0, rs2_rdata: 00000000, rd_addr:  0, rd_wdata: 00000000, mem_addr: 00000000, mem_rdata: 00000000, mem_wdata: 00000000
ClkCycle:       4244, pc_rdata: 0007491a, pc_wdata: 0007491c, insn: 03851513, mode: 3, rs1_addr:  2, rs1_rdata: 7fffdfff, rs2_addr:  8, rs2_rdata: 7fffe367, rd_addr:  8, rd_wdata: 7fffe367, mem_addr: 7fffe367, mem_rdata: 00000000, mem_wdata: 7fffe367
ClkCycle:       4245, pc_rdata: 0007491c, pc_wdata: 00074920, insn: 03851513, mode: 3, rs1_addr: 10, rs1_rdata: 1fddb3b9, rs2_addr: 24, rs2_rdata: 0000007d, rd_addr: 10, rd_wdata: b9000000, mem_addr: b9000000, mem_rdata: 00000000, mem_wdata: 0000007d
ClkCycle:       4246, pc_rdata: 00074920, pc_wdata: 00074922, insn: b0239129, mode: 3, rs1_addr: 10, rs1_rdata: 1fddb3b9, rs2_addr: 10, rs2_rdata: 1fddb3b9, rd_addr: 10, rd_wdata: 6cee4000, mem_addr: 6cee4000, mem_rdata: 00000000, mem_wdata: b9000000
ClkCycle:       4247, pc_rdata: 00074922, pc_wdata: 00074926, insn: b0239129, mode: 3, rs1_addr:  0, rs1_rdata: 00000000, rs2_addr:  0, rs2_rdata: 00000000, rd_addr:  0, rd_wdata: 00000000, mem_addr: 00000000, mem_rdata: 00000000, mem_wdata: 00000000
0000000100077118
ClkCycle:       4248, pc_rdata: 00074926, pc_wdata: 0007492a, insn: 15130010, mode: 3, rs1_addr:  1, rs1_rdata: 00077118, rs2_addr:  1, rs2_rdata: 00077118, rd_addr:  0, rd_wdata: 00077118, mem_addr: 00077118, mem_rdata: 00000000, mem_wdata: 00077118
ClkCycle:       4249, pc_rdata: 0007492a, pc_wdata: 0007492e, insn: 15130010, mode: 3, rs1_addr:  0, rs1_rdata: 00000000, rs2_addr:  0, rs2_rdata: 00000000, rd_addr:  0, rd_wdata: 00000000, mem_addr: 00000000, mem_rdata: 00000000, mem_wdata: 00000000
ClkCycle:       4250, pc_rdata: 0007492e, pc_wdata: 00074932, insn: 8115fff5, mode: 3, rs1_addr: 10, rs1_rdata: 6cee4000, rs2_addr: 31, rs2_rdata: 00000000, rd_addr: 10, rd_wdata: 00000000, mem_addr: 00000000, mem_rdata: 00000000, mem_wdata: 00000000
ClkCycle:       4251, pc_rdata: 00074932, pc_wdata: 00074936, insn: 8115fff5, mode: 3, rs1_addr:  0, rs1_rdata: 00000000, rs2_addr:  0, rs2_rdata: 00000000, rd_addr:  0, rd_wdata: 00000000, mem_addr: 00000000, mem_rdata: 00000000, mem_wdata: 00000000
ClkCycle:       4252, pc_rdata: 00074936, pc_wdata: 00074938, insn: 00100513, mode: 3, rs1_addr: 10, rs1_rdata: 6cee4000, rs2_addr:  5, rs2_rdata: eedbfbff, rd_addr: 10, rd_wdata: 00000000, mem_addr: 00000000, mem_rdata: 00000000, mem_wdata: eedbfbff
ClkCycle:       4253, pc_rdata: 00074938, pc_wdata: 0007493c, insn: 00100513, mode: 3, rs1_addr:  0, rs1_rdata: 00000000, rs2_addr:  1, rs2_rdata: 00077118, rd_addr: 10, rd_wdata: 00000001, mem_addr: 00000001, mem_rdata: 00000000, mem_wdata: 00077118
ClkCycle:       4254, pc_rdata: 0007493c, pc_wdata: 00074940, insn: 01551513, mode: 3, rs1_addr: 10, rs1_rdata: 00000000, rs2_addr: 21, rs2_rdata: 0fab7ffe, rd_addr: 10, rd_wdata: 00200000, mem_addr: 00200000, mem_rdata: 00000000, mem_wdata: 0fab7ffe
ClkCycle:       4255, pc_rdata: 00074940, pc_wdata: 00074944, insn: fff54513, mode: 3, rs1_addr: 10, rs1_rdata: 00000000, rs2_addr: 31, rs2_rdata: 00000000, rd_addr: 10, rd_wdata: ffdfffff, mem_addr: ffdfffff, mem_rdata: 00000000, mem_wdata: 00000000
ClkCycle:       4256, pc_rdata: 00074944, pc_wdata: 00074946, insn: b8239101, mode: 3, rs1_addr: 10, rs1_rdata: 00000001, rs2_addr:  0, rs2_rdata: 00000000, rd_addr: 10, rd_wdata: ffdfffff, mem_addr: ffdfffff, mem_rdata: 00000000, mem_wdata: 00000000
ClkCycle:       4257, pc_rdata: 00074946, pc_wdata: 0007494a, insn: b8239101, mode: 3, rs1_addr:  0, rs1_rdata: 00000000, rs2_addr:  0, rs2_rdata: 00000000, rd_addr:  0, rd_wdata: 00000000, mem_addr: 00000000, mem_rdata: 00000000, mem_wdata: 00000000
0000000100077118
ClkCycle:       4258, pc_rdata: 0007494a, pc_wdata: 0007494e, insn: 15130010, mode: 3, rs1_addr:  1, rs1_rdata: 00077118, rs2_addr:  1, rs2_rdata: 00077118, rd_addr: 16, rd_wdata: 00077128, mem_addr: 00077128, mem_rdata: 00000000, mem_wdata: 00077118
ClkCycle:       4259, pc_rdata: 0007494e, pc_wdata: 00074952, insn: 15130010, mode: 3, rs1_addr:  0, rs1_rdata: 00000000, rs2_addr:  0, rs2_rdata: 00000000, rd_addr:  0, rd_wdata: 00000000, mem_addr: 00000000, mem_rdata: 00000000, mem_wdata: 00000000
ClkCycle:       4260, pc_rdata: 00074952, pc_wdata: 00074956, insn: 8121fff5, mode: 3, rs1_addr: 10, rs1_rdata: ffdfffff, rs2_addr: 31, rs2_rdata: 00000000, rd_addr: 10, rd_wdata: 80000000, mem_addr: 80000000, mem_rdata: 00000000, mem_wdata: 00000000
ClkCycle:       4261, pc_rdata: 00074956, pc_wdata: 0007495a, insn: 8121fff5, mode: 3, rs1_addr:  0, rs1_rdata: 00000000, rs2_addr:  0, rs2_rdata: 00000000, rd_addr:  0, rd_wdata: 00000000, mem_addr: 00000000, mem_rdata: 00000000, mem_wdata: 00000000
ClkCycle:       4262, pc_rdata: 0007495a, pc_wdata: 0007495c, insn: 00100513, mode: 3, rs1_addr: 10, rs1_rdata: ffdfffff, rs2_addr:  8, rs2_rdata: 7fffe367, rd_addr: 10, rd_wdata: ff800000, mem_addr: ff800000, mem_rdata: 00000000, mem_wdata: 7fffe367
ClkCycle:       4263, pc_rdata: 0007495c, pc_wdata: 00074960, insn: 00100513, mode: 3, rs1_addr:  0, rs1_rdata: 00000000, rs2_addr:  1, rs2_rdata: 00077118, rd_addr: 10, rd_wdata: 00000001, mem_addr: 00000001, mem_rdata: 00000000, mem_wdata: 00077118
ClkCycle:       4264, pc_rdata: 00074960, pc_wdata: 00074964, insn: 01751513, mode: 3, rs1_addr: 10, rs1_rdata: 80000000, rs2_addr: 23, rs2_rdata: 00003ead, rd_addr: 10, rd_wdata: 00800000, mem_addr: 00800000, mem_rdata: 00000000, mem_wdata: 00003ead
ClkCycle:       4265, pc_rdata: 00074964, pc_wdata: 00074968, insn: fff54513, mode: 3, rs1_addr: 10, rs1_rdata: ff800000, rs2_addr: 31, rs2_rdata: 00000000, rd_addr: 10, rd_wdata: ff7fffff, mem_addr: ff7fffff, mem_rdata: 00000000, mem_wdata: 00000000
ClkCycle:       4266, pc_rdata: 00074968, pc_wdata: 0007496a, insn: b0239175, mode: 3, rs1_addr: 10, rs1_rdata: 00000001, rs2_addr: 29, rs2_rdata: 00000000, rd_addr: 10, rd_wdata: 00000007, mem_addr: 00000007, mem_rdata: 00000000, mem_wdata: 00000000
ClkCycle:       4267, pc_rdata: 0007496a, pc_wdata: 0007496e, insn: b0239175, mode: 3, rs1_addr:  0, rs1_rdata: 00000000, rs2_addr:  0, rs2_rdata: 00000000, rd_addr:  0, rd_wdata: 00000000, mem_addr: 00000000, mem_rdata: 00000000, mem_wdata: 00000000
0000000100077118
ClkCycle:       4268, pc_rdata: 0007496e, pc_wdata: 00074972, insn: 15130010, mode: 3, rs1_addr:  1, rs1_rdata: 00077118, rs2_addr:  1, rs2_rdata: 00077118, rd_addr:  0, rd_wdata: 00077118, mem_addr: 00077118, mem_rdata: 00000000, mem_wdata: 00077118
ClkCycle:       4269, pc_rdata: 00074972, pc_wdata: 00074976, insn: 15130010, mode: 3, rs1_addr:  0, rs1_rdata: 00000000, rs2_addr:  0, rs2_rdata: 00000000, rd_addr:  0, rd_wdata: 00000000, mem_addr: 00000000, mem_rdata: 00000000, mem_wdata: 00000000
ClkCycle:       4270, pc_rdata: 00074976, pc_wdata: 0007497a, insn: 8109fff5, mode: 3, rs1_addr: 10, rs1_rdata: 00000007, rs2_addr: 31, rs2_rdata: 00000000, rd_addr: 10, rd_wdata: 80000000, mem_addr: 80000000, mem_rdata: 00000000, mem_wdata: 00000000
ClkCycle:       4271, pc_rdata: 0007497a, pc_wdata: 0007497e, insn: 8109fff5, mode: 3, rs1_addr:  0, rs1_rdata: 00000000, rs2_addr:  0, rs2_rdata: 00000000, rd_addr:  0, rd_wdata: 00000000, mem_addr: 00000000, mem_rdata: 00000000, mem_wdata: 00000000
ClkCycle:       4272, pc_rdata: 0007497e, pc_wdata: 00074980, insn: 00100513, mode: 3, rs1_addr: 10, rs1_rdata: 00000007, rs2_addr:  2, rs2_rdata: 7fffdfff, rd_addr: 10, rd_wdata: e0000000, mem_addr: e0000000, mem_rdata: 00000000, mem_wdata: 7fffdfff
ClkCycle:       4273, pc_rdata: 00074980, pc_wdata: 00074984, insn: 00100513, mode: 3, rs1_addr:  0, rs1_rdata: 00000000, rs2_addr:  1, rs2_rdata: 00077118, rd_addr: 10, rd_wdata: 00000001, mem_addr: 00000001, mem_rdata: 00000000, mem_wdata: 00077118
ClkCycle:       4274, pc_rdata: 00074984, pc_wdata: 00074988, insn: 01951513, mode: 3, rs1_addr: 10, rs1_rdata: 80000000, rs2_addr: 25, rs2_rdata: 00000000, rd_addr: 10, rd_wdata: 02000000, mem_addr: 02000000, mem_rdata: 00000000, mem_wdata: 00000000
ClkCycle:       4275, pc_rdata: 00074988, pc_wdata: 0007498c, insn: fff54513, mode: 3, rs1_addr: 10, rs1_rdata: e0000000, rs2_addr: 31, rs2_rdata: 00000000, rd_addr: 10, rd_wdata: fdffffff, mem_addr: fdffffff, mem_rdata: 00000000, mem_wdata: 00000000
ClkCycle:       4276, pc_rdata: 0007498c, pc_wdata: 0007498e, insn: b823810d, mode: 3, rs1_addr: 10, rs1_rdata: 00000001, rs2_addr:  3, rs2_rdata: feffffbf, rd_addr: 10, rd_wdata: 1fbfffff, mem_addr: 1fbfffff, mem_rdata: 00000000, mem_wdata: feffffbf
ClkCycle:       4277, pc_rdata: 0007498e, pc_wdata: 00074992, insn: b823810d, mode: 3, rs1_addr:  0, rs1_rdata: 00000000, rs2_addr:  0, rs2_rdata: 00000000, rd_addr:  0, rd_wdata: 00000000, mem_addr: 00000000, mem_rdata: 00000000, mem_wdata: 00000000
0000000100077118
ClkCycle:       4278, pc_rdata: 00074992, pc_wdata: 00074996, insn: 15130010, mode: 3, rs1_addr:  1, rs1_rdata: 00077118, rs2_addr:  1, rs2_rdata: 00077118, rd_addr: 16, rd_wdata: 00077128, mem_addr: 00077128, mem_rdata: 00000000, mem_wdata: 00077118
ClkCycle:       4279, pc_rdata: 00074996, pc_wdata: 0007499a, insn: 15130010, mode: 3, rs1_addr:  0, rs1_rdata: 00000000, rs2_addr:  0, rs2_rdata: 00000000, rd_addr:  0, rd_wdata: 00000000, mem_addr: 00000000, mem_rdata: 00000000, mem_wdata: 00000000
ClkCycle:       4280, pc_rdata: 0007499a, pc_wdata: 0007499e, insn: 8129fff5, mode: 3, rs1_addr: 10, rs1_rdata: 1fbfffff, rs2_addr: 31, rs2_rdata: 00000000, rd_addr: 10, rd_wdata: 80000000, mem_addr: 80000000, mem_rdata: 00000000, mem_wdata: 00000000
ClkCycle:       4281, pc_rdata: 0007499e, pc_wdata: 000749a2, insn: 8129fff5, mode: 3, rs1_addr:  0, rs1_rdata: 00000000, rs2_addr:  0, rs2_rdata: 00000000, rd_addr:  0, rd_wdata: 00000000, mem_addr: 00000000, mem_rdata: 00000000, mem_wdata: 00000000
ClkCycle:       4282, pc_rdata: 000749a2, pc_wdata: 000749a4, insn: 00100513, mode: 3, rs1_addr: 10, rs1_rdata: 1fbfffff, rs2_addr: 10, rs2_rdata: 1fbfffff, rd_addr: 10, rd_wdata: ffe00000, mem_addr: ffe00000, mem_rdata: 00000000, mem_wdata: 80000000
ClkCycle:       4283, pc_rdata: 000749a4, pc_wdata: 000749a8, insn: 00100513, mode: 3, rs1_addr:  0, rs1_rdata: 00000000, rs2_addr:  1, rs2_rdata: 00077118, rd_addr: 10, rd_wdata: 00000001, mem_addr: 00000001, mem_rdata: 00000000, mem_wdata: 00077118
ClkCycle:       4284, pc_rdata: 000749a8, pc_wdata: 000749ac, insn: 01b51513, mode: 3, rs1_addr: 10, rs1_rdata: 80000000, rs2_addr: 27, rs2_rdata: 00000000, rd_addr: 10, rd_wdata: 08000000, mem_addr: 08000000, mem_rdata: 00000000, mem_wdata: 00000000
ClkCycle:       4285, pc_rdata: 000749ac, pc_wdata: 000749b0, insn: fff54513, mode: 3, rs1_addr: 10, rs1_rdata: ffe00000, rs2_addr: 31, rs2_rdata: 00000000, rd_addr: 10, rd_wdata: f7ffffff, mem_addr: f7ffffff, mem_rdata: 00000000, mem_wdata: 00000000
ClkCycle:       4286, pc_rdata: 000749b0, pc_wdata: 000749b2, insn: b0238129, mode: 3, rs1_addr: 10, rs1_rdata: 00000001, rs2_addr: 10, rs2_rdata: 00000001, rd_addr: 10, rd_wdata: 003dffff, mem_addr: 003dffff, mem_rdata: 00000000, mem_wdata: f7ffffff
ClkCycle:       4287, pc_rdata: 000749b2, pc_wdata: 000749b6, insn: b0238129, mode: 3, rs1_addr:  0, rs1_rdata: 00000000, rs2_addr:  0, rs2_rdata: 00000000, rd_addr:  0, rd_wdata: 00000000, mem_addr: 00000000, mem_rdata: 00000000, mem_wdata: 00000000
0000000100077118
ClkCycle:       4288, pc_rdata: 000749b6, pc_wdata: 000749ba, insn: 15130010, mode: 3, rs1_addr:  1, rs1_rdata: 00077118, rs2_addr:  1, rs2_rdata: 00077118, rd_addr:  0, rd_wdata: 00077118, mem_addr: 00077118, mem_rdata: 00000000, mem_wdata: 00077118
ClkCycle:       4289, pc_rdata: 000749ba, pc_wdata: 000749be, insn: 15130010, mode: 3, rs1_addr:  0, rs1_rdata: 00000000, rs2_addr:  0, rs2_rdata: 00000000, rd_addr:  0, rd_wdata: 00000000, mem_addr: 00000000, mem_rdata: 00000000, mem_wdata: 00000000
ClkCycle:       4290, pc_rdata: 000749be, pc_wdata: 000749c2, insn: 8135fff5, mode: 3, rs1_addr: 10, rs1_rdata: 003dffff, rs2_addr: 31, rs2_rdata: 00000000, rd_addr: 10, rd_wdata: 80000000, mem_addr: 80000000, mem_rdata: 00000000, mem_wdata: 00000000
ClkCycle:       4291, pc_rdata: 000749c2, pc_wdata: 000749c6, insn: 8135fff5, mode: 3, rs1_addr:  0, rs1_rdata: 00000000, rs2_addr:  0, rs2_rdata: 00000000, rd_addr:  0, rd_wdata: 00000000, mem_addr: 00000000, mem_rdata: 00000000, mem_wdata: 00000000
ClkCycle:       4292, pc_rdata: 000749c6, pc_wdata: 000749c8, insn: 00100513, mode: 3, rs1_addr: 10, rs1_rdata: 003dffff, rs2_addr: 13, rs2_rdata: 1fff7fff, rd_addr: 10, rd_wdata: fffc0000, mem_addr: fffc0000, mem_rdata: 00000000, mem_wdata: 1fff7fff
ClkCycle:       4293, pc_rdata: 000749c8, pc_wdata: 000749cc, insn: 00100513, mode: 3, rs1_addr:  0, rs1_rdata: 00000000, rs2_addr:  1, rs2_rdata: 00077118, rd_addr: 10, rd_wdata: 00000001, mem_addr: 00000001, mem_rdata: 00000000, mem_wdata: 00077118
ClkCycle:       4294, pc_rdata: 000749cc, pc_wdata: 000749d0, insn: 01d51513, mode: 3, rs1_addr: 10, rs1_rdata: 80000000, rs2_addr: 29, rs2_rdata: 00000000, rd_addr: 10, rd_wdata: 20000000, mem_addr: 20000000, mem_rdata: 00000000, mem_wdata: 00000000
ClkCycle:       4295, pc_rdata: 000749d0, pc_wdata: 000749d4, insn: fff54513, mode: 3, rs1_addr: 10, rs1_rdata: fffc0000, rs2_addr: 31, rs2_rdata: 00000000, rd_addr: 10, rd_wdata: dfffffff, mem_addr: dfffffff, mem_rdata: 00000000, mem_wdata: 00000000
ClkCycle:       4296, pc_rdata: 000749d4, pc_wdata: 000749d6, insn: b823817d, mode: 3, rs1_addr: 10, rs1_rdata: 00000001, rs2_addr: 31, rs2_rdata: 00000000, rd_addr: 10, rd_wdata: 00000001, mem_addr: 00000001, mem_rdata: 00000000, mem_wdata: 00000000
ClkCycle:       4297, pc_rdata: 000749d6, pc_wdata: 000749da, insn: b823817d, mode: 3, rs1_addr:  0, rs1_rdata: 00000000, rs2_addr:  0, rs2_rdata: 00000000, rd_addr:  0, rd_wdata: 00000000, mem_addr: 00000000, mem_rdata: 00000000, mem_wdata: 00000000
0000000100077118
ClkCycle:       4298, pc_rdata: 000749da, pc_wdata: 000749de, insn: 15130010, mode: 3, rs1_addr:  1, rs1_rdata: 00077118, rs2_addr:  1, rs2_rdata: 00077118, rd_addr: 16, rd_wdata: 00077128, mem_addr: 00077128, mem_rdata: 00000000, mem_wdata: 00077118
ClkCycle:       4299, pc_rdata: 000749de, pc_wdata: 000749e2, insn: 15130010, mode: 3, rs1_addr:  0, rs1_rdata: 00000000, rs2_addr:  0, rs2_rdata: 00000000, rd_addr:  0, rd_wdata: 00000000, mem_addr: 00000000, mem_rdata: 00000000, mem_wdata: 00000000
ClkCycle:       4300, pc_rdata: 000749e2, pc_wdata: 000749e6, insn: 9101fff5, mode: 3, rs1_addr: 10, rs1_rdata: 00000001, rs2_addr: 31, rs2_rdata: 00000000, rd_addr: 10, rd_wdata: 80000000, mem_addr: 80000000, mem_rdata: 00000000, mem_wdata: 00000000
ClkCycle:       4301, pc_rdata: 000749e6, pc_wdata: 000749ea, insn: 9101fff5, mode: 3, rs1_addr:  0, rs1_rdata: 00000000, rs2_addr:  0, rs2_rdata: 00000000, rd_addr:  0, rd_wdata: 00000000, mem_addr: 00000000, mem_rdata: 00000000, mem_wdata: 00000000
ClkCycle:       4302, pc_rdata: 000749ea, pc_wdata: 000749ec, insn: 00100513, mode: 3, rs1_addr: 10, rs1_rdata: 00000001, rs2_addr:  0, rs2_rdata: 00000000, rd_addr: 10, rd_wdata: 80000000, mem_addr: 80000000, mem_rdata: 00000000, mem_wdata: 00000000
ClkCycle:       4303, pc_rdata: 000749ec, pc_wdata: 000749f0, insn: 00100513, mode: 3, rs1_addr:  0, rs1_rdata: 00000000, rs2_addr:  1, rs2_rdata: 00077118, rd_addr: 10, rd_wdata: 00000001, mem_addr: 00000001, mem_rdata: 00000000, mem_wdata: 00077118
ClkCycle:       4304, pc_rdata: 000749f0, pc_wdata: 000749f4, insn: 01f51513, mode: 3, rs1_addr: 10, rs1_rdata: 80000000, rs2_addr: 31, rs2_rdata: 00000000, rd_addr: 10, rd_wdata: 80000000, mem_addr: 80000000, mem_rdata: 00000000, mem_wdata: 00000000
ClkCycle:       4305, pc_rdata: 000749f4, pc_wdata: 000749f8, insn: fff54513, mode: 3, rs1_addr: 10, rs1_rdata: 80000000, rs2_addr: 31, rs2_rdata: 00000000, rd_addr: 10, rd_wdata: 7fffffff, mem_addr: 7fffffff, mem_rdata: 00000000, mem_wdata: 00000000
ClkCycle:       4306, pc_rdata: 000749f8, pc_wdata: 000749fa, insn: b0239179, mode: 3, rs1_addr: 10, rs1_rdata: 00000001, rs2_addr: 30, rs2_rdata: 00000000, rd_addr: 10, rd_wdata: 00000001, mem_addr: 00000001, mem_rdata: 00000000, mem_wdata: 00000000
ClkCycle:       4307, pc_rdata: 000749fa, pc_wdata: 000749fe, insn: b0239179, mode: 3, rs1_addr:  0, rs1_rdata: 00000000, rs2_addr:  0, rs2_rdata: 00000000, rd_addr:  0, rd_wdata: 00000000, mem_addr: 00000000, mem_rdata: 00000000, mem_wdata: 00000000
0000000100077118
ClkCycle:       4308, pc_rdata: 000749fe, pc_wdata: 00074a02, insn: 15130010, mode: 3, rs1_addr:  1, rs1_rdata: 00077118, rs2_addr:  1, rs2_rdata: 00077118, rd_addr:  0, rd_wdata: 00077118, mem_addr: 00077118, mem_rdata: 00000000, mem_wdata: 00077118
ClkCycle:       4309, pc_rdata: 00074a02, pc_wdata: 00074a06, insn: 15130010, mode: 3, rs1_addr:  0, rs1_rdata: 00000000, rs2_addr:  0, rs2_rdata: 00000000, rd_addr:  0, rd_wdata: 00000000, mem_addr: 00000000, mem_rdata: 00000000, mem_wdata: 00000000
ClkCycle:       4310, pc_rdata: 00074a06, pc_wdata: 00074a0a, insn: 915dfff5, mode: 3, rs1_addr: 10, rs1_rdata: 00000001, rs2_addr: 31, rs2_rdata: 00000000, rd_addr: 10, rd_wdata: 80000000, mem_addr: 80000000, mem_rdata: 00000000, mem_wdata: 00000000
ClkCycle:       4311, pc_rdata: 00074a0a, pc_wdata: 00074a0e, insn: 915dfff5, mode: 3, rs1_addr:  0, rs1_rdata: 00000000, rs2_addr:  0, rs2_rdata: 00000000, rd_addr:  0, rd_wdata: 00000000, mem_addr: 00000000, mem_rdata: 00000000, mem_wdata: 00000000
ClkCycle:       4312, pc_rdata: 00074a0e, pc_wdata: 00074a10, insn: 00100513, mode: 3, rs1_addr: 10, rs1_rdata: 00000001, rs2_addr: 23, rs2_rdata: 00003ead, rd_addr: 10, rd_wdata: 00000100, mem_addr: 00000100, mem_rdata: 00000000, mem_wdata: 00003ead
ClkCycle:       4313, pc_rdata: 00074a10, pc_wdata: 00074a14, insn: 00100513, mode: 3, rs1_addr:  0, rs1_rdata: 00000000, rs2_addr:  1, rs2_rdata: 00077118, rd_addr: 10, rd_wdata: 00000001, mem_addr: 00000001, mem_rdata: 00000000, mem_wdata: 00077118
ClkCycle:       4314, pc_rdata: 00074a14, pc_wdata: 00074a18, insn: 02151513, mode: 3, rs1_addr: 10, rs1_rdata: 80000000, rs2_addr:  1, rs2_rdata: 00077118, rd_addr: 10, rd_wdata: 00000002, mem_addr: 00000002, mem_rdata: 00000000, mem_wdata: 00077118
ClkCycle:       4315, pc_rdata: 00074a18, pc_wdata: 00074a1c, insn: fff54513, mode: 3, rs1_addr: 10, rs1_rdata: 00000100, rs2_addr: 31, rs2_rdata: 00000000, rd_addr: 10, rd_wdata: fffffffd, mem_addr: fffffffd, mem_rdata: 00000000, mem_wdata: 00000000
ClkCycle:       4316, pc_rdata: 00074a1c, pc_wdata: 00074a1e, insn: b823812d, mode: 3, rs1_addr: 10, rs1_rdata: 00000001, rs2_addr: 11, rs2_rdata: 00feedbc, rd_addr: 10, rd_wdata: 001fffff, mem_addr: 001fffff, mem_rdata: 00000000, mem_wdata: 00feedbc
ClkCycle:       4317, pc_rdata: 00074a1e, pc_wdata: 00074a22, insn: b823812d, mode: 3, rs1_addr:  0, rs1_rdata: 00000000, rs2_addr:  0, rs2_rdata: 00000000, rd_addr:  0, rd_wdata: 00000000, mem_addr: 00000000, mem_rdata: 00000000, mem_wdata: 00000000
0000000100077118
ClkCycle:       4318, pc_rdata: 00074a22, pc_wdata: 00074a26, insn: 15130010, mode: 3, rs1_addr:  1, rs1_rdata: 00077118, rs2_addr:  1, rs2_rdata: 00077118, rd_addr: 16, rd_wdata: 00077128, mem_addr: 00077128, mem_rdata: 00000000, mem_wdata: 00077118
ClkCycle:       4319, pc_rdata: 00074a26, pc_wdata: 00074a2a, insn: 15130010, mode: 3, rs1_addr:  0, rs1_rdata: 00000000, rs2_addr:  0, rs2_rdata: 00000000, rd_addr:  0, rd_wdata: 00000000, mem_addr: 00000000, mem_rdata: 00000000, mem_wdata: 00000000
ClkCycle:       4320, pc_rdata: 00074a2a, pc_wdata: 00074a2e, insn: 913dfff5, mode: 3, rs1_addr: 10, rs1_rdata: 001fffff, rs2_addr: 31, rs2_rdata: 00000000, rd_addr: 10, rd_wdata: 80000000, mem_addr: 80000000, mem_rdata: 00000000, mem_wdata: 00000000
ClkCycle:       4321, pc_rdata: 00074a2e, pc_wdata: 00074a32, insn: 913dfff5, mode: 3, rs1_addr:  0, rs1_rdata: 00000000, rs2_addr:  0, rs2_rdata: 00000000, rd_addr:  0, rd_wdata: 00000000, mem_addr: 00000000, mem_rdata: 00000000, mem_wdata: 00000000
ClkCycle:       4322, pc_rdata: 00074a32, pc_wdata: 00074a34, insn: 00100513, mode: 3, rs1_addr: 10, rs1_rdata: 001fffff, rs2_addr: 15, rs2_rdata: 00000000, rd_addr: 10, rd_wdata: ffff0000, mem_addr: ffff0000, mem_rdata: 00000000, mem_wdata: 00000000
ClkCycle:       4323, pc_rdata: 00074a34, pc_wdata: 00074a38, insn: 00100513, mode: 3, rs1_addr:  0, rs1_rdata: 00000000, rs2_addr:  1, rs2_rdata: 00077118, rd_addr: 10, rd_wdata: 00000001, mem_addr: 00000001, mem_rdata: 00000000, mem_wdata: 00077118
ClkCycle:       4324, pc_rdata: 00074a38, pc_wdata: 00074a3c, insn: 02351513, mode: 3, rs1_addr: 10, rs1_rdata: 80000000, rs2_addr:  3, rs2_rdata: feffffbf, rd_addr: 10, rd_wdata: 00000008, mem_addr: 00000008, mem_rdata: 00000000, mem_wdata: feffffbf
ClkCycle:       4325, pc_rdata: 00074a3c, pc_wdata: 00074a40, insn: fff54513, mode: 3, rs1_addr: 10, rs1_rdata: ffff0000, rs2_addr: 31, rs2_rdata: 00000000, rd_addr: 10, rd_wdata: fffffff7, mem_addr: fffffff7, mem_rdata: 00000000, mem_wdata: 00000000
ClkCycle:       4326, pc_rdata: 00074a40, pc_wdata: 00074a42, insn: b023917d, mode: 3, rs1_addr: 10, rs1_rdata: 00000001, rs2_addr: 31, rs2_rdata: 00000000, rd_addr: 10, rd_wdata: 00000001, mem_addr: 00000001, mem_rdata: 00000000, mem_wdata: 00000000
ClkCycle:       4327, pc_rdata: 00074a42, pc_wdata: 00074a46, insn: b023917d, mode: 3, rs1_addr:  0, rs1_rdata: 00000000, rs2_addr:  0, rs2_rdata: 00000000, rd_addr:  0, rd_wdata: 00000000, mem_addr: 00000000, mem_rdata: 00000000, mem_wdata: 00000000
0000000100077118
ClkCycle:       4328, pc_rdata: 00074a46, pc_wdata: 00074a4a, insn: 15130010, mode: 3, rs1_addr:  1, rs1_rdata: 00077118, rs2_addr:  1, rs2_rdata: 00077118, rd_addr:  0, rd_wdata: 00077118, mem_addr: 00077118, mem_rdata: 00000000, mem_wdata: 00077118
ClkCycle:       4329, pc_rdata: 00074a4a, pc_wdata: 00074a4e, insn: 15130010, mode: 3, rs1_addr:  0, rs1_rdata: 00000000, rs2_addr:  0, rs2_rdata: 00000000, rd_addr:  0, rd_wdata: 00000000, mem_addr: 00000000, mem_rdata: 00000000, mem_wdata: 00000000
ClkCycle:       4330, pc_rdata: 00074a4e, pc_wdata: 00074a52, insn: 8115fff5, mode: 3, rs1_addr: 10, rs1_rdata: 00000001, rs2_addr: 31, rs2_rdata: 00000000, rd_addr: 10, rd_wdata: 80000000, mem_addr: 80000000, mem_rdata: 00000000, mem_wdata: 00000000
ClkCycle:       4331, pc_rdata: 00074a52, pc_wdata: 00074a56, insn: 8115fff5, mode: 3, rs1_addr:  0, rs1_rdata: 00000000, rs2_addr:  0, rs2_rdata: 00000000, rd_addr:  0, rd_wdata: 00000000, mem_addr: 00000000, mem_rdata: 00000000, mem_wdata: 00000000
ClkCycle:       4332, pc_rdata: 00074a56, pc_wdata: 00074a58, insn: 00100513, mode: 3, rs1_addr: 10, rs1_rdata: 00000001, rs2_addr:  5, rs2_rdata: eedbfbff, rd_addr: 10, rd_wdata: 04000000, mem_addr: 04000000, mem_rdata: 00000000, mem_wdata: eedbfbff
ClkCycle:       4333, pc_rdata: 00074a58, pc_wdata: 00074a5c, insn: 00100513, mode: 3, rs1_addr:  0, rs1_rdata: 00000000, rs2_addr:  1, rs2_rdata: 00077118, rd_addr: 10, rd_wdata: 00000001, mem_addr: 00000001, mem_rdata: 00000000, mem_wdata: 00077118
ClkCycle:       4334, pc_rdata: 00074a5c, pc_wdata: 00074a60, insn: 02551513, mode: 3, rs1_addr: 10, rs1_rdata: 80000000, rs2_addr:  5, rs2_rdata: eedbfbff, rd_addr: 10, rd_wdata: 00000020, mem_addr: 00000020, mem_rdata: 00000000, mem_wdata: eedbfbff
ClkCycle:       4335, pc_rdata: 00074a60, pc_wdata: 00074a64, insn: fff54513, mode: 3, rs1_addr: 10, rs1_rdata: 04000000, rs2_addr: 31, rs2_rdata: 00000000, rd_addr: 10, rd_wdata: ffffffdf, mem_addr: ffffffdf, mem_rdata: 00000000, mem_wdata: 00000000
ClkCycle:       4336, pc_rdata: 00074a64, pc_wdata: 00074a66, insn: b8239175, mode: 3, rs1_addr: 10, rs1_rdata: 00000001, rs2_addr: 29, rs2_rdata: 00000000, rd_addr: 10, rd_wdata: 00000007, mem_addr: 00000007, mem_rdata: 00000000, mem_wdata: 00000000
ClkCycle:       4337, pc_rdata: 00074a66, pc_wdata: 00074a6a, insn: b8239175, mode: 3, rs1_addr:  0, rs1_rdata: 00000000, rs2_addr:  0, rs2_rdata: 00000000, rd_addr:  0, rd_wdata: 00000000, mem_addr: 00000000, mem_rdata: 00000000, mem_wdata: 00000000
0000000100077118
ClkCycle:       4338, pc_rdata: 00074a6a, pc_wdata: 00074a6e, insn: 15130010, mode: 3, rs1_addr:  1, rs1_rdata: 00077118, rs2_addr:  1, rs2_rdata: 00077118, rd_addr: 16, rd_wdata: 00077128, mem_addr: 00077128, mem_rdata: 00000000, mem_wdata: 00077118
ClkCycle:       4339, pc_rdata: 00074a6e, pc_wdata: 00074a72, insn: 15130010, mode: 3, rs1_addr:  0, rs1_rdata: 00000000, rs2_addr:  0, rs2_rdata: 00000000, rd_addr:  0, rd_wdata: 00000000, mem_addr: 00000000, mem_rdata: 00000000, mem_wdata: 00000000
ClkCycle:       4340, pc_rdata: 00074a72, pc_wdata: 00074a76, insn: 8135fff5, mode: 3, rs1_addr: 10, rs1_rdata: 00000007, rs2_addr: 31, rs2_rdata: 00000000, rd_addr: 10, rd_wdata: 80000000, mem_addr: 80000000, mem_rdata: 00000000, mem_wdata: 00000000
ClkCycle:       4341, pc_rdata: 00074a76, pc_wdata: 00074a7a, insn: 8135fff5, mode: 3, rs1_addr:  0, rs1_rdata: 00000000, rs2_addr:  0, rs2_rdata: 00000000, rd_addr:  0, rd_wdata: 00000000, mem_addr: 00000000, mem_rdata: 00000000, mem_wdata: 00000000
ClkCycle:       4342, pc_rdata: 00074a7a, pc_wdata: 00074a7c, insn: 00100513, mode: 3, rs1_addr: 10, rs1_rdata: 00000007, rs2_addr: 13, rs2_rdata: 1fff7fff, rd_addr: 10, rd_wdata: 001c0000, mem_addr: 001c0000, mem_rdata: 00000000, mem_wdata: 1fff7fff
ClkCycle:       4343, pc_rdata: 00074a7c, pc_wdata: 00074a80, insn: 00100513, mode: 3, rs1_addr:  0, rs1_rdata: 00000000, rs2_addr:  1, rs2_rdata: 00077118, rd_addr: 10, rd_wdata: 00000001, mem_addr: 00000001, mem_rdata: 00000000, mem_wdata: 00077118
ClkCycle:       4344, pc_rdata: 00074a80, pc_wdata: 00074a84, insn: 02751513, mode: 3, rs1_addr: 10, rs1_rdata: 80000000, rs2_addr:  7, rs2_rdata: 003fbb6f, rd_addr: 10, rd_wdata: 00000080, mem_addr: 00000080, mem_rdata: 00000000, mem_wdata: 003fbb6f
ClkCycle:       4345, pc_rdata: 00074a84, pc_wdata: 00074a88, insn: fff54513, mode: 3, rs1_addr: 10, rs1_rdata: 001c0000, rs2_addr: 31, rs2_rdata: 00000000, rd_addr: 10, rd_wdata: ffffff7f, mem_addr: ffffff7f, mem_rdata: 00000000, mem_wdata: 00000000
ClkCycle:       4346, pc_rdata: 00074a88, pc_wdata: 00074a8a, insn: b023812d, mode: 3, rs1_addr: 10, rs1_rdata: 00000001, rs2_addr: 11, rs2_rdata: 00feedbc, rd_addr: 10, rd_wdata: 001fffff, mem_addr: 001fffff, mem_rdata: 00000000, mem_wdata: 00feedbc
ClkCycle:       4347, pc_rdata: 00074a8a, pc_wdata: 00074a8e, insn: b023812d, mode: 3, rs1_addr:  0, rs1_rdata: 00000000, rs2_addr:  0, rs2_rdata: 00000000, rd_addr:  0, rd_wdata: 00000000, mem_addr: 00000000, mem_rdata: 00000000, mem_wdata: 00000000
0000000100077118
ClkCycle:       4348, pc_rdata: 00074a8e, pc_wdata: 00074a92, insn: 15130010, mode: 3, rs1_addr:  1, rs1_rdata: 00077118, rs2_addr:  1, rs2_rdata: 00077118, rd_addr:  0, rd_wdata: 00077118, mem_addr: 00077118, mem_rdata: 00000000, mem_wdata: 00077118
ClkCycle:       4349, pc_rdata: 00074a92, pc_wdata: 00074a96, insn: 15130010, mode: 3, rs1_addr:  0, rs1_rdata: 00000000, rs2_addr:  0, rs2_rdata: 00000000, rd_addr:  0, rd_wdata: 00000000, mem_addr: 00000000, mem_rdata: 00000000, mem_wdata: 00000000
ClkCycle:       4350, pc_rdata: 00074a96, pc_wdata: 00074a9a, insn: 8155fff5, mode: 3, rs1_addr: 10, rs1_rdata: 001fffff, rs2_addr: 31, rs2_rdata: 00000000, rd_addr: 10, rd_wdata: 80000000, mem_addr: 80000000, mem_rdata: 00000000, mem_wdata: 00000000
ClkCycle:       4351, pc_rdata: 00074a9a, pc_wdata: 00074a9e, insn: 8155fff5, mode: 3, rs1_addr:  0, rs1_rdata: 00000000, rs2_addr:  0, rs2_rdata: 00000000, rd_addr:  0, rd_wdata: 00000000, mem_addr: 00000000, mem_rdata: 00000000, mem_wdata: 00000000
ClkCycle:       4352, pc_rdata: 00074a9e, pc_wdata: 00074aa0, insn: 00100513, mode: 3, rs1_addr: 10, rs1_rdata: 001fffff, rs2_addr: 21, rs2_rdata: 0fab7ffe, rd_addr: 10, rd_wdata: 7ffffc00, mem_addr: 7ffffc00, mem_rdata: 00000000, mem_wdata: 0fab7ffe
ClkCycle:       4353, pc_rdata: 00074aa0, pc_wdata: 00074aa4, insn: 00100513, mode: 3, rs1_addr:  0, rs1_rdata: 00000000, rs2_addr:  1, rs2_rdata: 00077118, rd_addr: 10, rd_wdata: 00000001, mem_addr: 00000001, mem_rdata: 00000000, mem_wdata: 00077118
ClkCycle:       4354, pc_rdata: 00074aa4, pc_wdata: 00074aa8, insn: 02951513, mode: 3, rs1_addr: 10, rs1_rdata: 80000000, rs2_addr:  9, rs2_rdata: 00000000, rd_addr: 10, rd_wdata: 00000200, mem_addr: 00000200, mem_rdata: 00000000, mem_wdata: 00000000
ClkCycle:       4355, pc_rdata: 00074aa8, pc_wdata: 00074aac, insn: fff54513, mode: 3, rs1_addr: 10, rs1_rdata: 7ffffc00, rs2_addr: 31, rs2_rdata: 00000000, rd_addr: 10, rd_wdata: fffffdff, mem_addr: fffffdff, mem_rdata: 00000000, mem_wdata: 00000000
ClkCycle:       4356, pc_rdata: 00074aac, pc_wdata: 00074aae, insn: b823811d, mode: 3, rs1_addr: 10, rs1_rdata: 00000001, rs2_addr:  7, rs2_rdata: 003fbb6f, rd_addr: 10, rd_wdata: 01fffffb, mem_addr: 01fffffb, mem_rdata: 00000000, mem_wdata: 003fbb6f
ClkCycle:       4357, pc_rdata: 00074aae, pc_wdata: 00074ab2, insn: b823811d, mode: 3, rs1_addr:  0, rs1_rdata: 00000000, rs2_addr:  0, rs2_rdata: 00000000, rd_addr:  0, rd_wdata: 00000000, mem_addr: 00000000, mem_rdata: 00000000, mem_wdata: 00000000
0000000100077118
ClkCycle:       4358, pc_rdata: 00074ab2, pc_wdata: 00074ab6, insn: 15130010, mode: 3, rs1_addr:  1, rs1_rdata: 00077118, rs2_addr:  1, rs2_rdata: 00077118, rd_addr: 16, rd_wdata: 00077128, mem_addr: 00077128, mem_rdata: 00000000, mem_wdata: 00077118
ClkCycle:       4359, pc_rdata: 00074ab6, pc_wdata: 00074aba, insn: 15130010, mode: 3, rs1_addr:  0, rs1_rdata: 00000000, rs2_addr:  0, rs2_rdata: 00000000, rd_addr:  0, rd_wdata: 00000000, mem_addr: 00000000, mem_rdata: 00000000, mem_wdata: 00000000
ClkCycle:       4360, pc_rdata: 00074aba, pc_wdata: 00074abe, insn: 810dfff5, mode: 3, rs1_addr: 10, rs1_rdata: 01fffffb, rs2_addr: 31, rs2_rdata: 00000000, rd_addr: 10, rd_wdata: 80000000, mem_addr: 80000000, mem_rdata: 00000000, mem_wdata: 00000000
ClkCycle:       4361, pc_rdata: 00074abe, pc_wdata: 00074ac2, insn: 810dfff5, mode: 3, rs1_addr:  0, rs1_rdata: 00000000, rs2_addr:  0, rs2_rdata: 00000000, rd_addr:  0, rd_wdata: 00000000, mem_addr: 00000000, mem_rdata: 00000000, mem_wdata: 00000000
ClkCycle:       4362, pc_rdata: 00074ac2, pc_wdata: 00074ac4, insn: 00100513, mode: 3, rs1_addr: 10, rs1_rdata: 01fffffb, rs2_addr:  3, rs2_rdata: feffffbf, rd_addr: 10, rd_wdata: b0000000, mem_addr: b0000000, mem_rdata: 00000000, mem_wdata: feffffbf
ClkCycle:       4363, pc_rdata: 00074ac4, pc_wdata: 00074ac8, insn: 00100513, mode: 3, rs1_addr:  0, rs1_rdata: 00000000, rs2_addr:  1, rs2_rdata: 00077118, rd_addr: 10, rd_wdata: 00000001, mem_addr: 00000001, mem_rdata: 00000000, mem_wdata: 00077118
ClkCycle:       4364, pc_rdata: 00074ac8, pc_wdata: 00074acc, insn: 02b51513, mode: 3, rs1_addr: 10, rs1_rdata: 80000000, rs2_addr: 11, rs2_rdata: 00feedbc, rd_addr: 10, rd_wdata: 00000800, mem_addr: 00000800, mem_rdata: 00000000, mem_wdata: 00feedbc
ClkCycle:       4365, pc_rdata: 00074acc, pc_wdata: 00074ad0, insn: fff54513, mode: 3, rs1_addr: 10, rs1_rdata: b0000000, rs2_addr: 31, rs2_rdata: 00000000, rd_addr: 10, rd_wdata: fffff7ff, mem_addr: fffff7ff, mem_rdata: 00000000, mem_wdata: 00000000
ClkCycle:       4366, pc_rdata: 00074ad0, pc_wdata: 00074ad2, insn: b0238129, mode: 3, rs1_addr: 10, rs1_rdata: 00000001, rs2_addr: 10, rs2_rdata: 00000001, rd_addr: 10, rd_wdata: 003ffffd, mem_addr: 003ffffd, mem_rdata: 00000000, mem_wdata: fffff7ff
ClkCycle:       4367, pc_rdata: 00074ad2, pc_wdata: 00074ad6, insn: b0238129, mode: 3, rs1_addr:  0, rs1_rdata: 00000000, rs2_addr:  0, rs2_rdata: 00000000, rd_addr:  0, rd_wdata: 00000000, mem_addr: 00000000, mem_rdata: 00000000, mem_wdata: 00000000
0000000100077118
ClkCycle:       4368, pc_rdata: 00074ad6, pc_wdata: 00074ada, insn: 15130010, mode: 3, rs1_addr:  1, rs1_rdata: 00077118, rs2_addr:  1, rs2_rdata: 00077118, rd_addr:  0, rd_wdata: 00077118, mem_addr: 00077118, mem_rdata: 00000000, mem_wdata: 00077118
ClkCycle:       4369, pc_rdata: 00074ada, pc_wdata: 00074ade, insn: 15130010, mode: 3, rs1_addr:  0, rs1_rdata: 00000000, rs2_addr:  0, rs2_rdata: 00000000, rd_addr:  0, rd_wdata: 00000000, mem_addr: 00000000, mem_rdata: 00000000, mem_wdata: 00000000
ClkCycle:       4370, pc_rdata: 00074ade, pc_wdata: 00074ae2, insn: 9175fff5, mode: 3, rs1_addr: 10, rs1_rdata: 003ffffd, rs2_addr: 31, rs2_rdata: 00000000, rd_addr: 10, rd_wdata: 80000000, mem_addr: 80000000, mem_rdata: 00000000, mem_wdata: 00000000
ClkCycle:       4371, pc_rdata: 00074ae2, pc_wdata: 00074ae6, insn: 9175fff5, mode: 3, rs1_addr:  0, rs1_rdata: 00000000, rs2_addr:  0, rs2_rdata: 00000000, rd_addr:  0, rd_wdata: 00000000, mem_addr: 00000000, mem_rdata: 00000000, mem_wdata: 00000000
ClkCycle:       4372, pc_rdata: 00074ae6, pc_wdata: 00074ae8, insn: 00100513, mode: 3, rs1_addr: 10, rs1_rdata: 003ffffd, rs2_addr: 29, rs2_rdata: 00000000, rd_addr: 10, rd_wdata: 00fffff4, mem_addr: 00fffff4, mem_rdata: 00000000, mem_wdata: 00000000
ClkCycle:       4373, pc_rdata: 00074ae8, pc_wdata: 00074aec, insn: 00100513, mode: 3, rs1_addr:  0, rs1_rdata: 00000000, rs2_addr:  1, rs2_rdata: 00077118, rd_addr: 10, rd_wdata: 00000001, mem_addr: 00000001, mem_rdata: 00000000, mem_wdata: 00077118
ClkCycle:       4374, pc_rdata: 00074aec, pc_wdata: 00074af0, insn: 02d51513, mode: 3, rs1_addr: 10, rs1_rdata: 80000000, rs2_addr: 13, rs2_rdata: 1fff7fff, rd_addr: 10, rd_wdata: 00002000, mem_addr: 00002000, mem_rdata: 00000000, mem_wdata: 1fff7fff
ClkCycle:       4375, pc_rdata: 00074af0, pc_wdata: 00074af4, insn: fff54513, mode: 3, rs1_addr: 10, rs1_rdata: 00fffff4, rs2_addr: 31, rs2_rdata: 00000000, rd_addr: 10, rd_wdata: ffffdfff, mem_addr: ffffdfff, mem_rdata: 00000000, mem_wdata: 00000000
ClkCycle:       4376, pc_rdata: 00074af4, pc_wdata: 00074af6, insn: b823817d, mode: 3, rs1_addr: 10, rs1_rdata: 00000001, rs2_addr: 31, rs2_rdata: 00000000, rd_addr: 10, rd_wdata: 00000001, mem_addr: 00000001, mem_rdata: 00000000, mem_wdata: 00000000
ClkCycle:       4377, pc_rdata: 00074af6, pc_wdata: 00074afa, insn: b823817d, mode: 3, rs1_addr:  0, rs1_rdata: 00000000, rs2_addr:  0, rs2_rdata: 00000000, rd_addr:  0, rd_wdata: 00000000, mem_addr: 00000000, mem_rdata: 00000000, mem_wdata: 00000000
0000000100077118
ClkCycle:       4378, pc_rdata: 00074afa, pc_wdata: 00074afe, insn: 15130010, mode: 3, rs1_addr:  1, rs1_rdata: 00077118, rs2_addr:  1, rs2_rdata: 00077118, rd_addr: 16, rd_wdata: 00077128, mem_addr: 00077128, mem_rdata: 00000000, mem_wdata: 00077118
ClkCycle:       4379, pc_rdata: 00074afe, pc_wdata: 00074b02, insn: 15130010, mode: 3, rs1_addr:  0, rs1_rdata: 00000000, rs2_addr:  0, rs2_rdata: 00000000, rd_addr:  0, rd_wdata: 00000000, mem_addr: 00000000, mem_rdata: 00000000, mem_wdata: 00000000
ClkCycle:       4380, pc_rdata: 00074b02, pc_wdata: 00074b06, insn: 8131fff5, mode: 3, rs1_addr: 10, rs1_rdata: 00000001, rs2_addr: 31, rs2_rdata: 00000000, rd_addr: 10, rd_wdata: 80000000, mem_addr: 80000000, mem_rdata: 00000000, mem_wdata: 00000000
ClkCycle:       4381, pc_rdata: 00074b06, pc_wdata: 00074b0a, insn: 8131fff5, mode: 3, rs1_addr:  0, rs1_rdata: 00000000, rs2_addr:  0, rs2_rdata: 00000000, rd_addr:  0, rd_wdata: 00000000, mem_addr: 00000000, mem_rdata: 00000000, mem_wdata: 00000000
ClkCycle:       4382, pc_rdata: 00074b0a, pc_wdata: 00074b0c, insn: 00100513, mode: 3, rs1_addr: 10, rs1_rdata: 00000001, rs2_addr: 12, rs2_rdata: fbffff02, rd_addr: 10, rd_wdata: 00080000, mem_addr: 00080000, mem_rdata: 00000000, mem_wdata: fbffff02
ClkCycle:       4383, pc_rdata: 00074b0c, pc_wdata: 00074b10, insn: 00100513, mode: 3, rs1_addr:  0, rs1_rdata: 00000000, rs2_addr:  1, rs2_rdata: 00077118, rd_addr: 10, rd_wdata: 00000001, mem_addr: 00000001, mem_rdata: 00000000, mem_wdata: 00077118
ClkCycle:       4384, pc_rdata: 00074b10, pc_wdata: 00074b14, insn: 02f51513, mode: 3, rs1_addr: 10, rs1_rdata: 80000000, rs2_addr: 15, rs2_rdata: 00000000, rd_addr: 10, rd_wdata: 00008000, mem_addr: 00008000, mem_rdata: 00000000, mem_wdata: 00000000
ClkCycle:       4385, pc_rdata: 00074b14, pc_wdata: 00074b18, insn: fff54513, mode: 3, rs1_addr: 10, rs1_rdata: 00080000, rs2_addr: 31, rs2_rdata: 00000000, rd_addr: 10, rd_wdata: ffff7fff, mem_addr: ffff7fff, mem_rdata: 00000000, mem_wdata: 00000000
ClkCycle:       4386, pc_rdata: 00074b18, pc_wdata: 00074b1a, insn: b0238105, mode: 3, rs1_addr: 10, rs1_rdata: 00000001, rs2_addr:  1, rs2_rdata: 00077118, rd_addr: 10, rd_wdata: 7fffbfff, mem_addr: 7fffbfff, mem_rdata: 00000000, mem_wdata: 00077118
ClkCycle:       4387, pc_rdata: 00074b1a, pc_wdata: 00074b1e, insn: b0238105, mode: 3, rs1_addr:  0, rs1_rdata: 00000000, rs2_addr:  0, rs2_rdata: 00000000, rd_addr:  0, rd_wdata: 00000000, mem_addr: 00000000, mem_rdata: 00000000, mem_wdata: 00000000
0000000100077118
ClkCycle:       4388, pc_rdata: 00074b1e, pc_wdata: 00074b22, insn: 15130010, mode: 3, rs1_addr:  1, rs1_rdata: 00077118, rs2_addr:  1, rs2_rdata: 00077118, rd_addr:  0, rd_wdata: 00077118, mem_addr: 00077118, mem_rdata: 00000000, mem_wdata: 00077118
ClkCycle:       4389, pc_rdata: 00074b22, pc_wdata: 00074b26, insn: 15130010, mode: 3, rs1_addr:  0, rs1_rdata: 00000000, rs2_addr:  0, rs2_rdata: 00000000, rd_addr:  0, rd_wdata: 00000000, mem_addr: 00000000, mem_rdata: 00000000, mem_wdata: 00000000
ClkCycle:       4390, pc_rdata: 00074b26, pc_wdata: 00074b2a, insn: 810dfff5, mode: 3, rs1_addr: 10, rs1_rdata: 7fffbfff, rs2_addr: 31, rs2_rdata: 00000000, rd_addr: 10, rd_wdata: 80000000, mem_addr: 80000000, mem_rdata: 00000000, mem_wdata: 00000000
ClkCycle:       4391, pc_rdata: 00074b2a, pc_wdata: 00074b2e, insn: 810dfff5, mode: 3, rs1_addr:  0, rs1_rdata: 00000000, rs2_addr:  0, rs2_rdata: 00000000, rd_addr:  0, rd_wdata: 00000000, mem_addr: 00000000, mem_rdata: 00000000, mem_wdata: 00000000
ClkCycle:       4392, pc_rdata: 00074b2e, pc_wdata: 00074b30, insn: 00100513, mode: 3, rs1_addr: 10, rs1_rdata: 7fffbfff, rs2_addr:  3, rs2_rdata: feffffbf, rd_addr: 10, rd_wdata: f0000000, mem_addr: f0000000, mem_rdata: 00000000, mem_wdata: feffffbf
ClkCycle:       4393, pc_rdata: 00074b30, pc_wdata: 00074b34, insn: 00100513, mode: 3, rs1_addr:  0, rs1_rdata: 00000000, rs2_addr:  1, rs2_rdata: 00077118, rd_addr: 10, rd_wdata: 00000001, mem_addr: 00000001, mem_rdata: 00000000, mem_wdata: 00077118
ClkCycle:       4394, pc_rdata: 00074b34, pc_wdata: 00074b38, insn: 03151513, mode: 3, rs1_addr: 10, rs1_rdata: 80000000, rs2_addr: 17, rs2_rdata: edffffff, rd_addr: 10, rd_wdata: 00020000, mem_addr: 00020000, mem_rdata: 00000000, mem_wdata: edffffff
ClkCycle:       4395, pc_rdata: 00074b38, pc_wdata: 00074b3c, insn: fff54513, mode: 3, rs1_addr: 10, rs1_rdata: f0000000, rs2_addr: 31, rs2_rdata: 00000000, rd_addr: 10, rd_wdata: fffdffff, mem_addr: fffdffff, mem_rdata: 00000000, mem_wdata: 00000000
ClkCycle:       4396, pc_rdata: 00074b3c, pc_wdata: 00074b3e, insn: b8238109, mode: 3, rs1_addr: 10, rs1_rdata: 00000001, rs2_addr:  2, rs2_rdata: 7fffdfff, rd_addr: 10, rd_wdata: 3fff7fff, mem_addr: 3fff7fff, mem_rdata: 00000000, mem_wdata: 7fffdfff
ClkCycle:       4397, pc_rdata: 00074b3e, pc_wdata: 00074b42, insn: b8238109, mode: 3, rs1_addr:  0, rs1_rdata: 00000000, rs2_addr:  0, rs2_rdata: 00000000, rd_addr:  0, rd_wdata: 00000000, mem_addr: 00000000, mem_rdata: 00000000, mem_wdata: 00000000
0000000100077118
ClkCycle:       4398, pc_rdata: 00074b42, pc_wdata: 00074b46, insn: 15130010, mode: 3, rs1_addr:  1, rs1_rdata: 00077118, rs2_addr:  1, rs2_rdata: 00077118, rd_addr: 16, rd_wdata: 00077128, mem_addr: 00077128, mem_rdata: 00000000, mem_wdata: 00077118
ClkCycle:       4399, pc_rdata: 00074b46, pc_wdata: 00074b4a, insn: 15130010, mode: 3, rs1_addr:  0, rs1_rdata: 00000000, rs2_addr:  0, rs2_rdata: 00000000, rd_addr:  0, rd_wdata: 00000000, mem_addr: 00000000, mem_rdata: 00000000, mem_wdata: 00000000
ClkCycle:       4400, pc_rdata: 00074b4a, pc_wdata: 00074b4e, insn: 8115fff5, mode: 3, rs1_addr: 10, rs1_rdata: 3fff7fff, rs2_addr: 31, rs2_rdata: 00000000, rd_addr: 10, rd_wdata: 80000000, mem_addr: 80000000, mem_rdata: 00000000, mem_wdata: 00000000
ClkCycle:       4401, pc_rdata: 00074b4e, pc_wdata: 00074b52, insn: 8115fff5, mode: 3, rs1_addr:  0, rs1_rdata: 00000000, rs2_addr:  0, rs2_rdata: 00000000, rd_addr:  0, rd_wdata: 00000000, mem_addr: 00000000, mem_rdata: 00000000, mem_wdata: 00000000
ClkCycle:       4402, pc_rdata: 00074b52, pc_wdata: 00074b54, insn: 00100513, mode: 3, rs1_addr: 10, rs1_rdata: 3fff7fff, rs2_addr:  5, rs2_rdata: eedbfbff, rd_addr: 10, rd_wdata: fc000000, mem_addr: fc000000, mem_rdata: 00000000, mem_wdata: eedbfbff
ClkCycle:       4403, pc_rdata: 00074b54, pc_wdata: 00074b58, insn: 00100513, mode: 3, rs1_addr:  0, rs1_rdata: 00000000, rs2_addr:  1, rs2_rdata: 00077118, rd_addr: 10, rd_wdata: 00000001, mem_addr: 00000001, mem_rdata: 00000000, mem_wdata: 00077118
ClkCycle:       4404, pc_rdata: 00074b58, pc_wdata: 00074b5c, insn: 03451513, mode: 3, rs1_addr: 10, rs1_rdata: 80000000, rs2_addr: 20, rs2_rdata: d5bfff6f, rd_addr: 10, rd_wdata: 00100000, mem_addr: 00100000, mem_rdata: 00000000, mem_wdata: d5bfff6f
ClkCycle:       4405, pc_rdata: 00074b5c, pc_wdata: 00074b60, insn: fff54513, mode: 3, rs1_addr: 10, rs1_rdata: fc000000, rs2_addr: 31, rs2_rdata: 00000000, rd_addr: 10, rd_wdata: ffefffff, mem_addr: ffefffff, mem_rdata: 00000000, mem_wdata: 00000000
ClkCycle:       4406, pc_rdata: 00074b60, pc_wdata: 00074b62, insn: b0238149, mode: 3, rs1_addr: 10, rs1_rdata: 00000001, rs2_addr: 18, rs2_rdata: ffdbffff, rd_addr: 10, rd_wdata: 00003ffb, mem_addr: 00003ffb, mem_rdata: 00000000, mem_wdata: ffdbffff
ClkCycle:       4407, pc_rdata: 00074b62, pc_wdata: 00074b66, insn: b0238149, mode: 3, rs1_addr:  0, rs1_rdata: 00000000, rs2_addr:  0, rs2_rdata: 00000000, rd_addr:  0, rd_wdata: 00000000, mem_addr: 00000000, mem_rdata: 00000000, mem_wdata: 00000000
0000000100077118
ClkCycle:       4408, pc_rdata: 00074b66, pc_wdata: 00074b6a, insn: 15130010, mode: 3, rs1_addr:  1, rs1_rdata: 00077118, rs2_addr:  1, rs2_rdata: 00077118, rd_addr:  0, rd_wdata: 00077118, mem_addr: 00077118, mem_rdata: 00000000, mem_wdata: 00077118
ClkCycle:       4409, pc_rdata: 00074b6a, pc_wdata: 00074b6e, insn: 15130010, mode: 3, rs1_addr:  0, rs1_rdata: 00000000, rs2_addr:  0, rs2_rdata: 00000000, rd_addr:  0, rd_wdata: 00000000, mem_addr: 00000000, mem_rdata: 00000000, mem_wdata: 00000000
ClkCycle:       4410, pc_rdata: 00074b6e, pc_wdata: 00074b72, insn: 915dfff5, mode: 3, rs1_addr: 10, rs1_rdata: 00003ffb, rs2_addr: 31, rs2_rdata: 00000000, rd_addr: 10, rd_wdata: 80000000, mem_addr: 80000000, mem_rdata: 00000000, mem_wdata: 00000000
ClkCycle:       4411, pc_rdata: 00074b72, pc_wdata: 00074b76, insn: 915dfff5, mode: 3, rs1_addr:  0, rs1_rdata: 00000000, rs2_addr:  0, rs2_rdata: 00000000, rd_addr:  0, rd_wdata: 00000000, mem_addr: 00000000, mem_rdata: 00000000, mem_wdata: 00000000
ClkCycle:       4412, pc_rdata: 00074b76, pc_wdata: 00074b78, insn: 00100513, mode: 3, rs1_addr: 10, rs1_rdata: 00003ffb, rs2_addr: 23, rs2_rdata: 00003ead, rd_addr: 10, rd_wdata: 003ffb00, mem_addr: 003ffb00, mem_rdata: 00000000, mem_wdata: 00003ead
ClkCycle:       4413, pc_rdata: 00074b78, pc_wdata: 00074b7c, insn: 00100513, mode: 3, rs1_addr:  0, rs1_rdata: 00000000, rs2_addr:  1, rs2_rdata: 00077118, rd_addr: 10, rd_wdata: 00000001, mem_addr: 00000001, mem_rdata: 00000000, mem_wdata: 00077118
ClkCycle:       4414, pc_rdata: 00074b7c, pc_wdata: 00074b80, insn: 03651513, mode: 3, rs1_addr: 10, rs1_rdata: 80000000, rs2_addr: 22, rs2_rdata: 001f56ff, rd_addr: 10, rd_wdata: 00400000, mem_addr: 00400000, mem_rdata: 00000000, mem_wdata: 001f56ff
ClkCycle:       4415, pc_rdata: 00074b80, pc_wdata: 00074b84, insn: fff54513, mode: 3, rs1_addr: 10, rs1_rdata: 003ffb00, rs2_addr: 31, rs2_rdata: 00000000, rd_addr: 10, rd_wdata: ffbfffff, mem_addr: ffbfffff, mem_rdata: 00000000, mem_wdata: 00000000
ClkCycle:       4416, pc_rdata: 00074b84, pc_wdata: 00074b86, insn: b8238131, mode: 3, rs1_addr: 10, rs1_rdata: 00000001, rs2_addr: 12, rs2_rdata: fbffff02, rd_addr: 10, rd_wdata: 000ffbff, mem_addr: 000ffbff, mem_rdata: 00000000, mem_wdata: fbffff02
ClkCycle:       4417, pc_rdata: 00074b86, pc_wdata: 00074b8a, insn: b8238131, mode: 3, rs1_addr:  0, rs1_rdata: 00000000, rs2_addr:  0, rs2_rdata: 00000000, rd_addr:  0, rd_wdata: 00000000, mem_addr: 00000000, mem_rdata: 00000000, mem_wdata: 00000000
0000000100077118
ClkCycle:       4418, pc_rdata: 00074b8a, pc_wdata: 00074b8e, insn: 15130010, mode: 3, rs1_addr:  1, rs1_rdata: 00077118, rs2_addr:  1, rs2_rdata: 00077118, rd_addr: 16, rd_wdata: 00077128, mem_addr: 00077128, mem_rdata: 00000000, mem_wdata: 00077118
ClkCycle:       4419, pc_rdata: 00074b8e, pc_wdata: 00074b92, insn: 15130010, mode: 3, rs1_addr:  0, rs1_rdata: 00000000, rs2_addr:  0, rs2_rdata: 00000000, rd_addr:  0, rd_wdata: 00000000, mem_addr: 00000000, mem_rdata: 00000000, mem_wdata: 00000000
ClkCycle:       4420, pc_rdata: 00074b92, pc_wdata: 00074b96, insn: 814dfff5, mode: 3, rs1_addr: 10, rs1_rdata: 000ffbff, rs2_addr: 31, rs2_rdata: 00000000, rd_addr: 10, rd_wdata: 80000000, mem_addr: 80000000, mem_rdata: 00000000, mem_wdata: 00000000
ClkCycle:       4421, pc_rdata: 00074b96, pc_wdata: 00074b9a, insn: 814dfff5, mode: 3, rs1_addr:  0, rs1_rdata: 00000000, rs2_addr:  0, rs2_rdata: 00000000, rd_addr:  0, rd_wdata: 00000000, mem_addr: 00000000, mem_rdata: 00000000, mem_wdata: 00000000
ClkCycle:       4422, pc_rdata: 00074b9a, pc_wdata: 00074b9c, insn: 00100513, mode: 3, rs1_addr: 10, rs1_rdata: 000ffbff, rs2_addr: 19, rs2_rdata: dfffb7ff, rd_addr: 10, rd_wdata: ffbff000, mem_addr: ffbff000, mem_rdata: 00000000, mem_wdata: dfffb7ff
ClkCycle:       4423, pc_rdata: 00074b9c, pc_wdata: 00074ba0, insn: 00100513, mode: 3, rs1_addr:  0, rs1_rdata: 00000000, rs2_addr:  1, rs2_rdata: 00077118, rd_addr: 10, rd_wdata: 00000001, mem_addr: 00000001, mem_rdata: 00000000, mem_wdata: 00077118
ClkCycle:       4424, pc_rdata: 00074ba0, pc_wdata: 00074ba4, insn: 03851513, mode: 3, rs1_addr: 10, rs1_rdata: 80000000, rs2_addr: 24, rs2_rdata: 0000007d, rd_addr: 10, rd_wdata: 01000000, mem_addr: 01000000, mem_rdata: 00000000, mem_wdata: 0000007d
ClkCycle:       4425, pc_rdata: 00074ba4, pc_wdata: 00074ba8, insn: fff54513, mode: 3, rs1_addr: 10, rs1_rdata: ffbff000, rs2_addr: 31, rs2_rdata: 00000000, rd_addr: 10, rd_wdata: feffffff, mem_addr: feffffff, mem_rdata: 00000000, mem_wdata: 00000000
ClkCycle:       4426, pc_rdata: 00074ba8, pc_wdata: 00074baa, insn: b023913d, mode: 3, rs1_addr: 10, rs1_rdata: 00000001, rs2_addr: 15, rs2_rdata: 00000000, rd_addr: 10, rd_wdata: 0001fdff, mem_addr: 0001fdff, mem_rdata: 00000000, mem_wdata: 00000000
ClkCycle:       4427, pc_rdata: 00074baa, pc_wdata: 00074bae, insn: b023913d, mode: 3, rs1_addr:  0, rs1_rdata: 00000000, rs2_addr:  0, rs2_rdata: 00000000, rd_addr:  0, rd_wdata: 00000000, mem_addr: 00000000, mem_rdata: 00000000, mem_wdata: 00000000
000000000000007d
ClkCycle:       4428, pc_rdata: 00074bae, pc_wdata: 00074bb2, insn: 34830380, mode: 3, rs1_addr:  1, rs1_rdata: 00077118, rs2_addr: 24, rs2_rdata: 0000007d, rd_addr:  0, rd_wdata: 00077138, mem_addr: 00077138, mem_rdata: 00000000, mem_wdata: 0000007d
ClkCycle:       4429, pc_rdata: 00074bb2, pc_wdata: 00074bb6, insn: 34830380, mode: 3, rs1_addr:  0, rs1_rdata: 00000000, rs2_addr:  0, rs2_rdata: 00000000, rd_addr:  0, rd_wdata: 00000000, mem_addr: 00000000, mem_rdata: 00000000, mem_wdata: 00000000
ClkCycle:       4430, pc_rdata: 00074bb6, pc_wdata: 00074bba, insn: 03332001, mode: 3, rs1_addr:  2, rs1_rdata: 7fffdfff, rs2_addr:  0, rs2_rdata: 00000000, rd_addr:  9, rd_wdata: 00000000, mem_addr: 7fffe1ff, mem_rdata: 00000000, mem_wdata: 00000000
ClkCycle:       4431, pc_rdata: 00074bba, pc_wdata: 00074bbe, insn: 03332001, mode: 3, rs1_addr:  0, rs1_rdata: 00000000, rs2_addr:  0, rs2_rdata: 00000000, rd_addr:  0, rd_wdata: 00000000, mem_addr: 00000000, mem_rdata: 00000000, mem_wdata: 00000000
ClkCycle:       4432, pc_rdata: 00074bbe, pc_wdata: 00074bc2, insn: 03130000, mode: 3, rs1_addr:  0, rs1_rdata: 00000000, rs2_addr:  0, rs2_rdata: 00000000, rd_addr:  6, rd_wdata: 00000000, mem_addr: 00000000, mem_rdata: 00000000, mem_wdata: 00000000
ClkCycle:       4433, pc_rdata: 00074bc2, pc_wdata: 00074bc6, insn: 03130000, mode: 3, rs1_addr:  0, rs1_rdata: 00000000, rs2_addr:  0, rs2_rdata: 00000000, rd_addr:  0, rd_wdata: 00000000, mem_addr: 00000000, mem_rdata: 00000000, mem_wdata: 00000000
ClkCycle:       4434, pc_rdata: 00074bc6, pc_wdata: 00074bca, insn: 031300b3, mode: 3, rs1_addr:  6, rs1_rdata: 1fddb7f7, rs2_addr: 11, rs2_rdata: 00feedbc, rd_addr:  6, rd_wdata: 0000000b, mem_addr: 0000000b, mem_rdata: 00000000, mem_wdata: 00feedbc
ClkCycle:       4435, pc_rdata: 00074bca, pc_wdata: 00074bce, insn: 031300b3, mode: 3, rs1_addr:  0, rs1_rdata: 00000000, rs2_addr:  0, rs2_rdata: 00000000, rd_addr:  0, rd_wdata: 00000000, mem_addr: 00000000, mem_rdata: 00000000, mem_wdata: 00000000
ClkCycle:       4436, pc_rdata: 00074bce, pc_wdata: 00074bd2, insn: 031300b3, mode: 3, rs1_addr:  6, rs1_rdata: 00000000, rs2_addr: 11, rs2_rdata: 00feedbc, rd_addr:  6, rd_wdata: 00000016, mem_addr: 00000016, mem_rdata: 00000000, mem_wdata: 00feedbc
ClkCycle:       4437, pc_rdata: 00074bd2, pc_wdata: 00074bd6, insn: 031300b3, mode: 3, rs1_addr:  0, rs1_rdata: 00000000, rs2_addr:  0, rs2_rdata: 00000000, rd_addr:  0, rd_wdata: 00000000, mem_addr: 00000000, mem_rdata: 00000000, mem_wdata: 00000000
ClkCycle:       4438, pc_rdata: 00074bd6, pc_wdata: 00074bda, insn: 031300a3, mode: 3, rs1_addr:  6, rs1_rdata: 0000000b, rs2_addr: 10, rs2_rdata: 0001fdff, rd_addr:  6, rd_wdata: 00000020, mem_addr: 00000020, mem_rdata: 00000000, mem_wdata: 0001fdff
ClkCycle:       4439, pc_rdata: 00074bda, pc_wdata: 00074bde, insn: 031300a3, mode: 3, rs1_addr:  0, rs1_rdata: 00000000, rs2_addr:  0, rs2_rdata: 00000000, rd_addr:  0, rd_wdata: 00000000, mem_addr: 00000000, mem_rdata: 00000000, mem_wdata: 00000000
ClkCycle:       4440, pc_rdata: 00074bde, pc_wdata: 00074be2, insn: 006ffe64, mode: 3, rs1_addr:  8, rs1_rdata: 7fffe367, rs2_addr:  6, rs2_rdata: 00000016, rd_addr:  6, rd_wdata: 7fffe34d, mem_addr: 7fffe34d, mem_rdata: 00000000, mem_wdata: 00000020
ClkCycle:       4441, pc_rdata: 00074be2, pc_wdata: 00074be6, insn: 006ffe64, mode: 3, rs1_addr:  0, rs1_rdata: 00000000, rs2_addr:  0, rs2_rdata: 00000000, rd_addr:  0, rd_wdata: 00000000, mem_addr: 00000000, mem_rdata: 00000000, mem_wdata: 00000000
ClkCycle:       4442, pc_rdata: 00074be6, pc_wdata: 00074bea, insn: 00000f17, mode: 3, rs1_addr: 14, rs1_rdata: 07f76dfd, rs2_addr: 17, rs2_rdata: edffffff, rd_addr:  0, rd_wdata: 00074bea, mem_addr: 07fe76ed, mem_rdata: 00000000, mem_wdata: edffffff
ClkCycle:       4443, pc_rdata: 00074bea, pc_wdata: 000e54d6, insn: 00000f17, mode: 3, rs1_addr:  0, rs1_rdata: 00000000, rs2_addr:  0, rs2_rdata: 00000000, rd_addr:  0, rd_wdata: 00000000, mem_addr: 00000000, mem_rdata: 00000000, mem_wdata: 00000000
ClkCycle:       7207, pc_rdata: 000e8002, pc_wdata: 000e8004, insn: ddb80813, mode: 3, rs1_addr:  2, rs1_rdata: 7fffdfff, rs2_addr:  0, rs2_rdata: 00000000, rd_addr:  8, rd_wdata: 7fffdfff, mem_addr: 7fffdfff, mem_rdata: 00000000, mem_wdata: 00000000
ClkCycle:       7208, pc_rdata: 000e8004, pc_wdata: 000e8008, insn: ddb80813, mode: 3, rs1_addr: 16, rs1_rdata: 7d5bfddb, rs2_addr: 27, rs2_rdata: 00000000, rd_addr: 16, rd_wdata: 7d5bfbb6, mem_addr: 7d5bfbb6, mem_rdata: 00000000, mem_wdata: 00000000
ClkCycle:       7209, pc_rdata: 000e8008, pc_wdata: 000e800c, insn: 00b81813, mode: 3, rs1_addr: 16, rs1_rdata: 7d5bfddb, rs2_addr: 11, rs2_rdata: 00feedbc, rd_addr: 16, rd_wdata: dfddb000, mem_addr: dfddb000, mem_rdata: 00000000, mem_wdata: 00feedbc
ClkCycle:       7210, pc_rdata: 000e800c, pc_wdata: 000e8010, insn: 3ea80813, mode: 3, rs1_addr: 16, rs1_rdata: 7d5bfddb, rs2_addr: 10, rs2_rdata: 0001fdff, rd_addr: 16, rd_wdata: dfddb3ea, mem_addr: dfddb3ea, mem_rdata: 00000000, mem_wdata: 0001fdff
ClkCycle:       7211, pc_rdata: 000e8010, pc_wdata: 000e8014, insn: 00b81813, mode: 3, rs1_addr: 16, rs1_rdata: 7d5bfbb6, rs2_addr: 11, rs2_rdata: 00feedbc, rd_addr: 16, rd_wdata: ed9f5000, mem_addr: ed9f5000, mem_rdata: 00000000, mem_wdata: 00feedbc
ClkCycle:       7212, pc_rdata: 000e8014, pc_wdata: 000e8018, insn: 6ff80813, mode: 3, rs1_addr: 16, rs1_rdata: dfddb000, rs2_addr: 31, rs2_rdata: 00000000, rd_addr: 16, rd_wdata: ed9f56ff, mem_addr: ed9f56ff, mem_rdata: 00000000, mem_wdata: 00000000
ClkCycle:       7213, pc_rdata: 000e8018, pc_wdata: 000e801c, insn: 00a81813, mode: 3, rs1_addr: 16, rs1_rdata: dfddb3ea, rs2_addr: 10, rs2_rdata: 0001fdff, rd_addr: 16, rd_wdata: 7d5bfc00, mem_addr: 7d5bfc00, mem_rdata: 00000000, mem_wdata: 0001fdff
ClkCycle:       7214, pc_rdata: 000e801c, pc_wdata: 000e8020, insn: 1db80813, mode: 3, rs1_addr: 16, rs1_rdata: ed9f5000, rs2_addr: 27, rs2_rdata: 00000000, rd_addr: 16, rd_wdata: 7d5bfddb, mem_addr: 7d5bfddb, mem_rdata: 00000000, mem_wdata: 00000000
ClkCycle:       7215, pc_rdata: 000e8020, pc_wdata: 000e8024, insn: 00785893, mode: 3, rs1_addr: 16, rs1_rdata: ed9f56ff, rs2_addr:  7, rs2_rdata: 003fbb6f, rd_addr: 17, rd_wdata: 6cfab7fb, mem_addr: 6cfab7fb, mem_rdata: 00000000, mem_wdata: 003fbb6f
ClkCycle:       7216, pc_rdata: 000e8024, pc_wdata: 000e8028, insn: 03985793, mode: 3, rs1_addr: 16, rs1_rdata: 7d5bfc00, rs2_addr: 25, rs2_rdata: 00000000, rd_addr: 15, rd_wdata: adfddb3e, mem_addr: adfddb3e, mem_rdata: 00000000, mem_wdata: 00000000
ClkCycle:       7217, pc_rdata: 000e8028, pc_wdata: 000e802c, insn: 00f8e8b3, mode: 3, rs1_addr: 17, rs1_rdata: edffffff, rs2_addr: 15, rs2_rdata: 00000000, rd_addr: 17, rd_wdata: edffffff, mem_addr: edffffff, mem_rdata: 00000000, mem_wdata: adfddb3e
ClkCycle:       7218, pc_rdata: 000e802c, pc_wdata: 000e8030, insn: 0078d913, mode: 3, rs1_addr: 17, rs1_rdata: 6cfab7fb, rs2_addr:  7, rs2_rdata: 003fbb6f, rd_addr: 18, rd_wdata: ffdbffff, mem_addr: ffdbffff, mem_rdata: 00000000, mem_wdata: 003fbb6f
ClkCycle:       7219, pc_rdata: 000e8030, pc_wdata: 000e8034, insn: 0398d793, mode: 3, rs1_addr: 17, rs1_rdata: 6cfab7fb, rs2_addr: 25, rs2_rdata: 00000000, rd_addr: 15, rd_wdata: 7d5bfff6, mem_addr: 7d5bfff6, mem_rdata: 00000000, mem_wdata: 00000000
ClkCycle:       7220, pc_rdata: 000e8034, pc_wdata: 000e8038, insn: 00f96933, mode: 3, rs1_addr: 18, rs1_rdata: ffdbffff, rs2_addr: 15, rs2_rdata: adfddb3e, rd_addr: 18, rd_wdata: ffdbffff, mem_addr: ffdbffff, mem_rdata: 00000000, mem_wdata: 7d5bfff6
ClkCycle:       7221, pc_rdata: 000e8038, pc_wdata: 000e803c, insn: 00795993, mode: 3, rs1_addr: 18, rs1_rdata: ffdbffff, rs2_addr:  7, rs2_rdata: 003fbb6f, rd_addr: 19, rd_wdata: dfffb7ff, mem_addr: dfffb7ff, mem_rdata: 00000000, mem_wdata: 003fbb6f
ClkCycle:       7222, pc_rdata: 000e803c, pc_wdata: 000e8040, insn: 03995793, mode: 3, rs1_addr: 18, rs1_rdata: ffdbffff, rs2_addr: 25, rs2_rdata: 00000000, rd_addr: 15, rd_wdata: 00fab7ff, mem_addr: 00fab7ff, mem_rdata: 00000000, mem_wdata: 00000000
ClkCycle:       7223, pc_rdata: 000e8040, pc_wdata: 000e8044, insn: 00f9e9b3, mode: 3, rs1_addr: 19, rs1_rdata: dfffb7ff, rs2_addr: 15, rs2_rdata: 7d5bfff6, rd_addr: 19, rd_wdata: dfffb7ff, mem_addr: dfffb7ff, mem_rdata: 00000000, mem_wdata: 00fab7ff
ClkCycle:       7224, pc_rdata: 000e8044, pc_wdata: 000e8048, insn: 0079da13, mode: 3, rs1_addr: 19, rs1_rdata: dfffb7ff, rs2_addr:  7, rs2_rdata: 003fbb6f, rd_addr: 20, rd_wdata: d5bfff6f, mem_addr: d5bfff6f, mem_rdata: 00000000, mem_wdata: 003fbb6f
ClkCycle:       7225, pc_rdata: 000e8048, pc_wdata: 000e804c, insn: 0399d793, mode: 3, rs1_addr: 19, rs1_rdata: dfffb7ff, rs2_addr: 25, rs2_rdata: 00000000, rd_addr: 15, rd_wdata: 0001f56f, mem_addr: 0001f56f, mem_rdata: 00000000, mem_wdata: 00000000
ClkCycle:       7226, pc_rdata: 000e804c, pc_wdata: 000e8050, insn: 00fa6a33, mode: 3, rs1_addr: 20, rs1_rdata: d5bfff6f, rs2_addr: 15, rs2_rdata: 00fab7ff, rd_addr: 20, rd_wdata: d5bfff6f, mem_addr: d5bfff6f, mem_rdata: 00000000, mem_wdata: 0001f56f
ClkCycle:       7227, pc_rdata: 000e8050, pc_wdata: 000e8054, insn: 007a5a93, mode: 3, rs1_addr: 20, rs1_rdata: d5bfff6f, rs2_addr:  7, rs2_rdata: 003fbb6f, rd_addr: 21, rd_wdata: 0fab7ffe, mem_addr: 0fab7ffe, mem_rdata: 00000000, mem_wdata: 003fbb6f
ClkCycle:       7228, pc_rdata: 000e8054, pc_wdata: 000e8058, insn: 039a5793, mode: 3, rs1_addr: 20, rs1_rdata: d5bfff6f, rs2_addr: 25, rs2_rdata: 00000000, rd_addr: 15, rd_wdata: 000003ea, mem_addr: 000003ea, mem_rdata: 00000000, mem_wdata: 00000000
ClkCycle:       7229, pc_rdata: 000e8058, pc_wdata: 000e805c, insn: 00faeab3, mode: 3, rs1_addr: 21, rs1_rdata: 0fab7ffe, rs2_addr: 15, rs2_rdata: 0001f56f, rd_addr: 21, rd_wdata: 0fab7ffe, mem_addr: 0fab7ffe, mem_rdata: 00000000, mem_wdata: 000003ea
ClkCycle:       7230, pc_rdata: 000e805c, pc_wdata: 000e8060, insn: 007adb13, mode: 3, rs1_addr: 21, rs1_rdata: 0fab7ffe, rs2_addr:  7, rs2_rdata: 003fbb6f, rd_addr: 22, rd_wdata: 001f56ff, mem_addr: 001f56ff, mem_rdata: 00000000, mem_wdata: 003fbb6f
ClkCycle:       7231, pc_rdata: 000e8060, pc_wdata: 000e8064, insn: 039ad793, mode: 3, rs1_addr: 21, rs1_rdata: 0fab7ffe, rs2_addr: 25, rs2_rdata: 00000000, rd_addr: 15, rd_wdata: 00000007, mem_addr: 00000007, mem_rdata: 00000000, mem_wdata: 00000000
ClkCycle:       7232, pc_rdata: 000e8064, pc_wdata: 000e8068, insn: 00fb6b33, mode: 3, rs1_addr: 22, rs1_rdata: 001f56ff, rs2_addr: 15, rs2_rdata: 000003ea, rd_addr: 22, rd_wdata: 001f56ff, mem_addr: 001f56ff, mem_rdata: 00000000, mem_wdata: 00000007
ClkCycle:       7233, pc_rdata: 000e8068, pc_wdata: 000e806c, insn: 007b5b93, mode: 3, rs1_addr: 22, rs1_rdata: 001f56ff, rs2_addr:  7, rs2_rdata: 003fbb6f, rd_addr: 23, rd_wdata: 00003ead, mem_addr: 00003ead, mem_rdata: 00000000, mem_wdata: 003fbb6f
ClkCycle:       7234, pc_rdata: 000e806c, pc_wdata: 000e8070, insn: 039b5793, mode: 3, rs1_addr: 22, rs1_rdata: 001f56ff, rs2_addr: 25, rs2_rdata: 00000000, rd_addr: 15, rd_wdata: 00000000, mem_addr: 00000000, mem_rdata: 00000000, mem_wdata: 00000000
ClkCycle:       7235, pc_rdata: 000e8070, pc_wdata: 000e8074, insn: 00fbebb3, mode: 3, rs1_addr: 23, rs1_rdata: 00003ead, rs2_addr: 15, rs2_rdata: 00000007, rd_addr: 23, rd_wdata: 00003ead, mem_addr: 00003ead, mem_rdata: 00000000, mem_wdata: 00000000
ClkCycle:       7236, pc_rdata: 000e8074, pc_wdata: 000e8078, insn: 007bdc13, mode: 3, rs1_addr: 23, rs1_rdata: 00003ead, rs2_addr:  7, rs2_rdata: 003fbb6f, rd_addr: 24, rd_wdata: 0000007d, mem_addr: 0000007d, mem_rdata: 00000000, mem_wdata: 003fbb6f
ClkCycle:       7237, pc_rdata: 000e8078, pc_wdata: 000e807c, insn: 039bd793, mode: 3, rs1_addr: 23, rs1_rdata: 00003ead, rs2_addr: 25, rs2_rdata: 00000000, rd_addr: 15, rd_wdata: 00000000, mem_addr: 00000000, mem_rdata: 00000000, mem_wdata: 00000000
ClkCycle:       7238, pc_rdata: 000e807c, pc_wdata: 000e8080, insn: 00fc6c33, mode: 3, rs1_addr: 24, rs1_rdata: 0000007d, rs2_addr: 15, rs2_rdata: 00000000, rd_addr: 24, rd_wdata: 0000007d, mem_addr: 0000007d, mem_rdata: 00000000, mem_wdata: 00000000
ClkCycle:       7239, pc_rdata: 000e8080, pc_wdata: 000e8084, insn: 007c5c93, mode: 3, rs1_addr: 24, rs1_rdata: 0000007d, rs2_addr:  7, rs2_rdata: 003fbb6f, rd_addr: 25, rd_wdata: 00000000, mem_addr: 00000000, mem_rdata: 00000000, mem_wdata: 003fbb6f
ClkCycle:       7240, pc_rdata: 000e8084, pc_wdata: 000e8088, insn: 039c5793, mode: 3, rs1_addr: 24, rs1_rdata: 0000007d, rs2_addr: 25, rs2_rdata: 00000000, rd_addr: 15, rd_wdata: 00000000, mem_addr: 00000000, mem_rdata: 00000000, mem_wdata: 00000000
ClkCycle:       7241, pc_rdata: 000e8088, pc_wdata: 000e808c, insn: 00fcecb3, mode: 3, rs1_addr: 25, rs1_rdata: 00000000, rs2_addr: 15, rs2_rdata: 00000000, rd_addr: 25, rd_wdata: 00000000, mem_addr: 00000000, mem_rdata: 00000000, mem_wdata: 00000000
ClkCycle:       7242, pc_rdata: 000e808c, pc_wdata: 000e8090, insn: 007cdd13, mode: 3, rs1_addr: 25, rs1_rdata: 00000000, rs2_addr:  7, rs2_rdata: 003fbb6f, rd_addr: 26, rd_wdata: 00000000, mem_addr: 00000000, mem_rdata: 00000000, mem_wdata: 003fbb6f
ClkCycle:       7243, pc_rdata: 000e8090, pc_wdata: 000e8094, insn: 039cd793, mode: 3, rs1_addr: 25, rs1_rdata: 00000000, rs2_addr: 25, rs2_rdata: 00000000, rd_addr: 15, rd_wdata: 00000000, mem_addr: 00000000, mem_rdata: 00000000, mem_wdata: 00000000
ClkCycle:       7244, pc_rdata: 000e8094, pc_wdata: 000e8098, insn: 00fd6d33, mode: 3, rs1_addr: 26, rs1_rdata: 00000000, rs2_addr: 15, rs2_rdata: 00000000, rd_addr: 26, rd_wdata: 00000000, mem_addr: 00000000, mem_rdata: 00000000, mem_wdata: 00000000
ClkCycle:       7245, pc_rdata: 000e8098, pc_wdata: 000e809c, insn: 007d5d93, mode: 3, rs1_addr: 26, rs1_rdata: 00000000, rs2_addr:  7, rs2_rdata: 003fbb6f, rd_addr: 27, rd_wdata: 00000000, mem_addr: 00000000, mem_rdata: 00000000, mem_wdata: 003fbb6f
ClkCycle:       7246, pc_rdata: 000e809c, pc_wdata: 000e80a0, insn: 039d5793, mode: 3, rs1_addr: 26, rs1_rdata: 00000000, rs2_addr: 25, rs2_rdata: 00000000, rd_addr: 15, rd_wdata: 00000000, mem_addr: 00000000, mem_rdata: 00000000, mem_wdata: 00000000
ClkCycle:       7247, pc_rdata: 000e80a0, pc_wdata: 000e80a4, insn: 00fdedb3, mode: 3, rs1_addr: 27, rs1_rdata: 00000000, rs2_addr: 15, rs2_rdata: 00000000, rd_addr: 27, rd_wdata: 00000000, mem_addr: 00000000, mem_rdata: 00000000, mem_wdata: 00000000
ClkCycle:       7248, pc_rdata: 000e80a4, pc_wdata: 000e80a8, insn: 007dde13, mode: 3, rs1_addr: 27, rs1_rdata: 00000000, rs2_addr:  7, rs2_rdata: 003fbb6f, rd_addr: 28, rd_wdata: 00000000, mem_addr: 00000000, mem_rdata: 00000000, mem_wdata: 003fbb6f
ClkCycle:       7249, pc_rdata: 000e80a8, pc_wdata: 000e80ac, insn: 039dd793, mode: 3, rs1_addr: 27, rs1_rdata: 00000000, rs2_addr: 25, rs2_rdata: 00000000, rd_addr: 15, rd_wdata: 00000000, mem_addr: 00000000, mem_rdata: 00000000, mem_wdata: 00000000
ClkCycle:       7250, pc_rdata: 000e80ac, pc_wdata: 000e80b0, insn: 00fe6e33, mode: 3, rs1_addr: 28, rs1_rdata: 00000000, rs2_addr: 15, rs2_rdata: 00000000, rd_addr: 28, rd_wdata: 00000000, mem_addr: 00000000, mem_rdata: 00000000, mem_wdata: 00000000
ClkCycle:       7251, pc_rdata: 000e80b0, pc_wdata: 000e80b4, insn: 007e5e93, mode: 3, rs1_addr: 28, rs1_rdata: 00000000, rs2_addr:  7, rs2_rdata: 003fbb6f, rd_addr: 29, rd_wdata: 00000000, mem_addr: 00000000, mem_rdata: 00000000, mem_wdata: 003fbb6f
ClkCycle:       7252, pc_rdata: 000e80b4, pc_wdata: 000e80b8, insn: 039e5793, mode: 3, rs1_addr: 28, rs1_rdata: 00000000, rs2_addr: 25, rs2_rdata: 00000000, rd_addr: 15, rd_wdata: 00000000, mem_addr: 00000000, mem_rdata: 00000000, mem_wdata: 00000000
ClkCycle:       7253, pc_rdata: 000e80b8, pc_wdata: 000e80bc, insn: 00feeeb3, mode: 3, rs1_addr: 29, rs1_rdata: 00000000, rs2_addr: 15, rs2_rdata: 00000000, rd_addr: 29, rd_wdata: 00000000, mem_addr: 00000000, mem_rdata: 00000000, mem_wdata: 00000000
ClkCycle:       7254, pc_rdata: 000e80bc, pc_wdata: 000e80c0, insn: 007edf13, mode: 3, rs1_addr: 29, rs1_rdata: 00000000, rs2_addr:  7, rs2_rdata: 003fbb6f, rd_addr: 30, rd_wdata: 00000000, mem_addr: 00000000, mem_rdata: 00000000, mem_wdata: 003fbb6f
ClkCycle:       7255, pc_rdata: 000e80c0, pc_wdata: 000e80c4, insn: 039ed793, mode: 3, rs1_addr: 29, rs1_rdata: 00000000, rs2_addr: 25, rs2_rdata: 00000000, rd_addr: 15, rd_wdata: 00000000, mem_addr: 00000000, mem_rdata: 00000000, mem_wdata: 00000000
ClkCycle:       7256, pc_rdata: 000e80c4, pc_wdata: 000e80c8, insn: 00ff6f33, mode: 3, rs1_addr: 30, rs1_rdata: 00000000, rs2_addr: 15, rs2_rdata: 00000000, rd_addr: 30, rd_wdata: 00000000, mem_addr: 00000000, mem_rdata: 00000000, mem_wdata: 00000000
ClkCycle:       7257, pc_rdata: 000e80c8, pc_wdata: 000e80cc, insn: feedc0b7, mode: 3, rs1_addr: 27, rs1_rdata: 00000000, rs2_addr: 14, rs2_rdata: 07f76dfd, rd_addr:  1, rd_wdata: feedc000, mem_addr: feedc000, mem_rdata: 00000000, mem_wdata: 07f76dfd
ClkCycle:       7258, pc_rdata: 000e80cc, pc_wdata: 000e80d0, insn: ead08093, mode: 3, rs1_addr:  1, rs1_rdata: 00077118, rs2_addr: 13, rs2_rdata: 1fff7fff, rd_addr:  1, rd_wdata: feedbead, mem_addr: feedbead, mem_rdata: 00000000, mem_wdata: 1fff7fff
ClkCycle:       7259, pc_rdata: 000e80d0, pc_wdata: 000e80d4, insn: 00b09093, mode: 3, rs1_addr:  1, rs1_rdata: 00077118, rs2_addr: 11, rs2_rdata: 00feedbc, rd_addr:  1, rd_wdata: 6df56800, mem_addr: 6df56800, mem_rdata: 00000000, mem_wdata: 00feedbc
ClkCycle:       7260, pc_rdata: 000e80d4, pc_wdata: 000e80d8, insn: 7f708093, mode: 3, rs1_addr:  1, rs1_rdata: feedc000, rs2_addr: 23, rs2_rdata: 00003ead, rd_addr:  1, rd_wdata: 6df56ff7, mem_addr: 6df56ff7, mem_rdata: 00000000, mem_wdata: 00003ead
ClkCycle:       7261, pc_rdata: 000e80d8, pc_wdata: 000e80dc, insn: 00b09093, mode: 3, rs1_addr:  1, rs1_rdata: feedbead, rs2_addr: 11, rs2_rdata: 00feedbc, rd_addr:  1, rd_wdata: ab7fb800, mem_addr: ab7fb800, mem_rdata: 00000000, mem_wdata: 00feedbc
ClkCycle:       7262, pc_rdata: 000e80dc, pc_wdata: 000e80e0, insn: 36f08093, mode: 3, rs1_addr:  1, rs1_rdata: 6df56800, rs2_addr: 15, rs2_rdata: 00000000, rd_addr:  1, rd_wdata: ab7fbb6f, mem_addr: ab7fbb6f, mem_rdata: 00000000, mem_wdata: 00000000
ClkCycle:       7263, pc_rdata: 000e80e0, pc_wdata: 000e80e4, insn: 00a09093, mode: 3, rs1_addr:  1, rs1_rdata: 6df56ff7, rs2_addr: 10, rs2_rdata: 0001fdff, rd_addr:  1, rd_wdata: feedbc00, mem_addr: feedbc00, mem_rdata: 00000000, mem_wdata: 0001fdff
ClkCycle:       7264, pc_rdata: 000e80e4, pc_wdata: 000e80e8, insn: 2ad08093, mode: 3, rs1_addr:  1, rs1_rdata: ab7fb800, rs2_addr: 13, rs2_rdata: 1fff7fff, rd_addr:  1, rd_wdata: feedbead, mem_addr: feedbead, mem_rdata: 00000000, mem_wdata: 1fff7fff
ClkCycle:       7265, pc_rdata: 000e80e8, pc_wdata: 000e80ec, insn: 0070d113, mode: 3, rs1_addr:  1, rs1_rdata: ab7fbb6f, rs2_addr:  7, rs2_rdata: 003fbb6f, rd_addr:  2, rd_wdata: 5bfddb7d, mem_addr: 5bfddb7d, mem_rdata: 00000000, mem_wdata: 003fbb6f
ClkCycle:       7266, pc_rdata: 000e80ec, pc_wdata: 000e80f0, insn: 0390d793, mode: 3, rs1_addr:  1, rs1_rdata: feedbc00, rs2_addr: 25, rs2_rdata: 00000000, rd_addr: 15, rd_wdata: 76df56ff, mem_addr: 76df56ff, mem_rdata: 00000000, mem_wdata: 00000000
ClkCycle:       7267, pc_rdata: 000e80f0, pc_wdata: 000e80f4, insn: 00f16133, mode: 3, rs1_addr:  2, rs1_rdata: 7fffdfff, rs2_addr: 15, rs2_rdata: 00000000, rd_addr:  2, rd_wdata: 7fffdfff, mem_addr: 7fffdfff, mem_rdata: 00000000, mem_wdata: 76df56ff
ClkCycle:       7268, pc_rdata: 000e80f4, pc_wdata: 000e80f8, insn: 00715193, mode: 3, rs1_addr:  2, rs1_rdata: 5bfddb7d, rs2_addr:  7, rs2_rdata: 003fbb6f, rd_addr:  3, rd_wdata: feffffbf, mem_addr: feffffbf, mem_rdata: 00000000, mem_wdata: 003fbb6f
ClkCycle:       7269, pc_rdata: 000e80f8, pc_wdata: 000e80fc, insn: 03915793, mode: 3, rs1_addr:  2, rs1_rdata: 5bfddb7d, rs2_addr: 25, rs2_rdata: 00000000, rd_addr: 15, rd_wdata: feedbfbf, mem_addr: feedbfbf, mem_rdata: 00000000, mem_wdata: 00000000
ClkCycle:       7270, pc_rdata: 000e80fc, pc_wdata: 000e8100, insn: 00f1e1b3, mode: 3, rs1_addr:  3, rs1_rdata: feffffbf, rs2_addr: 15, rs2_rdata: 76df56ff, rd_addr:  3, rd_wdata: feffffbf, mem_addr: feffffbf, mem_rdata: 00000000, mem_wdata: feedbfbf
ClkCycle:       7271, pc_rdata: 000e8100, pc_wdata: 000e8104, insn: 0071d213, mode: 3, rs1_addr:  3, rs1_rdata: feffffbf, rs2_addr:  7, rs2_rdata: 003fbb6f, rd_addr:  4, rd_wdata: 6dfdffff, mem_addr: 6dfdffff, mem_rdata: 00000000, mem_wdata: 003fbb6f
ClkCycle:       7272, pc_rdata: 000e8104, pc_wdata: 000e8108, insn: 0391d793, mode: 3, rs1_addr:  3, rs1_rdata: feffffbf, rs2_addr: 25, rs2_rdata: 00000000, rd_addr: 15, rd_wdata: 01fddb7f, mem_addr: 01fddb7f, mem_rdata: 00000000, mem_wdata: 00000000
ClkCycle:       7273, pc_rdata: 000e8108, pc_wdata: 000e810c, insn: 00f26233, mode: 3, rs1_addr:  4, rs1_rdata: 6dfdffff, rs2_addr: 15, rs2_rdata: feedbfbf, rd_addr:  4, rd_wdata: 6dfdffff, mem_addr: 6dfdffff, mem_rdata: 00000000, mem_wdata: 01fddb7f
ClkCycle:       7274, pc_rdata: 000e810c, pc_wdata: 000e8110, insn: 00725293, mode: 3, rs1_addr:  4, rs1_rdata: 6dfdffff, rs2_addr:  7, rs2_rdata: 003fbb6f, rd_addr:  5, rd_wdata: eedbfbff, mem_addr: eedbfbff, mem_rdata: 00000000, mem_wdata: 003fbb6f
ClkCycle:       7275, pc_rdata: 000e8110, pc_wdata: 000e8114, insn: 03925793, mode: 3, rs1_addr:  4, rs1_rdata: 6dfdffff, rs2_addr: 25, rs2_rdata: 00000000, rd_addr: 15, rd_wdata: 0003fbb6, mem_addr: 0003fbb6, mem_rdata: 00000000, mem_wdata: 00000000
ClkCycle:       7276, pc_rdata: 000e8114, pc_wdata: 000e8118, insn: 00f2e2b3, mode: 3, rs1_addr:  5, rs1_rdata: eedbfbff, rs2_addr: 15, rs2_rdata: 01fddb7f, rd_addr:  5, rd_wdata: eedbfbff, mem_addr: eedbfbff, mem_rdata: 00000000, mem_wdata: 0003fbb6
ClkCycle:       7277, pc_rdata: 000e8118, pc_wdata: 000e811c, insn: 0072d313, mode: 3, rs1_addr:  5, rs1_rdata: eedbfbff, rs2_addr:  7, rs2_rdata: 003fbb6f, rd_addr:  6, rd_wdata: 1fddb7f7, mem_addr: 1fddb7f7, mem_rdata: 00000000, mem_wdata: 003fbb6f
ClkCycle:       7278, pc_rdata: 000e811c, pc_wdata: 000e8120, insn: 0392d793, mode: 3, rs1_addr:  5, rs1_rdata: eedbfbff, rs2_addr: 25, rs2_rdata: 00000000, rd_addr: 15, rd_wdata: 000007f7, mem_addr: 000007f7, mem_rdata: 00000000, mem_wdata: 00000000
ClkCycle:       7279, pc_rdata: 000e8120, pc_wdata: 000e8124, insn: 00f36333, mode: 3, rs1_addr:  6, rs1_rdata: 7fffe34d, rs2_addr: 15, rs2_rdata: 0003fbb6, rd_addr:  6, rd_wdata: 1fddb7f7, mem_addr: 1fddb7f7, mem_rdata: 00000000, mem_wdata: 000007f7
ClkCycle:       7280, pc_rdata: 000e8124, pc_wdata: 000e8128, insn: 00735393, mode: 3, rs1_addr:  6, rs1_rdata: 1fddb7f7, rs2_addr:  7, rs2_rdata: 003fbb6f, rd_addr:  7, rd_wdata: 003fbb6f, mem_addr: 003fbb6f, mem_rdata: 00000000, mem_wdata: 003fbb6f
ClkCycle:       7281, pc_rdata: 000e8128, pc_wdata: 000e812c, insn: 03935793, mode: 3, rs1_addr:  6, rs1_rdata: 1fddb7f7, rs2_addr: 25, rs2_rdata: 00000000, rd_addr: 15, rd_wdata: 0000000f, mem_addr: 0000000f, mem_rdata: 00000000, mem_wdata: 00000000
ClkCycle:       7282, pc_rdata: 000e812c, pc_wdata: 000e8130, insn: 00f3e3b3, mode: 3, rs1_addr:  7, rs1_rdata: 003fbb6f, rs2_addr: 15, rs2_rdata: 000007f7, rd_addr:  7, rd_wdata: 003fbb6f, mem_addr: 003fbb6f, mem_rdata: 00000000, mem_wdata: 0000000f
ClkCycle:       7283, pc_rdata: 000e8130, pc_wdata: 000e8134, insn: 0073d413, mode: 3, rs1_addr:  7, rs1_rdata: 003fbb6f, rs2_addr:  7, rs2_rdata: 003fbb6f, rd_addr:  8, rd_wdata: 00007f76, mem_addr: 00007f76, mem_rdata: 00000000, mem_wdata: 003fbb6f
ClkCycle:       7284, pc_rdata: 000e8134, pc_wdata: 000e8138, insn: 0393d793, mode: 3, rs1_addr:  7, rs1_rdata: 003fbb6f, rs2_addr: 25, rs2_rdata: 00000000, rd_addr: 15, rd_wdata: 00000000, mem_addr: 00000000, mem_rdata: 00000000, mem_wdata: 00000000
ClkCycle:       7285, pc_rdata: 000e8138, pc_wdata: 000e813c, insn: 00f46433, mode: 3, rs1_addr:  8, rs1_rdata: 7fffdfff, rs2_addr: 15, rs2_rdata: 0000000f, rd_addr:  8, rd_wdata: 00007f76, mem_addr: 00007f76, mem_rdata: 00000000, mem_wdata: 00000000
ClkCycle:       7286, pc_rdata: 000e813c, pc_wdata: 000e8140, insn: 00745493, mode: 3, rs1_addr:  8, rs1_rdata: 00007f76, rs2_addr:  7, rs2_rdata: 003fbb6f, rd_addr:  9, rd_wdata: 000000fe, mem_addr: 000000fe, mem_rdata: 00000000, mem_wdata: 003fbb6f
ClkCycle:       7287, pc_rdata: 000e8140, pc_wdata: 000e8144, insn: 03945793, mode: 3, rs1_addr:  8, rs1_rdata: 00007f76, rs2_addr: 25, rs2_rdata: 00000000, rd_addr: 15, rd_wdata: 00000000, mem_addr: 00000000, mem_rdata: 00000000, mem_wdata: 00000000
ClkCycle:       7288, pc_rdata: 000e8144, pc_wdata: 000e8148, insn: 00f4e4b3, mode: 3, rs1_addr:  9, rs1_rdata: 00000000, rs2_addr: 15, rs2_rdata: 00000000, rd_addr:  9, rd_wdata: 000000fe, mem_addr: 000000fe, mem_rdata: 00000000, mem_wdata: 00000000
ClkCycle:       7289, pc_rdata: 000e8148, pc_wdata: 000e814c, insn: 0074d513, mode: 3, rs1_addr:  9, rs1_rdata: 000000fe, rs2_addr:  7, rs2_rdata: 003fbb6f, rd_addr: 10, rd_wdata: 00000001, mem_addr: 00000001, mem_rdata: 00000000, mem_wdata: 003fbb6f
ClkCycle:       7290, pc_rdata: 000e814c, pc_wdata: 000e8150, insn: 0394d793, mode: 3, rs1_addr:  9, rs1_rdata: 000000fe, rs2_addr: 25, rs2_rdata: 00000000, rd_addr: 15, rd_wdata: 00000000, mem_addr: 00000000, mem_rdata: 00000000, mem_wdata: 00000000
ClkCycle:       7291, pc_rdata: 000e8150, pc_wdata: 000e8154, insn: 00f56533, mode: 3, rs1_addr: 10, rs1_rdata: 0001fdff, rs2_addr: 15, rs2_rdata: 00000000, rd_addr: 10, rd_wdata: 00000001, mem_addr: 00000001, mem_rdata: 00000000, mem_wdata: 00000000
ClkCycle:       7292, pc_rdata: 000e8154, pc_wdata: 000e8158, insn: 00755593, mode: 3, rs1_addr: 10, rs1_rdata: 00000001, rs2_addr:  7, rs2_rdata: 003fbb6f, rd_addr: 11, rd_wdata: 00000000, mem_addr: 00000000, mem_rdata: 00000000, mem_wdata: 003fbb6f
ClkCycle:       7293, pc_rdata: 000e8158, pc_wdata: 000e815c, insn: 03955793, mode: 3, rs1_addr: 10, rs1_rdata: 00000001, rs2_addr: 25, rs2_rdata: 00000000, rd_addr: 15, rd_wdata: 00000000, mem_addr: 00000000, mem_rdata: 00000000, mem_wdata: 00000000
ClkCycle:       7294, pc_rdata: 000e815c, pc_wdata: 000e8160, insn: 00f5e5b3, mode: 3, rs1_addr: 11, rs1_rdata: 00feedbc, rs2_addr: 15, rs2_rdata: 00000000, rd_addr: 11, rd_wdata: 00000000, mem_addr: 00000000, mem_rdata: 00000000, mem_wdata: 00000000
ClkCycle:       7295, pc_rdata: 000e8160, pc_wdata: 000e8164, insn: 0075d613, mode: 3, rs1_addr: 11, rs1_rdata: 00000000, rs2_addr:  7, rs2_rdata: 003fbb6f, rd_addr: 12, rd_wdata: 00000000, mem_addr: 00000000, mem_rdata: 00000000, mem_wdata: 003fbb6f
ClkCycle:       7296, pc_rdata: 000e8164, pc_wdata: 000e8168, insn: 0395d793, mode: 3, rs1_addr: 11, rs1_rdata: 00000000, rs2_addr: 25, rs2_rdata: 00000000, rd_addr: 15, rd_wdata: 00000000, mem_addr: 00000000, mem_rdata: 00000000, mem_wdata: 00000000
ClkCycle:       7297, pc_rdata: 000e8168, pc_wdata: 000e816c, insn: 00f66633, mode: 3, rs1_addr: 12, rs1_rdata: fbffff02, rs2_addr: 15, rs2_rdata: 00000000, rd_addr: 12, rd_wdata: 00000000, mem_addr: 00000000, mem_rdata: 00000000, mem_wdata: 00000000
ClkCycle:       7298, pc_rdata: 000e816c, pc_wdata: 000e8170, insn: 00765693, mode: 3, rs1_addr: 12, rs1_rdata: 00000000, rs2_addr:  7, rs2_rdata: 003fbb6f, rd_addr: 13, rd_wdata: 00000000, mem_addr: 00000000, mem_rdata: 00000000, mem_wdata: 003fbb6f
ClkCycle:       7299, pc_rdata: 000e8170, pc_wdata: 000e8174, insn: 03965793, mode: 3, rs1_addr: 12, rs1_rdata: 00000000, rs2_addr: 25, rs2_rdata: 00000000, rd_addr: 15, rd_wdata: 00000000, mem_addr: 00000000, mem_rdata: 00000000, mem_wdata: 00000000
ClkCycle:       7300, pc_rdata: 000e8174, pc_wdata: 000e8178, insn: 00f6e6b3, mode: 3, rs1_addr: 13, rs1_rdata: 1fff7fff, rs2_addr: 15, rs2_rdata: 00000000, rd_addr: 13, rd_wdata: 00000000, mem_addr: 00000000, mem_rdata: 00000000, mem_wdata: 00000000
ClkCycle:       7301, pc_rdata: 000e8178, pc_wdata: 000e817c, insn: 00000013, mode: 3, rs1_addr:  0, rs1_rdata: 00000000, rs2_addr:  0, rs2_rdata: 00000000, rd_addr:  0, rd_wdata: 00000000, mem_addr: 00000000, mem_rdata: 00000000, mem_wdata: 00000000
ClkCycle:       7302, pc_rdata: 000e817c, pc_wdata: 000e8180, insn: 00000013, mode: 3, rs1_addr:  0, rs1_rdata: 00000000, rs2_addr:  0, rs2_rdata: 00000000, rd_addr:  0, rd_wdata: 00000000, mem_addr: 00000000, mem_rdata: 00000000, mem_wdata: 00000000
ClkCycle:       7303, pc_rdata: 000e8180, pc_wdata: 000e8184, insn: 00003097, mode: 3, rs1_addr:  0, rs1_rdata: 00000000, rs2_addr:  0, rs2_rdata: 00000000, rd_addr:  1, rd_wdata: 000eb180, mem_addr: 000eb180, mem_rdata: 00000000, mem_wdata: 00000000
ClkCycle:       7304, pc_rdata: 000e8184, pc_wdata: 000e8188, insn: f9808093, mode: 3, rs1_addr:  1, rs1_rdata: feedbead, rs2_addr: 24, rs2_rdata: 0000007d, rd_addr:  1, rd_wdata: 000eb118, mem_addr: 000eb118, mem_rdata: 00000000, mem_wdata: 0000007d
ClkCycle:       7305, pc_rdata: 000e8188, pc_wdata: 000e818c, insn: 00000013, mode: 3, rs1_addr:  0, rs1_rdata: 00000000, rs2_addr:  0, rs2_rdata: 00000000, rd_addr:  0, rd_wdata: 00000000, mem_addr: 00000000, mem_rdata: 00000000, mem_wdata: 00000000
ClkCycle:       7306, pc_rdata: 000e818c, pc_wdata: 000e8190, insn: 00000013, mode: 3, rs1_addr:  0, rs1_rdata: 00000000, rs2_addr:  0, rs2_rdata: 00000000, rd_addr:  0, rd_wdata: 00000000, mem_addr: 00000000, mem_rdata: 00000000, mem_wdata: 00000000
ClkCycle:       7307, pc_rdata: 000e8190, pc_wdata: 000e8194, insn: 00000013, mode: 3, rs1_addr:  0, rs1_rdata: 00000000, rs2_addr:  0, rs2_rdata: 00000000, rd_addr:  0, rd_wdata: 00000000, mem_addr: 00000000, mem_rdata: 00000000, mem_wdata: 00000000
ClkCycle:       7308, pc_rdata: 000e8194, pc_wdata: 000e8198, insn: 00000013, mode: 3, rs1_addr:  0, rs1_rdata: 00000000, rs2_addr:  0, rs2_rdata: 00000000, rd_addr:  0, rd_wdata: 00000000, mem_addr: 00000000, mem_rdata: 00000000, mem_wdata: 00000000
ClkCycle:       7309, pc_rdata: 000e8198, pc_wdata: 000e819c, insn: 00000013, mode: 3, rs1_addr:  0, rs1_rdata: 00000000, rs2_addr:  0, rs2_rdata: 00000000, rd_addr:  0, rd_wdata: 00000000, mem_addr: 00000000, mem_rdata: 00000000, mem_wdata: 00000000
ClkCycle:       7310, pc_rdata: 000e819c, pc_wdata: 000e81a0, insn: 00000013, mode: 3, rs1_addr:  0, rs1_rdata: 00000000, rs2_addr:  0, rs2_rdata: 00000000, rd_addr:  0, rd_wdata: 00000000, mem_addr: 00000000, mem_rdata: 00000000, mem_wdata: 00000000
ClkCycle:       7311, pc_rdata: 000e81a0, pc_wdata: 000e81a4, insn: 00100693, mode: 3, rs1_addr:  0, rs1_rdata: 00000000, rs2_addr:  1, rs2_rdata: 000eb118, rd_addr: 13, rd_wdata: 00000001, mem_addr: 00000001, mem_rdata: 00000000, mem_wdata: 000eb118
ClkCycle:       7312, pc_rdata: 000e81a4, pc_wdata: 000e81a8, insn: 03269693, mode: 3, rs1_addr: 13, rs1_rdata: 00000000, rs2_addr: 18, rs2_rdata: ffdbffff, rd_addr: 13, rd_wdata: 00040000, mem_addr: 00040000, mem_rdata: 00000000, mem_wdata: ffdbffff
ClkCycle:       7313, pc_rdata: 000e81a8, pc_wdata: 000e81ac, insn: fff6c693, mode: 3, rs1_addr: 13, rs1_rdata: 00000000, rs2_addr: 31, rs2_rdata: 00000000, rd_addr: 13, rd_wdata: fffbffff, mem_addr: fffbffff, mem_rdata: 00000000, mem_wdata: 00000000
ClkCycle:       7314, pc_rdata: 000e81ac, pc_wdata: 000e81ae, insn: b023828d, mode: 3, rs1_addr: 13, rs1_rdata: 00000001, rs2_addr:  3, rs2_rdata: feffffbf, rd_addr: 13, rd_wdata: 1fff7fff, mem_addr: 1fff7fff, mem_rdata: 00000000, mem_wdata: feffffbf
ClkCycle:       7315, pc_rdata: 000e81ae, pc_wdata: 000e81b2, insn: b023828d, mode: 3, rs1_addr:  0, rs1_rdata: 00000000, rs2_addr:  0, rs2_rdata: 00000000, rd_addr:  0, rd_wdata: 00000000, mem_addr: 00000000, mem_rdata: 00000000, mem_wdata: 00000000
00000001000eb118
ClkCycle:       7316, pc_rdata: 000e81b2, pc_wdata: 000e81b6, insn: 95930010, mode: 3, rs1_addr:  1, rs1_rdata: 000eb118, rs2_addr:  1, rs2_rdata: 000eb118, rd_addr:  0, rd_wdata: 000eb118, mem_addr: 000eb118, mem_rdata: 00000000, mem_wdata: 000eb118
ClkCycle:       7317, pc_rdata: 000e81b6, pc_wdata: 000e81ba, insn: 95930010, mode: 3, rs1_addr:  0, rs1_rdata: 00000000, rs2_addr:  0, rs2_rdata: 00000000, rd_addr:  0, rd_wdata: 00000000, mem_addr: 00000000, mem_rdata: 00000000, mem_wdata: 00000000
ClkCycle:       7318, pc_rdata: 000e81ba, pc_wdata: 000e81be, insn: 00b0b423, mode: 3, rs1_addr:  7, rs1_rdata: 003fbb6f, rs2_addr:  2, rs2_rdata: 7fffdfff, rd_addr: 11, rd_wdata: 00feedbc, mem_addr: 00feedbc, mem_rdata: 00000000, mem_wdata: 7fffdfff
ClkCycle:       7319, pc_rdata: 000e81be, pc_wdata: 000e81c2, insn: 00b0b423, mode: 3, rs1_addr:  0, rs1_rdata: 00000000, rs2_addr:  0, rs2_rdata: 00000000, rd_addr:  0, rd_wdata: 00000000, mem_addr: 00000000, mem_rdata: 00000000, mem_wdata: 00000000
ClkCycle:       7320, pc_rdata: 000e81c2, pc_wdata: 000e81c4, insn: b8238215, mode: 3, rs1_addr:  2, rs1_rdata: 7fffdfff, rs2_addr:  8, rs2_rdata: 00007f76, rd_addr: 12, rd_wdata: 7fffe047, mem_addr: 7fffe047, mem_rdata: 00000000, mem_wdata: 00007f76
ClkCycle:       7321, pc_rdata: 000e81c4, pc_wdata: 000e81c6, insn: b8238215, mode: 3, rs1_addr: 12, rs1_rdata: 00000000, rs2_addr:  5, rs2_rdata: eedbfbff, rd_addr: 12, rd_wdata: fbffff02, mem_addr: fbffff02, mem_rdata: 00000000, mem_wdata: eedbfbff
ClkCycle:       7322, pc_rdata: 000e81c6, pc_wdata: 000e81ca, insn: b8238215, mode: 3, rs1_addr:  0, rs1_rdata: 00000000, rs2_addr:  0, rs2_rdata: 00000000, rd_addr:  0, rd_wdata: 00000000, mem_addr: 00000000, mem_rdata: 00000000, mem_wdata: 00000000
0000000000000000
ClkCycle:       7323, pc_rdata: 000e81ca, pc_wdata: 000e81ce, insn: 1513fff0, mode: 3, rs1_addr:  1, rs1_rdata: 000eb118, rs2_addr: 31, rs2_rdata: 00000000, rd_addr: 16, rd_wdata: 000eb108, mem_addr: 000eb108, mem_rdata: 00000000, mem_wdata: 00000000
ClkCycle:       7324, pc_rdata: 000e81ce, pc_wdata: 000e81d2, insn: 1513fff0, mode: 3, rs1_addr:  0, rs1_rdata: 00000000, rs2_addr:  0, rs2_rdata: 00000000, rd_addr:  0, rd_wdata: 00000000, mem_addr: 00000000, mem_rdata: 00000000, mem_wdata: 00000000
ClkCycle:       7325, pc_rdata: 000e81d2, pc_wdata: 000e81d6, insn: 00a0bc23, mode: 3, rs1_addr:  6, rs1_rdata: 1fddb7f7, rs2_addr:  2, rs2_rdata: 7fffdfff, rd_addr: 10, rd_wdata: 7f76dfdc, mem_addr: 7f76dfdc, mem_rdata: 00000000, mem_wdata: 7fffdfff
ClkCycle:       7326, pc_rdata: 000e81d6, pc_wdata: 000e81da, insn: 00a0bc23, mode: 3, rs1_addr:  0, rs1_rdata: 00000000, rs2_addr:  0, rs2_rdata: 00000000, rd_addr:  0, rd_wdata: 00000000, mem_addr: 00000000, mem_rdata: 00000000, mem_wdata: 00000000
ClkCycle:       7327, pc_rdata: 000e81da, pc_wdata: 000e81dc, insn: b023839d, mode: 3, rs1_addr:  2, rs1_rdata: 7fffdfff, rs2_addr:  8, rs2_rdata: 00007f76, rd_addr:  8, rd_wdata: 7fffe047, mem_addr: 7fffe047, mem_rdata: 00000000, mem_wdata: 00007f76
ClkCycle:       7328, pc_rdata: 000e81dc, pc_wdata: 000e81de, insn: b023839d, mode: 3, rs1_addr: 15, rs1_rdata: 00000000, rs2_addr:  7, rs2_rdata: 003fbb6f, rd_addr: 15, rd_wdata: 00000000, mem_addr: 00000000, mem_rdata: 00000000, mem_wdata: 003fbb6f
ClkCycle:       7329, pc_rdata: 000e81de, pc_wdata: 000e81e2, insn: b023839d, mode: 3, rs1_addr:  0, rs1_rdata: 00000000, rs2_addr:  0, rs2_rdata: 00000000, rd_addr:  0, rd_wdata: 00000000, mem_addr: 00000000, mem_rdata: 00000000, mem_wdata: 00000000
0000000000000000
ClkCycle:       7330, pc_rdata: 000e81e2, pc_wdata: 000e81e6, insn: 5713fff0, mode: 3, rs1_addr:  1, rs1_rdata: 000eb118, rs2_addr: 31, rs2_rdata: 00000000, rd_addr:  0, rd_wdata: 000eb0f8, mem_addr: 000eb0f8, mem_rdata: 00000000, mem_wdata: 00000000
ClkCycle:       7331, pc_rdata: 000e81e6, pc_wdata: 000e81ea, insn: 5713fff0, mode: 3, rs1_addr:  0, rs1_rdata: 00000000, rs2_addr:  0, rs2_rdata: 00000000, rd_addr:  0, rd_wdata: 00000000, mem_addr: 00000000, mem_rdata: 00000000, mem_wdata: 00000000
ClkCycle:       7332, pc_rdata: 000e81ea, pc_wdata: 000e81ee, insn: 02e0b423, mode: 3, rs1_addr:  6, rs1_rdata: 1fddb7f7, rs2_addr:  2, rs2_rdata: 7fffdfff, rd_addr: 14, rd_wdata: 07f76dfd, mem_addr: 07f76dfd, mem_rdata: 00000000, mem_wdata: 7fffdfff
ClkCycle:       7333, pc_rdata: 000e81ee, pc_wdata: 000e81f2, insn: 02e0b423, mode: 3, rs1_addr:  0, rs1_rdata: 00000000, rs2_addr:  0, rs2_rdata: 00000000, rd_addr:  0, rd_wdata: 00000000, mem_addr: 00000000, mem_rdata: 00000000, mem_wdata: 00000000
ClkCycle:       7334, pc_rdata: 000e81f2, pc_wdata: 000e81f4, insn: b82380a1, mode: 3, rs1_addr:  2, rs1_rdata: 7fffdfff, rs2_addr: 12, rs2_rdata: fbffff02, rd_addr:  8, rd_wdata: 7fffe14b, mem_addr: 7fffe14b, mem_rdata: 00000000, mem_wdata: fbffff02
ClkCycle:       7335, pc_rdata: 000e81f4, pc_wdata: 000e81f6, insn: b82380a1, mode: 3, rs1_addr:  9, rs1_rdata: 000000fe, rs2_addr:  8, rs2_rdata: 7fffe047, rd_addr:  9, rd_wdata: 00000000, mem_addr: 00000000, mem_rdata: 00000000, mem_wdata: 7fffe14b
ClkCycle:       7336, pc_rdata: 000e81f6, pc_wdata: 000e81fa, insn: b82380a1, mode: 3, rs1_addr:  0, rs1_rdata: 00000000, rs2_addr:  0, rs2_rdata: 00000000, rd_addr:  0, rd_wdata: 00000000, mem_addr: 00000000, mem_rdata: 00000000, mem_wdata: 00000000
01fddb7f7fffdfff
ClkCycle:       7337, pc_rdata: 000e81fa, pc_wdata: 000e81fe, insn: 80150020, mode: 3, rs1_addr:  1, rs1_rdata: 000eb118, rs2_addr:  2, rs2_rdata: 7fffdfff, rd_addr: 16, rd_wdata: 000eb128, mem_addr: 000eb128, mem_rdata: 00000000, mem_wdata: 7fffdfff
ClkCycle:       7338, pc_rdata: 000e81fe, pc_wdata: 000e8202, insn: 80150020, mode: 3, rs1_addr:  0, rs1_rdata: 00000000, rs2_addr:  0, rs2_rdata: 00000000, rd_addr:  0, rd_wdata: 00000000, mem_addr: 00000000, mem_rdata: 00000000, mem_wdata: 00000000
ClkCycle:       7339, pc_rdata: 000e8202, pc_wdata: 000e8204, insn: 00400513, mode: 3, rs1_addr:  8, rs1_rdata: 7fffe14b, rs2_addr:  5, rs2_rdata: eedbfbff, rd_addr:  8, rd_wdata: fbffff0a, mem_addr: fbffff0a, mem_rdata: 00000000, mem_wdata: eedbfbff
ClkCycle:       7340, pc_rdata: 000e8204, pc_wdata: 000e8208, insn: 00400513, mode: 3, rs1_addr:  0, rs1_rdata: 00000000, rs2_addr:  4, rs2_rdata: 6dfdffff, rd_addr: 10, rd_wdata: 00000004, mem_addr: 00000004, mem_rdata: 00000000, mem_wdata: 6dfdffff
ClkCycle:       7341, pc_rdata: 000e8208, pc_wdata: 000e820a, insn: b0239175, mode: 3, rs1_addr: 10, rs1_rdata: 7f76dfdc, rs2_addr: 29, rs2_rdata: 00000000, rd_addr: 10, rd_wdata: 00000000, mem_addr: 00000000, mem_rdata: 00000000, mem_wdata: 00000000
ClkCycle:       7342, pc_rdata: 000e820a, pc_wdata: 000e820e, insn: b0239175, mode: 3, rs1_addr:  0, rs1_rdata: 00000000, rs2_addr:  0, rs2_rdata: 00000000, rd_addr:  0, rd_wdata: 00000000, mem_addr: 00000000, mem_rdata: 00000000, mem_wdata: 00000000
000feedbfbffff0a
ClkCycle:       7343, pc_rdata: 000e820e, pc_wdata: 000e8212, insn: 915d0080, mode: 3, rs1_addr:  1, rs1_rdata: 000eb118, rs2_addr:  8, rs2_rdata: fbffff0a, rd_addr:  0, rd_wdata: 000eb118, mem_addr: 000eb118, mem_rdata: 00000000, mem_wdata: fbffff0a
ClkCycle:       7344, pc_rdata: 000e8212, pc_wdata: 000e8216, insn: 915d0080, mode: 3, rs1_addr:  0, rs1_rdata: 00000000, rs2_addr:  0, rs2_rdata: 00000000, rd_addr:  0, rd_wdata: 00000000, mem_addr: 00000000, mem_rdata: 00000000, mem_wdata: 00000000
ClkCycle:       7345, pc_rdata: 000e8216, pc_wdata: 000e8218, insn: 01000513, mode: 3, rs1_addr: 10, rs1_rdata: 00000000, rs2_addr: 23, rs2_rdata: 00003ead, rd_addr: 10, rd_wdata: 00000000, mem_addr: 00000000, mem_rdata: 00000000, mem_wdata: 00003ead
ClkCycle:       7346, pc_rdata: 000e8218, pc_wdata: 000e821c, insn: 01000513, mode: 3, rs1_addr:  0, rs1_rdata: 00000000, rs2_addr: 16, rs2_rdata: 7d5bfddb, rd_addr: 10, rd_wdata: 00000010, mem_addr: 00000010, mem_rdata: 00000000, mem_wdata: 7d5bfddb
ClkCycle:       7347, pc_rdata: 000e821c, pc_wdata: 000e821e, insn: b823917d, mode: 3, rs1_addr: 10, rs1_rdata: 00000000, rs2_addr: 31, rs2_rdata: 00000000, rd_addr: 10, rd_wdata: 00000000, mem_addr: 00000000, mem_rdata: 00000000, mem_wdata: 00000000
ClkCycle:       7348, pc_rdata: 000e821e, pc_wdata: 000e8222, insn: b823917d, mode: 3, rs1_addr:  0, rs1_rdata: 00000000, rs2_addr:  0, rs2_rdata: 00000000, rd_addr:  0, rd_wdata: 00000000, mem_addr: 00000000, mem_rdata: 00000000, mem_wdata: 00000000
0000000000000000
ClkCycle:       7349, pc_rdata: 000e8222, pc_wdata: 000e8226, insn: 916d0200, mode: 3, rs1_addr:  1, rs1_rdata: 000eb118, rs2_addr:  0, rs2_rdata: 00000000, rd_addr: 16, rd_wdata: 000eb148, mem_addr: 000eb148, mem_rdata: 00000000, mem_wdata: 00000000
ClkCycle:       7350, pc_rdata: 000e8226, pc_wdata: 000e822a, insn: 916d0200, mode: 3, rs1_addr:  0, rs1_rdata: 00000000, rs2_addr:  0, rs2_rdata: 00000000, rd_addr:  0, rd_wdata: 00000000, mem_addr: 00000000, mem_rdata: 00000000, mem_wdata: 00000000
ClkCycle:       7351, pc_rdata: 000e822a, pc_wdata: 000e822c, insn: 04000513, mode: 3, rs1_addr: 10, rs1_rdata: 00000000, rs2_addr: 27, rs2_rdata: 00000000, rd_addr: 10, rd_wdata: 00000000, mem_addr: 00000000, mem_rdata: 00000000, mem_wdata: 00000000
ClkCycle:       7352, pc_rdata: 000e822c, pc_wdata: 000e8230, insn: 04000513, mode: 3, rs1_addr:  0, rs1_rdata: 00000000, rs2_addr:  0, rs2_rdata: 00000000, rd_addr: 10, rd_wdata: 00000040, mem_addr: 00000040, mem_rdata: 00000000, mem_wdata: 00000000
ClkCycle:       7353, pc_rdata: 000e8230, pc_wdata: 000e8232, insn: b0238155, mode: 3, rs1_addr: 10, rs1_rdata: 00000000, rs2_addr: 21, rs2_rdata: 0fab7ffe, rd_addr: 10, rd_wdata: 00000000, mem_addr: 00000000, mem_rdata: 00000000, mem_wdata: 0fab7ffe
ClkCycle:       7354, pc_rdata: 000e8232, pc_wdata: 000e8236, insn: b0238155, mode: 3, rs1_addr:  0, rs1_rdata: 00000000, rs2_addr:  0, rs2_rdata: 00000000, rd_addr:  0, rd_wdata: 00000000, mem_addr: 00000000, mem_rdata: 00000000, mem_wdata: 00000000
0000000000000000
ClkCycle:       7355, pc_rdata: 000e8236, pc_wdata: 000e823a, insn: 81310800, mode: 3, rs1_addr:  1, rs1_rdata: 000eb118, rs2_addr:  0, rs2_rdata: 00000000, rd_addr:  0, rd_wdata: 000eb198, mem_addr: 000eb198, mem_rdata: 00000000, mem_wdata: 00000000
ClkCycle:       7356, pc_rdata: 000e823a, pc_wdata: 000e823e, insn: 81310800, mode: 3, rs1_addr:  0, rs1_rdata: 00000000, rs2_addr:  0, rs2_rdata: 00000000, rd_addr:  0, rd_wdata: 00000000, mem_addr: 00000000, mem_rdata: 00000000, mem_wdata: 00000000
ClkCycle:       7357, pc_rdata: 000e823e, pc_wdata: 000e8240, insn: 10000513, mode: 3, rs1_addr: 10, rs1_rdata: 00000000, rs2_addr: 12, rs2_rdata: fbffff02, rd_addr: 10, rd_wdata: 00000000, mem_addr: 00000000, mem_rdata: 00000000, mem_wdata: fbffff02
ClkCycle:       7358, pc_rdata: 000e8240, pc_wdata: 000e8244, insn: 10000513, mode: 3, rs1_addr:  0, rs1_rdata: 00000000, rs2_addr:  0, rs2_rdata: 00000000, rd_addr: 10, rd_wdata: 00000100, mem_addr: 00000100, mem_rdata: 00000000, mem_wdata: 00000000
ClkCycle:       7359, pc_rdata: 000e8244, pc_wdata: 000e8246, insn: b8238109, mode: 3, rs1_addr: 10, rs1_rdata: 00000000, rs2_addr:  2, rs2_rdata: 7fffdfff, rd_addr: 10, rd_wdata: 00000040, mem_addr: 00000040, mem_rdata: 00000000, mem_wdata: 7fffdfff
ClkCycle:       7360, pc_rdata: 000e8246, pc_wdata: 000e824a, insn: b8238109, mode: 3, rs1_addr:  0, rs1_rdata: 00000000, rs2_addr:  0, rs2_rdata: 00000000, rd_addr:  0, rd_wdata: 00000000, mem_addr: 00000000, mem_rdata: 00000000, mem_wdata: 00000000
0000000000000000
ClkCycle:       7361, pc_rdata: 000e824a, pc_wdata: 000e824e, insn: 916d2000, mode: 3, rs1_addr:  1, rs1_rdata: 000eb118, rs2_addr:  0, rs2_rdata: 00000000, rd_addr: 16, rd_wdata: 000eb328, mem_addr: 000eb328, mem_rdata: 00000000, mem_wdata: 00000000
ClkCycle:       7362, pc_rdata: 000e824e, pc_wdata: 000e8252, insn: 916d2000, mode: 3, rs1_addr:  0, rs1_rdata: 00000000, rs2_addr:  0, rs2_rdata: 00000000, rd_addr:  0, rd_wdata: 00000000, mem_addr: 00000000, mem_rdata: 00000000, mem_wdata: 00000000
ClkCycle:       7363, pc_rdata: 000e8252, pc_wdata: 000e8254, insn: 40000513, mode: 3, rs1_addr: 10, rs1_rdata: 00000040, rs2_addr: 27, rs2_rdata: 00000000, rd_addr: 10, rd_wdata: 00000000, mem_addr: 00000000, mem_rdata: 00000000, mem_wdata: 00000000
ClkCycle:       7364, pc_rdata: 000e8254, pc_wdata: 000e8258, insn: 40000513, mode: 3, rs1_addr:  0, rs1_rdata: 00000000, rs2_addr:  0, rs2_rdata: 00000000, rd_addr: 10, rd_wdata: 00000400, mem_addr: 00000400, mem_rdata: 00000000, mem_wdata: 00000000
ClkCycle:       7365, pc_rdata: 000e8258, pc_wdata: 000e825a, insn: b0238111, mode: 3, rs1_addr: 10, rs1_rdata: 00000040, rs2_addr:  4, rs2_rdata: 6dfdffff, rd_addr: 10, rd_wdata: 00000040, mem_addr: 00000040, mem_rdata: 00000000, mem_wdata: 6dfdffff
ClkCycle:       7366, pc_rdata: 000e825a, pc_wdata: 000e825e, insn: b0238111, mode: 3, rs1_addr:  0, rs1_rdata: 00000000, rs2_addr:  0, rs2_rdata: 00000000, rd_addr:  0, rd_wdata: 00000000, mem_addr: 00000000, mem_rdata: 00000000, mem_wdata: 00000000
00000001000eb118
ClkCycle:       7367, pc_rdata: 000e825e, pc_wdata: 000e8262, insn: 15130010, mode: 3, rs1_addr:  1, rs1_rdata: 000eb118, rs2_addr:  1, rs2_rdata: 000eb118, rd_addr:  0, rd_wdata: 000eb118, mem_addr: 000eb118, mem_rdata: 00000000, mem_wdata: 000eb118
ClkCycle:       7368, pc_rdata: 000e8262, pc_wdata: 000e8266, insn: 15130010, mode: 3, rs1_addr:  0, rs1_rdata: 00000000, rs2_addr:  0, rs2_rdata: 00000000, rd_addr:  0, rd_wdata: 00000000, mem_addr: 00000000, mem_rdata: 00000000, mem_wdata: 00000000
ClkCycle:       7369, pc_rdata: 000e8266, pc_wdata: 000e826a, insn: 08a0b423, mode: 3, rs1_addr:  6, rs1_rdata: 1fddb7f7, rs2_addr:  2, rs2_rdata: 7fffdfff, rd_addr: 10, rd_wdata: 7f76dfdc, mem_addr: 7f76dfdc, mem_rdata: 00000000, mem_wdata: 7fffdfff
ClkCycle:       7370, pc_rdata: 000e826a, pc_wdata: 000e826e, insn: 08a0b423, mode: 3, rs1_addr:  0, rs1_rdata: 00000000, rs2_addr:  0, rs2_rdata: 00000000, rd_addr:  0, rd_wdata: 00000000, mem_addr: 00000000, mem_rdata: 00000000, mem_wdata: 00000000
ClkCycle:       7371, pc_rdata: 000e826e, pc_wdata: 000e8270, insn: 00c51513, mode: 3, rs1_addr:  2, rs1_rdata: 7fffdfff, rs2_addr: 24, rs2_rdata: 0000007d, rd_addr:  8, rd_wdata: 7fffe057, mem_addr: 7fffe057, mem_rdata: 00000000, mem_wdata: 0000007d
ClkCycle:       7372, pc_rdata: 000e8270, pc_wdata: 000e8274, insn: 00c51513, mode: 3, rs1_addr: 10, rs1_rdata: 7f76dfdc, rs2_addr: 12, rs2_rdata: fbffff02, rd_addr: 10, rd_wdata: 6dfdc000, mem_addr: 6dfdc000, mem_rdata: 00000000, mem_wdata: fbffff02
ClkCycle:       7373, pc_rdata: 000e8274, pc_wdata: 000e8276, insn: b823810d, mode: 3, rs1_addr: 10, rs1_rdata: 7f76dfdc, rs2_addr:  3, rs2_rdata: feffffbf, rd_addr: 10, rd_wdata: edbfb800, mem_addr: edbfb800, mem_rdata: 00000000, mem_wdata: feffffbf
ClkCycle:       7374, pc_rdata: 000e8276, pc_wdata: 000e827a, insn: b823810d, mode: 3, rs1_addr:  0, rs1_rdata: 00000000, rs2_addr:  0, rs2_rdata: 00000000, rd_addr:  0, rd_wdata: 00000000, mem_addr: 00000000, mem_rdata: 00000000, mem_wdata: 00000000
00000001000eb118
ClkCycle:       7375, pc_rdata: 000e827a, pc_wdata: 000e827e, insn: 15130010, mode: 3, rs1_addr:  1, rs1_rdata: 000eb118, rs2_addr:  1, rs2_rdata: 000eb118, rd_addr: 16, rd_wdata: 000eb128, mem_addr: 000eb128, mem_rdata: 00000000, mem_wdata: 000eb118
ClkCycle:       7376, pc_rdata: 000e827e, pc_wdata: 000e8282, insn: 15130010, mode: 3, rs1_addr:  0, rs1_rdata: 00000000, rs2_addr:  0, rs2_rdata: 00000000, rd_addr:  0, rd_wdata: 00000000, mem_addr: 00000000, mem_rdata: 00000000, mem_wdata: 00000000
ClkCycle:       7377, pc_rdata: 000e8282, pc_wdata: 000e8286, insn: 08a0bc23, mode: 3, rs1_addr:  6, rs1_rdata: 1fddb7f7, rs2_addr:  2, rs2_rdata: 7fffdfff, rd_addr: 10, rd_wdata: 7f76dfdc, mem_addr: 7f76dfdc, mem_rdata: 00000000, mem_wdata: 7fffdfff
ClkCycle:       7378, pc_rdata: 000e8286, pc_wdata: 000e828a, insn: 08a0bc23, mode: 3, rs1_addr:  0, rs1_rdata: 00000000, rs2_addr:  0, rs2_rdata: 00000000, rd_addr:  0, rd_wdata: 00000000, mem_addr: 00000000, mem_rdata: 00000000, mem_wdata: 00000000
ClkCycle:       7379, pc_rdata: 000e828a, pc_wdata: 000e828c, insn: 00e51513, mode: 3, rs1_addr:  2, rs1_rdata: 7fffdfff, rs2_addr: 24, rs2_rdata: 0000007d, rd_addr:  8, rd_wdata: 7fffe057, mem_addr: 7fffe057, mem_rdata: 00000000, mem_wdata: 0000007d
ClkCycle:       7380, pc_rdata: 000e828c, pc_wdata: 000e8290, insn: 00e51513, mode: 3, rs1_addr: 10, rs1_rdata: 7f76dfdc, rs2_addr: 14, rs2_rdata: 07f76dfd, rd_addr: 10, rd_wdata: b7f70000, mem_addr: b7f70000, mem_rdata: 00000000, mem_wdata: 07f76dfd
ClkCycle:       7381, pc_rdata: 000e8290, pc_wdata: 000e8292, insn: b0239175, mode: 3, rs1_addr: 10, rs1_rdata: 7f76dfdc, rs2_addr: 29, rs2_rdata: 00000000, rd_addr: 10, rd_wdata: 0000feed, mem_addr: 0000feed, mem_rdata: 00000000, mem_wdata: 00000000
ClkCycle:       7382, pc_rdata: 000e8292, pc_wdata: 000e8296, insn: b0239175, mode: 3, rs1_addr:  0, rs1_rdata: 00000000, rs2_addr:  0, rs2_rdata: 00000000, rd_addr:  0, rd_wdata: 00000000, mem_addr: 00000000, mem_rdata: 00000000, mem_wdata: 00000000
00000001000eb118
ClkCycle:       7383, pc_rdata: 000e8296, pc_wdata: 000e829a, insn: 15130010, mode: 3, rs1_addr:  1, rs1_rdata: 000eb118, rs2_addr:  1, rs2_rdata: 000eb118, rd_addr:  0, rd_wdata: 000eb118, mem_addr: 000eb118, mem_rdata: 00000000, mem_wdata: 000eb118
ClkCycle:       7384, pc_rdata: 000e829a, pc_wdata: 000e829e, insn: 15130010, mode: 3, rs1_addr:  0, rs1_rdata: 00000000, rs2_addr:  0, rs2_rdata: 00000000, rd_addr:  0, rd_wdata: 00000000, mem_addr: 00000000, mem_rdata: 00000000, mem_wdata: 00000000
ClkCycle:       7385, pc_rdata: 000e829e, pc_wdata: 000e82a2, insn: 0aa0b423, mode: 3, rs1_addr:  6, rs1_rdata: 1fddb7f7, rs2_addr:  2, rs2_rdata: 7fffdfff, rd_addr: 10, rd_wdata: 7f76dfdc, mem_addr: 7f76dfdc, mem_rdata: 00000000, mem_wdata: 7fffdfff
ClkCycle:       7386, pc_rdata: 000e82a2, pc_wdata: 000e82a6, insn: 0aa0b423, mode: 3, rs1_addr:  0, rs1_rdata: 00000000, rs2_addr:  0, rs2_rdata: 00000000, rd_addr:  0, rd_wdata: 00000000, mem_addr: 00000000, mem_rdata: 00000000, mem_wdata: 00000000
ClkCycle:       7387, pc_rdata: 000e82a6, pc_wdata: 000e82a8, insn: 01051513, mode: 3, rs1_addr:  2, rs1_rdata: 7fffdfff, rs2_addr: 24, rs2_rdata: 0000007d, rd_addr:  8, rd_wdata: 7fffe157, mem_addr: 7fffe157, mem_rdata: 00000000, mem_wdata: 0000007d
ClkCycle:       7388, pc_rdata: 000e82a8, pc_wdata: 000e82ac, insn: 01051513, mode: 3, rs1_addr: 10, rs1_rdata: 7f76dfdc, rs2_addr: 16, rs2_rdata: 7d5bfddb, rd_addr: 10, rd_wdata: dfdc0000, mem_addr: dfdc0000, mem_rdata: 00000000, mem_wdata: 7d5bfddb
ClkCycle:       7389, pc_rdata: 000e82ac, pc_wdata: 000e82ae, insn: b823810d, mode: 3, rs1_addr: 10, rs1_rdata: 7f76dfdc, rs2_addr:  3, rs2_rdata: feffffbf, rd_addr: 10, rd_wdata: dbfb8000, mem_addr: dbfb8000, mem_rdata: 00000000, mem_wdata: feffffbf
ClkCycle:       7390, pc_rdata: 000e82ae, pc_wdata: 000e82b2, insn: b823810d, mode: 3, rs1_addr:  0, rs1_rdata: 00000000, rs2_addr:  0, rs2_rdata: 00000000, rd_addr:  0, rd_wdata: 00000000, mem_addr: 00000000, mem_rdata: 00000000, mem_wdata: 00000000
00000001000eb118
ClkCycle:       7391, pc_rdata: 000e82b2, pc_wdata: 000e82b6, insn: 15130010, mode: 3, rs1_addr:  1, rs1_rdata: 000eb118, rs2_addr:  1, rs2_rdata: 000eb118, rd_addr: 16, rd_wdata: 000eb128, mem_addr: 000eb128, mem_rdata: 00000000, mem_wdata: 000eb118
ClkCycle:       7392, pc_rdata: 000e82b6, pc_wdata: 000e82ba, insn: 15130010, mode: 3, rs1_addr:  0, rs1_rdata: 00000000, rs2_addr:  0, rs2_rdata: 00000000, rd_addr:  0, rd_wdata: 00000000, mem_addr: 00000000, mem_rdata: 00000000, mem_wdata: 00000000
ClkCycle:       7393, pc_rdata: 000e82ba, pc_wdata: 000e82be, insn: 0aa0bc23, mode: 3, rs1_addr:  6, rs1_rdata: 1fddb7f7, rs2_addr:  2, rs2_rdata: 7fffdfff, rd_addr: 10, rd_wdata: 7f76dfdc, mem_addr: 7f76dfdc, mem_rdata: 00000000, mem_wdata: 7fffdfff
ClkCycle:       7394, pc_rdata: 000e82be, pc_wdata: 000e82c2, insn: 0aa0bc23, mode: 3, rs1_addr:  0, rs1_rdata: 00000000, rs2_addr:  0, rs2_rdata: 00000000, rd_addr:  0, rd_wdata: 00000000, mem_addr: 00000000, mem_rdata: 00000000, mem_wdata: 00000000
ClkCycle:       7395, pc_rdata: 000e82c2, pc_wdata: 000e82c4, insn: 01251513, mode: 3, rs1_addr:  2, rs1_rdata: 7fffdfff, rs2_addr: 24, rs2_rdata: 0000007d, rd_addr:  8, rd_wdata: 7fffe157, mem_addr: 7fffe157, mem_rdata: 00000000, mem_wdata: 0000007d
ClkCycle:       7396, pc_rdata: 000e82c4, pc_wdata: 000e82c8, insn: 01251513, mode: 3, rs1_addr: 10, rs1_rdata: 7f76dfdc, rs2_addr: 18, rs2_rdata: ffdbffff, rd_addr: 10, rd_wdata: 7f700000, mem_addr: 7f700000, mem_rdata: 00000000, mem_wdata: ffdbffff
ClkCycle:       7397, pc_rdata: 000e82c8, pc_wdata: 000e82ca, insn: b023817d, mode: 3, rs1_addr: 10, rs1_rdata: 7f76dfdc, rs2_addr: 31, rs2_rdata: 00000000, rd_addr: 10, rd_wdata: 0003fbb6, mem_addr: 0003fbb6, mem_rdata: 00000000, mem_wdata: 00000000
ClkCycle:       7398, pc_rdata: 000e82ca, pc_wdata: 000e82ce, insn: b023817d, mode: 3, rs1_addr:  0, rs1_rdata: 00000000, rs2_addr:  0, rs2_rdata: 00000000, rd_addr:  0, rd_wdata: 00000000, mem_addr: 00000000, mem_rdata: 00000000, mem_wdata: 00000000
00000001000eb118
ClkCycle:       7399, pc_rdata: 000e82ce, pc_wdata: 000e82d2, insn: 15130010, mode: 3, rs1_addr:  1, rs1_rdata: 000eb118, rs2_addr:  1, rs2_rdata: 000eb118, rd_addr:  0, rd_wdata: 000eb118, mem_addr: 000eb118, mem_rdata: 00000000, mem_wdata: 000eb118
ClkCycle:       7400, pc_rdata: 000e82d2, pc_wdata: 000e82d6, insn: 15130010, mode: 3, rs1_addr:  0, rs1_rdata: 00000000, rs2_addr:  0, rs2_rdata: 00000000, rd_addr:  0, rd_wdata: 00000000, mem_addr: 00000000, mem_rdata: 00000000, mem_wdata: 00000000
ClkCycle:       7401, pc_rdata: 000e82d6, pc_wdata: 000e82da, insn: 0ca0b423, mode: 3, rs1_addr:  6, rs1_rdata: 1fddb7f7, rs2_addr:  2, rs2_rdata: 7fffdfff, rd_addr: 10, rd_wdata: 7f76dfdc, mem_addr: 7f76dfdc, mem_rdata: 00000000, mem_wdata: 7fffdfff
ClkCycle:       7402, pc_rdata: 000e82da, pc_wdata: 000e82de, insn: 0ca0b423, mode: 3, rs1_addr:  0, rs1_rdata: 00000000, rs2_addr:  0, rs2_rdata: 00000000, rd_addr:  0, rd_wdata: 00000000, mem_addr: 00000000, mem_rdata: 00000000, mem_wdata: 00000000
ClkCycle:       7403, pc_rdata: 000e82de, pc_wdata: 000e82e0, insn: 01451513, mode: 3, rs1_addr:  2, rs1_rdata: 7fffdfff, rs2_addr: 24, rs2_rdata: 0000007d, rd_addr:  8, rd_wdata: 7fffe257, mem_addr: 7fffe257, mem_rdata: 00000000, mem_wdata: 0000007d
ClkCycle:       7404, pc_rdata: 000e82e0, pc_wdata: 000e82e4, insn: 01451513, mode: 3, rs1_addr: 10, rs1_rdata: 7f76dfdc, rs2_addr: 20, rs2_rdata: d5bfff6f, rd_addr: 10, rd_wdata: fdc00000, mem_addr: fdc00000, mem_rdata: 00000000, mem_wdata: d5bfff6f
ClkCycle:       7405, pc_rdata: 000e82e4, pc_wdata: 000e82e6, insn: b823813d, mode: 3, rs1_addr: 10, rs1_rdata: 7f76dfdc, rs2_addr: 15, rs2_rdata: 00000000, rd_addr: 10, rd_wdata: eedbfb80, mem_addr: eedbfb80, mem_rdata: 00000000, mem_wdata: 00000000
ClkCycle:       7406, pc_rdata: 000e82e6, pc_wdata: 000e82ea, insn: b823813d, mode: 3, rs1_addr:  0, rs1_rdata: 00000000, rs2_addr:  0, rs2_rdata: 00000000, rd_addr:  0, rd_wdata: 00000000, mem_addr: 00000000, mem_rdata: 00000000, mem_wdata: 00000000
00000001000eb118
ClkCycle:       7407, pc_rdata: 000e82ea, pc_wdata: 000e82ee, insn: 15130010, mode: 3, rs1_addr:  1, rs1_rdata: 000eb118, rs2_addr:  1, rs2_rdata: 000eb118, rd_addr: 16, rd_wdata: 000eb128, mem_addr: 000eb128, mem_rdata: 00000000, mem_wdata: 000eb118
ClkCycle:       7408, pc_rdata: 000e82ee, pc_wdata: 000e82f2, insn: 15130010, mode: 3, rs1_addr:  0, rs1_rdata: 00000000, rs2_addr:  0, rs2_rdata: 00000000, rd_addr:  0, rd_wdata: 00000000, mem_addr: 00000000, mem_rdata: 00000000, mem_wdata: 00000000
ClkCycle:       7409, pc_rdata: 000e82f2, pc_wdata: 000e82f6, insn: 0ca0bc23, mode: 3, rs1_addr:  6, rs1_rdata: 1fddb7f7, rs2_addr:  2, rs2_rdata: 7fffdfff, rd_addr: 10, rd_wdata: 7f76dfdc, mem_addr: 7f76dfdc, mem_rdata: 00000000, mem_wdata: 7fffdfff
ClkCycle:       7410, pc_rdata: 000e82f6, pc_wdata: 000e82fa, insn: 0ca0bc23, mode: 3, rs1_addr:  0, rs1_rdata: 00000000, rs2_addr:  0, rs2_rdata: 00000000, rd_addr:  0, rd_wdata: 00000000, mem_addr: 00000000, mem_rdata: 00000000, mem_wdata: 00000000
ClkCycle:       7411, pc_rdata: 000e82fa, pc_wdata: 000e82fc, insn: 01651513, mode: 3, rs1_addr:  2, rs1_rdata: 7fffdfff, rs2_addr: 24, rs2_rdata: 0000007d, rd_addr:  8, rd_wdata: 7fffe257, mem_addr: 7fffe257, mem_rdata: 00000000, mem_wdata: 0000007d
ClkCycle:       7412, pc_rdata: 000e82fc, pc_wdata: 000e8300, insn: 01651513, mode: 3, rs1_addr: 10, rs1_rdata: 7f76dfdc, rs2_addr: 22, rs2_rdata: 001f56ff, rd_addr: 10, rd_wdata: f7000000, mem_addr: f7000000, mem_rdata: 00000000, mem_wdata: 001f56ff
ClkCycle:       7413, pc_rdata: 000e8300, pc_wdata: 000e8302, insn: b0238111, mode: 3, rs1_addr: 10, rs1_rdata: 7f76dfdc, rs2_addr:  4, rs2_rdata: 6dfdffff, rd_addr: 10, rd_wdata: 7f700000, mem_addr: 7f700000, mem_rdata: 00000000, mem_wdata: 6dfdffff
ClkCycle:       7414, pc_rdata: 000e8302, pc_wdata: 000e8306, insn: b0238111, mode: 3, rs1_addr:  0, rs1_rdata: 00000000, rs2_addr:  0, rs2_rdata: 00000000, rd_addr:  0, rd_wdata: 00000000, mem_addr: 00000000, mem_rdata: 00000000, mem_wdata: 00000000
00000001000eb118
ClkCycle:       7415, pc_rdata: 000e8306, pc_wdata: 000e830a, insn: 15130010, mode: 3, rs1_addr:  1, rs1_rdata: 000eb118, rs2_addr:  1, rs2_rdata: 000eb118, rd_addr:  0, rd_wdata: 000eb118, mem_addr: 000eb118, mem_rdata: 00000000, mem_wdata: 000eb118
ClkCycle:       7416, pc_rdata: 000e830a, pc_wdata: 000e830e, insn: 15130010, mode: 3, rs1_addr:  0, rs1_rdata: 00000000, rs2_addr:  0, rs2_rdata: 00000000, rd_addr:  0, rd_wdata: 00000000, mem_addr: 00000000, mem_rdata: 00000000, mem_wdata: 00000000
ClkCycle:       7417, pc_rdata: 000e830e, pc_wdata: 000e8312, insn: 0ea0b423, mode: 3, rs1_addr:  6, rs1_rdata: 1fddb7f7, rs2_addr:  2, rs2_rdata: 7fffdfff, rd_addr: 10, rd_wdata: 7f76dfdc, mem_addr: 7f76dfdc, mem_rdata: 00000000, mem_wdata: 7fffdfff
ClkCycle:       7418, pc_rdata: 000e8312, pc_wdata: 000e8316, insn: 0ea0b423, mode: 3, rs1_addr:  0, rs1_rdata: 00000000, rs2_addr:  0, rs2_rdata: 00000000, rd_addr:  0, rd_wdata: 00000000, mem_addr: 00000000, mem_rdata: 00000000, mem_wdata: 00000000
ClkCycle:       7419, pc_rdata: 000e8316, pc_wdata: 000e8318, insn: 01851513, mode: 3, rs1_addr:  2, rs1_rdata: 7fffdfff, rs2_addr: 24, rs2_rdata: 0000007d, rd_addr:  8, rd_wdata: 7fffe357, mem_addr: 7fffe357, mem_rdata: 00000000, mem_wdata: 0000007d
ClkCycle:       7420, pc_rdata: 000e8318, pc_wdata: 000e831c, insn: 01851513, mode: 3, rs1_addr: 10, rs1_rdata: 7f76dfdc, rs2_addr: 24, rs2_rdata: 0000007d, rd_addr: 10, rd_wdata: dc000000, mem_addr: dc000000, mem_rdata: 00000000, mem_wdata: 0000007d
ClkCycle:       7421, pc_rdata: 000e831c, pc_wdata: 000e831e, insn: b8238135, mode: 3, rs1_addr: 10, rs1_rdata: 7f76dfdc, rs2_addr: 13, rs2_rdata: 1fff7fff, rd_addr: 10, rd_wdata: b6fee000, mem_addr: b6fee000, mem_rdata: 00000000, mem_wdata: 1fff7fff
ClkCycle:       7422, pc_rdata: 000e831e, pc_wdata: 000e8322, insn: b8238135, mode: 3, rs1_addr:  0, rs1_rdata: 00000000, rs2_addr:  0, rs2_rdata: 00000000, rd_addr:  0, rd_wdata: 00000000, mem_addr: 00000000, mem_rdata: 00000000, mem_wdata: 00000000
00000001000eb118
ClkCycle:       7423, pc_rdata: 000e8322, pc_wdata: 000e8326, insn: 15130010, mode: 3, rs1_addr:  1, rs1_rdata: 000eb118, rs2_addr:  1, rs2_rdata: 000eb118, rd_addr: 16, rd_wdata: 000eb128, mem_addr: 000eb128, mem_rdata: 00000000, mem_wdata: 000eb118
ClkCycle:       7424, pc_rdata: 000e8326, pc_wdata: 000e832a, insn: 15130010, mode: 3, rs1_addr:  0, rs1_rdata: 00000000, rs2_addr:  0, rs2_rdata: 00000000, rd_addr:  0, rd_wdata: 00000000, mem_addr: 00000000, mem_rdata: 00000000, mem_wdata: 00000000
ClkCycle:       7425, pc_rdata: 000e832a, pc_wdata: 000e832e, insn: 0ea0bc23, mode: 3, rs1_addr:  6, rs1_rdata: 1fddb7f7, rs2_addr:  2, rs2_rdata: 7fffdfff, rd_addr: 10, rd_wdata: 7f76dfdc, mem_addr: 7f76dfdc, mem_rdata: 00000000, mem_wdata: 7fffdfff
ClkCycle:       7426, pc_rdata: 000e832e, pc_wdata: 000e8332, insn: 0ea0bc23, mode: 3, rs1_addr:  0, rs1_rdata: 00000000, rs2_addr:  0, rs2_rdata: 00000000, rd_addr:  0, rd_wdata: 00000000, mem_addr: 00000000, mem_rdata: 00000000, mem_wdata: 00000000
ClkCycle:       7427, pc_rdata: 000e8332, pc_wdata: 000e8334, insn: 01a51513, mode: 3, rs1_addr:  2, rs1_rdata: 7fffdfff, rs2_addr: 24, rs2_rdata: 0000007d, rd_addr:  8, rd_wdata: 7fffe357, mem_addr: 7fffe357, mem_rdata: 00000000, mem_wdata: 0000007d
ClkCycle:       7428, pc_rdata: 000e8334, pc_wdata: 000e8338, insn: 01a51513, mode: 3, rs1_addr: 10, rs1_rdata: 7f76dfdc, rs2_addr: 26, rs2_rdata: 00000000, rd_addr: 10, rd_wdata: 70000000, mem_addr: 70000000, mem_rdata: 00000000, mem_wdata: 00000000
ClkCycle:       7429, pc_rdata: 000e8338, pc_wdata: 000e833a, insn: b0238141, mode: 3, rs1_addr: 10, rs1_rdata: 7f76dfdc, rs2_addr: 16, rs2_rdata: 7d5bfddb, rd_addr: 10, rd_wdata: db7f7000, mem_addr: db7f7000, mem_rdata: 00000000, mem_wdata: 7d5bfddb
ClkCycle:       7430, pc_rdata: 000e833a, pc_wdata: 000e833e, insn: b0238141, mode: 3, rs1_addr:  0, rs1_rdata: 00000000, rs2_addr:  0, rs2_rdata: 00000000, rd_addr:  0, rd_wdata: 00000000, mem_addr: 00000000, mem_rdata: 00000000, mem_wdata: 00000000
00000001000eb118
ClkCycle:       7431, pc_rdata: 000e833e, pc_wdata: 000e8342, insn: 15130010, mode: 3, rs1_addr:  1, rs1_rdata: 000eb118, rs2_addr:  1, rs2_rdata: 000eb118, rd_addr:  0, rd_wdata: 000eb118, mem_addr: 000eb118, mem_rdata: 00000000, mem_wdata: 000eb118
ClkCycle:       7432, pc_rdata: 000e8342, pc_wdata: 000e8346, insn: 15130010, mode: 3, rs1_addr:  0, rs1_rdata: 00000000, rs2_addr:  0, rs2_rdata: 00000000, rd_addr:  0, rd_wdata: 00000000, mem_addr: 00000000, mem_rdata: 00000000, mem_wdata: 00000000
ClkCycle:       7433, pc_rdata: 000e8346, pc_wdata: 000e834a, insn: 10a0b423, mode: 3, rs1_addr:  6, rs1_rdata: 1fddb7f7, rs2_addr:  2, rs2_rdata: 7fffdfff, rd_addr: 10, rd_wdata: 7f76dfdc, mem_addr: 7f76dfdc, mem_rdata: 00000000, mem_wdata: 7fffdfff
ClkCycle:       7434, pc_rdata: 000e834a, pc_wdata: 000e834e, insn: 10a0b423, mode: 3, rs1_addr:  0, rs1_rdata: 00000000, rs2_addr:  0, rs2_rdata: 00000000, rd_addr:  0, rd_wdata: 00000000, mem_addr: 00000000, mem_rdata: 00000000, mem_wdata: 00000000
ClkCycle:       7435, pc_rdata: 000e834e, pc_wdata: 000e8350, insn: 01c51513, mode: 3, rs1_addr:  2, rs1_rdata: 7fffdfff, rs2_addr:  8, rs2_rdata: 7fffe357, rd_addr:  8, rd_wdata: 7fffe067, mem_addr: 7fffe067, mem_rdata: 00000000, mem_wdata: 7fffe357
ClkCycle:       7436, pc_rdata: 000e8350, pc_wdata: 000e8354, insn: 01c51513, mode: 3, rs1_addr: 10, rs1_rdata: 7f76dfdc, rs2_addr: 28, rs2_rdata: 00000000, rd_addr: 10, rd_wdata: c0000000, mem_addr: c0000000, mem_rdata: 00000000, mem_wdata: 00000000
ClkCycle:       7437, pc_rdata: 000e8354, pc_wdata: 000e8356, insn: b823811d, mode: 3, rs1_addr: 10, rs1_rdata: 7f76dfdc, rs2_addr:  7, rs2_rdata: 003fbb6f, rd_addr: 10, rd_wdata: fb800000, mem_addr: fb800000, mem_rdata: 00000000, mem_wdata: 003fbb6f
ClkCycle:       7438, pc_rdata: 000e8356, pc_wdata: 000e835a, insn: b823811d, mode: 3, rs1_addr:  0, rs1_rdata: 00000000, rs2_addr:  0, rs2_rdata: 00000000, rd_addr:  0, rd_wdata: 00000000, mem_addr: 00000000, mem_rdata: 00000000, mem_wdata: 00000000
00000001000eb118
ClkCycle:       7439, pc_rdata: 000e835a, pc_wdata: 000e835e, insn: 15130010, mode: 3, rs1_addr:  1, rs1_rdata: 000eb118, rs2_addr:  1, rs2_rdata: 000eb118, rd_addr: 16, rd_wdata: 000eb128, mem_addr: 000eb128, mem_rdata: 00000000, mem_wdata: 000eb118
ClkCycle:       7440, pc_rdata: 000e835e, pc_wdata: 000e8362, insn: 15130010, mode: 3, rs1_addr:  0, rs1_rdata: 00000000, rs2_addr:  0, rs2_rdata: 00000000, rd_addr:  0, rd_wdata: 00000000, mem_addr: 00000000, mem_rdata: 00000000, mem_wdata: 00000000
ClkCycle:       7441, pc_rdata: 000e8362, pc_wdata: 000e8366, insn: 10a0bc23, mode: 3, rs1_addr:  6, rs1_rdata: 1fddb7f7, rs2_addr:  2, rs2_rdata: 7fffdfff, rd_addr: 10, rd_wdata: 7f76dfdc, mem_addr: 7f76dfdc, mem_rdata: 00000000, mem_wdata: 7fffdfff
ClkCycle:       7442, pc_rdata: 000e8366, pc_wdata: 000e836a, insn: 10a0bc23, mode: 3, rs1_addr:  0, rs1_rdata: 00000000, rs2_addr:  0, rs2_rdata: 00000000, rd_addr:  0, rd_wdata: 00000000, mem_addr: 00000000, mem_rdata: 00000000, mem_wdata: 00000000
ClkCycle:       7443, pc_rdata: 000e836a, pc_wdata: 000e836c, insn: 01f51513, mode: 3, rs1_addr:  2, rs1_rdata: 7fffdfff, rs2_addr:  8, rs2_rdata: 7fffe067, rd_addr:  8, rd_wdata: 7fffe067, mem_addr: 7fffe067, mem_rdata: 00000000, mem_wdata: 7fffe067
ClkCycle:       7444, pc_rdata: 000e836c, pc_wdata: 000e8370, insn: 01f51513, mode: 3, rs1_addr: 10, rs1_rdata: 7f76dfdc, rs2_addr: 31, rs2_rdata: 00000000, rd_addr: 10, rd_wdata: 00000000, mem_addr: 00000000, mem_rdata: 00000000, mem_wdata: 00000000
ClkCycle:       7445, pc_rdata: 000e8370, pc_wdata: 000e8372, insn: b0238125, mode: 3, rs1_addr: 10, rs1_rdata: 7f76dfdc, rs2_addr:  9, rs2_rdata: 00000000, rd_addr: 10, rd_wdata: f7000000, mem_addr: f7000000, mem_rdata: 00000000, mem_wdata: 00000000
ClkCycle:       7446, pc_rdata: 000e8372, pc_wdata: 000e8376, insn: b0238125, mode: 3, rs1_addr:  0, rs1_rdata: 00000000, rs2_addr:  0, rs2_rdata: 00000000, rd_addr:  0, rd_wdata: 00000000, mem_addr: 00000000, mem_rdata: 00000000, mem_wdata: 00000000
00000001000eb118
ClkCycle:       7447, pc_rdata: 000e8376, pc_wdata: 000e837a, insn: 15130010, mode: 3, rs1_addr:  1, rs1_rdata: 000eb118, rs2_addr:  1, rs2_rdata: 000eb118, rd_addr:  0, rd_wdata: 000eb118, mem_addr: 000eb118, mem_rdata: 00000000, mem_wdata: 000eb118
ClkCycle:       7448, pc_rdata: 000e837a, pc_wdata: 000e837e, insn: 15130010, mode: 3, rs1_addr:  0, rs1_rdata: 00000000, rs2_addr:  0, rs2_rdata: 00000000, rd_addr:  0, rd_wdata: 00000000, mem_addr: 00000000, mem_rdata: 00000000, mem_wdata: 00000000
ClkCycle:       7449, pc_rdata: 000e837e, pc_wdata: 000e8382, insn: 12a0b423, mode: 3, rs1_addr:  6, rs1_rdata: 1fddb7f7, rs2_addr:  2, rs2_rdata: 7fffdfff, rd_addr: 10, rd_wdata: 7f76dfdc, mem_addr: 7f76dfdc, mem_rdata: 00000000, mem_wdata: 7fffdfff
ClkCycle:       7450, pc_rdata: 000e8382, pc_wdata: 000e8386, insn: 12a0b423, mode: 3, rs1_addr:  0, rs1_rdata: 00000000, rs2_addr:  0, rs2_rdata: 00000000, rd_addr:  0, rd_wdata: 00000000, mem_addr: 00000000, mem_rdata: 00000000, mem_wdata: 00000000
ClkCycle:       7451, pc_rdata: 000e8386, pc_wdata: 000e8388, insn: 02151513, mode: 3, rs1_addr:  2, rs1_rdata: 7fffdfff, rs2_addr:  8, rs2_rdata: 7fffe067, rd_addr:  8, rd_wdata: 7fffe167, mem_addr: 7fffe167, mem_rdata: 00000000, mem_wdata: 7fffe067
ClkCycle:       7452, pc_rdata: 000e8388, pc_wdata: 000e838c, insn: 02151513, mode: 3, rs1_addr: 10, rs1_rdata: 7f76dfdc, rs2_addr:  1, rs2_rdata: 000eb118, rd_addr: 10, rd_wdata: feedbfb8, mem_addr: feedbfb8, mem_rdata: 00000000, mem_wdata: 000eb118
ClkCycle:       7453, pc_rdata: 000e838c, pc_wdata: 000e838e, insn: b8238105, mode: 3, rs1_addr: 10, rs1_rdata: 7f76dfdc, rs2_addr:  1, rs2_rdata: 000eb118, rd_addr: 10, rd_wdata: 7f76dfdc, mem_addr: 7f76dfdc, mem_rdata: 00000000, mem_wdata: 000eb118
ClkCycle:       7454, pc_rdata: 000e838e, pc_wdata: 000e8392, insn: b8238105, mode: 3, rs1_addr:  0, rs1_rdata: 00000000, rs2_addr:  0, rs2_rdata: 00000000, rd_addr:  0, rd_wdata: 00000000, mem_addr: 00000000, mem_rdata: 00000000, mem_wdata: 00000000
00000001000eb118
ClkCycle:       7455, pc_rdata: 000e8392, pc_wdata: 000e8396, insn: 15130010, mode: 3, rs1_addr:  1, rs1_rdata: 000eb118, rs2_addr:  1, rs2_rdata: 000eb118, rd_addr: 16, rd_wdata: 000eb128, mem_addr: 000eb128, mem_rdata: 00000000, mem_wdata: 000eb118
ClkCycle:       7456, pc_rdata: 000e8396, pc_wdata: 000e839a, insn: 15130010, mode: 3, rs1_addr:  0, rs1_rdata: 00000000, rs2_addr:  0, rs2_rdata: 00000000, rd_addr:  0, rd_wdata: 00000000, mem_addr: 00000000, mem_rdata: 00000000, mem_wdata: 00000000
ClkCycle:       7457, pc_rdata: 000e839a, pc_wdata: 000e839e, insn: 12a0bc23, mode: 3, rs1_addr:  6, rs1_rdata: 1fddb7f7, rs2_addr:  2, rs2_rdata: 7fffdfff, rd_addr: 10, rd_wdata: 7f76dfdc, mem_addr: 7f76dfdc, mem_rdata: 00000000, mem_wdata: 7fffdfff
ClkCycle:       7458, pc_rdata: 000e839e, pc_wdata: 000e83a2, insn: 12a0bc23, mode: 3, rs1_addr:  0, rs1_rdata: 00000000, rs2_addr:  0, rs2_rdata: 00000000, rd_addr:  0, rd_wdata: 00000000, mem_addr: 00000000, mem_rdata: 00000000, mem_wdata: 00000000
ClkCycle:       7459, pc_rdata: 000e83a2, pc_wdata: 000e83a4, insn: 02351513, mode: 3, rs1_addr:  2, rs1_rdata: 7fffdfff, rs2_addr:  8, rs2_rdata: 7fffe167, rd_addr:  8, rd_wdata: 7fffe167, mem_addr: 7fffe167, mem_rdata: 00000000, mem_wdata: 7fffe167
ClkCycle:       7460, pc_rdata: 000e83a4, pc_wdata: 000e83a8, insn: 02351513, mode: 3, rs1_addr: 10, rs1_rdata: 7f76dfdc, rs2_addr:  3, rs2_rdata: feffffbf, rd_addr: 10, rd_wdata: fbb6fee0, mem_addr: fbb6fee0, mem_rdata: 00000000, mem_wdata: feffffbf
ClkCycle:       7461, pc_rdata: 000e83a8, pc_wdata: 000e83aa, insn: b0239179, mode: 3, rs1_addr: 10, rs1_rdata: 7f76dfdc, rs2_addr: 30, rs2_rdata: 00000000, rd_addr: 10, rd_wdata: 0000000f, mem_addr: 0000000f, mem_rdata: 00000000, mem_wdata: 00000000
ClkCycle:       7462, pc_rdata: 000e83aa, pc_wdata: 000e83ae, insn: b0239179, mode: 3, rs1_addr:  0, rs1_rdata: 00000000, rs2_addr:  0, rs2_rdata: 00000000, rd_addr:  0, rd_wdata: 00000000, mem_addr: 00000000, mem_rdata: 00000000, mem_wdata: 00000000
00000001000eb118
ClkCycle:       7463, pc_rdata: 000e83ae, pc_wdata: 000e83b2, insn: 15130010, mode: 3, rs1_addr:  1, rs1_rdata: 000eb118, rs2_addr:  1, rs2_rdata: 000eb118, rd_addr:  0, rd_wdata: 000eb118, mem_addr: 000eb118, mem_rdata: 00000000, mem_wdata: 000eb118
ClkCycle:       7464, pc_rdata: 000e83b2, pc_wdata: 000e83b6, insn: 15130010, mode: 3, rs1_addr:  0, rs1_rdata: 00000000, rs2_addr:  0, rs2_rdata: 00000000, rd_addr:  0, rd_wdata: 00000000, mem_addr: 00000000, mem_rdata: 00000000, mem_wdata: 00000000
ClkCycle:       7465, pc_rdata: 000e83b6, pc_wdata: 000e83ba, insn: 14a0b423, mode: 3, rs1_addr:  6, rs1_rdata: 1fddb7f7, rs2_addr:  2, rs2_rdata: 7fffdfff, rd_addr: 10, rd_wdata: 7f76dfdc, mem_addr: 7f76dfdc, mem_rdata: 00000000, mem_wdata: 7fffdfff
ClkCycle:       7466, pc_rdata: 000e83ba, pc_wdata: 000e83be, insn: 14a0b423, mode: 3, rs1_addr:  0, rs1_rdata: 00000000, rs2_addr:  0, rs2_rdata: 00000000, rd_addr:  0, rd_wdata: 00000000, mem_addr: 00000000, mem_rdata: 00000000, mem_wdata: 00000000
ClkCycle:       7467, pc_rdata: 000e83be, pc_wdata: 000e83c0, insn: 02551513, mode: 3, rs1_addr:  2, rs1_rdata: 7fffdfff, rs2_addr:  8, rs2_rdata: 7fffe167, rd_addr:  8, rd_wdata: 7fffe267, mem_addr: 7fffe267, mem_rdata: 00000000, mem_wdata: 7fffe167
ClkCycle:       7468, pc_rdata: 000e83c0, pc_wdata: 000e83c4, insn: 02551513, mode: 3, rs1_addr: 10, rs1_rdata: 7f76dfdc, rs2_addr:  5, rs2_rdata: eedbfbff, rd_addr: 10, rd_wdata: eedbfb80, mem_addr: eedbfb80, mem_rdata: 00000000, mem_wdata: eedbfbff
ClkCycle:       7469, pc_rdata: 000e83c4, pc_wdata: 000e83c6, insn: b8238119, mode: 3, rs1_addr: 10, rs1_rdata: 7f76dfdc, rs2_addr:  6, rs2_rdata: 1fddb7f7, rd_addr: 10, rd_wdata: 3fbb6fee, mem_addr: 3fbb6fee, mem_rdata: 00000000, mem_wdata: 1fddb7f7
ClkCycle:       7470, pc_rdata: 000e83c6, pc_wdata: 000e83ca, insn: b8238119, mode: 3, rs1_addr:  0, rs1_rdata: 00000000, rs2_addr:  0, rs2_rdata: 00000000, rd_addr:  0, rd_wdata: 00000000, mem_addr: 00000000, mem_rdata: 00000000, mem_wdata: 00000000
00000001000eb118
ClkCycle:       7471, pc_rdata: 000e83ca, pc_wdata: 000e83ce, insn: 15130010, mode: 3, rs1_addr:  1, rs1_rdata: 000eb118, rs2_addr:  1, rs2_rdata: 000eb118, rd_addr: 16, rd_wdata: 000eb128, mem_addr: 000eb128, mem_rdata: 00000000, mem_wdata: 000eb118
ClkCycle:       7472, pc_rdata: 000e83ce, pc_wdata: 000e83d2, insn: 15130010, mode: 3, rs1_addr:  0, rs1_rdata: 00000000, rs2_addr:  0, rs2_rdata: 00000000, rd_addr:  0, rd_wdata: 00000000, mem_addr: 00000000, mem_rdata: 00000000, mem_wdata: 00000000
ClkCycle:       7473, pc_rdata: 000e83d2, pc_wdata: 000e83d6, insn: 14a0bc23, mode: 3, rs1_addr:  6, rs1_rdata: 1fddb7f7, rs2_addr:  2, rs2_rdata: 7fffdfff, rd_addr: 10, rd_wdata: 7f76dfdc, mem_addr: 7f76dfdc, mem_rdata: 00000000, mem_wdata: 7fffdfff
ClkCycle:       7474, pc_rdata: 000e83d6, pc_wdata: 000e83da, insn: 14a0bc23, mode: 3, rs1_addr:  0, rs1_rdata: 00000000, rs2_addr:  0, rs2_rdata: 00000000, rd_addr:  0, rd_wdata: 00000000, mem_addr: 00000000, mem_rdata: 00000000, mem_wdata: 00000000
ClkCycle:       7475, pc_rdata: 000e83da, pc_wdata: 000e83dc, insn: 02751513, mode: 3, rs1_addr:  2, rs1_rdata: 7fffdfff, rs2_addr:  8, rs2_rdata: 7fffe267, rd_addr:  8, rd_wdata: 7fffe267, mem_addr: 7fffe267, mem_rdata: 00000000, mem_wdata: 7fffe267
ClkCycle:       7476, pc_rdata: 000e83dc, pc_wdata: 000e83e0, insn: 02751513, mode: 3, rs1_addr: 10, rs1_rdata: 7f76dfdc, rs2_addr:  7, rs2_rdata: 003fbb6f, rd_addr: 10, rd_wdata: bb6fee00, mem_addr: bb6fee00, mem_rdata: 00000000, mem_wdata: 003fbb6f
ClkCycle:       7477, pc_rdata: 000e83e0, pc_wdata: 000e83e2, insn: b0238155, mode: 3, rs1_addr: 10, rs1_rdata: 7f76dfdc, rs2_addr: 21, rs2_rdata: 0fab7ffe, rd_addr: 10, rd_wdata: 0001fddb, mem_addr: 0001fddb, mem_rdata: 00000000, mem_wdata: 0fab7ffe
ClkCycle:       7478, pc_rdata: 000e83e2, pc_wdata: 000e83e6, insn: b0238155, mode: 3, rs1_addr:  0, rs1_rdata: 00000000, rs2_addr:  0, rs2_rdata: 00000000, rd_addr:  0, rd_wdata: 00000000, mem_addr: 00000000, mem_rdata: 00000000, mem_wdata: 00000000
00000001000eb118
ClkCycle:       7479, pc_rdata: 000e83e6, pc_wdata: 000e83ea, insn: 15130010, mode: 3, rs1_addr:  1, rs1_rdata: 000eb118, rs2_addr:  1, rs2_rdata: 000eb118, rd_addr:  0, rd_wdata: 000eb118, mem_addr: 000eb118, mem_rdata: 00000000, mem_wdata: 000eb118
ClkCycle:       7480, pc_rdata: 000e83ea, pc_wdata: 000e83ee, insn: 15130010, mode: 3, rs1_addr:  0, rs1_rdata: 00000000, rs2_addr:  0, rs2_rdata: 00000000, rd_addr:  0, rd_wdata: 00000000, mem_addr: 00000000, mem_rdata: 00000000, mem_wdata: 00000000
ClkCycle:       7481, pc_rdata: 000e83ee, pc_wdata: 000e83f2, insn: 16a0b423, mode: 3, rs1_addr:  6, rs1_rdata: 1fddb7f7, rs2_addr:  2, rs2_rdata: 7fffdfff, rd_addr: 10, rd_wdata: 7f76dfdc, mem_addr: 7f76dfdc, mem_rdata: 00000000, mem_wdata: 7fffdfff
ClkCycle:       7482, pc_rdata: 000e83f2, pc_wdata: 000e83f6, insn: 16a0b423, mode: 3, rs1_addr:  0, rs1_rdata: 00000000, rs2_addr:  0, rs2_rdata: 00000000, rd_addr:  0, rd_wdata: 00000000, mem_addr: 00000000, mem_rdata: 00000000, mem_wdata: 00000000
ClkCycle:       7483, pc_rdata: 000e83f6, pc_wdata: 000e83f8, insn: 02951513, mode: 3, rs1_addr:  2, rs1_rdata: 7fffdfff, rs2_addr:  8, rs2_rdata: 7fffe267, rd_addr:  8, rd_wdata: 7fffe367, mem_addr: 7fffe367, mem_rdata: 00000000, mem_wdata: 7fffe267
ClkCycle:       7484, pc_rdata: 000e83f8, pc_wdata: 000e83fc, insn: 02951513, mode: 3, rs1_addr: 10, rs1_rdata: 7f76dfdc, rs2_addr:  9, rs2_rdata: 00000000, rd_addr: 10, rd_wdata: edbfb800, mem_addr: edbfb800, mem_rdata: 00000000, mem_wdata: 00000000
ClkCycle:       7485, pc_rdata: 000e83fc, pc_wdata: 000e83fe, insn: b8239179, mode: 3, rs1_addr: 10, rs1_rdata: 7f76dfdc, rs2_addr: 30, rs2_rdata: 00000000, rd_addr: 10, rd_wdata: 000003fb, mem_addr: 000003fb, mem_rdata: 00000000, mem_wdata: 00000000
ClkCycle:       7486, pc_rdata: 000e83fe, pc_wdata: 000e8402, insn: b8239179, mode: 3, rs1_addr:  0, rs1_rdata: 00000000, rs2_addr:  0, rs2_rdata: 00000000, rd_addr:  0, rd_wdata: 00000000, mem_addr: 00000000, mem_rdata: 00000000, mem_wdata: 00000000
00000001000eb118
ClkCycle:       7487, pc_rdata: 000e8402, pc_wdata: 000e8406, insn: 15130010, mode: 3, rs1_addr:  1, rs1_rdata: 000eb118, rs2_addr:  1, rs2_rdata: 000eb118, rd_addr: 16, rd_wdata: 000eb128, mem_addr: 000eb128, mem_rdata: 00000000, mem_wdata: 000eb118
ClkCycle:       7488, pc_rdata: 000e8406, pc_wdata: 000e840a, insn: 15130010, mode: 3, rs1_addr:  0, rs1_rdata: 00000000, rs2_addr:  0, rs2_rdata: 00000000, rd_addr:  0, rd_wdata: 00000000, mem_addr: 00000000, mem_rdata: 00000000, mem_wdata: 00000000
ClkCycle:       7489, pc_rdata: 000e840a, pc_wdata: 000e840e, insn: 16a0bc23, mode: 3, rs1_addr:  6, rs1_rdata: 1fddb7f7, rs2_addr:  2, rs2_rdata: 7fffdfff, rd_addr: 10, rd_wdata: 7f76dfdc, mem_addr: 7f76dfdc, mem_rdata: 00000000, mem_wdata: 7fffdfff
ClkCycle:       7490, pc_rdata: 000e840e, pc_wdata: 000e8412, insn: 16a0bc23, mode: 3, rs1_addr:  0, rs1_rdata: 00000000, rs2_addr:  0, rs2_rdata: 00000000, rd_addr:  0, rd_wdata: 00000000, mem_addr: 00000000, mem_rdata: 00000000, mem_wdata: 00000000
ClkCycle:       7491, pc_rdata: 000e8412, pc_wdata: 000e8414, insn: 02b51513, mode: 3, rs1_addr:  2, rs1_rdata: 7fffdfff, rs2_addr:  8, rs2_rdata: 7fffe367, rd_addr:  8, rd_wdata: 7fffe367, mem_addr: 7fffe367, mem_rdata: 00000000, mem_wdata: 7fffe367
ClkCycle:       7492, pc_rdata: 000e8414, pc_wdata: 000e8418, insn: 02b51513, mode: 3, rs1_addr: 10, rs1_rdata: 7f76dfdc, rs2_addr: 11, rs2_rdata: 00feedbc, rd_addr: 10, rd_wdata: b6fee000, mem_addr: b6fee000, mem_rdata: 00000000, mem_wdata: 00feedbc
ClkCycle:       7493, pc_rdata: 000e8418, pc_wdata: 000e841a, insn: b0238119, mode: 3, rs1_addr: 10, rs1_rdata: 7f76dfdc, rs2_addr:  6, rs2_rdata: 1fddb7f7, rd_addr: 10, rd_wdata: eedbfb80, mem_addr: eedbfb80, mem_rdata: 00000000, mem_wdata: 1fddb7f7
ClkCycle:       7494, pc_rdata: 000e841a, pc_wdata: 000e841e, insn: b0238119, mode: 3, rs1_addr:  0, rs1_rdata: 00000000, rs2_addr:  0, rs2_rdata: 00000000, rd_addr:  0, rd_wdata: 00000000, mem_addr: 00000000, mem_rdata: 00000000, mem_wdata: 00000000
00000001000eb118
ClkCycle:       7495, pc_rdata: 000e841e, pc_wdata: 000e8422, insn: 15130010, mode: 3, rs1_addr:  1, rs1_rdata: 000eb118, rs2_addr:  1, rs2_rdata: 000eb118, rd_addr:  0, rd_wdata: 000eb118, mem_addr: 000eb118, mem_rdata: 00000000, mem_wdata: 000eb118
ClkCycle:       7496, pc_rdata: 000e8422, pc_wdata: 000e8426, insn: 15130010, mode: 3, rs1_addr:  0, rs1_rdata: 00000000, rs2_addr:  0, rs2_rdata: 00000000, rd_addr:  0, rd_wdata: 00000000, mem_addr: 00000000, mem_rdata: 00000000, mem_wdata: 00000000
ClkCycle:       7497, pc_rdata: 000e8426, pc_wdata: 000e842a, insn: 18a0b423, mode: 3, rs1_addr:  6, rs1_rdata: 1fddb7f7, rs2_addr:  2, rs2_rdata: 7fffdfff, rd_addr: 10, rd_wdata: 7f76dfdc, mem_addr: 7f76dfdc, mem_rdata: 00000000, mem_wdata: 7fffdfff
ClkCycle:       7498, pc_rdata: 000e842a, pc_wdata: 000e842e, insn: 18a0b423, mode: 3, rs1_addr:  0, rs1_rdata: 00000000, rs2_addr:  0, rs2_rdata: 00000000, rd_addr:  0, rd_wdata: 00000000, mem_addr: 00000000, mem_rdata: 00000000, mem_wdata: 00000000
ClkCycle:       7499, pc_rdata: 000e842e, pc_wdata: 000e8430, insn: 02d51513, mode: 3, rs1_addr:  2, rs1_rdata: 7fffdfff, rs2_addr: 24, rs2_rdata: 0000007d, rd_addr:  8, rd_wdata: 7fffe077, mem_addr: 7fffe077, mem_rdata: 00000000, mem_wdata: 0000007d
ClkCycle:       7500, pc_rdata: 000e8430, pc_wdata: 000e8434, insn: 02d51513, mode: 3, rs1_addr: 10, rs1_rdata: 7f76dfdc, rs2_addr: 13, rs2_rdata: 1fff7fff, rd_addr: 10, rd_wdata: dbfb8000, mem_addr: dbfb8000, mem_rdata: 00000000, mem_wdata: 1fff7fff
ClkCycle:       7501, pc_rdata: 000e8434, pc_wdata: 000e8436, insn: b823810d, mode: 3, rs1_addr: 10, rs1_rdata: 7f76dfdc, rs2_addr:  3, rs2_rdata: feffffbf, rd_addr: 10, rd_wdata: db7f7000, mem_addr: db7f7000, mem_rdata: 00000000, mem_wdata: feffffbf
ClkCycle:       7502, pc_rdata: 000e8436, pc_wdata: 000e843a, insn: b823810d, mode: 3, rs1_addr:  0, rs1_rdata: 00000000, rs2_addr:  0, rs2_rdata: 00000000, rd_addr:  0, rd_wdata: 00000000, mem_addr: 00000000, mem_rdata: 00000000, mem_wdata: 00000000
00000001000eb118
ClkCycle:       7503, pc_rdata: 000e843a, pc_wdata: 000e843e, insn: 15130010, mode: 3, rs1_addr:  1, rs1_rdata: 000eb118, rs2_addr:  1, rs2_rdata: 000eb118, rd_addr: 16, rd_wdata: 000eb128, mem_addr: 000eb128, mem_rdata: 00000000, mem_wdata: 000eb118
ClkCycle:       7504, pc_rdata: 000e843e, pc_wdata: 000e8442, insn: 15130010, mode: 3, rs1_addr:  0, rs1_rdata: 00000000, rs2_addr:  0, rs2_rdata: 00000000, rd_addr:  0, rd_wdata: 00000000, mem_addr: 00000000, mem_rdata: 00000000, mem_wdata: 00000000
ClkCycle:       7505, pc_rdata: 000e8442, pc_wdata: 000e8446, insn: 18a0bc23, mode: 3, rs1_addr:  6, rs1_rdata: 1fddb7f7, rs2_addr:  2, rs2_rdata: 7fffdfff, rd_addr: 10, rd_wdata: 7f76dfdc, mem_addr: 7f76dfdc, mem_rdata: 00000000, mem_wdata: 7fffdfff
ClkCycle:       7506, pc_rdata: 000e8446, pc_wdata: 000e844a, insn: 18a0bc23, mode: 3, rs1_addr:  0, rs1_rdata: 00000000, rs2_addr:  0, rs2_rdata: 00000000, rd_addr:  0, rd_wdata: 00000000, mem_addr: 00000000, mem_rdata: 00000000, mem_wdata: 00000000
ClkCycle:       7507, pc_rdata: 000e844a, pc_wdata: 000e844c, insn: 02f51513, mode: 3, rs1_addr:  2, rs1_rdata: 7fffdfff, rs2_addr: 24, rs2_rdata: 0000007d, rd_addr:  8, rd_wdata: 7fffe077, mem_addr: 7fffe077, mem_rdata: 00000000, mem_wdata: 0000007d
ClkCycle:       7508, pc_rdata: 000e844c, pc_wdata: 000e8450, insn: 02f51513, mode: 3, rs1_addr: 10, rs1_rdata: 7f76dfdc, rs2_addr: 15, rs2_rdata: 00000000, rd_addr: 10, rd_wdata: 6fee0000, mem_addr: 6fee0000, mem_rdata: 00000000, mem_wdata: 00000000
ClkCycle:       7509, pc_rdata: 000e8450, pc_wdata: 000e8452, insn: b0238105, mode: 3, rs1_addr: 10, rs1_rdata: 7f76dfdc, rs2_addr:  1, rs2_rdata: 000eb118, rd_addr: 10, rd_wdata: b7f70000, mem_addr: b7f70000, mem_rdata: 00000000, mem_wdata: 000eb118
ClkCycle:       7510, pc_rdata: 000e8452, pc_wdata: 000e8456, insn: b0238105, mode: 3, rs1_addr:  0, rs1_rdata: 00000000, rs2_addr:  0, rs2_rdata: 00000000, rd_addr:  0, rd_wdata: 00000000, mem_addr: 00000000, mem_rdata: 00000000, mem_wdata: 00000000
00000001000eb118
ClkCycle:       7511, pc_rdata: 000e8456, pc_wdata: 000e845a, insn: 15130010, mode: 3, rs1_addr:  1, rs1_rdata: 000eb118, rs2_addr:  1, rs2_rdata: 000eb118, rd_addr:  0, rd_wdata: 000eb118, mem_addr: 000eb118, mem_rdata: 00000000, mem_wdata: 000eb118
ClkCycle:       7512, pc_rdata: 000e845a, pc_wdata: 000e845e, insn: 15130010, mode: 3, rs1_addr:  0, rs1_rdata: 00000000, rs2_addr:  0, rs2_rdata: 00000000, rd_addr:  0, rd_wdata: 00000000, mem_addr: 00000000, mem_rdata: 00000000, mem_wdata: 00000000
ClkCycle:       7513, pc_rdata: 000e845e, pc_wdata: 000e8462, insn: 1aa0b423, mode: 3, rs1_addr:  6, rs1_rdata: 1fddb7f7, rs2_addr:  2, rs2_rdata: 7fffdfff, rd_addr: 10, rd_wdata: 7f76dfdc, mem_addr: 7f76dfdc, mem_rdata: 00000000, mem_wdata: 7fffdfff
ClkCycle:       7514, pc_rdata: 000e8462, pc_wdata: 000e8466, insn: 1aa0b423, mode: 3, rs1_addr:  0, rs1_rdata: 00000000, rs2_addr:  0, rs2_rdata: 00000000, rd_addr:  0, rd_wdata: 00000000, mem_addr: 00000000, mem_rdata: 00000000, mem_wdata: 00000000
ClkCycle:       7515, pc_rdata: 000e8466, pc_wdata: 000e8468, insn: 03151513, mode: 3, rs1_addr:  2, rs1_rdata: 7fffdfff, rs2_addr: 24, rs2_rdata: 0000007d, rd_addr:  8, rd_wdata: 7fffe177, mem_addr: 7fffe177, mem_rdata: 00000000, mem_wdata: 0000007d
ClkCycle:       7516, pc_rdata: 000e8468, pc_wdata: 000e846c, insn: 03151513, mode: 3, rs1_addr: 10, rs1_rdata: 7f76dfdc, rs2_addr: 17, rs2_rdata: edffffff, rd_addr: 10, rd_wdata: bfb80000, mem_addr: bfb80000, mem_rdata: 00000000, mem_wdata: edffffff
ClkCycle:       7517, pc_rdata: 000e846c, pc_wdata: 000e846e, insn: b8238139, mode: 3, rs1_addr: 10, rs1_rdata: 7f76dfdc, rs2_addr: 14, rs2_rdata: 07f76dfd, rd_addr: 10, rd_wdata: fbb6fee0, mem_addr: fbb6fee0, mem_rdata: 00000000, mem_wdata: 07f76dfd
ClkCycle:       7518, pc_rdata: 000e846e, pc_wdata: 000e8472, insn: b8238139, mode: 3, rs1_addr:  0, rs1_rdata: 00000000, rs2_addr:  0, rs2_rdata: 00000000, rd_addr:  0, rd_wdata: 00000000, mem_addr: 00000000, mem_rdata: 00000000, mem_wdata: 00000000
00000001000eb118
ClkCycle:       7519, pc_rdata: 000e8472, pc_wdata: 000e8476, insn: 15130010, mode: 3, rs1_addr:  1, rs1_rdata: 000eb118, rs2_addr:  1, rs2_rdata: 000eb118, rd_addr: 16, rd_wdata: 000eb128, mem_addr: 000eb128, mem_rdata: 00000000, mem_wdata: 000eb118
ClkCycle:       7520, pc_rdata: 000e8476, pc_wdata: 000e847a, insn: 15130010, mode: 3, rs1_addr:  0, rs1_rdata: 00000000, rs2_addr:  0, rs2_rdata: 00000000, rd_addr:  0, rd_wdata: 00000000, mem_addr: 00000000, mem_rdata: 00000000, mem_wdata: 00000000
ClkCycle:       7521, pc_rdata: 000e847a, pc_wdata: 000e847e, insn: 1aa0bc23, mode: 3, rs1_addr:  6, rs1_rdata: 1fddb7f7, rs2_addr:  2, rs2_rdata: 7fffdfff, rd_addr: 10, rd_wdata: 7f76dfdc, mem_addr: 7f76dfdc, mem_rdata: 00000000, mem_wdata: 7fffdfff
ClkCycle:       7522, pc_rdata: 000e847e, pc_wdata: 000e8482, insn: 1aa0bc23, mode: 3, rs1_addr:  0, rs1_rdata: 00000000, rs2_addr:  0, rs2_rdata: 00000000, rd_addr:  0, rd_wdata: 00000000, mem_addr: 00000000, mem_rdata: 00000000, mem_wdata: 00000000
ClkCycle:       7523, pc_rdata: 000e8482, pc_wdata: 000e8484, insn: 03351513, mode: 3, rs1_addr:  2, rs1_rdata: 7fffdfff, rs2_addr: 24, rs2_rdata: 0000007d, rd_addr:  8, rd_wdata: 7fffe177, mem_addr: 7fffe177, mem_rdata: 00000000, mem_wdata: 0000007d
ClkCycle:       7524, pc_rdata: 000e8484, pc_wdata: 000e8488, insn: 03351513, mode: 3, rs1_addr: 10, rs1_rdata: 7f76dfdc, rs2_addr: 19, rs2_rdata: dfffb7ff, rd_addr: 10, rd_wdata: fee00000, mem_addr: fee00000, mem_rdata: 00000000, mem_wdata: dfffb7ff
ClkCycle:       7525, pc_rdata: 000e8488, pc_wdata: 000e848a, insn: b023917d, mode: 3, rs1_addr: 10, rs1_rdata: 7f76dfdc, rs2_addr: 31, rs2_rdata: 00000000, rd_addr: 10, rd_wdata: 0007f76d, mem_addr: 0007f76d, mem_rdata: 00000000, mem_wdata: 00000000
ClkCycle:       7526, pc_rdata: 000e848a, pc_wdata: 000e848e, insn: b023917d, mode: 3, rs1_addr:  0, rs1_rdata: 00000000, rs2_addr:  0, rs2_rdata: 00000000, rd_addr:  0, rd_wdata: 00000000, mem_addr: 00000000, mem_rdata: 00000000, mem_wdata: 00000000
00000001000eb118
ClkCycle:       7527, pc_rdata: 000e848e, pc_wdata: 000e8492, insn: 15130010, mode: 3, rs1_addr:  1, rs1_rdata: 000eb118, rs2_addr:  1, rs2_rdata: 000eb118, rd_addr:  0, rd_wdata: 000eb118, mem_addr: 000eb118, mem_rdata: 00000000, mem_wdata: 000eb118
ClkCycle:       7528, pc_rdata: 000e8492, pc_wdata: 000e8496, insn: 15130010, mode: 3, rs1_addr:  0, rs1_rdata: 00000000, rs2_addr:  0, rs2_rdata: 00000000, rd_addr:  0, rd_wdata: 00000000, mem_addr: 00000000, mem_rdata: 00000000, mem_wdata: 00000000
ClkCycle:       7529, pc_rdata: 000e8496, pc_wdata: 000e849a, insn: 1ca0b423, mode: 3, rs1_addr:  6, rs1_rdata: 1fddb7f7, rs2_addr:  2, rs2_rdata: 7fffdfff, rd_addr: 10, rd_wdata: 7f76dfdc, mem_addr: 7f76dfdc, mem_rdata: 00000000, mem_wdata: 7fffdfff
ClkCycle:       7530, pc_rdata: 000e849a, pc_wdata: 000e849e, insn: 1ca0b423, mode: 3, rs1_addr:  0, rs1_rdata: 00000000, rs2_addr:  0, rs2_rdata: 00000000, rd_addr:  0, rd_wdata: 00000000, mem_addr: 00000000, mem_rdata: 00000000, mem_wdata: 00000000
ClkCycle:       7531, pc_rdata: 000e849e, pc_wdata: 000e84a0, insn: 03551513, mode: 3, rs1_addr:  2, rs1_rdata: 7fffdfff, rs2_addr: 24, rs2_rdata: 0000007d, rd_addr:  8, rd_wdata: 7fffe277, mem_addr: 7fffe277, mem_rdata: 00000000, mem_wdata: 0000007d
ClkCycle:       7532, pc_rdata: 000e84a0, pc_wdata: 000e84a4, insn: 03551513, mode: 3, rs1_addr: 10, rs1_rdata: 7f76dfdc, rs2_addr: 21, rs2_rdata: 0fab7ffe, rd_addr: 10, rd_wdata: fb800000, mem_addr: fb800000, mem_rdata: 00000000, mem_wdata: 0fab7ffe
ClkCycle:       7533, pc_rdata: 000e84a4, pc_wdata: 000e84a6, insn: b8238149, mode: 3, rs1_addr: 10, rs1_rdata: 7f76dfdc, rs2_addr: 18, rs2_rdata: ffdbffff, rd_addr: 10, rd_wdata: fbb6fee0, mem_addr: fbb6fee0, mem_rdata: 00000000, mem_wdata: ffdbffff
ClkCycle:       7534, pc_rdata: 000e84a6, pc_wdata: 000e84aa, insn: b8238149, mode: 3, rs1_addr:  0, rs1_rdata: 00000000, rs2_addr:  0, rs2_rdata: 00000000, rd_addr:  0, rd_wdata: 00000000, mem_addr: 00000000, mem_rdata: 00000000, mem_wdata: 00000000
00000001000eb118
ClkCycle:       7535, pc_rdata: 000e84aa, pc_wdata: 000e84ae, insn: 15130010, mode: 3, rs1_addr:  1, rs1_rdata: 000eb118, rs2_addr:  1, rs2_rdata: 000eb118, rd_addr: 16, rd_wdata: 000eb128, mem_addr: 000eb128, mem_rdata: 00000000, mem_wdata: 000eb118
ClkCycle:       7536, pc_rdata: 000e84ae, pc_wdata: 000e84b2, insn: 15130010, mode: 3, rs1_addr:  0, rs1_rdata: 00000000, rs2_addr:  0, rs2_rdata: 00000000, rd_addr:  0, rd_wdata: 00000000, mem_addr: 00000000, mem_rdata: 00000000, mem_wdata: 00000000
ClkCycle:       7537, pc_rdata: 000e84b2, pc_wdata: 000e84b6, insn: 1ca0bc23, mode: 3, rs1_addr:  6, rs1_rdata: 1fddb7f7, rs2_addr:  2, rs2_rdata: 7fffdfff, rd_addr: 10, rd_wdata: 7f76dfdc, mem_addr: 7f76dfdc, mem_rdata: 00000000, mem_wdata: 7fffdfff
ClkCycle:       7538, pc_rdata: 000e84b6, pc_wdata: 000e84ba, insn: 1ca0bc23, mode: 3, rs1_addr:  0, rs1_rdata: 00000000, rs2_addr:  0, rs2_rdata: 00000000, rd_addr:  0, rd_wdata: 00000000, mem_addr: 00000000, mem_rdata: 00000000, mem_wdata: 00000000
ClkCycle:       7539, pc_rdata: 000e84ba, pc_wdata: 000e84bc, insn: 03751513, mode: 3, rs1_addr:  2, rs1_rdata: 7fffdfff, rs2_addr: 24, rs2_rdata: 0000007d, rd_addr:  8, rd_wdata: 7fffe277, mem_addr: 7fffe277, mem_rdata: 00000000, mem_wdata: 0000007d
ClkCycle:       7540, pc_rdata: 000e84bc, pc_wdata: 000e84c0, insn: 03751513, mode: 3, rs1_addr: 10, rs1_rdata: 7f76dfdc, rs2_addr: 23, rs2_rdata: 00003ead, rd_addr: 10, rd_wdata: ee000000, mem_addr: ee000000, mem_rdata: 00000000, mem_wdata: 00003ead
ClkCycle:       7541, pc_rdata: 000e84c0, pc_wdata: 000e84c2, insn: b0238129, mode: 3, rs1_addr: 10, rs1_rdata: 7f76dfdc, rs2_addr: 10, rs2_rdata: 7f76dfdc, rd_addr: 10, rd_wdata: dbfb8000, mem_addr: dbfb8000, mem_rdata: 00000000, mem_wdata: ee000000
ClkCycle:       7542, pc_rdata: 000e84c2, pc_wdata: 000e84c6, insn: b0238129, mode: 3, rs1_addr:  0, rs1_rdata: 00000000, rs2_addr:  0, rs2_rdata: 00000000, rd_addr:  0, rd_wdata: 00000000, mem_addr: 00000000, mem_rdata: 00000000, mem_wdata: 00000000
00000001000eb118
ClkCycle:       7543, pc_rdata: 000e84c6, pc_wdata: 000e84ca, insn: 15130010, mode: 3, rs1_addr:  1, rs1_rdata: 000eb118, rs2_addr:  1, rs2_rdata: 000eb118, rd_addr:  0, rd_wdata: 000eb118, mem_addr: 000eb118, mem_rdata: 00000000, mem_wdata: 000eb118
ClkCycle:       7544, pc_rdata: 000e84ca, pc_wdata: 000e84ce, insn: 15130010, mode: 3, rs1_addr:  0, rs1_rdata: 00000000, rs2_addr:  0, rs2_rdata: 00000000, rd_addr:  0, rd_wdata: 00000000, mem_addr: 00000000, mem_rdata: 00000000, mem_wdata: 00000000
ClkCycle:       7545, pc_rdata: 000e84ce, pc_wdata: 000e84d2, insn: 1ea0b423, mode: 3, rs1_addr:  6, rs1_rdata: 1fddb7f7, rs2_addr:  2, rs2_rdata: 7fffdfff, rd_addr: 10, rd_wdata: 7f76dfdc, mem_addr: 7f76dfdc, mem_rdata: 00000000, mem_wdata: 7fffdfff
ClkCycle:       7546, pc_rdata: 000e84d2, pc_wdata: 000e84d6, insn: 1ea0b423, mode: 3, rs1_addr:  0, rs1_rdata: 00000000, rs2_addr:  0, rs2_rdata: 00000000, rd_addr:  0, rd_wdata: 00000000, mem_addr: 00000000, mem_rdata: 00000000, mem_wdata: 00000000
ClkCycle:       7547, pc_rdata: 000e84d6, pc_wdata: 000e84d8, insn: 03951513, mode: 3, rs1_addr:  2, rs1_rdata: 7fffdfff, rs2_addr: 24, rs2_rdata: 0000007d, rd_addr:  8, rd_wdata: 7fffe377, mem_addr: 7fffe377, mem_rdata: 00000000, mem_wdata: 0000007d
ClkCycle:       7548, pc_rdata: 000e84d8, pc_wdata: 000e84dc, insn: 03951513, mode: 3, rs1_addr: 10, rs1_rdata: 7f76dfdc, rs2_addr: 25, rs2_rdata: 00000000, rd_addr: 10, rd_wdata: b8000000, mem_addr: b8000000, mem_rdata: 00000000, mem_wdata: 00000000
ClkCycle:       7549, pc_rdata: 000e84dc, pc_wdata: 000e84de, insn: b823812d, mode: 3, rs1_addr: 10, rs1_rdata: 7f76dfdc, rs2_addr: 11, rs2_rdata: 00feedbc, rd_addr: 10, rd_wdata: b7f70000, mem_addr: b7f70000, mem_rdata: 00000000, mem_wdata: 00feedbc
ClkCycle:       7550, pc_rdata: 000e84de, pc_wdata: 000e84e2, insn: b823812d, mode: 3, rs1_addr:  0, rs1_rdata: 00000000, rs2_addr:  0, rs2_rdata: 00000000, rd_addr:  0, rd_wdata: 00000000, mem_addr: 00000000, mem_rdata: 00000000, mem_wdata: 00000000
00000001000eb118
ClkCycle:       7551, pc_rdata: 000e84e2, pc_wdata: 000e84e6, insn: 15130010, mode: 3, rs1_addr:  1, rs1_rdata: 000eb118, rs2_addr:  1, rs2_rdata: 000eb118, rd_addr: 16, rd_wdata: 000eb128, mem_addr: 000eb128, mem_rdata: 00000000, mem_wdata: 000eb118
ClkCycle:       7552, pc_rdata: 000e84e6, pc_wdata: 000e84ea, insn: 15130010, mode: 3, rs1_addr:  0, rs1_rdata: 00000000, rs2_addr:  0, rs2_rdata: 00000000, rd_addr:  0, rd_wdata: 00000000, mem_addr: 00000000, mem_rdata: 00000000, mem_wdata: 00000000
ClkCycle:       7553, pc_rdata: 000e84ea, pc_wdata: 000e84ee, insn: 1ea0bc23, mode: 3, rs1_addr:  6, rs1_rdata: 1fddb7f7, rs2_addr:  2, rs2_rdata: 7fffdfff, rd_addr: 10, rd_wdata: 7f76dfdc, mem_addr: 7f76dfdc, mem_rdata: 00000000, mem_wdata: 7fffdfff
ClkCycle:       7554, pc_rdata: 000e84ee, pc_wdata: 000e84f2, insn: 1ea0bc23, mode: 3, rs1_addr:  0, rs1_rdata: 00000000, rs2_addr:  0, rs2_rdata: 00000000, rd_addr:  0, rd_wdata: 00000000, mem_addr: 00000000, mem_rdata: 00000000, mem_wdata: 00000000
ClkCycle:       7555, pc_rdata: 000e84f2, pc_wdata: 000e84f4, insn: 03b51513, mode: 3, rs1_addr:  2, rs1_rdata: 7fffdfff, rs2_addr: 24, rs2_rdata: 0000007d, rd_addr:  8, rd_wdata: 7fffe377, mem_addr: 7fffe377, mem_rdata: 00000000, mem_wdata: 0000007d
ClkCycle:       7556, pc_rdata: 000e84f4, pc_wdata: 000e84f8, insn: 03b51513, mode: 3, rs1_addr: 10, rs1_rdata: 7f76dfdc, rs2_addr: 27, rs2_rdata: 00000000, rd_addr: 10, rd_wdata: e0000000, mem_addr: e0000000, mem_rdata: 00000000, mem_wdata: 00000000
ClkCycle:       7557, pc_rdata: 000e84f8, pc_wdata: 000e84fa, insn: b023813d, mode: 3, rs1_addr: 10, rs1_rdata: 7f76dfdc, rs2_addr: 15, rs2_rdata: 00000000, rd_addr: 10, rd_wdata: 6dfdc000, mem_addr: 6dfdc000, mem_rdata: 00000000, mem_wdata: 00000000
ClkCycle:       7558, pc_rdata: 000e84fa, pc_wdata: 000e84fe, insn: b023813d, mode: 3, rs1_addr:  0, rs1_rdata: 00000000, rs2_addr:  0, rs2_rdata: 00000000, rd_addr:  0, rd_wdata: 00000000, mem_addr: 00000000, mem_rdata: 00000000, mem_wdata: 00000000
00000001000eb118
ClkCycle:       7559, pc_rdata: 000e84fe, pc_wdata: 000e8502, insn: 15130010, mode: 3, rs1_addr:  1, rs1_rdata: 000eb118, rs2_addr:  1, rs2_rdata: 000eb118, rd_addr:  0, rd_wdata: 000eb118, mem_addr: 000eb118, mem_rdata: 00000000, mem_wdata: 000eb118
ClkCycle:       7560, pc_rdata: 000e8502, pc_wdata: 000e8506, insn: 15130010, mode: 3, rs1_addr:  0, rs1_rdata: 00000000, rs2_addr:  0, rs2_rdata: 00000000, rd_addr:  0, rd_wdata: 00000000, mem_addr: 00000000, mem_rdata: 00000000, mem_wdata: 00000000
ClkCycle:       7561, pc_rdata: 000e8506, pc_wdata: 000e850a, insn: 20a0b423, mode: 3, rs1_addr:  6, rs1_rdata: 1fddb7f7, rs2_addr:  2, rs2_rdata: 7fffdfff, rd_addr: 10, rd_wdata: 7f76dfdc, mem_addr: 7f76dfdc, mem_rdata: 00000000, mem_wdata: 7fffdfff
ClkCycle:       7562, pc_rdata: 000e850a, pc_wdata: 000e850e, insn: 20a0b423, mode: 3, rs1_addr:  0, rs1_rdata: 00000000, rs2_addr:  0, rs2_rdata: 00000000, rd_addr:  0, rd_wdata: 00000000, mem_addr: 00000000, mem_rdata: 00000000, mem_wdata: 00000000
ClkCycle:       7563, pc_rdata: 000e850e, pc_wdata: 000e8510, insn: 03d51513, mode: 3, rs1_addr:  2, rs1_rdata: 7fffdfff, rs2_addr:  8, rs2_rdata: 7fffe377, rd_addr:  8, rd_wdata: 7fffe047, mem_addr: 7fffe047, mem_rdata: 00000000, mem_wdata: 7fffe377
ClkCycle:       7564, pc_rdata: 000e8510, pc_wdata: 000e8514, insn: 03d51513, mode: 3, rs1_addr: 10, rs1_rdata: 7f76dfdc, rs2_addr: 29, rs2_rdata: 00000000, rd_addr: 10, rd_wdata: 80000000, mem_addr: 80000000, mem_rdata: 00000000, mem_wdata: 00000000
ClkCycle:       7565, pc_rdata: 000e8514, pc_wdata: 000e8516, insn: b823917d, mode: 3, rs1_addr: 10, rs1_rdata: 7f76dfdc, rs2_addr: 31, rs2_rdata: 00000000, rd_addr: 10, rd_wdata: 1fddb7f7, mem_addr: 1fddb7f7, mem_rdata: 00000000, mem_wdata: 00000000
ClkCycle:       7566, pc_rdata: 000e8516, pc_wdata: 000e851a, insn: b823917d, mode: 3, rs1_addr:  0, rs1_rdata: 00000000, rs2_addr:  0, rs2_rdata: 00000000, rd_addr:  0, rd_wdata: 00000000, mem_addr: 00000000, mem_rdata: 00000000, mem_wdata: 00000000
00000001000eb118
ClkCycle:       7567, pc_rdata: 000e851a, pc_wdata: 000e851e, insn: 15130010, mode: 3, rs1_addr:  1, rs1_rdata: 000eb118, rs2_addr:  1, rs2_rdata: 000eb118, rd_addr: 16, rd_wdata: 000eb128, mem_addr: 000eb128, mem_rdata: 00000000, mem_wdata: 000eb118
ClkCycle:       7568, pc_rdata: 000e851e, pc_wdata: 000e8522, insn: 15130010, mode: 3, rs1_addr:  0, rs1_rdata: 00000000, rs2_addr:  0, rs2_rdata: 00000000, rd_addr:  0, rd_wdata: 00000000, mem_addr: 00000000, mem_rdata: 00000000, mem_wdata: 00000000
ClkCycle:       7569, pc_rdata: 000e8522, pc_wdata: 000e8526, insn: 20a0bc23, mode: 3, rs1_addr:  6, rs1_rdata: 1fddb7f7, rs2_addr:  2, rs2_rdata: 7fffdfff, rd_addr: 10, rd_wdata: 7f76dfdc, mem_addr: 7f76dfdc, mem_rdata: 00000000, mem_wdata: 7fffdfff
ClkCycle:       7570, pc_rdata: 000e8526, pc_wdata: 000e852a, insn: 20a0bc23, mode: 3, rs1_addr:  0, rs1_rdata: 00000000, rs2_addr:  0, rs2_rdata: 00000000, rd_addr:  0, rd_wdata: 00000000, mem_addr: 00000000, mem_rdata: 00000000, mem_wdata: 00000000
ClkCycle:       7571, pc_rdata: 000e852a, pc_wdata: 000e852c, insn: b0238139, mode: 3, rs1_addr:  2, rs1_rdata: 7fffdfff, rs2_addr:  8, rs2_rdata: 7fffe047, rd_addr:  8, rd_wdata: 7fffe047, mem_addr: 7fffe047, mem_rdata: 00000000, mem_wdata: 7fffe047
ClkCycle:       7572, pc_rdata: 000e852c, pc_wdata: 000e852e, insn: b0238139, mode: 3, rs1_addr: 10, rs1_rdata: 7f76dfdc, rs2_addr: 14, rs2_rdata: 07f76dfd, rd_addr: 10, rd_wdata: 0001fddb, mem_addr: 0001fddb, mem_rdata: 00000000, mem_wdata: 07f76dfd
ClkCycle:       7573, pc_rdata: 000e852e, pc_wdata: 000e8532, insn: b0238139, mode: 3, rs1_addr:  0, rs1_rdata: 00000000, rs2_addr:  0, rs2_rdata: 00000000, rd_addr:  0, rd_wdata: 00000000, mem_addr: 00000000, mem_rdata: 00000000, mem_wdata: 00000000
0000000000000000
ClkCycle:       7574, pc_rdata: 000e8532, pc_wdata: 000e8536, insn: 8131ffd0, mode: 3, rs1_addr:  1, rs1_rdata: 000eb118, rs2_addr: 29, rs2_rdata: 00000000, rd_addr:  0, rd_wdata: 000eb0f8, mem_addr: 000eb0f8, mem_rdata: 00000000, mem_wdata: 00000000
ClkCycle:       7575, pc_rdata: 000e8536, pc_wdata: 000e853a, insn: 8131ffd0, mode: 3, rs1_addr:  0, rs1_rdata: 00000000, rs2_addr:  0, rs2_rdata: 00000000, rd_addr:  0, rd_wdata: 00000000, mem_addr: 00000000, mem_rdata: 00000000, mem_wdata: 00000000
ClkCycle:       7576, pc_rdata: 000e853a, pc_wdata: 000e853c, insn: ffb00513, mode: 3, rs1_addr: 10, rs1_rdata: 0001fddb, rs2_addr: 12, rs2_rdata: fbffff02, rd_addr: 10, rd_wdata: 0000001f, mem_addr: 0000001f, mem_rdata: 00000000, mem_wdata: fbffff02
ClkCycle:       7577, pc_rdata: 000e853c, pc_wdata: 000e8540, insn: ffb00513, mode: 3, rs1_addr:  0, rs1_rdata: 00000000, rs2_addr: 27, rs2_rdata: 00000000, rd_addr: 10, rd_wdata: fffffffb, mem_addr: fffffffb, mem_rdata: 00000000, mem_wdata: 00000000
ClkCycle:       7578, pc_rdata: 000e8540, pc_wdata: 000e8542, insn: b8238119, mode: 3, rs1_addr: 10, rs1_rdata: 0001fddb, rs2_addr:  6, rs2_rdata: 1fddb7f7, rd_addr: 10, rd_wdata: 03ffffff, mem_addr: 03ffffff, mem_rdata: 00000000, mem_wdata: 1fddb7f7
ClkCycle:       7579, pc_rdata: 000e8542, pc_wdata: 000e8546, insn: b8238119, mode: 3, rs1_addr:  0, rs1_rdata: 00000000, rs2_addr:  0, rs2_rdata: 00000000, rd_addr:  0, rd_wdata: 00000000, mem_addr: 00000000, mem_rdata: 00000000, mem_wdata: 00000000
0000000000003ead
ClkCycle:       7580, pc_rdata: 000e8546, pc_wdata: 000e854a, insn: 9101ff70, mode: 3, rs1_addr:  1, rs1_rdata: 000eb118, rs2_addr: 23, rs2_rdata: 00003ead, rd_addr: 16, rd_wdata: 000eb108, mem_addr: 000eb108, mem_rdata: 00000000, mem_wdata: 00003ead
ClkCycle:       7581, pc_rdata: 000e854a, pc_wdata: 000e854e, insn: 9101ff70, mode: 3, rs1_addr:  0, rs1_rdata: 00000000, rs2_addr:  0, rs2_rdata: 00000000, rd_addr:  0, rd_wdata: 00000000, mem_addr: 00000000, mem_rdata: 00000000, mem_wdata: 00000000
ClkCycle:       7582, pc_rdata: 000e854e, pc_wdata: 000e8550, insn: fef00513, mode: 3, rs1_addr: 10, rs1_rdata: 03ffffff, rs2_addr:  0, rs2_rdata: 00000000, rd_addr: 10, rd_wdata: 03ffffff, mem_addr: 03ffffff, mem_rdata: 00000000, mem_wdata: 00000000
ClkCycle:       7583, pc_rdata: 000e8550, pc_wdata: 000e8554, insn: fef00513, mode: 3, rs1_addr:  0, rs1_rdata: 00000000, rs2_addr: 15, rs2_rdata: 00000000, rd_addr: 10, rd_wdata: ffffffef, mem_addr: ffffffef, mem_rdata: 00000000, mem_wdata: 00000000
ClkCycle:       7584, pc_rdata: 000e8554, pc_wdata: 000e8556, insn: b023810d, mode: 3, rs1_addr: 10, rs1_rdata: 03ffffff, rs2_addr:  3, rs2_rdata: feffffbf, rd_addr: 10, rd_wdata: 1ffffffd, mem_addr: 1ffffffd, mem_rdata: 00000000, mem_wdata: feffffbf
ClkCycle:       7585, pc_rdata: 000e8556, pc_wdata: 000e855a, insn: b023810d, mode: 3, rs1_addr:  0, rs1_rdata: 00000000, rs2_addr:  0, rs2_rdata: 00000000, rd_addr:  0, rd_wdata: 00000000, mem_addr: 00000000, mem_rdata: 00000000, mem_wdata: 00000000
0000000000000000
ClkCycle:       7586, pc_rdata: 000e855a, pc_wdata: 000e855e, insn: 810dfdf0, mode: 3, rs1_addr:  1, rs1_rdata: 000eb118, rs2_addr: 31, rs2_rdata: 00000000, rd_addr:  0, rd_wdata: 000eb0d8, mem_addr: 000eb0d8, mem_rdata: 00000000, mem_wdata: 00000000
ClkCycle:       7587, pc_rdata: 000e855e, pc_wdata: 000e8562, insn: 810dfdf0, mode: 3, rs1_addr:  0, rs1_rdata: 00000000, rs2_addr:  0, rs2_rdata: 00000000, rd_addr:  0, rd_wdata: 00000000, mem_addr: 00000000, mem_rdata: 00000000, mem_wdata: 00000000
ClkCycle:       7588, pc_rdata: 000e8562, pc_wdata: 000e8564, insn: fbf00513, mode: 3, rs1_addr: 10, rs1_rdata: 1ffffffd, rs2_addr:  3, rs2_rdata: feffffbf, rd_addr: 10, rd_wdata: 03ffffff, mem_addr: 03ffffff, mem_rdata: 00000000, mem_wdata: feffffbf
ClkCycle:       7589, pc_rdata: 000e8564, pc_wdata: 000e8568, insn: fbf00513, mode: 3, rs1_addr:  0, rs1_rdata: 00000000, rs2_addr: 31, rs2_rdata: 00000000, rd_addr: 10, rd_wdata: ffffffbf, mem_addr: ffffffbf, mem_rdata: 00000000, mem_wdata: 00000000
ClkCycle:       7590, pc_rdata: 000e8568, pc_wdata: 000e856a, insn: b823913d, mode: 3, rs1_addr: 10, rs1_rdata: 1ffffffd, rs2_addr: 15, rs2_rdata: 00000000, rd_addr: 10, rd_wdata: 0001ffff, mem_addr: 0001ffff, mem_rdata: 00000000, mem_wdata: 00000000
ClkCycle:       7591, pc_rdata: 000e856a, pc_wdata: 000e856e, insn: b823913d, mode: 3, rs1_addr:  0, rs1_rdata: 00000000, rs2_addr:  0, rs2_rdata: 00000000, rd_addr:  0, rd_wdata: 00000000, mem_addr: 00000000, mem_rdata: 00000000, mem_wdata: 00000000
0000000000000000
ClkCycle:       7592, pc_rdata: 000e856e, pc_wdata: 000e8572, insn: 9101f7f0, mode: 3, rs1_addr:  1, rs1_rdata: 000eb118, rs2_addr: 31, rs2_rdata: 00000000, rd_addr: 16, rd_wdata: 000eb088, mem_addr: 000eb088, mem_rdata: 00000000, mem_wdata: 00000000
ClkCycle:       7593, pc_rdata: 000e8572, pc_wdata: 000e8576, insn: 9101f7f0, mode: 3, rs1_addr:  0, rs1_rdata: 00000000, rs2_addr:  0, rs2_rdata: 00000000, rd_addr:  0, rd_wdata: 00000000, mem_addr: 00000000, mem_rdata: 00000000, mem_wdata: 00000000
ClkCycle:       7594, pc_rdata: 000e8576, pc_wdata: 000e8578, insn: eff00513, mode: 3, rs1_addr: 10, rs1_rdata: 0001ffff, rs2_addr:  0, rs2_rdata: 00000000, rd_addr: 10, rd_wdata: 0001ffff, mem_addr: 0001ffff, mem_rdata: 00000000, mem_wdata: 00000000
ClkCycle:       7595, pc_rdata: 000e8578, pc_wdata: 000e857c, insn: eff00513, mode: 3, rs1_addr:  0, rs1_rdata: 00000000, rs2_addr: 31, rs2_rdata: 00000000, rd_addr: 10, rd_wdata: fffffeff, mem_addr: fffffeff, mem_rdata: 00000000, mem_wdata: 00000000
ClkCycle:       7596, pc_rdata: 000e857c, pc_wdata: 000e857e, insn: b0239179, mode: 3, rs1_addr: 10, rs1_rdata: 0001ffff, rs2_addr: 30, rs2_rdata: 00000000, rd_addr: 10, rd_wdata: 00000003, mem_addr: 00000003, mem_rdata: 00000000, mem_wdata: 00000000
ClkCycle:       7597, pc_rdata: 000e857e, pc_wdata: 000e8582, insn: b0239179, mode: 3, rs1_addr:  0, rs1_rdata: 00000000, rs2_addr:  0, rs2_rdata: 00000000, rd_addr:  0, rd_wdata: 00000000, mem_addr: 00000000, mem_rdata: 00000000, mem_wdata: 00000000
0000000000000000
ClkCycle:       7598, pc_rdata: 000e8582, pc_wdata: 000e8586, insn: 915ddff0, mode: 3, rs1_addr:  1, rs1_rdata: 000eb118, rs2_addr: 31, rs2_rdata: 00000000, rd_addr:  0, rd_wdata: 000eaef8, mem_addr: 000eaef8, mem_rdata: 00000000, mem_wdata: 00000000
ClkCycle:       7599, pc_rdata: 000e8586, pc_wdata: 000e858a, insn: 915ddff0, mode: 3, rs1_addr:  0, rs1_rdata: 00000000, rs2_addr:  0, rs2_rdata: 00000000, rd_addr:  0, rd_wdata: 00000000, mem_addr: 00000000, mem_rdata: 00000000, mem_wdata: 00000000
ClkCycle:       7600, pc_rdata: 000e858a, pc_wdata: 000e858c, insn: bff00513, mode: 3, rs1_addr: 10, rs1_rdata: 00000003, rs2_addr: 23, rs2_rdata: 00003ead, rd_addr: 10, rd_wdata: 00000000, mem_addr: 00000000, mem_rdata: 00000000, mem_wdata: 00003ead
ClkCycle:       7601, pc_rdata: 000e858c, pc_wdata: 000e8590, insn: bff00513, mode: 3, rs1_addr:  0, rs1_rdata: 00000000, rs2_addr: 31, rs2_rdata: 00000000, rd_addr: 10, rd_wdata: fffffbff, mem_addr: fffffbff, mem_rdata: 00000000, mem_wdata: 00000000
ClkCycle:       7602, pc_rdata: 000e8590, pc_wdata: 000e8592, insn: b8238135, mode: 3, rs1_addr: 10, rs1_rdata: 00000003, rs2_addr: 13, rs2_rdata: 1fff7fff, rd_addr: 10, rd_wdata: 0007ffff, mem_addr: 0007ffff, mem_rdata: 00000000, mem_wdata: 1fff7fff
ClkCycle:       7603, pc_rdata: 000e8592, pc_wdata: 000e8596, insn: b8238135, mode: 3, rs1_addr:  0, rs1_rdata: 00000000, rs2_addr:  0, rs2_rdata: 00000000, rd_addr:  0, rd_wdata: 00000000, mem_addr: 00000000, mem_rdata: 00000000, mem_wdata: 00000000
00000001000eb118
ClkCycle:       7604, pc_rdata: 000e8596, pc_wdata: 000e859a, insn: 15130010, mode: 3, rs1_addr:  1, rs1_rdata: 000eb118, rs2_addr:  1, rs2_rdata: 000eb118, rd_addr: 16, rd_wdata: 000eb128, mem_addr: 000eb128, mem_rdata: 00000000, mem_wdata: 000eb118
ClkCycle:       7605, pc_rdata: 000e859a, pc_wdata: 000e859e, insn: 15130010, mode: 3, rs1_addr:  0, rs1_rdata: 00000000, rs2_addr:  0, rs2_rdata: 00000000, rd_addr:  0, rd_wdata: 00000000, mem_addr: 00000000, mem_rdata: 00000000, mem_wdata: 00000000
ClkCycle:       7606, pc_rdata: 000e859e, pc_wdata: 000e85a2, insn: 8111fff5, mode: 3, rs1_addr: 10, rs1_rdata: 0007ffff, rs2_addr: 31, rs2_rdata: 00000000, rd_addr: 10, rd_wdata: 80000000, mem_addr: 80000000, mem_rdata: 00000000, mem_wdata: 00000000
ClkCycle:       7607, pc_rdata: 000e85a2, pc_wdata: 000e85a6, insn: 8111fff5, mode: 3, rs1_addr:  0, rs1_rdata: 00000000, rs2_addr:  0, rs2_rdata: 00000000, rd_addr:  0, rd_wdata: 00000000, mem_addr: 00000000, mem_rdata: 00000000, mem_wdata: 00000000
ClkCycle:       7608, pc_rdata: 000e85a6, pc_wdata: 000e85a8, insn: 00100513, mode: 3, rs1_addr: 10, rs1_rdata: 0007ffff, rs2_addr:  4, rs2_rdata: 6dfdffff, rd_addr: 10, rd_wdata: f8000000, mem_addr: f8000000, mem_rdata: 00000000, mem_wdata: 6dfdffff
ClkCycle:       7609, pc_rdata: 000e85a8, pc_wdata: 000e85ac, insn: 00100513, mode: 3, rs1_addr:  0, rs1_rdata: 00000000, rs2_addr:  1, rs2_rdata: 000eb118, rd_addr: 10, rd_wdata: 00000001, mem_addr: 00000001, mem_rdata: 00000000, mem_wdata: 000eb118
ClkCycle:       7610, pc_rdata: 000e85ac, pc_wdata: 000e85b0, insn: 00c51513, mode: 3, rs1_addr: 10, rs1_rdata: 80000000, rs2_addr: 12, rs2_rdata: fbffff02, rd_addr: 10, rd_wdata: 00001000, mem_addr: 00001000, mem_rdata: 00000000, mem_wdata: fbffff02
ClkCycle:       7611, pc_rdata: 000e85b0, pc_wdata: 000e85b4, insn: fff54513, mode: 3, rs1_addr: 10, rs1_rdata: f8000000, rs2_addr: 31, rs2_rdata: 00000000, rd_addr: 10, rd_wdata: ffffefff, mem_addr: ffffefff, mem_rdata: 00000000, mem_wdata: 00000000
ClkCycle:       7612, pc_rdata: 000e85b4, pc_wdata: 000e85b6, insn: b0238139, mode: 3, rs1_addr: 10, rs1_rdata: 00000001, rs2_addr: 14, rs2_rdata: 07f76dfd, rd_addr: 10, rd_wdata: 0003ffff, mem_addr: 0003ffff, mem_rdata: 00000000, mem_wdata: 07f76dfd
ClkCycle:       7613, pc_rdata: 000e85b6, pc_wdata: 000e85ba, insn: b0238139, mode: 3, rs1_addr:  0, rs1_rdata: 00000000, rs2_addr:  0, rs2_rdata: 00000000, rd_addr:  0, rd_wdata: 00000000, mem_addr: 00000000, mem_rdata: 00000000, mem_wdata: 00000000
00000001000eb118
ClkCycle:       7614, pc_rdata: 000e85ba, pc_wdata: 000e85be, insn: 15130010, mode: 3, rs1_addr:  1, rs1_rdata: 000eb118, rs2_addr:  1, rs2_rdata: 000eb118, rd_addr:  0, rd_wdata: 000eb118, mem_addr: 000eb118, mem_rdata: 00000000, mem_wdata: 000eb118
ClkCycle:       7615, pc_rdata: 000e85be, pc_wdata: 000e85c2, insn: 15130010, mode: 3, rs1_addr:  0, rs1_rdata: 00000000, rs2_addr:  0, rs2_rdata: 00000000, rd_addr:  0, rd_wdata: 00000000, mem_addr: 00000000, mem_rdata: 00000000, mem_wdata: 00000000
ClkCycle:       7616, pc_rdata: 000e85c2, pc_wdata: 000e85c6, insn: 8145fff5, mode: 3, rs1_addr: 10, rs1_rdata: 0003ffff, rs2_addr: 31, rs2_rdata: 00000000, rd_addr: 10, rd_wdata: 80000000, mem_addr: 80000000, mem_rdata: 00000000, mem_wdata: 00000000
ClkCycle:       7617, pc_rdata: 000e85c6, pc_wdata: 000e85ca, insn: 8145fff5, mode: 3, rs1_addr:  0, rs1_rdata: 00000000, rs2_addr:  0, rs2_rdata: 00000000, rd_addr:  0, rd_wdata: 00000000, mem_addr: 00000000, mem_rdata: 00000000, mem_wdata: 00000000
ClkCycle:       7618, pc_rdata: 000e85ca, pc_wdata: 000e85cc, insn: 00100513, mode: 3, rs1_addr: 10, rs1_rdata: 0003ffff, rs2_addr: 17, rs2_rdata: edffffff, rd_addr: 10, rd_wdata: ffffc000, mem_addr: ffffc000, mem_rdata: 00000000, mem_wdata: edffffff
ClkCycle:       7619, pc_rdata: 000e85cc, pc_wdata: 000e85d0, insn: 00100513, mode: 3, rs1_addr:  0, rs1_rdata: 00000000, rs2_addr:  1, rs2_rdata: 000eb118, rd_addr: 10, rd_wdata: 00000001, mem_addr: 00000001, mem_rdata: 00000000, mem_wdata: 000eb118
ClkCycle:       7620, pc_rdata: 000e85d0, pc_wdata: 000e85d4, insn: 00e51513, mode: 3, rs1_addr: 10, rs1_rdata: 80000000, rs2_addr: 14, rs2_rdata: 07f76dfd, rd_addr: 10, rd_wdata: 00004000, mem_addr: 00004000, mem_rdata: 00000000, mem_wdata: 07f76dfd
ClkCycle:       7621, pc_rdata: 000e85d4, pc_wdata: 000e85d8, insn: fff54513, mode: 3, rs1_addr: 10, rs1_rdata: ffffc000, rs2_addr: 31, rs2_rdata: 00000000, rd_addr: 10, rd_wdata: ffffbfff, mem_addr: ffffbfff, mem_rdata: 00000000, mem_wdata: 00000000
ClkCycle:       7622, pc_rdata: 000e85d8, pc_wdata: 000e85da, insn: b8238115, mode: 3, rs1_addr: 10, rs1_rdata: 00000001, rs2_addr:  5, rs2_rdata: eedbfbff, rd_addr: 10, rd_wdata: 07fffdff, mem_addr: 07fffdff, mem_rdata: 00000000, mem_wdata: eedbfbff
ClkCycle:       7623, pc_rdata: 000e85da, pc_wdata: 000e85de, insn: b8238115, mode: 3, rs1_addr:  0, rs1_rdata: 00000000, rs2_addr:  0, rs2_rdata: 00000000, rd_addr:  0, rd_wdata: 00000000, mem_addr: 00000000, mem_rdata: 00000000, mem_wdata: 00000000
00000001000eb118
ClkCycle:       7624, pc_rdata: 000e85de, pc_wdata: 000e85e2, insn: 15130010, mode: 3, rs1_addr:  1, rs1_rdata: 000eb118, rs2_addr:  1, rs2_rdata: 000eb118, rd_addr: 16, rd_wdata: 000eb128, mem_addr: 000eb128, mem_rdata: 00000000, mem_wdata: 000eb118
ClkCycle:       7625, pc_rdata: 000e85e2, pc_wdata: 000e85e6, insn: 15130010, mode: 3, rs1_addr:  0, rs1_rdata: 00000000, rs2_addr:  0, rs2_rdata: 00000000, rd_addr:  0, rd_wdata: 00000000, mem_addr: 00000000, mem_rdata: 00000000, mem_wdata: 00000000
ClkCycle:       7626, pc_rdata: 000e85e6, pc_wdata: 000e85ea, insn: 8125fff5, mode: 3, rs1_addr: 10, rs1_rdata: 07fffdff, rs2_addr: 31, rs2_rdata: 00000000, rd_addr: 10, rd_wdata: 80000000, mem_addr: 80000000, mem_rdata: 00000000, mem_wdata: 00000000
ClkCycle:       7627, pc_rdata: 000e85ea, pc_wdata: 000e85ee, insn: 8125fff5, mode: 3, rs1_addr:  0, rs1_rdata: 00000000, rs2_addr:  0, rs2_rdata: 00000000, rd_addr:  0, rd_wdata: 00000000, mem_addr: 00000000, mem_rdata: 00000000, mem_wdata: 00000000
ClkCycle:       7628, pc_rdata: 000e85ee, pc_wdata: 000e85f0, insn: 00100513, mode: 3, rs1_addr: 10, rs1_rdata: 07fffdff, rs2_addr:  9, rs2_rdata: 00000000, rd_addr: 10, rd_wdata: 7fc00000, mem_addr: 7fc00000, mem_rdata: 00000000, mem_wdata: 00000000
ClkCycle:       7629, pc_rdata: 000e85f0, pc_wdata: 000e85f4, insn: 00100513, mode: 3, rs1_addr:  0, rs1_rdata: 00000000, rs2_addr:  1, rs2_rdata: 000eb118, rd_addr: 10, rd_wdata: 00000001, mem_addr: 00000001, mem_rdata: 00000000, mem_wdata: 000eb118
ClkCycle:       7630, pc_rdata: 000e85f4, pc_wdata: 000e85f8, insn: 01051513, mode: 3, rs1_addr: 10, rs1_rdata: 80000000, rs2_addr: 16, rs2_rdata: 7d5bfddb, rd_addr: 10, rd_wdata: 00010000, mem_addr: 00010000, mem_rdata: 00000000, mem_wdata: 7d5bfddb
ClkCycle:       7631, pc_rdata: 000e85f8, pc_wdata: 000e85fc, insn: fff54513, mode: 3, rs1_addr: 10, rs1_rdata: 7fc00000, rs2_addr: 31, rs2_rdata: 00000000, rd_addr: 10, rd_wdata: fffeffff, mem_addr: fffeffff, mem_rdata: 00000000, mem_wdata: 00000000
ClkCycle:       7632, pc_rdata: 000e85fc, pc_wdata: 000e85fe, insn: b023810d, mode: 3, rs1_addr: 10, rs1_rdata: 00000001, rs2_addr:  3, rs2_rdata: feffffbf, rd_addr: 10, rd_wdata: 1fffdfff, mem_addr: 1fffdfff, mem_rdata: 00000000, mem_wdata: feffffbf
ClkCycle:       7633, pc_rdata: 000e85fe, pc_wdata: 000e8602, insn: b023810d, mode: 3, rs1_addr:  0, rs1_rdata: 00000000, rs2_addr:  0, rs2_rdata: 00000000, rd_addr:  0, rd_wdata: 00000000, mem_addr: 00000000, mem_rdata: 00000000, mem_wdata: 00000000
00000001000eb118
ClkCycle:       7634, pc_rdata: 000e8602, pc_wdata: 000e8606, insn: 15130010, mode: 3, rs1_addr:  1, rs1_rdata: 000eb118, rs2_addr:  1, rs2_rdata: 000eb118, rd_addr:  0, rd_wdata: 000eb118, mem_addr: 000eb118, mem_rdata: 00000000, mem_wdata: 000eb118
ClkCycle:       7635, pc_rdata: 000e8606, pc_wdata: 000e860a, insn: 15130010, mode: 3, rs1_addr:  0, rs1_rdata: 00000000, rs2_addr:  0, rs2_rdata: 00000000, rd_addr:  0, rd_wdata: 00000000, mem_addr: 00000000, mem_rdata: 00000000, mem_wdata: 00000000
ClkCycle:       7636, pc_rdata: 000e860a, pc_wdata: 000e860e, insn: 814dfff5, mode: 3, rs1_addr: 10, rs1_rdata: 1fffdfff, rs2_addr: 31, rs2_rdata: 00000000, rd_addr: 10, rd_wdata: 80000000, mem_addr: 80000000, mem_rdata: 00000000, mem_wdata: 00000000
ClkCycle:       7637, pc_rdata: 000e860e, pc_wdata: 000e8612, insn: 814dfff5, mode: 3, rs1_addr:  0, rs1_rdata: 00000000, rs2_addr:  0, rs2_rdata: 00000000, rd_addr:  0, rd_wdata: 00000000, mem_addr: 00000000, mem_rdata: 00000000, mem_wdata: 00000000
ClkCycle:       7638, pc_rdata: 000e8612, pc_wdata: 000e8614, insn: 00100513, mode: 3, rs1_addr: 10, rs1_rdata: 1fffdfff, rs2_addr: 19, rs2_rdata: dfffb7ff, rd_addr: 10, rd_wdata: fdfff000, mem_addr: fdfff000, mem_rdata: 00000000, mem_wdata: dfffb7ff
ClkCycle:       7639, pc_rdata: 000e8614, pc_wdata: 000e8618, insn: 00100513, mode: 3, rs1_addr:  0, rs1_rdata: 00000000, rs2_addr:  1, rs2_rdata: 000eb118, rd_addr: 10, rd_wdata: 00000001, mem_addr: 00000001, mem_rdata: 00000000, mem_wdata: 000eb118
ClkCycle:       7640, pc_rdata: 000e8618, pc_wdata: 000e861c, insn: 01251513, mode: 3, rs1_addr: 10, rs1_rdata: 80000000, rs2_addr: 18, rs2_rdata: ffdbffff, rd_addr: 10, rd_wdata: 00040000, mem_addr: 00040000, mem_rdata: 00000000, mem_wdata: ffdbffff
ClkCycle:       7641, pc_rdata: 000e861c, pc_wdata: 000e8620, insn: fff54513, mode: 3, rs1_addr: 10, rs1_rdata: fdfff000, rs2_addr: 31, rs2_rdata: 00000000, rd_addr: 10, rd_wdata: fffbffff, mem_addr: fffbffff, mem_rdata: 00000000, mem_wdata: 00000000
ClkCycle:       7642, pc_rdata: 000e8620, pc_wdata: 000e8622, insn: b823817d, mode: 3, rs1_addr: 10, rs1_rdata: 00000001, rs2_addr: 31, rs2_rdata: 00000000, rd_addr: 10, rd_wdata: 00000001, mem_addr: 00000001, mem_rdata: 00000000, mem_wdata: 00000000
ClkCycle:       7643, pc_rdata: 000e8622, pc_wdata: 000e8626, insn: b823817d, mode: 3, rs1_addr:  0, rs1_rdata: 00000000, rs2_addr:  0, rs2_rdata: 00000000, rd_addr:  0, rd_wdata: 00000000, mem_addr: 00000000, mem_rdata: 00000000, mem_wdata: 00000000
00000001000eb118
ClkCycle:       7644, pc_rdata: 000e8626, pc_wdata: 000e862a, insn: 15130010, mode: 3, rs1_addr:  1, rs1_rdata: 000eb118, rs2_addr:  1, rs2_rdata: 000eb118, rd_addr: 16, rd_wdata: 000eb128, mem_addr: 000eb128, mem_rdata: 00000000, mem_wdata: 000eb118
ClkCycle:       7645, pc_rdata: 000e862a, pc_wdata: 000e862e, insn: 15130010, mode: 3, rs1_addr:  0, rs1_rdata: 00000000, rs2_addr:  0, rs2_rdata: 00000000, rd_addr:  0, rd_wdata: 00000000, mem_addr: 00000000, mem_rdata: 00000000, mem_wdata: 00000000
ClkCycle:       7646, pc_rdata: 000e862e, pc_wdata: 000e8632, insn: 8141fff5, mode: 3, rs1_addr: 10, rs1_rdata: 00000001, rs2_addr: 31, rs2_rdata: 00000000, rd_addr: 10, rd_wdata: 80000000, mem_addr: 80000000, mem_rdata: 00000000, mem_wdata: 00000000
ClkCycle:       7647, pc_rdata: 000e8632, pc_wdata: 000e8636, insn: 8141fff5, mode: 3, rs1_addr:  0, rs1_rdata: 00000000, rs2_addr:  0, rs2_rdata: 00000000, rd_addr:  0, rd_wdata: 00000000, mem_addr: 00000000, mem_rdata: 00000000, mem_wdata: 00000000
ClkCycle:       7648, pc_rdata: 000e8636, pc_wdata: 000e8638, insn: 00100513, mode: 3, rs1_addr: 10, rs1_rdata: 00000001, rs2_addr: 16, rs2_rdata: 7d5bfddb, rd_addr: 10, rd_wdata: 00008000, mem_addr: 00008000, mem_rdata: 00000000, mem_wdata: 7d5bfddb
ClkCycle:       7649, pc_rdata: 000e8638, pc_wdata: 000e863c, insn: 00100513, mode: 3, rs1_addr:  0, rs1_rdata: 00000000, rs2_addr:  1, rs2_rdata: 000eb118, rd_addr: 10, rd_wdata: 00000001, mem_addr: 00000001, mem_rdata: 00000000, mem_wdata: 000eb118
ClkCycle:       7650, pc_rdata: 000e863c, pc_wdata: 000e8640, insn: 03951513, mode: 3, rs1_addr: 10, rs1_rdata: 80000000, rs2_addr: 25, rs2_rdata: 00000000, rd_addr: 10, rd_wdata: 02000000, mem_addr: 02000000, mem_rdata: 00000000, mem_wdata: 00000000
ClkCycle:       7651, pc_rdata: 000e8640, pc_wdata: 000e8644, insn: fff54513, mode: 3, rs1_addr: 10, rs1_rdata: 00008000, rs2_addr: 31, rs2_rdata: 00000000, rd_addr: 10, rd_wdata: fdffffff, mem_addr: fdffffff, mem_rdata: 00000000, mem_wdata: 00000000
ClkCycle:       7652, pc_rdata: 000e8644, pc_wdata: 000e8646, insn: b0239179, mode: 3, rs1_addr: 10, rs1_rdata: 00000001, rs2_addr: 30, rs2_rdata: 00000000, rd_addr: 10, rd_wdata: 00000003, mem_addr: 00000003, mem_rdata: 00000000, mem_wdata: 00000000
ClkCycle:       7653, pc_rdata: 000e8646, pc_wdata: 000e864a, insn: b0239179, mode: 3, rs1_addr:  0, rs1_rdata: 00000000, rs2_addr:  0, rs2_rdata: 00000000, rd_addr:  0, rd_wdata: 00000000, mem_addr: 00000000, mem_rdata: 00000000, mem_wdata: 00000000
00000001000eb118
ClkCycle:       7654, pc_rdata: 000e864a, pc_wdata: 000e864e, insn: 15130010, mode: 3, rs1_addr:  1, rs1_rdata: 000eb118, rs2_addr:  1, rs2_rdata: 000eb118, rd_addr:  0, rd_wdata: 000eb118, mem_addr: 000eb118, mem_rdata: 00000000, mem_wdata: 000eb118
ClkCycle:       7655, pc_rdata: 000e864e, pc_wdata: 000e8652, insn: 15130010, mode: 3, rs1_addr:  0, rs1_rdata: 00000000, rs2_addr:  0, rs2_rdata: 00000000, rd_addr:  0, rd_wdata: 00000000, mem_addr: 00000000, mem_rdata: 00000000, mem_wdata: 00000000
ClkCycle:       7656, pc_rdata: 000e8652, pc_wdata: 000e8656, insn: 915dfff5, mode: 3, rs1_addr: 10, rs1_rdata: 00000003, rs2_addr: 31, rs2_rdata: 00000000, rd_addr: 10, rd_wdata: 80000000, mem_addr: 80000000, mem_rdata: 00000000, mem_wdata: 00000000
ClkCycle:       7657, pc_rdata: 000e8656, pc_wdata: 000e865a, insn: 915dfff5, mode: 3, rs1_addr:  0, rs1_rdata: 00000000, rs2_addr:  0, rs2_rdata: 00000000, rd_addr:  0, rd_wdata: 00000000, mem_addr: 00000000, mem_rdata: 00000000, mem_wdata: 00000000
ClkCycle:       7658, pc_rdata: 000e865a, pc_wdata: 000e865c, insn: 00100513, mode: 3, rs1_addr: 10, rs1_rdata: 00000003, rs2_addr: 23, rs2_rdata: 00003ead, rd_addr: 10, rd_wdata: 00000300, mem_addr: 00000300, mem_rdata: 00000000, mem_wdata: 00003ead
ClkCycle:       7659, pc_rdata: 000e865c, pc_wdata: 000e8660, insn: 00100513, mode: 3, rs1_addr:  0, rs1_rdata: 00000000, rs2_addr:  1, rs2_rdata: 000eb118, rd_addr: 10, rd_wdata: 00000001, mem_addr: 00000001, mem_rdata: 00000000, mem_wdata: 000eb118
ClkCycle:       7660, pc_rdata: 000e8660, pc_wdata: 000e8664, insn: 03b51513, mode: 3, rs1_addr: 10, rs1_rdata: 80000000, rs2_addr: 27, rs2_rdata: 00000000, rd_addr: 10, rd_wdata: 08000000, mem_addr: 08000000, mem_rdata: 00000000, mem_wdata: 00000000
ClkCycle:       7661, pc_rdata: 000e8664, pc_wdata: 000e8668, insn: fff54513, mode: 3, rs1_addr: 10, rs1_rdata: 00000300, rs2_addr: 31, rs2_rdata: 00000000, rd_addr: 10, rd_wdata: f7ffffff, mem_addr: f7ffffff, mem_rdata: 00000000, mem_wdata: 00000000
ClkCycle:       7662, pc_rdata: 000e8668, pc_wdata: 000e866a, insn: b8238155, mode: 3, rs1_addr: 10, rs1_rdata: 00000001, rs2_addr: 21, rs2_rdata: 0fab7ffe, rd_addr: 10, rd_wdata: 000007bf, mem_addr: 000007bf, mem_rdata: 00000000, mem_wdata: 0fab7ffe
ClkCycle:       7663, pc_rdata: 000e866a, pc_wdata: 000e866e, insn: b8238155, mode: 3, rs1_addr:  0, rs1_rdata: 00000000, rs2_addr:  0, rs2_rdata: 00000000, rd_addr:  0, rd_wdata: 00000000, mem_addr: 00000000, mem_rdata: 00000000, mem_wdata: 00000000
00000001000eb118
ClkCycle:       7664, pc_rdata: 000e866e, pc_wdata: 000e8672, insn: 15130010, mode: 3, rs1_addr:  1, rs1_rdata: 000eb118, rs2_addr:  1, rs2_rdata: 000eb118, rd_addr: 16, rd_wdata: 000eb128, mem_addr: 000eb128, mem_rdata: 00000000, mem_wdata: 000eb118
ClkCycle:       7665, pc_rdata: 000e8672, pc_wdata: 000e8676, insn: 15130010, mode: 3, rs1_addr:  0, rs1_rdata: 00000000, rs2_addr:  0, rs2_rdata: 00000000, rd_addr:  0, rd_wdata: 00000000, mem_addr: 00000000, mem_rdata: 00000000, mem_wdata: 00000000
ClkCycle:       7666, pc_rdata: 000e8676, pc_wdata: 000e867a, insn: 8125fff5, mode: 3, rs1_addr: 10, rs1_rdata: 000007bf, rs2_addr: 31, rs2_rdata: 00000000, rd_addr: 10, rd_wdata: 80000000, mem_addr: 80000000, mem_rdata: 00000000, mem_wdata: 00000000
ClkCycle:       7667, pc_rdata: 000e867a, pc_wdata: 000e867e, insn: 8125fff5, mode: 3, rs1_addr:  0, rs1_rdata: 00000000, rs2_addr:  0, rs2_rdata: 00000000, rd_addr:  0, rd_wdata: 00000000, mem_addr: 00000000, mem_rdata: 00000000, mem_wdata: 00000000
ClkCycle:       7668, pc_rdata: 000e867e, pc_wdata: 000e8680, insn: 00100513, mode: 3, rs1_addr: 10, rs1_rdata: 000007bf, rs2_addr:  9, rs2_rdata: 00000000, rd_addr: 10, rd_wdata: efc00000, mem_addr: efc00000, mem_rdata: 00000000, mem_wdata: 00000000
ClkCycle:       7669, pc_rdata: 000e8680, pc_wdata: 000e8684, insn: 00100513, mode: 3, rs1_addr:  0, rs1_rdata: 00000000, rs2_addr:  1, rs2_rdata: 000eb118, rd_addr: 10, rd_wdata: 00000001, mem_addr: 00000001, mem_rdata: 00000000, mem_wdata: 000eb118
ClkCycle:       7670, pc_rdata: 000e8684, pc_wdata: 000e8688, insn: 03d51513, mode: 3, rs1_addr: 10, rs1_rdata: 80000000, rs2_addr: 29, rs2_rdata: 00000000, rd_addr: 10, rd_wdata: 20000000, mem_addr: 20000000, mem_rdata: 00000000, mem_wdata: 00000000
ClkCycle:       7671, pc_rdata: 000e8688, pc_wdata: 000e868c, insn: fff54513, mode: 3, rs1_addr: 10, rs1_rdata: efc00000, rs2_addr: 31, rs2_rdata: 00000000, rd_addr: 10, rd_wdata: dfffffff, mem_addr: dfffffff, mem_rdata: 00000000, mem_wdata: 00000000
ClkCycle:       7672, pc_rdata: 000e868c, pc_wdata: 000e868e, insn: b0238119, mode: 3, rs1_addr: 10, rs1_rdata: 00000001, rs2_addr:  6, rs2_rdata: 1fddb7f7, rd_addr: 10, rd_wdata: 037fffff, mem_addr: 037fffff, mem_rdata: 00000000, mem_wdata: 1fddb7f7
ClkCycle:       7673, pc_rdata: 000e868e, pc_wdata: 000e8692, insn: b0238119, mode: 3, rs1_addr:  0, rs1_rdata: 00000000, rs2_addr:  0, rs2_rdata: 00000000, rd_addr:  0, rd_wdata: 00000000, mem_addr: 00000000, mem_rdata: 00000000, mem_wdata: 00000000
00000001000eb118
ClkCycle:       7674, pc_rdata: 000e8692, pc_wdata: 000e8696, insn: 15130010, mode: 3, rs1_addr:  1, rs1_rdata: 000eb118, rs2_addr:  1, rs2_rdata: 000eb118, rd_addr:  0, rd_wdata: 000eb118, mem_addr: 000eb118, mem_rdata: 00000000, mem_wdata: 000eb118
ClkCycle:       7675, pc_rdata: 000e8696, pc_wdata: 000e869a, insn: 15130010, mode: 3, rs1_addr:  0, rs1_rdata: 00000000, rs2_addr:  0, rs2_rdata: 00000000, rd_addr:  0, rd_wdata: 00000000, mem_addr: 00000000, mem_rdata: 00000000, mem_wdata: 00000000
ClkCycle:       7676, pc_rdata: 000e869a, pc_wdata: 000e869e, insn: 8141fff5, mode: 3, rs1_addr: 10, rs1_rdata: 037fffff, rs2_addr: 31, rs2_rdata: 00000000, rd_addr: 10, rd_wdata: 80000000, mem_addr: 80000000, mem_rdata: 00000000, mem_wdata: 00000000
ClkCycle:       7677, pc_rdata: 000e869e, pc_wdata: 000e86a2, insn: 8141fff5, mode: 3, rs1_addr:  0, rs1_rdata: 00000000, rs2_addr:  0, rs2_rdata: 00000000, rd_addr:  0, rd_wdata: 00000000, mem_addr: 00000000, mem_rdata: 00000000, mem_wdata: 00000000
ClkCycle:       7678, pc_rdata: 000e86a2, pc_wdata: 000e86a4, insn: 55555537, mode: 3, rs1_addr: 10, rs1_rdata: 037fffff, rs2_addr: 16, rs2_rdata: 7d5bfddb, rd_addr: 10, rd_wdata: ffff8000, mem_addr: ffff8000, mem_rdata: 00000000, mem_wdata: 7d5bfddb
ClkCycle:       7679, pc_rdata: 000e86a4, pc_wdata: 000e86a8, insn: 55555537, mode: 3, rs1_addr: 10, rs1_rdata: 80000000, rs2_addr: 21, rs2_rdata: 0fab7ffe, rd_addr: 10, rd_wdata: 55555000, mem_addr: 55555000, mem_rdata: 00000000, mem_wdata: 0fab7ffe
ClkCycle:       7680, pc_rdata: 000e86a8, pc_wdata: 000e86ac, insn: 55550513, mode: 3, rs1_addr: 10, rs1_rdata: 80000000, rs2_addr: 21, rs2_rdata: 0fab7ffe, rd_addr: 10, rd_wdata: 55555555, mem_addr: 55555555, mem_rdata: 00000000, mem_wdata: 0fab7ffe
ClkCycle:       7681, pc_rdata: 000e86ac, pc_wdata: 000e86b0, insn: 00b51513, mode: 3, rs1_addr: 10, rs1_rdata: ffff8000, rs2_addr: 11, rs2_rdata: 00feedbc, rd_addr: 10, rd_wdata: aaaaa800, mem_addr: aaaaa800, mem_rdata: 00000000, mem_wdata: 00feedbc
ClkCycle:       7682, pc_rdata: 000e86b0, pc_wdata: 000e86b4, insn: 2aa50513, mode: 3, rs1_addr: 10, rs1_rdata: 55555000, rs2_addr: 10, rs2_rdata: 55555000, rd_addr: 10, rd_wdata: aaaaaaaa, mem_addr: aaaaaaaa, mem_rdata: 00000000, mem_wdata: aaaaa800
ClkCycle:       7683, pc_rdata: 000e86b4, pc_wdata: 000e86b8, insn: 00b51513, mode: 3, rs1_addr: 10, rs1_rdata: 55555555, rs2_addr: 11, rs2_rdata: 00feedbc, rd_addr: 10, rd_wdata: 55555000, mem_addr: 55555000, mem_rdata: 00000000, mem_wdata: 00feedbc
ClkCycle:       7684, pc_rdata: 000e86b8, pc_wdata: 000e86bc, insn: 55550513, mode: 3, rs1_addr: 10, rs1_rdata: aaaaa800, rs2_addr: 21, rs2_rdata: 0fab7ffe, rd_addr: 10, rd_wdata: 55555555, mem_addr: 55555555, mem_rdata: 00000000, mem_wdata: 0fab7ffe
ClkCycle:       7685, pc_rdata: 000e86bc, pc_wdata: 000e86c0, insn: 00a51513, mode: 3, rs1_addr: 10, rs1_rdata: aaaaaaaa, rs2_addr: 10, rs2_rdata: aaaaaaaa, rd_addr: 10, rd_wdata: 55555400, mem_addr: 55555400, mem_rdata: 00000000, mem_wdata: 55555555
ClkCycle:       7686, pc_rdata: 000e86c0, pc_wdata: 000e86c4, insn: 15550513, mode: 3, rs1_addr: 10, rs1_rdata: 55555000, rs2_addr: 21, rs2_rdata: 0fab7ffe, rd_addr: 10, rd_wdata: 55555555, mem_addr: 55555555, mem_rdata: 00000000, mem_wdata: 0fab7ffe
ClkCycle:       7687, pc_rdata: 000e86c4, pc_wdata: 000e86c6, insn: b823817d, mode: 3, rs1_addr: 10, rs1_rdata: 55555555, rs2_addr: 31, rs2_rdata: 00000000, rd_addr: 10, rd_wdata: aaaaaaaa, mem_addr: aaaaaaaa, mem_rdata: 00000000, mem_wdata: 00000000
ClkCycle:       7688, pc_rdata: 000e86c6, pc_wdata: 000e86ca, insn: b823817d, mode: 3, rs1_addr:  0, rs1_rdata: 00000000, rs2_addr:  0, rs2_rdata: 00000000, rd_addr:  0, rd_wdata: 00000000, mem_addr: 00000000, mem_rdata: 00000000, mem_wdata: 00000000
00000000aaaaaaaa
ClkCycle:       7689, pc_rdata: 000e86ca, pc_wdata: 000e86ce, insn: 0513aaaa, mode: 3, rs1_addr: 21, rs1_rdata: 0fab7ffe, rs2_addr: 10, rs2_rdata: 55555555, rd_addr: 16, rd_wdata: 0fab7aae, mem_addr: 0fab7aae, mem_rdata: 00000000, mem_wdata: aaaaaaaa
ClkCycle:       7690, pc_rdata: 000e86ce, pc_wdata: 000e86d2, insn: 0513aaaa, mode: 3, rs1_addr:  0, rs1_rdata: 00000000, rs2_addr:  0, rs2_rdata: 00000000, rd_addr:  0, rd_wdata: 00000000, mem_addr: 00000000, mem_rdata: 00000000, mem_wdata: 00000000
ClkCycle:       7691, pc_rdata: 000e86d2, pc_wdata: 000e86d6, insn: 051300b5, mode: 3, rs1_addr: 10, rs1_rdata: aaaaaaaa, rs2_addr: 11, rs2_rdata: 00feedbc, rd_addr: 10, rd_wdata: aaaaaab5, mem_addr: aaaaaab5, mem_rdata: 00000000, mem_wdata: 00feedbc
ClkCycle:       7692, pc_rdata: 000e86d6, pc_wdata: 000e86da, insn: 051300b5, mode: 3, rs1_addr:  0, rs1_rdata: 00000000, rs2_addr:  0, rs2_rdata: 00000000, rd_addr:  0, rd_wdata: 00000000, mem_addr: 00000000, mem_rdata: 00000000, mem_wdata: 00000000
ClkCycle:       7693, pc_rdata: 000e86da, pc_wdata: 000e86de, insn: 051300b5, mode: 3, rs1_addr: 10, rs1_rdata: aaaaaaaa, rs2_addr: 11, rs2_rdata: 00feedbc, rd_addr: 10, rd_wdata: aaaaaac0, mem_addr: aaaaaac0, mem_rdata: 00000000, mem_wdata: 00feedbc
ClkCycle:       7694, pc_rdata: 000e86de, pc_wdata: 000e86e2, insn: 051300b5, mode: 3, rs1_addr:  0, rs1_rdata: 00000000, rs2_addr:  0, rs2_rdata: 00000000, rd_addr:  0, rd_wdata: 00000000, mem_addr: 00000000, mem_rdata: 00000000, mem_wdata: 00000000
ClkCycle:       7695, pc_rdata: 000e86e2, pc_wdata: 000e86e6, insn: 051300a5, mode: 3, rs1_addr: 10, rs1_rdata: aaaaaab5, rs2_addr: 10, rs2_rdata: aaaaaab5, rd_addr: 10, rd_wdata: aaaaaaca, mem_addr: aaaaaaca, mem_rdata: 00000000, mem_wdata: aaaaaac0
ClkCycle:       7696, pc_rdata: 000e86e6, pc_wdata: 000e86ea, insn: 051300a5, mode: 3, rs1_addr:  0, rs1_rdata: 00000000, rs2_addr:  0, rs2_rdata: 00000000, rd_addr:  0, rd_wdata: 00000000, mem_addr: 00000000, mem_rdata: 00000000, mem_wdata: 00000000
ClkCycle:       7697, pc_rdata: 000e86ea, pc_wdata: 000e86ee, insn: 2ea0bc23, mode: 3, rs1_addr:  6, rs1_rdata: 1fddb7f7, rs2_addr:  2, rs2_rdata: 7fffdfff, rd_addr: 10, rd_wdata: 1fddb3b9, mem_addr: 1fddb3b9, mem_rdata: 00000000, mem_wdata: 7fffdfff
ClkCycle:       7698, pc_rdata: 000e86ee, pc_wdata: 000e86f2, insn: 2ea0bc23, mode: 3, rs1_addr:  0, rs1_rdata: 00000000, rs2_addr:  0, rs2_rdata: 00000000, rd_addr:  0, rd_wdata: 00000000, mem_addr: 00000000, mem_rdata: 00000000, mem_wdata: 00000000
ClkCycle:       7699, pc_rdata: 000e86f2, pc_wdata: 000e86f4, insn: b0238131, mode: 3, rs1_addr:  2, rs1_rdata: 7fffdfff, rs2_addr: 24, rs2_rdata: 0000007d, rd_addr:  8, rd_wdata: 7fffe357, mem_addr: 7fffe357, mem_rdata: 00000000, mem_wdata: 0000007d
ClkCycle:       7700, pc_rdata: 000e86f4, pc_wdata: 000e86f6, insn: b0238131, mode: 3, rs1_addr: 10, rs1_rdata: 1fddb3b9, rs2_addr: 12, rs2_rdata: fbffff02, rd_addr: 10, rd_wdata: 0011fddb, mem_addr: 0011fddb, mem_rdata: 00000000, mem_wdata: fbffff02
ClkCycle:       7701, pc_rdata: 000e86f6, pc_wdata: 000e86fa, insn: b0238131, mode: 3, rs1_addr:  0, rs1_rdata: 00000000, rs2_addr:  0, rs2_rdata: 00000000, rd_addr:  0, rd_wdata: 00000000, mem_addr: 00000000, mem_rdata: 00000000, mem_wdata: 00000000
000003eadfffb7ff
ClkCycle:       7702, pc_rdata: 000e86fa, pc_wdata: 000e86fe, insn: 05133333, mode: 3, rs1_addr:  7, rs1_rdata: 003fbb6f, rs2_addr: 19, rs2_rdata: dfffb7ff, rd_addr:  0, rd_wdata: 003fbe8f, mem_addr: 003fbe8f, mem_rdata: 00000000, mem_wdata: dfffb7ff
ClkCycle:       7703, pc_rdata: 000e86fe, pc_wdata: 000e8702, insn: 05133333, mode: 3, rs1_addr:  0, rs1_rdata: 00000000, rs2_addr:  0, rs2_rdata: 00000000, rd_addr:  0, rd_wdata: 00000000, mem_addr: 00000000, mem_rdata: 00000000, mem_wdata: 00000000
ClkCycle:       7704, pc_rdata: 000e8702, pc_wdata: 000e8706, insn: 051300b5, mode: 3, rs1_addr: 10, rs1_rdata: 0011fddb, rs2_addr: 11, rs2_rdata: 00feedbc, rd_addr: 10, rd_wdata: 0011fde6, mem_addr: 0011fde6, mem_rdata: 00000000, mem_wdata: 00feedbc
ClkCycle:       7705, pc_rdata: 000e8706, pc_wdata: 000e870a, insn: 051300b5, mode: 3, rs1_addr:  0, rs1_rdata: 00000000, rs2_addr:  0, rs2_rdata: 00000000, rd_addr:  0, rd_wdata: 00000000, mem_addr: 00000000, mem_rdata: 00000000, mem_wdata: 00000000
ClkCycle:       7706, pc_rdata: 000e870a, pc_wdata: 000e870e, insn: 051300b5, mode: 3, rs1_addr: 10, rs1_rdata: 0011fddb, rs2_addr: 11, rs2_rdata: 00feedbc, rd_addr: 10, rd_wdata: 0011fdf1, mem_addr: 0011fdf1, mem_rdata: 00000000, mem_wdata: 00feedbc
ClkCycle:       7707, pc_rdata: 000e870e, pc_wdata: 000e8712, insn: 051300b5, mode: 3, rs1_addr:  0, rs1_rdata: 00000000, rs2_addr:  0, rs2_rdata: 00000000, rd_addr:  0, rd_wdata: 00000000, mem_addr: 00000000, mem_rdata: 00000000, mem_wdata: 00000000
ClkCycle:       7708, pc_rdata: 000e8712, pc_wdata: 000e8716, insn: 051300a5, mode: 3, rs1_addr: 10, rs1_rdata: 0011fde6, rs2_addr: 10, rs2_rdata: 0011fde6, rd_addr: 10, rd_wdata: 0011fdfb, mem_addr: 0011fdfb, mem_rdata: 00000000, mem_wdata: 0011fdf1
ClkCycle:       7709, pc_rdata: 000e8716, pc_wdata: 000e871a, insn: 051300a5, mode: 3, rs1_addr:  0, rs1_rdata: 00000000, rs2_addr:  0, rs2_rdata: 00000000, rd_addr:  0, rd_wdata: 00000000, mem_addr: 00000000, mem_rdata: 00000000, mem_wdata: 00000000
ClkCycle:       7710, pc_rdata: 000e871a, pc_wdata: 000e871e, insn: 30a0b423, mode: 3, rs1_addr:  6, rs1_rdata: 1fddb7f7, rs2_addr:  2, rs2_rdata: 7fffdfff, rd_addr: 10, rd_wdata: 1fddb339, mem_addr: 1fddb339, mem_rdata: 00000000, mem_wdata: 7fffdfff
ClkCycle:       7711, pc_rdata: 000e871e, pc_wdata: 000e8722, insn: 30a0b423, mode: 3, rs1_addr:  0, rs1_rdata: 00000000, rs2_addr:  0, rs2_rdata: 00000000, rd_addr:  0, rd_wdata: 00000000, mem_addr: 00000000, mem_rdata: 00000000, mem_wdata: 00000000
ClkCycle:       7712, pc_rdata: 000e8722, pc_wdata: 000e8724, insn: 66650513, mode: 3, rs1_addr:  2, rs1_rdata: 7fffdfff, rs2_addr:  8, rs2_rdata: 7fffe357, rd_addr:  8, rd_wdata: 7fffe067, mem_addr: 7fffe067, mem_rdata: 00000000, mem_wdata: 7fffe357
ClkCycle:       7713, pc_rdata: 000e8724, pc_wdata: 000e8728, insn: 66650513, mode: 3, rs1_addr: 10, rs1_rdata: 1fddb339, rs2_addr:  6, rs2_rdata: 1fddb7f7, rd_addr: 10, rd_wdata: 1fddb99f, mem_addr: 1fddb99f, mem_rdata: 00000000, mem_wdata: 1fddb7f7
ClkCycle:       7714, pc_rdata: 000e8728, pc_wdata: 000e872c, insn: 00b51513, mode: 3, rs1_addr: 10, rs1_rdata: 1fddb339, rs2_addr: 11, rs2_rdata: 00feedbc, rd_addr: 10, rd_wdata: edccf800, mem_addr: edccf800, mem_rdata: 00000000, mem_wdata: 00feedbc
ClkCycle:       7715, pc_rdata: 000e872c, pc_wdata: 000e8730, insn: 33350513, mode: 3, rs1_addr: 10, rs1_rdata: 1fddb339, rs2_addr: 19, rs2_rdata: dfffb7ff, rd_addr: 10, rd_wdata: edccfb33, mem_addr: edccfb33, mem_rdata: 00000000, mem_wdata: dfffb7ff
ClkCycle:       7716, pc_rdata: 000e8730, pc_wdata: 000e8734, insn: 00b51513, mode: 3, rs1_addr: 10, rs1_rdata: 1fddb99f, rs2_addr: 11, rs2_rdata: 00feedbc, rd_addr: 10, rd_wdata: 67d99800, mem_addr: 67d99800, mem_rdata: 00000000, mem_wdata: 00feedbc
ClkCycle:       7717, pc_rdata: 000e8734, pc_wdata: 000e8738, insn: 19950513, mode: 3, rs1_addr: 10, rs1_rdata: edccf800, rs2_addr: 25, rs2_rdata: 00000000, rd_addr: 10, rd_wdata: 67d99999, mem_addr: 67d99999, mem_rdata: 00000000, mem_wdata: 00000000
ClkCycle:       7718, pc_rdata: 000e8738, pc_wdata: 000e873c, insn: 00a51513, mode: 3, rs1_addr: 10, rs1_rdata: edccfb33, rs2_addr: 10, rs2_rdata: edccfb33, rd_addr: 10, rd_wdata: 66666400, mem_addr: 66666400, mem_rdata: 00000000, mem_wdata: 67d99999
ClkCycle:       7719, pc_rdata: 000e873c, pc_wdata: 000e8740, insn: 26650513, mode: 3, rs1_addr: 10, rs1_rdata: 67d99800, rs2_addr:  6, rs2_rdata: 1fddb7f7, rd_addr: 10, rd_wdata: 66666666, mem_addr: 66666666, mem_rdata: 00000000, mem_wdata: 1fddb7f7
ClkCycle:       7720, pc_rdata: 000e8740, pc_wdata: 000e8742, insn: b823812d, mode: 3, rs1_addr: 10, rs1_rdata: 67d99999, rs2_addr: 11, rs2_rdata: 00feedbc, rd_addr: 10, rd_wdata: 33eccccc, mem_addr: 33eccccc, mem_rdata: 00000000, mem_wdata: 00feedbc
ClkCycle:       7721, pc_rdata: 000e8742, pc_wdata: 000e8746, insn: b823812d, mode: 3, rs1_addr:  0, rs1_rdata: 00000000, rs2_addr:  0, rs2_rdata: 00000000, rd_addr:  0, rd_wdata: 00000000, mem_addr: 00000000, mem_rdata: 00000000, mem_wdata: 00000000
0000000000000000
ClkCycle:       7722, pc_rdata: 000e8746, pc_wdata: 000e874a, insn: 05130000, mode: 3, rs1_addr:  1, rs1_rdata: 000eb118, rs2_addr:  0, rs2_rdata: 00000000, rd_addr: 16, rd_wdata: 000eb128, mem_addr: 000eb128, mem_rdata: 00000000, mem_wdata: 00000000
ClkCycle:       7723, pc_rdata: 000e874a, pc_wdata: 000e874e, insn: 05130000, mode: 3, rs1_addr:  0, rs1_rdata: 00000000, rs2_addr:  0, rs2_rdata: 00000000, rd_addr:  0, rd_wdata: 00000000, mem_addr: 00000000, mem_rdata: 00000000, mem_wdata: 00000000
ClkCycle:       7724, pc_rdata: 000e874e, pc_wdata: 000e8752, insn: 051300b5, mode: 3, rs1_addr: 10, rs1_rdata: 33eccccc, rs2_addr: 11, rs2_rdata: 00feedbc, rd_addr: 10, rd_wdata: 33ecccd7, mem_addr: 33ecccd7, mem_rdata: 00000000, mem_wdata: 00feedbc
ClkCycle:       7725, pc_rdata: 000e8752, pc_wdata: 000e8756, insn: 051300b5, mode: 3, rs1_addr:  0, rs1_rdata: 00000000, rs2_addr:  0, rs2_rdata: 00000000, rd_addr:  0, rd_wdata: 00000000, mem_addr: 00000000, mem_rdata: 00000000, mem_wdata: 00000000
ClkCycle:       7726, pc_rdata: 000e8756, pc_wdata: 000e875a, insn: 051300b5, mode: 3, rs1_addr: 10, rs1_rdata: 33eccccc, rs2_addr: 11, rs2_rdata: 00feedbc, rd_addr: 10, rd_wdata: 33eccce2, mem_addr: 33eccce2, mem_rdata: 00000000, mem_wdata: 00feedbc
ClkCycle:       7727, pc_rdata: 000e875a, pc_wdata: 000e875e, insn: 051300b5, mode: 3, rs1_addr:  0, rs1_rdata: 00000000, rs2_addr:  0, rs2_rdata: 00000000, rd_addr:  0, rd_wdata: 00000000, mem_addr: 00000000, mem_rdata: 00000000, mem_wdata: 00000000
ClkCycle:       7728, pc_rdata: 000e875e, pc_wdata: 000e8762, insn: 051300a5, mode: 3, rs1_addr: 10, rs1_rdata: 33ecccd7, rs2_addr: 10, rs2_rdata: 33ecccd7, rd_addr: 10, rd_wdata: 33ecccec, mem_addr: 33ecccec, mem_rdata: 00000000, mem_wdata: 33eccce2
ClkCycle:       7729, pc_rdata: 000e8762, pc_wdata: 000e8766, insn: 051300a5, mode: 3, rs1_addr:  0, rs1_rdata: 00000000, rs2_addr:  0, rs2_rdata: 00000000, rd_addr:  0, rd_wdata: 00000000, mem_addr: 00000000, mem_rdata: 00000000, mem_wdata: 00000000
ClkCycle:       7730, pc_rdata: 000e8766, pc_wdata: 000e876a, insn: 30a0bc23, mode: 3, rs1_addr:  6, rs1_rdata: 1fddb7f7, rs2_addr:  2, rs2_rdata: 7fffdfff, rd_addr: 10, rd_wdata: 1fddb3b9, mem_addr: 1fddb3b9, mem_rdata: 00000000, mem_wdata: 7fffdfff
ClkCycle:       7731, pc_rdata: 000e876a, pc_wdata: 000e876e, insn: 30a0bc23, mode: 3, rs1_addr:  0, rs1_rdata: 00000000, rs2_addr:  0, rs2_rdata: 00000000, rd_addr:  0, rd_wdata: 00000000, mem_addr: 00000000, mem_rdata: 00000000, mem_wdata: 00000000
ClkCycle:       7732, pc_rdata: 000e876e, pc_wdata: 000e8770, insn: 00050513, mode: 3, rs1_addr:  2, rs1_rdata: 7fffdfff, rs2_addr:  8, rs2_rdata: 7fffe067, rd_addr:  8, rd_wdata: 7fffe067, mem_addr: 7fffe067, mem_rdata: 00000000, mem_wdata: 7fffe067
ClkCycle:       7733, pc_rdata: 000e8770, pc_wdata: 000e8774, insn: 00050513, mode: 3, rs1_addr: 10, rs1_rdata: 1fddb3b9, rs2_addr:  0, rs2_rdata: 00000000, rd_addr: 10, rd_wdata: 1fddb3b9, mem_addr: 1fddb3b9, mem_rdata: 00000000, mem_wdata: 00000000
ClkCycle:       7734, pc_rdata: 000e8774, pc_wdata: 000e8778, insn: 00b51513, mode: 3, rs1_addr: 10, rs1_rdata: 1fddb3b9, rs2_addr: 11, rs2_rdata: 00feedbc, rd_addr: 10, rd_wdata: ed9dc800, mem_addr: ed9dc800, mem_rdata: 00000000, mem_wdata: 00feedbc
ClkCycle:       7735, pc_rdata: 000e8778, pc_wdata: 000e877c, insn: 5a850513, mode: 3, rs1_addr: 10, rs1_rdata: 1fddb3b9, rs2_addr:  8, rs2_rdata: 7fffe067, rd_addr: 10, rd_wdata: ed9dcda8, mem_addr: ed9dcda8, mem_rdata: 00000000, mem_wdata: 7fffe067
ClkCycle:       7736, pc_rdata: 000e877c, pc_wdata: 000e8780, insn: 00b51513, mode: 3, rs1_addr: 10, rs1_rdata: 1fddb3b9, rs2_addr: 11, rs2_rdata: 00feedbc, rd_addr: 10, rd_wdata: ee6d4000, mem_addr: ee6d4000, mem_rdata: 00000000, mem_wdata: 00feedbc
ClkCycle:       7737, pc_rdata: 000e8780, pc_wdata: 000e8784, insn: 13c50513, mode: 3, rs1_addr: 10, rs1_rdata: ed9dc800, rs2_addr: 28, rs2_rdata: 00000000, rd_addr: 10, rd_wdata: ee6d413c, mem_addr: ee6d413c, mem_rdata: 00000000, mem_wdata: 00000000
ClkCycle:       7738, pc_rdata: 000e8784, pc_wdata: 000e8788, insn: 00a51513, mode: 3, rs1_addr: 10, rs1_rdata: ed9dcda8, rs2_addr: 10, rs2_rdata: ed9dcda8, rd_addr: 10, rd_wdata: b504f000, mem_addr: b504f000, mem_rdata: 00000000, mem_wdata: ee6d413c
ClkCycle:       7739, pc_rdata: 000e8788, pc_wdata: 000e878c, insn: 33350513, mode: 3, rs1_addr: 10, rs1_rdata: ee6d4000, rs2_addr: 19, rs2_rdata: dfffb7ff, rd_addr: 10, rd_wdata: b504f333, mem_addr: b504f333, mem_rdata: 00000000, mem_wdata: dfffb7ff
ClkCycle:       7740, pc_rdata: 000e878c, pc_wdata: 000e878e, insn: b023811d, mode: 3, rs1_addr: 10, rs1_rdata: ee6d413c, rs2_addr:  7, rs2_rdata: 003fbb6f, rd_addr: 10, rd_wdata: 736a09e6, mem_addr: 736a09e6, mem_rdata: 00000000, mem_wdata: 003fbb6f
ClkCycle:       7741, pc_rdata: 000e878e, pc_wdata: 000e8792, insn: b023811d, mode: 3, rs1_addr:  0, rs1_rdata: 00000000, rs2_addr:  0, rs2_rdata: 00000000, rd_addr:  0, rd_wdata: 00000000, mem_addr: 00000000, mem_rdata: 00000000, mem_wdata: 00000000
000000000fab7ffe
ClkCycle:       7742, pc_rdata: 000e8792, pc_wdata: 000e8796, insn: 05135555, mode: 3, rs1_addr: 11, rs1_rdata: 00feedbc, rs2_addr: 21, rs2_rdata: 0fab7ffe, rd_addr:  0, rd_wdata: 00fef2fc, mem_addr: 00fef2fc, mem_rdata: 00000000, mem_wdata: 0fab7ffe
ClkCycle:       7743, pc_rdata: 000e8796, pc_wdata: 000e879a, insn: 05135555, mode: 3, rs1_addr:  0, rs1_rdata: 00000000, rs2_addr:  0, rs2_rdata: 00000000, rd_addr:  0, rd_wdata: 00000000, mem_addr: 00000000, mem_rdata: 00000000, mem_wdata: 00000000
ClkCycle:       7744, pc_rdata: 000e879a, pc_wdata: 000e879e, insn: 051300b5, mode: 3, rs1_addr: 10, rs1_rdata: 736a09e6, rs2_addr: 11, rs2_rdata: 00feedbc, rd_addr: 10, rd_wdata: 736a09f1, mem_addr: 736a09f1, mem_rdata: 00000000, mem_wdata: 00feedbc
ClkCycle:       7745, pc_rdata: 000e879e, pc_wdata: 000e87a2, insn: 051300b5, mode: 3, rs1_addr:  0, rs1_rdata: 00000000, rs2_addr:  0, rs2_rdata: 00000000, rd_addr:  0, rd_wdata: 00000000, mem_addr: 00000000, mem_rdata: 00000000, mem_wdata: 00000000
ClkCycle:       7746, pc_rdata: 000e87a2, pc_wdata: 000e87a6, insn: 051300b5, mode: 3, rs1_addr: 10, rs1_rdata: 736a09e6, rs2_addr: 11, rs2_rdata: 00feedbc, rd_addr: 10, rd_wdata: 736a09fc, mem_addr: 736a09fc, mem_rdata: 00000000, mem_wdata: 00feedbc
ClkCycle:       7747, pc_rdata: 000e87a6, pc_wdata: 000e87aa, insn: 051300b5, mode: 3, rs1_addr:  0, rs1_rdata: 00000000, rs2_addr:  0, rs2_rdata: 00000000, rd_addr:  0, rd_wdata: 00000000, mem_addr: 00000000, mem_rdata: 00000000, mem_wdata: 00000000
ClkCycle:       7748, pc_rdata: 000e87aa, pc_wdata: 000e87ae, insn: 051300a5, mode: 3, rs1_addr: 10, rs1_rdata: 736a09f1, rs2_addr: 10, rs2_rdata: 736a09f1, rd_addr: 10, rd_wdata: 736a0a06, mem_addr: 736a0a06, mem_rdata: 00000000, mem_wdata: 736a09fc
ClkCycle:       7749, pc_rdata: 000e87ae, pc_wdata: 000e87b2, insn: 051300a5, mode: 3, rs1_addr:  0, rs1_rdata: 00000000, rs2_addr:  0, rs2_rdata: 00000000, rd_addr:  0, rd_wdata: 00000000, mem_addr: 00000000, mem_rdata: 00000000, mem_wdata: 00000000
ClkCycle:       7750, pc_rdata: 000e87b2, pc_wdata: 000e87b6, insn: 32a0b423, mode: 3, rs1_addr:  6, rs1_rdata: 1fddb7f7, rs2_addr:  2, rs2_rdata: 7fffdfff, rd_addr: 10, rd_wdata: 1fddb339, mem_addr: 1fddb339, mem_rdata: 00000000, mem_wdata: 7fffdfff
ClkCycle:       7751, pc_rdata: 000e87b6, pc_wdata: 000e87ba, insn: 32a0b423, mode: 3, rs1_addr:  0, rs1_rdata: 00000000, rs2_addr:  0, rs2_rdata: 00000000, rd_addr:  0, rd_wdata: 00000000, mem_addr: 00000000, mem_rdata: 00000000, mem_wdata: 00000000
ClkCycle:       7752, pc_rdata: 000e87ba, pc_wdata: 000e87bc, insn: 33350513, mode: 3, rs1_addr:  2, rs1_rdata: 7fffdfff, rs2_addr:  8, rs2_rdata: 7fffe067, rd_addr:  8, rd_wdata: 7fffe167, mem_addr: 7fffe167, mem_rdata: 00000000, mem_wdata: 7fffe067
ClkCycle:       7753, pc_rdata: 000e87bc, pc_wdata: 000e87c0, insn: 33350513, mode: 3, rs1_addr: 10, rs1_rdata: 1fddb339, rs2_addr: 19, rs2_rdata: dfffb7ff, rd_addr: 10, rd_wdata: 1fddb66c, mem_addr: 1fddb66c, mem_rdata: 00000000, mem_wdata: dfffb7ff
ClkCycle:       7754, pc_rdata: 000e87c0, pc_wdata: 000e87c4, insn: 00b51513, mode: 3, rs1_addr: 10, rs1_rdata: 1fddb339, rs2_addr: 11, rs2_rdata: 00feedbc, rd_addr: 10, rd_wdata: edb36000, mem_addr: edb36000, mem_rdata: 00000000, mem_wdata: 00feedbc
ClkCycle:       7755, pc_rdata: 000e87c4, pc_wdata: 000e87c8, insn: 19950513, mode: 3, rs1_addr: 10, rs1_rdata: 1fddb339, rs2_addr: 25, rs2_rdata: 00000000, rd_addr: 10, rd_wdata: edb36199, mem_addr: edb36199, mem_rdata: 00000000, mem_wdata: 00000000
ClkCycle:       7756, pc_rdata: 000e87c8, pc_wdata: 000e87cc, insn: 00b51513, mode: 3, rs1_addr: 10, rs1_rdata: 1fddb66c, rs2_addr: 11, rs2_rdata: 00feedbc, rd_addr: 10, rd_wdata: 9b0cc800, mem_addr: 9b0cc800, mem_rdata: 00000000, mem_wdata: 00feedbc
ClkCycle:       7757, pc_rdata: 000e87cc, pc_wdata: 000e87d0, insn: 4cc50513, mode: 3, rs1_addr: 10, rs1_rdata: edb36000, rs2_addr: 12, rs2_rdata: fbffff02, rd_addr: 10, rd_wdata: 9b0ccccc, mem_addr: 9b0ccccc, mem_rdata: 00000000, mem_wdata: fbffff02
ClkCycle:       7758, pc_rdata: 000e87d0, pc_wdata: 000e87d4, insn: 00a51513, mode: 3, rs1_addr: 10, rs1_rdata: edb36199, rs2_addr: 10, rs2_rdata: edb36199, rd_addr: 10, rd_wdata: 33333000, mem_addr: 33333000, mem_rdata: 00000000, mem_wdata: 9b0ccccc
ClkCycle:       7759, pc_rdata: 000e87d4, pc_wdata: 000e87d8, insn: 33250513, mode: 3, rs1_addr: 10, rs1_rdata: 9b0cc800, rs2_addr: 18, rs2_rdata: ffdbffff, rd_addr: 10, rd_wdata: 33333332, mem_addr: 33333332, mem_rdata: 00000000, mem_wdata: ffdbffff
ClkCycle:       7760, pc_rdata: 000e87d8, pc_wdata: 000e87da, insn: b8238105, mode: 3, rs1_addr: 10, rs1_rdata: 9b0ccccc, rs2_addr:  1, rs2_rdata: 000eb118, rd_addr: 10, rd_wdata: 19999999, mem_addr: 19999999, mem_rdata: 00000000, mem_wdata: 000eb118
ClkCycle:       7761, pc_rdata: 000e87da, pc_wdata: 000e87de, insn: b8238105, mode: 3, rs1_addr:  0, rs1_rdata: 00000000, rs2_addr:  0, rs2_rdata: 00000000, rd_addr:  0, rd_wdata: 00000000, mem_addr: 00000000, mem_rdata: 00000000, mem_wdata: 00000000
000000001fddb7f7
ClkCycle:       7762, pc_rdata: 000e87de, pc_wdata: 000e87e2, insn: 05136666, mode: 3, rs1_addr: 13, rs1_rdata: 1fff7fff, rs2_addr:  6, rs2_rdata: 1fddb7f7, rd_addr: 16, rd_wdata: 1fff866f, mem_addr: 1fff866f, mem_rdata: 00000000, mem_wdata: 1fddb7f7
ClkCycle:       7763, pc_rdata: 000e87e2, pc_wdata: 000e87e6, insn: 05136666, mode: 3, rs1_addr:  0, rs1_rdata: 00000000, rs2_addr:  0, rs2_rdata: 00000000, rd_addr:  0, rd_wdata: 00000000, mem_addr: 00000000, mem_rdata: 00000000, mem_wdata: 00000000
ClkCycle:       7764, pc_rdata: 000e87e6, pc_wdata: 000e87ea, insn: 051300b5, mode: 3, rs1_addr: 10, rs1_rdata: 19999999, rs2_addr: 11, rs2_rdata: 00feedbc, rd_addr: 10, rd_wdata: 199999a4, mem_addr: 199999a4, mem_rdata: 00000000, mem_wdata: 00feedbc
ClkCycle:       7765, pc_rdata: 000e87ea, pc_wdata: 000e87ee, insn: 051300b5, mode: 3, rs1_addr:  0, rs1_rdata: 00000000, rs2_addr:  0, rs2_rdata: 00000000, rd_addr:  0, rd_wdata: 00000000, mem_addr: 00000000, mem_rdata: 00000000, mem_wdata: 00000000
ClkCycle:       7766, pc_rdata: 000e87ee, pc_wdata: 000e87f2, insn: 051300b5, mode: 3, rs1_addr: 10, rs1_rdata: 19999999, rs2_addr: 11, rs2_rdata: 00feedbc, rd_addr: 10, rd_wdata: 199999af, mem_addr: 199999af, mem_rdata: 00000000, mem_wdata: 00feedbc
ClkCycle:       7767, pc_rdata: 000e87f2, pc_wdata: 000e87f6, insn: 051300b5, mode: 3, rs1_addr:  0, rs1_rdata: 00000000, rs2_addr:  0, rs2_rdata: 00000000, rd_addr:  0, rd_wdata: 00000000, mem_addr: 00000000, mem_rdata: 00000000, mem_wdata: 00000000
ClkCycle:       7768, pc_rdata: 000e87f6, pc_wdata: 000e87fa, insn: 051300a5, mode: 3, rs1_addr: 10, rs1_rdata: 199999a4, rs2_addr: 10, rs2_rdata: 199999a4, rd_addr: 10, rd_wdata: 199999b9, mem_addr: 199999b9, mem_rdata: 00000000, mem_wdata: 199999af
ClkCycle:       7769, pc_rdata: 000e87fa, pc_wdata: 000e87fe, insn: 051300a5, mode: 3, rs1_addr:  0, rs1_rdata: 00000000, rs2_addr:  0, rs2_rdata: 00000000, rd_addr:  0, rd_wdata: 00000000, mem_addr: 00000000, mem_rdata: 00000000, mem_wdata: 00000000
ClkCycle:       7770, pc_rdata: 000e87fe, pc_wdata: 000e8802, insn: 32a0bc23, mode: 3, rs1_addr:  6, rs1_rdata: 1fddb7f7, rs2_addr:  2, rs2_rdata: 7fffdfff, rd_addr: 10, rd_wdata: 1fddb3b9, mem_addr: 1fddb3b9, mem_rdata: 00000000, mem_wdata: 7fffdfff
ClkCycle:       7771, pc_rdata: 000e8802, pc_wdata: 000e8806, insn: 32a0bc23, mode: 3, rs1_addr:  0, rs1_rdata: 00000000, rs2_addr:  0, rs2_rdata: 00000000, rd_addr:  0, rd_wdata: 00000000, mem_addr: 00000000, mem_rdata: 00000000, mem_wdata: 00000000
ClkCycle:       7772, pc_rdata: 000e8806, pc_wdata: 000e8808, insn: 00050513, mode: 3, rs1_addr:  2, rs1_rdata: 7fffdfff, rs2_addr:  8, rs2_rdata: 7fffe167, rd_addr:  8, rd_wdata: 7fffe167, mem_addr: 7fffe167, mem_rdata: 00000000, mem_wdata: 7fffe167
ClkCycle:       7773, pc_rdata: 000e8808, pc_wdata: 000e880c, insn: 00050513, mode: 3, rs1_addr: 10, rs1_rdata: 1fddb3b9, rs2_addr:  0, rs2_rdata: 00000000, rd_addr: 10, rd_wdata: 1fddb3b9, mem_addr: 1fddb3b9, mem_rdata: 00000000, mem_wdata: 00000000
ClkCycle:       7774, pc_rdata: 000e880c, pc_wdata: 000e8810, insn: 00b51513, mode: 3, rs1_addr: 10, rs1_rdata: 1fddb3b9, rs2_addr: 11, rs2_rdata: 00feedbc, rd_addr: 10, rd_wdata: ed9dc800, mem_addr: ed9dc800, mem_rdata: 00000000, mem_wdata: 00feedbc
ClkCycle:       7775, pc_rdata: 000e8810, pc_wdata: 000e8814, insn: 5a850513, mode: 3, rs1_addr: 10, rs1_rdata: 1fddb3b9, rs2_addr:  8, rs2_rdata: 7fffe167, rd_addr: 10, rd_wdata: ed9dcda8, mem_addr: ed9dcda8, mem_rdata: 00000000, mem_wdata: 7fffe167
ClkCycle:       7776, pc_rdata: 000e8814, pc_wdata: 000e8818, insn: 00b51513, mode: 3, rs1_addr: 10, rs1_rdata: 1fddb3b9, rs2_addr: 11, rs2_rdata: 00feedbc, rd_addr: 10, rd_wdata: ee6d4000, mem_addr: ee6d4000, mem_rdata: 00000000, mem_wdata: 00feedbc
ClkCycle:       7777, pc_rdata: 000e8818, pc_wdata: 000e881c, insn: 13c50513, mode: 3, rs1_addr: 10, rs1_rdata: ed9dc800, rs2_addr: 28, rs2_rdata: 00000000, rd_addr: 10, rd_wdata: ee6d413c, mem_addr: ee6d413c, mem_rdata: 00000000, mem_wdata: 00000000
ClkCycle:       7778, pc_rdata: 000e881c, pc_wdata: 000e8820, insn: 00a51513, mode: 3, rs1_addr: 10, rs1_rdata: ed9dcda8, rs2_addr: 10, rs2_rdata: ed9dcda8, rd_addr: 10, rd_wdata: b504f000, mem_addr: b504f000, mem_rdata: 00000000, mem_wdata: ee6d413c
ClkCycle:       7779, pc_rdata: 000e8820, pc_wdata: 000e8824, insn: 33250513, mode: 3, rs1_addr: 10, rs1_rdata: ee6d4000, rs2_addr: 18, rs2_rdata: ffdbffff, rd_addr: 10, rd_wdata: b504f332, mem_addr: b504f332, mem_rdata: 00000000, mem_wdata: ffdbffff
ClkCycle:       7780, pc_rdata: 000e8824, pc_wdata: 000e8826, insn: b0238129, mode: 3, rs1_addr: 10, rs1_rdata: ee6d413c, rs2_addr: 10, rs2_rdata: ee6d413c, rd_addr: 10, rd_wdata: ee6d413c, mem_addr: ee6d413c, mem_rdata: 00000000, mem_wdata: b504f332
ClkCycle:       7781, pc_rdata: 000e8826, pc_wdata: 000e882a, insn: b0238129, mode: 3, rs1_addr:  0, rs1_rdata: 00000000, rs2_addr:  0, rs2_rdata: 00000000, rd_addr:  0, rd_wdata: 00000000, mem_addr: 00000000, mem_rdata: 00000000, mem_wdata: 00000000
000000000fab7ffe
ClkCycle:       7782, pc_rdata: 000e882a, pc_wdata: 000e882e, insn: 05135555, mode: 3, rs1_addr: 11, rs1_rdata: 00feedbc, rs2_addr: 21, rs2_rdata: 0fab7ffe, rd_addr:  0, rd_wdata: 00fef2fc, mem_addr: 00fef2fc, mem_rdata: 00000000, mem_wdata: 0fab7ffe
ClkCycle:       7783, pc_rdata: 000e882e, pc_wdata: 000e8832, insn: 05135555, mode: 3, rs1_addr:  0, rs1_rdata: 00000000, rs2_addr:  0, rs2_rdata: 00000000, rd_addr:  0, rd_wdata: 00000000, mem_addr: 00000000, mem_rdata: 00000000, mem_wdata: 00000000
ClkCycle:       7784, pc_rdata: 000e8832, pc_wdata: 000e8836, insn: 051300b5, mode: 3, rs1_addr: 10, rs1_rdata: ee6d413c, rs2_addr: 11, rs2_rdata: 00feedbc, rd_addr: 10, rd_wdata: ee6d4147, mem_addr: ee6d4147, mem_rdata: 00000000, mem_wdata: 00feedbc
ClkCycle:       7785, pc_rdata: 000e8836, pc_wdata: 000e883a, insn: 051300b5, mode: 3, rs1_addr:  0, rs1_rdata: 00000000, rs2_addr:  0, rs2_rdata: 00000000, rd_addr:  0, rd_wdata: 00000000, mem_addr: 00000000, mem_rdata: 00000000, mem_wdata: 00000000
ClkCycle:       7786, pc_rdata: 000e883a, pc_wdata: 000e883e, insn: 051300b5, mode: 3, rs1_addr: 10, rs1_rdata: ee6d413c, rs2_addr: 11, rs2_rdata: 00feedbc, rd_addr: 10, rd_wdata: ee6d4152, mem_addr: ee6d4152, mem_rdata: 00000000, mem_wdata: 00feedbc
ClkCycle:       7787, pc_rdata: 000e883e, pc_wdata: 000e8842, insn: 051300b5, mode: 3, rs1_addr:  0, rs1_rdata: 00000000, rs2_addr:  0, rs2_rdata: 00000000, rd_addr:  0, rd_wdata: 00000000, mem_addr: 00000000, mem_rdata: 00000000, mem_wdata: 00000000
ClkCycle:       7788, pc_rdata: 000e8842, pc_wdata: 000e8846, insn: 051300a5, mode: 3, rs1_addr: 10, rs1_rdata: ee6d4147, rs2_addr: 10, rs2_rdata: ee6d4147, rd_addr: 10, rd_wdata: ee6d415c, mem_addr: ee6d415c, mem_rdata: 00000000, mem_wdata: ee6d4152
ClkCycle:       7789, pc_rdata: 000e8846, pc_wdata: 000e884a, insn: 051300a5, mode: 3, rs1_addr:  0, rs1_rdata: 00000000, rs2_addr:  0, rs2_rdata: 00000000, rd_addr:  0, rd_wdata: 00000000, mem_addr: 00000000, mem_rdata: 00000000, mem_wdata: 00000000
ClkCycle:       7790, pc_rdata: 000e884a, pc_wdata: 000e884e, insn: 34a0b423, mode: 3, rs1_addr:  6, rs1_rdata: 1fddb7f7, rs2_addr:  2, rs2_rdata: 7fffdfff, rd_addr: 10, rd_wdata: 1fddb339, mem_addr: 1fddb339, mem_rdata: 00000000, mem_wdata: 7fffdfff
ClkCycle:       7791, pc_rdata: 000e884e, pc_wdata: 000e8852, insn: 34a0b423, mode: 3, rs1_addr:  0, rs1_rdata: 00000000, rs2_addr:  0, rs2_rdata: 00000000, rd_addr:  0, rd_wdata: 00000000, mem_addr: 00000000, mem_rdata: 00000000, mem_wdata: 00000000
ClkCycle:       7792, pc_rdata: 000e8852, pc_wdata: 000e8854, insn: aaa50513, mode: 3, rs1_addr:  2, rs1_rdata: 7fffdfff, rs2_addr:  8, rs2_rdata: 7fffe167, rd_addr:  8, rd_wdata: 7fffe267, mem_addr: 7fffe267, mem_rdata: 00000000, mem_wdata: 7fffe167
ClkCycle:       7793, pc_rdata: 000e8854, pc_wdata: 000e8858, insn: aaa50513, mode: 3, rs1_addr: 10, rs1_rdata: 1fddb339, rs2_addr: 10, rs2_rdata: 1fddb339, rd_addr: 10, rd_wdata: 1fddade3, mem_addr: 1fddade3, mem_rdata: 00000000, mem_wdata: 1fddb339
ClkCycle:       7794, pc_rdata: 000e8858, pc_wdata: 000e885c, insn: 00b51513, mode: 3, rs1_addr: 10, rs1_rdata: 1fddb339, rs2_addr: 11, rs2_rdata: 00feedbc, rd_addr: 10, rd_wdata: ed6f1800, mem_addr: ed6f1800, mem_rdata: 00000000, mem_wdata: 00feedbc
ClkCycle:       7795, pc_rdata: 000e885c, pc_wdata: 000e8860, insn: 55550513, mode: 3, rs1_addr: 10, rs1_rdata: 1fddb339, rs2_addr: 21, rs2_rdata: 0fab7ffe, rd_addr: 10, rd_wdata: ed6f1d55, mem_addr: ed6f1d55, mem_rdata: 00000000, mem_wdata: 0fab7ffe
ClkCycle:       7796, pc_rdata: 000e8860, pc_wdata: 000e8864, insn: 00b51513, mode: 3, rs1_addr: 10, rs1_rdata: 1fddade3, rs2_addr: 11, rs2_rdata: 00feedbc, rd_addr: 10, rd_wdata: 78eaa800, mem_addr: 78eaa800, mem_rdata: 00000000, mem_wdata: 00feedbc
ClkCycle:       7797, pc_rdata: 000e8864, pc_wdata: 000e8868, insn: 2aa50513, mode: 3, rs1_addr: 10, rs1_rdata: ed6f1800, rs2_addr: 10, rs2_rdata: ed6f1800, rd_addr: 10, rd_wdata: 78eaaaaa, mem_addr: 78eaaaaa, mem_rdata: 00000000, mem_wdata: 78eaa800
ClkCycle:       7798, pc_rdata: 000e8868, pc_wdata: 000e886c, insn: 00a51513, mode: 3, rs1_addr: 10, rs1_rdata: ed6f1d55, rs2_addr: 10, rs2_rdata: ed6f1d55, rd_addr: 10, rd_wdata: aaaaa800, mem_addr: aaaaa800, mem_rdata: 00000000, mem_wdata: 78eaaaaa
ClkCycle:       7799, pc_rdata: 000e886c, pc_wdata: 000e8870, insn: 2ab50513, mode: 3, rs1_addr: 10, rs1_rdata: 78eaa800, rs2_addr: 11, rs2_rdata: 00feedbc, rd_addr: 10, rd_wdata: aaaaaaab, mem_addr: aaaaaaab, mem_rdata: 00000000, mem_wdata: 00feedbc
ClkCycle:       7800, pc_rdata: 000e8870, pc_wdata: 000e8872, insn: b8238149, mode: 3, rs1_addr: 10, rs1_rdata: 78eaaaaa, rs2_addr: 18, rs2_rdata: ffdbffff, rd_addr: 10, rd_wdata: 6b78eaaa, mem_addr: 6b78eaaa, mem_rdata: 00000000, mem_wdata: ffdbffff
ClkCycle:       7801, pc_rdata: 000e8872, pc_wdata: 000e8876, insn: b8238149, mode: 3, rs1_addr:  0, rs1_rdata: 00000000, rs2_addr:  0, rs2_rdata: 00000000, rd_addr:  0, rd_wdata: 00000000, mem_addr: 00000000, mem_rdata: 00000000, mem_wdata: 00000000
000000001fddb7f7
ClkCycle:       7802, pc_rdata: 000e8876, pc_wdata: 000e887a, insn: 81110060, mode: 3, rs1_addr:  1, rs1_rdata: 000eb118, rs2_addr:  6, rs2_rdata: 1fddb7f7, rd_addr: 16, rd_wdata: 000eb128, mem_addr: 000eb128, mem_rdata: 00000000, mem_wdata: 1fddb7f7
ClkCycle:       7803, pc_rdata: 000e887a, pc_wdata: 000e887e, insn: 81110060, mode: 3, rs1_addr:  0, rs1_rdata: 00000000, rs2_addr:  0, rs2_rdata: 00000000, rd_addr:  0, rd_wdata: 00000000, mem_addr: 00000000, mem_rdata: 00000000, mem_wdata: 00000000
ClkCycle:       7804, pc_rdata: 000e887e, pc_wdata: 000e8880, insn: 33333537, mode: 3, rs1_addr: 10, rs1_rdata: 6b78eaaa, rs2_addr:  4, rs2_rdata: 6dfdffff, rd_addr: 10, rd_wdata: 76b78eaa, mem_addr: 76b78eaa, mem_rdata: 00000000, mem_wdata: 6dfdffff
ClkCycle:       7805, pc_rdata: 000e8880, pc_wdata: 000e8884, insn: 33333537, mode: 3, rs1_addr:  6, rs1_rdata: 1fddb7f7, rs2_addr: 19, rs2_rdata: dfffb7ff, rd_addr: 10, rd_wdata: 33333000, mem_addr: 33333000, mem_rdata: 00000000, mem_wdata: dfffb7ff
ClkCycle:       7806, pc_rdata: 000e8884, pc_wdata: 000e8888, insn: 33350513, mode: 3, rs1_addr: 10, rs1_rdata: 6b78eaaa, rs2_addr: 19, rs2_rdata: dfffb7ff, rd_addr: 10, rd_wdata: 33333333, mem_addr: 33333333, mem_rdata: 00000000, mem_wdata: dfffb7ff
ClkCycle:       7807, pc_rdata: 000e8888, pc_wdata: 000e888c, insn: 00b51513, mode: 3, rs1_addr: 10, rs1_rdata: 76b78eaa, rs2_addr: 11, rs2_rdata: 00feedbc, rd_addr: 10, rd_wdata: 99999800, mem_addr: 99999800, mem_rdata: 00000000, mem_wdata: 00feedbc
ClkCycle:       7808, pc_rdata: 000e888c, pc_wdata: 000e8890, insn: 19950513, mode: 3, rs1_addr: 10, rs1_rdata: 33333000, rs2_addr: 25, rs2_rdata: 00000000, rd_addr: 10, rd_wdata: 99999999, mem_addr: 99999999, mem_rdata: 00000000, mem_wdata: 00000000
ClkCycle:       7809, pc_rdata: 000e8890, pc_wdata: 000e8894, insn: 00b51513, mode: 3, rs1_addr: 10, rs1_rdata: 33333333, rs2_addr: 11, rs2_rdata: 00feedbc, rd_addr: 10, rd_wdata: ccccc800, mem_addr: ccccc800, mem_rdata: 00000000, mem_wdata: 00feedbc
ClkCycle:       7810, pc_rdata: 000e8894, pc_wdata: 000e8898, insn: 4cc50513, mode: 3, rs1_addr: 10, rs1_rdata: 99999800, rs2_addr: 12, rs2_rdata: fbffff02, rd_addr: 10, rd_wdata: cccccccc, mem_addr: cccccccc, mem_rdata: 00000000, mem_wdata: fbffff02
ClkCycle:       7811, pc_rdata: 000e8898, pc_wdata: 000e889c, insn: 00a51513, mode: 3, rs1_addr: 10, rs1_rdata: 99999999, rs2_addr: 10, rs2_rdata: 99999999, rd_addr: 10, rd_wdata: 33333000, mem_addr: 33333000, mem_rdata: 00000000, mem_wdata: cccccccc
ClkCycle:       7812, pc_rdata: 000e889c, pc_wdata: 000e88a0, insn: 33450513, mode: 3, rs1_addr: 10, rs1_rdata: ccccc800, rs2_addr: 20, rs2_rdata: d5bfff6f, rd_addr: 10, rd_wdata: 33333334, mem_addr: 33333334, mem_rdata: 00000000, mem_wdata: d5bfff6f
ClkCycle:       7813, pc_rdata: 000e88a0, pc_wdata: 000e88a2, insn: b0238129, mode: 3, rs1_addr: 10, rs1_rdata: cccccccc, rs2_addr: 10, rs2_rdata: cccccccc, rd_addr: 10, rd_wdata: cccccccc, mem_addr: cccccccc, mem_rdata: 00000000, mem_wdata: 33333334
ClkCycle:       7814, pc_rdata: 000e88a2, pc_wdata: 000e88a6, insn: b0238129, mode: 3, rs1_addr:  0, rs1_rdata: 00000000, rs2_addr:  0, rs2_rdata: 00000000, rd_addr:  0, rd_wdata: 00000000, mem_addr: 00000000, mem_rdata: 00000000, mem_wdata: 00000000
000000001fddb7f7
ClkCycle:       7815, pc_rdata: 000e88a6, pc_wdata: 000e88aa, insn: 05136666, mode: 3, rs1_addr: 13, rs1_rdata: 1fff7fff, rs2_addr:  6, rs2_rdata: 1fddb7f7, rd_addr:  0, rd_wdata: 1fff865f, mem_addr: 1fff865f, mem_rdata: 00000000, mem_wdata: 1fddb7f7
ClkCycle:       7816, pc_rdata: 000e88aa, pc_wdata: 000e88ae, insn: 05136666, mode: 3, rs1_addr:  0, rs1_rdata: 00000000, rs2_addr:  0, rs2_rdata: 00000000, rd_addr:  0, rd_wdata: 00000000, mem_addr: 00000000, mem_rdata: 00000000, mem_wdata: 00000000
ClkCycle:       7817, pc_rdata: 000e88ae, pc_wdata: 000e88b2, insn: 051300b5, mode: 3, rs1_addr: 10, rs1_rdata: cccccccc, rs2_addr: 11, rs2_rdata: 00feedbc, rd_addr: 10, rd_wdata: ccccccd7, mem_addr: ccccccd7, mem_rdata: 00000000, mem_wdata: 00feedbc
ClkCycle:       7818, pc_rdata: 000e88b2, pc_wdata: 000e88b6, insn: 051300b5, mode: 3, rs1_addr:  0, rs1_rdata: 00000000, rs2_addr:  0, rs2_rdata: 00000000, rd_addr:  0, rd_wdata: 00000000, mem_addr: 00000000, mem_rdata: 00000000, mem_wdata: 00000000
ClkCycle:       7819, pc_rdata: 000e88b6, pc_wdata: 000e88ba, insn: 051300b5, mode: 3, rs1_addr: 10, rs1_rdata: cccccccc, rs2_addr: 11, rs2_rdata: 00feedbc, rd_addr: 10, rd_wdata: cccccce2, mem_addr: cccccce2, mem_rdata: 00000000, mem_wdata: 00feedbc
ClkCycle:       7820, pc_rdata: 000e88ba, pc_wdata: 000e88be, insn: 051300b5, mode: 3, rs1_addr:  0, rs1_rdata: 00000000, rs2_addr:  0, rs2_rdata: 00000000, rd_addr:  0, rd_wdata: 00000000, mem_addr: 00000000, mem_rdata: 00000000, mem_wdata: 00000000
ClkCycle:       7821, pc_rdata: 000e88be, pc_wdata: 000e88c2, insn: 051300a5, mode: 3, rs1_addr: 10, rs1_rdata: ccccccd7, rs2_addr: 10, rs2_rdata: ccccccd7, rd_addr: 10, rd_wdata: ccccccec, mem_addr: ccccccec, mem_rdata: 00000000, mem_wdata: cccccce2
ClkCycle:       7822, pc_rdata: 000e88c2, pc_wdata: 000e88c6, insn: 051300a5, mode: 3, rs1_addr:  0, rs1_rdata: 00000000, rs2_addr:  0, rs2_rdata: 00000000, rd_addr:  0, rd_wdata: 00000000, mem_addr: 00000000, mem_rdata: 00000000, mem_wdata: 00000000
ClkCycle:       7823, pc_rdata: 000e88c6, pc_wdata: 000e88ca, insn: 36a0b423, mode: 3, rs1_addr:  6, rs1_rdata: 1fddb7f7, rs2_addr:  2, rs2_rdata: 7fffdfff, rd_addr: 10, rd_wdata: 1fddb339, mem_addr: 1fddb339, mem_rdata: 00000000, mem_wdata: 7fffdfff
ClkCycle:       7824, pc_rdata: 000e88ca, pc_wdata: 000e88ce, insn: 36a0b423, mode: 3, rs1_addr:  0, rs1_rdata: 00000000, rs2_addr:  0, rs2_rdata: 00000000, rd_addr:  0, rd_wdata: 00000000, mem_addr: 00000000, mem_rdata: 00000000, mem_wdata: 00000000
ClkCycle:       7825, pc_rdata: 000e88ce, pc_wdata: 000e88d0, insn: fff50513, mode: 3, rs1_addr:  2, rs1_rdata: 7fffdfff, rs2_addr:  8, rs2_rdata: 7fffe267, rd_addr:  8, rd_wdata: 7fffe367, mem_addr: 7fffe367, mem_rdata: 00000000, mem_wdata: 7fffe267
ClkCycle:       7826, pc_rdata: 000e88d0, pc_wdata: 000e88d4, insn: fff50513, mode: 3, rs1_addr: 10, rs1_rdata: 1fddb339, rs2_addr: 31, rs2_rdata: 00000000, rd_addr: 10, rd_wdata: 1fddb338, mem_addr: 1fddb338, mem_rdata: 00000000, mem_wdata: 00000000
ClkCycle:       7827, pc_rdata: 000e88d4, pc_wdata: 000e88d8, insn: 00b51513, mode: 3, rs1_addr: 10, rs1_rdata: 1fddb339, rs2_addr: 11, rs2_rdata: 00feedbc, rd_addr: 10, rd_wdata: ed99c000, mem_addr: ed99c000, mem_rdata: 00000000, mem_wdata: 00feedbc
ClkCycle:       7828, pc_rdata: 000e88d8, pc_wdata: 000e88dc, insn: 25750513, mode: 3, rs1_addr: 10, rs1_rdata: 1fddb339, rs2_addr: 23, rs2_rdata: 00003ead, rd_addr: 10, rd_wdata: ed99c257, mem_addr: ed99c257, mem_rdata: 00000000, mem_wdata: 00003ead
ClkCycle:       7829, pc_rdata: 000e88dc, pc_wdata: 000e88e0, insn: 00b51513, mode: 3, rs1_addr: 10, rs1_rdata: 1fddb338, rs2_addr: 11, rs2_rdata: 00feedbc, rd_addr: 10, rd_wdata: ce12b800, mem_addr: ce12b800, mem_rdata: 00000000, mem_wdata: 00feedbc
ClkCycle:       7830, pc_rdata: 000e88e0, pc_wdata: 000e88e4, insn: 6c350513, mode: 3, rs1_addr: 10, rs1_rdata: ed99c000, rs2_addr:  3, rs2_rdata: feffffbf, rd_addr: 10, rd_wdata: ce12bec3, mem_addr: ce12bec3, mem_rdata: 00000000, mem_wdata: feffffbf
ClkCycle:       7831, pc_rdata: 000e88e4, pc_wdata: 000e88e8, insn: 00a51513, mode: 3, rs1_addr: 10, rs1_rdata: ed99c257, rs2_addr: 10, rs2_rdata: ed99c257, rd_addr: 10, rd_wdata: 4afb0c00, mem_addr: 4afb0c00, mem_rdata: 00000000, mem_wdata: ce12bec3
ClkCycle:       7832, pc_rdata: 000e88e8, pc_wdata: 000e88ec, insn: 0ce50513, mode: 3, rs1_addr: 10, rs1_rdata: ce12b800, rs2_addr: 14, rs2_rdata: 07f76dfd, rd_addr: 10, rd_wdata: 4afb0cce, mem_addr: 4afb0cce, mem_rdata: 00000000, mem_wdata: 07f76dfd
ClkCycle:       7833, pc_rdata: 000e88ec, pc_wdata: 000e88ee, insn: b8238115, mode: 3, rs1_addr: 10, rs1_rdata: ce12bec3, rs2_addr:  5, rs2_rdata: eedbfbff, rd_addr: 10, rd_wdata: c257d866, mem_addr: c257d866, mem_rdata: 00000000, mem_wdata: eedbfbff
ClkCycle:       7834, pc_rdata: 000e88ee, pc_wdata: 000e88f2, insn: b8238115, mode: 3, rs1_addr:  0, rs1_rdata: 00000000, rs2_addr:  0, rs2_rdata: 00000000, rd_addr:  0, rd_wdata: 00000000, mem_addr: 00000000, mem_rdata: 00000000, mem_wdata: 00000000
0000000000000000
ClkCycle:       7835, pc_rdata: 000e88f2, pc_wdata: 000e88f6, insn: 05130000, mode: 3, rs1_addr:  1, rs1_rdata: 000eb118, rs2_addr:  0, rs2_rdata: 00000000, rd_addr: 16, rd_wdata: 000eb128, mem_addr: 000eb128, mem_rdata: 00000000, mem_wdata: 00000000
ClkCycle:       7836, pc_rdata: 000e88f6, pc_wdata: 000e88fa, insn: 05130000, mode: 3, rs1_addr:  0, rs1_rdata: 00000000, rs2_addr:  0, rs2_rdata: 00000000, rd_addr:  0, rd_wdata: 00000000, mem_addr: 00000000, mem_rdata: 00000000, mem_wdata: 00000000
ClkCycle:       7837, pc_rdata: 000e88fa, pc_wdata: 000e88fe, insn: 051300b5, mode: 3, rs1_addr: 10, rs1_rdata: c257d866, rs2_addr: 11, rs2_rdata: 00feedbc, rd_addr: 10, rd_wdata: c257d871, mem_addr: c257d871, mem_rdata: 00000000, mem_wdata: 00feedbc
ClkCycle:       7838, pc_rdata: 000e88fe, pc_wdata: 000e8902, insn: 051300b5, mode: 3, rs1_addr:  0, rs1_rdata: 00000000, rs2_addr:  0, rs2_rdata: 00000000, rd_addr:  0, rd_wdata: 00000000, mem_addr: 00000000, mem_rdata: 00000000, mem_wdata: 00000000
ClkCycle:       7839, pc_rdata: 000e8902, pc_wdata: 000e8906, insn: 051300b5, mode: 3, rs1_addr: 10, rs1_rdata: c257d866, rs2_addr: 11, rs2_rdata: 00feedbc, rd_addr: 10, rd_wdata: c257d87c, mem_addr: c257d87c, mem_rdata: 00000000, mem_wdata: 00feedbc
ClkCycle:       7840, pc_rdata: 000e8906, pc_wdata: 000e890a, insn: 051300b5, mode: 3, rs1_addr:  0, rs1_rdata: 00000000, rs2_addr:  0, rs2_rdata: 00000000, rd_addr:  0, rd_wdata: 00000000, mem_addr: 00000000, mem_rdata: 00000000, mem_wdata: 00000000
ClkCycle:       7841, pc_rdata: 000e890a, pc_wdata: 000e890e, insn: 051300a5, mode: 3, rs1_addr: 10, rs1_rdata: c257d871, rs2_addr: 10, rs2_rdata: c257d871, rd_addr: 10, rd_wdata: c257d886, mem_addr: c257d886, mem_rdata: 00000000, mem_wdata: c257d87c
ClkCycle:       7842, pc_rdata: 000e890e, pc_wdata: 000e8912, insn: 051300a5, mode: 3, rs1_addr:  0, rs1_rdata: 00000000, rs2_addr:  0, rs2_rdata: 00000000, rd_addr:  0, rd_wdata: 00000000, mem_addr: 00000000, mem_rdata: 00000000, mem_wdata: 00000000
ClkCycle:       7843, pc_rdata: 000e8912, pc_wdata: 000e8916, insn: 36a0bc23, mode: 3, rs1_addr:  6, rs1_rdata: 1fddb7f7, rs2_addr:  2, rs2_rdata: 7fffdfff, rd_addr: 10, rd_wdata: 1fddb3b9, mem_addr: 1fddb3b9, mem_rdata: 00000000, mem_wdata: 7fffdfff
ClkCycle:       7844, pc_rdata: 000e8916, pc_wdata: 000e891a, insn: 36a0bc23, mode: 3, rs1_addr:  0, rs1_rdata: 00000000, rs2_addr:  0, rs2_rdata: 00000000, rd_addr:  0, rd_wdata: 00000000, mem_addr: 00000000, mem_rdata: 00000000, mem_wdata: 00000000
ClkCycle:       7845, pc_rdata: 000e891a, pc_wdata: 000e891c, insn: 03851513, mode: 3, rs1_addr:  2, rs1_rdata: 7fffdfff, rs2_addr:  8, rs2_rdata: 7fffe367, rd_addr:  8, rd_wdata: 7fffe367, mem_addr: 7fffe367, mem_rdata: 00000000, mem_wdata: 7fffe367
ClkCycle:       7846, pc_rdata: 000e891c, pc_wdata: 000e8920, insn: 03851513, mode: 3, rs1_addr: 10, rs1_rdata: 1fddb3b9, rs2_addr: 24, rs2_rdata: 0000007d, rd_addr: 10, rd_wdata: b9000000, mem_addr: b9000000, mem_rdata: 00000000, mem_wdata: 0000007d
ClkCycle:       7847, pc_rdata: 000e8920, pc_wdata: 000e8922, insn: b0239129, mode: 3, rs1_addr: 10, rs1_rdata: 1fddb3b9, rs2_addr: 10, rs2_rdata: 1fddb3b9, rd_addr: 10, rd_wdata: 6cee4000, mem_addr: 6cee4000, mem_rdata: 00000000, mem_wdata: b9000000
ClkCycle:       7848, pc_rdata: 000e8922, pc_wdata: 000e8926, insn: b0239129, mode: 3, rs1_addr:  0, rs1_rdata: 00000000, rs2_addr:  0, rs2_rdata: 00000000, rd_addr:  0, rd_wdata: 00000000, mem_addr: 00000000, mem_rdata: 00000000, mem_wdata: 00000000
00000001000eb118
ClkCycle:       7849, pc_rdata: 000e8926, pc_wdata: 000e892a, insn: 15130010, mode: 3, rs1_addr:  1, rs1_rdata: 000eb118, rs2_addr:  1, rs2_rdata: 000eb118, rd_addr:  0, rd_wdata: 000eb118, mem_addr: 000eb118, mem_rdata: 00000000, mem_wdata: 000eb118
ClkCycle:       7850, pc_rdata: 000e892a, pc_wdata: 000e892e, insn: 15130010, mode: 3, rs1_addr:  0, rs1_rdata: 00000000, rs2_addr:  0, rs2_rdata: 00000000, rd_addr:  0, rd_wdata: 00000000, mem_addr: 00000000, mem_rdata: 00000000, mem_wdata: 00000000
ClkCycle:       7851, pc_rdata: 000e892e, pc_wdata: 000e8932, insn: 8115fff5, mode: 3, rs1_addr: 10, rs1_rdata: 6cee4000, rs2_addr: 31, rs2_rdata: 00000000, rd_addr: 10, rd_wdata: 00000000, mem_addr: 00000000, mem_rdata: 00000000, mem_wdata: 00000000
ClkCycle:       7852, pc_rdata: 000e8932, pc_wdata: 000e8936, insn: 8115fff5, mode: 3, rs1_addr:  0, rs1_rdata: 00000000, rs2_addr:  0, rs2_rdata: 00000000, rd_addr:  0, rd_wdata: 00000000, mem_addr: 00000000, mem_rdata: 00000000, mem_wdata: 00000000
ClkCycle:       7853, pc_rdata: 000e8936, pc_wdata: 000e8938, insn: 00100513, mode: 3, rs1_addr: 10, rs1_rdata: 6cee4000, rs2_addr:  5, rs2_rdata: eedbfbff, rd_addr: 10, rd_wdata: 00000000, mem_addr: 00000000, mem_rdata: 00000000, mem_wdata: eedbfbff
ClkCycle:       7854, pc_rdata: 000e8938, pc_wdata: 000e893c, insn: 00100513, mode: 3, rs1_addr:  0, rs1_rdata: 00000000, rs2_addr:  1, rs2_rdata: 000eb118, rd_addr: 10, rd_wdata: 00000001, mem_addr: 00000001, mem_rdata: 00000000, mem_wdata: 000eb118
ClkCycle:       7855, pc_rdata: 000e893c, pc_wdata: 000e8940, insn: 01551513, mode: 3, rs1_addr: 10, rs1_rdata: 00000000, rs2_addr: 21, rs2_rdata: 0fab7ffe, rd_addr: 10, rd_wdata: 00200000, mem_addr: 00200000, mem_rdata: 00000000, mem_wdata: 0fab7ffe
ClkCycle:       7856, pc_rdata: 000e8940, pc_wdata: 000e8944, insn: fff54513, mode: 3, rs1_addr: 10, rs1_rdata: 00000000, rs2_addr: 31, rs2_rdata: 00000000, rd_addr: 10, rd_wdata: ffdfffff, mem_addr: ffdfffff, mem_rdata: 00000000, mem_wdata: 00000000
ClkCycle:       7857, pc_rdata: 000e8944, pc_wdata: 000e8946, insn: b8239101, mode: 3, rs1_addr: 10, rs1_rdata: 00000001, rs2_addr:  0, rs2_rdata: 00000000, rd_addr: 10, rd_wdata: ffdfffff, mem_addr: ffdfffff, mem_rdata: 00000000, mem_wdata: 00000000
ClkCycle:       7858, pc_rdata: 000e8946, pc_wdata: 000e894a, insn: b8239101, mode: 3, rs1_addr:  0, rs1_rdata: 00000000, rs2_addr:  0, rs2_rdata: 00000000, rd_addr:  0, rd_wdata: 00000000, mem_addr: 00000000, mem_rdata: 00000000, mem_wdata: 00000000
00000001000eb118
ClkCycle:       7859, pc_rdata: 000e894a, pc_wdata: 000e894e, insn: 15130010, mode: 3, rs1_addr:  1, rs1_rdata: 000eb118, rs2_addr:  1, rs2_rdata: 000eb118, rd_addr: 16, rd_wdata: 000eb128, mem_addr: 000eb128, mem_rdata: 00000000, mem_wdata: 000eb118
ClkCycle:       7860, pc_rdata: 000e894e, pc_wdata: 000e8952, insn: 15130010, mode: 3, rs1_addr:  0, rs1_rdata: 00000000, rs2_addr:  0, rs2_rdata: 00000000, rd_addr:  0, rd_wdata: 00000000, mem_addr: 00000000, mem_rdata: 00000000, mem_wdata: 00000000
ClkCycle:       7861, pc_rdata: 000e8952, pc_wdata: 000e8956, insn: 8121fff5, mode: 3, rs1_addr: 10, rs1_rdata: ffdfffff, rs2_addr: 31, rs2_rdata: 00000000, rd_addr: 10, rd_wdata: 80000000, mem_addr: 80000000, mem_rdata: 00000000, mem_wdata: 00000000
ClkCycle:       7862, pc_rdata: 000e8956, pc_wdata: 000e895a, insn: 8121fff5, mode: 3, rs1_addr:  0, rs1_rdata: 00000000, rs2_addr:  0, rs2_rdata: 00000000, rd_addr:  0, rd_wdata: 00000000, mem_addr: 00000000, mem_rdata: 00000000, mem_wdata: 00000000
ClkCycle:       7863, pc_rdata: 000e895a, pc_wdata: 000e895c, insn: 00100513, mode: 3, rs1_addr: 10, rs1_rdata: ffdfffff, rs2_addr:  8, rs2_rdata: 7fffe367, rd_addr: 10, rd_wdata: ff800000, mem_addr: ff800000, mem_rdata: 00000000, mem_wdata: 7fffe367
ClkCycle:       7864, pc_rdata: 000e895c, pc_wdata: 000e8960, insn: 00100513, mode: 3, rs1_addr:  0, rs1_rdata: 00000000, rs2_addr:  1, rs2_rdata: 000eb118, rd_addr: 10, rd_wdata: 00000001, mem_addr: 00000001, mem_rdata: 00000000, mem_wdata: 000eb118
ClkCycle:       7865, pc_rdata: 000e8960, pc_wdata: 000e8964, insn: 01751513, mode: 3, rs1_addr: 10, rs1_rdata: 80000000, rs2_addr: 23, rs2_rdata: 00003ead, rd_addr: 10, rd_wdata: 00800000, mem_addr: 00800000, mem_rdata: 00000000, mem_wdata: 00003ead
ClkCycle:       7866, pc_rdata: 000e8964, pc_wdata: 000e8968, insn: fff54513, mode: 3, rs1_addr: 10, rs1_rdata: ff800000, rs2_addr: 31, rs2_rdata: 00000000, rd_addr: 10, rd_wdata: ff7fffff, mem_addr: ff7fffff, mem_rdata: 00000000, mem_wdata: 00000000
ClkCycle:       7867, pc_rdata: 000e8968, pc_wdata: 000e896a, insn: b0239175, mode: 3, rs1_addr: 10, rs1_rdata: 00000001, rs2_addr: 29, rs2_rdata: 00000000, rd_addr: 10, rd_wdata: 00000007, mem_addr: 00000007, mem_rdata: 00000000, mem_wdata: 00000000
ClkCycle:       7868, pc_rdata: 000e896a, pc_wdata: 000e896e, insn: b0239175, mode: 3, rs1_addr:  0, rs1_rdata: 00000000, rs2_addr:  0, rs2_rdata: 00000000, rd_addr:  0, rd_wdata: 00000000, mem_addr: 00000000, mem_rdata: 00000000, mem_wdata: 00000000
00000001000eb118
ClkCycle:       7869, pc_rdata: 000e896e, pc_wdata: 000e8972, insn: 15130010, mode: 3, rs1_addr:  1, rs1_rdata: 000eb118, rs2_addr:  1, rs2_rdata: 000eb118, rd_addr:  0, rd_wdata: 000eb118, mem_addr: 000eb118, mem_rdata: 00000000, mem_wdata: 000eb118
ClkCycle:       7870, pc_rdata: 000e8972, pc_wdata: 000e8976, insn: 15130010, mode: 3, rs1_addr:  0, rs1_rdata: 00000000, rs2_addr:  0, rs2_rdata: 00000000, rd_addr:  0, rd_wdata: 00000000, mem_addr: 00000000, mem_rdata: 00000000, mem_wdata: 00000000
ClkCycle:       7871, pc_rdata: 000e8976, pc_wdata: 000e897a, insn: 8109fff5, mode: 3, rs1_addr: 10, rs1_rdata: 00000007, rs2_addr: 31, rs2_rdata: 00000000, rd_addr: 10, rd_wdata: 80000000, mem_addr: 80000000, mem_rdata: 00000000, mem_wdata: 00000000
ClkCycle:       7872, pc_rdata: 000e897a, pc_wdata: 000e897e, insn: 8109fff5, mode: 3, rs1_addr:  0, rs1_rdata: 00000000, rs2_addr:  0, rs2_rdata: 00000000, rd_addr:  0, rd_wdata: 00000000, mem_addr: 00000000, mem_rdata: 00000000, mem_wdata: 00000000
ClkCycle:       7873, pc_rdata: 000e897e, pc_wdata: 000e8980, insn: 00100513, mode: 3, rs1_addr: 10, rs1_rdata: 00000007, rs2_addr:  2, rs2_rdata: 7fffdfff, rd_addr: 10, rd_wdata: e0000000, mem_addr: e0000000, mem_rdata: 00000000, mem_wdata: 7fffdfff
ClkCycle:       7874, pc_rdata: 000e8980, pc_wdata: 000e8984, insn: 00100513, mode: 3, rs1_addr:  0, rs1_rdata: 00000000, rs2_addr:  1, rs2_rdata: 000eb118, rd_addr: 10, rd_wdata: 00000001, mem_addr: 00000001, mem_rdata: 00000000, mem_wdata: 000eb118
ClkCycle:       7875, pc_rdata: 000e8984, pc_wdata: 000e8988, insn: 01951513, mode: 3, rs1_addr: 10, rs1_rdata: 80000000, rs2_addr: 25, rs2_rdata: 00000000, rd_addr: 10, rd_wdata: 02000000, mem_addr: 02000000, mem_rdata: 00000000, mem_wdata: 00000000
ClkCycle:       7876, pc_rdata: 000e8988, pc_wdata: 000e898c, insn: fff54513, mode: 3, rs1_addr: 10, rs1_rdata: e0000000, rs2_addr: 31, rs2_rdata: 00000000, rd_addr: 10, rd_wdata: fdffffff, mem_addr: fdffffff, mem_rdata: 00000000, mem_wdata: 00000000
ClkCycle:       7877, pc_rdata: 000e898c, pc_wdata: 000e898e, insn: b823810d, mode: 3, rs1_addr: 10, rs1_rdata: 00000001, rs2_addr:  3, rs2_rdata: feffffbf, rd_addr: 10, rd_wdata: 1fbfffff, mem_addr: 1fbfffff, mem_rdata: 00000000, mem_wdata: feffffbf
ClkCycle:       7878, pc_rdata: 000e898e, pc_wdata: 000e8992, insn: b823810d, mode: 3, rs1_addr:  0, rs1_rdata: 00000000, rs2_addr:  0, rs2_rdata: 00000000, rd_addr:  0, rd_wdata: 00000000, mem_addr: 00000000, mem_rdata: 00000000, mem_wdata: 00000000
00000001000eb118
ClkCycle:       7879, pc_rdata: 000e8992, pc_wdata: 000e8996, insn: 15130010, mode: 3, rs1_addr:  1, rs1_rdata: 000eb118, rs2_addr:  1, rs2_rdata: 000eb118, rd_addr: 16, rd_wdata: 000eb128, mem_addr: 000eb128, mem_rdata: 00000000, mem_wdata: 000eb118
ClkCycle:       7880, pc_rdata: 000e8996, pc_wdata: 000e899a, insn: 15130010, mode: 3, rs1_addr:  0, rs1_rdata: 00000000, rs2_addr:  0, rs2_rdata: 00000000, rd_addr:  0, rd_wdata: 00000000, mem_addr: 00000000, mem_rdata: 00000000, mem_wdata: 00000000
ClkCycle:       7881, pc_rdata: 000e899a, pc_wdata: 000e899e, insn: 8129fff5, mode: 3, rs1_addr: 10, rs1_rdata: 1fbfffff, rs2_addr: 31, rs2_rdata: 00000000, rd_addr: 10, rd_wdata: 80000000, mem_addr: 80000000, mem_rdata: 00000000, mem_wdata: 00000000
ClkCycle:       7882, pc_rdata: 000e899e, pc_wdata: 000e89a2, insn: 8129fff5, mode: 3, rs1_addr:  0, rs1_rdata: 00000000, rs2_addr:  0, rs2_rdata: 00000000, rd_addr:  0, rd_wdata: 00000000, mem_addr: 00000000, mem_rdata: 00000000, mem_wdata: 00000000
ClkCycle:       7883, pc_rdata: 000e89a2, pc_wdata: 000e89a4, insn: 00100513, mode: 3, rs1_addr: 10, rs1_rdata: 1fbfffff, rs2_addr: 10, rs2_rdata: 1fbfffff, rd_addr: 10, rd_wdata: ffe00000, mem_addr: ffe00000, mem_rdata: 00000000, mem_wdata: 80000000
ClkCycle:       7884, pc_rdata: 000e89a4, pc_wdata: 000e89a8, insn: 00100513, mode: 3, rs1_addr:  0, rs1_rdata: 00000000, rs2_addr:  1, rs2_rdata: 000eb118, rd_addr: 10, rd_wdata: 00000001, mem_addr: 00000001, mem_rdata: 00000000, mem_wdata: 000eb118
ClkCycle:       7885, pc_rdata: 000e89a8, pc_wdata: 000e89ac, insn: 01b51513, mode: 3, rs1_addr: 10, rs1_rdata: 80000000, rs2_addr: 27, rs2_rdata: 00000000, rd_addr: 10, rd_wdata: 08000000, mem_addr: 08000000, mem_rdata: 00000000, mem_wdata: 00000000
ClkCycle:       7886, pc_rdata: 000e89ac, pc_wdata: 000e89b0, insn: fff54513, mode: 3, rs1_addr: 10, rs1_rdata: ffe00000, rs2_addr: 31, rs2_rdata: 00000000, rd_addr: 10, rd_wdata: f7ffffff, mem_addr: f7ffffff, mem_rdata: 00000000, mem_wdata: 00000000
ClkCycle:       7887, pc_rdata: 000e89b0, pc_wdata: 000e89b2, insn: b0238129, mode: 3, rs1_addr: 10, rs1_rdata: 00000001, rs2_addr: 10, rs2_rdata: 00000001, rd_addr: 10, rd_wdata: 003dffff, mem_addr: 003dffff, mem_rdata: 00000000, mem_wdata: f7ffffff
ClkCycle:       7888, pc_rdata: 000e89b2, pc_wdata: 000e89b6, insn: b0238129, mode: 3, rs1_addr:  0, rs1_rdata: 00000000, rs2_addr:  0, rs2_rdata: 00000000, rd_addr:  0, rd_wdata: 00000000, mem_addr: 00000000, mem_rdata: 00000000, mem_wdata: 00000000
00000001000eb118
ClkCycle:       7889, pc_rdata: 000e89b6, pc_wdata: 000e89ba, insn: 15130010, mode: 3, rs1_addr:  1, rs1_rdata: 000eb118, rs2_addr:  1, rs2_rdata: 000eb118, rd_addr:  0, rd_wdata: 000eb118, mem_addr: 000eb118, mem_rdata: 00000000, mem_wdata: 000eb118
ClkCycle:       7890, pc_rdata: 000e89ba, pc_wdata: 000e89be, insn: 15130010, mode: 3, rs1_addr:  0, rs1_rdata: 00000000, rs2_addr:  0, rs2_rdata: 00000000, rd_addr:  0, rd_wdata: 00000000, mem_addr: 00000000, mem_rdata: 00000000, mem_wdata: 00000000
ClkCycle:       7891, pc_rdata: 000e89be, pc_wdata: 000e89c2, insn: 8135fff5, mode: 3, rs1_addr: 10, rs1_rdata: 003dffff, rs2_addr: 31, rs2_rdata: 00000000, rd_addr: 10, rd_wdata: 80000000, mem_addr: 80000000, mem_rdata: 00000000, mem_wdata: 00000000
ClkCycle:       7892, pc_rdata: 000e89c2, pc_wdata: 000e89c6, insn: 8135fff5, mode: 3, rs1_addr:  0, rs1_rdata: 00000000, rs2_addr:  0, rs2_rdata: 00000000, rd_addr:  0, rd_wdata: 00000000, mem_addr: 00000000, mem_rdata: 00000000, mem_wdata: 00000000
ClkCycle:       7893, pc_rdata: 000e89c6, pc_wdata: 000e89c8, insn: 00100513, mode: 3, rs1_addr: 10, rs1_rdata: 003dffff, rs2_addr: 13, rs2_rdata: 1fff7fff, rd_addr: 10, rd_wdata: fffc0000, mem_addr: fffc0000, mem_rdata: 00000000, mem_wdata: 1fff7fff
ClkCycle:       7894, pc_rdata: 000e89c8, pc_wdata: 000e89cc, insn: 00100513, mode: 3, rs1_addr:  0, rs1_rdata: 00000000, rs2_addr:  1, rs2_rdata: 000eb118, rd_addr: 10, rd_wdata: 00000001, mem_addr: 00000001, mem_rdata: 00000000, mem_wdata: 000eb118
ClkCycle:       7895, pc_rdata: 000e89cc, pc_wdata: 000e89d0, insn: 01d51513, mode: 3, rs1_addr: 10, rs1_rdata: 80000000, rs2_addr: 29, rs2_rdata: 00000000, rd_addr: 10, rd_wdata: 20000000, mem_addr: 20000000, mem_rdata: 00000000, mem_wdata: 00000000
ClkCycle:       7896, pc_rdata: 000e89d0, pc_wdata: 000e89d4, insn: fff54513, mode: 3, rs1_addr: 10, rs1_rdata: fffc0000, rs2_addr: 31, rs2_rdata: 00000000, rd_addr: 10, rd_wdata: dfffffff, mem_addr: dfffffff, mem_rdata: 00000000, mem_wdata: 00000000
ClkCycle:       7897, pc_rdata: 000e89d4, pc_wdata: 000e89d6, insn: b823817d, mode: 3, rs1_addr: 10, rs1_rdata: 00000001, rs2_addr: 31, rs2_rdata: 00000000, rd_addr: 10, rd_wdata: 00000001, mem_addr: 00000001, mem_rdata: 00000000, mem_wdata: 00000000
ClkCycle:       7898, pc_rdata: 000e89d6, pc_wdata: 000e89da, insn: b823817d, mode: 3, rs1_addr:  0, rs1_rdata: 00000000, rs2_addr:  0, rs2_rdata: 00000000, rd_addr:  0, rd_wdata: 00000000, mem_addr: 00000000, mem_rdata: 00000000, mem_wdata: 00000000
00000001000eb118
ClkCycle:       7899, pc_rdata: 000e89da, pc_wdata: 000e89de, insn: 15130010, mode: 3, rs1_addr:  1, rs1_rdata: 000eb118, rs2_addr:  1, rs2_rdata: 000eb118, rd_addr: 16, rd_wdata: 000eb128, mem_addr: 000eb128, mem_rdata: 00000000, mem_wdata: 000eb118
ClkCycle:       7900, pc_rdata: 000e89de, pc_wdata: 000e89e2, insn: 15130010, mode: 3, rs1_addr:  0, rs1_rdata: 00000000, rs2_addr:  0, rs2_rdata: 00000000, rd_addr:  0, rd_wdata: 00000000, mem_addr: 00000000, mem_rdata: 00000000, mem_wdata: 00000000
ClkCycle:       7901, pc_rdata: 000e89e2, pc_wdata: 000e89e6, insn: 9101fff5, mode: 3, rs1_addr: 10, rs1_rdata: 00000001, rs2_addr: 31, rs2_rdata: 00000000, rd_addr: 10, rd_wdata: 80000000, mem_addr: 80000000, mem_rdata: 00000000, mem_wdata: 00000000
ClkCycle:       7902, pc_rdata: 000e89e6, pc_wdata: 000e89ea, insn: 9101fff5, mode: 3, rs1_addr:  0, rs1_rdata: 00000000, rs2_addr:  0, rs2_rdata: 00000000, rd_addr:  0, rd_wdata: 00000000, mem_addr: 00000000, mem_rdata: 00000000, mem_wdata: 00000000
ClkCycle:       7903, pc_rdata: 000e89ea, pc_wdata: 000e89ec, insn: 00100513, mode: 3, rs1_addr: 10, rs1_rdata: 00000001, rs2_addr:  0, rs2_rdata: 00000000, rd_addr: 10, rd_wdata: 80000000, mem_addr: 80000000, mem_rdata: 00000000, mem_wdata: 00000000
ClkCycle:       7904, pc_rdata: 000e89ec, pc_wdata: 000e89f0, insn: 00100513, mode: 3, rs1_addr:  0, rs1_rdata: 00000000, rs2_addr:  1, rs2_rdata: 000eb118, rd_addr: 10, rd_wdata: 00000001, mem_addr: 00000001, mem_rdata: 00000000, mem_wdata: 000eb118
ClkCycle:       7905, pc_rdata: 000e89f0, pc_wdata: 000e89f4, insn: 01f51513, mode: 3, rs1_addr: 10, rs1_rdata: 80000000, rs2_addr: 31, rs2_rdata: 00000000, rd_addr: 10, rd_wdata: 80000000, mem_addr: 80000000, mem_rdata: 00000000, mem_wdata: 00000000
ClkCycle:       7906, pc_rdata: 000e89f4, pc_wdata: 000e89f8, insn: fff54513, mode: 3, rs1_addr: 10, rs1_rdata: 80000000, rs2_addr: 31, rs2_rdata: 00000000, rd_addr: 10, rd_wdata: 7fffffff, mem_addr: 7fffffff, mem_rdata: 00000000, mem_wdata: 00000000
ClkCycle:       7907, pc_rdata: 000e89f8, pc_wdata: 000e89fa, insn: b0239179, mode: 3, rs1_addr: 10, rs1_rdata: 00000001, rs2_addr: 30, rs2_rdata: 00000000, rd_addr: 10, rd_wdata: 00000001, mem_addr: 00000001, mem_rdata: 00000000, mem_wdata: 00000000
ClkCycle:       7908, pc_rdata: 000e89fa, pc_wdata: 000e89fe, insn: b0239179, mode: 3, rs1_addr:  0, rs1_rdata: 00000000, rs2_addr:  0, rs2_rdata: 00000000, rd_addr:  0, rd_wdata: 00000000, mem_addr: 00000000, mem_rdata: 00000000, mem_wdata: 00000000
00000001000eb118
ClkCycle:       7909, pc_rdata: 000e89fe, pc_wdata: 000e8a02, insn: 15130010, mode: 3, rs1_addr:  1, rs1_rdata: 000eb118, rs2_addr:  1, rs2_rdata: 000eb118, rd_addr:  0, rd_wdata: 000eb118, mem_addr: 000eb118, mem_rdata: 00000000, mem_wdata: 000eb118
ClkCycle:       7910, pc_rdata: 000e8a02, pc_wdata: 000e8a06, insn: 15130010, mode: 3, rs1_addr:  0, rs1_rdata: 00000000, rs2_addr:  0, rs2_rdata: 00000000, rd_addr:  0, rd_wdata: 00000000, mem_addr: 00000000, mem_rdata: 00000000, mem_wdata: 00000000
ClkCycle:       7911, pc_rdata: 000e8a06, pc_wdata: 000e8a0a, insn: 915dfff5, mode: 3, rs1_addr: 10, rs1_rdata: 00000001, rs2_addr: 31, rs2_rdata: 00000000, rd_addr: 10, rd_wdata: 80000000, mem_addr: 80000000, mem_rdata: 00000000, mem_wdata: 00000000
ClkCycle:       7912, pc_rdata: 000e8a0a, pc_wdata: 000e8a0e, insn: 915dfff5, mode: 3, rs1_addr:  0, rs1_rdata: 00000000, rs2_addr:  0, rs2_rdata: 00000000, rd_addr:  0, rd_wdata: 00000000, mem_addr: 00000000, mem_rdata: 00000000, mem_wdata: 00000000
ClkCycle:       7913, pc_rdata: 000e8a0e, pc_wdata: 000e8a10, insn: 00100513, mode: 3, rs1_addr: 10, rs1_rdata: 00000001, rs2_addr: 23, rs2_rdata: 00003ead, rd_addr: 10, rd_wdata: 00000100, mem_addr: 00000100, mem_rdata: 00000000, mem_wdata: 00003ead
ClkCycle:       7914, pc_rdata: 000e8a10, pc_wdata: 000e8a14, insn: 00100513, mode: 3, rs1_addr:  0, rs1_rdata: 00000000, rs2_addr:  1, rs2_rdata: 000eb118, rd_addr: 10, rd_wdata: 00000001, mem_addr: 00000001, mem_rdata: 00000000, mem_wdata: 000eb118
ClkCycle:       7915, pc_rdata: 000e8a14, pc_wdata: 000e8a18, insn: 02151513, mode: 3, rs1_addr: 10, rs1_rdata: 80000000, rs2_addr:  1, rs2_rdata: 000eb118, rd_addr: 10, rd_wdata: 00000002, mem_addr: 00000002, mem_rdata: 00000000, mem_wdata: 000eb118
ClkCycle:       7916, pc_rdata: 000e8a18, pc_wdata: 000e8a1c, insn: fff54513, mode: 3, rs1_addr: 10, rs1_rdata: 00000100, rs2_addr: 31, rs2_rdata: 00000000, rd_addr: 10, rd_wdata: fffffffd, mem_addr: fffffffd, mem_rdata: 00000000, mem_wdata: 00000000
ClkCycle:       7917, pc_rdata: 000e8a1c, pc_wdata: 000e8a1e, insn: b823812d, mode: 3, rs1_addr: 10, rs1_rdata: 00000001, rs2_addr: 11, rs2_rdata: 00feedbc, rd_addr: 10, rd_wdata: 001fffff, mem_addr: 001fffff, mem_rdata: 00000000, mem_wdata: 00feedbc
ClkCycle:       7918, pc_rdata: 000e8a1e, pc_wdata: 000e8a22, insn: b823812d, mode: 3, rs1_addr:  0, rs1_rdata: 00000000, rs2_addr:  0, rs2_rdata: 00000000, rd_addr:  0, rd_wdata: 00000000, mem_addr: 00000000, mem_rdata: 00000000, mem_wdata: 00000000
00000001000eb118
ClkCycle:       7919, pc_rdata: 000e8a22, pc_wdata: 000e8a26, insn: 15130010, mode: 3, rs1_addr:  1, rs1_rdata: 000eb118, rs2_addr:  1, rs2_rdata: 000eb118, rd_addr: 16, rd_wdata: 000eb128, mem_addr: 000eb128, mem_rdata: 00000000, mem_wdata: 000eb118
ClkCycle:       7920, pc_rdata: 000e8a26, pc_wdata: 000e8a2a, insn: 15130010, mode: 3, rs1_addr:  0, rs1_rdata: 00000000, rs2_addr:  0, rs2_rdata: 00000000, rd_addr:  0, rd_wdata: 00000000, mem_addr: 00000000, mem_rdata: 00000000, mem_wdata: 00000000
ClkCycle:       7921, pc_rdata: 000e8a2a, pc_wdata: 000e8a2e, insn: 913dfff5, mode: 3, rs1_addr: 10, rs1_rdata: 001fffff, rs2_addr: 31, rs2_rdata: 00000000, rd_addr: 10, rd_wdata: 80000000, mem_addr: 80000000, mem_rdata: 00000000, mem_wdata: 00000000
ClkCycle:       7922, pc_rdata: 000e8a2e, pc_wdata: 000e8a32, insn: 913dfff5, mode: 3, rs1_addr:  0, rs1_rdata: 00000000, rs2_addr:  0, rs2_rdata: 00000000, rd_addr:  0, rd_wdata: 00000000, mem_addr: 00000000, mem_rdata: 00000000, mem_wdata: 00000000
ClkCycle:       7923, pc_rdata: 000e8a32, pc_wdata: 000e8a34, insn: 00100513, mode: 3, rs1_addr: 10, rs1_rdata: 001fffff, rs2_addr: 15, rs2_rdata: 00000000, rd_addr: 10, rd_wdata: ffff0000, mem_addr: ffff0000, mem_rdata: 00000000, mem_wdata: 00000000
ClkCycle:       7924, pc_rdata: 000e8a34, pc_wdata: 000e8a38, insn: 00100513, mode: 3, rs1_addr:  0, rs1_rdata: 00000000, rs2_addr:  1, rs2_rdata: 000eb118, rd_addr: 10, rd_wdata: 00000001, mem_addr: 00000001, mem_rdata: 00000000, mem_wdata: 000eb118
ClkCycle:       7925, pc_rdata: 000e8a38, pc_wdata: 000e8a3c, insn: 02351513, mode: 3, rs1_addr: 10, rs1_rdata: 80000000, rs2_addr:  3, rs2_rdata: feffffbf, rd_addr: 10, rd_wdata: 00000008, mem_addr: 00000008, mem_rdata: 00000000, mem_wdata: feffffbf
ClkCycle:       7926, pc_rdata: 000e8a3c, pc_wdata: 000e8a40, insn: fff54513, mode: 3, rs1_addr: 10, rs1_rdata: ffff0000, rs2_addr: 31, rs2_rdata: 00000000, rd_addr: 10, rd_wdata: fffffff7, mem_addr: fffffff7, mem_rdata: 00000000, mem_wdata: 00000000
ClkCycle:       7927, pc_rdata: 000e8a40, pc_wdata: 000e8a42, insn: b023917d, mode: 3, rs1_addr: 10, rs1_rdata: 00000001, rs2_addr: 31, rs2_rdata: 00000000, rd_addr: 10, rd_wdata: 00000001, mem_addr: 00000001, mem_rdata: 00000000, mem_wdata: 00000000
ClkCycle:       7928, pc_rdata: 000e8a42, pc_wdata: 000e8a46, insn: b023917d, mode: 3, rs1_addr:  0, rs1_rdata: 00000000, rs2_addr:  0, rs2_rdata: 00000000, rd_addr:  0, rd_wdata: 00000000, mem_addr: 00000000, mem_rdata: 00000000, mem_wdata: 00000000
00000001000eb118
ClkCycle:       7929, pc_rdata: 000e8a46, pc_wdata: 000e8a4a, insn: 15130010, mode: 3, rs1_addr:  1, rs1_rdata: 000eb118, rs2_addr:  1, rs2_rdata: 000eb118, rd_addr:  0, rd_wdata: 000eb118, mem_addr: 000eb118, mem_rdata: 00000000, mem_wdata: 000eb118
ClkCycle:       7930, pc_rdata: 000e8a4a, pc_wdata: 000e8a4e, insn: 15130010, mode: 3, rs1_addr:  0, rs1_rdata: 00000000, rs2_addr:  0, rs2_rdata: 00000000, rd_addr:  0, rd_wdata: 00000000, mem_addr: 00000000, mem_rdata: 00000000, mem_wdata: 00000000
ClkCycle:       7931, pc_rdata: 000e8a4e, pc_wdata: 000e8a52, insn: 8115fff5, mode: 3, rs1_addr: 10, rs1_rdata: 00000001, rs2_addr: 31, rs2_rdata: 00000000, rd_addr: 10, rd_wdata: 80000000, mem_addr: 80000000, mem_rdata: 00000000, mem_wdata: 00000000
ClkCycle:       7932, pc_rdata: 000e8a52, pc_wdata: 000e8a56, insn: 8115fff5, mode: 3, rs1_addr:  0, rs1_rdata: 00000000, rs2_addr:  0, rs2_rdata: 00000000, rd_addr:  0, rd_wdata: 00000000, mem_addr: 00000000, mem_rdata: 00000000, mem_wdata: 00000000
ClkCycle:       7933, pc_rdata: 000e8a56, pc_wdata: 000e8a58, insn: 00100513, mode: 3, rs1_addr: 10, rs1_rdata: 00000001, rs2_addr:  5, rs2_rdata: eedbfbff, rd_addr: 10, rd_wdata: 04000000, mem_addr: 04000000, mem_rdata: 00000000, mem_wdata: eedbfbff
ClkCycle:       7934, pc_rdata: 000e8a58, pc_wdata: 000e8a5c, insn: 00100513, mode: 3, rs1_addr:  0, rs1_rdata: 00000000, rs2_addr:  1, rs2_rdata: 000eb118, rd_addr: 10, rd_wdata: 00000001, mem_addr: 00000001, mem_rdata: 00000000, mem_wdata: 000eb118
ClkCycle:       7935, pc_rdata: 000e8a5c, pc_wdata: 000e8a60, insn: 02551513, mode: 3, rs1_addr: 10, rs1_rdata: 80000000, rs2_addr:  5, rs2_rdata: eedbfbff, rd_addr: 10, rd_wdata: 00000020, mem_addr: 00000020, mem_rdata: 00000000, mem_wdata: eedbfbff
ClkCycle:       7936, pc_rdata: 000e8a60, pc_wdata: 000e8a64, insn: fff54513, mode: 3, rs1_addr: 10, rs1_rdata: 04000000, rs2_addr: 31, rs2_rdata: 00000000, rd_addr: 10, rd_wdata: ffffffdf, mem_addr: ffffffdf, mem_rdata: 00000000, mem_wdata: 00000000
ClkCycle:       7937, pc_rdata: 000e8a64, pc_wdata: 000e8a66, insn: b8239175, mode: 3, rs1_addr: 10, rs1_rdata: 00000001, rs2_addr: 29, rs2_rdata: 00000000, rd_addr: 10, rd_wdata: 00000007, mem_addr: 00000007, mem_rdata: 00000000, mem_wdata: 00000000
ClkCycle:       7938, pc_rdata: 000e8a66, pc_wdata: 000e8a6a, insn: b8239175, mode: 3, rs1_addr:  0, rs1_rdata: 00000000, rs2_addr:  0, rs2_rdata: 00000000, rd_addr:  0, rd_wdata: 00000000, mem_addr: 00000000, mem_rdata: 00000000, mem_wdata: 00000000
00000001000eb118
ClkCycle:       7939, pc_rdata: 000e8a6a, pc_wdata: 000e8a6e, insn: 15130010, mode: 3, rs1_addr:  1, rs1_rdata: 000eb118, rs2_addr:  1, rs2_rdata: 000eb118, rd_addr: 16, rd_wdata: 000eb128, mem_addr: 000eb128, mem_rdata: 00000000, mem_wdata: 000eb118
ClkCycle:       7940, pc_rdata: 000e8a6e, pc_wdata: 000e8a72, insn: 15130010, mode: 3, rs1_addr:  0, rs1_rdata: 00000000, rs2_addr:  0, rs2_rdata: 00000000, rd_addr:  0, rd_wdata: 00000000, mem_addr: 00000000, mem_rdata: 00000000, mem_wdata: 00000000
ClkCycle:       7941, pc_rdata: 000e8a72, pc_wdata: 000e8a76, insn: 8135fff5, mode: 3, rs1_addr: 10, rs1_rdata: 00000007, rs2_addr: 31, rs2_rdata: 00000000, rd_addr: 10, rd_wdata: 80000000, mem_addr: 80000000, mem_rdata: 00000000, mem_wdata: 00000000
ClkCycle:       7942, pc_rdata: 000e8a76, pc_wdata: 000e8a7a, insn: 8135fff5, mode: 3, rs1_addr:  0, rs1_rdata: 00000000, rs2_addr:  0, rs2_rdata: 00000000, rd_addr:  0, rd_wdata: 00000000, mem_addr: 00000000, mem_rdata: 00000000, mem_wdata: 00000000
ClkCycle:       7943, pc_rdata: 000e8a7a, pc_wdata: 000e8a7c, insn: 00100513, mode: 3, rs1_addr: 10, rs1_rdata: 00000007, rs2_addr: 13, rs2_rdata: 1fff7fff, rd_addr: 10, rd_wdata: 001c0000, mem_addr: 001c0000, mem_rdata: 00000000, mem_wdata: 1fff7fff
ClkCycle:       7944, pc_rdata: 000e8a7c, pc_wdata: 000e8a80, insn: 00100513, mode: 3, rs1_addr:  0, rs1_rdata: 00000000, rs2_addr:  1, rs2_rdata: 000eb118, rd_addr: 10, rd_wdata: 00000001, mem_addr: 00000001, mem_rdata: 00000000, mem_wdata: 000eb118
ClkCycle:       7945, pc_rdata: 000e8a80, pc_wdata: 000e8a84, insn: 02751513, mode: 3, rs1_addr: 10, rs1_rdata: 80000000, rs2_addr:  7, rs2_rdata: 003fbb6f, rd_addr: 10, rd_wdata: 00000080, mem_addr: 00000080, mem_rdata: 00000000, mem_wdata: 003fbb6f
ClkCycle:       7946, pc_rdata: 000e8a84, pc_wdata: 000e8a88, insn: fff54513, mode: 3, rs1_addr: 10, rs1_rdata: 001c0000, rs2_addr: 31, rs2_rdata: 00000000, rd_addr: 10, rd_wdata: ffffff7f, mem_addr: ffffff7f, mem_rdata: 00000000, mem_wdata: 00000000
ClkCycle:       7947, pc_rdata: 000e8a88, pc_wdata: 000e8a8a, insn: b023812d, mode: 3, rs1_addr: 10, rs1_rdata: 00000001, rs2_addr: 11, rs2_rdata: 00feedbc, rd_addr: 10, rd_wdata: 001fffff, mem_addr: 001fffff, mem_rdata: 00000000, mem_wdata: 00feedbc
ClkCycle:       7948, pc_rdata: 000e8a8a, pc_wdata: 000e8a8e, insn: b023812d, mode: 3, rs1_addr:  0, rs1_rdata: 00000000, rs2_addr:  0, rs2_rdata: 00000000, rd_addr:  0, rd_wdata: 00000000, mem_addr: 00000000, mem_rdata: 00000000, mem_wdata: 00000000
00000001000eb118
ClkCycle:       7949, pc_rdata: 000e8a8e, pc_wdata: 000e8a92, insn: 15130010, mode: 3, rs1_addr:  1, rs1_rdata: 000eb118, rs2_addr:  1, rs2_rdata: 000eb118, rd_addr:  0, rd_wdata: 000eb118, mem_addr: 000eb118, mem_rdata: 00000000, mem_wdata: 000eb118
ClkCycle:       7950, pc_rdata: 000e8a92, pc_wdata: 000e8a96, insn: 15130010, mode: 3, rs1_addr:  0, rs1_rdata: 00000000, rs2_addr:  0, rs2_rdata: 00000000, rd_addr:  0, rd_wdata: 00000000, mem_addr: 00000000, mem_rdata: 00000000, mem_wdata: 00000000
ClkCycle:       7951, pc_rdata: 000e8a96, pc_wdata: 000e8a9a, insn: 8155fff5, mode: 3, rs1_addr: 10, rs1_rdata: 001fffff, rs2_addr: 31, rs2_rdata: 00000000, rd_addr: 10, rd_wdata: 80000000, mem_addr: 80000000, mem_rdata: 00000000, mem_wdata: 00000000
ClkCycle:       7952, pc_rdata: 000e8a9a, pc_wdata: 000e8a9e, insn: 8155fff5, mode: 3, rs1_addr:  0, rs1_rdata: 00000000, rs2_addr:  0, rs2_rdata: 00000000, rd_addr:  0, rd_wdata: 00000000, mem_addr: 00000000, mem_rdata: 00000000, mem_wdata: 00000000
ClkCycle:       7953, pc_rdata: 000e8a9e, pc_wdata: 000e8aa0, insn: 00100513, mode: 3, rs1_addr: 10, rs1_rdata: 001fffff, rs2_addr: 21, rs2_rdata: 0fab7ffe, rd_addr: 10, rd_wdata: 7ffffc00, mem_addr: 7ffffc00, mem_rdata: 00000000, mem_wdata: 0fab7ffe
ClkCycle:       7954, pc_rdata: 000e8aa0, pc_wdata: 000e8aa4, insn: 00100513, mode: 3, rs1_addr:  0, rs1_rdata: 00000000, rs2_addr:  1, rs2_rdata: 000eb118, rd_addr: 10, rd_wdata: 00000001, mem_addr: 00000001, mem_rdata: 00000000, mem_wdata: 000eb118
ClkCycle:       7955, pc_rdata: 000e8aa4, pc_wdata: 000e8aa8, insn: 02951513, mode: 3, rs1_addr: 10, rs1_rdata: 80000000, rs2_addr:  9, rs2_rdata: 00000000, rd_addr: 10, rd_wdata: 00000200, mem_addr: 00000200, mem_rdata: 00000000, mem_wdata: 00000000
ClkCycle:       7956, pc_rdata: 000e8aa8, pc_wdata: 000e8aac, insn: fff54513, mode: 3, rs1_addr: 10, rs1_rdata: 7ffffc00, rs2_addr: 31, rs2_rdata: 00000000, rd_addr: 10, rd_wdata: fffffdff, mem_addr: fffffdff, mem_rdata: 00000000, mem_wdata: 00000000
ClkCycle:       7957, pc_rdata: 000e8aac, pc_wdata: 000e8aae, insn: b823811d, mode: 3, rs1_addr: 10, rs1_rdata: 00000001, rs2_addr:  7, rs2_rdata: 003fbb6f, rd_addr: 10, rd_wdata: 01fffffb, mem_addr: 01fffffb, mem_rdata: 00000000, mem_wdata: 003fbb6f
ClkCycle:       7958, pc_rdata: 000e8aae, pc_wdata: 000e8ab2, insn: b823811d, mode: 3, rs1_addr:  0, rs1_rdata: 00000000, rs2_addr:  0, rs2_rdata: 00000000, rd_addr:  0, rd_wdata: 00000000, mem_addr: 00000000, mem_rdata: 00000000, mem_wdata: 00000000
00000001000eb118
ClkCycle:       7959, pc_rdata: 000e8ab2, pc_wdata: 000e8ab6, insn: 15130010, mode: 3, rs1_addr:  1, rs1_rdata: 000eb118, rs2_addr:  1, rs2_rdata: 000eb118, rd_addr: 16, rd_wdata: 000eb128, mem_addr: 000eb128, mem_rdata: 00000000, mem_wdata: 000eb118
ClkCycle:       7960, pc_rdata: 000e8ab6, pc_wdata: 000e8aba, insn: 15130010, mode: 3, rs1_addr:  0, rs1_rdata: 00000000, rs2_addr:  0, rs2_rdata: 00000000, rd_addr:  0, rd_wdata: 00000000, mem_addr: 00000000, mem_rdata: 00000000, mem_wdata: 00000000
ClkCycle:       7961, pc_rdata: 000e8aba, pc_wdata: 000e8abe, insn: 810dfff5, mode: 3, rs1_addr: 10, rs1_rdata: 01fffffb, rs2_addr: 31, rs2_rdata: 00000000, rd_addr: 10, rd_wdata: 80000000, mem_addr: 80000000, mem_rdata: 00000000, mem_wdata: 00000000
ClkCycle:       7962, pc_rdata: 000e8abe, pc_wdata: 000e8ac2, insn: 810dfff5, mode: 3, rs1_addr:  0, rs1_rdata: 00000000, rs2_addr:  0, rs2_rdata: 00000000, rd_addr:  0, rd_wdata: 00000000, mem_addr: 00000000, mem_rdata: 00000000, mem_wdata: 00000000
ClkCycle:       7963, pc_rdata: 000e8ac2, pc_wdata: 000e8ac4, insn: 00100513, mode: 3, rs1_addr: 10, rs1_rdata: 01fffffb, rs2_addr:  3, rs2_rdata: feffffbf, rd_addr: 10, rd_wdata: b0000000, mem_addr: b0000000, mem_rdata: 00000000, mem_wdata: feffffbf
ClkCycle:       7964, pc_rdata: 000e8ac4, pc_wdata: 000e8ac8, insn: 00100513, mode: 3, rs1_addr:  0, rs1_rdata: 00000000, rs2_addr:  1, rs2_rdata: 000eb118, rd_addr: 10, rd_wdata: 00000001, mem_addr: 00000001, mem_rdata: 00000000, mem_wdata: 000eb118
ClkCycle:       7965, pc_rdata: 000e8ac8, pc_wdata: 000e8acc, insn: 02b51513, mode: 3, rs1_addr: 10, rs1_rdata: 80000000, rs2_addr: 11, rs2_rdata: 00feedbc, rd_addr: 10, rd_wdata: 00000800, mem_addr: 00000800, mem_rdata: 00000000, mem_wdata: 00feedbc
ClkCycle:       7966, pc_rdata: 000e8acc, pc_wdata: 000e8ad0, insn: fff54513, mode: 3, rs1_addr: 10, rs1_rdata: b0000000, rs2_addr: 31, rs2_rdata: 00000000, rd_addr: 10, rd_wdata: fffff7ff, mem_addr: fffff7ff, mem_rdata: 00000000, mem_wdata: 00000000
ClkCycle:       7967, pc_rdata: 000e8ad0, pc_wdata: 000e8ad2, insn: b0238129, mode: 3, rs1_addr: 10, rs1_rdata: 00000001, rs2_addr: 10, rs2_rdata: 00000001, rd_addr: 10, rd_wdata: 003ffffd, mem_addr: 003ffffd, mem_rdata: 00000000, mem_wdata: fffff7ff
ClkCycle:       7968, pc_rdata: 000e8ad2, pc_wdata: 000e8ad6, insn: b0238129, mode: 3, rs1_addr:  0, rs1_rdata: 00000000, rs2_addr:  0, rs2_rdata: 00000000, rd_addr:  0, rd_wdata: 00000000, mem_addr: 00000000, mem_rdata: 00000000, mem_wdata: 00000000
00000001000eb118
ClkCycle:       7969, pc_rdata: 000e8ad6, pc_wdata: 000e8ada, insn: 15130010, mode: 3, rs1_addr:  1, rs1_rdata: 000eb118, rs2_addr:  1, rs2_rdata: 000eb118, rd_addr:  0, rd_wdata: 000eb118, mem_addr: 000eb118, mem_rdata: 00000000, mem_wdata: 000eb118
ClkCycle:       7970, pc_rdata: 000e8ada, pc_wdata: 000e8ade, insn: 15130010, mode: 3, rs1_addr:  0, rs1_rdata: 00000000, rs2_addr:  0, rs2_rdata: 00000000, rd_addr:  0, rd_wdata: 00000000, mem_addr: 00000000, mem_rdata: 00000000, mem_wdata: 00000000
ClkCycle:       7971, pc_rdata: 000e8ade, pc_wdata: 000e8ae2, insn: 9175fff5, mode: 3, rs1_addr: 10, rs1_rdata: 003ffffd, rs2_addr: 31, rs2_rdata: 00000000, rd_addr: 10, rd_wdata: 80000000, mem_addr: 80000000, mem_rdata: 00000000, mem_wdata: 00000000
ClkCycle:       7972, pc_rdata: 000e8ae2, pc_wdata: 000e8ae6, insn: 9175fff5, mode: 3, rs1_addr:  0, rs1_rdata: 00000000, rs2_addr:  0, rs2_rdata: 00000000, rd_addr:  0, rd_wdata: 00000000, mem_addr: 00000000, mem_rdata: 00000000, mem_wdata: 00000000
ClkCycle:       7973, pc_rdata: 000e8ae6, pc_wdata: 000e8ae8, insn: 00100513, mode: 3, rs1_addr: 10, rs1_rdata: 003ffffd, rs2_addr: 29, rs2_rdata: 00000000, rd_addr: 10, rd_wdata: 00fffff4, mem_addr: 00fffff4, mem_rdata: 00000000, mem_wdata: 00000000
ClkCycle:       7974, pc_rdata: 000e8ae8, pc_wdata: 000e8aec, insn: 00100513, mode: 3, rs1_addr:  0, rs1_rdata: 00000000, rs2_addr:  1, rs2_rdata: 000eb118, rd_addr: 10, rd_wdata: 00000001, mem_addr: 00000001, mem_rdata: 00000000, mem_wdata: 000eb118
ClkCycle:       7975, pc_rdata: 000e8aec, pc_wdata: 000e8af0, insn: 02d51513, mode: 3, rs1_addr: 10, rs1_rdata: 80000000, rs2_addr: 13, rs2_rdata: 1fff7fff, rd_addr: 10, rd_wdata: 00002000, mem_addr: 00002000, mem_rdata: 00000000, mem_wdata: 1fff7fff
ClkCycle:       7976, pc_rdata: 000e8af0, pc_wdata: 000e8af4, insn: fff54513, mode: 3, rs1_addr: 10, rs1_rdata: 00fffff4, rs2_addr: 31, rs2_rdata: 00000000, rd_addr: 10, rd_wdata: ffffdfff, mem_addr: ffffdfff, mem_rdata: 00000000, mem_wdata: 00000000
ClkCycle:       7977, pc_rdata: 000e8af4, pc_wdata: 000e8af6, insn: b823817d, mode: 3, rs1_addr: 10, rs1_rdata: 00000001, rs2_addr: 31, rs2_rdata: 00000000, rd_addr: 10, rd_wdata: 00000001, mem_addr: 00000001, mem_rdata: 00000000, mem_wdata: 00000000
ClkCycle:       7978, pc_rdata: 000e8af6, pc_wdata: 000e8afa, insn: b823817d, mode: 3, rs1_addr:  0, rs1_rdata: 00000000, rs2_addr:  0, rs2_rdata: 00000000, rd_addr:  0, rd_wdata: 00000000, mem_addr: 00000000, mem_rdata: 00000000, mem_wdata: 00000000
00000001000eb118
ClkCycle:       7979, pc_rdata: 000e8afa, pc_wdata: 000e8afe, insn: 15130010, mode: 3, rs1_addr:  1, rs1_rdata: 000eb118, rs2_addr:  1, rs2_rdata: 000eb118, rd_addr: 16, rd_wdata: 000eb128, mem_addr: 000eb128, mem_rdata: 00000000, mem_wdata: 000eb118
ClkCycle:       7980, pc_rdata: 000e8afe, pc_wdata: 000e8b02, insn: 15130010, mode: 3, rs1_addr:  0, rs1_rdata: 00000000, rs2_addr:  0, rs2_rdata: 00000000, rd_addr:  0, rd_wdata: 00000000, mem_addr: 00000000, mem_rdata: 00000000, mem_wdata: 00000000
ClkCycle:       7981, pc_rdata: 000e8b02, pc_wdata: 000e8b06, insn: 8131fff5, mode: 3, rs1_addr: 10, rs1_rdata: 00000001, rs2_addr: 31, rs2_rdata: 00000000, rd_addr: 10, rd_wdata: 80000000, mem_addr: 80000000, mem_rdata: 00000000, mem_wdata: 00000000
ClkCycle:       7982, pc_rdata: 000e8b06, pc_wdata: 000e8b0a, insn: 8131fff5, mode: 3, rs1_addr:  0, rs1_rdata: 00000000, rs2_addr:  0, rs2_rdata: 00000000, rd_addr:  0, rd_wdata: 00000000, mem_addr: 00000000, mem_rdata: 00000000, mem_wdata: 00000000
ClkCycle:       7983, pc_rdata: 000e8b0a, pc_wdata: 000e8b0c, insn: 00100513, mode: 3, rs1_addr: 10, rs1_rdata: 00000001, rs2_addr: 12, rs2_rdata: fbffff02, rd_addr: 10, rd_wdata: 00080000, mem_addr: 00080000, mem_rdata: 00000000, mem_wdata: fbffff02
ClkCycle:       7984, pc_rdata: 000e8b0c, pc_wdata: 000e8b10, insn: 00100513, mode: 3, rs1_addr:  0, rs1_rdata: 00000000, rs2_addr:  1, rs2_rdata: 000eb118, rd_addr: 10, rd_wdata: 00000001, mem_addr: 00000001, mem_rdata: 00000000, mem_wdata: 000eb118
ClkCycle:       7985, pc_rdata: 000e8b10, pc_wdata: 000e8b14, insn: 02f51513, mode: 3, rs1_addr: 10, rs1_rdata: 80000000, rs2_addr: 15, rs2_rdata: 00000000, rd_addr: 10, rd_wdata: 00008000, mem_addr: 00008000, mem_rdata: 00000000, mem_wdata: 00000000
ClkCycle:       7986, pc_rdata: 000e8b14, pc_wdata: 000e8b18, insn: fff54513, mode: 3, rs1_addr: 10, rs1_rdata: 00080000, rs2_addr: 31, rs2_rdata: 00000000, rd_addr: 10, rd_wdata: ffff7fff, mem_addr: ffff7fff, mem_rdata: 00000000, mem_wdata: 00000000
ClkCycle:       7987, pc_rdata: 000e8b18, pc_wdata: 000e8b1a, insn: b0238105, mode: 3, rs1_addr: 10, rs1_rdata: 00000001, rs2_addr:  1, rs2_rdata: 000eb118, rd_addr: 10, rd_wdata: 7fffbfff, mem_addr: 7fffbfff, mem_rdata: 00000000, mem_wdata: 000eb118
ClkCycle:       7988, pc_rdata: 000e8b1a, pc_wdata: 000e8b1e, insn: b0238105, mode: 3, rs1_addr:  0, rs1_rdata: 00000000, rs2_addr:  0, rs2_rdata: 00000000, rd_addr:  0, rd_wdata: 00000000, mem_addr: 00000000, mem_rdata: 00000000, mem_wdata: 00000000
00000001000eb118
ClkCycle:       7989, pc_rdata: 000e8b1e, pc_wdata: 000e8b22, insn: 15130010, mode: 3, rs1_addr:  1, rs1_rdata: 000eb118, rs2_addr:  1, rs2_rdata: 000eb118, rd_addr:  0, rd_wdata: 000eb118, mem_addr: 000eb118, mem_rdata: 00000000, mem_wdata: 000eb118
ClkCycle:       7990, pc_rdata: 000e8b22, pc_wdata: 000e8b26, insn: 15130010, mode: 3, rs1_addr:  0, rs1_rdata: 00000000, rs2_addr:  0, rs2_rdata: 00000000, rd_addr:  0, rd_wdata: 00000000, mem_addr: 00000000, mem_rdata: 00000000, mem_wdata: 00000000
ClkCycle:       7991, pc_rdata: 000e8b26, pc_wdata: 000e8b2a, insn: 810dfff5, mode: 3, rs1_addr: 10, rs1_rdata: 7fffbfff, rs2_addr: 31, rs2_rdata: 00000000, rd_addr: 10, rd_wdata: 80000000, mem_addr: 80000000, mem_rdata: 00000000, mem_wdata: 00000000
ClkCycle:       7992, pc_rdata: 000e8b2a, pc_wdata: 000e8b2e, insn: 810dfff5, mode: 3, rs1_addr:  0, rs1_rdata: 00000000, rs2_addr:  0, rs2_rdata: 00000000, rd_addr:  0, rd_wdata: 00000000, mem_addr: 00000000, mem_rdata: 00000000, mem_wdata: 00000000
ClkCycle:       7993, pc_rdata: 000e8b2e, pc_wdata: 000e8b30, insn: 00100513, mode: 3, rs1_addr: 10, rs1_rdata: 7fffbfff, rs2_addr:  3, rs2_rdata: feffffbf, rd_addr: 10, rd_wdata: f0000000, mem_addr: f0000000, mem_rdata: 00000000, mem_wdata: feffffbf
ClkCycle:       7994, pc_rdata: 000e8b30, pc_wdata: 000e8b34, insn: 00100513, mode: 3, rs1_addr:  0, rs1_rdata: 00000000, rs2_addr:  1, rs2_rdata: 000eb118, rd_addr: 10, rd_wdata: 00000001, mem_addr: 00000001, mem_rdata: 00000000, mem_wdata: 000eb118
ClkCycle:       7995, pc_rdata: 000e8b34, pc_wdata: 000e8b38, insn: 03151513, mode: 3, rs1_addr: 10, rs1_rdata: 80000000, rs2_addr: 17, rs2_rdata: edffffff, rd_addr: 10, rd_wdata: 00020000, mem_addr: 00020000, mem_rdata: 00000000, mem_wdata: edffffff
ClkCycle:       7996, pc_rdata: 000e8b38, pc_wdata: 000e8b3c, insn: fff54513, mode: 3, rs1_addr: 10, rs1_rdata: f0000000, rs2_addr: 31, rs2_rdata: 00000000, rd_addr: 10, rd_wdata: fffdffff, mem_addr: fffdffff, mem_rdata: 00000000, mem_wdata: 00000000
ClkCycle:       7997, pc_rdata: 000e8b3c, pc_wdata: 000e8b3e, insn: b8238109, mode: 3, rs1_addr: 10, rs1_rdata: 00000001, rs2_addr:  2, rs2_rdata: 7fffdfff, rd_addr: 10, rd_wdata: 3fff7fff, mem_addr: 3fff7fff, mem_rdata: 00000000, mem_wdata: 7fffdfff
ClkCycle:       7998, pc_rdata: 000e8b3e, pc_wdata: 000e8b42, insn: b8238109, mode: 3, rs1_addr:  0, rs1_rdata: 00000000, rs2_addr:  0, rs2_rdata: 00000000, rd_addr:  0, rd_wdata: 00000000, mem_addr: 00000000, mem_rdata: 00000000, mem_wdata: 00000000
00000001000eb118
ClkCycle:       7999, pc_rdata: 000e8b42, pc_wdata: 000e8b46, insn: 15130010, mode: 3, rs1_addr:  1, rs1_rdata: 000eb118, rs2_addr:  1, rs2_rdata: 000eb118, rd_addr: 16, rd_wdata: 000eb128, mem_addr: 000eb128, mem_rdata: 00000000, mem_wdata: 000eb118
ClkCycle:       8000, pc_rdata: 000e8b46, pc_wdata: 000e8b4a, insn: 15130010, mode: 3, rs1_addr:  0, rs1_rdata: 00000000, rs2_addr:  0, rs2_rdata: 00000000, rd_addr:  0, rd_wdata: 00000000, mem_addr: 00000000, mem_rdata: 00000000, mem_wdata: 00000000
ClkCycle:       8001, pc_rdata: 000e8b4a, pc_wdata: 000e8b4e, insn: 8115fff5, mode: 3, rs1_addr: 10, rs1_rdata: 3fff7fff, rs2_addr: 31, rs2_rdata: 00000000, rd_addr: 10, rd_wdata: 80000000, mem_addr: 80000000, mem_rdata: 00000000, mem_wdata: 00000000
ClkCycle:       8002, pc_rdata: 000e8b4e, pc_wdata: 000e8b52, insn: 8115fff5, mode: 3, rs1_addr:  0, rs1_rdata: 00000000, rs2_addr:  0, rs2_rdata: 00000000, rd_addr:  0, rd_wdata: 00000000, mem_addr: 00000000, mem_rdata: 00000000, mem_wdata: 00000000
ClkCycle:       8003, pc_rdata: 000e8b52, pc_wdata: 000e8b54, insn: 00100513, mode: 3, rs1_addr: 10, rs1_rdata: 3fff7fff, rs2_addr:  5, rs2_rdata: eedbfbff, rd_addr: 10, rd_wdata: fc000000, mem_addr: fc000000, mem_rdata: 00000000, mem_wdata: eedbfbff
ClkCycle:       8004, pc_rdata: 000e8b54, pc_wdata: 000e8b58, insn: 00100513, mode: 3, rs1_addr:  0, rs1_rdata: 00000000, rs2_addr:  1, rs2_rdata: 000eb118, rd_addr: 10, rd_wdata: 00000001, mem_addr: 00000001, mem_rdata: 00000000, mem_wdata: 000eb118
ClkCycle:       8005, pc_rdata: 000e8b58, pc_wdata: 000e8b5c, insn: 03451513, mode: 3, rs1_addr: 10, rs1_rdata: 80000000, rs2_addr: 20, rs2_rdata: d5bfff6f, rd_addr: 10, rd_wdata: 00100000, mem_addr: 00100000, mem_rdata: 00000000, mem_wdata: d5bfff6f
ClkCycle:       8006, pc_rdata: 000e8b5c, pc_wdata: 000e8b60, insn: fff54513, mode: 3, rs1_addr: 10, rs1_rdata: fc000000, rs2_addr: 31, rs2_rdata: 00000000, rd_addr: 10, rd_wdata: ffefffff, mem_addr: ffefffff, mem_rdata: 00000000, mem_wdata: 00000000
ClkCycle:       8007, pc_rdata: 000e8b60, pc_wdata: 000e8b62, insn: b0238149, mode: 3, rs1_addr: 10, rs1_rdata: 00000001, rs2_addr: 18, rs2_rdata: ffdbffff, rd_addr: 10, rd_wdata: 00003ffb, mem_addr: 00003ffb, mem_rdata: 00000000, mem_wdata: ffdbffff
ClkCycle:       8008, pc_rdata: 000e8b62, pc_wdata: 000e8b66, insn: b0238149, mode: 3, rs1_addr:  0, rs1_rdata: 00000000, rs2_addr:  0, rs2_rdata: 00000000, rd_addr:  0, rd_wdata: 00000000, mem_addr: 00000000, mem_rdata: 00000000, mem_wdata: 00000000
00000001000eb118
ClkCycle:       8009, pc_rdata: 000e8b66, pc_wdata: 000e8b6a, insn: 15130010, mode: 3, rs1_addr:  1, rs1_rdata: 000eb118, rs2_addr:  1, rs2_rdata: 000eb118, rd_addr:  0, rd_wdata: 000eb118, mem_addr: 000eb118, mem_rdata: 00000000, mem_wdata: 000eb118
ClkCycle:       8010, pc_rdata: 000e8b6a, pc_wdata: 000e8b6e, insn: 15130010, mode: 3, rs1_addr:  0, rs1_rdata: 00000000, rs2_addr:  0, rs2_rdata: 00000000, rd_addr:  0, rd_wdata: 00000000, mem_addr: 00000000, mem_rdata: 00000000, mem_wdata: 00000000
ClkCycle:       8011, pc_rdata: 000e8b6e, pc_wdata: 000e8b72, insn: 915dfff5, mode: 3, rs1_addr: 10, rs1_rdata: 00003ffb, rs2_addr: 31, rs2_rdata: 00000000, rd_addr: 10, rd_wdata: 80000000, mem_addr: 80000000, mem_rdata: 00000000, mem_wdata: 00000000
ClkCycle:       8012, pc_rdata: 000e8b72, pc_wdata: 000e8b76, insn: 915dfff5, mode: 3, rs1_addr:  0, rs1_rdata: 00000000, rs2_addr:  0, rs2_rdata: 00000000, rd_addr:  0, rd_wdata: 00000000, mem_addr: 00000000, mem_rdata: 00000000, mem_wdata: 00000000
ClkCycle:       8013, pc_rdata: 000e8b76, pc_wdata: 000e8b78, insn: 00100513, mode: 3, rs1_addr: 10, rs1_rdata: 00003ffb, rs2_addr: 23, rs2_rdata: 00003ead, rd_addr: 10, rd_wdata: 003ffb00, mem_addr: 003ffb00, mem_rdata: 00000000, mem_wdata: 00003ead
ClkCycle:       8014, pc_rdata: 000e8b78, pc_wdata: 000e8b7c, insn: 00100513, mode: 3, rs1_addr:  0, rs1_rdata: 00000000, rs2_addr:  1, rs2_rdata: 000eb118, rd_addr: 10, rd_wdata: 00000001, mem_addr: 00000001, mem_rdata: 00000000, mem_wdata: 000eb118
ClkCycle:       8015, pc_rdata: 000e8b7c, pc_wdata: 000e8b80, insn: 03651513, mode: 3, rs1_addr: 10, rs1_rdata: 80000000, rs2_addr: 22, rs2_rdata: 001f56ff, rd_addr: 10, rd_wdata: 00400000, mem_addr: 00400000, mem_rdata: 00000000, mem_wdata: 001f56ff
ClkCycle:       8016, pc_rdata: 000e8b80, pc_wdata: 000e8b84, insn: fff54513, mode: 3, rs1_addr: 10, rs1_rdata: 003ffb00, rs2_addr: 31, rs2_rdata: 00000000, rd_addr: 10, rd_wdata: ffbfffff, mem_addr: ffbfffff, mem_rdata: 00000000, mem_wdata: 00000000
ClkCycle:       8017, pc_rdata: 000e8b84, pc_wdata: 000e8b86, insn: b8238131, mode: 3, rs1_addr: 10, rs1_rdata: 00000001, rs2_addr: 12, rs2_rdata: fbffff02, rd_addr: 10, rd_wdata: 000ffbff, mem_addr: 000ffbff, mem_rdata: 00000000, mem_wdata: fbffff02
ClkCycle:       8018, pc_rdata: 000e8b86, pc_wdata: 000e8b8a, insn: b8238131, mode: 3, rs1_addr:  0, rs1_rdata: 00000000, rs2_addr:  0, rs2_rdata: 00000000, rd_addr:  0, rd_wdata: 00000000, mem_addr: 00000000, mem_rdata: 00000000, mem_wdata: 00000000
00000001000eb118
ClkCycle:       8019, pc_rdata: 000e8b8a, pc_wdata: 000e8b8e, insn: 15130010, mode: 3, rs1_addr:  1, rs1_rdata: 000eb118, rs2_addr:  1, rs2_rdata: 000eb118, rd_addr: 16, rd_wdata: 000eb128, mem_addr: 000eb128, mem_rdata: 00000000, mem_wdata: 000eb118
ClkCycle:       8020, pc_rdata: 000e8b8e, pc_wdata: 000e8b92, insn: 15130010, mode: 3, rs1_addr:  0, rs1_rdata: 00000000, rs2_addr:  0, rs2_rdata: 00000000, rd_addr:  0, rd_wdata: 00000000, mem_addr: 00000000, mem_rdata: 00000000, mem_wdata: 00000000
ClkCycle:       8021, pc_rdata: 000e8b92, pc_wdata: 000e8b96, insn: 814dfff5, mode: 3, rs1_addr: 10, rs1_rdata: 000ffbff, rs2_addr: 31, rs2_rdata: 00000000, rd_addr: 10, rd_wdata: 80000000, mem_addr: 80000000, mem_rdata: 00000000, mem_wdata: 00000000
ClkCycle:       8022, pc_rdata: 000e8b96, pc_wdata: 000e8b9a, insn: 814dfff5, mode: 3, rs1_addr:  0, rs1_rdata: 00000000, rs2_addr:  0, rs2_rdata: 00000000, rd_addr:  0, rd_wdata: 00000000, mem_addr: 00000000, mem_rdata: 00000000, mem_wdata: 00000000
ClkCycle:       8023, pc_rdata: 000e8b9a, pc_wdata: 000e8b9c, insn: 00100513, mode: 3, rs1_addr: 10, rs1_rdata: 000ffbff, rs2_addr: 19, rs2_rdata: dfffb7ff, rd_addr: 10, rd_wdata: ffbff000, mem_addr: ffbff000, mem_rdata: 00000000, mem_wdata: dfffb7ff
ClkCycle:       8024, pc_rdata: 000e8b9c, pc_wdata: 000e8ba0, insn: 00100513, mode: 3, rs1_addr:  0, rs1_rdata: 00000000, rs2_addr:  1, rs2_rdata: 000eb118, rd_addr: 10, rd_wdata: 00000001, mem_addr: 00000001, mem_rdata: 00000000, mem_wdata: 000eb118
ClkCycle:       8025, pc_rdata: 000e8ba0, pc_wdata: 000e8ba4, insn: 03851513, mode: 3, rs1_addr: 10, rs1_rdata: 80000000, rs2_addr: 24, rs2_rdata: 0000007d, rd_addr: 10, rd_wdata: 01000000, mem_addr: 01000000, mem_rdata: 00000000, mem_wdata: 0000007d
ClkCycle:       8026, pc_rdata: 000e8ba4, pc_wdata: 000e8ba8, insn: fff54513, mode: 3, rs1_addr: 10, rs1_rdata: ffbff000, rs2_addr: 31, rs2_rdata: 00000000, rd_addr: 10, rd_wdata: feffffff, mem_addr: feffffff, mem_rdata: 00000000, mem_wdata: 00000000
ClkCycle:       8027, pc_rdata: 000e8ba8, pc_wdata: 000e8baa, insn: b023913d, mode: 3, rs1_addr: 10, rs1_rdata: 00000001, rs2_addr: 15, rs2_rdata: 00000000, rd_addr: 10, rd_wdata: 0001fdff, mem_addr: 0001fdff, mem_rdata: 00000000, mem_wdata: 00000000
ClkCycle:       8028, pc_rdata: 000e8baa, pc_wdata: 000e8bae, insn: b023913d, mode: 3, rs1_addr:  0, rs1_rdata: 00000000, rs2_addr:  0, rs2_rdata: 00000000, rd_addr:  0, rd_wdata: 00000000, mem_addr: 00000000, mem_rdata: 00000000, mem_wdata: 00000000
000000000000007d
ClkCycle:       8029, pc_rdata: 000e8bae, pc_wdata: 000e8bb2, insn: 34830380, mode: 3, rs1_addr:  1, rs1_rdata: 000eb118, rs2_addr: 24, rs2_rdata: 0000007d, rd_addr:  0, rd_wdata: 000eb138, mem_addr: 000eb138, mem_rdata: 00000000, mem_wdata: 0000007d
ClkCycle:       8030, pc_rdata: 000e8bb2, pc_wdata: 000e8bb6, insn: 34830380, mode: 3, rs1_addr:  0, rs1_rdata: 00000000, rs2_addr:  0, rs2_rdata: 00000000, rd_addr:  0, rd_wdata: 00000000, mem_addr: 00000000, mem_rdata: 00000000, mem_wdata: 00000000
ClkCycle:       8031, pc_rdata: 000e8bb6, pc_wdata: 000e8bba, insn: 03332001, mode: 3, rs1_addr:  2, rs1_rdata: 7fffdfff, rs2_addr:  0, rs2_rdata: 00000000, rd_addr:  9, rd_wdata: 00000000, mem_addr: 7fffe1ff, mem_rdata: 00000000, mem_wdata: 00000000
ClkCycle:       8032, pc_rdata: 000e8bba, pc_wdata: 000e8bbe, insn: 03332001, mode: 3, rs1_addr:  0, rs1_rdata: 00000000, rs2_addr:  0, rs2_rdata: 00000000, rd_addr:  0, rd_wdata: 00000000, mem_addr: 00000000, mem_rdata: 00000000, mem_wdata: 00000000
ClkCycle:       8033, pc_rdata: 000e8bbe, pc_wdata: 000e8bc2, insn: 03130000, mode: 3, rs1_addr:  0, rs1_rdata: 00000000, rs2_addr:  0, rs2_rdata: 00000000, rd_addr:  6, rd_wdata: 00000000, mem_addr: 00000000, mem_rdata: 00000000, mem_wdata: 00000000
ClkCycle:       8034, pc_rdata: 000e8bc2, pc_wdata: 000e8bc6, insn: 03130000, mode: 3, rs1_addr:  0, rs1_rdata: 00000000, rs2_addr:  0, rs2_rdata: 00000000, rd_addr:  0, rd_wdata: 00000000, mem_addr: 00000000, mem_rdata: 00000000, mem_wdata: 00000000
ClkCycle:       8035, pc_rdata: 000e8bc6, pc_wdata: 000e8bca, insn: 031300b3, mode: 3, rs1_addr:  6, rs1_rdata: 1fddb7f7, rs2_addr: 11, rs2_rdata: 00feedbc, rd_addr:  6, rd_wdata: 0000000b, mem_addr: 0000000b, mem_rdata: 00000000, mem_wdata: 00feedbc
ClkCycle:       8036, pc_rdata: 000e8bca, pc_wdata: 000e8bce, insn: 031300b3, mode: 3, rs1_addr:  0, rs1_rdata: 00000000, rs2_addr:  0, rs2_rdata: 00000000, rd_addr:  0, rd_wdata: 00000000, mem_addr: 00000000, mem_rdata: 00000000, mem_wdata: 00000000
ClkCycle:       8037, pc_rdata: 000e8bce, pc_wdata: 000e8bd2, insn: 031300b3, mode: 3, rs1_addr:  6, rs1_rdata: 00000000, rs2_addr: 11, rs2_rdata: 00feedbc, rd_addr:  6, rd_wdata: 00000016, mem_addr: 00000016, mem_rdata: 00000000, mem_wdata: 00feedbc
ClkCycle:       8038, pc_rdata: 000e8bd2, pc_wdata: 000e8bd6, insn: 031300b3, mode: 3, rs1_addr:  0, rs1_rdata: 00000000, rs2_addr:  0, rs2_rdata: 00000000, rd_addr:  0, rd_wdata: 00000000, mem_addr: 00000000, mem_rdata: 00000000, mem_wdata: 00000000
ClkCycle:       8039, pc_rdata: 000e8bd6, pc_wdata: 000e8bda, insn: 031300a3, mode: 3, rs1_addr:  6, rs1_rdata: 0000000b, rs2_addr: 10, rs2_rdata: 0001fdff, rd_addr:  6, rd_wdata: 00000020, mem_addr: 00000020, mem_rdata: 00000000, mem_wdata: 0001fdff
ClkCycle:       8040, pc_rdata: 000e8bda, pc_wdata: 000e8bde, insn: 031300a3, mode: 3, rs1_addr:  0, rs1_rdata: 00000000, rs2_addr:  0, rs2_rdata: 00000000, rd_addr:  0, rd_wdata: 00000000, mem_addr: 00000000, mem_rdata: 00000000, mem_wdata: 00000000
ClkCycle:       8041, pc_rdata: 000e8bde, pc_wdata: 000e8be2, insn: 006ffe64, mode: 3, rs1_addr:  8, rs1_rdata: 7fffe367, rs2_addr:  6, rs2_rdata: 00000016, rd_addr:  6, rd_wdata: 7fffe34d, mem_addr: 7fffe34d, mem_rdata: 00000000, mem_wdata: 00000020
ClkCycle:       8042, pc_rdata: 000e8be2, pc_wdata: 000e8be6, insn: 006ffe64, mode: 3, rs1_addr:  0, rs1_rdata: 00000000, rs2_addr:  0, rs2_rdata: 00000000, rd_addr:  0, rd_wdata: 00000000, mem_addr: 00000000, mem_rdata: 00000000, mem_wdata: 00000000
ClkCycle:       8043, pc_rdata: 000e8be6, pc_wdata: 000e8bea, insn: 00000f17, mode: 3, rs1_addr: 14, rs1_rdata: 07f76dfd, rs2_addr: 17, rs2_rdata: edffffff, rd_addr:  0, rd_wdata: 000e8bea, mem_addr: 07fe76ed, mem_rdata: 00000000, mem_wdata: edffffff
ClkCycle:       8044, pc_rdata: 000e8bea, pc_wdata: 001594d6, insn: 00000f17, mode: 3, rs1_addr:  0, rs1_rdata: 00000000, rs2_addr:  0, rs2_rdata: 00000000, rd_addr:  0, rd_wdata: 00000000, mem_addr: 00000000, mem_rdata: 00000000, mem_wdata: 00000000
