ClkCycle:          5, pc_rdata: 00000000, pc_wdata: 00000004, insn: 7d5c0837, mode: 3, rs1_addr: 24, rs1_rdata: 00000000, rs2_addr: 21, rs2_rdata: 00000000, rd_addr: 16, rd_wdata: 7d5c0000, mem_addr: 7d5c0000, mem_rdata: 00000000, mem_wdata: 00000000
ClkCycle:          6, pc_rdata: 00000004, pc_wdata: 00000008, insn: ddb80813, mode: 3, rs1_addr: 16, rs1_rdata: 00000000, rs2_addr: 27, rs2_rdata: 00000000, rd_addr: 16, rd_wdata: 7d5bfddb, mem_addr: 7d5bfddb, mem_rdata: 00000000, mem_wdata: 00000000
ClkCycle:          7, pc_rdata: 00000008, pc_wdata: 0000000c, insn: 00b81813, mode: 3, rs1_addr: 16, rs1_rdata: 00000000, rs2_addr: 11, rs2_rdata: 00000000, rd_addr: 16, rd_wdata: dfeed800, mem_addr: dfeed800, mem_rdata: 00000000, mem_wdata: 00000000
ClkCycle:          8, pc_rdata: 0000000c, pc_wdata: 00000010, insn: 3ea80813, mode: 3, rs1_addr: 16, rs1_rdata: 7d5c0000, rs2_addr: 10, rs2_rdata: 00000000, rd_addr: 16, rd_wdata: dfeedbea, mem_addr: dfeedbea, mem_rdata: 00000000, mem_wdata: 00000000
ClkCycle:          9, pc_rdata: 00000010, pc_wdata: 00000014, insn: 00b81813, mode: 3, rs1_addr: 16, rs1_rdata: 7d5bfddb, rs2_addr: 11, rs2_rdata: 00000000, rd_addr: 16, rd_wdata: 76df5000, mem_addr: 76df5000, mem_rdata: 00000000, mem_wdata: 00000000
ClkCycle:         10, pc_rdata: 00000014, pc_wdata: 00000018, insn: 6ff80813, mode: 3, rs1_addr: 16, rs1_rdata: dfeed800, rs2_addr: 31, rs2_rdata: 00000000, rd_addr: 16, rd_wdata: 76df56ff, mem_addr: 76df56ff, mem_rdata: 00000000, mem_wdata: 00000000
ClkCycle:         11, pc_rdata: 00000018, pc_wdata: 0000001c, insn: 00a81813, mode: 3, rs1_addr: 16, rs1_rdata: dfeedbea, rs2_addr: 10, rs2_rdata: 00000000, rd_addr: 16, rd_wdata: 7d5bfc00, mem_addr: 7d5bfc00, mem_rdata: 00000000, mem_wdata: 00000000
ClkCycle:         12, pc_rdata: 0000001c, pc_wdata: 00000020, insn: 1db80813, mode: 3, rs1_addr: 16, rs1_rdata: 76df5000, rs2_addr: 27, rs2_rdata: 00000000, rd_addr: 16, rd_wdata: 7d5bfddb, mem_addr: 7d5bfddb, mem_rdata: 00000000, mem_wdata: 00000000
ClkCycle:         13, pc_rdata: 00000020, pc_wdata: 00000024, insn: 00785893, mode: 3, rs1_addr: 16, rs1_rdata: 76df56ff, rs2_addr:  7, rs2_rdata: 00000000, rd_addr: 17, rd_wdata: b6fab7fb, mem_addr: b6fab7fb, mem_rdata: 00000000, mem_wdata: 00000000
ClkCycle:         14, pc_rdata: 00000024, pc_wdata: 00000028, insn: 03985793, mode: 3, rs1_addr: 16, rs1_rdata: 7d5bfc00, rs2_addr: 25, rs2_rdata: 00000000, rd_addr: 15, rd_wdata: adfeedbe, mem_addr: adfeedbe, mem_rdata: 00000000, mem_wdata: 00000000
ClkCycle:         15, pc_rdata: 00000028, pc_wdata: 0000002c, insn: 00f8e8b3, mode: 3, rs1_addr: 17, rs1_rdata: 00000000, rs2_addr: 15, rs2_rdata: 00000000, rd_addr: 17, rd_wdata: bffeffff, mem_addr: bffeffff, mem_rdata: 00000000, mem_wdata: adfeedbe
ClkCycle:         16, pc_rdata: 0000002c, pc_wdata: 00000030, insn: 0078d913, mode: 3, rs1_addr: 17, rs1_rdata: b6fab7fb, rs2_addr:  7, rs2_rdata: 00000000, rd_addr: 18, rd_wdata: ff7ffdff, mem_addr: ff7ffdff, mem_rdata: 00000000, mem_wdata: 00000000
ClkCycle:         17, pc_rdata: 00000030, pc_wdata: 00000034, insn: 0398d793, mode: 3, rs1_addr: 17, rs1_rdata: b6fab7fb, rs2_addr: 25, rs2_rdata: 00000000, rd_addr: 15, rd_wdata: 7d5bffdf, mem_addr: 7d5bffdf, mem_rdata: 00000000, mem_wdata: 00000000
ClkCycle:         18, pc_rdata: 00000034, pc_wdata: 00000038, insn: 00f96933, mode: 3, rs1_addr: 18, rs1_rdata: 00000000, rs2_addr: 15, rs2_rdata: adfeedbe, rd_addr: 18, rd_wdata: ff7fffff, mem_addr: ff7fffff, mem_rdata: 00000000, mem_wdata: 7d5bffdf
ClkCycle:         19, pc_rdata: 00000038, pc_wdata: 0000003c, insn: 00795993, mode: 3, rs1_addr: 18, rs1_rdata: ff7ffdff, rs2_addr:  7, rs2_rdata: 00000000, rd_addr: 19, rd_wdata: dffeffff, mem_addr: dffeffff, mem_rdata: 00000000, mem_wdata: 00000000
ClkCycle:         20, pc_rdata: 0000003c, pc_wdata: 00000040, insn: 03995793, mode: 3, rs1_addr: 18, rs1_rdata: ff7ffdff, rs2_addr: 25, rs2_rdata: 00000000, rd_addr: 15, rd_wdata: 00fab7ff, mem_addr: 00fab7ff, mem_rdata: 00000000, mem_wdata: 00000000
ClkCycle:         21, pc_rdata: 00000040, pc_wdata: 00000044, insn: 00f9e9b3, mode: 3, rs1_addr: 19, rs1_rdata: 00000000, rs2_addr: 15, rs2_rdata: 7d5bffdf, rd_addr: 19, rd_wdata: dffeffff, mem_addr: dffeffff, mem_rdata: 00000000, mem_wdata: 00fab7ff
ClkCycle:         22, pc_rdata: 00000044, pc_wdata: 00000048, insn: 0079da13, mode: 3, rs1_addr: 19, rs1_rdata: dffeffff, rs2_addr:  7, rs2_rdata: 00000000, rd_addr: 20, rd_wdata: d5bffdff, mem_addr: d5bffdff, mem_rdata: 00000000, mem_wdata: 00000000
ClkCycle:         23, pc_rdata: 00000048, pc_wdata: 0000004c, insn: 0399d793, mode: 3, rs1_addr: 19, rs1_rdata: dffeffff, rs2_addr: 25, rs2_rdata: 00000000, rd_addr: 15, rd_wdata: 0001f56f, mem_addr: 0001f56f, mem_rdata: 00000000, mem_wdata: 00000000
ClkCycle:         24, pc_rdata: 0000004c, pc_wdata: 00000050, insn: 00fa6a33, mode: 3, rs1_addr: 20, rs1_rdata: 00000000, rs2_addr: 15, rs2_rdata: 00fab7ff, rd_addr: 20, rd_wdata: d5bffdff, mem_addr: d5bffdff, mem_rdata: 00000000, mem_wdata: 0001f56f
ClkCycle:         25, pc_rdata: 00000050, pc_wdata: 00000054, insn: 007a5a93, mode: 3, rs1_addr: 20, rs1_rdata: d5bffdff, rs2_addr:  7, rs2_rdata: 00000000, rd_addr: 21, rd_wdata: 0fab7ffb, mem_addr: 0fab7ffb, mem_rdata: 00000000, mem_wdata: 00000000
ClkCycle:         26, pc_rdata: 00000054, pc_wdata: 00000058, insn: 039a5793, mode: 3, rs1_addr: 20, rs1_rdata: d5bffdff, rs2_addr: 25, rs2_rdata: 00000000, rd_addr: 15, rd_wdata: 000003ea, mem_addr: 000003ea, mem_rdata: 00000000, mem_wdata: 00000000
ClkCycle:         27, pc_rdata: 00000058, pc_wdata: 0000005c, insn: 00faeab3, mode: 3, rs1_addr: 21, rs1_rdata: 00000000, rs2_addr: 15, rs2_rdata: 0001f56f, rd_addr: 21, rd_wdata: 0fab7ffb, mem_addr: 0fab7ffb, mem_rdata: 00000000, mem_wdata: 000003ea
ClkCycle:         28, pc_rdata: 0000005c, pc_wdata: 00000060, insn: 007adb13, mode: 3, rs1_addr: 21, rs1_rdata: 0fab7ffb, rs2_addr:  7, rs2_rdata: 00000000, rd_addr: 22, rd_wdata: 001f56ff, mem_addr: 001f56ff, mem_rdata: 00000000, mem_wdata: 00000000
ClkCycle:         29, pc_rdata: 00000060, pc_wdata: 00000064, insn: 039ad793, mode: 3, rs1_addr: 21, rs1_rdata: 0fab7ffb, rs2_addr: 25, rs2_rdata: 00000000, rd_addr: 15, rd_wdata: 00000007, mem_addr: 00000007, mem_rdata: 00000000, mem_wdata: 00000000
ClkCycle:         30, pc_rdata: 00000064, pc_wdata: 00000068, insn: 00fb6b33, mode: 3, rs1_addr: 22, rs1_rdata: 00000000, rs2_addr: 15, rs2_rdata: 000003ea, rd_addr: 22, rd_wdata: 001f56ff, mem_addr: 001f56ff, mem_rdata: 00000000, mem_wdata: 00000007
ClkCycle:         31, pc_rdata: 00000068, pc_wdata: 0000006c, insn: 007b5b93, mode: 3, rs1_addr: 22, rs1_rdata: 001f56ff, rs2_addr:  7, rs2_rdata: 00000000, rd_addr: 23, rd_wdata: 00003ead, mem_addr: 00003ead, mem_rdata: 00000000, mem_wdata: 00000000
ClkCycle:         32, pc_rdata: 0000006c, pc_wdata: 00000070, insn: 039b5793, mode: 3, rs1_addr: 22, rs1_rdata: 001f56ff, rs2_addr: 25, rs2_rdata: 00000000, rd_addr: 15, rd_wdata: 00000000, mem_addr: 00000000, mem_rdata: 00000000, mem_wdata: 00000000
ClkCycle:         33, pc_rdata: 00000070, pc_wdata: 00000074, insn: 00fbebb3, mode: 3, rs1_addr: 23, rs1_rdata: 00000000, rs2_addr: 15, rs2_rdata: 00000007, rd_addr: 23, rd_wdata: 00003ead, mem_addr: 00003ead, mem_rdata: 00000000, mem_wdata: 00000000
ClkCycle:         34, pc_rdata: 00000074, pc_wdata: 00000078, insn: 007bdc13, mode: 3, rs1_addr: 23, rs1_rdata: 00003ead, rs2_addr:  7, rs2_rdata: 00000000, rd_addr: 24, rd_wdata: 0000007d, mem_addr: 0000007d, mem_rdata: 00000000, mem_wdata: 00000000
ClkCycle:         35, pc_rdata: 00000078, pc_wdata: 0000007c, insn: 039bd793, mode: 3, rs1_addr: 23, rs1_rdata: 00003ead, rs2_addr: 25, rs2_rdata: 00000000, rd_addr: 15, rd_wdata: 00000000, mem_addr: 00000000, mem_rdata: 00000000, mem_wdata: 00000000
ClkCycle:         36, pc_rdata: 0000007c, pc_wdata: 00000080, insn: 00fc6c33, mode: 3, rs1_addr: 24, rs1_rdata: 00000000, rs2_addr: 15, rs2_rdata: 00000000, rd_addr: 24, rd_wdata: 0000007d, mem_addr: 0000007d, mem_rdata: 00000000, mem_wdata: 00000000
ClkCycle:         37, pc_rdata: 00000080, pc_wdata: 00000084, insn: 007c5c93, mode: 3, rs1_addr: 24, rs1_rdata: 0000007d, rs2_addr:  7, rs2_rdata: 00000000, rd_addr: 25, rd_wdata: 00000000, mem_addr: 00000000, mem_rdata: 00000000, mem_wdata: 00000000
ClkCycle:         38, pc_rdata: 00000084, pc_wdata: 00000088, insn: 039c5793, mode: 3, rs1_addr: 24, rs1_rdata: 0000007d, rs2_addr: 25, rs2_rdata: 00000000, rd_addr: 15, rd_wdata: 00000000, mem_addr: 00000000, mem_rdata: 00000000, mem_wdata: 00000000
ClkCycle:         39, pc_rdata: 00000088, pc_wdata: 0000008c, insn: 00fcecb3, mode: 3, rs1_addr: 25, rs1_rdata: 00000000, rs2_addr: 15, rs2_rdata: 00000000, rd_addr: 25, rd_wdata: 00000000, mem_addr: 00000000, mem_rdata: 00000000, mem_wdata: 00000000
ClkCycle:         40, pc_rdata: 0000008c, pc_wdata: 00000090, insn: 007cdd13, mode: 3, rs1_addr: 25, rs1_rdata: 00000000, rs2_addr:  7, rs2_rdata: 00000000, rd_addr: 26, rd_wdata: 00000000, mem_addr: 00000000, mem_rdata: 00000000, mem_wdata: 00000000
ClkCycle:         41, pc_rdata: 00000090, pc_wdata: 00000094, insn: 039cd793, mode: 3, rs1_addr: 25, rs1_rdata: 00000000, rs2_addr: 25, rs2_rdata: 00000000, rd_addr: 15, rd_wdata: 00000000, mem_addr: 00000000, mem_rdata: 00000000, mem_wdata: 00000000
ClkCycle:         42, pc_rdata: 00000094, pc_wdata: 00000098, insn: 00fd6d33, mode: 3, rs1_addr: 26, rs1_rdata: 00000000, rs2_addr: 15, rs2_rdata: 00000000, rd_addr: 26, rd_wdata: 00000000, mem_addr: 00000000, mem_rdata: 00000000, mem_wdata: 00000000
ClkCycle:         43, pc_rdata: 00000098, pc_wdata: 0000009c, insn: 007d5d93, mode: 3, rs1_addr: 26, rs1_rdata: 00000000, rs2_addr:  7, rs2_rdata: 00000000, rd_addr: 27, rd_wdata: 00000000, mem_addr: 00000000, mem_rdata: 00000000, mem_wdata: 00000000
ClkCycle:         44, pc_rdata: 0000009c, pc_wdata: 000000a0, insn: 039d5793, mode: 3, rs1_addr: 26, rs1_rdata: 00000000, rs2_addr: 25, rs2_rdata: 00000000, rd_addr: 15, rd_wdata: 00000000, mem_addr: 00000000, mem_rdata: 00000000, mem_wdata: 00000000
ClkCycle:         45, pc_rdata: 000000a0, pc_wdata: 000000a4, insn: 00fdedb3, mode: 3, rs1_addr: 27, rs1_rdata: 00000000, rs2_addr: 15, rs2_rdata: 00000000, rd_addr: 27, rd_wdata: 00000000, mem_addr: 00000000, mem_rdata: 00000000, mem_wdata: 00000000
ClkCycle:         46, pc_rdata: 000000a4, pc_wdata: 000000a8, insn: 007dde13, mode: 3, rs1_addr: 27, rs1_rdata: 00000000, rs2_addr:  7, rs2_rdata: 00000000, rd_addr: 28, rd_wdata: 00000000, mem_addr: 00000000, mem_rdata: 00000000, mem_wdata: 00000000
ClkCycle:         47, pc_rdata: 000000a8, pc_wdata: 000000ac, insn: 039dd793, mode: 3, rs1_addr: 27, rs1_rdata: 00000000, rs2_addr: 25, rs2_rdata: 00000000, rd_addr: 15, rd_wdata: 00000000, mem_addr: 00000000, mem_rdata: 00000000, mem_wdata: 00000000
ClkCycle:         48, pc_rdata: 000000ac, pc_wdata: 000000b0, insn: 00fe6e33, mode: 3, rs1_addr: 28, rs1_rdata: 00000000, rs2_addr: 15, rs2_rdata: 00000000, rd_addr: 28, rd_wdata: 00000000, mem_addr: 00000000, mem_rdata: 00000000, mem_wdata: 00000000
ClkCycle:         49, pc_rdata: 000000b0, pc_wdata: 000000b4, insn: 007e5e93, mode: 3, rs1_addr: 28, rs1_rdata: 00000000, rs2_addr:  7, rs2_rdata: 00000000, rd_addr: 29, rd_wdata: 00000000, mem_addr: 00000000, mem_rdata: 00000000, mem_wdata: 00000000
ClkCycle:         50, pc_rdata: 000000b4, pc_wdata: 000000b8, insn: 039e5793, mode: 3, rs1_addr: 28, rs1_rdata: 00000000, rs2_addr: 25, rs2_rdata: 00000000, rd_addr: 15, rd_wdata: 00000000, mem_addr: 00000000, mem_rdata: 00000000, mem_wdata: 00000000
ClkCycle:         51, pc_rdata: 000000b8, pc_wdata: 000000bc, insn: 00feeeb3, mode: 3, rs1_addr: 29, rs1_rdata: 00000000, rs2_addr: 15, rs2_rdata: 00000000, rd_addr: 29, rd_wdata: 00000000, mem_addr: 00000000, mem_rdata: 00000000, mem_wdata: 00000000
ClkCycle:         52, pc_rdata: 000000bc, pc_wdata: 000000c0, insn: 007edf13, mode: 3, rs1_addr: 29, rs1_rdata: 00000000, rs2_addr:  7, rs2_rdata: 00000000, rd_addr: 30, rd_wdata: 00000000, mem_addr: 00000000, mem_rdata: 00000000, mem_wdata: 00000000
ClkCycle:         53, pc_rdata: 000000c0, pc_wdata: 000000c4, insn: 039ed793, mode: 3, rs1_addr: 29, rs1_rdata: 00000000, rs2_addr: 25, rs2_rdata: 00000000, rd_addr: 15, rd_wdata: 00000000, mem_addr: 00000000, mem_rdata: 00000000, mem_wdata: 00000000
ClkCycle:         54, pc_rdata: 000000c4, pc_wdata: 000000c8, insn: 00ff6f33, mode: 3, rs1_addr: 30, rs1_rdata: 00000000, rs2_addr: 15, rs2_rdata: 00000000, rd_addr: 30, rd_wdata: 00000000, mem_addr: 00000000, mem_rdata: 00000000, mem_wdata: 00000000
ClkCycle:         55, pc_rdata: 000000c8, pc_wdata: 000000cc, insn: feedc0b7, mode: 3, rs1_addr: 27, rs1_rdata: 00000000, rs2_addr: 14, rs2_rdata: 00000000, rd_addr:  1, rd_wdata: feedc000, mem_addr: feedc000, mem_rdata: 00000000, mem_wdata: 00000000
ClkCycle:         56, pc_rdata: 000000cc, pc_wdata: 000000d0, insn: ead08093, mode: 3, rs1_addr:  1, rs1_rdata: 00000000, rs2_addr: 13, rs2_rdata: 00000000, rd_addr:  1, rd_wdata: feedbead, mem_addr: feedbead, mem_rdata: 00000000, mem_wdata: 00000000
ClkCycle:         57, pc_rdata: 000000d0, pc_wdata: 000000d4, insn: 00b09093, mode: 3, rs1_addr:  1, rs1_rdata: 00000000, rs2_addr: 11, rs2_rdata: 00000000, rd_addr:  1, rd_wdata: 6df56800, mem_addr: 6df56800, mem_rdata: 00000000, mem_wdata: 00000000
ClkCycle:         58, pc_rdata: 000000d4, pc_wdata: 000000d8, insn: 7f708093, mode: 3, rs1_addr:  1, rs1_rdata: feedc000, rs2_addr: 23, rs2_rdata: 00003ead, rd_addr:  1, rd_wdata: 6df56ff7, mem_addr: 6df56ff7, mem_rdata: 00000000, mem_wdata: 00003ead
ClkCycle:         59, pc_rdata: 000000d8, pc_wdata: 000000dc, insn: 00b09093, mode: 3, rs1_addr:  1, rs1_rdata: feedbead, rs2_addr: 11, rs2_rdata: 00000000, rd_addr:  1, rd_wdata: ab7fb800, mem_addr: ab7fb800, mem_rdata: 00000000, mem_wdata: 00000000
ClkCycle:         60, pc_rdata: 000000dc, pc_wdata: 000000e0, insn: 36f08093, mode: 3, rs1_addr:  1, rs1_rdata: 6df56800, rs2_addr: 15, rs2_rdata: 00000000, rd_addr:  1, rd_wdata: ab7fbb6f, mem_addr: ab7fbb6f, mem_rdata: 00000000, mem_wdata: 00000000
ClkCycle:         61, pc_rdata: 000000e0, pc_wdata: 000000e4, insn: 00a09093, mode: 3, rs1_addr:  1, rs1_rdata: 6df56ff7, rs2_addr: 10, rs2_rdata: 00000000, rd_addr:  1, rd_wdata: feedbc00, mem_addr: feedbc00, mem_rdata: 00000000, mem_wdata: 00000000
ClkCycle:         62, pc_rdata: 000000e4, pc_wdata: 000000e8, insn: 2ad08093, mode: 3, rs1_addr:  1, rs1_rdata: ab7fb800, rs2_addr: 13, rs2_rdata: 00000000, rd_addr:  1, rd_wdata: feedbead, mem_addr: feedbead, mem_rdata: 00000000, mem_wdata: 00000000
ClkCycle:         63, pc_rdata: 000000e8, pc_wdata: 000000ec, insn: 0070d113, mode: 3, rs1_addr:  1, rs1_rdata: ab7fbb6f, rs2_addr:  7, rs2_rdata: 00000000, rd_addr:  2, rd_wdata: 5bfddb7d, mem_addr: 5bfddb7d, mem_rdata: 00000000, mem_wdata: 00000000
ClkCycle:         64, pc_rdata: 000000ec, pc_wdata: 000000f0, insn: 0390d793, mode: 3, rs1_addr:  1, rs1_rdata: feedbc00, rs2_addr: 25, rs2_rdata: 00000000, rd_addr: 15, rd_wdata: 76df56ff, mem_addr: 76df56ff, mem_rdata: 00000000, mem_wdata: 00000000
ClkCycle:         65, pc_rdata: 000000f0, pc_wdata: 000000f4, insn: 00f16133, mode: 3, rs1_addr:  2, rs1_rdata: 00000000, rs2_addr: 15, rs2_rdata: 00000000, rd_addr:  2, rd_wdata: 7fffdfff, mem_addr: 7fffdfff, mem_rdata: 00000000, mem_wdata: 76df56ff
ClkCycle:         66, pc_rdata: 000000f4, pc_wdata: 000000f8, insn: 00715193, mode: 3, rs1_addr:  2, rs1_rdata: 5bfddb7d, rs2_addr:  7, rs2_rdata: 00000000, rd_addr:  3, rd_wdata: feffffbf, mem_addr: feffffbf, mem_rdata: 00000000, mem_wdata: 00000000
ClkCycle:         67, pc_rdata: 000000f8, pc_wdata: 000000fc, insn: 03915793, mode: 3, rs1_addr:  2, rs1_rdata: 5bfddb7d, rs2_addr: 25, rs2_rdata: 00000000, rd_addr: 15, rd_wdata: feedbfbf, mem_addr: feedbfbf, mem_rdata: 00000000, mem_wdata: 00000000
ClkCycle:         68, pc_rdata: 000000fc, pc_wdata: 00000100, insn: 00f1e1b3, mode: 3, rs1_addr:  3, rs1_rdata: 00000000, rs2_addr: 15, rs2_rdata: 76df56ff, rd_addr:  3, rd_wdata: feffffbf, mem_addr: feffffbf, mem_rdata: 00000000, mem_wdata: feedbfbf
ClkCycle:         69, pc_rdata: 00000100, pc_wdata: 00000104, insn: 0071d213, mode: 3, rs1_addr:  3, rs1_rdata: feffffbf, rs2_addr:  7, rs2_rdata: 00000000, rd_addr:  4, rd_wdata: 6dfdffff, mem_addr: 6dfdffff, mem_rdata: 00000000, mem_wdata: 00000000
ClkCycle:         70, pc_rdata: 00000104, pc_wdata: 00000108, insn: 0391d793, mode: 3, rs1_addr:  3, rs1_rdata: feffffbf, rs2_addr: 25, rs2_rdata: 00000000, rd_addr: 15, rd_wdata: 01fddb7f, mem_addr: 01fddb7f, mem_rdata: 00000000, mem_wdata: 00000000
ClkCycle:         71, pc_rdata: 00000108, pc_wdata: 0000010c, insn: 00f26233, mode: 3, rs1_addr:  4, rs1_rdata: 00000000, rs2_addr: 15, rs2_rdata: feedbfbf, rd_addr:  4, rd_wdata: 6dfdffff, mem_addr: 6dfdffff, mem_rdata: 00000000, mem_wdata: 01fddb7f
ClkCycle:         72, pc_rdata: 0000010c, pc_wdata: 00000110, insn: 00725293, mode: 3, rs1_addr:  4, rs1_rdata: 6dfdffff, rs2_addr:  7, rs2_rdata: 00000000, rd_addr:  5, rd_wdata: eedbfbff, mem_addr: eedbfbff, mem_rdata: 00000000, mem_wdata: 00000000
ClkCycle:         73, pc_rdata: 00000110, pc_wdata: 00000114, insn: 03925793, mode: 3, rs1_addr:  4, rs1_rdata: 6dfdffff, rs2_addr: 25, rs2_rdata: 00000000, rd_addr: 15, rd_wdata: 0003fbb6, mem_addr: 0003fbb6, mem_rdata: 00000000, mem_wdata: 00000000
ClkCycle:         74, pc_rdata: 00000114, pc_wdata: 00000118, insn: 00f2e2b3, mode: 3, rs1_addr:  5, rs1_rdata: 00000000, rs2_addr: 15, rs2_rdata: 01fddb7f, rd_addr:  5, rd_wdata: eedbfbff, mem_addr: eedbfbff, mem_rdata: 00000000, mem_wdata: 0003fbb6
ClkCycle:         75, pc_rdata: 00000118, pc_wdata: 0000011c, insn: 0072d313, mode: 3, rs1_addr:  5, rs1_rdata: eedbfbff, rs2_addr:  7, rs2_rdata: 00000000, rd_addr:  6, rd_wdata: 1fddb7f7, mem_addr: 1fddb7f7, mem_rdata: 00000000, mem_wdata: 00000000
ClkCycle:         76, pc_rdata: 0000011c, pc_wdata: 00000120, insn: 0392d793, mode: 3, rs1_addr:  5, rs1_rdata: eedbfbff, rs2_addr: 25, rs2_rdata: 00000000, rd_addr: 15, rd_wdata: 000007f7, mem_addr: 000007f7, mem_rdata: 00000000, mem_wdata: 00000000
ClkCycle:         77, pc_rdata: 00000120, pc_wdata: 00000124, insn: 00f36333, mode: 3, rs1_addr:  6, rs1_rdata: 00000000, rs2_addr: 15, rs2_rdata: 0003fbb6, rd_addr:  6, rd_wdata: 1fddb7f7, mem_addr: 1fddb7f7, mem_rdata: 00000000, mem_wdata: 000007f7
ClkCycle:         78, pc_rdata: 00000124, pc_wdata: 00000128, insn: 00735393, mode: 3, rs1_addr:  6, rs1_rdata: 1fddb7f7, rs2_addr:  7, rs2_rdata: 00000000, rd_addr:  7, rd_wdata: 003fbb6f, mem_addr: 003fbb6f, mem_rdata: 00000000, mem_wdata: 00000000
ClkCycle:         79, pc_rdata: 00000128, pc_wdata: 0000012c, insn: 03935793, mode: 3, rs1_addr:  6, rs1_rdata: 1fddb7f7, rs2_addr: 25, rs2_rdata: 00000000, rd_addr: 15, rd_wdata: 0000000f, mem_addr: 0000000f, mem_rdata: 00000000, mem_wdata: 00000000
ClkCycle:         80, pc_rdata: 0000012c, pc_wdata: 00000130, insn: 00f3e3b3, mode: 3, rs1_addr:  7, rs1_rdata: 00000000, rs2_addr: 15, rs2_rdata: 000007f7, rd_addr:  7, rd_wdata: 003fbb6f, mem_addr: 003fbb6f, mem_rdata: 00000000, mem_wdata: 0000000f
ClkCycle:         81, pc_rdata: 00000130, pc_wdata: 00000134, insn: 0073d413, mode: 3, rs1_addr:  7, rs1_rdata: 003fbb6f, rs2_addr:  7, rs2_rdata: 003fbb6f, rd_addr:  8, rd_wdata: 00007f76, mem_addr: 00007f76, mem_rdata: 00000000, mem_wdata: 003fbb6f
ClkCycle:         82, pc_rdata: 00000134, pc_wdata: 00000138, insn: 0393d793, mode: 3, rs1_addr:  7, rs1_rdata: 003fbb6f, rs2_addr: 25, rs2_rdata: 00000000, rd_addr: 15, rd_wdata: 00000000, mem_addr: 00000000, mem_rdata: 00000000, mem_wdata: 00000000
ClkCycle:         83, pc_rdata: 00000138, pc_wdata: 0000013c, insn: 00f46433, mode: 3, rs1_addr:  8, rs1_rdata: 00000000, rs2_addr: 15, rs2_rdata: 0000000f, rd_addr:  8, rd_wdata: 00007f76, mem_addr: 00007f76, mem_rdata: 00000000, mem_wdata: 00000000
ClkCycle:         84, pc_rdata: 0000013c, pc_wdata: 00000140, insn: 00745493, mode: 3, rs1_addr:  8, rs1_rdata: 00007f76, rs2_addr:  7, rs2_rdata: 003fbb6f, rd_addr:  9, rd_wdata: 000000fe, mem_addr: 000000fe, mem_rdata: 00000000, mem_wdata: 003fbb6f
ClkCycle:         85, pc_rdata: 00000140, pc_wdata: 00000144, insn: 03945793, mode: 3, rs1_addr:  8, rs1_rdata: 00007f76, rs2_addr: 25, rs2_rdata: 00000000, rd_addr: 15, rd_wdata: 00000000, mem_addr: 00000000, mem_rdata: 00000000, mem_wdata: 00000000
ClkCycle:         86, pc_rdata: 00000144, pc_wdata: 00000148, insn: 00f4e4b3, mode: 3, rs1_addr:  9, rs1_rdata: 00000000, rs2_addr: 15, rs2_rdata: 00000000, rd_addr:  9, rd_wdata: 000000fe, mem_addr: 000000fe, mem_rdata: 00000000, mem_wdata: 00000000
ClkCycle:         87, pc_rdata: 00000148, pc_wdata: 0000014c, insn: 0074d513, mode: 3, rs1_addr:  9, rs1_rdata: 000000fe, rs2_addr:  7, rs2_rdata: 003fbb6f, rd_addr: 10, rd_wdata: 00000001, mem_addr: 00000001, mem_rdata: 00000000, mem_wdata: 003fbb6f
ClkCycle:         88, pc_rdata: 0000014c, pc_wdata: 00000150, insn: 0394d793, mode: 3, rs1_addr:  9, rs1_rdata: 000000fe, rs2_addr: 25, rs2_rdata: 00000000, rd_addr: 15, rd_wdata: 00000000, mem_addr: 00000000, mem_rdata: 00000000, mem_wdata: 00000000
ClkCycle:         89, pc_rdata: 00000150, pc_wdata: 00000154, insn: 00f56533, mode: 3, rs1_addr: 10, rs1_rdata: 00000000, rs2_addr: 15, rs2_rdata: 00000000, rd_addr: 10, rd_wdata: 00000001, mem_addr: 00000001, mem_rdata: 00000000, mem_wdata: 00000000
ClkCycle:         90, pc_rdata: 00000154, pc_wdata: 00000158, insn: 00755593, mode: 3, rs1_addr: 10, rs1_rdata: 00000001, rs2_addr:  7, rs2_rdata: 003fbb6f, rd_addr: 11, rd_wdata: 00000000, mem_addr: 00000000, mem_rdata: 00000000, mem_wdata: 003fbb6f
ClkCycle:         91, pc_rdata: 00000158, pc_wdata: 0000015c, insn: 03955793, mode: 3, rs1_addr: 10, rs1_rdata: 00000001, rs2_addr: 25, rs2_rdata: 00000000, rd_addr: 15, rd_wdata: 00000000, mem_addr: 00000000, mem_rdata: 00000000, mem_wdata: 00000000
ClkCycle:         92, pc_rdata: 0000015c, pc_wdata: 00000160, insn: 00f5e5b3, mode: 3, rs1_addr: 11, rs1_rdata: 00000000, rs2_addr: 15, rs2_rdata: 00000000, rd_addr: 11, rd_wdata: 00000000, mem_addr: 00000000, mem_rdata: 00000000, mem_wdata: 00000000
ClkCycle:         93, pc_rdata: 00000160, pc_wdata: 00000164, insn: 0075d613, mode: 3, rs1_addr: 11, rs1_rdata: 00000000, rs2_addr:  7, rs2_rdata: 003fbb6f, rd_addr: 12, rd_wdata: 00000000, mem_addr: 00000000, mem_rdata: 00000000, mem_wdata: 003fbb6f
ClkCycle:         94, pc_rdata: 00000164, pc_wdata: 00000168, insn: 0395d793, mode: 3, rs1_addr: 11, rs1_rdata: 00000000, rs2_addr: 25, rs2_rdata: 00000000, rd_addr: 15, rd_wdata: 00000000, mem_addr: 00000000, mem_rdata: 00000000, mem_wdata: 00000000
ClkCycle:         95, pc_rdata: 00000168, pc_wdata: 0000016c, insn: 00f66633, mode: 3, rs1_addr: 12, rs1_rdata: 00000000, rs2_addr: 15, rs2_rdata: 00000000, rd_addr: 12, rd_wdata: 00000000, mem_addr: 00000000, mem_rdata: 00000000, mem_wdata: 00000000
ClkCycle:         96, pc_rdata: 0000016c, pc_wdata: 00000170, insn: 00765693, mode: 3, rs1_addr: 12, rs1_rdata: 00000000, rs2_addr:  7, rs2_rdata: 003fbb6f, rd_addr: 13, rd_wdata: 00000000, mem_addr: 00000000, mem_rdata: 00000000, mem_wdata: 003fbb6f
ClkCycle:         97, pc_rdata: 00000170, pc_wdata: 00000174, insn: 03965793, mode: 3, rs1_addr: 12, rs1_rdata: 00000000, rs2_addr: 25, rs2_rdata: 00000000, rd_addr: 15, rd_wdata: 00000000, mem_addr: 00000000, mem_rdata: 00000000, mem_wdata: 00000000
ClkCycle:         98, pc_rdata: 00000174, pc_wdata: 00000178, insn: 00f6e6b3, mode: 3, rs1_addr: 13, rs1_rdata: 00000000, rs2_addr: 15, rs2_rdata: 00000000, rd_addr: 13, rd_wdata: 00000000, mem_addr: 00000000, mem_rdata: 00000000, mem_wdata: 00000000
ClkCycle:         99, pc_rdata: 00000178, pc_wdata: 0000017c, insn: 00000013, mode: 3, rs1_addr:  0, rs1_rdata: 00000000, rs2_addr:  0, rs2_rdata: 00000000, rd_addr:  0, rd_wdata: 00000000, mem_addr: 00000000, mem_rdata: 00000000, mem_wdata: 00000000
ClkCycle:        100, pc_rdata: 0000017c, pc_wdata: 00000180, insn: 00000013, mode: 3, rs1_addr:  0, rs1_rdata: 00000000, rs2_addr:  0, rs2_rdata: 00000000, rd_addr:  0, rd_wdata: 00000000, mem_addr: 00000000, mem_rdata: 00000000, mem_wdata: 00000000
ClkCycle:        101, pc_rdata: 00000180, pc_wdata: 00000184, insn: 00003597, mode: 3, rs1_addr:  0, rs1_rdata: 00000000, rs2_addr:  0, rs2_rdata: 00000000, rd_addr: 11, rd_wdata: 00003180, mem_addr: 00003180, mem_rdata: 00000000, mem_wdata: 00000000
ClkCycle:        102, pc_rdata: 00000184, pc_wdata: 00000188, insn: f9858593, mode: 3, rs1_addr: 11, rs1_rdata: 00000000, rs2_addr: 24, rs2_rdata: 0000007d, rd_addr: 11, rd_wdata: 00003118, mem_addr: 00003118, mem_rdata: 00000000, mem_wdata: 0000007d
ClkCycle:        103, pc_rdata: 00000188, pc_wdata: 0000018c, insn: 00000013, mode: 3, rs1_addr:  0, rs1_rdata: 00000000, rs2_addr:  0, rs2_rdata: 00000000, rd_addr:  0, rd_wdata: 00000000, mem_addr: 00000000, mem_rdata: 00000000, mem_wdata: 00000000
ClkCycle:        104, pc_rdata: 0000018c, pc_wdata: 00000190, insn: 00000013, mode: 3, rs1_addr:  0, rs1_rdata: 00000000, rs2_addr:  0, rs2_rdata: 00000000, rd_addr:  0, rd_wdata: 00000000, mem_addr: 00000000, mem_rdata: 00000000, mem_wdata: 00000000
ClkCycle:        105, pc_rdata: 00000190, pc_wdata: 00000194, insn: 00000013, mode: 3, rs1_addr:  0, rs1_rdata: 00000000, rs2_addr:  0, rs2_rdata: 00000000, rd_addr:  0, rd_wdata: 00000000, mem_addr: 00000000, mem_rdata: 00000000, mem_wdata: 00000000
ClkCycle:        106, pc_rdata: 00000194, pc_wdata: 00000198, insn: 00000013, mode: 3, rs1_addr:  0, rs1_rdata: 00000000, rs2_addr:  0, rs2_rdata: 00000000, rd_addr:  0, rd_wdata: 00000000, mem_addr: 00000000, mem_rdata: 00000000, mem_wdata: 00000000
ClkCycle:        107, pc_rdata: 00000198, pc_wdata: 0000019c, insn: 00000013, mode: 3, rs1_addr:  0, rs1_rdata: 00000000, rs2_addr:  0, rs2_rdata: 00000000, rd_addr:  0, rd_wdata: 00000000, mem_addr: 00000000, mem_rdata: 00000000, mem_wdata: 00000000
ClkCycle:        108, pc_rdata: 0000019c, pc_wdata: 000001a0, insn: 00000013, mode: 3, rs1_addr:  0, rs1_rdata: 00000000, rs2_addr:  0, rs2_rdata: 00000000, rd_addr:  0, rd_wdata: 00000000, mem_addr: 00000000, mem_rdata: 00000000, mem_wdata: 00000000
ClkCycle:        109, pc_rdata: 000001a0, pc_wdata: 000001a2, insn: e19c5781, mode: 3, rs1_addr:  0, rs1_rdata: 00000000, rs2_addr:  0, rs2_rdata: 00000000, rd_addr: 15, rd_wdata: ffffffe0, mem_addr: ffffffe0, mem_rdata: 00000000, mem_wdata: 00000000
ClkCycle:        110, pc_rdata: 000001a2, pc_wdata: 000001a6, insn: e19c5781, mode: 3, rs1_addr:  0, rs1_rdata: 00000000, rs2_addr:  0, rs2_rdata: 00000000, rd_addr:  0, rd_wdata: 00000000, mem_addr: 00000000, mem_rdata: 00000000, mem_wdata: 00000000
00000000ffffffe0
ClkCycle:        111, pc_rdata: 000001a6, pc_wdata: 000001a8, insn: b8234f7d, mode: 3, rs1_addr: 11, rs1_rdata: 00003118, rs2_addr: 15, rs2_rdata: 00000000, rd_addr:  0, rd_wdata: 00003118, mem_addr: 00003118, mem_rdata: 00000000, mem_wdata: ffffffe0
ClkCycle:        112, pc_rdata: 000001a8, pc_wdata: 000001aa, insn: b8234f7d, mode: 3, rs1_addr:  0, rs1_rdata: 00000000, rs2_addr: 31, rs2_rdata: 00000000, rd_addr: 30, rd_wdata: 0000001f, mem_addr: 0000001f, mem_rdata: 00000000, mem_wdata: 00000000
ClkCycle:        113, pc_rdata: 000001aa, pc_wdata: 000001ae, insn: b8234f7d, mode: 3, rs1_addr:  0, rs1_rdata: 00000000, rs2_addr:  0, rs2_rdata: 00000000, rd_addr:  0, rd_wdata: 00000000, mem_addr: 00000000, mem_rdata: 00000000, mem_wdata: 00000000
01fddb7f7fffdfff
ClkCycle:        114, pc_rdata: 000001ae, pc_wdata: 000001b2, insn: 0065bc23, mode: 3, rs1_addr:  7, rs1_rdata: 003fbb6f, rs2_addr:  2, rs2_rdata: 7fffdfff, rd_addr: 16, rd_wdata: 003fb73f, mem_addr: 003fb73f, mem_rdata: 00000000, mem_wdata: 7fffdfff
ClkCycle:        115, pc_rdata: 000001b2, pc_wdata: 000001b6, insn: 0065bc23, mode: 3, rs1_addr:  0, rs1_rdata: 00000000, rs2_addr:  0, rs2_rdata: 00000000, rd_addr:  0, rd_wdata: 00000000, mem_addr: 00000000, mem_rdata: 00000000, mem_wdata: 00000000
ClkCycle:        116, pc_rdata: 000001b6, pc_wdata: 000001b8, insn: b4234191, mode: 3, rs1_addr:  0, rs1_rdata: 00000000, rs2_addr: 25, rs2_rdata: 00000000, rd_addr:  0, rd_wdata: 00000019, mem_addr: 00000019, mem_rdata: 00000000, mem_wdata: 00000000
ClkCycle:        117, pc_rdata: 000001b8, pc_wdata: 000001ba, insn: b4234191, mode: 3, rs1_addr:  0, rs1_rdata: 00000000, rs2_addr:  4, rs2_rdata: 6dfdffff, rd_addr:  3, rd_wdata: 00000004, mem_addr: 00000004, mem_rdata: 00000000, mem_wdata: 6dfdffff
ClkCycle:        118, pc_rdata: 000001ba, pc_wdata: 000001be, insn: b4234191, mode: 3, rs1_addr:  0, rs1_rdata: 00000000, rs2_addr:  0, rs2_rdata: 00000000, rd_addr:  0, rd_wdata: 00000000, mem_addr: 00000000, mem_rdata: 00000000, mem_wdata: 00000000
01fddb7f7fffdfff
ClkCycle:        119, pc_rdata: 000001be, pc_wdata: 000001c2, insn: 0365b823, mode: 3, rs1_addr:  7, rs1_rdata: 003fbb6f, rs2_addr:  2, rs2_rdata: 7fffdfff, rd_addr:  8, rd_wdata: 003fb6f7, mem_addr: 003fb6f7, mem_rdata: 00000000, mem_wdata: 7fffdfff
ClkCycle:        120, pc_rdata: 000001c2, pc_wdata: 000001c6, insn: 0365b823, mode: 3, rs1_addr:  0, rs1_rdata: 00000000, rs2_addr:  0, rs2_rdata: 00000000, rd_addr:  0, rd_wdata: 00000000, mem_addr: 00000000, mem_rdata: 00000000, mem_wdata: 00000000
ClkCycle:        121, pc_rdata: 000001c6, pc_wdata: 000001c8, insn: e1a85529, mode: 3, rs1_addr:  6, rs1_rdata: 1fddb7f7, rs2_addr: 25, rs2_rdata: 00000000, rd_addr:  6, rd_wdata: 1fddb810, mem_addr: 1fddb810, mem_rdata: 00000000, mem_wdata: 00000000
ClkCycle:        122, pc_rdata: 000001c8, pc_wdata: 000001ca, insn: e1a85529, mode: 3, rs1_addr:  0, rs1_rdata: 00000000, rs2_addr: 10, rs2_rdata: 00000001, rd_addr: 10, rd_wdata: ffffffea, mem_addr: ffffffea, mem_rdata: 00000000, mem_wdata: 00000001
ClkCycle:        123, pc_rdata: 000001ca, pc_wdata: 000001ce, insn: e1a85529, mode: 3, rs1_addr:  0, rs1_rdata: 00000000, rs2_addr:  0, rs2_rdata: 00000000, rd_addr:  0, rd_wdata: 00000000, mem_addr: 00000000, mem_rdata: 00000000, mem_wdata: 00000000
00000000ffffffea
ClkCycle:        124, pc_rdata: 000001ce, pc_wdata: 000001d0, insn: 5c750595, mode: 3, rs1_addr: 11, rs1_rdata: 00003118, rs2_addr: 10, rs2_rdata: 00000001, rd_addr:  0, rd_wdata: 00003158, mem_addr: 00003158, mem_rdata: 00000000, mem_wdata: ffffffea
ClkCycle:        125, pc_rdata: 000001d0, pc_wdata: 000001d2, insn: 5c750595, mode: 3, rs1_addr: 11, rs1_rdata: 00003118, rs2_addr:  5, rs2_rdata: eedbfbff, rd_addr: 11, rd_wdata: 0000311d, mem_addr: 0000311d, mem_rdata: 00000000, mem_wdata: eedbfbff
ClkCycle:        126, pc_rdata: 000001d2, pc_wdata: 000001d6, insn: 5c750595, mode: 3, rs1_addr:  0, rs1_rdata: 00000000, rs2_addr:  0, rs2_rdata: 00000000, rd_addr:  0, rd_wdata: 00000000, mem_addr: 00000000, mem_rdata: 00000000, mem_wdata: 00000000
ClkCycle:        127, pc_rdata: 000001d6, pc_wdata: 000001d8, insn: bc2353ed, mode: 3, rs1_addr:  0, rs1_rdata: 00000000, rs2_addr: 29, rs2_rdata: 00000000, rd_addr: 24, rd_wdata: fffffffd, mem_addr: fffffffd, mem_rdata: 00000000, mem_wdata: 00000000
ClkCycle:        128, pc_rdata: 000001d8, pc_wdata: 000001da, insn: bc2353ed, mode: 3, rs1_addr:  0, rs1_rdata: 00000000, rs2_addr: 27, rs2_rdata: 00000000, rd_addr:  7, rd_wdata: fffffffb, mem_addr: fffffffb, mem_rdata: 00000000, mem_wdata: 00000000
ClkCycle:        129, pc_rdata: 000001da, pc_wdata: 000001de, insn: bc2353ed, mode: 3, rs1_addr:  0, rs1_rdata: 00000000, rs2_addr:  0, rs2_rdata: 00000000, rd_addr:  0, rd_wdata: 00000000, mem_addr: 00000000, mem_rdata: 00000000, mem_wdata: 00000000
01fddb7f7fffdfff
ClkCycle:        130, pc_rdata: 000001de, pc_wdata: 000001e2, insn: 0645b023, mode: 3, rs1_addr:  7, rs1_rdata: 003fbb6f, rs2_addr:  2, rs2_rdata: 7fffdfff, rd_addr: 24, rd_wdata: fffffb13, mem_addr: fffffb13, mem_rdata: 00000000, mem_wdata: 7fffdfff
ClkCycle:        131, pc_rdata: 000001e2, pc_wdata: 000001e6, insn: 0645b023, mode: 3, rs1_addr:  0, rs1_rdata: 00000000, rs2_addr:  0, rs2_rdata: 00000000, rd_addr:  0, rd_wdata: 00000000, mem_addr: 00000000, mem_rdata: 00000000, mem_wdata: 00000000
ClkCycle:        132, pc_rdata: 000001e6, pc_wdata: 000001e8, insn: 4dd50715, mode: 3, rs1_addr: 12, rs1_rdata: 00000000, rs2_addr: 17, rs2_rdata: bffeffff, rd_addr: 12, rd_wdata: 00000011, mem_addr: 00000011, mem_rdata: 00000000, mem_wdata: bffeffff
ClkCycle:        133, pc_rdata: 000001e8, pc_wdata: 000001ea, insn: 4dd50715, mode: 3, rs1_addr: 14, rs1_rdata: 00000000, rs2_addr:  5, rs2_rdata: eedbfbff, rd_addr: 14, rd_wdata: 00000005, mem_addr: 00000005, mem_rdata: 00000000, mem_wdata: eedbfbff
ClkCycle:        134, pc_rdata: 000001ea, pc_wdata: 000001ee, insn: 4dd50715, mode: 3, rs1_addr:  0, rs1_rdata: 00000000, rs2_addr:  0, rs2_rdata: 00000000, rd_addr:  0, rd_wdata: 00000000, mem_addr: 00000000, mem_rdata: 00000000, mem_wdata: 00000000
ClkCycle:        135, pc_rdata: 000001ee, pc_wdata: 000001f0, insn: bc234901, mode: 3, rs1_addr:  0, rs1_rdata: 00000000, rs2_addr: 21, rs2_rdata: 0fab7ffb, rd_addr: 27, rd_wdata: 00000015, mem_addr: 00000015, mem_rdata: 00000000, mem_wdata: 0fab7ffb
ClkCycle:        136, pc_rdata: 000001f0, pc_wdata: 000001f2, insn: bc234901, mode: 3, rs1_addr:  0, rs1_rdata: 00000000, rs2_addr:  0, rs2_rdata: 00000000, rd_addr: 18, rd_wdata: 00000000, mem_addr: 00000000, mem_rdata: 00000000, mem_wdata: 00000000
ClkCycle:        137, pc_rdata: 000001f2, pc_wdata: 000001f6, insn: bc234901, mode: 3, rs1_addr:  0, rs1_rdata: 00000000, rs2_addr:  0, rs2_rdata: 00000000, rd_addr:  0, rd_wdata: 00000000, mem_addr: 00000000, mem_rdata: 00000000, mem_wdata: 00000000
01fddb7f7fffdfff
ClkCycle:        138, pc_rdata: 000001f6, pc_wdata: 000001fa, insn: 0905b023, mode: 3, rs1_addr:  7, rs1_rdata: fffffffb, rs2_addr:  2, rs2_rdata: 7fffdfff, rd_addr: 24, rd_wdata: fffffb13, mem_addr: fffffb13, mem_rdata: 00000000, mem_wdata: 7fffdfff
ClkCycle:        139, pc_rdata: 000001fa, pc_wdata: 000001fe, insn: 0905b023, mode: 3, rs1_addr:  0, rs1_rdata: 00000000, rs2_addr:  0, rs2_rdata: 00000000, rd_addr:  0, rd_wdata: 00000000, mem_addr: 00000000, mem_rdata: 00000000, mem_wdata: 00000000
ClkCycle:        140, pc_rdata: 000001fe, pc_wdata: 00000200, insn: 428109c5, mode: 3, rs1_addr: 18, rs1_rdata: 00000000, rs2_addr:  1, rs2_rdata: feedbead, rd_addr: 18, rd_wdata: 00000001, mem_addr: 00000001, mem_rdata: 00000000, mem_wdata: feedbead
ClkCycle:        141, pc_rdata: 00000200, pc_wdata: 00000202, insn: 428109c5, mode: 3, rs1_addr: 19, rs1_rdata: dffeffff, rs2_addr: 17, rs2_rdata: bffeffff, rd_addr: 19, rd_wdata: dfff0010, mem_addr: dfff0010, mem_rdata: 00000000, mem_wdata: bffeffff
ClkCycle:        142, pc_rdata: 00000202, pc_wdata: 00000206, insn: 428109c5, mode: 3, rs1_addr:  0, rs1_rdata: 00000000, rs2_addr:  0, rs2_rdata: 00000000, rd_addr:  0, rd_wdata: 00000000, mem_addr: 00000000, mem_rdata: 00000000, mem_wdata: 00000000
ClkCycle:        143, pc_rdata: 00000206, pc_wdata: 00000208, insn: bc234a01, mode: 3, rs1_addr:  0, rs1_rdata: 00000000, rs2_addr:  0, rs2_rdata: 00000000, rd_addr:  5, rd_wdata: 00000000, mem_addr: 00000000, mem_rdata: 00000000, mem_wdata: 00000000
ClkCycle:        144, pc_rdata: 00000208, pc_wdata: 0000020a, insn: bc234a01, mode: 3, rs1_addr:  0, rs1_rdata: 00000000, rs2_addr:  0, rs2_rdata: 00000000, rd_addr: 20, rd_wdata: 00000000, mem_addr: 00000000, mem_rdata: 00000000, mem_wdata: 00000000
ClkCycle:        145, pc_rdata: 0000020a, pc_wdata: 0000020e, insn: bc234a01, mode: 3, rs1_addr:  0, rs1_rdata: 00000000, rs2_addr:  0, rs2_rdata: 00000000, rd_addr:  0, rd_wdata: 00000000, mem_addr: 00000000, mem_rdata: 00000000, mem_wdata: 00000000
01fddb7f7fffdfff
ClkCycle:        146, pc_rdata: 0000020e, pc_wdata: 00000212, insn: 0b55b023, mode: 3, rs1_addr:  7, rs1_rdata: fffffffb, rs2_addr:  2, rs2_rdata: 7fffdfff, rd_addr: 24, rd_wdata: fffffb13, mem_addr: fffffb13, mem_rdata: 00000000, mem_wdata: 7fffdfff
ClkCycle:        147, pc_rdata: 00000212, pc_wdata: 00000216, insn: 0b55b023, mode: 3, rs1_addr:  0, rs1_rdata: 00000000, rs2_addr:  0, rs2_rdata: 00000000, rd_addr:  0, rd_wdata: 00000000, mem_addr: 00000000, mem_rdata: 00000000, mem_wdata: 00000000
ClkCycle:        148, pc_rdata: 00000216, pc_wdata: 00000218, insn: 41010ba5, mode: 3, rs1_addr: 22, rs1_rdata: 001f56ff, rs2_addr: 21, rs2_rdata: 0fab7ffb, rd_addr: 22, rd_wdata: 001f5714, mem_addr: 001f5714, mem_rdata: 00000000, mem_wdata: 0fab7ffb
ClkCycle:        149, pc_rdata: 00000218, pc_wdata: 0000021a, insn: 41010ba5, mode: 3, rs1_addr: 23, rs1_rdata: 00003ead, rs2_addr:  9, rs2_rdata: 000000fe, rd_addr: 23, rd_wdata: 00003eb6, mem_addr: 00003eb6, mem_rdata: 00000000, mem_wdata: 000000fe
ClkCycle:        150, pc_rdata: 0000021a, pc_wdata: 0000021e, insn: 41010ba5, mode: 3, rs1_addr:  0, rs1_rdata: 00000000, rs2_addr:  0, rs2_rdata: 00000000, rd_addr:  0, rd_wdata: 00000000, mem_addr: 00000000, mem_rdata: 00000000, mem_wdata: 00000000
ClkCycle:        151, pc_rdata: 0000021e, pc_wdata: 00000220, insn: bc234f81, mode: 3, rs1_addr:  0, rs1_rdata: 00000000, rs2_addr:  0, rs2_rdata: 00000000, rd_addr:  2, rd_wdata: 00000000, mem_addr: 00000000, mem_rdata: 00000000, mem_wdata: 00000000
ClkCycle:        152, pc_rdata: 00000220, pc_wdata: 00000222, insn: bc234f81, mode: 3, rs1_addr:  0, rs1_rdata: 00000000, rs2_addr:  0, rs2_rdata: 00000000, rd_addr: 31, rd_wdata: 00000000, mem_addr: 00000000, mem_rdata: 00000000, mem_wdata: 00000000
ClkCycle:        153, pc_rdata: 00000222, pc_wdata: 00000226, insn: bc234f81, mode: 3, rs1_addr:  0, rs1_rdata: 00000000, rs2_addr:  0, rs2_rdata: 00000000, rd_addr:  0, rd_wdata: 00000000, mem_addr: 00000000, mem_rdata: 00000000, mem_wdata: 00000000
0000000000000000
ClkCycle:        154, pc_rdata: 00000226, pc_wdata: 0000022a, insn: 0d75b023, mode: 3, rs1_addr:  7, rs1_rdata: fffffffb, rs2_addr:  2, rs2_rdata: 00000000, rd_addr: 24, rd_wdata: fffffb13, mem_addr: fffffb13, mem_rdata: 00000000, mem_wdata: 00000000
ClkCycle:        155, pc_rdata: 0000022a, pc_wdata: 0000022e, insn: 0d75b023, mode: 3, rs1_addr:  0, rs1_rdata: 00000000, rs2_addr:  0, rs2_rdata: 00000000, rd_addr:  0, rd_wdata: 00000000, mem_addr: 00000000, mem_rdata: 00000000, mem_wdata: 00000000
ClkCycle:        156, pc_rdata: 0000022e, pc_wdata: 00000230, insn: 49810dd5, mode: 3, rs1_addr: 26, rs1_rdata: 00000000, rs2_addr: 29, rs2_rdata: 00000000, rd_addr: 26, rd_wdata: 0000001d, mem_addr: 0000001d, mem_rdata: 00000000, mem_wdata: 00000000
ClkCycle:        157, pc_rdata: 00000230, pc_wdata: 00000232, insn: 49810dd5, mode: 3, rs1_addr: 27, rs1_rdata: 00000015, rs2_addr: 21, rs2_rdata: 0fab7ffb, rd_addr: 27, rd_wdata: 0000002a, mem_addr: 0000002a, mem_rdata: 00000000, mem_wdata: 0fab7ffb
ClkCycle:        158, pc_rdata: 00000232, pc_wdata: 00000236, insn: 49810dd5, mode: 3, rs1_addr:  0, rs1_rdata: 00000000, rs2_addr:  0, rs2_rdata: 00000000, rd_addr:  0, rd_wdata: 00000000, mem_addr: 00000000, mem_rdata: 00000000, mem_wdata: 00000000
ClkCycle:        159, pc_rdata: 00000236, pc_wdata: 00000238, insn: bc234081, mode: 3, rs1_addr:  0, rs1_rdata: 00000000, rs2_addr:  0, rs2_rdata: 00000000, rd_addr: 19, rd_wdata: 00000000, mem_addr: 00000000, mem_rdata: 00000000, mem_wdata: 00000000
ClkCycle:        160, pc_rdata: 00000238, pc_wdata: 0000023a, insn: bc234081, mode: 3, rs1_addr:  0, rs1_rdata: 00000000, rs2_addr:  0, rs2_rdata: 00000000, rd_addr:  1, rd_wdata: 00000000, mem_addr: 00000000, mem_rdata: 00000000, mem_wdata: 00000000
ClkCycle:        161, pc_rdata: 0000023a, pc_wdata: 0000023e, insn: bc234081, mode: 3, rs1_addr:  0, rs1_rdata: 00000000, rs2_addr:  0, rs2_rdata: 00000000, rd_addr:  0, rd_wdata: 00000000, mem_addr: 00000000, mem_rdata: 00000000, mem_wdata: 00000000
00000000000000fe
ClkCycle:        162, pc_rdata: 0000023e, pc_wdata: 00000242, insn: 00003097, mode: 3, rs1_addr: 15, rs1_rdata: ffffffe0, rs2_addr:  9, rs2_rdata: 000000fe, rd_addr: 24, rd_wdata: 000002f8, mem_addr: 000002f8, mem_rdata: 00000000, mem_wdata: 000000fe
ClkCycle:        163, pc_rdata: 00000242, pc_wdata: 00000246, insn: 00003097, mode: 3, rs1_addr:  0, rs1_rdata: 00000000, rs2_addr:  0, rs2_rdata: 00000000, rd_addr:  0, rd_wdata: 00000000, mem_addr: 00000000, mem_rdata: 00000000, mem_wdata: 00000000
ClkCycle:        164, pc_rdata: 00000246, pc_wdata: 00000248, insn: 00000013, mode: 3, rs1_addr:  2, rs1_rdata: 00000000, rs2_addr:  0, rs2_rdata: 00000000, rd_addr:  8, rd_wdata: 00000000, mem_addr: 00000000, mem_rdata: 00000000, mem_wdata: 00000000
ClkCycle:        165, pc_rdata: 00000248, pc_wdata: 0000024c, insn: 00000013, mode: 3, rs1_addr:  0, rs1_rdata: 00000000, rs2_addr:  0, rs2_rdata: 00000000, rd_addr:  0, rd_wdata: 00000000, mem_addr: 00000000, mem_rdata: 00000000, mem_wdata: 00000000
ClkCycle:        166, pc_rdata: 0000024c, pc_wdata: 00000250, insn: 00000013, mode: 3, rs1_addr:  0, rs1_rdata: 00000000, rs2_addr:  0, rs2_rdata: 00000000, rd_addr:  0, rd_wdata: 00000000, mem_addr: 00000000, mem_rdata: 00000000, mem_wdata: 00000000
ClkCycle:        167, pc_rdata: 00000250, pc_wdata: 00000254, insn: 00000013, mode: 3, rs1_addr:  0, rs1_rdata: 00000000, rs2_addr:  0, rs2_rdata: 00000000, rd_addr:  0, rd_wdata: 00000000, mem_addr: 00000000, mem_rdata: 00000000, mem_wdata: 00000000
ClkCycle:        168, pc_rdata: 00000254, pc_wdata: 00000258, insn: 00000013, mode: 3, rs1_addr:  0, rs1_rdata: 00000000, rs2_addr:  0, rs2_rdata: 00000000, rd_addr:  0, rd_wdata: 00000000, mem_addr: 00000000, mem_rdata: 00000000, mem_wdata: 00000000
ClkCycle:        169, pc_rdata: 00000258, pc_wdata: 0000025c, insn: 00000013, mode: 3, rs1_addr:  0, rs1_rdata: 00000000, rs2_addr:  0, rs2_rdata: 00000000, rd_addr:  0, rd_wdata: 00000000, mem_addr: 00000000, mem_rdata: 00000000, mem_wdata: 00000000
ClkCycle:        170, pc_rdata: 0000025c, pc_wdata: 00000260, insn: 00000013, mode: 3, rs1_addr:  0, rs1_rdata: 00000000, rs2_addr:  0, rs2_rdata: 00000000, rd_addr:  0, rd_wdata: 00000000, mem_addr: 00000000, mem_rdata: 00000000, mem_wdata: 00000000
ClkCycle:        171, pc_rdata: 00000260, pc_wdata: 00000262, insn: b0234001, mode: 3, rs1_addr:  0, rs1_rdata: 00000000, rs2_addr:  0, rs2_rdata: 00000000, rd_addr:  0, rd_wdata: 00000000, mem_addr: 00000000, mem_rdata: 00000000, mem_wdata: 00000000
ClkCycle:        172, pc_rdata: 00000262, pc_wdata: 00000266, insn: b0234001, mode: 3, rs1_addr:  0, rs1_rdata: 00000000, rs2_addr:  0, rs2_rdata: 00000000, rd_addr:  0, rd_wdata: 00000000, mem_addr: 00000000, mem_rdata: 00000000, mem_wdata: 00000000
0000000000000000
ClkCycle:        173, pc_rdata: 00000266, pc_wdata: 0000026a, insn: 00b0b423, mode: 3, rs1_addr:  7, rs1_rdata: fffffffb, rs2_addr:  2, rs2_rdata: 00000000, rd_addr:  0, rd_wdata: fffffb3b, mem_addr: fffffb3b, mem_rdata: 00000000, mem_wdata: 00000000
ClkCycle:        174, pc_rdata: 0000026a, pc_wdata: 0000026e, insn: 00b0b423, mode: 3, rs1_addr:  0, rs1_rdata: 00000000, rs2_addr:  0, rs2_rdata: 00000000, rd_addr:  0, rd_wdata: 00000000, mem_addr: 00000000, mem_rdata: 00000000, mem_wdata: 00000000
ClkCycle:        175, pc_rdata: 0000026e, pc_wdata: 00000270, insn: 468100c0, mode: 3, rs1_addr:  2, rs1_rdata: 00000000, rs2_addr:  8, rs2_rdata: 00000000, rd_addr: 12, rd_wdata: 00000048, mem_addr: 00000048, mem_rdata: 00000000, mem_wdata: 00000000
ClkCycle:        176, pc_rdata: 00000270, pc_wdata: 00000272, insn: 468100c0, mode: 3, rs1_addr:  2, rs1_rdata: 00000000, rs2_addr:  4, rs2_rdata: 6dfdffff, rd_addr:  8, rd_wdata: 00000044, mem_addr: 00000044, mem_rdata: 00000000, mem_wdata: 6dfdffff
ClkCycle:        177, pc_rdata: 00000272, pc_wdata: 00000276, insn: 468100c0, mode: 3, rs1_addr:  0, rs1_rdata: 00000000, rs2_addr:  0, rs2_rdata: 00000000, rd_addr:  0, rd_wdata: 00000000, mem_addr: 00000000, mem_rdata: 00000000, mem_wdata: 00000000
ClkCycle:        178, pc_rdata: 00000276, pc_wdata: 00000278, insn: 0380006f, mode: 3, rs1_addr:  0, rs1_rdata: 00000000, rs2_addr:  0, rs2_rdata: 00000000, rd_addr: 13, rd_wdata: 00000000, mem_addr: 00000000, mem_rdata: 00000000, mem_wdata: 00000000
ClkCycle:        179, pc_rdata: 00000278, pc_wdata: 0000027c, insn: 0380006f, mode: 3, rs1_addr:  0, rs1_rdata: 00000000, rs2_addr: 24, rs2_rdata: fffffffd, rd_addr:  0, rd_wdata: 0000027c, mem_addr: 00000038, mem_rdata: 00000000, mem_wdata: fffffffd
ClkCycle:        180, pc_rdata: 0000027c, pc_wdata: 000002b0, insn: 1f813483, mode: 3, rs1_addr:  0, rs1_rdata: 00000000, rs2_addr:  0, rs2_rdata: 00000000, rd_addr:  0, rd_wdata: 00000000, mem_addr: 00000000, mem_rdata: 00000000, mem_wdata: 00000000
ClkCycle:        181, pc_rdata: 000002b0, pc_wdata: 000002b2, insn: 1f174085, mode: 3, rs1_addr:  0, rs1_rdata: 00000000, rs2_addr:  1, rs2_rdata: 00000000, rd_addr:  1, rd_wdata: 00000001, mem_addr: 00000001, mem_rdata: 00000000, mem_wdata: 00000000
ClkCycle:        182, pc_rdata: 000002b2, pc_wdata: 000002b6, insn: 1f174085, mode: 3, rs1_addr:  0, rs1_rdata: 00000000, rs2_addr:  0, rs2_rdata: 00000000, rd_addr:  0, rd_wdata: 00000000, mem_addr: 00000000, mem_rdata: 00000000, mem_wdata: 00000000
ClkCycle:        183, pc_rdata: 000002b6, pc_wdata: 000002ba, insn: bfe5d41f, mode: 3, rs1_addr: 30, rs1_rdata: 0000001f, rs2_addr:  1, rs2_rdata: 00000000, rd_addr: 30, rd_wdata: d41f12b6, mem_addr: d41f12b6, mem_rdata: 00000000, mem_wdata: 00000001
ClkCycle:        184, pc_rdata: 000002ba, pc_wdata: 000002be, insn: bfe5d41f, mode: 3, rs1_addr:  0, rs1_rdata: 00000000, rs2_addr:  0, rs2_rdata: 00000000, rd_addr:  0, rd_wdata: 00000000, mem_addr: 00000000, mem_rdata: 00000000, mem_wdata: 00000000
ClkCycle:        187, pc_rdata: 000002b6, pc_wdata: 000002ba, insn: 27230000, mode: 3, rs1_addr:  0, rs1_rdata: 00000000, rs2_addr:  0, rs2_rdata: 00000000, rd_addr:  0, rd_wdata: 00000000, mem_addr: 00000000, mem_rdata: 00000000, mem_wdata: 00000000
0000000000000000
ClkCycle:       4110, pc_rdata: 00004002, pc_wdata: 00004004, insn: ddb80813, mode: 3, rs1_addr:  2, rs1_rdata: 00000000, rs2_addr:  0, rs2_rdata: 00000000, rd_addr:  8, rd_wdata: 00000000, mem_addr: 00000000, mem_rdata: 00000000, mem_wdata: 00000000
ClkCycle:       4111, pc_rdata: 00004004, pc_wdata: 00004008, insn: ddb80813, mode: 3, rs1_addr: 16, rs1_rdata: 7d5bfddb, rs2_addr: 27, rs2_rdata: 0000002a, rd_addr: 16, rd_wdata: 7d5bfbb6, mem_addr: 7d5bfbb6, mem_rdata: 00000000, mem_wdata: 0000002a
ClkCycle:       4112, pc_rdata: 00004008, pc_wdata: 0000400c, insn: 00b81813, mode: 3, rs1_addr: 16, rs1_rdata: 7d5bfddb, rs2_addr: 11, rs2_rdata: 0000311d, rd_addr: 16, rd_wdata: dfddb000, mem_addr: dfddb000, mem_rdata: 00000000, mem_wdata: 0000311d
ClkCycle:       4113, pc_rdata: 0000400c, pc_wdata: 00004010, insn: 3ea80813, mode: 3, rs1_addr: 16, rs1_rdata: 7d5bfddb, rs2_addr: 10, rs2_rdata: ffffffea, rd_addr: 16, rd_wdata: dfddb3ea, mem_addr: dfddb3ea, mem_rdata: 00000000, mem_wdata: ffffffea
ClkCycle:       4114, pc_rdata: 00004010, pc_wdata: 00004014, insn: 00b81813, mode: 3, rs1_addr: 16, rs1_rdata: 7d5bfbb6, rs2_addr: 11, rs2_rdata: 0000311d, rd_addr: 16, rd_wdata: ed9f5000, mem_addr: ed9f5000, mem_rdata: 00000000, mem_wdata: 0000311d
ClkCycle:       4115, pc_rdata: 00004014, pc_wdata: 00004018, insn: 6ff80813, mode: 3, rs1_addr: 16, rs1_rdata: dfddb000, rs2_addr: 31, rs2_rdata: 00000000, rd_addr: 16, rd_wdata: ed9f56ff, mem_addr: ed9f56ff, mem_rdata: 00000000, mem_wdata: 00000000
ClkCycle:       4116, pc_rdata: 00004018, pc_wdata: 0000401c, insn: 00a81813, mode: 3, rs1_addr: 16, rs1_rdata: dfddb3ea, rs2_addr: 10, rs2_rdata: ffffffea, rd_addr: 16, rd_wdata: 7d5bfc00, mem_addr: 7d5bfc00, mem_rdata: 00000000, mem_wdata: ffffffea
ClkCycle:       4117, pc_rdata: 0000401c, pc_wdata: 00004020, insn: 1db80813, mode: 3, rs1_addr: 16, rs1_rdata: ed9f5000, rs2_addr: 27, rs2_rdata: 0000002a, rd_addr: 16, rd_wdata: 7d5bfddb, mem_addr: 7d5bfddb, mem_rdata: 00000000, mem_wdata: 0000002a
ClkCycle:       4118, pc_rdata: 00004020, pc_wdata: 00004024, insn: 00785893, mode: 3, rs1_addr: 16, rs1_rdata: ed9f56ff, rs2_addr:  7, rs2_rdata: fffffffb, rd_addr: 17, rd_wdata: 6cfab7fb, mem_addr: 6cfab7fb, mem_rdata: 00000000, mem_wdata: fffffffb
ClkCycle:       4119, pc_rdata: 00004024, pc_wdata: 00004028, insn: 03985793, mode: 3, rs1_addr: 16, rs1_rdata: 7d5bfc00, rs2_addr: 25, rs2_rdata: 00000000, rd_addr: 15, rd_wdata: adfddb3e, mem_addr: adfddb3e, mem_rdata: 00000000, mem_wdata: 00000000
ClkCycle:       4120, pc_rdata: 00004028, pc_wdata: 0000402c, insn: 00f8e8b3, mode: 3, rs1_addr: 17, rs1_rdata: bffeffff, rs2_addr: 15, rs2_rdata: ffffffe0, rd_addr: 17, rd_wdata: edffffff, mem_addr: edffffff, mem_rdata: 00000000, mem_wdata: adfddb3e
ClkCycle:       4121, pc_rdata: 0000402c, pc_wdata: 00004030, insn: 0078d913, mode: 3, rs1_addr: 17, rs1_rdata: 6cfab7fb, rs2_addr:  7, rs2_rdata: fffffffb, rd_addr: 18, rd_wdata: ffdbffff, mem_addr: ffdbffff, mem_rdata: 00000000, mem_wdata: fffffffb
ClkCycle:       4122, pc_rdata: 00004030, pc_wdata: 00004034, insn: 0398d793, mode: 3, rs1_addr: 17, rs1_rdata: 6cfab7fb, rs2_addr: 25, rs2_rdata: 00000000, rd_addr: 15, rd_wdata: 7d5bfff6, mem_addr: 7d5bfff6, mem_rdata: 00000000, mem_wdata: 00000000
ClkCycle:       4123, pc_rdata: 00004034, pc_wdata: 00004038, insn: 00f96933, mode: 3, rs1_addr: 18, rs1_rdata: 00000001, rs2_addr: 15, rs2_rdata: adfddb3e, rd_addr: 18, rd_wdata: ffdbffff, mem_addr: ffdbffff, mem_rdata: 00000000, mem_wdata: 7d5bfff6
ClkCycle:       4124, pc_rdata: 00004038, pc_wdata: 0000403c, insn: 00795993, mode: 3, rs1_addr: 18, rs1_rdata: ffdbffff, rs2_addr:  7, rs2_rdata: fffffffb, rd_addr: 19, rd_wdata: dfffb7ff, mem_addr: dfffb7ff, mem_rdata: 00000000, mem_wdata: fffffffb
ClkCycle:       4125, pc_rdata: 0000403c, pc_wdata: 00004040, insn: 03995793, mode: 3, rs1_addr: 18, rs1_rdata: ffdbffff, rs2_addr: 25, rs2_rdata: 00000000, rd_addr: 15, rd_wdata: 00fab7ff, mem_addr: 00fab7ff, mem_rdata: 00000000, mem_wdata: 00000000
ClkCycle:       4126, pc_rdata: 00004040, pc_wdata: 00004044, insn: 00f9e9b3, mode: 3, rs1_addr: 19, rs1_rdata: 00000000, rs2_addr: 15, rs2_rdata: 7d5bfff6, rd_addr: 19, rd_wdata: dfffb7ff, mem_addr: dfffb7ff, mem_rdata: 00000000, mem_wdata: 00fab7ff
ClkCycle:       4127, pc_rdata: 00004044, pc_wdata: 00004048, insn: 0079da13, mode: 3, rs1_addr: 19, rs1_rdata: dfffb7ff, rs2_addr:  7, rs2_rdata: fffffffb, rd_addr: 20, rd_wdata: d5bfff6f, mem_addr: d5bfff6f, mem_rdata: 00000000, mem_wdata: fffffffb
ClkCycle:       4128, pc_rdata: 00004048, pc_wdata: 0000404c, insn: 0399d793, mode: 3, rs1_addr: 19, rs1_rdata: dfffb7ff, rs2_addr: 25, rs2_rdata: 00000000, rd_addr: 15, rd_wdata: 0001f56f, mem_addr: 0001f56f, mem_rdata: 00000000, mem_wdata: 00000000
ClkCycle:       4129, pc_rdata: 0000404c, pc_wdata: 00004050, insn: 00fa6a33, mode: 3, rs1_addr: 20, rs1_rdata: 00000000, rs2_addr: 15, rs2_rdata: 00fab7ff, rd_addr: 20, rd_wdata: d5bfff6f, mem_addr: d5bfff6f, mem_rdata: 00000000, mem_wdata: 0001f56f
ClkCycle:       4130, pc_rdata: 00004050, pc_wdata: 00004054, insn: 007a5a93, mode: 3, rs1_addr: 20, rs1_rdata: d5bfff6f, rs2_addr:  7, rs2_rdata: fffffffb, rd_addr: 21, rd_wdata: 0fab7ffe, mem_addr: 0fab7ffe, mem_rdata: 00000000, mem_wdata: fffffffb
ClkCycle:       4131, pc_rdata: 00004054, pc_wdata: 00004058, insn: 039a5793, mode: 3, rs1_addr: 20, rs1_rdata: d5bfff6f, rs2_addr: 25, rs2_rdata: 00000000, rd_addr: 15, rd_wdata: 000003ea, mem_addr: 000003ea, mem_rdata: 00000000, mem_wdata: 00000000
ClkCycle:       4132, pc_rdata: 00004058, pc_wdata: 0000405c, insn: 00faeab3, mode: 3, rs1_addr: 21, rs1_rdata: 0fab7ffb, rs2_addr: 15, rs2_rdata: 0001f56f, rd_addr: 21, rd_wdata: 0fab7ffe, mem_addr: 0fab7ffe, mem_rdata: 00000000, mem_wdata: 000003ea
ClkCycle:       4133, pc_rdata: 0000405c, pc_wdata: 00004060, insn: 007adb13, mode: 3, rs1_addr: 21, rs1_rdata: 0fab7ffe, rs2_addr:  7, rs2_rdata: fffffffb, rd_addr: 22, rd_wdata: 001f56ff, mem_addr: 001f56ff, mem_rdata: 00000000, mem_wdata: fffffffb
ClkCycle:       4134, pc_rdata: 00004060, pc_wdata: 00004064, insn: 039ad793, mode: 3, rs1_addr: 21, rs1_rdata: 0fab7ffe, rs2_addr: 25, rs2_rdata: 00000000, rd_addr: 15, rd_wdata: 00000007, mem_addr: 00000007, mem_rdata: 00000000, mem_wdata: 00000000
ClkCycle:       4135, pc_rdata: 00004064, pc_wdata: 00004068, insn: 00fb6b33, mode: 3, rs1_addr: 22, rs1_rdata: 001f5714, rs2_addr: 15, rs2_rdata: 000003ea, rd_addr: 22, rd_wdata: 001f56ff, mem_addr: 001f56ff, mem_rdata: 00000000, mem_wdata: 00000007
ClkCycle:       4136, pc_rdata: 00004068, pc_wdata: 0000406c, insn: 007b5b93, mode: 3, rs1_addr: 22, rs1_rdata: 001f56ff, rs2_addr:  7, rs2_rdata: fffffffb, rd_addr: 23, rd_wdata: 00003ead, mem_addr: 00003ead, mem_rdata: 00000000, mem_wdata: fffffffb
ClkCycle:       4137, pc_rdata: 0000406c, pc_wdata: 00004070, insn: 039b5793, mode: 3, rs1_addr: 22, rs1_rdata: 001f56ff, rs2_addr: 25, rs2_rdata: 00000000, rd_addr: 15, rd_wdata: 00000000, mem_addr: 00000000, mem_rdata: 00000000, mem_wdata: 00000000
ClkCycle:       4138, pc_rdata: 00004070, pc_wdata: 00004074, insn: 00fbebb3, mode: 3, rs1_addr: 23, rs1_rdata: 00003eb6, rs2_addr: 15, rs2_rdata: 00000007, rd_addr: 23, rd_wdata: 00003ead, mem_addr: 00003ead, mem_rdata: 00000000, mem_wdata: 00000000
ClkCycle:       4139, pc_rdata: 00004074, pc_wdata: 00004078, insn: 007bdc13, mode: 3, rs1_addr: 23, rs1_rdata: 00003ead, rs2_addr:  7, rs2_rdata: fffffffb, rd_addr: 24, rd_wdata: 0000007d, mem_addr: 0000007d, mem_rdata: 00000000, mem_wdata: fffffffb
ClkCycle:       4140, pc_rdata: 00004078, pc_wdata: 0000407c, insn: 039bd793, mode: 3, rs1_addr: 23, rs1_rdata: 00003ead, rs2_addr: 25, rs2_rdata: 00000000, rd_addr: 15, rd_wdata: 00000000, mem_addr: 00000000, mem_rdata: 00000000, mem_wdata: 00000000
ClkCycle:       4141, pc_rdata: 0000407c, pc_wdata: 00004080, insn: 00fc6c33, mode: 3, rs1_addr: 24, rs1_rdata: fffffffd, rs2_addr: 15, rs2_rdata: 00000000, rd_addr: 24, rd_wdata: 0000007d, mem_addr: 0000007d, mem_rdata: 00000000, mem_wdata: 00000000
ClkCycle:       4142, pc_rdata: 00004080, pc_wdata: 00004084, insn: 007c5c93, mode: 3, rs1_addr: 24, rs1_rdata: 0000007d, rs2_addr:  7, rs2_rdata: fffffffb, rd_addr: 25, rd_wdata: 00000000, mem_addr: 00000000, mem_rdata: 00000000, mem_wdata: fffffffb
ClkCycle:       4143, pc_rdata: 00004084, pc_wdata: 00004088, insn: 039c5793, mode: 3, rs1_addr: 24, rs1_rdata: 0000007d, rs2_addr: 25, rs2_rdata: 00000000, rd_addr: 15, rd_wdata: 00000000, mem_addr: 00000000, mem_rdata: 00000000, mem_wdata: 00000000
ClkCycle:       4144, pc_rdata: 00004088, pc_wdata: 0000408c, insn: 00fcecb3, mode: 3, rs1_addr: 25, rs1_rdata: 00000000, rs2_addr: 15, rs2_rdata: 00000000, rd_addr: 25, rd_wdata: 00000000, mem_addr: 00000000, mem_rdata: 00000000, mem_wdata: 00000000
ClkCycle:       4145, pc_rdata: 0000408c, pc_wdata: 00004090, insn: 007cdd13, mode: 3, rs1_addr: 25, rs1_rdata: 00000000, rs2_addr:  7, rs2_rdata: fffffffb, rd_addr: 26, rd_wdata: 00000000, mem_addr: 00000000, mem_rdata: 00000000, mem_wdata: fffffffb
ClkCycle:       4146, pc_rdata: 00004090, pc_wdata: 00004094, insn: 039cd793, mode: 3, rs1_addr: 25, rs1_rdata: 00000000, rs2_addr: 25, rs2_rdata: 00000000, rd_addr: 15, rd_wdata: 00000000, mem_addr: 00000000, mem_rdata: 00000000, mem_wdata: 00000000
ClkCycle:       4147, pc_rdata: 00004094, pc_wdata: 00004098, insn: 00fd6d33, mode: 3, rs1_addr: 26, rs1_rdata: 0000001d, rs2_addr: 15, rs2_rdata: 00000000, rd_addr: 26, rd_wdata: 00000000, mem_addr: 00000000, mem_rdata: 00000000, mem_wdata: 00000000
ClkCycle:       4148, pc_rdata: 00004098, pc_wdata: 0000409c, insn: 007d5d93, mode: 3, rs1_addr: 26, rs1_rdata: 00000000, rs2_addr:  7, rs2_rdata: fffffffb, rd_addr: 27, rd_wdata: 00000000, mem_addr: 00000000, mem_rdata: 00000000, mem_wdata: fffffffb
ClkCycle:       4149, pc_rdata: 0000409c, pc_wdata: 000040a0, insn: 039d5793, mode: 3, rs1_addr: 26, rs1_rdata: 00000000, rs2_addr: 25, rs2_rdata: 00000000, rd_addr: 15, rd_wdata: 00000000, mem_addr: 00000000, mem_rdata: 00000000, mem_wdata: 00000000
ClkCycle:       4150, pc_rdata: 000040a0, pc_wdata: 000040a4, insn: 00fdedb3, mode: 3, rs1_addr: 27, rs1_rdata: 0000002a, rs2_addr: 15, rs2_rdata: 00000000, rd_addr: 27, rd_wdata: 00000000, mem_addr: 00000000, mem_rdata: 00000000, mem_wdata: 00000000
ClkCycle:       4151, pc_rdata: 000040a4, pc_wdata: 000040a8, insn: 007dde13, mode: 3, rs1_addr: 27, rs1_rdata: 00000000, rs2_addr:  7, rs2_rdata: fffffffb, rd_addr: 28, rd_wdata: 00000000, mem_addr: 00000000, mem_rdata: 00000000, mem_wdata: fffffffb
ClkCycle:       4152, pc_rdata: 000040a8, pc_wdata: 000040ac, insn: 039dd793, mode: 3, rs1_addr: 27, rs1_rdata: 00000000, rs2_addr: 25, rs2_rdata: 00000000, rd_addr: 15, rd_wdata: 00000000, mem_addr: 00000000, mem_rdata: 00000000, mem_wdata: 00000000
ClkCycle:       4153, pc_rdata: 000040ac, pc_wdata: 000040b0, insn: 00fe6e33, mode: 3, rs1_addr: 28, rs1_rdata: 00000000, rs2_addr: 15, rs2_rdata: 00000000, rd_addr: 28, rd_wdata: 00000000, mem_addr: 00000000, mem_rdata: 00000000, mem_wdata: 00000000
ClkCycle:       4154, pc_rdata: 000040b0, pc_wdata: 000040b4, insn: 007e5e93, mode: 3, rs1_addr: 28, rs1_rdata: 00000000, rs2_addr:  7, rs2_rdata: fffffffb, rd_addr: 29, rd_wdata: 00000000, mem_addr: 00000000, mem_rdata: 00000000, mem_wdata: fffffffb
ClkCycle:       4155, pc_rdata: 000040b4, pc_wdata: 000040b8, insn: 039e5793, mode: 3, rs1_addr: 28, rs1_rdata: 00000000, rs2_addr: 25, rs2_rdata: 00000000, rd_addr: 15, rd_wdata: 00000000, mem_addr: 00000000, mem_rdata: 00000000, mem_wdata: 00000000
ClkCycle:       4156, pc_rdata: 000040b8, pc_wdata: 000040bc, insn: 00feeeb3, mode: 3, rs1_addr: 29, rs1_rdata: 00000000, rs2_addr: 15, rs2_rdata: 00000000, rd_addr: 29, rd_wdata: 00000000, mem_addr: 00000000, mem_rdata: 00000000, mem_wdata: 00000000
ClkCycle:       4157, pc_rdata: 000040bc, pc_wdata: 000040c0, insn: 007edf13, mode: 3, rs1_addr: 29, rs1_rdata: 00000000, rs2_addr:  7, rs2_rdata: fffffffb, rd_addr: 30, rd_wdata: 00000000, mem_addr: 00000000, mem_rdata: 00000000, mem_wdata: fffffffb
ClkCycle:       4158, pc_rdata: 000040c0, pc_wdata: 000040c4, insn: 039ed793, mode: 3, rs1_addr: 29, rs1_rdata: 00000000, rs2_addr: 25, rs2_rdata: 00000000, rd_addr: 15, rd_wdata: 00000000, mem_addr: 00000000, mem_rdata: 00000000, mem_wdata: 00000000
ClkCycle:       4159, pc_rdata: 000040c4, pc_wdata: 000040c8, insn: 00ff6f33, mode: 3, rs1_addr: 30, rs1_rdata: d41f12b6, rs2_addr: 15, rs2_rdata: 00000000, rd_addr: 30, rd_wdata: 00000000, mem_addr: 00000000, mem_rdata: 00000000, mem_wdata: 00000000
ClkCycle:       4160, pc_rdata: 000040c8, pc_wdata: 000040cc, insn: feedc0b7, mode: 3, rs1_addr: 27, rs1_rdata: 00000000, rs2_addr: 14, rs2_rdata: 00000005, rd_addr:  1, rd_wdata: feedc000, mem_addr: feedc000, mem_rdata: 00000000, mem_wdata: 00000005
ClkCycle:       4161, pc_rdata: 000040cc, pc_wdata: 000040d0, insn: ead08093, mode: 3, rs1_addr:  1, rs1_rdata: 00000001, rs2_addr: 13, rs2_rdata: 00000000, rd_addr:  1, rd_wdata: feedbead, mem_addr: feedbead, mem_rdata: 00000000, mem_wdata: 00000000
ClkCycle:       4162, pc_rdata: 000040d0, pc_wdata: 000040d4, insn: 00b09093, mode: 3, rs1_addr:  1, rs1_rdata: 00000001, rs2_addr: 11, rs2_rdata: 0000311d, rd_addr:  1, rd_wdata: 6df56800, mem_addr: 6df56800, mem_rdata: 00000000, mem_wdata: 0000311d
ClkCycle:       4163, pc_rdata: 000040d4, pc_wdata: 000040d8, insn: 7f708093, mode: 3, rs1_addr:  1, rs1_rdata: feedc000, rs2_addr: 23, rs2_rdata: 00003ead, rd_addr:  1, rd_wdata: 6df56ff7, mem_addr: 6df56ff7, mem_rdata: 00000000, mem_wdata: 00003ead
ClkCycle:       4164, pc_rdata: 000040d8, pc_wdata: 000040dc, insn: 00b09093, mode: 3, rs1_addr:  1, rs1_rdata: feedbead, rs2_addr: 11, rs2_rdata: 0000311d, rd_addr:  1, rd_wdata: ab7fb800, mem_addr: ab7fb800, mem_rdata: 00000000, mem_wdata: 0000311d
ClkCycle:       4165, pc_rdata: 000040dc, pc_wdata: 000040e0, insn: 36f08093, mode: 3, rs1_addr:  1, rs1_rdata: 6df56800, rs2_addr: 15, rs2_rdata: 00000000, rd_addr:  1, rd_wdata: ab7fbb6f, mem_addr: ab7fbb6f, mem_rdata: 00000000, mem_wdata: 00000000
ClkCycle:       4166, pc_rdata: 000040e0, pc_wdata: 000040e4, insn: 00a09093, mode: 3, rs1_addr:  1, rs1_rdata: 6df56ff7, rs2_addr: 10, rs2_rdata: ffffffea, rd_addr:  1, rd_wdata: feedbc00, mem_addr: feedbc00, mem_rdata: 00000000, mem_wdata: ffffffea
ClkCycle:       4167, pc_rdata: 000040e4, pc_wdata: 000040e8, insn: 2ad08093, mode: 3, rs1_addr:  1, rs1_rdata: ab7fb800, rs2_addr: 13, rs2_rdata: 00000000, rd_addr:  1, rd_wdata: feedbead, mem_addr: feedbead, mem_rdata: 00000000, mem_wdata: 00000000
ClkCycle:       4168, pc_rdata: 000040e8, pc_wdata: 000040ec, insn: 0070d113, mode: 3, rs1_addr:  1, rs1_rdata: ab7fbb6f, rs2_addr:  7, rs2_rdata: fffffffb, rd_addr:  2, rd_wdata: 5bfddb7d, mem_addr: 5bfddb7d, mem_rdata: 00000000, mem_wdata: fffffffb
ClkCycle:       4169, pc_rdata: 000040ec, pc_wdata: 000040f0, insn: 0390d793, mode: 3, rs1_addr:  1, rs1_rdata: feedbc00, rs2_addr: 25, rs2_rdata: 00000000, rd_addr: 15, rd_wdata: 76df56ff, mem_addr: 76df56ff, mem_rdata: 00000000, mem_wdata: 00000000
ClkCycle:       4170, pc_rdata: 000040f0, pc_wdata: 000040f4, insn: 00f16133, mode: 3, rs1_addr:  2, rs1_rdata: 00000000, rs2_addr: 15, rs2_rdata: 00000000, rd_addr:  2, rd_wdata: 7fffdfff, mem_addr: 7fffdfff, mem_rdata: 00000000, mem_wdata: 76df56ff
ClkCycle:       4171, pc_rdata: 000040f4, pc_wdata: 000040f8, insn: 00715193, mode: 3, rs1_addr:  2, rs1_rdata: 5bfddb7d, rs2_addr:  7, rs2_rdata: fffffffb, rd_addr:  3, rd_wdata: feffffbf, mem_addr: feffffbf, mem_rdata: 00000000, mem_wdata: fffffffb
ClkCycle:       4172, pc_rdata: 000040f8, pc_wdata: 000040fc, insn: 03915793, mode: 3, rs1_addr:  2, rs1_rdata: 5bfddb7d, rs2_addr: 25, rs2_rdata: 00000000, rd_addr: 15, rd_wdata: feedbfbf, mem_addr: feedbfbf, mem_rdata: 00000000, mem_wdata: 00000000
ClkCycle:       4173, pc_rdata: 000040fc, pc_wdata: 00004100, insn: 00f1e1b3, mode: 3, rs1_addr:  3, rs1_rdata: 00000004, rs2_addr: 15, rs2_rdata: 76df56ff, rd_addr:  3, rd_wdata: feffffbf, mem_addr: feffffbf, mem_rdata: 00000000, mem_wdata: feedbfbf
ClkCycle:       4174, pc_rdata: 00004100, pc_wdata: 00004104, insn: 0071d213, mode: 3, rs1_addr:  3, rs1_rdata: feffffbf, rs2_addr:  7, rs2_rdata: fffffffb, rd_addr:  4, rd_wdata: 6dfdffff, mem_addr: 6dfdffff, mem_rdata: 00000000, mem_wdata: fffffffb
ClkCycle:       4175, pc_rdata: 00004104, pc_wdata: 00004108, insn: 0391d793, mode: 3, rs1_addr:  3, rs1_rdata: feffffbf, rs2_addr: 25, rs2_rdata: 00000000, rd_addr: 15, rd_wdata: 01fddb7f, mem_addr: 01fddb7f, mem_rdata: 00000000, mem_wdata: 00000000
ClkCycle:       4176, pc_rdata: 00004108, pc_wdata: 0000410c, insn: 00f26233, mode: 3, rs1_addr:  4, rs1_rdata: 6dfdffff, rs2_addr: 15, rs2_rdata: feedbfbf, rd_addr:  4, rd_wdata: 6dfdffff, mem_addr: 6dfdffff, mem_rdata: 00000000, mem_wdata: 01fddb7f
ClkCycle:       4177, pc_rdata: 0000410c, pc_wdata: 00004110, insn: 00725293, mode: 3, rs1_addr:  4, rs1_rdata: 6dfdffff, rs2_addr:  7, rs2_rdata: fffffffb, rd_addr:  5, rd_wdata: eedbfbff, mem_addr: eedbfbff, mem_rdata: 00000000, mem_wdata: fffffffb
ClkCycle:       4178, pc_rdata: 00004110, pc_wdata: 00004114, insn: 03925793, mode: 3, rs1_addr:  4, rs1_rdata: 6dfdffff, rs2_addr: 25, rs2_rdata: 00000000, rd_addr: 15, rd_wdata: 0003fbb6, mem_addr: 0003fbb6, mem_rdata: 00000000, mem_wdata: 00000000
ClkCycle:       4179, pc_rdata: 00004114, pc_wdata: 00004118, insn: 00f2e2b3, mode: 3, rs1_addr:  5, rs1_rdata: 00000000, rs2_addr: 15, rs2_rdata: 01fddb7f, rd_addr:  5, rd_wdata: eedbfbff, mem_addr: eedbfbff, mem_rdata: 00000000, mem_wdata: 0003fbb6
ClkCycle:       4180, pc_rdata: 00004118, pc_wdata: 0000411c, insn: 0072d313, mode: 3, rs1_addr:  5, rs1_rdata: eedbfbff, rs2_addr:  7, rs2_rdata: fffffffb, rd_addr:  6, rd_wdata: 1fddb7f7, mem_addr: 1fddb7f7, mem_rdata: 00000000, mem_wdata: fffffffb
ClkCycle:       4181, pc_rdata: 0000411c, pc_wdata: 00004120, insn: 0392d793, mode: 3, rs1_addr:  5, rs1_rdata: eedbfbff, rs2_addr: 25, rs2_rdata: 00000000, rd_addr: 15, rd_wdata: 000007f7, mem_addr: 000007f7, mem_rdata: 00000000, mem_wdata: 00000000
ClkCycle:       4182, pc_rdata: 00004120, pc_wdata: 00004124, insn: 00f36333, mode: 3, rs1_addr:  6, rs1_rdata: 1fddb810, rs2_addr: 15, rs2_rdata: 0003fbb6, rd_addr:  6, rd_wdata: 1fddb7f7, mem_addr: 1fddb7f7, mem_rdata: 00000000, mem_wdata: 000007f7
ClkCycle:       4183, pc_rdata: 00004124, pc_wdata: 00004128, insn: 00735393, mode: 3, rs1_addr:  6, rs1_rdata: 1fddb7f7, rs2_addr:  7, rs2_rdata: fffffffb, rd_addr:  7, rd_wdata: 003fbb6f, mem_addr: 003fbb6f, mem_rdata: 00000000, mem_wdata: fffffffb
ClkCycle:       4184, pc_rdata: 00004128, pc_wdata: 0000412c, insn: 03935793, mode: 3, rs1_addr:  6, rs1_rdata: 1fddb7f7, rs2_addr: 25, rs2_rdata: 00000000, rd_addr: 15, rd_wdata: 0000000f, mem_addr: 0000000f, mem_rdata: 00000000, mem_wdata: 00000000
ClkCycle:       4185, pc_rdata: 0000412c, pc_wdata: 00004130, insn: 00f3e3b3, mode: 3, rs1_addr:  7, rs1_rdata: fffffffb, rs2_addr: 15, rs2_rdata: 000007f7, rd_addr:  7, rd_wdata: 003fbb6f, mem_addr: 003fbb6f, mem_rdata: 00000000, mem_wdata: 0000000f
ClkCycle:       4186, pc_rdata: 00004130, pc_wdata: 00004134, insn: 0073d413, mode: 3, rs1_addr:  7, rs1_rdata: 003fbb6f, rs2_addr:  7, rs2_rdata: 003fbb6f, rd_addr:  8, rd_wdata: 00007f76, mem_addr: 00007f76, mem_rdata: 00000000, mem_wdata: 003fbb6f
ClkCycle:       4187, pc_rdata: 00004134, pc_wdata: 00004138, insn: 0393d793, mode: 3, rs1_addr:  7, rs1_rdata: 003fbb6f, rs2_addr: 25, rs2_rdata: 00000000, rd_addr: 15, rd_wdata: 00000000, mem_addr: 00000000, mem_rdata: 00000000, mem_wdata: 00000000
ClkCycle:       4188, pc_rdata: 00004138, pc_wdata: 0000413c, insn: 00f46433, mode: 3, rs1_addr:  8, rs1_rdata: 00000000, rs2_addr: 15, rs2_rdata: 0000000f, rd_addr:  8, rd_wdata: 00007f76, mem_addr: 00007f76, mem_rdata: 00000000, mem_wdata: 00000000
ClkCycle:       4189, pc_rdata: 0000413c, pc_wdata: 00004140, insn: 00745493, mode: 3, rs1_addr:  8, rs1_rdata: 00007f76, rs2_addr:  7, rs2_rdata: 003fbb6f, rd_addr:  9, rd_wdata: 000000fe, mem_addr: 000000fe, mem_rdata: 00000000, mem_wdata: 003fbb6f
ClkCycle:       4190, pc_rdata: 00004140, pc_wdata: 00004144, insn: 03945793, mode: 3, rs1_addr:  8, rs1_rdata: 00007f76, rs2_addr: 25, rs2_rdata: 00000000, rd_addr: 15, rd_wdata: 00000000, mem_addr: 00000000, mem_rdata: 00000000, mem_wdata: 00000000
ClkCycle:       4191, pc_rdata: 00004144, pc_wdata: 00004148, insn: 00f4e4b3, mode: 3, rs1_addr:  9, rs1_rdata: 000000fe, rs2_addr: 15, rs2_rdata: 00000000, rd_addr:  9, rd_wdata: 000000fe, mem_addr: 000000fe, mem_rdata: 00000000, mem_wdata: 00000000
ClkCycle:       4192, pc_rdata: 00004148, pc_wdata: 0000414c, insn: 0074d513, mode: 3, rs1_addr:  9, rs1_rdata: 000000fe, rs2_addr:  7, rs2_rdata: 003fbb6f, rd_addr: 10, rd_wdata: 00000001, mem_addr: 00000001, mem_rdata: 00000000, mem_wdata: 003fbb6f
ClkCycle:       4193, pc_rdata: 0000414c, pc_wdata: 00004150, insn: 0394d793, mode: 3, rs1_addr:  9, rs1_rdata: 000000fe, rs2_addr: 25, rs2_rdata: 00000000, rd_addr: 15, rd_wdata: 00000000, mem_addr: 00000000, mem_rdata: 00000000, mem_wdata: 00000000
ClkCycle:       4194, pc_rdata: 00004150, pc_wdata: 00004154, insn: 00f56533, mode: 3, rs1_addr: 10, rs1_rdata: ffffffea, rs2_addr: 15, rs2_rdata: 00000000, rd_addr: 10, rd_wdata: 00000001, mem_addr: 00000001, mem_rdata: 00000000, mem_wdata: 00000000
ClkCycle:       4195, pc_rdata: 00004154, pc_wdata: 00004158, insn: 00755593, mode: 3, rs1_addr: 10, rs1_rdata: 00000001, rs2_addr:  7, rs2_rdata: 003fbb6f, rd_addr: 11, rd_wdata: 00000000, mem_addr: 00000000, mem_rdata: 00000000, mem_wdata: 003fbb6f
ClkCycle:       4196, pc_rdata: 00004158, pc_wdata: 0000415c, insn: 03955793, mode: 3, rs1_addr: 10, rs1_rdata: 00000001, rs2_addr: 25, rs2_rdata: 00000000, rd_addr: 15, rd_wdata: 00000000, mem_addr: 00000000, mem_rdata: 00000000, mem_wdata: 00000000
ClkCycle:       4197, pc_rdata: 0000415c, pc_wdata: 00004160, insn: 00f5e5b3, mode: 3, rs1_addr: 11, rs1_rdata: 0000311d, rs2_addr: 15, rs2_rdata: 00000000, rd_addr: 11, rd_wdata: 00000000, mem_addr: 00000000, mem_rdata: 00000000, mem_wdata: 00000000
ClkCycle:       4198, pc_rdata: 00004160, pc_wdata: 00004164, insn: 0075d613, mode: 3, rs1_addr: 11, rs1_rdata: 00000000, rs2_addr:  7, rs2_rdata: 003fbb6f, rd_addr: 12, rd_wdata: 00000000, mem_addr: 00000000, mem_rdata: 00000000, mem_wdata: 003fbb6f
ClkCycle:       4199, pc_rdata: 00004164, pc_wdata: 00004168, insn: 0395d793, mode: 3, rs1_addr: 11, rs1_rdata: 00000000, rs2_addr: 25, rs2_rdata: 00000000, rd_addr: 15, rd_wdata: 00000000, mem_addr: 00000000, mem_rdata: 00000000, mem_wdata: 00000000
ClkCycle:       4200, pc_rdata: 00004168, pc_wdata: 0000416c, insn: 00f66633, mode: 3, rs1_addr: 12, rs1_rdata: 00000048, rs2_addr: 15, rs2_rdata: 00000000, rd_addr: 12, rd_wdata: 00000000, mem_addr: 00000000, mem_rdata: 00000000, mem_wdata: 00000000
ClkCycle:       4201, pc_rdata: 0000416c, pc_wdata: 00004170, insn: 00765693, mode: 3, rs1_addr: 12, rs1_rdata: 00000000, rs2_addr:  7, rs2_rdata: 003fbb6f, rd_addr: 13, rd_wdata: 00000000, mem_addr: 00000000, mem_rdata: 00000000, mem_wdata: 003fbb6f
ClkCycle:       4202, pc_rdata: 00004170, pc_wdata: 00004174, insn: 03965793, mode: 3, rs1_addr: 12, rs1_rdata: 00000000, rs2_addr: 25, rs2_rdata: 00000000, rd_addr: 15, rd_wdata: 00000000, mem_addr: 00000000, mem_rdata: 00000000, mem_wdata: 00000000
ClkCycle:       4203, pc_rdata: 00004174, pc_wdata: 00004178, insn: 00f6e6b3, mode: 3, rs1_addr: 13, rs1_rdata: 00000000, rs2_addr: 15, rs2_rdata: 00000000, rd_addr: 13, rd_wdata: 00000000, mem_addr: 00000000, mem_rdata: 00000000, mem_wdata: 00000000
ClkCycle:       4204, pc_rdata: 00004178, pc_wdata: 0000417c, insn: 00000013, mode: 3, rs1_addr:  0, rs1_rdata: 00000000, rs2_addr:  0, rs2_rdata: 00000000, rd_addr:  0, rd_wdata: 00000000, mem_addr: 00000000, mem_rdata: 00000000, mem_wdata: 00000000
ClkCycle:       4205, pc_rdata: 0000417c, pc_wdata: 00004180, insn: 00000013, mode: 3, rs1_addr:  0, rs1_rdata: 00000000, rs2_addr:  0, rs2_rdata: 00000000, rd_addr:  0, rd_wdata: 00000000, mem_addr: 00000000, mem_rdata: 00000000, mem_wdata: 00000000
ClkCycle:       4206, pc_rdata: 00004180, pc_wdata: 00004184, insn: 00003597, mode: 3, rs1_addr:  0, rs1_rdata: 00000000, rs2_addr:  0, rs2_rdata: 00000000, rd_addr: 11, rd_wdata: 00007180, mem_addr: 00007180, mem_rdata: 00000000, mem_wdata: 00000000
ClkCycle:       4207, pc_rdata: 00004184, pc_wdata: 00004188, insn: f9858593, mode: 3, rs1_addr: 11, rs1_rdata: 00000000, rs2_addr: 24, rs2_rdata: 0000007d, rd_addr: 11, rd_wdata: 00007118, mem_addr: 00007118, mem_rdata: 00000000, mem_wdata: 0000007d
ClkCycle:       4208, pc_rdata: 00004188, pc_wdata: 0000418c, insn: 00000013, mode: 3, rs1_addr:  0, rs1_rdata: 00000000, rs2_addr:  0, rs2_rdata: 00000000, rd_addr:  0, rd_wdata: 00000000, mem_addr: 00000000, mem_rdata: 00000000, mem_wdata: 00000000
ClkCycle:       4209, pc_rdata: 0000418c, pc_wdata: 00004190, insn: 00000013, mode: 3, rs1_addr:  0, rs1_rdata: 00000000, rs2_addr:  0, rs2_rdata: 00000000, rd_addr:  0, rd_wdata: 00000000, mem_addr: 00000000, mem_rdata: 00000000, mem_wdata: 00000000
ClkCycle:       4210, pc_rdata: 00004190, pc_wdata: 00004194, insn: 00000013, mode: 3, rs1_addr:  0, rs1_rdata: 00000000, rs2_addr:  0, rs2_rdata: 00000000, rd_addr:  0, rd_wdata: 00000000, mem_addr: 00000000, mem_rdata: 00000000, mem_wdata: 00000000
ClkCycle:       4211, pc_rdata: 00004194, pc_wdata: 00004198, insn: 00000013, mode: 3, rs1_addr:  0, rs1_rdata: 00000000, rs2_addr:  0, rs2_rdata: 00000000, rd_addr:  0, rd_wdata: 00000000, mem_addr: 00000000, mem_rdata: 00000000, mem_wdata: 00000000
ClkCycle:       4212, pc_rdata: 00004198, pc_wdata: 0000419c, insn: 00000013, mode: 3, rs1_addr:  0, rs1_rdata: 00000000, rs2_addr:  0, rs2_rdata: 00000000, rd_addr:  0, rd_wdata: 00000000, mem_addr: 00000000, mem_rdata: 00000000, mem_wdata: 00000000
ClkCycle:       4213, pc_rdata: 0000419c, pc_wdata: 000041a0, insn: 00000013, mode: 3, rs1_addr:  0, rs1_rdata: 00000000, rs2_addr:  0, rs2_rdata: 00000000, rd_addr:  0, rd_wdata: 00000000, mem_addr: 00000000, mem_rdata: 00000000, mem_wdata: 00000000
ClkCycle:       4214, pc_rdata: 000041a0, pc_wdata: 000041a2, insn: e19c5781, mode: 3, rs1_addr:  0, rs1_rdata: 00000000, rs2_addr:  0, rs2_rdata: 00000000, rd_addr: 15, rd_wdata: ffffffe0, mem_addr: ffffffe0, mem_rdata: 00000000, mem_wdata: 00000000
ClkCycle:       4215, pc_rdata: 000041a2, pc_wdata: 000041a6, insn: e19c5781, mode: 3, rs1_addr:  0, rs1_rdata: 00000000, rs2_addr:  0, rs2_rdata: 00000000, rd_addr:  0, rd_wdata: 00000000, mem_addr: 00000000, mem_rdata: 00000000, mem_wdata: 00000000
00000000ffffffe0
ClkCycle:       4216, pc_rdata: 000041a6, pc_wdata: 000041a8, insn: b8234f7d, mode: 3, rs1_addr: 11, rs1_rdata: 00007118, rs2_addr: 15, rs2_rdata: 00000000, rd_addr:  0, rd_wdata: 00007118, mem_addr: 00007118, mem_rdata: 00000000, mem_wdata: ffffffe0
ClkCycle:       4217, pc_rdata: 000041a8, pc_wdata: 000041aa, insn: b8234f7d, mode: 3, rs1_addr:  0, rs1_rdata: 00000000, rs2_addr: 31, rs2_rdata: 00000000, rd_addr: 30, rd_wdata: 0000001f, mem_addr: 0000001f, mem_rdata: 00000000, mem_wdata: 00000000
ClkCycle:       4218, pc_rdata: 000041aa, pc_wdata: 000041ae, insn: b8234f7d, mode: 3, rs1_addr:  0, rs1_rdata: 00000000, rs2_addr:  0, rs2_rdata: 00000000, rd_addr:  0, rd_wdata: 00000000, mem_addr: 00000000, mem_rdata: 00000000, mem_wdata: 00000000
01fddb7f7fffdfff
ClkCycle:       4219, pc_rdata: 000041ae, pc_wdata: 000041b2, insn: 0065bc23, mode: 3, rs1_addr:  7, rs1_rdata: 003fbb6f, rs2_addr:  2, rs2_rdata: 7fffdfff, rd_addr: 16, rd_wdata: 003fb73f, mem_addr: 003fb73f, mem_rdata: 00000000, mem_wdata: 7fffdfff
ClkCycle:       4220, pc_rdata: 000041b2, pc_wdata: 000041b6, insn: 0065bc23, mode: 3, rs1_addr:  0, rs1_rdata: 00000000, rs2_addr:  0, rs2_rdata: 00000000, rd_addr:  0, rd_wdata: 00000000, mem_addr: 00000000, mem_rdata: 00000000, mem_wdata: 00000000
ClkCycle:       4221, pc_rdata: 000041b6, pc_wdata: 000041b8, insn: b4234191, mode: 3, rs1_addr:  0, rs1_rdata: 00000000, rs2_addr: 25, rs2_rdata: 00000000, rd_addr:  0, rd_wdata: 00000019, mem_addr: 00000019, mem_rdata: 00000000, mem_wdata: 00000000
ClkCycle:       4222, pc_rdata: 000041b8, pc_wdata: 000041ba, insn: b4234191, mode: 3, rs1_addr:  0, rs1_rdata: 00000000, rs2_addr:  4, rs2_rdata: 6dfdffff, rd_addr:  3, rd_wdata: 00000004, mem_addr: 00000004, mem_rdata: 00000000, mem_wdata: 6dfdffff
ClkCycle:       4223, pc_rdata: 000041ba, pc_wdata: 000041be, insn: b4234191, mode: 3, rs1_addr:  0, rs1_rdata: 00000000, rs2_addr:  0, rs2_rdata: 00000000, rd_addr:  0, rd_wdata: 00000000, mem_addr: 00000000, mem_rdata: 00000000, mem_wdata: 00000000
01fddb7f7fffdfff
ClkCycle:       4224, pc_rdata: 000041be, pc_wdata: 000041c2, insn: 0365b823, mode: 3, rs1_addr:  7, rs1_rdata: 003fbb6f, rs2_addr:  2, rs2_rdata: 7fffdfff, rd_addr:  8, rd_wdata: 003fb6f7, mem_addr: 003fb6f7, mem_rdata: 00000000, mem_wdata: 7fffdfff
ClkCycle:       4225, pc_rdata: 000041c2, pc_wdata: 000041c6, insn: 0365b823, mode: 3, rs1_addr:  0, rs1_rdata: 00000000, rs2_addr:  0, rs2_rdata: 00000000, rd_addr:  0, rd_wdata: 00000000, mem_addr: 00000000, mem_rdata: 00000000, mem_wdata: 00000000
ClkCycle:       4226, pc_rdata: 000041c6, pc_wdata: 000041c8, insn: e1a85529, mode: 3, rs1_addr:  6, rs1_rdata: 1fddb7f7, rs2_addr: 25, rs2_rdata: 00000000, rd_addr:  6, rd_wdata: 1fddb810, mem_addr: 1fddb810, mem_rdata: 00000000, mem_wdata: 00000000
ClkCycle:       4227, pc_rdata: 000041c8, pc_wdata: 000041ca, insn: e1a85529, mode: 3, rs1_addr:  0, rs1_rdata: 00000000, rs2_addr: 10, rs2_rdata: 00000001, rd_addr: 10, rd_wdata: ffffffea, mem_addr: ffffffea, mem_rdata: 00000000, mem_wdata: 00000001
ClkCycle:       4228, pc_rdata: 000041ca, pc_wdata: 000041ce, insn: e1a85529, mode: 3, rs1_addr:  0, rs1_rdata: 00000000, rs2_addr:  0, rs2_rdata: 00000000, rd_addr:  0, rd_wdata: 00000000, mem_addr: 00000000, mem_rdata: 00000000, mem_wdata: 00000000
00000000ffffffea
ClkCycle:       4229, pc_rdata: 000041ce, pc_wdata: 000041d0, insn: 5c750595, mode: 3, rs1_addr: 11, rs1_rdata: 00007118, rs2_addr: 10, rs2_rdata: 00000001, rd_addr:  0, rd_wdata: 00007158, mem_addr: 00007158, mem_rdata: 00000000, mem_wdata: ffffffea
ClkCycle:       4230, pc_rdata: 000041d0, pc_wdata: 000041d2, insn: 5c750595, mode: 3, rs1_addr: 11, rs1_rdata: 00007118, rs2_addr:  5, rs2_rdata: eedbfbff, rd_addr: 11, rd_wdata: 0000711d, mem_addr: 0000711d, mem_rdata: 00000000, mem_wdata: eedbfbff
ClkCycle:       4231, pc_rdata: 000041d2, pc_wdata: 000041d6, insn: 5c750595, mode: 3, rs1_addr:  0, rs1_rdata: 00000000, rs2_addr:  0, rs2_rdata: 00000000, rd_addr:  0, rd_wdata: 00000000, mem_addr: 00000000, mem_rdata: 00000000, mem_wdata: 00000000
ClkCycle:       4232, pc_rdata: 000041d6, pc_wdata: 000041d8, insn: bc2353ed, mode: 3, rs1_addr:  0, rs1_rdata: 00000000, rs2_addr: 29, rs2_rdata: 00000000, rd_addr: 24, rd_wdata: fffffffd, mem_addr: fffffffd, mem_rdata: 00000000, mem_wdata: 00000000
ClkCycle:       4233, pc_rdata: 000041d8, pc_wdata: 000041da, insn: bc2353ed, mode: 3, rs1_addr:  0, rs1_rdata: 00000000, rs2_addr: 27, rs2_rdata: 00000000, rd_addr:  7, rd_wdata: fffffffb, mem_addr: fffffffb, mem_rdata: 00000000, mem_wdata: 00000000
ClkCycle:       4234, pc_rdata: 000041da, pc_wdata: 000041de, insn: bc2353ed, mode: 3, rs1_addr:  0, rs1_rdata: 00000000, rs2_addr:  0, rs2_rdata: 00000000, rd_addr:  0, rd_wdata: 00000000, mem_addr: 00000000, mem_rdata: 00000000, mem_wdata: 00000000
01fddb7f7fffdfff
ClkCycle:       4235, pc_rdata: 000041de, pc_wdata: 000041e2, insn: 0645b023, mode: 3, rs1_addr:  7, rs1_rdata: 003fbb6f, rs2_addr:  2, rs2_rdata: 7fffdfff, rd_addr: 24, rd_wdata: fffffb13, mem_addr: fffffb13, mem_rdata: 00000000, mem_wdata: 7fffdfff
ClkCycle:       4236, pc_rdata: 000041e2, pc_wdata: 000041e6, insn: 0645b023, mode: 3, rs1_addr:  0, rs1_rdata: 00000000, rs2_addr:  0, rs2_rdata: 00000000, rd_addr:  0, rd_wdata: 00000000, mem_addr: 00000000, mem_rdata: 00000000, mem_wdata: 00000000
ClkCycle:       4237, pc_rdata: 000041e6, pc_wdata: 000041e8, insn: 4dd50715, mode: 3, rs1_addr: 12, rs1_rdata: 00000000, rs2_addr: 17, rs2_rdata: edffffff, rd_addr: 12, rd_wdata: 00000011, mem_addr: 00000011, mem_rdata: 00000000, mem_wdata: edffffff
ClkCycle:       4238, pc_rdata: 000041e8, pc_wdata: 000041ea, insn: 4dd50715, mode: 3, rs1_addr: 14, rs1_rdata: 00000005, rs2_addr:  5, rs2_rdata: eedbfbff, rd_addr: 14, rd_wdata: 0000000a, mem_addr: 0000000a, mem_rdata: 00000000, mem_wdata: eedbfbff
ClkCycle:       4239, pc_rdata: 000041ea, pc_wdata: 000041ee, insn: 4dd50715, mode: 3, rs1_addr:  0, rs1_rdata: 00000000, rs2_addr:  0, rs2_rdata: 00000000, rd_addr:  0, rd_wdata: 00000000, mem_addr: 00000000, mem_rdata: 00000000, mem_wdata: 00000000
ClkCycle:       4240, pc_rdata: 000041ee, pc_wdata: 000041f0, insn: bc234901, mode: 3, rs1_addr:  0, rs1_rdata: 00000000, rs2_addr: 21, rs2_rdata: 0fab7ffe, rd_addr: 27, rd_wdata: 00000015, mem_addr: 00000015, mem_rdata: 00000000, mem_wdata: 0fab7ffe
ClkCycle:       4241, pc_rdata: 000041f0, pc_wdata: 000041f2, insn: bc234901, mode: 3, rs1_addr:  0, rs1_rdata: 00000000, rs2_addr:  0, rs2_rdata: 00000000, rd_addr: 18, rd_wdata: 00000000, mem_addr: 00000000, mem_rdata: 00000000, mem_wdata: 00000000
ClkCycle:       4242, pc_rdata: 000041f2, pc_wdata: 000041f6, insn: bc234901, mode: 3, rs1_addr:  0, rs1_rdata: 00000000, rs2_addr:  0, rs2_rdata: 00000000, rd_addr:  0, rd_wdata: 00000000, mem_addr: 00000000, mem_rdata: 00000000, mem_wdata: 00000000
01fddb7f7fffdfff
ClkCycle:       4243, pc_rdata: 000041f6, pc_wdata: 000041fa, insn: 0905b023, mode: 3, rs1_addr:  7, rs1_rdata: fffffffb, rs2_addr:  2, rs2_rdata: 7fffdfff, rd_addr: 24, rd_wdata: fffffb13, mem_addr: fffffb13, mem_rdata: 00000000, mem_wdata: 7fffdfff
ClkCycle:       4244, pc_rdata: 000041fa, pc_wdata: 000041fe, insn: 0905b023, mode: 3, rs1_addr:  0, rs1_rdata: 00000000, rs2_addr:  0, rs2_rdata: 00000000, rd_addr:  0, rd_wdata: 00000000, mem_addr: 00000000, mem_rdata: 00000000, mem_wdata: 00000000
ClkCycle:       4245, pc_rdata: 000041fe, pc_wdata: 00004200, insn: 428109c5, mode: 3, rs1_addr: 18, rs1_rdata: 00000000, rs2_addr:  1, rs2_rdata: feedbead, rd_addr: 18, rd_wdata: 00000001, mem_addr: 00000001, mem_rdata: 00000000, mem_wdata: feedbead
ClkCycle:       4246, pc_rdata: 00004200, pc_wdata: 00004202, insn: 428109c5, mode: 3, rs1_addr: 19, rs1_rdata: dfffb7ff, rs2_addr: 17, rs2_rdata: edffffff, rd_addr: 19, rd_wdata: dfffb810, mem_addr: dfffb810, mem_rdata: 00000000, mem_wdata: edffffff
ClkCycle:       4247, pc_rdata: 00004202, pc_wdata: 00004206, insn: 428109c5, mode: 3, rs1_addr:  0, rs1_rdata: 00000000, rs2_addr:  0, rs2_rdata: 00000000, rd_addr:  0, rd_wdata: 00000000, mem_addr: 00000000, mem_rdata: 00000000, mem_wdata: 00000000
ClkCycle:       4248, pc_rdata: 00004206, pc_wdata: 00004208, insn: bc234a01, mode: 3, rs1_addr:  0, rs1_rdata: 00000000, rs2_addr:  0, rs2_rdata: 00000000, rd_addr:  5, rd_wdata: 00000000, mem_addr: 00000000, mem_rdata: 00000000, mem_wdata: 00000000
ClkCycle:       4249, pc_rdata: 00004208, pc_wdata: 0000420a, insn: bc234a01, mode: 3, rs1_addr:  0, rs1_rdata: 00000000, rs2_addr:  0, rs2_rdata: 00000000, rd_addr: 20, rd_wdata: 00000000, mem_addr: 00000000, mem_rdata: 00000000, mem_wdata: 00000000
ClkCycle:       4250, pc_rdata: 0000420a, pc_wdata: 0000420e, insn: bc234a01, mode: 3, rs1_addr:  0, rs1_rdata: 00000000, rs2_addr:  0, rs2_rdata: 00000000, rd_addr:  0, rd_wdata: 00000000, mem_addr: 00000000, mem_rdata: 00000000, mem_wdata: 00000000
01fddb7f7fffdfff
ClkCycle:       4251, pc_rdata: 0000420e, pc_wdata: 00004212, insn: 0b55b023, mode: 3, rs1_addr:  7, rs1_rdata: fffffffb, rs2_addr:  2, rs2_rdata: 7fffdfff, rd_addr: 24, rd_wdata: fffffb13, mem_addr: fffffb13, mem_rdata: 00000000, mem_wdata: 7fffdfff
ClkCycle:       4252, pc_rdata: 00004212, pc_wdata: 00004216, insn: 0b55b023, mode: 3, rs1_addr:  0, rs1_rdata: 00000000, rs2_addr:  0, rs2_rdata: 00000000, rd_addr:  0, rd_wdata: 00000000, mem_addr: 00000000, mem_rdata: 00000000, mem_wdata: 00000000
ClkCycle:       4253, pc_rdata: 00004216, pc_wdata: 00004218, insn: 41010ba5, mode: 3, rs1_addr: 22, rs1_rdata: 001f56ff, rs2_addr: 21, rs2_rdata: 0fab7ffe, rd_addr: 22, rd_wdata: 001f5714, mem_addr: 001f5714, mem_rdata: 00000000, mem_wdata: 0fab7ffe
ClkCycle:       4254, pc_rdata: 00004218, pc_wdata: 0000421a, insn: 41010ba5, mode: 3, rs1_addr: 23, rs1_rdata: 00003ead, rs2_addr:  9, rs2_rdata: 000000fe, rd_addr: 23, rd_wdata: 00003eb6, mem_addr: 00003eb6, mem_rdata: 00000000, mem_wdata: 000000fe
ClkCycle:       4255, pc_rdata: 0000421a, pc_wdata: 0000421e, insn: 41010ba5, mode: 3, rs1_addr:  0, rs1_rdata: 00000000, rs2_addr:  0, rs2_rdata: 00000000, rd_addr:  0, rd_wdata: 00000000, mem_addr: 00000000, mem_rdata: 00000000, mem_wdata: 00000000
ClkCycle:       4256, pc_rdata: 0000421e, pc_wdata: 00004220, insn: bc234f81, mode: 3, rs1_addr:  0, rs1_rdata: 00000000, rs2_addr:  0, rs2_rdata: 00000000, rd_addr:  2, rd_wdata: 00000000, mem_addr: 00000000, mem_rdata: 00000000, mem_wdata: 00000000
ClkCycle:       4257, pc_rdata: 00004220, pc_wdata: 00004222, insn: bc234f81, mode: 3, rs1_addr:  0, rs1_rdata: 00000000, rs2_addr:  0, rs2_rdata: 00000000, rd_addr: 31, rd_wdata: 00000000, mem_addr: 00000000, mem_rdata: 00000000, mem_wdata: 00000000
ClkCycle:       4258, pc_rdata: 00004222, pc_wdata: 00004226, insn: bc234f81, mode: 3, rs1_addr:  0, rs1_rdata: 00000000, rs2_addr:  0, rs2_rdata: 00000000, rd_addr:  0, rd_wdata: 00000000, mem_addr: 00000000, mem_rdata: 00000000, mem_wdata: 00000000
0000000000000000
ClkCycle:       4259, pc_rdata: 00004226, pc_wdata: 0000422a, insn: 0d75b023, mode: 3, rs1_addr:  7, rs1_rdata: fffffffb, rs2_addr:  2, rs2_rdata: 00000000, rd_addr: 24, rd_wdata: fffffb13, mem_addr: fffffb13, mem_rdata: 00000000, mem_wdata: 00000000
ClkCycle:       4260, pc_rdata: 0000422a, pc_wdata: 0000422e, insn: 0d75b023, mode: 3, rs1_addr:  0, rs1_rdata: 00000000, rs2_addr:  0, rs2_rdata: 00000000, rd_addr:  0, rd_wdata: 00000000, mem_addr: 00000000, mem_rdata: 00000000, mem_wdata: 00000000
ClkCycle:       4261, pc_rdata: 0000422e, pc_wdata: 00004230, insn: 49810dd5, mode: 3, rs1_addr: 26, rs1_rdata: 00000000, rs2_addr: 29, rs2_rdata: 00000000, rd_addr: 26, rd_wdata: 0000001d, mem_addr: 0000001d, mem_rdata: 00000000, mem_wdata: 00000000
ClkCycle:       4262, pc_rdata: 00004230, pc_wdata: 00004232, insn: 49810dd5, mode: 3, rs1_addr: 27, rs1_rdata: 00000015, rs2_addr: 21, rs2_rdata: 0fab7ffe, rd_addr: 27, rd_wdata: 0000002a, mem_addr: 0000002a, mem_rdata: 00000000, mem_wdata: 0fab7ffe
ClkCycle:       4263, pc_rdata: 00004232, pc_wdata: 00004236, insn: 49810dd5, mode: 3, rs1_addr:  0, rs1_rdata: 00000000, rs2_addr:  0, rs2_rdata: 00000000, rd_addr:  0, rd_wdata: 00000000, mem_addr: 00000000, mem_rdata: 00000000, mem_wdata: 00000000
ClkCycle:       4264, pc_rdata: 00004236, pc_wdata: 00004238, insn: bc234081, mode: 3, rs1_addr:  0, rs1_rdata: 00000000, rs2_addr:  0, rs2_rdata: 00000000, rd_addr: 19, rd_wdata: 00000000, mem_addr: 00000000, mem_rdata: 00000000, mem_wdata: 00000000
ClkCycle:       4265, pc_rdata: 00004238, pc_wdata: 0000423a, insn: bc234081, mode: 3, rs1_addr:  0, rs1_rdata: 00000000, rs2_addr:  0, rs2_rdata: 00000000, rd_addr:  1, rd_wdata: 00000000, mem_addr: 00000000, mem_rdata: 00000000, mem_wdata: 00000000
ClkCycle:       4266, pc_rdata: 0000423a, pc_wdata: 0000423e, insn: bc234081, mode: 3, rs1_addr:  0, rs1_rdata: 00000000, rs2_addr:  0, rs2_rdata: 00000000, rd_addr:  0, rd_wdata: 00000000, mem_addr: 00000000, mem_rdata: 00000000, mem_wdata: 00000000
00000000000000fe
ClkCycle:       4267, pc_rdata: 0000423e, pc_wdata: 00004242, insn: 00003097, mode: 3, rs1_addr: 15, rs1_rdata: ffffffe0, rs2_addr:  9, rs2_rdata: 000000fe, rd_addr: 24, rd_wdata: 000002f8, mem_addr: 000002f8, mem_rdata: 00000000, mem_wdata: 000000fe
ClkCycle:       4268, pc_rdata: 00004242, pc_wdata: 00004246, insn: 00003097, mode: 3, rs1_addr:  0, rs1_rdata: 00000000, rs2_addr:  0, rs2_rdata: 00000000, rd_addr:  0, rd_wdata: 00000000, mem_addr: 00000000, mem_rdata: 00000000, mem_wdata: 00000000
ClkCycle:       4269, pc_rdata: 00004246, pc_wdata: 00004248, insn: 00000013, mode: 3, rs1_addr:  2, rs1_rdata: 00000000, rs2_addr:  0, rs2_rdata: 00000000, rd_addr:  8, rd_wdata: 00000000, mem_addr: 00000000, mem_rdata: 00000000, mem_wdata: 00000000
ClkCycle:       4270, pc_rdata: 00004248, pc_wdata: 0000424c, insn: 00000013, mode: 3, rs1_addr:  0, rs1_rdata: 00000000, rs2_addr:  0, rs2_rdata: 00000000, rd_addr:  0, rd_wdata: 00000000, mem_addr: 00000000, mem_rdata: 00000000, mem_wdata: 00000000
ClkCycle:       4271, pc_rdata: 0000424c, pc_wdata: 00004250, insn: 00000013, mode: 3, rs1_addr:  0, rs1_rdata: 00000000, rs2_addr:  0, rs2_rdata: 00000000, rd_addr:  0, rd_wdata: 00000000, mem_addr: 00000000, mem_rdata: 00000000, mem_wdata: 00000000
ClkCycle:       4272, pc_rdata: 00004250, pc_wdata: 00004254, insn: 00000013, mode: 3, rs1_addr:  0, rs1_rdata: 00000000, rs2_addr:  0, rs2_rdata: 00000000, rd_addr:  0, rd_wdata: 00000000, mem_addr: 00000000, mem_rdata: 00000000, mem_wdata: 00000000
ClkCycle:       4273, pc_rdata: 00004254, pc_wdata: 00004258, insn: 00000013, mode: 3, rs1_addr:  0, rs1_rdata: 00000000, rs2_addr:  0, rs2_rdata: 00000000, rd_addr:  0, rd_wdata: 00000000, mem_addr: 00000000, mem_rdata: 00000000, mem_wdata: 00000000
ClkCycle:       4274, pc_rdata: 00004258, pc_wdata: 0000425c, insn: 00000013, mode: 3, rs1_addr:  0, rs1_rdata: 00000000, rs2_addr:  0, rs2_rdata: 00000000, rd_addr:  0, rd_wdata: 00000000, mem_addr: 00000000, mem_rdata: 00000000, mem_wdata: 00000000
ClkCycle:       4275, pc_rdata: 0000425c, pc_wdata: 00004260, insn: 00000013, mode: 3, rs1_addr:  0, rs1_rdata: 00000000, rs2_addr:  0, rs2_rdata: 00000000, rd_addr:  0, rd_wdata: 00000000, mem_addr: 00000000, mem_rdata: 00000000, mem_wdata: 00000000
ClkCycle:       4276, pc_rdata: 00004260, pc_wdata: 00004262, insn: b0234001, mode: 3, rs1_addr:  0, rs1_rdata: 00000000, rs2_addr:  0, rs2_rdata: 00000000, rd_addr:  0, rd_wdata: 00000000, mem_addr: 00000000, mem_rdata: 00000000, mem_wdata: 00000000
ClkCycle:       4277, pc_rdata: 00004262, pc_wdata: 00004266, insn: b0234001, mode: 3, rs1_addr:  0, rs1_rdata: 00000000, rs2_addr:  0, rs2_rdata: 00000000, rd_addr:  0, rd_wdata: 00000000, mem_addr: 00000000, mem_rdata: 00000000, mem_wdata: 00000000
0000000000000000
ClkCycle:       4278, pc_rdata: 00004266, pc_wdata: 0000426a, insn: 00b0b423, mode: 3, rs1_addr:  7, rs1_rdata: fffffffb, rs2_addr:  2, rs2_rdata: 00000000, rd_addr:  0, rd_wdata: fffffb3b, mem_addr: fffffb3b, mem_rdata: 00000000, mem_wdata: 00000000
ClkCycle:       4279, pc_rdata: 0000426a, pc_wdata: 0000426e, insn: 00b0b423, mode: 3, rs1_addr:  0, rs1_rdata: 00000000, rs2_addr:  0, rs2_rdata: 00000000, rd_addr:  0, rd_wdata: 00000000, mem_addr: 00000000, mem_rdata: 00000000, mem_wdata: 00000000
ClkCycle:       4280, pc_rdata: 0000426e, pc_wdata: 00004270, insn: 468100c0, mode: 3, rs1_addr:  2, rs1_rdata: 00000000, rs2_addr:  8, rs2_rdata: 00000000, rd_addr: 12, rd_wdata: 00000048, mem_addr: 00000048, mem_rdata: 00000000, mem_wdata: 00000000
ClkCycle:       4281, pc_rdata: 00004270, pc_wdata: 00004272, insn: 468100c0, mode: 3, rs1_addr:  2, rs1_rdata: 00000000, rs2_addr:  4, rs2_rdata: 6dfdffff, rd_addr:  8, rd_wdata: 00000044, mem_addr: 00000044, mem_rdata: 00000000, mem_wdata: 6dfdffff
ClkCycle:       4282, pc_rdata: 00004272, pc_wdata: 00004276, insn: 468100c0, mode: 3, rs1_addr:  0, rs1_rdata: 00000000, rs2_addr:  0, rs2_rdata: 00000000, rd_addr:  0, rd_wdata: 00000000, mem_addr: 00000000, mem_rdata: 00000000, mem_wdata: 00000000
ClkCycle:       4283, pc_rdata: 00004276, pc_wdata: 00004278, insn: 0380006f, mode: 3, rs1_addr:  0, rs1_rdata: 00000000, rs2_addr:  0, rs2_rdata: 00000000, rd_addr: 13, rd_wdata: 00000000, mem_addr: 00000000, mem_rdata: 00000000, mem_wdata: 00000000
ClkCycle:       4284, pc_rdata: 00004278, pc_wdata: 0000427c, insn: 0380006f, mode: 3, rs1_addr:  0, rs1_rdata: 00000000, rs2_addr: 24, rs2_rdata: fffffffd, rd_addr:  0, rd_wdata: 0000427c, mem_addr: 00000038, mem_rdata: 00000000, mem_wdata: fffffffd
ClkCycle:       4285, pc_rdata: 0000427c, pc_wdata: 000042b0, insn: 1f813483, mode: 3, rs1_addr:  0, rs1_rdata: 00000000, rs2_addr:  0, rs2_rdata: 00000000, rd_addr:  0, rd_wdata: 00000000, mem_addr: 00000000, mem_rdata: 00000000, mem_wdata: 00000000
ClkCycle:       4286, pc_rdata: 000042b0, pc_wdata: 000042b2, insn: 1f174085, mode: 3, rs1_addr:  0, rs1_rdata: 00000000, rs2_addr:  1, rs2_rdata: 00000000, rd_addr:  1, rd_wdata: 00000001, mem_addr: 00000001, mem_rdata: 00000000, mem_wdata: 00000000
ClkCycle:       4287, pc_rdata: 000042b2, pc_wdata: 000042b6, insn: 1f174085, mode: 3, rs1_addr:  0, rs1_rdata: 00000000, rs2_addr:  0, rs2_rdata: 00000000, rd_addr:  0, rd_wdata: 00000000, mem_addr: 00000000, mem_rdata: 00000000, mem_wdata: 00000000
ClkCycle:       4288, pc_rdata: 000042b6, pc_wdata: 000042ba, insn: bfe5d41f, mode: 3, rs1_addr: 30, rs1_rdata: 0000001f, rs2_addr:  1, rs2_rdata: 00000000, rd_addr: 30, rd_wdata: d41f52b6, mem_addr: d41f52b6, mem_rdata: 00000000, mem_wdata: 00000001
ClkCycle:       4289, pc_rdata: 000042ba, pc_wdata: 000042be, insn: bfe5d41f, mode: 3, rs1_addr:  0, rs1_rdata: 00000000, rs2_addr:  0, rs2_rdata: 00000000, rd_addr:  0, rd_wdata: 00000000, mem_addr: 00000000, mem_rdata: 00000000, mem_wdata: 00000000
ClkCycle:       4292, pc_rdata: 000042b6, pc_wdata: 000042ba, insn: 27230000, mode: 3, rs1_addr:  0, rs1_rdata: 00000000, rs2_addr:  0, rs2_rdata: 00000000, rd_addr:  0, rd_wdata: 00000000, mem_addr: 00000000, mem_rdata: 00000000, mem_wdata: 00000000
0000000000000000
ClkCycle:       8215, pc_rdata: 00008002, pc_wdata: 00008004, insn: ddb80813, mode: 3, rs1_addr:  2, rs1_rdata: 00000000, rs2_addr:  0, rs2_rdata: 00000000, rd_addr:  8, rd_wdata: 00000000, mem_addr: 00000000, mem_rdata: 00000000, mem_wdata: 00000000
ClkCycle:       8216, pc_rdata: 00008004, pc_wdata: 00008008, insn: ddb80813, mode: 3, rs1_addr: 16, rs1_rdata: 7d5bfddb, rs2_addr: 27, rs2_rdata: 0000002a, rd_addr: 16, rd_wdata: 7d5bfbb6, mem_addr: 7d5bfbb6, mem_rdata: 00000000, mem_wdata: 0000002a
ClkCycle:       8217, pc_rdata: 00008008, pc_wdata: 0000800c, insn: 00b81813, mode: 3, rs1_addr: 16, rs1_rdata: 7d5bfddb, rs2_addr: 11, rs2_rdata: 0000711d, rd_addr: 16, rd_wdata: dfddb000, mem_addr: dfddb000, mem_rdata: 00000000, mem_wdata: 0000711d
ClkCycle:       8218, pc_rdata: 0000800c, pc_wdata: 00008010, insn: 3ea80813, mode: 3, rs1_addr: 16, rs1_rdata: 7d5bfddb, rs2_addr: 10, rs2_rdata: ffffffea, rd_addr: 16, rd_wdata: dfddb3ea, mem_addr: dfddb3ea, mem_rdata: 00000000, mem_wdata: ffffffea
ClkCycle:       8219, pc_rdata: 00008010, pc_wdata: 00008014, insn: 00b81813, mode: 3, rs1_addr: 16, rs1_rdata: 7d5bfbb6, rs2_addr: 11, rs2_rdata: 0000711d, rd_addr: 16, rd_wdata: ed9f5000, mem_addr: ed9f5000, mem_rdata: 00000000, mem_wdata: 0000711d
ClkCycle:       8220, pc_rdata: 00008014, pc_wdata: 00008018, insn: 6ff80813, mode: 3, rs1_addr: 16, rs1_rdata: dfddb000, rs2_addr: 31, rs2_rdata: 00000000, rd_addr: 16, rd_wdata: ed9f56ff, mem_addr: ed9f56ff, mem_rdata: 00000000, mem_wdata: 00000000
ClkCycle:       8221, pc_rdata: 00008018, pc_wdata: 0000801c, insn: 00a81813, mode: 3, rs1_addr: 16, rs1_rdata: dfddb3ea, rs2_addr: 10, rs2_rdata: ffffffea, rd_addr: 16, rd_wdata: 7d5bfc00, mem_addr: 7d5bfc00, mem_rdata: 00000000, mem_wdata: ffffffea
ClkCycle:       8222, pc_rdata: 0000801c, pc_wdata: 00008020, insn: 1db80813, mode: 3, rs1_addr: 16, rs1_rdata: ed9f5000, rs2_addr: 27, rs2_rdata: 0000002a, rd_addr: 16, rd_wdata: 7d5bfddb, mem_addr: 7d5bfddb, mem_rdata: 00000000, mem_wdata: 0000002a
ClkCycle:       8223, pc_rdata: 00008020, pc_wdata: 00008024, insn: 00785893, mode: 3, rs1_addr: 16, rs1_rdata: ed9f56ff, rs2_addr:  7, rs2_rdata: fffffffb, rd_addr: 17, rd_wdata: 6cfab7fb, mem_addr: 6cfab7fb, mem_rdata: 00000000, mem_wdata: fffffffb
ClkCycle:       8224, pc_rdata: 00008024, pc_wdata: 00008028, insn: 03985793, mode: 3, rs1_addr: 16, rs1_rdata: 7d5bfc00, rs2_addr: 25, rs2_rdata: 00000000, rd_addr: 15, rd_wdata: adfddb3e, mem_addr: adfddb3e, mem_rdata: 00000000, mem_wdata: 00000000
ClkCycle:       8225, pc_rdata: 00008028, pc_wdata: 0000802c, insn: 00f8e8b3, mode: 3, rs1_addr: 17, rs1_rdata: edffffff, rs2_addr: 15, rs2_rdata: ffffffe0, rd_addr: 17, rd_wdata: edffffff, mem_addr: edffffff, mem_rdata: 00000000, mem_wdata: adfddb3e
ClkCycle:       8226, pc_rdata: 0000802c, pc_wdata: 00008030, insn: 0078d913, mode: 3, rs1_addr: 17, rs1_rdata: 6cfab7fb, rs2_addr:  7, rs2_rdata: fffffffb, rd_addr: 18, rd_wdata: ffdbffff, mem_addr: ffdbffff, mem_rdata: 00000000, mem_wdata: fffffffb
ClkCycle:       8227, pc_rdata: 00008030, pc_wdata: 00008034, insn: 0398d793, mode: 3, rs1_addr: 17, rs1_rdata: 6cfab7fb, rs2_addr: 25, rs2_rdata: 00000000, rd_addr: 15, rd_wdata: 7d5bfff6, mem_addr: 7d5bfff6, mem_rdata: 00000000, mem_wdata: 00000000
ClkCycle:       8228, pc_rdata: 00008034, pc_wdata: 00008038, insn: 00f96933, mode: 3, rs1_addr: 18, rs1_rdata: 00000001, rs2_addr: 15, rs2_rdata: adfddb3e, rd_addr: 18, rd_wdata: ffdbffff, mem_addr: ffdbffff, mem_rdata: 00000000, mem_wdata: 7d5bfff6
ClkCycle:       8229, pc_rdata: 00008038, pc_wdata: 0000803c, insn: 00795993, mode: 3, rs1_addr: 18, rs1_rdata: ffdbffff, rs2_addr:  7, rs2_rdata: fffffffb, rd_addr: 19, rd_wdata: dfffb7ff, mem_addr: dfffb7ff, mem_rdata: 00000000, mem_wdata: fffffffb
ClkCycle:       8230, pc_rdata: 0000803c, pc_wdata: 00008040, insn: 03995793, mode: 3, rs1_addr: 18, rs1_rdata: ffdbffff, rs2_addr: 25, rs2_rdata: 00000000, rd_addr: 15, rd_wdata: 00fab7ff, mem_addr: 00fab7ff, mem_rdata: 00000000, mem_wdata: 00000000
ClkCycle:       8231, pc_rdata: 00008040, pc_wdata: 00008044, insn: 00f9e9b3, mode: 3, rs1_addr: 19, rs1_rdata: 00000000, rs2_addr: 15, rs2_rdata: 7d5bfff6, rd_addr: 19, rd_wdata: dfffb7ff, mem_addr: dfffb7ff, mem_rdata: 00000000, mem_wdata: 00fab7ff
ClkCycle:       8232, pc_rdata: 00008044, pc_wdata: 00008048, insn: 0079da13, mode: 3, rs1_addr: 19, rs1_rdata: dfffb7ff, rs2_addr:  7, rs2_rdata: fffffffb, rd_addr: 20, rd_wdata: d5bfff6f, mem_addr: d5bfff6f, mem_rdata: 00000000, mem_wdata: fffffffb
ClkCycle:       8233, pc_rdata: 00008048, pc_wdata: 0000804c, insn: 0399d793, mode: 3, rs1_addr: 19, rs1_rdata: dfffb7ff, rs2_addr: 25, rs2_rdata: 00000000, rd_addr: 15, rd_wdata: 0001f56f, mem_addr: 0001f56f, mem_rdata: 00000000, mem_wdata: 00000000
ClkCycle:       8234, pc_rdata: 0000804c, pc_wdata: 00008050, insn: 00fa6a33, mode: 3, rs1_addr: 20, rs1_rdata: 00000000, rs2_addr: 15, rs2_rdata: 00fab7ff, rd_addr: 20, rd_wdata: d5bfff6f, mem_addr: d5bfff6f, mem_rdata: 00000000, mem_wdata: 0001f56f
ClkCycle:       8235, pc_rdata: 00008050, pc_wdata: 00008054, insn: 007a5a93, mode: 3, rs1_addr: 20, rs1_rdata: d5bfff6f, rs2_addr:  7, rs2_rdata: fffffffb, rd_addr: 21, rd_wdata: 0fab7ffe, mem_addr: 0fab7ffe, mem_rdata: 00000000, mem_wdata: fffffffb
ClkCycle:       8236, pc_rdata: 00008054, pc_wdata: 00008058, insn: 039a5793, mode: 3, rs1_addr: 20, rs1_rdata: d5bfff6f, rs2_addr: 25, rs2_rdata: 00000000, rd_addr: 15, rd_wdata: 000003ea, mem_addr: 000003ea, mem_rdata: 00000000, mem_wdata: 00000000
ClkCycle:       8237, pc_rdata: 00008058, pc_wdata: 0000805c, insn: 00faeab3, mode: 3, rs1_addr: 21, rs1_rdata: 0fab7ffe, rs2_addr: 15, rs2_rdata: 0001f56f, rd_addr: 21, rd_wdata: 0fab7ffe, mem_addr: 0fab7ffe, mem_rdata: 00000000, mem_wdata: 000003ea
ClkCycle:       8238, pc_rdata: 0000805c, pc_wdata: 00008060, insn: 007adb13, mode: 3, rs1_addr: 21, rs1_rdata: 0fab7ffe, rs2_addr:  7, rs2_rdata: fffffffb, rd_addr: 22, rd_wdata: 001f56ff, mem_addr: 001f56ff, mem_rdata: 00000000, mem_wdata: fffffffb
ClkCycle:       8239, pc_rdata: 00008060, pc_wdata: 00008064, insn: 039ad793, mode: 3, rs1_addr: 21, rs1_rdata: 0fab7ffe, rs2_addr: 25, rs2_rdata: 00000000, rd_addr: 15, rd_wdata: 00000007, mem_addr: 00000007, mem_rdata: 00000000, mem_wdata: 00000000
ClkCycle:       8240, pc_rdata: 00008064, pc_wdata: 00008068, insn: 00fb6b33, mode: 3, rs1_addr: 22, rs1_rdata: 001f5714, rs2_addr: 15, rs2_rdata: 000003ea, rd_addr: 22, rd_wdata: 001f56ff, mem_addr: 001f56ff, mem_rdata: 00000000, mem_wdata: 00000007
ClkCycle:       8241, pc_rdata: 00008068, pc_wdata: 0000806c, insn: 007b5b93, mode: 3, rs1_addr: 22, rs1_rdata: 001f56ff, rs2_addr:  7, rs2_rdata: fffffffb, rd_addr: 23, rd_wdata: 00003ead, mem_addr: 00003ead, mem_rdata: 00000000, mem_wdata: fffffffb
ClkCycle:       8242, pc_rdata: 0000806c, pc_wdata: 00008070, insn: 039b5793, mode: 3, rs1_addr: 22, rs1_rdata: 001f56ff, rs2_addr: 25, rs2_rdata: 00000000, rd_addr: 15, rd_wdata: 00000000, mem_addr: 00000000, mem_rdata: 00000000, mem_wdata: 00000000
ClkCycle:       8243, pc_rdata: 00008070, pc_wdata: 00008074, insn: 00fbebb3, mode: 3, rs1_addr: 23, rs1_rdata: 00003eb6, rs2_addr: 15, rs2_rdata: 00000007, rd_addr: 23, rd_wdata: 00003ead, mem_addr: 00003ead, mem_rdata: 00000000, mem_wdata: 00000000
ClkCycle:       8244, pc_rdata: 00008074, pc_wdata: 00008078, insn: 007bdc13, mode: 3, rs1_addr: 23, rs1_rdata: 00003ead, rs2_addr:  7, rs2_rdata: fffffffb, rd_addr: 24, rd_wdata: 0000007d, mem_addr: 0000007d, mem_rdata: 00000000, mem_wdata: fffffffb
ClkCycle:       8245, pc_rdata: 00008078, pc_wdata: 0000807c, insn: 039bd793, mode: 3, rs1_addr: 23, rs1_rdata: 00003ead, rs2_addr: 25, rs2_rdata: 00000000, rd_addr: 15, rd_wdata: 00000000, mem_addr: 00000000, mem_rdata: 00000000, mem_wdata: 00000000
ClkCycle:       8246, pc_rdata: 0000807c, pc_wdata: 00008080, insn: 00fc6c33, mode: 3, rs1_addr: 24, rs1_rdata: fffffffd, rs2_addr: 15, rs2_rdata: 00000000, rd_addr: 24, rd_wdata: 0000007d, mem_addr: 0000007d, mem_rdata: 00000000, mem_wdata: 00000000
ClkCycle:       8247, pc_rdata: 00008080, pc_wdata: 00008084, insn: 007c5c93, mode: 3, rs1_addr: 24, rs1_rdata: 0000007d, rs2_addr:  7, rs2_rdata: fffffffb, rd_addr: 25, rd_wdata: 00000000, mem_addr: 00000000, mem_rdata: 00000000, mem_wdata: fffffffb
ClkCycle:       8248, pc_rdata: 00008084, pc_wdata: 00008088, insn: 039c5793, mode: 3, rs1_addr: 24, rs1_rdata: 0000007d, rs2_addr: 25, rs2_rdata: 00000000, rd_addr: 15, rd_wdata: 00000000, mem_addr: 00000000, mem_rdata: 00000000, mem_wdata: 00000000
ClkCycle:       8249, pc_rdata: 00008088, pc_wdata: 0000808c, insn: 00fcecb3, mode: 3, rs1_addr: 25, rs1_rdata: 00000000, rs2_addr: 15, rs2_rdata: 00000000, rd_addr: 25, rd_wdata: 00000000, mem_addr: 00000000, mem_rdata: 00000000, mem_wdata: 00000000
ClkCycle:       8250, pc_rdata: 0000808c, pc_wdata: 00008090, insn: 007cdd13, mode: 3, rs1_addr: 25, rs1_rdata: 00000000, rs2_addr:  7, rs2_rdata: fffffffb, rd_addr: 26, rd_wdata: 00000000, mem_addr: 00000000, mem_rdata: 00000000, mem_wdata: fffffffb
ClkCycle:       8251, pc_rdata: 00008090, pc_wdata: 00008094, insn: 039cd793, mode: 3, rs1_addr: 25, rs1_rdata: 00000000, rs2_addr: 25, rs2_rdata: 00000000, rd_addr: 15, rd_wdata: 00000000, mem_addr: 00000000, mem_rdata: 00000000, mem_wdata: 00000000
ClkCycle:       8252, pc_rdata: 00008094, pc_wdata: 00008098, insn: 00fd6d33, mode: 3, rs1_addr: 26, rs1_rdata: 0000001d, rs2_addr: 15, rs2_rdata: 00000000, rd_addr: 26, rd_wdata: 00000000, mem_addr: 00000000, mem_rdata: 00000000, mem_wdata: 00000000
ClkCycle:       8253, pc_rdata: 00008098, pc_wdata: 0000809c, insn: 007d5d93, mode: 3, rs1_addr: 26, rs1_rdata: 00000000, rs2_addr:  7, rs2_rdata: fffffffb, rd_addr: 27, rd_wdata: 00000000, mem_addr: 00000000, mem_rdata: 00000000, mem_wdata: fffffffb
ClkCycle:       8254, pc_rdata: 0000809c, pc_wdata: 000080a0, insn: 039d5793, mode: 3, rs1_addr: 26, rs1_rdata: 00000000, rs2_addr: 25, rs2_rdata: 00000000, rd_addr: 15, rd_wdata: 00000000, mem_addr: 00000000, mem_rdata: 00000000, mem_wdata: 00000000
ClkCycle:       8255, pc_rdata: 000080a0, pc_wdata: 000080a4, insn: 00fdedb3, mode: 3, rs1_addr: 27, rs1_rdata: 0000002a, rs2_addr: 15, rs2_rdata: 00000000, rd_addr: 27, rd_wdata: 00000000, mem_addr: 00000000, mem_rdata: 00000000, mem_wdata: 00000000
ClkCycle:       8256, pc_rdata: 000080a4, pc_wdata: 000080a8, insn: 007dde13, mode: 3, rs1_addr: 27, rs1_rdata: 00000000, rs2_addr:  7, rs2_rdata: fffffffb, rd_addr: 28, rd_wdata: 00000000, mem_addr: 00000000, mem_rdata: 00000000, mem_wdata: fffffffb
ClkCycle:       8257, pc_rdata: 000080a8, pc_wdata: 000080ac, insn: 039dd793, mode: 3, rs1_addr: 27, rs1_rdata: 00000000, rs2_addr: 25, rs2_rdata: 00000000, rd_addr: 15, rd_wdata: 00000000, mem_addr: 00000000, mem_rdata: 00000000, mem_wdata: 00000000
ClkCycle:       8258, pc_rdata: 000080ac, pc_wdata: 000080b0, insn: 00fe6e33, mode: 3, rs1_addr: 28, rs1_rdata: 00000000, rs2_addr: 15, rs2_rdata: 00000000, rd_addr: 28, rd_wdata: 00000000, mem_addr: 00000000, mem_rdata: 00000000, mem_wdata: 00000000
ClkCycle:       8259, pc_rdata: 000080b0, pc_wdata: 000080b4, insn: 007e5e93, mode: 3, rs1_addr: 28, rs1_rdata: 00000000, rs2_addr:  7, rs2_rdata: fffffffb, rd_addr: 29, rd_wdata: 00000000, mem_addr: 00000000, mem_rdata: 00000000, mem_wdata: fffffffb
ClkCycle:       8260, pc_rdata: 000080b4, pc_wdata: 000080b8, insn: 039e5793, mode: 3, rs1_addr: 28, rs1_rdata: 00000000, rs2_addr: 25, rs2_rdata: 00000000, rd_addr: 15, rd_wdata: 00000000, mem_addr: 00000000, mem_rdata: 00000000, mem_wdata: 00000000
ClkCycle:       8261, pc_rdata: 000080b8, pc_wdata: 000080bc, insn: 00feeeb3, mode: 3, rs1_addr: 29, rs1_rdata: 00000000, rs2_addr: 15, rs2_rdata: 00000000, rd_addr: 29, rd_wdata: 00000000, mem_addr: 00000000, mem_rdata: 00000000, mem_wdata: 00000000
ClkCycle:       8262, pc_rdata: 000080bc, pc_wdata: 000080c0, insn: 007edf13, mode: 3, rs1_addr: 29, rs1_rdata: 00000000, rs2_addr:  7, rs2_rdata: fffffffb, rd_addr: 30, rd_wdata: 00000000, mem_addr: 00000000, mem_rdata: 00000000, mem_wdata: fffffffb
ClkCycle:       8263, pc_rdata: 000080c0, pc_wdata: 000080c4, insn: 039ed793, mode: 3, rs1_addr: 29, rs1_rdata: 00000000, rs2_addr: 25, rs2_rdata: 00000000, rd_addr: 15, rd_wdata: 00000000, mem_addr: 00000000, mem_rdata: 00000000, mem_wdata: 00000000
ClkCycle:       8264, pc_rdata: 000080c4, pc_wdata: 000080c8, insn: 00ff6f33, mode: 3, rs1_addr: 30, rs1_rdata: d41f52b6, rs2_addr: 15, rs2_rdata: 00000000, rd_addr: 30, rd_wdata: 00000000, mem_addr: 00000000, mem_rdata: 00000000, mem_wdata: 00000000
ClkCycle:       8265, pc_rdata: 000080c8, pc_wdata: 000080cc, insn: feedc0b7, mode: 3, rs1_addr: 27, rs1_rdata: 00000000, rs2_addr: 14, rs2_rdata: 0000000a, rd_addr:  1, rd_wdata: feedc000, mem_addr: feedc000, mem_rdata: 00000000, mem_wdata: 0000000a
ClkCycle:       8266, pc_rdata: 000080cc, pc_wdata: 000080d0, insn: ead08093, mode: 3, rs1_addr:  1, rs1_rdata: 00000001, rs2_addr: 13, rs2_rdata: 00000000, rd_addr:  1, rd_wdata: feedbead, mem_addr: feedbead, mem_rdata: 00000000, mem_wdata: 00000000
ClkCycle:       8267, pc_rdata: 000080d0, pc_wdata: 000080d4, insn: 00b09093, mode: 3, rs1_addr:  1, rs1_rdata: 00000001, rs2_addr: 11, rs2_rdata: 0000711d, rd_addr:  1, rd_wdata: 6df56800, mem_addr: 6df56800, mem_rdata: 00000000, mem_wdata: 0000711d
ClkCycle:       8268, pc_rdata: 000080d4, pc_wdata: 000080d8, insn: 7f708093, mode: 3, rs1_addr:  1, rs1_rdata: feedc000, rs2_addr: 23, rs2_rdata: 00003ead, rd_addr:  1, rd_wdata: 6df56ff7, mem_addr: 6df56ff7, mem_rdata: 00000000, mem_wdata: 00003ead
ClkCycle:       8269, pc_rdata: 000080d8, pc_wdata: 000080dc, insn: 00b09093, mode: 3, rs1_addr:  1, rs1_rdata: feedbead, rs2_addr: 11, rs2_rdata: 0000711d, rd_addr:  1, rd_wdata: ab7fb800, mem_addr: ab7fb800, mem_rdata: 00000000, mem_wdata: 0000711d
ClkCycle:       8270, pc_rdata: 000080dc, pc_wdata: 000080e0, insn: 36f08093, mode: 3, rs1_addr:  1, rs1_rdata: 6df56800, rs2_addr: 15, rs2_rdata: 00000000, rd_addr:  1, rd_wdata: ab7fbb6f, mem_addr: ab7fbb6f, mem_rdata: 00000000, mem_wdata: 00000000
ClkCycle:       8271, pc_rdata: 000080e0, pc_wdata: 000080e4, insn: 00a09093, mode: 3, rs1_addr:  1, rs1_rdata: 6df56ff7, rs2_addr: 10, rs2_rdata: ffffffea, rd_addr:  1, rd_wdata: feedbc00, mem_addr: feedbc00, mem_rdata: 00000000, mem_wdata: ffffffea
ClkCycle:       8272, pc_rdata: 000080e4, pc_wdata: 000080e8, insn: 2ad08093, mode: 3, rs1_addr:  1, rs1_rdata: ab7fb800, rs2_addr: 13, rs2_rdata: 00000000, rd_addr:  1, rd_wdata: feedbead, mem_addr: feedbead, mem_rdata: 00000000, mem_wdata: 00000000
ClkCycle:       8273, pc_rdata: 000080e8, pc_wdata: 000080ec, insn: 0070d113, mode: 3, rs1_addr:  1, rs1_rdata: ab7fbb6f, rs2_addr:  7, rs2_rdata: fffffffb, rd_addr:  2, rd_wdata: 5bfddb7d, mem_addr: 5bfddb7d, mem_rdata: 00000000, mem_wdata: fffffffb
ClkCycle:       8274, pc_rdata: 000080ec, pc_wdata: 000080f0, insn: 0390d793, mode: 3, rs1_addr:  1, rs1_rdata: feedbc00, rs2_addr: 25, rs2_rdata: 00000000, rd_addr: 15, rd_wdata: 76df56ff, mem_addr: 76df56ff, mem_rdata: 00000000, mem_wdata: 00000000
ClkCycle:       8275, pc_rdata: 000080f0, pc_wdata: 000080f4, insn: 00f16133, mode: 3, rs1_addr:  2, rs1_rdata: 00000000, rs2_addr: 15, rs2_rdata: 00000000, rd_addr:  2, rd_wdata: 7fffdfff, mem_addr: 7fffdfff, mem_rdata: 00000000, mem_wdata: 76df56ff
ClkCycle:       8276, pc_rdata: 000080f4, pc_wdata: 000080f8, insn: 00715193, mode: 3, rs1_addr:  2, rs1_rdata: 5bfddb7d, rs2_addr:  7, rs2_rdata: fffffffb, rd_addr:  3, rd_wdata: feffffbf, mem_addr: feffffbf, mem_rdata: 00000000, mem_wdata: fffffffb
ClkCycle:       8277, pc_rdata: 000080f8, pc_wdata: 000080fc, insn: 03915793, mode: 3, rs1_addr:  2, rs1_rdata: 5bfddb7d, rs2_addr: 25, rs2_rdata: 00000000, rd_addr: 15, rd_wdata: feedbfbf, mem_addr: feedbfbf, mem_rdata: 00000000, mem_wdata: 00000000
ClkCycle:       8278, pc_rdata: 000080fc, pc_wdata: 00008100, insn: 00f1e1b3, mode: 3, rs1_addr:  3, rs1_rdata: 00000004, rs2_addr: 15, rs2_rdata: 76df56ff, rd_addr:  3, rd_wdata: feffffbf, mem_addr: feffffbf, mem_rdata: 00000000, mem_wdata: feedbfbf
ClkCycle:       8279, pc_rdata: 00008100, pc_wdata: 00008104, insn: 0071d213, mode: 3, rs1_addr:  3, rs1_rdata: feffffbf, rs2_addr:  7, rs2_rdata: fffffffb, rd_addr:  4, rd_wdata: 6dfdffff, mem_addr: 6dfdffff, mem_rdata: 00000000, mem_wdata: fffffffb
ClkCycle:       8280, pc_rdata: 00008104, pc_wdata: 00008108, insn: 0391d793, mode: 3, rs1_addr:  3, rs1_rdata: feffffbf, rs2_addr: 25, rs2_rdata: 00000000, rd_addr: 15, rd_wdata: 01fddb7f, mem_addr: 01fddb7f, mem_rdata: 00000000, mem_wdata: 00000000
ClkCycle:       8281, pc_rdata: 00008108, pc_wdata: 0000810c, insn: 00f26233, mode: 3, rs1_addr:  4, rs1_rdata: 6dfdffff, rs2_addr: 15, rs2_rdata: feedbfbf, rd_addr:  4, rd_wdata: 6dfdffff, mem_addr: 6dfdffff, mem_rdata: 00000000, mem_wdata: 01fddb7f
ClkCycle:       8282, pc_rdata: 0000810c, pc_wdata: 00008110, insn: 00725293, mode: 3, rs1_addr:  4, rs1_rdata: 6dfdffff, rs2_addr:  7, rs2_rdata: fffffffb, rd_addr:  5, rd_wdata: eedbfbff, mem_addr: eedbfbff, mem_rdata: 00000000, mem_wdata: fffffffb
ClkCycle:       8283, pc_rdata: 00008110, pc_wdata: 00008114, insn: 03925793, mode: 3, rs1_addr:  4, rs1_rdata: 6dfdffff, rs2_addr: 25, rs2_rdata: 00000000, rd_addr: 15, rd_wdata: 0003fbb6, mem_addr: 0003fbb6, mem_rdata: 00000000, mem_wdata: 00000000
ClkCycle:       8284, pc_rdata: 00008114, pc_wdata: 00008118, insn: 00f2e2b3, mode: 3, rs1_addr:  5, rs1_rdata: 00000000, rs2_addr: 15, rs2_rdata: 01fddb7f, rd_addr:  5, rd_wdata: eedbfbff, mem_addr: eedbfbff, mem_rdata: 00000000, mem_wdata: 0003fbb6
ClkCycle:       8285, pc_rdata: 00008118, pc_wdata: 0000811c, insn: 0072d313, mode: 3, rs1_addr:  5, rs1_rdata: eedbfbff, rs2_addr:  7, rs2_rdata: fffffffb, rd_addr:  6, rd_wdata: 1fddb7f7, mem_addr: 1fddb7f7, mem_rdata: 00000000, mem_wdata: fffffffb
ClkCycle:       8286, pc_rdata: 0000811c, pc_wdata: 00008120, insn: 0392d793, mode: 3, rs1_addr:  5, rs1_rdata: eedbfbff, rs2_addr: 25, rs2_rdata: 00000000, rd_addr: 15, rd_wdata: 000007f7, mem_addr: 000007f7, mem_rdata: 00000000, mem_wdata: 00000000
ClkCycle:       8287, pc_rdata: 00008120, pc_wdata: 00008124, insn: 00f36333, mode: 3, rs1_addr:  6, rs1_rdata: 1fddb810, rs2_addr: 15, rs2_rdata: 0003fbb6, rd_addr:  6, rd_wdata: 1fddb7f7, mem_addr: 1fddb7f7, mem_rdata: 00000000, mem_wdata: 000007f7
ClkCycle:       8288, pc_rdata: 00008124, pc_wdata: 00008128, insn: 00735393, mode: 3, rs1_addr:  6, rs1_rdata: 1fddb7f7, rs2_addr:  7, rs2_rdata: fffffffb, rd_addr:  7, rd_wdata: 003fbb6f, mem_addr: 003fbb6f, mem_rdata: 00000000, mem_wdata: fffffffb
ClkCycle:       8289, pc_rdata: 00008128, pc_wdata: 0000812c, insn: 03935793, mode: 3, rs1_addr:  6, rs1_rdata: 1fddb7f7, rs2_addr: 25, rs2_rdata: 00000000, rd_addr: 15, rd_wdata: 0000000f, mem_addr: 0000000f, mem_rdata: 00000000, mem_wdata: 00000000
ClkCycle:       8290, pc_rdata: 0000812c, pc_wdata: 00008130, insn: 00f3e3b3, mode: 3, rs1_addr:  7, rs1_rdata: fffffffb, rs2_addr: 15, rs2_rdata: 000007f7, rd_addr:  7, rd_wdata: 003fbb6f, mem_addr: 003fbb6f, mem_rdata: 00000000, mem_wdata: 0000000f
ClkCycle:       8291, pc_rdata: 00008130, pc_wdata: 00008134, insn: 0073d413, mode: 3, rs1_addr:  7, rs1_rdata: 003fbb6f, rs2_addr:  7, rs2_rdata: 003fbb6f, rd_addr:  8, rd_wdata: 00007f76, mem_addr: 00007f76, mem_rdata: 00000000, mem_wdata: 003fbb6f
ClkCycle:       8292, pc_rdata: 00008134, pc_wdata: 00008138, insn: 0393d793, mode: 3, rs1_addr:  7, rs1_rdata: 003fbb6f, rs2_addr: 25, rs2_rdata: 00000000, rd_addr: 15, rd_wdata: 00000000, mem_addr: 00000000, mem_rdata: 00000000, mem_wdata: 00000000
ClkCycle:       8293, pc_rdata: 00008138, pc_wdata: 0000813c, insn: 00f46433, mode: 3, rs1_addr:  8, rs1_rdata: 00000000, rs2_addr: 15, rs2_rdata: 0000000f, rd_addr:  8, rd_wdata: 00007f76, mem_addr: 00007f76, mem_rdata: 00000000, mem_wdata: 00000000
ClkCycle:       8294, pc_rdata: 0000813c, pc_wdata: 00008140, insn: 00745493, mode: 3, rs1_addr:  8, rs1_rdata: 00007f76, rs2_addr:  7, rs2_rdata: 003fbb6f, rd_addr:  9, rd_wdata: 000000fe, mem_addr: 000000fe, mem_rdata: 00000000, mem_wdata: 003fbb6f
ClkCycle:       8295, pc_rdata: 00008140, pc_wdata: 00008144, insn: 03945793, mode: 3, rs1_addr:  8, rs1_rdata: 00007f76, rs2_addr: 25, rs2_rdata: 00000000, rd_addr: 15, rd_wdata: 00000000, mem_addr: 00000000, mem_rdata: 00000000, mem_wdata: 00000000
ClkCycle:       8296, pc_rdata: 00008144, pc_wdata: 00008148, insn: 00f4e4b3, mode: 3, rs1_addr:  9, rs1_rdata: 000000fe, rs2_addr: 15, rs2_rdata: 00000000, rd_addr:  9, rd_wdata: 000000fe, mem_addr: 000000fe, mem_rdata: 00000000, mem_wdata: 00000000
ClkCycle:       8297, pc_rdata: 00008148, pc_wdata: 0000814c, insn: 0074d513, mode: 3, rs1_addr:  9, rs1_rdata: 000000fe, rs2_addr:  7, rs2_rdata: 003fbb6f, rd_addr: 10, rd_wdata: 00000001, mem_addr: 00000001, mem_rdata: 00000000, mem_wdata: 003fbb6f
ClkCycle:       8298, pc_rdata: 0000814c, pc_wdata: 00008150, insn: 0394d793, mode: 3, rs1_addr:  9, rs1_rdata: 000000fe, rs2_addr: 25, rs2_rdata: 00000000, rd_addr: 15, rd_wdata: 00000000, mem_addr: 00000000, mem_rdata: 00000000, mem_wdata: 00000000
ClkCycle:       8299, pc_rdata: 00008150, pc_wdata: 00008154, insn: 00f56533, mode: 3, rs1_addr: 10, rs1_rdata: ffffffea, rs2_addr: 15, rs2_rdata: 00000000, rd_addr: 10, rd_wdata: 00000001, mem_addr: 00000001, mem_rdata: 00000000, mem_wdata: 00000000
ClkCycle:       8300, pc_rdata: 00008154, pc_wdata: 00008158, insn: 00755593, mode: 3, rs1_addr: 10, rs1_rdata: 00000001, rs2_addr:  7, rs2_rdata: 003fbb6f, rd_addr: 11, rd_wdata: 00000000, mem_addr: 00000000, mem_rdata: 00000000, mem_wdata: 003fbb6f
ClkCycle:       8301, pc_rdata: 00008158, pc_wdata: 0000815c, insn: 03955793, mode: 3, rs1_addr: 10, rs1_rdata: 00000001, rs2_addr: 25, rs2_rdata: 00000000, rd_addr: 15, rd_wdata: 00000000, mem_addr: 00000000, mem_rdata: 00000000, mem_wdata: 00000000
ClkCycle:       8302, pc_rdata: 0000815c, pc_wdata: 00008160, insn: 00f5e5b3, mode: 3, rs1_addr: 11, rs1_rdata: 0000711d, rs2_addr: 15, rs2_rdata: 00000000, rd_addr: 11, rd_wdata: 00000000, mem_addr: 00000000, mem_rdata: 00000000, mem_wdata: 00000000
ClkCycle:       8303, pc_rdata: 00008160, pc_wdata: 00008164, insn: 0075d613, mode: 3, rs1_addr: 11, rs1_rdata: 00000000, rs2_addr:  7, rs2_rdata: 003fbb6f, rd_addr: 12, rd_wdata: 00000000, mem_addr: 00000000, mem_rdata: 00000000, mem_wdata: 003fbb6f
ClkCycle:       8304, pc_rdata: 00008164, pc_wdata: 00008168, insn: 0395d793, mode: 3, rs1_addr: 11, rs1_rdata: 00000000, rs2_addr: 25, rs2_rdata: 00000000, rd_addr: 15, rd_wdata: 00000000, mem_addr: 00000000, mem_rdata: 00000000, mem_wdata: 00000000
ClkCycle:       8305, pc_rdata: 00008168, pc_wdata: 0000816c, insn: 00f66633, mode: 3, rs1_addr: 12, rs1_rdata: 00000048, rs2_addr: 15, rs2_rdata: 00000000, rd_addr: 12, rd_wdata: 00000000, mem_addr: 00000000, mem_rdata: 00000000, mem_wdata: 00000000
ClkCycle:       8306, pc_rdata: 0000816c, pc_wdata: 00008170, insn: 00765693, mode: 3, rs1_addr: 12, rs1_rdata: 00000000, rs2_addr:  7, rs2_rdata: 003fbb6f, rd_addr: 13, rd_wdata: 00000000, mem_addr: 00000000, mem_rdata: 00000000, mem_wdata: 003fbb6f
ClkCycle:       8307, pc_rdata: 00008170, pc_wdata: 00008174, insn: 03965793, mode: 3, rs1_addr: 12, rs1_rdata: 00000000, rs2_addr: 25, rs2_rdata: 00000000, rd_addr: 15, rd_wdata: 00000000, mem_addr: 00000000, mem_rdata: 00000000, mem_wdata: 00000000
ClkCycle:       8308, pc_rdata: 00008174, pc_wdata: 00008178, insn: 00f6e6b3, mode: 3, rs1_addr: 13, rs1_rdata: 00000000, rs2_addr: 15, rs2_rdata: 00000000, rd_addr: 13, rd_wdata: 00000000, mem_addr: 00000000, mem_rdata: 00000000, mem_wdata: 00000000
ClkCycle:       8309, pc_rdata: 00008178, pc_wdata: 0000817c, insn: 00000013, mode: 3, rs1_addr:  0, rs1_rdata: 00000000, rs2_addr:  0, rs2_rdata: 00000000, rd_addr:  0, rd_wdata: 00000000, mem_addr: 00000000, mem_rdata: 00000000, mem_wdata: 00000000
ClkCycle:       8310, pc_rdata: 0000817c, pc_wdata: 00008180, insn: 00000013, mode: 3, rs1_addr:  0, rs1_rdata: 00000000, rs2_addr:  0, rs2_rdata: 00000000, rd_addr:  0, rd_wdata: 00000000, mem_addr: 00000000, mem_rdata: 00000000, mem_wdata: 00000000
ClkCycle:       8311, pc_rdata: 00008180, pc_wdata: 00008184, insn: 00003597, mode: 3, rs1_addr:  0, rs1_rdata: 00000000, rs2_addr:  0, rs2_rdata: 00000000, rd_addr: 11, rd_wdata: 0000b180, mem_addr: 0000b180, mem_rdata: 00000000, mem_wdata: 00000000
ClkCycle:       8312, pc_rdata: 00008184, pc_wdata: 00008188, insn: f9858593, mode: 3, rs1_addr: 11, rs1_rdata: 00000000, rs2_addr: 24, rs2_rdata: 0000007d, rd_addr: 11, rd_wdata: 0000b118, mem_addr: 0000b118, mem_rdata: 00000000, mem_wdata: 0000007d
ClkCycle:       8313, pc_rdata: 00008188, pc_wdata: 0000818c, insn: 00000013, mode: 3, rs1_addr:  0, rs1_rdata: 00000000, rs2_addr:  0, rs2_rdata: 00000000, rd_addr:  0, rd_wdata: 00000000, mem_addr: 00000000, mem_rdata: 00000000, mem_wdata: 00000000
ClkCycle:       8314, pc_rdata: 0000818c, pc_wdata: 00008190, insn: 00000013, mode: 3, rs1_addr:  0, rs1_rdata: 00000000, rs2_addr:  0, rs2_rdata: 00000000, rd_addr:  0, rd_wdata: 00000000, mem_addr: 00000000, mem_rdata: 00000000, mem_wdata: 00000000
ClkCycle:       8315, pc_rdata: 00008190, pc_wdata: 00008194, insn: 00000013, mode: 3, rs1_addr:  0, rs1_rdata: 00000000, rs2_addr:  0, rs2_rdata: 00000000, rd_addr:  0, rd_wdata: 00000000, mem_addr: 00000000, mem_rdata: 00000000, mem_wdata: 00000000
ClkCycle:       8316, pc_rdata: 00008194, pc_wdata: 00008198, insn: 00000013, mode: 3, rs1_addr:  0, rs1_rdata: 00000000, rs2_addr:  0, rs2_rdata: 00000000, rd_addr:  0, rd_wdata: 00000000, mem_addr: 00000000, mem_rdata: 00000000, mem_wdata: 00000000
ClkCycle:       8317, pc_rdata: 00008198, pc_wdata: 0000819c, insn: 00000013, mode: 3, rs1_addr:  0, rs1_rdata: 00000000, rs2_addr:  0, rs2_rdata: 00000000, rd_addr:  0, rd_wdata: 00000000, mem_addr: 00000000, mem_rdata: 00000000, mem_wdata: 00000000
ClkCycle:       8318, pc_rdata: 0000819c, pc_wdata: 000081a0, insn: 00000013, mode: 3, rs1_addr:  0, rs1_rdata: 00000000, rs2_addr:  0, rs2_rdata: 00000000, rd_addr:  0, rd_wdata: 00000000, mem_addr: 00000000, mem_rdata: 00000000, mem_wdata: 00000000
ClkCycle:       8319, pc_rdata: 000081a0, pc_wdata: 000081a2, insn: e19c5781, mode: 3, rs1_addr:  0, rs1_rdata: 00000000, rs2_addr:  0, rs2_rdata: 00000000, rd_addr: 15, rd_wdata: ffffffe0, mem_addr: ffffffe0, mem_rdata: 00000000, mem_wdata: 00000000
ClkCycle:       8320, pc_rdata: 000081a2, pc_wdata: 000081a6, insn: e19c5781, mode: 3, rs1_addr:  0, rs1_rdata: 00000000, rs2_addr:  0, rs2_rdata: 00000000, rd_addr:  0, rd_wdata: 00000000, mem_addr: 00000000, mem_rdata: 00000000, mem_wdata: 00000000
00000000ffffffe0
ClkCycle:       8321, pc_rdata: 000081a6, pc_wdata: 000081a8, insn: b8234f7d, mode: 3, rs1_addr: 11, rs1_rdata: 0000b118, rs2_addr: 15, rs2_rdata: 00000000, rd_addr:  0, rd_wdata: 0000b118, mem_addr: 0000b118, mem_rdata: 00000000, mem_wdata: ffffffe0
ClkCycle:       8322, pc_rdata: 000081a8, pc_wdata: 000081aa, insn: b8234f7d, mode: 3, rs1_addr:  0, rs1_rdata: 00000000, rs2_addr: 31, rs2_rdata: 00000000, rd_addr: 30, rd_wdata: 0000001f, mem_addr: 0000001f, mem_rdata: 00000000, mem_wdata: 00000000
ClkCycle:       8323, pc_rdata: 000081aa, pc_wdata: 000081ae, insn: b8234f7d, mode: 3, rs1_addr:  0, rs1_rdata: 00000000, rs2_addr:  0, rs2_rdata: 00000000, rd_addr:  0, rd_wdata: 00000000, mem_addr: 00000000, mem_rdata: 00000000, mem_wdata: 00000000
01fddb7f7fffdfff
ClkCycle:       8324, pc_rdata: 000081ae, pc_wdata: 000081b2, insn: 0065bc23, mode: 3, rs1_addr:  7, rs1_rdata: 003fbb6f, rs2_addr:  2, rs2_rdata: 7fffdfff, rd_addr: 16, rd_wdata: 003fb73f, mem_addr: 003fb73f, mem_rdata: 00000000, mem_wdata: 7fffdfff
ClkCycle:       8325, pc_rdata: 000081b2, pc_wdata: 000081b6, insn: 0065bc23, mode: 3, rs1_addr:  0, rs1_rdata: 00000000, rs2_addr:  0, rs2_rdata: 00000000, rd_addr:  0, rd_wdata: 00000000, mem_addr: 00000000, mem_rdata: 00000000, mem_wdata: 00000000
ClkCycle:       8326, pc_rdata: 000081b6, pc_wdata: 000081b8, insn: b4234191, mode: 3, rs1_addr:  0, rs1_rdata: 00000000, rs2_addr: 25, rs2_rdata: 00000000, rd_addr:  0, rd_wdata: 00000019, mem_addr: 00000019, mem_rdata: 00000000, mem_wdata: 00000000
ClkCycle:       8327, pc_rdata: 000081b8, pc_wdata: 000081ba, insn: b4234191, mode: 3, rs1_addr:  0, rs1_rdata: 00000000, rs2_addr:  4, rs2_rdata: 6dfdffff, rd_addr:  3, rd_wdata: 00000004, mem_addr: 00000004, mem_rdata: 00000000, mem_wdata: 6dfdffff
ClkCycle:       8328, pc_rdata: 000081ba, pc_wdata: 000081be, insn: b4234191, mode: 3, rs1_addr:  0, rs1_rdata: 00000000, rs2_addr:  0, rs2_rdata: 00000000, rd_addr:  0, rd_wdata: 00000000, mem_addr: 00000000, mem_rdata: 00000000, mem_wdata: 00000000
01fddb7f7fffdfff
ClkCycle:       8329, pc_rdata: 000081be, pc_wdata: 000081c2, insn: 0365b823, mode: 3, rs1_addr:  7, rs1_rdata: 003fbb6f, rs2_addr:  2, rs2_rdata: 7fffdfff, rd_addr:  8, rd_wdata: 003fb6f7, mem_addr: 003fb6f7, mem_rdata: 00000000, mem_wdata: 7fffdfff
ClkCycle:       8330, pc_rdata: 000081c2, pc_wdata: 000081c6, insn: 0365b823, mode: 3, rs1_addr:  0, rs1_rdata: 00000000, rs2_addr:  0, rs2_rdata: 00000000, rd_addr:  0, rd_wdata: 00000000, mem_addr: 00000000, mem_rdata: 00000000, mem_wdata: 00000000
ClkCycle:       8331, pc_rdata: 000081c6, pc_wdata: 000081c8, insn: e1a85529, mode: 3, rs1_addr:  6, rs1_rdata: 1fddb7f7, rs2_addr: 25, rs2_rdata: 00000000, rd_addr:  6, rd_wdata: 1fddb810, mem_addr: 1fddb810, mem_rdata: 00000000, mem_wdata: 00000000
ClkCycle:       8332, pc_rdata: 000081c8, pc_wdata: 000081ca, insn: e1a85529, mode: 3, rs1_addr:  0, rs1_rdata: 00000000, rs2_addr: 10, rs2_rdata: 00000001, rd_addr: 10, rd_wdata: ffffffea, mem_addr: ffffffea, mem_rdata: 00000000, mem_wdata: 00000001
ClkCycle:       8333, pc_rdata: 000081ca, pc_wdata: 000081ce, insn: e1a85529, mode: 3, rs1_addr:  0, rs1_rdata: 00000000, rs2_addr:  0, rs2_rdata: 00000000, rd_addr:  0, rd_wdata: 00000000, mem_addr: 00000000, mem_rdata: 00000000, mem_wdata: 00000000
00000000ffffffea
ClkCycle:       8334, pc_rdata: 000081ce, pc_wdata: 000081d0, insn: 5c750595, mode: 3, rs1_addr: 11, rs1_rdata: 0000b118, rs2_addr: 10, rs2_rdata: 00000001, rd_addr:  0, rd_wdata: 0000b158, mem_addr: 0000b158, mem_rdata: 00000000, mem_wdata: ffffffea
ClkCycle:       8335, pc_rdata: 000081d0, pc_wdata: 000081d2, insn: 5c750595, mode: 3, rs1_addr: 11, rs1_rdata: 0000b118, rs2_addr:  5, rs2_rdata: eedbfbff, rd_addr: 11, rd_wdata: 0000b11d, mem_addr: 0000b11d, mem_rdata: 00000000, mem_wdata: eedbfbff
ClkCycle:       8336, pc_rdata: 000081d2, pc_wdata: 000081d6, insn: 5c750595, mode: 3, rs1_addr:  0, rs1_rdata: 00000000, rs2_addr:  0, rs2_rdata: 00000000, rd_addr:  0, rd_wdata: 00000000, mem_addr: 00000000, mem_rdata: 00000000, mem_wdata: 00000000
ClkCycle:       8337, pc_rdata: 000081d6, pc_wdata: 000081d8, insn: bc2353ed, mode: 3, rs1_addr:  0, rs1_rdata: 00000000, rs2_addr: 29, rs2_rdata: 00000000, rd_addr: 24, rd_wdata: fffffffd, mem_addr: fffffffd, mem_rdata: 00000000, mem_wdata: 00000000
ClkCycle:       8338, pc_rdata: 000081d8, pc_wdata: 000081da, insn: bc2353ed, mode: 3, rs1_addr:  0, rs1_rdata: 00000000, rs2_addr: 27, rs2_rdata: 00000000, rd_addr:  7, rd_wdata: fffffffb, mem_addr: fffffffb, mem_rdata: 00000000, mem_wdata: 00000000
ClkCycle:       8339, pc_rdata: 000081da, pc_wdata: 000081de, insn: bc2353ed, mode: 3, rs1_addr:  0, rs1_rdata: 00000000, rs2_addr:  0, rs2_rdata: 00000000, rd_addr:  0, rd_wdata: 00000000, mem_addr: 00000000, mem_rdata: 00000000, mem_wdata: 00000000
01fddb7f7fffdfff
ClkCycle:       8340, pc_rdata: 000081de, pc_wdata: 000081e2, insn: 0645b023, mode: 3, rs1_addr:  7, rs1_rdata: 003fbb6f, rs2_addr:  2, rs2_rdata: 7fffdfff, rd_addr: 24, rd_wdata: fffffb13, mem_addr: fffffb13, mem_rdata: 00000000, mem_wdata: 7fffdfff
ClkCycle:       8341, pc_rdata: 000081e2, pc_wdata: 000081e6, insn: 0645b023, mode: 3, rs1_addr:  0, rs1_rdata: 00000000, rs2_addr:  0, rs2_rdata: 00000000, rd_addr:  0, rd_wdata: 00000000, mem_addr: 00000000, mem_rdata: 00000000, mem_wdata: 00000000
ClkCycle:       8342, pc_rdata: 000081e6, pc_wdata: 000081e8, insn: 4dd50715, mode: 3, rs1_addr: 12, rs1_rdata: 00000000, rs2_addr: 17, rs2_rdata: edffffff, rd_addr: 12, rd_wdata: 00000011, mem_addr: 00000011, mem_rdata: 00000000, mem_wdata: edffffff
ClkCycle:       8343, pc_rdata: 000081e8, pc_wdata: 000081ea, insn: 4dd50715, mode: 3, rs1_addr: 14, rs1_rdata: 0000000a, rs2_addr:  5, rs2_rdata: eedbfbff, rd_addr: 14, rd_wdata: 0000000f, mem_addr: 0000000f, mem_rdata: 00000000, mem_wdata: eedbfbff
ClkCycle:       8344, pc_rdata: 000081ea, pc_wdata: 000081ee, insn: 4dd50715, mode: 3, rs1_addr:  0, rs1_rdata: 00000000, rs2_addr:  0, rs2_rdata: 00000000, rd_addr:  0, rd_wdata: 00000000, mem_addr: 00000000, mem_rdata: 00000000, mem_wdata: 00000000
ClkCycle:       8345, pc_rdata: 000081ee, pc_wdata: 000081f0, insn: bc234901, mode: 3, rs1_addr:  0, rs1_rdata: 00000000, rs2_addr: 21, rs2_rdata: 0fab7ffe, rd_addr: 27, rd_wdata: 00000015, mem_addr: 00000015, mem_rdata: 00000000, mem_wdata: 0fab7ffe
ClkCycle:       8346, pc_rdata: 000081f0, pc_wdata: 000081f2, insn: bc234901, mode: 3, rs1_addr:  0, rs1_rdata: 00000000, rs2_addr:  0, rs2_rdata: 00000000, rd_addr: 18, rd_wdata: 00000000, mem_addr: 00000000, mem_rdata: 00000000, mem_wdata: 00000000
ClkCycle:       8347, pc_rdata: 000081f2, pc_wdata: 000081f6, insn: bc234901, mode: 3, rs1_addr:  0, rs1_rdata: 00000000, rs2_addr:  0, rs2_rdata: 00000000, rd_addr:  0, rd_wdata: 00000000, mem_addr: 00000000, mem_rdata: 00000000, mem_wdata: 00000000
01fddb7f7fffdfff
ClkCycle:       8348, pc_rdata: 000081f6, pc_wdata: 000081fa, insn: 0905b023, mode: 3, rs1_addr:  7, rs1_rdata: fffffffb, rs2_addr:  2, rs2_rdata: 7fffdfff, rd_addr: 24, rd_wdata: fffffb13, mem_addr: fffffb13, mem_rdata: 00000000, mem_wdata: 7fffdfff
ClkCycle:       8349, pc_rdata: 000081fa, pc_wdata: 000081fe, insn: 0905b023, mode: 3, rs1_addr:  0, rs1_rdata: 00000000, rs2_addr:  0, rs2_rdata: 00000000, rd_addr:  0, rd_wdata: 00000000, mem_addr: 00000000, mem_rdata: 00000000, mem_wdata: 00000000
ClkCycle:       8350, pc_rdata: 000081fe, pc_wdata: 00008200, insn: 428109c5, mode: 3, rs1_addr: 18, rs1_rdata: 00000000, rs2_addr:  1, rs2_rdata: feedbead, rd_addr: 18, rd_wdata: 00000001, mem_addr: 00000001, mem_rdata: 00000000, mem_wdata: feedbead
ClkCycle:       8351, pc_rdata: 00008200, pc_wdata: 00008202, insn: 428109c5, mode: 3, rs1_addr: 19, rs1_rdata: dfffb7ff, rs2_addr: 17, rs2_rdata: edffffff, rd_addr: 19, rd_wdata: dfffb810, mem_addr: dfffb810, mem_rdata: 00000000, mem_wdata: edffffff
ClkCycle:       8352, pc_rdata: 00008202, pc_wdata: 00008206, insn: 428109c5, mode: 3, rs1_addr:  0, rs1_rdata: 00000000, rs2_addr:  0, rs2_rdata: 00000000, rd_addr:  0, rd_wdata: 00000000, mem_addr: 00000000, mem_rdata: 00000000, mem_wdata: 00000000
ClkCycle:       8353, pc_rdata: 00008206, pc_wdata: 00008208, insn: bc234a01, mode: 3, rs1_addr:  0, rs1_rdata: 00000000, rs2_addr:  0, rs2_rdata: 00000000, rd_addr:  5, rd_wdata: 00000000, mem_addr: 00000000, mem_rdata: 00000000, mem_wdata: 00000000
ClkCycle:       8354, pc_rdata: 00008208, pc_wdata: 0000820a, insn: bc234a01, mode: 3, rs1_addr:  0, rs1_rdata: 00000000, rs2_addr:  0, rs2_rdata: 00000000, rd_addr: 20, rd_wdata: 00000000, mem_addr: 00000000, mem_rdata: 00000000, mem_wdata: 00000000
ClkCycle:       8355, pc_rdata: 0000820a, pc_wdata: 0000820e, insn: bc234a01, mode: 3, rs1_addr:  0, rs1_rdata: 00000000, rs2_addr:  0, rs2_rdata: 00000000, rd_addr:  0, rd_wdata: 00000000, mem_addr: 00000000, mem_rdata: 00000000, mem_wdata: 00000000
01fddb7f7fffdfff
ClkCycle:       8356, pc_rdata: 0000820e, pc_wdata: 00008212, insn: 0b55b023, mode: 3, rs1_addr:  7, rs1_rdata: fffffffb, rs2_addr:  2, rs2_rdata: 7fffdfff, rd_addr: 24, rd_wdata: fffffb13, mem_addr: fffffb13, mem_rdata: 00000000, mem_wdata: 7fffdfff
ClkCycle:       8357, pc_rdata: 00008212, pc_wdata: 00008216, insn: 0b55b023, mode: 3, rs1_addr:  0, rs1_rdata: 00000000, rs2_addr:  0, rs2_rdata: 00000000, rd_addr:  0, rd_wdata: 00000000, mem_addr: 00000000, mem_rdata: 00000000, mem_wdata: 00000000
ClkCycle:       8358, pc_rdata: 00008216, pc_wdata: 00008218, insn: 41010ba5, mode: 3, rs1_addr: 22, rs1_rdata: 001f56ff, rs2_addr: 21, rs2_rdata: 0fab7ffe, rd_addr: 22, rd_wdata: 001f5714, mem_addr: 001f5714, mem_rdata: 00000000, mem_wdata: 0fab7ffe
ClkCycle:       8359, pc_rdata: 00008218, pc_wdata: 0000821a, insn: 41010ba5, mode: 3, rs1_addr: 23, rs1_rdata: 00003ead, rs2_addr:  9, rs2_rdata: 000000fe, rd_addr: 23, rd_wdata: 00003eb6, mem_addr: 00003eb6, mem_rdata: 00000000, mem_wdata: 000000fe
ClkCycle:       8360, pc_rdata: 0000821a, pc_wdata: 0000821e, insn: 41010ba5, mode: 3, rs1_addr:  0, rs1_rdata: 00000000, rs2_addr:  0, rs2_rdata: 00000000, rd_addr:  0, rd_wdata: 00000000, mem_addr: 00000000, mem_rdata: 00000000, mem_wdata: 00000000
ClkCycle:       8361, pc_rdata: 0000821e, pc_wdata: 00008220, insn: bc234f81, mode: 3, rs1_addr:  0, rs1_rdata: 00000000, rs2_addr:  0, rs2_rdata: 00000000, rd_addr:  2, rd_wdata: 00000000, mem_addr: 00000000, mem_rdata: 00000000, mem_wdata: 00000000
ClkCycle:       8362, pc_rdata: 00008220, pc_wdata: 00008222, insn: bc234f81, mode: 3, rs1_addr:  0, rs1_rdata: 00000000, rs2_addr:  0, rs2_rdata: 00000000, rd_addr: 31, rd_wdata: 00000000, mem_addr: 00000000, mem_rdata: 00000000, mem_wdata: 00000000
ClkCycle:       8363, pc_rdata: 00008222, pc_wdata: 00008226, insn: bc234f81, mode: 3, rs1_addr:  0, rs1_rdata: 00000000, rs2_addr:  0, rs2_rdata: 00000000, rd_addr:  0, rd_wdata: 00000000, mem_addr: 00000000, mem_rdata: 00000000, mem_wdata: 00000000
0000000000000000
ClkCycle:       8364, pc_rdata: 00008226, pc_wdata: 0000822a, insn: 0d75b023, mode: 3, rs1_addr:  7, rs1_rdata: fffffffb, rs2_addr:  2, rs2_rdata: 00000000, rd_addr: 24, rd_wdata: fffffb13, mem_addr: fffffb13, mem_rdata: 00000000, mem_wdata: 00000000
ClkCycle:       8365, pc_rdata: 0000822a, pc_wdata: 0000822e, insn: 0d75b023, mode: 3, rs1_addr:  0, rs1_rdata: 00000000, rs2_addr:  0, rs2_rdata: 00000000, rd_addr:  0, rd_wdata: 00000000, mem_addr: 00000000, mem_rdata: 00000000, mem_wdata: 00000000
ClkCycle:       8366, pc_rdata: 0000822e, pc_wdata: 00008230, insn: 49810dd5, mode: 3, rs1_addr: 26, rs1_rdata: 00000000, rs2_addr: 29, rs2_rdata: 00000000, rd_addr: 26, rd_wdata: 0000001d, mem_addr: 0000001d, mem_rdata: 00000000, mem_wdata: 00000000
ClkCycle:       8367, pc_rdata: 00008230, pc_wdata: 00008232, insn: 49810dd5, mode: 3, rs1_addr: 27, rs1_rdata: 00000015, rs2_addr: 21, rs2_rdata: 0fab7ffe, rd_addr: 27, rd_wdata: 0000002a, mem_addr: 0000002a, mem_rdata: 00000000, mem_wdata: 0fab7ffe
ClkCycle:       8368, pc_rdata: 00008232, pc_wdata: 00008236, insn: 49810dd5, mode: 3, rs1_addr:  0, rs1_rdata: 00000000, rs2_addr:  0, rs2_rdata: 00000000, rd_addr:  0, rd_wdata: 00000000, mem_addr: 00000000, mem_rdata: 00000000, mem_wdata: 00000000
ClkCycle:       8369, pc_rdata: 00008236, pc_wdata: 00008238, insn: bc234081, mode: 3, rs1_addr:  0, rs1_rdata: 00000000, rs2_addr:  0, rs2_rdata: 00000000, rd_addr: 19, rd_wdata: 00000000, mem_addr: 00000000, mem_rdata: 00000000, mem_wdata: 00000000
ClkCycle:       8370, pc_rdata: 00008238, pc_wdata: 0000823a, insn: bc234081, mode: 3, rs1_addr:  0, rs1_rdata: 00000000, rs2_addr:  0, rs2_rdata: 00000000, rd_addr:  1, rd_wdata: 00000000, mem_addr: 00000000, mem_rdata: 00000000, mem_wdata: 00000000
ClkCycle:       8371, pc_rdata: 0000823a, pc_wdata: 0000823e, insn: bc234081, mode: 3, rs1_addr:  0, rs1_rdata: 00000000, rs2_addr:  0, rs2_rdata: 00000000, rd_addr:  0, rd_wdata: 00000000, mem_addr: 00000000, mem_rdata: 00000000, mem_wdata: 00000000
00000000000000fe
ClkCycle:       8372, pc_rdata: 0000823e, pc_wdata: 00008242, insn: 00003097, mode: 3, rs1_addr: 15, rs1_rdata: ffffffe0, rs2_addr:  9, rs2_rdata: 000000fe, rd_addr: 24, rd_wdata: 000002f8, mem_addr: 000002f8, mem_rdata: 00000000, mem_wdata: 000000fe
ClkCycle:       8373, pc_rdata: 00008242, pc_wdata: 00008246, insn: 00003097, mode: 3, rs1_addr:  0, rs1_rdata: 00000000, rs2_addr:  0, rs2_rdata: 00000000, rd_addr:  0, rd_wdata: 00000000, mem_addr: 00000000, mem_rdata: 00000000, mem_wdata: 00000000
ClkCycle:       8374, pc_rdata: 00008246, pc_wdata: 00008248, insn: 00000013, mode: 3, rs1_addr:  2, rs1_rdata: 00000000, rs2_addr:  0, rs2_rdata: 00000000, rd_addr:  8, rd_wdata: 00000000, mem_addr: 00000000, mem_rdata: 00000000, mem_wdata: 00000000
ClkCycle:       8375, pc_rdata: 00008248, pc_wdata: 0000824c, insn: 00000013, mode: 3, rs1_addr:  0, rs1_rdata: 00000000, rs2_addr:  0, rs2_rdata: 00000000, rd_addr:  0, rd_wdata: 00000000, mem_addr: 00000000, mem_rdata: 00000000, mem_wdata: 00000000
ClkCycle:       8376, pc_rdata: 0000824c, pc_wdata: 00008250, insn: 00000013, mode: 3, rs1_addr:  0, rs1_rdata: 00000000, rs2_addr:  0, rs2_rdata: 00000000, rd_addr:  0, rd_wdata: 00000000, mem_addr: 00000000, mem_rdata: 00000000, mem_wdata: 00000000
ClkCycle:       8377, pc_rdata: 00008250, pc_wdata: 00008254, insn: 00000013, mode: 3, rs1_addr:  0, rs1_rdata: 00000000, rs2_addr:  0, rs2_rdata: 00000000, rd_addr:  0, rd_wdata: 00000000, mem_addr: 00000000, mem_rdata: 00000000, mem_wdata: 00000000
ClkCycle:       8378, pc_rdata: 00008254, pc_wdata: 00008258, insn: 00000013, mode: 3, rs1_addr:  0, rs1_rdata: 00000000, rs2_addr:  0, rs2_rdata: 00000000, rd_addr:  0, rd_wdata: 00000000, mem_addr: 00000000, mem_rdata: 00000000, mem_wdata: 00000000
ClkCycle:       8379, pc_rdata: 00008258, pc_wdata: 0000825c, insn: 00000013, mode: 3, rs1_addr:  0, rs1_rdata: 00000000, rs2_addr:  0, rs2_rdata: 00000000, rd_addr:  0, rd_wdata: 00000000, mem_addr: 00000000, mem_rdata: 00000000, mem_wdata: 00000000
ClkCycle:       8380, pc_rdata: 0000825c, pc_wdata: 00008260, insn: 00000013, mode: 3, rs1_addr:  0, rs1_rdata: 00000000, rs2_addr:  0, rs2_rdata: 00000000, rd_addr:  0, rd_wdata: 00000000, mem_addr: 00000000, mem_rdata: 00000000, mem_wdata: 00000000
ClkCycle:       8381, pc_rdata: 00008260, pc_wdata: 00008262, insn: b0234001, mode: 3, rs1_addr:  0, rs1_rdata: 00000000, rs2_addr:  0, rs2_rdata: 00000000, rd_addr:  0, rd_wdata: 00000000, mem_addr: 00000000, mem_rdata: 00000000, mem_wdata: 00000000
ClkCycle:       8382, pc_rdata: 00008262, pc_wdata: 00008266, insn: b0234001, mode: 3, rs1_addr:  0, rs1_rdata: 00000000, rs2_addr:  0, rs2_rdata: 00000000, rd_addr:  0, rd_wdata: 00000000, mem_addr: 00000000, mem_rdata: 00000000, mem_wdata: 00000000
0000000000000000
ClkCycle:       8383, pc_rdata: 00008266, pc_wdata: 0000826a, insn: 00b0b423, mode: 3, rs1_addr:  7, rs1_rdata: fffffffb, rs2_addr:  2, rs2_rdata: 00000000, rd_addr:  0, rd_wdata: fffffb3b, mem_addr: fffffb3b, mem_rdata: 00000000, mem_wdata: 00000000
ClkCycle:       8384, pc_rdata: 0000826a, pc_wdata: 0000826e, insn: 00b0b423, mode: 3, rs1_addr:  0, rs1_rdata: 00000000, rs2_addr:  0, rs2_rdata: 00000000, rd_addr:  0, rd_wdata: 00000000, mem_addr: 00000000, mem_rdata: 00000000, mem_wdata: 00000000
ClkCycle:       8385, pc_rdata: 0000826e, pc_wdata: 00008270, insn: 468100c0, mode: 3, rs1_addr:  2, rs1_rdata: 00000000, rs2_addr:  8, rs2_rdata: 00000000, rd_addr: 12, rd_wdata: 00000048, mem_addr: 00000048, mem_rdata: 00000000, mem_wdata: 00000000
ClkCycle:       8386, pc_rdata: 00008270, pc_wdata: 00008272, insn: 468100c0, mode: 3, rs1_addr:  2, rs1_rdata: 00000000, rs2_addr:  4, rs2_rdata: 6dfdffff, rd_addr:  8, rd_wdata: 00000044, mem_addr: 00000044, mem_rdata: 00000000, mem_wdata: 6dfdffff
ClkCycle:       8387, pc_rdata: 00008272, pc_wdata: 00008276, insn: 468100c0, mode: 3, rs1_addr:  0, rs1_rdata: 00000000, rs2_addr:  0, rs2_rdata: 00000000, rd_addr:  0, rd_wdata: 00000000, mem_addr: 00000000, mem_rdata: 00000000, mem_wdata: 00000000
ClkCycle:       8388, pc_rdata: 00008276, pc_wdata: 00008278, insn: 0380006f, mode: 3, rs1_addr:  0, rs1_rdata: 00000000, rs2_addr:  0, rs2_rdata: 00000000, rd_addr: 13, rd_wdata: 00000000, mem_addr: 00000000, mem_rdata: 00000000, mem_wdata: 00000000
ClkCycle:       8389, pc_rdata: 00008278, pc_wdata: 0000827c, insn: 0380006f, mode: 3, rs1_addr:  0, rs1_rdata: 00000000, rs2_addr: 24, rs2_rdata: fffffffd, rd_addr:  0, rd_wdata: 0000827c, mem_addr: 00000038, mem_rdata: 00000000, mem_wdata: fffffffd
ClkCycle:       8390, pc_rdata: 0000827c, pc_wdata: 000082b0, insn: 1f813483, mode: 3, rs1_addr:  0, rs1_rdata: 00000000, rs2_addr:  0, rs2_rdata: 00000000, rd_addr:  0, rd_wdata: 00000000, mem_addr: 00000000, mem_rdata: 00000000, mem_wdata: 00000000
ClkCycle:       8391, pc_rdata: 000082b0, pc_wdata: 000082b2, insn: 1f174085, mode: 3, rs1_addr:  0, rs1_rdata: 00000000, rs2_addr:  1, rs2_rdata: 00000000, rd_addr:  1, rd_wdata: 00000001, mem_addr: 00000001, mem_rdata: 00000000, mem_wdata: 00000000
ClkCycle:       8392, pc_rdata: 000082b2, pc_wdata: 000082b6, insn: 1f174085, mode: 3, rs1_addr:  0, rs1_rdata: 00000000, rs2_addr:  0, rs2_rdata: 00000000, rd_addr:  0, rd_wdata: 00000000, mem_addr: 00000000, mem_rdata: 00000000, mem_wdata: 00000000
ClkCycle:       8393, pc_rdata: 000082b6, pc_wdata: 000082ba, insn: bfe5d41f, mode: 3, rs1_addr: 30, rs1_rdata: 0000001f, rs2_addr:  1, rs2_rdata: 00000000, rd_addr: 30, rd_wdata: d41f92b6, mem_addr: d41f92b6, mem_rdata: 00000000, mem_wdata: 00000001
ClkCycle:       8394, pc_rdata: 000082ba, pc_wdata: 000082be, insn: bfe5d41f, mode: 3, rs1_addr:  0, rs1_rdata: 00000000, rs2_addr:  0, rs2_rdata: 00000000, rd_addr:  0, rd_wdata: 00000000, mem_addr: 00000000, mem_rdata: 00000000, mem_wdata: 00000000
ClkCycle:       8397, pc_rdata: 000082b6, pc_wdata: 000082ba, insn: 27230000, mode: 3, rs1_addr:  0, rs1_rdata: 00000000, rs2_addr:  0, rs2_rdata: 00000000, rd_addr:  0, rd_wdata: 00000000, mem_addr: 00000000, mem_rdata: 00000000, mem_wdata: 00000000
0000000000000000
